#-----------------------------------------------------------
# Vivado v2022.2 (64-bit)
# SW Build 3671981 on Fri Oct 14 05:00:03 MDT 2022
# IP Build 3669848 on Fri Oct 14 08:30:02 MDT 2022
# Start of session at: Thu Dec  5 11:50:33 2024
# Process ID: 1360
# Current directory: C:/Users/curti/OneDrive/Documents/UIUC/ECE-385/Vivado_Projects/Final_Project
# Command line: vivado.exe -gui_launcher_event rodinguilauncherevent8044 C:\Users\curti\OneDrive\Documents\UIUC\ECE-385\Vivado_Projects\Final_Project\lab_6.xpr
# Log file: C:/Users/curti/OneDrive/Documents/UIUC/ECE-385/Vivado_Projects/Final_Project/vivado.log
# Journal file: C:/Users/curti/OneDrive/Documents/UIUC/ECE-385/Vivado_Projects/Final_Project\vivado.jou
# Running On: Curtis-Laptop, OS: Windows, CPU Frequency: 2688 MHz, CPU Physical cores: 14, Host memory: 34014 MB
#-----------------------------------------------------------
start_gui
open_project C:/Users/curti/OneDrive/Documents/UIUC/ECE-385/Vivado_Projects/Final_Project/lab_6.xpr
WARNING: [Board 49-26] cannot add Board Part xilinx.com:ac701:part0:1.4 available at C:/Xilinx/Vivado/2022.2/data/xhub/boards/XilinxBoardStore/boards/Xilinx/ac701/1.4/board.xml as part xc7a200tfbg676-2 specified in board_part file is either invalid or not available
WARNING: [Board 49-26] cannot add Board Part xilinx.com:k26c:part0:1.2 available at C:/Xilinx/Vivado/2022.2/data/xhub/boards/XilinxBoardStore/boards/Xilinx/k26c/1.2/board.xml as part xck26-sfvc784-2lv-c specified in board_part file is either invalid or not available
WARNING: [Board 49-26] cannot add Board Part xilinx.com:k26c:part0:1.3 available at C:/Xilinx/Vivado/2022.2/data/xhub/boards/XilinxBoardStore/boards/Xilinx/k26c/1.3/board.xml as part xck26-sfvc784-2lv-c specified in board_part file is either invalid or not available
WARNING: [Board 49-26] cannot add Board Part xilinx.com:k26c:part0:1.4 available at C:/Xilinx/Vivado/2022.2/data/xhub/boards/XilinxBoardStore/boards/Xilinx/k26c/1.4/board.xml as part xck26-sfvc784-2lv-c specified in board_part file is either invalid or not available
WARNING: [Board 49-26] cannot add Board Part xilinx.com:k26i:part0:1.2 available at C:/Xilinx/Vivado/2022.2/data/xhub/boards/XilinxBoardStore/boards/Xilinx/k26i/1.2/board.xml as part xck26-sfvc784-2lvi-i specified in board_part file is either invalid or not available
WARNING: [Board 49-26] cannot add Board Part xilinx.com:k26i:part0:1.3 available at C:/Xilinx/Vivado/2022.2/data/xhub/boards/XilinxBoardStore/boards/Xilinx/k26i/1.3/board.xml as part xck26-sfvc784-2lvi-i specified in board_part file is either invalid or not available
WARNING: [Board 49-26] cannot add Board Part xilinx.com:k26i:part0:1.4 available at C:/Xilinx/Vivado/2022.2/data/xhub/boards/XilinxBoardStore/boards/Xilinx/k26i/1.4/board.xml as part xck26-sfvc784-2lvi-i specified in board_part file is either invalid or not available
WARNING: [Board 49-26] cannot add Board Part xilinx.com:kc705:part0:1.6 available at C:/Xilinx/Vivado/2022.2/data/xhub/boards/XilinxBoardStore/boards/Xilinx/kc705/1.6/board.xml as part xc7k325tffg900-2 specified in board_part file is either invalid or not available
WARNING: [Board 49-26] cannot add Board Part xilinx.com:kcu105:part0:1.6 available at C:/Xilinx/Vivado/2022.2/data/xhub/boards/XilinxBoardStore/boards/Xilinx/kcu105/1.6/board.xml as part xcku040-ffva1156-2-e specified in board_part file is either invalid or not available
WARNING: [Board 49-26] cannot add Board Part xilinx.com:kcu105:part0:1.7 available at C:/Xilinx/Vivado/2022.2/data/xhub/boards/XilinxBoardStore/boards/Xilinx/kcu105/1.7/board.xml as part xcku040-ffva1156-2-e specified in board_part file is either invalid or not available
WARNING: [Board 49-26] cannot add Board Part xilinx.com:kcu116:part0:1.4 available at C:/Xilinx/Vivado/2022.2/data/xhub/boards/XilinxBoardStore/boards/Xilinx/kcu116/1.4/board.xml as part xcku5p-ffvb676-2-e specified in board_part file is either invalid or not available
WARNING: [Board 49-26] cannot add Board Part xilinx.com:kcu116:part0:1.5 available at C:/Xilinx/Vivado/2022.2/data/xhub/boards/XilinxBoardStore/boards/Xilinx/kcu116/1.5/board.xml as part xcku5p-ffvb676-2-e specified in board_part file is either invalid or not available
WARNING: [Board 49-26] cannot add Board Part xilinx.com:kcu1500:part0:1.2 available at C:/Xilinx/Vivado/2022.2/data/xhub/boards/XilinxBoardStore/boards/Xilinx/kcu1500/1.2/board.xml as part xcku115-flvb2104-2-e specified in board_part file is either invalid or not available
WARNING: [Board 49-26] cannot add Board Part xilinx.com:kr260_som:part0:1.0 available at C:/Xilinx/Vivado/2022.2/data/xhub/boards/XilinxBoardStore/boards/Xilinx/kr260_som/1.0/board.xml as part xck26-sfvc784-2lv-c specified in board_part file is either invalid or not available
WARNING: [Board 49-26] cannot add Board Part xilinx.com:kr260_som:part0:1.1 available at C:/Xilinx/Vivado/2022.2/data/xhub/boards/XilinxBoardStore/boards/Xilinx/kr260_som/1.1/board.xml as part xck26-sfvc784-2lv-c specified in board_part file is either invalid or not available
WARNING: [Board 49-26] cannot add Board Part xilinx.com:kv260_som:part0:1.2 available at C:/Xilinx/Vivado/2022.2/data/xhub/boards/XilinxBoardStore/boards/Xilinx/kv260_som/1.2/board.xml as part xck26-sfvc784-2lv-c specified in board_part file is either invalid or not available
WARNING: [Board 49-26] cannot add Board Part xilinx.com:kv260_som:part0:1.3 available at C:/Xilinx/Vivado/2022.2/data/xhub/boards/XilinxBoardStore/boards/Xilinx/kv260_som/1.3/board.xml as part xck26-sfvc784-2lv-c specified in board_part file is either invalid or not available
WARNING: [Board 49-26] cannot add Board Part xilinx.com:kv260_som:part0:1.4 available at C:/Xilinx/Vivado/2022.2/data/xhub/boards/XilinxBoardStore/boards/Xilinx/kv260_som/1.4/board.xml as part xck26-sfvc784-2lv-c specified in board_part file is either invalid or not available
WARNING: [Board 49-26] cannot add Board Part xilinx.com:vc707:part0:1.4 available at C:/Xilinx/Vivado/2022.2/data/xhub/boards/XilinxBoardStore/boards/Xilinx/vc707/1.4/board.xml as part xc7vx485tffg1761-2 specified in board_part file is either invalid or not available
WARNING: [Board 49-26] cannot add Board Part xilinx.com:vc709:part0:1.8 available at C:/Xilinx/Vivado/2022.2/data/xhub/boards/XilinxBoardStore/boards/Xilinx/vc709/1.8/board.xml as part xc7vx690tffg1761-2 specified in board_part file is either invalid or not available
WARNING: [Board 49-26] cannot add Board Part xilinx.com:vck190:part0:2.2 available at C:/Xilinx/Vivado/2022.2/data/xhub/boards/XilinxBoardStore/boards/Xilinx/vck190/production/2.2/board.xml as part xcvc1902-vsva2197-2mp-e-s specified in board_part file is either invalid or not available
WARNING: [Board 49-26] cannot add Board Part xilinx.com:vck190:part0:3.0 available at C:/Xilinx/Vivado/2022.2/data/xhub/boards/XilinxBoardStore/boards/Xilinx/vck190/production/3.0/board.xml as part xcvc1902-vsva2197-2mp-e-s specified in board_part file is either invalid or not available
WARNING: [Board 49-26] cannot add Board Part xilinx.com:vck190:part0:3.1 available at C:/Xilinx/Vivado/2022.2/data/xhub/boards/XilinxBoardStore/boards/Xilinx/vck190/production/3.1/board.xml as part xcvc1902-vsva2197-2mp-e-s specified in board_part file is either invalid or not available
WARNING: [Board 49-26] cannot add Board Part xilinx.com:vck190_newl:part0:1.0 available at C:/Xilinx/Vivado/2022.2/data/xhub/boards/XilinxBoardStore/boards/Xilinx/vck190_newl/production/1.0/board.xml as part xcvc1902-vsva2197-2mp-e-s specified in board_part file is either invalid or not available
WARNING: [Board 49-26] cannot add Board Part xilinx.com:vcu108:part0:1.6 available at C:/Xilinx/Vivado/2022.2/data/xhub/boards/XilinxBoardStore/boards/Xilinx/vcu108/1.6/board.xml as part xcvu095-ffva2104-2-e specified in board_part file is either invalid or not available
WARNING: [Board 49-26] cannot add Board Part xilinx.com:vcu108:part0:1.7 available at C:/Xilinx/Vivado/2022.2/data/xhub/boards/XilinxBoardStore/boards/Xilinx/vcu108/1.7/board.xml as part xcvu095-ffva2104-2-e specified in board_part file is either invalid or not available
WARNING: [Board 49-26] cannot add Board Part xilinx.com:vcu110:part0:1.4 available at C:/Xilinx/Vivado/2022.2/data/xhub/boards/XilinxBoardStore/boards/Xilinx/vcu110/1.4/board.xml as part xcvu190-flgc2104-2-e specified in board_part file is either invalid or not available
WARNING: [Board 49-26] cannot add Board Part xilinx.com:vcu118:part0:2.0 available at C:/Xilinx/Vivado/2022.2/data/xhub/boards/XilinxBoardStore/boards/Xilinx/vcu118/2.0/board.xml as part xcvu9p-flga2104-2l-e specified in board_part file is either invalid or not available
WARNING: [Board 49-26] cannot add Board Part xilinx.com:vcu118:part0:2.3 available at C:/Xilinx/Vivado/2022.2/data/xhub/boards/XilinxBoardStore/boards/Xilinx/vcu118/2.3/board.xml as part xcvu9p-flga2104-2l-e specified in board_part file is either invalid or not available
WARNING: [Board 49-26] cannot add Board Part xilinx.com:vcu118:part0:2.4 available at C:/Xilinx/Vivado/2022.2/data/xhub/boards/XilinxBoardStore/boards/Xilinx/vcu118/2.4/board.xml as part xcvu9p-flga2104-2l-e specified in board_part file is either invalid or not available
WARNING: [Board 49-26] cannot add Board Part xilinx.com:vcu128:part0:1.0 available at C:/Xilinx/Vivado/2022.2/data/xhub/boards/XilinxBoardStore/boards/Xilinx/vcu128/production/1.0/board.xml as part xcvu37p-fsvh2892-2l-e specified in board_part file is either invalid or not available
WARNING: [Board 49-26] cannot add Board Part xilinx.com:vcu129:part0:1.0 available at C:/Xilinx/Vivado/2022.2/data/xhub/boards/XilinxBoardStore/boards/Xilinx/vcu129/production/1.0/board.xml as part xcvu29p-fsga2577-2l-e specified in board_part file is either invalid or not available
WARNING: [Board 49-26] cannot add Board Part xilinx.com:vcu1525:part0:1.3 available at C:/Xilinx/Vivado/2022.2/data/xhub/boards/XilinxBoardStore/boards/Xilinx/vcu1525/1.3/board.xml as part xcvu9p-fsgd2104-2l-e specified in board_part file is either invalid or not available
WARNING: [Board 49-26] cannot add Board Part xilinx.com:vek280_es:part0:1.0 available at C:/Xilinx/Vivado/2022.2/data/xhub/boards/XilinxBoardStore/boards/Xilinx/vek280/es/1.0/board.xml as part xcve2802-vsvh1760-2lp-e-s-es1 specified in board_part file is either invalid or not available
WARNING: [Board 49-26] cannot add Board Part xilinx.com:vermeo_t1_mpsoc:part0:1.0 available at C:/Xilinx/Vivado/2022.2/data/xhub/boards/XilinxBoardStore/boards/Xilinx/vermeo_t1_mpsoc/1.0/board.xml as part xczu19eg-ffvd1760-2l-e specified in board_part file is either invalid or not available
WARNING: [Board 49-26] cannot add Board Part xilinx.com:vermeo_t1_rfsoc:part0:1.0 available at C:/Xilinx/Vivado/2022.2/data/xhub/boards/XilinxBoardStore/boards/Xilinx/vermeo_t1_rfsoc/1.0/board.xml as part xczu21dr-ffvd1156-2l-e specified in board_part file is either invalid or not available
WARNING: [Board 49-26] cannot add Board Part xilinx.com:vhk158_es:part0:1.0 available at C:/Xilinx/Vivado/2022.2/data/xhub/boards/XilinxBoardStore/boards/Xilinx/vhk158/es/1.0/board.xml as part xcvh1582-vsva3697-2mp-e-s-es1 specified in board_part file is either invalid or not available
WARNING: [Board 49-26] cannot add Board Part xilinx.com:vmk180:part0:2.2 available at C:/Xilinx/Vivado/2022.2/data/xhub/boards/XilinxBoardStore/boards/Xilinx/vmk180/production/2.2/board.xml as part xcvm1802-vsva2197-2mp-e-s specified in board_part file is either invalid or not available
WARNING: [Board 49-26] cannot add Board Part xilinx.com:vmk180:part0:3.0 available at C:/Xilinx/Vivado/2022.2/data/xhub/boards/XilinxBoardStore/boards/Xilinx/vmk180/production/3.0/board.xml as part xcvm1802-vsva2197-2mp-e-s specified in board_part file is either invalid or not available
WARNING: [Board 49-26] cannot add Board Part xilinx.com:vmk180:part0:3.1 available at C:/Xilinx/Vivado/2022.2/data/xhub/boards/XilinxBoardStore/boards/Xilinx/vmk180/production/3.1/board.xml as part xcvm1802-vsva2197-2mp-e-s specified in board_part file is either invalid or not available
WARNING: [Board 49-26] cannot add Board Part xilinx.com:vmk180_newl:part0:1.0 available at C:/Xilinx/Vivado/2022.2/data/xhub/boards/XilinxBoardStore/boards/Xilinx/vmk180_newl/production/1.0/board.xml as part xcvm1802-vsva2197-2mp-e-s specified in board_part file is either invalid or not available
WARNING: [Board 49-26] cannot add Board Part xilinx.com:vpk120:part0:1.0 available at C:/Xilinx/Vivado/2022.2/data/xhub/boards/XilinxBoardStore/boards/Xilinx/vpk120/production/1.0/board.xml as part xcvp1202-vsva2785-2mp-e-s specified in board_part file is either invalid or not available
WARNING: [Board 49-26] cannot add Board Part xilinx.com:vpk120_es:part0:1.2 available at C:/Xilinx/Vivado/2022.2/data/xhub/boards/XilinxBoardStore/boards/Xilinx/vpk120/es/1.2/board.xml as part xcvp1202-vsva2785-2mp-e-s-es1 specified in board_part file is either invalid or not available
WARNING: [Board 49-26] cannot add Board Part xilinx.com:vpk120_es_revb:part0:1.0 available at C:/Xilinx/Vivado/2022.2/data/xhub/boards/XilinxBoardStore/boards/Xilinx/vpk120_revb/es/1.0/board.xml as part xcvp1202-vsva2785-2mp-e-s-es1 specified in board_part file is either invalid or not available
WARNING: [Board 49-26] cannot add Board Part xilinx.com:vpk180_es:part0:1.0 available at C:/Xilinx/Vivado/2022.2/data/xhub/boards/XilinxBoardStore/boards/Xilinx/vpk180/es/1.0/board.xml as part xcvp1802-lsvc4072-2mp-e-s-es1 specified in board_part file is either invalid or not available
WARNING: [Board 49-26] cannot add Board Part xilinx.com:zc702:part0:1.4 available at C:/Xilinx/Vivado/2022.2/data/xhub/boards/XilinxBoardStore/boards/Xilinx/zc702/1.4/board.xml as part xc7z020clg484-1 specified in board_part file is either invalid or not available
WARNING: [Board 49-26] cannot add Board Part xilinx.com:zc706:part0:1.4 available at C:/Xilinx/Vivado/2022.2/data/xhub/boards/XilinxBoardStore/boards/Xilinx/zc706/1.4/board.xml as part xc7z045ffg900-2 specified in board_part file is either invalid or not available
WARNING: [Board 49-26] cannot add Board Part xilinx.com:zcu102:part0:3.3 available at C:/Xilinx/Vivado/2022.2/data/xhub/boards/XilinxBoardStore/boards/Xilinx/zcu102/3.3/board.xml as part xczu9eg-ffvb1156-2-e specified in board_part file is either invalid or not available
WARNING: [Board 49-26] cannot add Board Part xilinx.com:zcu102:part0:3.4 available at C:/Xilinx/Vivado/2022.2/data/xhub/boards/XilinxBoardStore/boards/Xilinx/zcu102/3.4/board.xml as part xczu9eg-ffvb1156-2-e specified in board_part file is either invalid or not available
WARNING: [Board 49-26] cannot add Board Part xilinx.com:zcu104:part0:1.1 available at C:/Xilinx/Vivado/2022.2/data/xhub/boards/XilinxBoardStore/boards/Xilinx/zcu104/1.1/board.xml as part xczu7ev-ffvc1156-2-e specified in board_part file is either invalid or not available
WARNING: [Board 49-26] cannot add Board Part xilinx.com:zcu106:part0:2.4 available at C:/Xilinx/Vivado/2022.2/data/xhub/boards/XilinxBoardStore/boards/Xilinx/zcu106/2.4/board.xml as part xczu7ev-ffvc1156-2-e specified in board_part file is either invalid or not available
WARNING: [Board 49-26] cannot add Board Part xilinx.com:zcu106:part0:2.5 available at C:/Xilinx/Vivado/2022.2/data/xhub/boards/XilinxBoardStore/boards/Xilinx/zcu106/2.5/board.xml as part xczu7ev-ffvc1156-2-e specified in board_part file is either invalid or not available
WARNING: [Board 49-26] cannot add Board Part xilinx.com:zcu106:part0:2.6 available at C:/Xilinx/Vivado/2022.2/data/xhub/boards/XilinxBoardStore/boards/Xilinx/zcu106/2.6/board.xml as part xczu7ev-ffvc1156-2-e specified in board_part file is either invalid or not available
WARNING: [Board 49-26] cannot add Board Part xilinx.com:zcu111:part0:1.2 available at C:/Xilinx/Vivado/2022.2/data/xhub/boards/XilinxBoardStore/boards/Xilinx/zcu111/1.2/board.xml as part xczu28dr-ffvg1517-2-e specified in board_part file is either invalid or not available
WARNING: [Board 49-26] cannot add Board Part xilinx.com:zcu111:part0:1.3 available at C:/Xilinx/Vivado/2022.2/data/xhub/boards/XilinxBoardStore/boards/Xilinx/zcu111/1.3/board.xml as part xczu28dr-ffvg1517-2-e specified in board_part file is either invalid or not available
WARNING: [Board 49-26] cannot add Board Part xilinx.com:zcu111:part0:1.4 available at C:/Xilinx/Vivado/2022.2/data/xhub/boards/XilinxBoardStore/boards/Xilinx/zcu111/1.4/board.xml as part xczu28dr-ffvg1517-2-e specified in board_part file is either invalid or not available
WARNING: [Board 49-26] cannot add Board Part xilinx.com:zcu1275:part0:1.0 available at C:/Xilinx/Vivado/2022.2/data/xhub/boards/XilinxBoardStore/boards/Xilinx/zcu1275/1.0/board.xml as part xczu29dr-ffvf1760-2-e specified in board_part file is either invalid or not available
WARNING: [Board 49-26] cannot add Board Part xilinx.com:zcu1285:part0:1.0 available at C:/Xilinx/Vivado/2022.2/data/xhub/boards/XilinxBoardStore/boards/Xilinx/zcu1285/1.0/board.xml as part xczu39dr-ffvf1760-2-i specified in board_part file is either invalid or not available
WARNING: [Board 49-26] cannot add Board Part xilinx.com:zcu208:part0:2.0 available at C:/Xilinx/Vivado/2022.2/data/xhub/boards/XilinxBoardStore/boards/Xilinx/zcu208/production/2.0/board.xml as part xczu48dr-fsvg1517-2-e specified in board_part file is either invalid or not available
WARNING: [Board 49-26] cannot add Board Part xilinx.com:zcu208ld:part0:2.0 available at C:/Xilinx/Vivado/2022.2/data/xhub/boards/XilinxBoardStore/boards/Xilinx/zcu208ld/production/2.0/board.xml as part xczu58dr-fsvg1517-2-i specified in board_part file is either invalid or not available
WARNING: [Board 49-26] cannot add Board Part xilinx.com:zcu216:part0:2.0 available at C:/Xilinx/Vivado/2022.2/data/xhub/boards/XilinxBoardStore/boards/Xilinx/zcu216/production/2.0/board.xml as part xczu49dr-ffvf1760-2-e specified in board_part file is either invalid or not available
WARNING: [Board 49-26] cannot add Board Part xilinx.com:zcu216ld:part0:2.0 available at C:/Xilinx/Vivado/2022.2/data/xhub/boards/XilinxBoardStore/boards/Xilinx/zcu216ld/production/2.0/board.xml as part xczu59dr-ffvf1760-2-i specified in board_part file is either invalid or not available
WARNING: [Board 49-26] cannot add Board Part xilinx.com:zcu670:part0:2.0 available at C:/Xilinx/Vivado/2022.2/data/xhub/boards/XilinxBoardStore/boards/Xilinx/zcu670/2.0/board.xml as part xczu67dr-fsve1156-2-i specified in board_part file is either invalid or not available
WARNING: [Board 49-26] cannot add Board Part xilinx.com:zcu670ld:part0:1.0 available at C:/Xilinx/Vivado/2022.2/data/xhub/boards/XilinxBoardStore/boards/Xilinx/zcu670ld/1.0/board.xml as part xczu57dr-fsve1156-2-i specified in board_part file is either invalid or not available
Scanning sources...
Finished scanning sources
INFO: [IP_Flow 19-234] Refreshing IP repositories
INFO: [IP_Flow 19-1700] Loaded user IP repository 'c:/Users/curti/OneDrive/Documents/UIUC/ECE-385/Vivado_Projects/Final_Project/RD_hdmi_ip2020'.
INFO: [IP_Flow 19-2313] Loaded Vivado IP repository 'C:/Xilinx/Vivado/2022.2/data/ip'.
open_project: Time (s): cpu = 00:00:09 ; elapsed = 00:00:14 . Memory (MB): peak = 1210.309 ; gain = 425.586
update_compile_order -fileset sources_1
reset_run synth_1
INFO: [Project 1-1161] Replacing file C:/Users/curti/OneDrive/Documents/UIUC/ECE-385/Vivado_Projects/Final_Project/lab_6.srcs/utils_1/imports/synth_1/mb_intro_top.dcp with file C:/Users/curti/OneDrive/Documents/UIUC/ECE-385/Vivado_Projects/Final_Project/lab_6.runs/synth_1/mb_usb_hdmi_top.dcp
launch_runs impl_1 -to_step write_bitstream -jobs 10
[Thu Dec  5 12:02:17 2024] Launched synth_1...
Run output will be captured here: C:/Users/curti/OneDrive/Documents/UIUC/ECE-385/Vivado_Projects/Final_Project/lab_6.runs/synth_1/runme.log
[Thu Dec  5 12:02:17 2024] Launched impl_1...
Run output will be captured here: C:/Users/curti/OneDrive/Documents/UIUC/ECE-385/Vivado_Projects/Final_Project/lab_6.runs/impl_1/runme.log
open_run impl_1
INFO: [Device 21-403] Loading part xc7s50csga324-1
Netlist sorting complete. Time (s): cpu = 00:00:00 ; elapsed = 00:00:00.190 . Memory (MB): peak = 1590.422 ; gain = 0.000
INFO: [Netlist 29-17] Analyzing 402 Unisim elements for replacement
INFO: [Netlist 29-28] Unisim Transformation completed in 1 CPU seconds
INFO: [Project 1-479] Netlist was created with Vivado 2022.2
INFO: [Project 1-570] Preparing netlist for logic optimization
WARNING: [Constraints 18-550] Could not create 'IBUF_LOW_PWR' constraint because net 'clk_wiz/clk_in1' is not directly connected to top level port. Synthesis is ignored for IBUF_LOW_PWR but preserved for implementation.
WARNING: [Constraints 18-550] Could not create 'IBUF_LOW_PWR' constraint because net 'mb_block_i/clk_wiz_1/clk_in1' is not directly connected to top level port. Synthesis is ignored for IBUF_LOW_PWR but preserved for implementation.
INFO: [Timing 38-478] Restoring timing data from binary archive.
INFO: [Timing 38-479] Binary timing data restore complete.
INFO: [Project 1-856] Restoring constraints from binary archive.
INFO: [Project 1-853] Binary constraint restore complete.
Reading XDEF placement.
Reading placer database...
Reading XDEF routing.
Read XDEF Files: Time (s): cpu = 00:00:01 ; elapsed = 00:00:00.506 . Memory (MB): peak = 2219.426 ; gain = 0.000
Restored from archive | CPU: 1.000000 secs | Memory: 0.000000 MB |
Finished XDEF File Restore: Time (s): cpu = 00:00:01 ; elapsed = 00:00:00.506 . Memory (MB): peak = 2219.426 ; gain = 0.000
Generating merged BMM file for the design top 'mb_usb_hdmi_top'...
INFO: [Memdata 28-144] Successfully populated the BRAM INIT strings from the following elf files: c:/Users/curti/OneDrive/Documents/UIUC/ECE-385/Vivado_Projects/Final_Project/lab_6.gen/sources_1/bd/mb_block/ip/mb_block_microblaze_0_0/data/mb_bootloop_le.elf 
Netlist sorting complete. Time (s): cpu = 00:00:00 ; elapsed = 00:00:00.009 . Memory (MB): peak = 2219.426 ; gain = 0.000
INFO: [Project 1-111] Unisim Transformation Summary:
  A total of 246 instances were transformed.
  LUT6_2 => LUT6_2 (LUT5, LUT6): 143 instances
  RAM16X1D => RAM32X1D (RAMD32(x2)): 32 instances
  RAM32M => RAM32M (RAMD32(x6), RAMS32(x2)): 2 instances
  RAM32X1D => RAM32X1D (RAMD32(x2)): 68 instances
  SRLC16E => SRL16E: 1 instance 

open_run: Time (s): cpu = 00:00:14 ; elapsed = 00:00:14 . Memory (MB): peak = 2365.707 ; gain = 1122.281
INFO: [Vivado 12-8231] Launching Vitis
INFO: [Vivado 12-417] Running vitis
INFO: [Vivado 12-8232] Vitis launch initiated. Please check console for any further messages.
write_hw_platform -fixed -include_bit -force -file C:/Users/curti/OneDrive/Documents/UIUC/ECE-385/Vivado_Projects/Final_Project/mb_usb_hdmi_top.xsa
INFO: [Project 1-1918] Creating Hardware Platform: C:/Users/curti/OneDrive/Documents/UIUC/ECE-385/Vivado_Projects/Final_Project/mb_usb_hdmi_top.xsa ...
INFO: [Project 1-1943] The Hardware Platform can be used for Hardware
INFO: [Project 1-1941] Successfully created Hardware Platform: C:/Users/curti/OneDrive/Documents/UIUC/ECE-385/Vivado_Projects/Final_Project/mb_usb_hdmi_top.xsa
INFO: [Hsi 55-2053] elapsed time for repository (C:/Xilinx/Vivado/2022.2/data/embeddedsw) loading 0 seconds
file mkdir C:/Users/curti/OneDrive/Documents/UIUC/ECE-385/Vivado_Projects/Final_Project/lab_6.srcs/sim_1/new
set_property SOURCE_SET sources_1 [get_filesets sim_1]
close [ open C:/Users/curti/OneDrive/Documents/UIUC/ECE-385/Vivado_Projects/Final_Project/lab_6.srcs/sim_1/new/testbench.sv w ]
add_files -fileset sim_1 C:/Users/curti/OneDrive/Documents/UIUC/ECE-385/Vivado_Projects/Final_Project/lab_6.srcs/sim_1/new/testbench.sv
update_compile_order -fileset sim_1
set_property top testbench [get_filesets sim_1]
set_property top_lib xil_defaultlib [get_filesets sim_1]
update_compile_order -fileset sim_1
set_property top mb_usb_hdmi_top_tb [get_filesets sim_1]
set_property top_lib xil_defaultlib [get_filesets sim_1]
launch_simulation
Command: launch_simulation 
INFO: [Vivado 12-12493] Simulation top is 'mb_usb_hdmi_top_tb'
WARNING: [Vivado 12-13340] Unable to auto find GCC executables from simulator install path! (path not set)
WARNING: [Vivado 12-13277] Compiled library path does not exist: ''
INFO: [Vivado 12-5698] Checking validity of IPs in the design for the 'XSim' simulator...
Generating merged BMM file for the design top 'mb_usb_hdmi_top_tb'...
INFO: [Vivado 12-5682] Launching behavioral simulation in 'C:/Users/curti/OneDrive/Documents/UIUC/ECE-385/Vivado_Projects/Final_Project/lab_6.sim/sim_1/behav/xsim'
INFO: [Vivado 12-13660] Precompiled IP simulation library mode is enabled (default). The design IP libraries will be referenced from the compiled library path. Please note that if the precompiled version of the library is not found from the path or the IP is in locked state, then the library source files for these IPs will be compiled locally as part of the compile order.
INFO: [Vivado 12-4795] Using compiled simulation libraries for IPs
INFO: [SIM-utils-51] Simulation object is 'sim_1'
INFO: [SIM-utils-72] Using boost library from 'C:/Xilinx/Vivado/2022.2/tps/boost_1_72_0'
INFO: [USF-XSim-7] Finding pre-compiled libraries...
INFO: [USF-XSim-11] File 'C:/Xilinx/Vivado/2022.2/data/xsim/xsim.ini' copied to run dir:'C:/Users/curti/OneDrive/Documents/UIUC/ECE-385/Vivado_Projects/Final_Project/lab_6.sim/sim_1/behav/xsim'
INFO: [SIM-utils-50] Design contains embedded sources, generating MEM files for simulation...
Generating merged BMM file for the design top 'mb_usb_hdmi_top_tb'...
Generating merged BMM file for the design top 'mb_usb_hdmi_top_tb'...
INFO: [SIM-utils-54] Inspecting design source files for 'mb_usb_hdmi_top_tb' in fileset 'sim_1'...
INFO: [SIM-utils-43] Exported 'C:/Users/curti/OneDrive/Documents/UIUC/ECE-385/Vivado_Projects/Final_Project/lab_6.sim/sim_1/behav/xsim/mode_1_memory_0_mixed.mif'
INFO: [SIM-utils-43] Exported 'C:/Users/curti/OneDrive/Documents/UIUC/ECE-385/Vivado_Projects/Final_Project/lab_6.sim/sim_1/behav/xsim/mode_1_memory_1_wb.mif'
INFO: [SIM-utils-43] Exported 'C:/Users/curti/OneDrive/Documents/UIUC/ECE-385/Vivado_Projects/Final_Project/lab_6.sim/sim_1/behav/xsim/mode_1_memory_2_nm.mif'
INFO: [SIM-utils-43] Exported 'C:/Users/curti/OneDrive/Documents/UIUC/ECE-385/Vivado_Projects/Final_Project/lab_6.sim/sim_1/behav/xsim/mode_1_memory_4_mx.mif'
INFO: [SIM-utils-43] Exported 'C:/Users/curti/OneDrive/Documents/UIUC/ECE-385/Vivado_Projects/Final_Project/lab_6.sim/sim_1/behav/xsim/mode_2_memory_0_mixed.mif'
INFO: [SIM-utils-43] Exported 'C:/Users/curti/OneDrive/Documents/UIUC/ECE-385/Vivado_Projects/Final_Project/lab_6.sim/sim_1/behav/xsim/mode_2_memory_1_wb.mif'
INFO: [SIM-utils-43] Exported 'C:/Users/curti/OneDrive/Documents/UIUC/ECE-385/Vivado_Projects/Final_Project/lab_6.sim/sim_1/behav/xsim/mode_2_memory_2_nm.mif'
INFO: [SIM-utils-43] Exported 'C:/Users/curti/OneDrive/Documents/UIUC/ECE-385/Vivado_Projects/Final_Project/lab_6.sim/sim_1/behav/xsim/mode_2_memory_4_mx.mif'
INFO: [SIM-utils-43] Exported 'C:/Users/curti/OneDrive/Documents/UIUC/ECE-385/Vivado_Projects/Final_Project/lab_6.sim/sim_1/behav/xsim/mode_2_memory_3_sp.mif'
INFO: [SIM-utils-43] Exported 'C:/Users/curti/OneDrive/Documents/UIUC/ECE-385/Vivado_Projects/Final_Project/lab_6.sim/sim_1/behav/xsim/mode_1_memory_3_sp.mif'
INFO: [SIM-utils-43] Exported 'C:/Users/curti/OneDrive/Documents/UIUC/ECE-385/Vivado_Projects/Final_Project/lab_6.sim/sim_1/behav/xsim/mode_1_memory_0_mixed.mem'
INFO: [SIM-utils-43] Exported 'C:/Users/curti/OneDrive/Documents/UIUC/ECE-385/Vivado_Projects/Final_Project/lab_6.sim/sim_1/behav/xsim/mode_1_memory_1_wb.mem'
INFO: [SIM-utils-43] Exported 'C:/Users/curti/OneDrive/Documents/UIUC/ECE-385/Vivado_Projects/Final_Project/lab_6.sim/sim_1/behav/xsim/mode_1_memory_2_nm.mem'
INFO: [SIM-utils-43] Exported 'C:/Users/curti/OneDrive/Documents/UIUC/ECE-385/Vivado_Projects/Final_Project/lab_6.sim/sim_1/behav/xsim/mode_1_memory_4_mx.mem'
INFO: [SIM-utils-43] Exported 'C:/Users/curti/OneDrive/Documents/UIUC/ECE-385/Vivado_Projects/Final_Project/lab_6.sim/sim_1/behav/xsim/mode_2_memory_0_mixed.mem'
INFO: [SIM-utils-43] Exported 'C:/Users/curti/OneDrive/Documents/UIUC/ECE-385/Vivado_Projects/Final_Project/lab_6.sim/sim_1/behav/xsim/mode_2_memory_1_wb.mem'
INFO: [SIM-utils-43] Exported 'C:/Users/curti/OneDrive/Documents/UIUC/ECE-385/Vivado_Projects/Final_Project/lab_6.sim/sim_1/behav/xsim/mode_2_memory_2_nm.mem'
INFO: [SIM-utils-43] Exported 'C:/Users/curti/OneDrive/Documents/UIUC/ECE-385/Vivado_Projects/Final_Project/lab_6.sim/sim_1/behav/xsim/mode_2_memory_4_mx.mem'
INFO: [SIM-utils-43] Exported 'C:/Users/curti/OneDrive/Documents/UIUC/ECE-385/Vivado_Projects/Final_Project/lab_6.sim/sim_1/behav/xsim/mode_2_memory_3_sp.mem'
INFO: [SIM-utils-43] Exported 'C:/Users/curti/OneDrive/Documents/UIUC/ECE-385/Vivado_Projects/Final_Project/lab_6.sim/sim_1/behav/xsim/mode_1_memory_3_sp.mem'
INFO: [USF-XSim-97] Finding global include files...
INFO: [USF-XSim-98] Fetching design files from 'sim_1'...
INFO: [USF-XSim-2] XSim::Compile design
INFO: [USF-XSim-61] Executing 'COMPILE and ANALYZE' step in 'C:/Users/curti/OneDrive/Documents/UIUC/ECE-385/Vivado_Projects/Final_Project/lab_6.sim/sim_1/behav/xsim'
"xvlog --incr --relax -L uvm -prj mb_usb_hdmi_top_tb_vlog.prj"
INFO: [VRFC 10-2263] Analyzing Verilog file "C:/Users/curti/OneDrive/Documents/UIUC/ECE-385/Vivado_Projects/Final_Project/lab_6.gen/sources_1/ip/hdmi_tx_0/hdl/encode.v" into library xil_defaultlib
INFO: [VRFC 10-311] analyzing module encode
INFO: [VRFC 10-2263] Analyzing Verilog file "C:/Users/curti/OneDrive/Documents/UIUC/ECE-385/Vivado_Projects/Final_Project/lab_6.gen/sources_1/ip/hdmi_tx_0/hdl/serdes_10_to_1.v" into library xil_defaultlib
INFO: [VRFC 10-311] analyzing module serdes_10_to_1
INFO: [VRFC 10-2263] Analyzing Verilog file "C:/Users/curti/OneDrive/Documents/UIUC/ECE-385/Vivado_Projects/Final_Project/lab_6.gen/sources_1/ip/hdmi_tx_0/hdl/srldelay.v" into library xil_defaultlib
INFO: [VRFC 10-311] analyzing module srldelay
INFO: [VRFC 10-2263] Analyzing Verilog file "C:/Users/curti/OneDrive/Documents/UIUC/ECE-385/Vivado_Projects/Final_Project/lab_6.gen/sources_1/ip/hdmi_tx_0/hdl/hdmi_tx_v1_0.v" into library xil_defaultlib
INFO: [VRFC 10-311] analyzing module hdmi_tx_v1_0
INFO: [VRFC 10-2263] Analyzing Verilog file "C:/Users/curti/OneDrive/Documents/UIUC/ECE-385/Vivado_Projects/Final_Project/lab_6.gen/sources_1/ip/hdmi_tx_0/sim/hdmi_tx_0.v" into library xil_defaultlib
INFO: [VRFC 10-311] analyzing module hdmi_tx_0
INFO: [VRFC 10-2263] Analyzing Verilog file "C:/Users/curti/OneDrive/Documents/UIUC/ECE-385/Vivado_Projects/Final_Project/lab_6.gen/sources_1/ip/clk_wiz_0/clk_wiz_0_clk_wiz.v" into library xil_defaultlib
INFO: [VRFC 10-311] analyzing module clk_wiz_0_clk_wiz
INFO: [VRFC 10-2263] Analyzing Verilog file "C:/Users/curti/OneDrive/Documents/UIUC/ECE-385/Vivado_Projects/Final_Project/lab_6.gen/sources_1/ip/clk_wiz_0/clk_wiz_0.v" into library xil_defaultlib
INFO: [VRFC 10-311] analyzing module clk_wiz_0
INFO: [VRFC 10-2263] Analyzing Verilog file "C:/Users/curti/OneDrive/Documents/UIUC/ECE-385/Vivado_Projects/Final_Project/lab_6.ip_user_files/bd/mb_block/ip/mb_block_lmb_bram_0/sim/mb_block_lmb_bram_0.v" into library xil_defaultlib
INFO: [VRFC 10-311] analyzing module mb_block_lmb_bram_0
INFO: [VRFC 10-2263] Analyzing Verilog file "C:/Users/curti/OneDrive/Documents/UIUC/ECE-385/Vivado_Projects/Final_Project/lab_6.ip_user_files/bd/mb_block/ip/mb_block_xbar_0/sim/mb_block_xbar_0.v" into library xil_defaultlib
INFO: [VRFC 10-311] analyzing module mb_block_xbar_0
INFO: [VRFC 10-2263] Analyzing Verilog file "C:/Users/curti/OneDrive/Documents/UIUC/ECE-385/Vivado_Projects/Final_Project/lab_6.ip_user_files/bd/mb_block/ip/mb_block_clk_wiz_1_0/mb_block_clk_wiz_1_0_clk_wiz.v" into library xil_defaultlib
INFO: [VRFC 10-311] analyzing module mb_block_clk_wiz_1_0_clk_wiz
INFO: [VRFC 10-2263] Analyzing Verilog file "C:/Users/curti/OneDrive/Documents/UIUC/ECE-385/Vivado_Projects/Final_Project/lab_6.ip_user_files/bd/mb_block/ip/mb_block_clk_wiz_1_0/mb_block_clk_wiz_1_0.v" into library xil_defaultlib
INFO: [VRFC 10-311] analyzing module mb_block_clk_wiz_1_0
INFO: [VRFC 10-2263] Analyzing Verilog file "C:/Users/curti/OneDrive/Documents/UIUC/ECE-385/Vivado_Projects/Final_Project/lab_6.ip_user_files/bd/mb_block/ip/mb_block_xlconcat_0_0/sim/mb_block_xlconcat_0_0.v" into library xil_defaultlib
INFO: [VRFC 10-311] analyzing module mb_block_xlconcat_0_0
INFO: [VRFC 10-2263] Analyzing Verilog file "C:/Users/curti/OneDrive/Documents/UIUC/ECE-385/Vivado_Projects/Final_Project/lab_6.ip_user_files/bd/mb_block/sim/mb_block.v" into library xil_defaultlib
INFO: [VRFC 10-311] analyzing module m00_couplers_imp_1TK4492
INFO: [VRFC 10-311] analyzing module m01_couplers_imp_UT2LJ
INFO: [VRFC 10-311] analyzing module m02_couplers_imp_1ST4AV9
INFO: [VRFC 10-311] analyzing module mb_block
INFO: [VRFC 10-311] analyzing module mb_block_microblaze_0_axi_periph_0
INFO: [VRFC 10-311] analyzing module microblaze_0_local_memory_imp_G5BFEQ
INFO: [VRFC 10-311] analyzing module s00_couplers_imp_5YIJ0K
INFO: [VRFC 10-2263] Analyzing SystemVerilog file "C:/Users/curti/OneDrive/Documents/UIUC/ECE-385/Vivado_Projects/Final_Project/lab6_2_provided/design_source/VGA_controller.sv" into library xil_defaultlib
INFO: [VRFC 10-311] analyzing module vga_controller
INFO: [VRFC 10-2263] Analyzing SystemVerilog file "C:/Users/curti/OneDrive/Documents/UIUC/ECE-385/Vivado_Projects/Final_Project/lab_6.srcs/sources_1/new/arrow.sv" into library xil_defaultlib
INFO: [VRFC 10-311] analyzing module arrow
INFO: [VRFC 10-2263] Analyzing SystemVerilog file "C:/Users/curti/OneDrive/Documents/UIUC/ECE-385/Vivado_Projects/Final_Project/lab_6.srcs/sources_1/new/arrow_mapper.sv" into library xil_defaultlib
INFO: [VRFC 10-311] analyzing module arrow_mapper
WARNING: [VRFC 10-3824] variable 'BallX' must explicitly be declared as automatic or static [C:/Users/curti/OneDrive/Documents/UIUC/ECE-385/Vivado_Projects/Final_Project/lab_6.srcs/sources_1/new/arrow_mapper.sv:51]
WARNING: [VRFC 10-3824] variable 'BallY' must explicitly be declared as automatic or static [C:/Users/curti/OneDrive/Documents/UIUC/ECE-385/Vivado_Projects/Final_Project/lab_6.srcs/sources_1/new/arrow_mapper.sv:52]
INFO: [VRFC 10-2263] Analyzing SystemVerilog file "C:/Users/curti/OneDrive/Documents/UIUC/ECE-385/Vivado_Projects/Final_Project/lab6_2_provided/design_source/hex_driver.sv" into library xil_defaultlib
INFO: [VRFC 10-311] analyzing module hex_driver
INFO: [VRFC 10-311] analyzing module nibble_to_hex
INFO: [VRFC 10-2263] Analyzing SystemVerilog file "C:/Users/curti/OneDrive/Documents/UIUC/ECE-385/Vivado_Projects/Final_Project/lab6_2_provided/design_source/mb_usb_hdmi_top.sv" into library xil_defaultlib
INFO: [VRFC 10-311] analyzing module mb_usb_hdmi_top
INFO: [VRFC 10-2263] Analyzing SystemVerilog file "C:/Users/curti/OneDrive/Documents/UIUC/ECE-385/Vivado_Projects/Final_Project/lab_6.srcs/sim_1/new/testbench.sv" into library xil_defaultlib
INFO: [VRFC 10-311] analyzing module mb_usb_hdmi_top_tb
INFO: [VRFC 10-2263] Analyzing Verilog file "C:/Users/curti/OneDrive/Documents/UIUC/ECE-385/Vivado_Projects/Final_Project/lab_6.sim/sim_1/behav/xsim/glbl.v" into library xil_defaultlib
INFO: [VRFC 10-311] analyzing module glbl
"xvhdl --incr --relax -prj mb_usb_hdmi_top_tb_vhdl.prj"
INFO: [VRFC 10-163] Analyzing VHDL file "C:/Users/curti/OneDrive/Documents/UIUC/ECE-385/Vivado_Projects/Final_Project/lab_6.ip_user_files/bd/mb_block/ip/mb_block_microblaze_0_0/sim/mb_block_microblaze_0_0.vhd" into library xil_defaultlib
INFO: [VRFC 10-3107] analyzing entity 'mb_block_microblaze_0_0'
INFO: [VRFC 10-163] Analyzing VHDL file "C:/Users/curti/OneDrive/Documents/UIUC/ECE-385/Vivado_Projects/Final_Project/lab_6.ip_user_files/bd/mb_block/ip/mb_block_dlmb_v10_0/sim/mb_block_dlmb_v10_0.vhd" into library xil_defaultlib
INFO: [VRFC 10-3107] analyzing entity 'mb_block_dlmb_v10_0'
INFO: [VRFC 10-163] Analyzing VHDL file "C:/Users/curti/OneDrive/Documents/UIUC/ECE-385/Vivado_Projects/Final_Project/lab_6.ip_user_files/bd/mb_block/ip/mb_block_ilmb_v10_0/sim/mb_block_ilmb_v10_0.vhd" into library xil_defaultlib
INFO: [VRFC 10-3107] analyzing entity 'mb_block_ilmb_v10_0'
INFO: [VRFC 10-163] Analyzing VHDL file "C:/Users/curti/OneDrive/Documents/UIUC/ECE-385/Vivado_Projects/Final_Project/lab_6.ip_user_files/bd/mb_block/ip/mb_block_dlmb_bram_if_cntlr_0/sim/mb_block_dlmb_bram_if_cntlr_0.vhd" into library xil_defaultlib
INFO: [VRFC 10-3107] analyzing entity 'mb_block_dlmb_bram_if_cntlr_0'
INFO: [VRFC 10-163] Analyzing VHDL file "C:/Users/curti/OneDrive/Documents/UIUC/ECE-385/Vivado_Projects/Final_Project/lab_6.ip_user_files/bd/mb_block/ip/mb_block_ilmb_bram_if_cntlr_0/sim/mb_block_ilmb_bram_if_cntlr_0.vhd" into library xil_defaultlib
INFO: [VRFC 10-3107] analyzing entity 'mb_block_ilmb_bram_if_cntlr_0'
INFO: [VRFC 10-163] Analyzing VHDL file "C:/Users/curti/OneDrive/Documents/UIUC/ECE-385/Vivado_Projects/Final_Project/lab_6.ip_user_files/bd/mb_block/ip/mb_block_microblaze_0_axi_intc_0/sim/mb_block_microblaze_0_axi_intc_0.vhd" into library xil_defaultlib
INFO: [VRFC 10-3107] analyzing entity 'mb_block_microblaze_0_axi_intc_0'
INFO: [VRFC 10-163] Analyzing VHDL file "C:/Users/curti/OneDrive/Documents/UIUC/ECE-385/Vivado_Projects/Final_Project/lab_6.ip_user_files/bd/mb_block/ip/mb_block_mdm_1_0/sim/mb_block_mdm_1_0.vhd" into library xil_defaultlib
INFO: [VRFC 10-3107] analyzing entity 'mb_block_mdm_1_0'
INFO: [VRFC 10-163] Analyzing VHDL file "C:/Users/curti/OneDrive/Documents/UIUC/ECE-385/Vivado_Projects/Final_Project/lab_6.ip_user_files/bd/mb_block/ip/mb_block_rst_clk_wiz_1_100M_0/sim/mb_block_rst_clk_wiz_1_100M_0.vhd" into library xil_defaultlib
INFO: [VRFC 10-3107] analyzing entity 'mb_block_rst_clk_wiz_1_100M_0'
INFO: [VRFC 10-163] Analyzing VHDL file "C:/Users/curti/OneDrive/Documents/UIUC/ECE-385/Vivado_Projects/Final_Project/lab_6.ip_user_files/bd/mb_block/ip/mb_block_axi_uartlite_0_0/sim/mb_block_axi_uartlite_0_0.vhd" into library xil_defaultlib
INFO: [VRFC 10-3107] analyzing entity 'mb_block_axi_uartlite_0_0'
INFO: [VRFC 10-163] Analyzing VHDL file "C:/Users/curti/OneDrive/Documents/UIUC/ECE-385/Vivado_Projects/Final_Project/lab_6.ip_user_files/bd/mb_block/ip/mb_block_axi_gpio_0_1/sim/mb_block_axi_gpio_0_1.vhd" into library xil_defaultlib
INFO: [VRFC 10-3107] analyzing entity 'mb_block_axi_gpio_0_1'
INFO: [VRFC 10-163] Analyzing VHDL file "C:/Users/curti/OneDrive/Documents/UIUC/ECE-385/Vivado_Projects/Final_Project/lab_6.ip_user_files/bd/mb_block/ip/mb_block_axi_gpio_0_2/sim/mb_block_axi_gpio_0_2.vhd" into library xil_defaultlib
INFO: [VRFC 10-3107] analyzing entity 'mb_block_axi_gpio_0_2'
INFO: [VRFC 10-163] Analyzing VHDL file "C:/Users/curti/OneDrive/Documents/UIUC/ECE-385/Vivado_Projects/Final_Project/lab_6.ip_user_files/bd/mb_block/ip/mb_block_axi_gpio_0_3/sim/mb_block_axi_gpio_0_3.vhd" into library xil_defaultlib
INFO: [VRFC 10-3107] analyzing entity 'mb_block_axi_gpio_0_3'
INFO: [VRFC 10-163] Analyzing VHDL file "C:/Users/curti/OneDrive/Documents/UIUC/ECE-385/Vivado_Projects/Final_Project/lab_6.ip_user_files/bd/mb_block/ip/mb_block_axi_quad_spi_0_0/sim/mb_block_axi_quad_spi_0_0.vhd" into library xil_defaultlib
INFO: [VRFC 10-3107] analyzing entity 'mb_block_axi_quad_spi_0_0'
INFO: [VRFC 10-163] Analyzing VHDL file "C:/Users/curti/OneDrive/Documents/UIUC/ECE-385/Vivado_Projects/Final_Project/lab_6.ip_user_files/bd/mb_block/ip/mb_block_axi_timer_0_0/sim/mb_block_axi_timer_0_0.vhd" into library xil_defaultlib
INFO: [VRFC 10-3107] analyzing entity 'mb_block_axi_timer_0_0'
run_program: Time (s): cpu = 00:00:00 ; elapsed = 00:00:11 . Memory (MB): peak = 2642.293 ; gain = 0.000
INFO: [USF-XSim-69] 'compile' step finished in '11' seconds
INFO: [USF-XSim-3] XSim::Elaborate design
INFO: [USF-XSim-61] Executing 'ELABORATE' step in 'C:/Users/curti/OneDrive/Documents/UIUC/ECE-385/Vivado_Projects/Final_Project/lab_6.sim/sim_1/behav/xsim'
"xelab --incr --debug typical --relax --mt 2 -L xil_defaultlib -L microblaze_v11_0_10 -L lmb_v10_v3_0_12 -L lmb_bram_if_cntlr_v4_0_21 -L blk_mem_gen_v8_4_5 -L generic_baseblocks_v2_1_0 -L axi_infrastructure_v1_1_0 -L axi_register_slice_v2_1_27 -L fifo_generator_v13_2_7 -L axi_data_fifo_v2_1_26 -L axi_crossbar_v2_1_28 -L axi_lite_ipif_v3_0_4 -L axi_intc_v4_1_17 -L mdm_v3_2_23 -L lib_cdc_v1_0_2 -L proc_sys_reset_v5_0_13 -L lib_pkg_v1_0_2 -L lib_srl_fifo_v1_0_2 -L axi_uartlite_v2_0_31 -L interrupt_control_v3_1_4 -L axi_gpio_v2_0_29 -L dist_mem_gen_v8_0_13 -L lib_fifo_v1_0_16 -L axi_quad_spi_v3_2_26 -L axi_timer_v2_0_29 -L xlconcat_v2_1_4 -L uvm -L unisims_ver -L unimacro_ver -L secureip -L xpm --snapshot mb_usb_hdmi_top_tb_behav xil_defaultlib.mb_usb_hdmi_top_tb xil_defaultlib.glbl -log elaborate.log"
Vivado Simulator v2022.2
Copyright 1986-1999, 2001-2022 Xilinx, Inc. All Rights Reserved.
Running: C:/Xilinx/Vivado/2022.2/bin/unwrapped/win64.o/xelab.exe --incr --debug typical --relax --mt 2 -L xil_defaultlib -L microblaze_v11_0_10 -L lmb_v10_v3_0_12 -L lmb_bram_if_cntlr_v4_0_21 -L blk_mem_gen_v8_4_5 -L generic_baseblocks_v2_1_0 -L axi_infrastructure_v1_1_0 -L axi_register_slice_v2_1_27 -L fifo_generator_v13_2_7 -L axi_data_fifo_v2_1_26 -L axi_crossbar_v2_1_28 -L axi_lite_ipif_v3_0_4 -L axi_intc_v4_1_17 -L mdm_v3_2_23 -L lib_cdc_v1_0_2 -L proc_sys_reset_v5_0_13 -L lib_pkg_v1_0_2 -L lib_srl_fifo_v1_0_2 -L axi_uartlite_v2_0_31 -L interrupt_control_v3_1_4 -L axi_gpio_v2_0_29 -L dist_mem_gen_v8_0_13 -L lib_fifo_v1_0_16 -L axi_quad_spi_v3_2_26 -L axi_timer_v2_0_29 -L xlconcat_v2_1_4 -L uvm -L unisims_ver -L unimacro_ver -L secureip -L xpm --snapshot mb_usb_hdmi_top_tb_behav xil_defaultlib.mb_usb_hdmi_top_tb xil_defaultlib.glbl -log elaborate.log 
Using 2 slave threads.
Starting static elaboration
Pass Through NonSizing Optimizer
ERROR: [VRFC 10-3180] cannot find port 'usb_spi_ss' on this module [C:/Users/curti/OneDrive/Documents/UIUC/ECE-385/Vivado_Projects/Final_Project/lab6_2_provided/design_source/mb_usb_hdmi_top.sv:95]
ERROR: [VRFC 10-3180] cannot find port 'usb_spi_sclk' on this module [C:/Users/curti/OneDrive/Documents/UIUC/ECE-385/Vivado_Projects/Final_Project/lab6_2_provided/design_source/mb_usb_hdmi_top.sv:94]
ERROR: [VRFC 10-3180] cannot find port 'usb_spi_mosi' on this module [C:/Users/curti/OneDrive/Documents/UIUC/ECE-385/Vivado_Projects/Final_Project/lab6_2_provided/design_source/mb_usb_hdmi_top.sv:93]
ERROR: [VRFC 10-3180] cannot find port 'usb_spi_miso' on this module [C:/Users/curti/OneDrive/Documents/UIUC/ECE-385/Vivado_Projects/Final_Project/lab6_2_provided/design_source/mb_usb_hdmi_top.sv:92]
ERROR: [VRFC 10-3180] cannot find port 'gpio_usb_rst_tri_o' on this module [C:/Users/curti/OneDrive/Documents/UIUC/ECE-385/Vivado_Projects/Final_Project/lab6_2_provided/design_source/mb_usb_hdmi_top.sv:88]
ERROR: [VRFC 10-3180] cannot find port 'gpio_usb_keycode_1_tri_o' on this module [C:/Users/curti/OneDrive/Documents/UIUC/ECE-385/Vivado_Projects/Final_Project/lab6_2_provided/design_source/mb_usb_hdmi_top.sv:87]
ERROR: [VRFC 10-3180] cannot find port 'gpio_usb_keycode_0_tri_o' on this module [C:/Users/curti/OneDrive/Documents/UIUC/ECE-385/Vivado_Projects/Final_Project/lab6_2_provided/design_source/mb_usb_hdmi_top.sv:86]
ERROR: [VRFC 10-3180] cannot find port 'gpio_usb_int_tri_i' on this module [C:/Users/curti/OneDrive/Documents/UIUC/ECE-385/Vivado_Projects/Final_Project/lab6_2_provided/design_source/mb_usb_hdmi_top.sv:85]
ERROR: [VRFC 10-2063] Module <mb_block_axi_gpio_0_0> not found while processing module instance <axi_gpio_0> [C:/Users/curti/OneDrive/Documents/UIUC/ECE-385/Vivado_Projects/Final_Project/lab_6.ip_user_files/bd/mb_block/sim/mb_block.v:540]
ERROR: [XSIM 43-3322] Static elaboration of top level Verilog design unit(s) in library work failed.
run_program: Time (s): cpu = 00:00:00 ; elapsed = 00:00:06 . Memory (MB): peak = 2642.293 ; gain = 0.000
INFO: [USF-XSim-69] 'elaborate' step finished in '6' seconds
INFO: [USF-XSim-99] Step results log file:'C:/Users/curti/OneDrive/Documents/UIUC/ECE-385/Vivado_Projects/Final_Project/lab_6.sim/sim_1/behav/xsim/elaborate.log'
ERROR: [USF-XSim-62] 'elaborate' step failed with error(s). Please check the Tcl console output or 'C:/Users/curti/OneDrive/Documents/UIUC/ECE-385/Vivado_Projects/Final_Project/lab_6.sim/sim_1/behav/xsim/elaborate.log' file for more information.
ERROR: [Vivado 12-4473] Detected error while running simulation. Please correct the issue and retry this operation.
launch_simulation: Time (s): cpu = 00:00:03 ; elapsed = 00:00:23 . Memory (MB): peak = 2642.293 ; gain = 0.000
ERROR: [Common 17-39] 'launch_simulation' failed due to earlier errors.
set_property library xil_defaultlib [get_files]
ERROR: [Common 17-54] The object 'file' does not have a property 'library'.
set_property library xil_defaultlib [get_files]
ERROR: [Common 17-54] The object 'file' does not have a property 'library'.
set_property library xil_defaultlib [get_files]
ERROR: [Common 17-54] The object 'file' does not have a property 'library'.
set_property library xil_defaultlib [get_files]
ERROR: [Common 17-54] The object 'file' does not have a property 'library'.
set_property library xil_defaultlib [get_files]
ERROR: [Common 17-54] The object 'file' does not have a property 'library'.
set_property library xil_defaultlib [get_files]
ERROR: [Common 17-54] The object 'file' does not have a property 'library'.
set_property library xil_defaultlib [get_files]
ERROR: [Common 17-54] The object 'file' does not have a property 'library'.
set_property library xil_defaultlib [get_files]
ERROR: [Common 17-54] The object 'file' does not have a property 'library'.
set_property library xil_defaultlib [get_files]
ERROR: [Common 17-54] The object 'file' does not have a property 'library'.
reset_run synth_1
INFO: [Project 1-1161] Replacing file C:/Users/curti/OneDrive/Documents/UIUC/ECE-385/Vivado_Projects/Final_Project/lab_6.srcs/utils_1/imports/synth_1/mb_intro_top.dcp with file C:/Users/curti/OneDrive/Documents/UIUC/ECE-385/Vivado_Projects/Final_Project/lab_6.runs/synth_1/mb_usb_hdmi_top.dcp
launch_runs impl_1 -to_step write_bitstream -jobs 10
[Thu Dec  5 12:27:43 2024] Launched synth_1...
Run output will be captured here: C:/Users/curti/OneDrive/Documents/UIUC/ECE-385/Vivado_Projects/Final_Project/lab_6.runs/synth_1/runme.log
[Thu Dec  5 12:27:43 2024] Launched impl_1...
Run output will be captured here: C:/Users/curti/OneDrive/Documents/UIUC/ECE-385/Vivado_Projects/Final_Project/lab_6.runs/impl_1/runme.log
write_hw_platform -fixed -include_bit -force -file C:/Users/curti/OneDrive/Documents/UIUC/ECE-385/Vivado_Projects/Final_Project/mb_usb_hdmi_top.xsa
INFO: [Project 1-1918] Creating Hardware Platform: C:/Users/curti/OneDrive/Documents/UIUC/ECE-385/Vivado_Projects/Final_Project/mb_usb_hdmi_top.xsa ...
INFO: [Project 1-1943] The Hardware Platform can be used for Hardware
INFO: [Project 1-1941] Successfully created Hardware Platform: C:/Users/curti/OneDrive/Documents/UIUC/ECE-385/Vivado_Projects/Final_Project/mb_usb_hdmi_top.xsa
create_ip_run [get_files -of_objects [get_fileset sources_1] C:/Users/curti/OneDrive/Documents/UIUC/ECE-385/Vivado_Projects/Final_Project/lab_6.srcs/sources_1/bd/mb_block/mb_block.bd]
refresh_design
Netlist sorting complete. Time (s): cpu = 00:00:00 ; elapsed = 00:00:00.407 . Memory (MB): peak = 2714.191 ; gain = 0.000
INFO: [Netlist 29-17] Analyzing 402 Unisim elements for replacement
INFO: [Netlist 29-28] Unisim Transformation completed in 0 CPU seconds
INFO: [Project 1-479] Netlist was created with Vivado 2022.2
INFO: [Project 1-570] Preparing netlist for logic optimization
WARNING: [Constraints 18-550] Could not create 'IBUF_LOW_PWR' constraint because net 'clk_wiz/clk_in1' is not directly connected to top level port. Synthesis is ignored for IBUF_LOW_PWR but preserved for implementation.
WARNING: [Constraints 18-550] Could not create 'IBUF_LOW_PWR' constraint because net 'mb_block_i/clk_wiz_1/clk_in1' is not directly connected to top level port. Synthesis is ignored for IBUF_LOW_PWR but preserved for implementation.
INFO: [Timing 38-478] Restoring timing data from binary archive.
INFO: [Timing 38-479] Binary timing data restore complete.
INFO: [Project 1-856] Restoring constraints from binary archive.
INFO: [Project 1-853] Binary constraint restore complete.
Reading XDEF placement.
Reading placer database...
Reading XDEF routing.
Read XDEF Files: Time (s): cpu = 00:00:01 ; elapsed = 00:00:00.958 . Memory (MB): peak = 2714.191 ; gain = 0.000
Restored from archive | CPU: 2.000000 secs | Memory: 0.000000 MB |
Finished XDEF File Restore: Time (s): cpu = 00:00:01 ; elapsed = 00:00:00.958 . Memory (MB): peak = 2714.191 ; gain = 0.000
Generating merged BMM file for the design top 'mb_usb_hdmi_top'...
INFO: [Memdata 28-144] Successfully populated the BRAM INIT strings from the following elf files: c:/Users/curti/OneDrive/Documents/UIUC/ECE-385/Vivado_Projects/Final_Project/lab_6.gen/sources_1/bd/mb_block/ip/mb_block_microblaze_0_0/data/mb_bootloop_le.elf 
refresh_design: Time (s): cpu = 00:00:10 ; elapsed = 00:00:12 . Memory (MB): peak = 2714.191 ; gain = 27.320
reset_run synth_1
INFO: [Project 1-1161] Replacing file C:/Users/curti/OneDrive/Documents/UIUC/ECE-385/Vivado_Projects/Final_Project/lab_6.srcs/utils_1/imports/synth_1/mb_intro_top.dcp with file C:/Users/curti/OneDrive/Documents/UIUC/ECE-385/Vivado_Projects/Final_Project/lab_6.runs/synth_1/mb_usb_hdmi_top.dcp
launch_runs impl_1 -to_step write_bitstream -jobs 10
[Thu Dec  5 12:37:13 2024] Launched synth_1...
Run output will be captured here: C:/Users/curti/OneDrive/Documents/UIUC/ECE-385/Vivado_Projects/Final_Project/lab_6.runs/synth_1/runme.log
[Thu Dec  5 12:37:14 2024] Launched impl_1...
Run output will be captured here: C:/Users/curti/OneDrive/Documents/UIUC/ECE-385/Vivado_Projects/Final_Project/lab_6.runs/impl_1/runme.log
write_hw_platform -fixed -include_bit -force -file C:/Users/curti/OneDrive/Documents/UIUC/ECE-385/Vivado_Projects/Final_Project/mb_usb_hdmi_top.xsa
INFO: [Project 1-1918] Creating Hardware Platform: C:/Users/curti/OneDrive/Documents/UIUC/ECE-385/Vivado_Projects/Final_Project/mb_usb_hdmi_top.xsa ...
INFO: [Project 1-1943] The Hardware Platform can be used for Hardware
INFO: [Project 1-1941] Successfully created Hardware Platform: C:/Users/curti/OneDrive/Documents/UIUC/ECE-385/Vivado_Projects/Final_Project/mb_usb_hdmi_top.xsa
create_ip_run [get_files -of_objects [get_fileset sources_1] C:/Users/curti/OneDrive/Documents/UIUC/ECE-385/Vivado_Projects/Final_Project/lab_6.srcs/sources_1/bd/mb_block/mb_block.bd]
refresh_design
Netlist sorting complete. Time (s): cpu = 00:00:00 ; elapsed = 00:00:00.407 . Memory (MB): peak = 2791.480 ; gain = 0.000
INFO: [Netlist 29-17] Analyzing 384 Unisim elements for replacement
INFO: [Netlist 29-28] Unisim Transformation completed in 0 CPU seconds
INFO: [Project 1-479] Netlist was created with Vivado 2022.2
INFO: [Project 1-570] Preparing netlist for logic optimization
WARNING: [Constraints 18-550] Could not create 'IBUF_LOW_PWR' constraint because net 'clk_wiz/clk_in1' is not directly connected to top level port. Synthesis is ignored for IBUF_LOW_PWR but preserved for implementation.
WARNING: [Constraints 18-550] Could not create 'IBUF_LOW_PWR' constraint because net 'mb_block_i/clk_wiz_1/clk_in1' is not directly connected to top level port. Synthesis is ignored for IBUF_LOW_PWR but preserved for implementation.
INFO: [Timing 38-478] Restoring timing data from binary archive.
INFO: [Timing 38-479] Binary timing data restore complete.
INFO: [Project 1-856] Restoring constraints from binary archive.
INFO: [Project 1-853] Binary constraint restore complete.
Reading XDEF placement.
Reading placer database...
Reading XDEF routing.
Read XDEF Files: Time (s): cpu = 00:00:00 ; elapsed = 00:00:00.913 . Memory (MB): peak = 2791.480 ; gain = 0.000
Restored from archive | CPU: 0.000000 secs | Memory: 0.000000 MB |
Finished XDEF File Restore: Time (s): cpu = 00:00:00 ; elapsed = 00:00:00.914 . Memory (MB): peak = 2791.480 ; gain = 0.000
Generating merged BMM file for the design top 'mb_usb_hdmi_top'...
INFO: [Memdata 28-144] Successfully populated the BRAM INIT strings from the following elf files: c:/Users/curti/OneDrive/Documents/UIUC/ECE-385/Vivado_Projects/Final_Project/lab_6.gen/sources_1/bd/mb_block/ip/mb_block_microblaze_0_0/data/mb_bootloop_le.elf 
refresh_design: Time (s): cpu = 00:00:09 ; elapsed = 00:00:12 . Memory (MB): peak = 2791.480 ; gain = 30.789
reset_run synth_1
INFO: [Project 1-1161] Replacing file C:/Users/curti/OneDrive/Documents/UIUC/ECE-385/Vivado_Projects/Final_Project/lab_6.srcs/utils_1/imports/synth_1/mb_intro_top.dcp with file C:/Users/curti/OneDrive/Documents/UIUC/ECE-385/Vivado_Projects/Final_Project/lab_6.runs/synth_1/mb_usb_hdmi_top.dcp
launch_runs impl_1 -to_step write_bitstream -jobs 10
[Thu Dec  5 12:47:42 2024] Launched synth_1...
Run output will be captured here: C:/Users/curti/OneDrive/Documents/UIUC/ECE-385/Vivado_Projects/Final_Project/lab_6.runs/synth_1/runme.log
[Thu Dec  5 12:47:42 2024] Launched impl_1...
Run output will be captured here: C:/Users/curti/OneDrive/Documents/UIUC/ECE-385/Vivado_Projects/Final_Project/lab_6.runs/impl_1/runme.log
create_ip_run [get_files -of_objects [get_fileset sources_1] C:/Users/curti/OneDrive/Documents/UIUC/ECE-385/Vivado_Projects/Final_Project/lab_6.srcs/sources_1/bd/mb_block/mb_block.bd]
refresh_design
Netlist sorting complete. Time (s): cpu = 00:00:00 ; elapsed = 00:00:00.408 . Memory (MB): peak = 2791.480 ; gain = 0.000
INFO: [Netlist 29-17] Analyzing 381 Unisim elements for replacement
INFO: [Netlist 29-28] Unisim Transformation completed in 0 CPU seconds
INFO: [Project 1-479] Netlist was created with Vivado 2022.2
INFO: [Project 1-570] Preparing netlist for logic optimization
WARNING: [Constraints 18-550] Could not create 'IBUF_LOW_PWR' constraint because net 'clk_wiz/clk_in1' is not directly connected to top level port. Synthesis is ignored for IBUF_LOW_PWR but preserved for implementation.
WARNING: [Constraints 18-550] Could not create 'IBUF_LOW_PWR' constraint because net 'mb_block_i/clk_wiz_1/clk_in1' is not directly connected to top level port. Synthesis is ignored for IBUF_LOW_PWR but preserved for implementation.
INFO: [Timing 38-478] Restoring timing data from binary archive.
INFO: [Timing 38-479] Binary timing data restore complete.
INFO: [Project 1-856] Restoring constraints from binary archive.
INFO: [Project 1-853] Binary constraint restore complete.
Reading XDEF placement.
Reading placer database...
Reading XDEF routing.
Read XDEF Files: Time (s): cpu = 00:00:00 ; elapsed = 00:00:00.914 . Memory (MB): peak = 2791.480 ; gain = 0.000
Restored from archive | CPU: 0.000000 secs | Memory: 0.000000 MB |
Finished XDEF File Restore: Time (s): cpu = 00:00:00 ; elapsed = 00:00:00.914 . Memory (MB): peak = 2791.480 ; gain = 0.000
Generating merged BMM file for the design top 'mb_usb_hdmi_top'...
INFO: [Memdata 28-144] Successfully populated the BRAM INIT strings from the following elf files: c:/Users/curti/OneDrive/Documents/UIUC/ECE-385/Vivado_Projects/Final_Project/lab_6.gen/sources_1/bd/mb_block/ip/mb_block_microblaze_0_0/data/mb_bootloop_le.elf 
refresh_design: Time (s): cpu = 00:00:10 ; elapsed = 00:00:11 . Memory (MB): peak = 2791.480 ; gain = 0.000
write_hw_platform -fixed -include_bit -force -file C:/Users/curti/OneDrive/Documents/UIUC/ECE-385/Vivado_Projects/Final_Project/mb_usb_hdmi_top.xsa
INFO: [Project 1-1918] Creating Hardware Platform: C:/Users/curti/OneDrive/Documents/UIUC/ECE-385/Vivado_Projects/Final_Project/mb_usb_hdmi_top.xsa ...
INFO: [Project 1-1943] The Hardware Platform can be used for Hardware
INFO: [Project 1-1941] Successfully created Hardware Platform: C:/Users/curti/OneDrive/Documents/UIUC/ECE-385/Vivado_Projects/Final_Project/mb_usb_hdmi_top.xsa
INFO: [Vivado 12-8231] Launching Vitis
INFO: [Vivado 12-417] Running vitis
INFO: [Vivado 12-8232] Vitis launch initiated. Please check console for any further messages.
INFO: [Vivado 12-8231] Launching Vitis
INFO: [Vivado 12-417] Running vitis
INFO: [Vivado 12-8232] Vitis launch initiated. Please check console for any further messages.
file copy -force C:/Users/curti/OneDrive/Documents/UIUC/ECE-385/Vivado_Projects/Final_Project/lab_6.runs/impl_1/mb_usb_hdmi_top.bit C:/Users/curti/OneDrive/Documents/UIUC/ECE-385/Vivado_Projects/Final_Project/workspace/mb_usb/_ide/bitstream/mb_usb_hdmi_top.bit
reset_run synth_1
INFO: [Project 1-1161] Replacing file C:/Users/curti/OneDrive/Documents/UIUC/ECE-385/Vivado_Projects/Final_Project/lab_6.srcs/utils_1/imports/synth_1/mb_intro_top.dcp with file C:/Users/curti/OneDrive/Documents/UIUC/ECE-385/Vivado_Projects/Final_Project/lab_6.runs/synth_1/mb_usb_hdmi_top.dcp
launch_runs impl_1 -to_step write_bitstream -jobs 10
[Thu Dec  5 13:03:50 2024] Launched synth_1...
Run output will be captured here: C:/Users/curti/OneDrive/Documents/UIUC/ECE-385/Vivado_Projects/Final_Project/lab_6.runs/synth_1/runme.log
[Thu Dec  5 13:03:50 2024] Launched impl_1...
Run output will be captured here: C:/Users/curti/OneDrive/Documents/UIUC/ECE-385/Vivado_Projects/Final_Project/lab_6.runs/impl_1/runme.log
write_hw_platform -fixed -include_bit -force -file C:/Users/curti/OneDrive/Documents/UIUC/ECE-385/Vivado_Projects/Final_Project/mb_usb_hdmi_top.xsa
INFO: [Project 1-1918] Creating Hardware Platform: C:/Users/curti/OneDrive/Documents/UIUC/ECE-385/Vivado_Projects/Final_Project/mb_usb_hdmi_top.xsa ...
INFO: [Project 1-1943] The Hardware Platform can be used for Hardware
INFO: [Project 1-1941] Successfully created Hardware Platform: C:/Users/curti/OneDrive/Documents/UIUC/ECE-385/Vivado_Projects/Final_Project/mb_usb_hdmi_top.xsa
file copy -force C:/Users/curti/OneDrive/Documents/UIUC/ECE-385/Vivado_Projects/Final_Project/lab_6.runs/impl_1/mb_usb_hdmi_top.bit C:/Users/curti/OneDrive/Documents/UIUC/ECE-385/Vivado_Projects/Final_Project/workspace/mb_usb/_ide/bitstream/mb_usb_hdmi_top.bit
create_ip_run [get_files -of_objects [get_fileset sources_1] C:/Users/curti/OneDrive/Documents/UIUC/ECE-385/Vivado_Projects/Final_Project/lab_6.srcs/sources_1/bd/mb_block/mb_block.bd]
refresh_design
Netlist sorting complete. Time (s): cpu = 00:00:01 ; elapsed = 00:00:00.403 . Memory (MB): peak = 2862.391 ; gain = 0.000
INFO: [Netlist 29-17] Analyzing 381 Unisim elements for replacement
INFO: [Netlist 29-28] Unisim Transformation completed in 0 CPU seconds
INFO: [Project 1-479] Netlist was created with Vivado 2022.2
INFO: [Project 1-570] Preparing netlist for logic optimization
WARNING: [Constraints 18-550] Could not create 'IBUF_LOW_PWR' constraint because net 'clk_wiz/clk_in1' is not directly connected to top level port. Synthesis is ignored for IBUF_LOW_PWR but preserved for implementation.
WARNING: [Constraints 18-550] Could not create 'IBUF_LOW_PWR' constraint because net 'mb_block_i/clk_wiz_1/clk_in1' is not directly connected to top level port. Synthesis is ignored for IBUF_LOW_PWR but preserved for implementation.
INFO: [Timing 38-478] Restoring timing data from binary archive.
INFO: [Timing 38-479] Binary timing data restore complete.
INFO: [Project 1-856] Restoring constraints from binary archive.
INFO: [Project 1-853] Binary constraint restore complete.
Reading XDEF placement.
Reading placer database...
Reading XDEF routing.
Read XDEF Files: Time (s): cpu = 00:00:01 ; elapsed = 00:00:00.935 . Memory (MB): peak = 2862.391 ; gain = 0.000
Restored from archive | CPU: 1.000000 secs | Memory: 0.000000 MB |
Finished XDEF File Restore: Time (s): cpu = 00:00:01 ; elapsed = 00:00:00.936 . Memory (MB): peak = 2862.391 ; gain = 0.000
Generating merged BMM file for the design top 'mb_usb_hdmi_top'...
INFO: [Memdata 28-144] Successfully populated the BRAM INIT strings from the following elf files: c:/Users/curti/OneDrive/Documents/UIUC/ECE-385/Vivado_Projects/Final_Project/lab_6.gen/sources_1/bd/mb_block/ip/mb_block_microblaze_0_0/data/mb_bootloop_le.elf 
refresh_design: Time (s): cpu = 00:00:10 ; elapsed = 00:00:11 . Memory (MB): peak = 2862.391 ; gain = 30.027
reset_run synth_1
INFO: [Project 1-1161] Replacing file C:/Users/curti/OneDrive/Documents/UIUC/ECE-385/Vivado_Projects/Final_Project/lab_6.srcs/utils_1/imports/synth_1/mb_intro_top.dcp with file C:/Users/curti/OneDrive/Documents/UIUC/ECE-385/Vivado_Projects/Final_Project/lab_6.runs/synth_1/mb_usb_hdmi_top.dcp
launch_runs impl_1 -to_step write_bitstream -jobs 10
[Thu Dec  5 13:12:00 2024] Launched synth_1...
Run output will be captured here: C:/Users/curti/OneDrive/Documents/UIUC/ECE-385/Vivado_Projects/Final_Project/lab_6.runs/synth_1/runme.log
[Thu Dec  5 13:12:00 2024] Launched impl_1...
Run output will be captured here: C:/Users/curti/OneDrive/Documents/UIUC/ECE-385/Vivado_Projects/Final_Project/lab_6.runs/impl_1/runme.log
write_hw_platform -fixed -include_bit -force -file C:/Users/curti/OneDrive/Documents/UIUC/ECE-385/Vivado_Projects/Final_Project/mb_usb_hdmi_top.xsa
INFO: [Project 1-1918] Creating Hardware Platform: C:/Users/curti/OneDrive/Documents/UIUC/ECE-385/Vivado_Projects/Final_Project/mb_usb_hdmi_top.xsa ...
INFO: [Project 1-1943] The Hardware Platform can be used for Hardware
INFO: [Project 1-1941] Successfully created Hardware Platform: C:/Users/curti/OneDrive/Documents/UIUC/ECE-385/Vivado_Projects/Final_Project/mb_usb_hdmi_top.xsa
file copy -force C:/Users/curti/OneDrive/Documents/UIUC/ECE-385/Vivado_Projects/Final_Project/lab_6.runs/impl_1/mb_usb_hdmi_top.bit C:/Users/curti/OneDrive/Documents/UIUC/ECE-385/Vivado_Projects/Final_Project/workspace/mb_usb/_ide/bitstream/mb_usb_hdmi_top.bit
reset_run synth_1
INFO: [Project 1-1161] Replacing file C:/Users/curti/OneDrive/Documents/UIUC/ECE-385/Vivado_Projects/Final_Project/lab_6.srcs/utils_1/imports/synth_1/mb_intro_top.dcp with file C:/Users/curti/OneDrive/Documents/UIUC/ECE-385/Vivado_Projects/Final_Project/lab_6.runs/synth_1/mb_usb_hdmi_top.dcp
launch_runs impl_1 -to_step write_bitstream -jobs 20
[Thu Dec  5 13:23:39 2024] Launched synth_1...
Run output will be captured here: C:/Users/curti/OneDrive/Documents/UIUC/ECE-385/Vivado_Projects/Final_Project/lab_6.runs/synth_1/runme.log
[Thu Dec  5 13:23:39 2024] Launched impl_1...
Run output will be captured here: C:/Users/curti/OneDrive/Documents/UIUC/ECE-385/Vivado_Projects/Final_Project/lab_6.runs/impl_1/runme.log
reset_run impl_1
reset_run synth_1
INFO: [Project 1-1161] Replacing file C:/Users/curti/OneDrive/Documents/UIUC/ECE-385/Vivado_Projects/Final_Project/lab_6.srcs/utils_1/imports/synth_1/mb_intro_top.dcp with file C:/Users/curti/OneDrive/Documents/UIUC/ECE-385/Vivado_Projects/Final_Project/lab_6.runs/synth_1/mb_usb_hdmi_top.dcp
launch_runs impl_1 -to_step write_bitstream -jobs 20
[Thu Dec  5 13:26:38 2024] Launched synth_1...
Run output will be captured here: C:/Users/curti/OneDrive/Documents/UIUC/ECE-385/Vivado_Projects/Final_Project/lab_6.runs/synth_1/runme.log
[Thu Dec  5 13:26:38 2024] Launched impl_1...
Run output will be captured here: C:/Users/curti/OneDrive/Documents/UIUC/ECE-385/Vivado_Projects/Final_Project/lab_6.runs/impl_1/runme.log
write_hw_platform -fixed -include_bit -force -file C:/Users/curti/OneDrive/Documents/UIUC/ECE-385/Vivado_Projects/Final_Project/mb_usb_hdmi_top.xsa
INFO: [Project 1-1918] Creating Hardware Platform: C:/Users/curti/OneDrive/Documents/UIUC/ECE-385/Vivado_Projects/Final_Project/mb_usb_hdmi_top.xsa ...
INFO: [Project 1-1943] The Hardware Platform can be used for Hardware
INFO: [Project 1-1941] Successfully created Hardware Platform: C:/Users/curti/OneDrive/Documents/UIUC/ECE-385/Vivado_Projects/Final_Project/mb_usb_hdmi_top.xsa
file copy -force C:/Users/curti/OneDrive/Documents/UIUC/ECE-385/Vivado_Projects/Final_Project/lab_6.runs/impl_1/mb_usb_hdmi_top.bit C:/Users/curti/OneDrive/Documents/UIUC/ECE-385/Vivado_Projects/Final_Project/workspace/mb_usb/_ide/bitstream/mb_usb_hdmi_top.bit
INFO: [Vivado 12-8217] Implementation run is out of date. Exported hardware information may be inconsistent with respect to the current state of the design. It is recommended that you re-run implementation and re-generate bitstream/PDI before doing hardware export.
write_hw_platform -fixed -include_bit -force -file C:/Users/curti/OneDrive/Documents/UIUC/ECE-385/Vivado_Projects/Final_Project/mb_usb_hdmi_top.xsa
INFO: [Project 1-1918] Creating Hardware Platform: C:/Users/curti/OneDrive/Documents/UIUC/ECE-385/Vivado_Projects/Final_Project/mb_usb_hdmi_top.xsa ...
INFO: [Project 1-1943] The Hardware Platform can be used for Hardware
INFO: [Project 1-1941] Successfully created Hardware Platform: C:/Users/curti/OneDrive/Documents/UIUC/ECE-385/Vivado_Projects/Final_Project/mb_usb_hdmi_top.xsa
reset_run synth_1
INFO: [Project 1-1161] Replacing file C:/Users/curti/OneDrive/Documents/UIUC/ECE-385/Vivado_Projects/Final_Project/lab_6.srcs/utils_1/imports/synth_1/mb_intro_top.dcp with file C:/Users/curti/OneDrive/Documents/UIUC/ECE-385/Vivado_Projects/Final_Project/lab_6.runs/synth_1/mb_usb_hdmi_top.dcp
launch_runs impl_1 -to_step write_bitstream -jobs 20
[Thu Dec  5 13:39:41 2024] Launched synth_1...
Run output will be captured here: C:/Users/curti/OneDrive/Documents/UIUC/ECE-385/Vivado_Projects/Final_Project/lab_6.runs/synth_1/runme.log
[Thu Dec  5 13:39:41 2024] Launched impl_1...
Run output will be captured here: C:/Users/curti/OneDrive/Documents/UIUC/ECE-385/Vivado_Projects/Final_Project/lab_6.runs/impl_1/runme.log
write_hw_platform -fixed -include_bit -force -file C:/Users/curti/OneDrive/Documents/UIUC/ECE-385/Vivado_Projects/Final_Project/mb_usb_hdmi_top.xsa
INFO: [Project 1-1918] Creating Hardware Platform: C:/Users/curti/OneDrive/Documents/UIUC/ECE-385/Vivado_Projects/Final_Project/mb_usb_hdmi_top.xsa ...
INFO: [Project 1-1943] The Hardware Platform can be used for Hardware
INFO: [Project 1-1941] Successfully created Hardware Platform: C:/Users/curti/OneDrive/Documents/UIUC/ECE-385/Vivado_Projects/Final_Project/mb_usb_hdmi_top.xsa
write_hw_platform -fixed -include_bit -force -file C:/Users/curti/OneDrive/Documents/UIUC/ECE-385/Vivado_Projects/Final_Project/mb_usb_hdmi_top.xsa
INFO: [Project 1-1918] Creating Hardware Platform: C:/Users/curti/OneDrive/Documents/UIUC/ECE-385/Vivado_Projects/Final_Project/mb_usb_hdmi_top.xsa ...
INFO: [Project 1-1943] The Hardware Platform can be used for Hardware
INFO: [Project 1-1941] Successfully created Hardware Platform: C:/Users/curti/OneDrive/Documents/UIUC/ECE-385/Vivado_Projects/Final_Project/mb_usb_hdmi_top.xsa
file copy -force C:/Users/curti/OneDrive/Documents/UIUC/ECE-385/Vivado_Projects/Final_Project/lab_6.runs/impl_1/mb_usb_hdmi_top.bit C:/Users/curti/OneDrive/Documents/UIUC/ECE-385/Vivado_Projects/Final_Project/mb_usb_hdmi_top.bit
reset_run synth_1
INFO: [Project 1-1161] Replacing file C:/Users/curti/OneDrive/Documents/UIUC/ECE-385/Vivado_Projects/Final_Project/lab_6.srcs/utils_1/imports/synth_1/mb_intro_top.dcp with file C:/Users/curti/OneDrive/Documents/UIUC/ECE-385/Vivado_Projects/Final_Project/lab_6.runs/synth_1/mb_usb_hdmi_top.dcp
launch_runs impl_1 -to_step write_bitstream -jobs 20
[Thu Dec  5 14:02:14 2024] Launched synth_1...
Run output will be captured here: C:/Users/curti/OneDrive/Documents/UIUC/ECE-385/Vivado_Projects/Final_Project/lab_6.runs/synth_1/runme.log
[Thu Dec  5 14:02:14 2024] Launched impl_1...
Run output will be captured here: C:/Users/curti/OneDrive/Documents/UIUC/ECE-385/Vivado_Projects/Final_Project/lab_6.runs/impl_1/runme.log
write_hw_platform -fixed -include_bit -force -file C:/Users/curti/OneDrive/Documents/UIUC/ECE-385/Vivado_Projects/Final_Project/mb_usb_hdmi_top.xsa
INFO: [Project 1-1918] Creating Hardware Platform: C:/Users/curti/OneDrive/Documents/UIUC/ECE-385/Vivado_Projects/Final_Project/mb_usb_hdmi_top.xsa ...
INFO: [Project 1-1943] The Hardware Platform can be used for Hardware
INFO: [Project 1-1941] Successfully created Hardware Platform: C:/Users/curti/OneDrive/Documents/UIUC/ECE-385/Vivado_Projects/Final_Project/mb_usb_hdmi_top.xsa
file copy -force C:/Users/curti/OneDrive/Documents/UIUC/ECE-385/Vivado_Projects/Final_Project/lab_6.runs/impl_1/mb_usb_hdmi_top.bit C:/Users/curti/OneDrive/Documents/UIUC/ECE-385/Vivado_Projects/Final_Project/mb_usb_hdmi_top.bit
create_ip_run [get_files -of_objects [get_fileset sources_1] C:/Users/curti/OneDrive/Documents/UIUC/ECE-385/Vivado_Projects/Final_Project/lab_6.srcs/sources_1/bd/mb_block/mb_block.bd]
refresh_design
Netlist sorting complete. Time (s): cpu = 00:00:00 ; elapsed = 00:00:00.411 . Memory (MB): peak = 2903.566 ; gain = 0.000
INFO: [Netlist 29-17] Analyzing 381 Unisim elements for replacement
INFO: [Netlist 29-28] Unisim Transformation completed in 0 CPU seconds
INFO: [Project 1-479] Netlist was created with Vivado 2022.2
INFO: [Project 1-570] Preparing netlist for logic optimization
WARNING: [Constraints 18-550] Could not create 'IBUF_LOW_PWR' constraint because net 'clk_wiz/clk_in1' is not directly connected to top level port. Synthesis is ignored for IBUF_LOW_PWR but preserved for implementation.
WARNING: [Constraints 18-550] Could not create 'IBUF_LOW_PWR' constraint because net 'mb_block_i/clk_wiz_1/clk_in1' is not directly connected to top level port. Synthesis is ignored for IBUF_LOW_PWR but preserved for implementation.
INFO: [Timing 38-478] Restoring timing data from binary archive.
INFO: [Timing 38-479] Binary timing data restore complete.
INFO: [Project 1-856] Restoring constraints from binary archive.
INFO: [Project 1-853] Binary constraint restore complete.
Reading XDEF placement.
Reading placer database...
Reading XDEF routing.
Read XDEF Files: Time (s): cpu = 00:00:00 ; elapsed = 00:00:00.906 . Memory (MB): peak = 2903.566 ; gain = 0.000
Restored from archive | CPU: 0.000000 secs | Memory: 0.000000 MB |
Finished XDEF File Restore: Time (s): cpu = 00:00:00 ; elapsed = 00:00:00.906 . Memory (MB): peak = 2903.566 ; gain = 0.000
Generating merged BMM file for the design top 'mb_usb_hdmi_top'...
INFO: [Memdata 28-144] Successfully populated the BRAM INIT strings from the following elf files: c:/Users/curti/OneDrive/Documents/UIUC/ECE-385/Vivado_Projects/Final_Project/lab_6.gen/sources_1/bd/mb_block/ip/mb_block_microblaze_0_0/data/mb_bootloop_le.elf 
refresh_design: Time (s): cpu = 00:00:09 ; elapsed = 00:00:12 . Memory (MB): peak = 2903.566 ; gain = 23.672
reset_run synth_1
INFO: [Project 1-1161] Replacing file C:/Users/curti/OneDrive/Documents/UIUC/ECE-385/Vivado_Projects/Final_Project/lab_6.srcs/utils_1/imports/synth_1/mb_intro_top.dcp with file C:/Users/curti/OneDrive/Documents/UIUC/ECE-385/Vivado_Projects/Final_Project/lab_6.runs/synth_1/mb_usb_hdmi_top.dcp
launch_runs impl_1 -to_step write_bitstream -jobs 20
[Thu Dec  5 14:12:51 2024] Launched synth_1...
Run output will be captured here: C:/Users/curti/OneDrive/Documents/UIUC/ECE-385/Vivado_Projects/Final_Project/lab_6.runs/synth_1/runme.log
[Thu Dec  5 14:12:51 2024] Launched impl_1...
Run output will be captured here: C:/Users/curti/OneDrive/Documents/UIUC/ECE-385/Vivado_Projects/Final_Project/lab_6.runs/impl_1/runme.log
write_hw_platform -fixed -include_bit -force -file C:/Users/curti/OneDrive/Documents/UIUC/ECE-385/Vivado_Projects/Final_Project/mb_usb_hdmi_top.xsa
INFO: [Project 1-1918] Creating Hardware Platform: C:/Users/curti/OneDrive/Documents/UIUC/ECE-385/Vivado_Projects/Final_Project/mb_usb_hdmi_top.xsa ...
INFO: [Project 1-1943] The Hardware Platform can be used for Hardware
INFO: [Project 1-1941] Successfully created Hardware Platform: C:/Users/curti/OneDrive/Documents/UIUC/ECE-385/Vivado_Projects/Final_Project/mb_usb_hdmi_top.xsa
file copy -force C:/Users/curti/OneDrive/Documents/UIUC/ECE-385/Vivado_Projects/Final_Project/lab_6.runs/impl_1/mb_usb_hdmi_top.bit C:/Users/curti/OneDrive/Documents/UIUC/ECE-385/Vivado_Projects/Final_Project/mb_usb_hdmi_top.bit
reset_run synth_1
INFO: [Project 1-1161] Replacing file C:/Users/curti/OneDrive/Documents/UIUC/ECE-385/Vivado_Projects/Final_Project/lab_6.srcs/utils_1/imports/synth_1/mb_intro_top.dcp with file C:/Users/curti/OneDrive/Documents/UIUC/ECE-385/Vivado_Projects/Final_Project/lab_6.runs/synth_1/mb_usb_hdmi_top.dcp
launch_runs impl_1 -to_step write_bitstream -jobs 20
[Thu Dec  5 14:50:32 2024] Launched synth_1...
Run output will be captured here: C:/Users/curti/OneDrive/Documents/UIUC/ECE-385/Vivado_Projects/Final_Project/lab_6.runs/synth_1/runme.log
[Thu Dec  5 14:50:32 2024] Launched impl_1...
Run output will be captured here: C:/Users/curti/OneDrive/Documents/UIUC/ECE-385/Vivado_Projects/Final_Project/lab_6.runs/impl_1/runme.log
write_hw_platform -fixed -include_bit -force -file C:/Users/curti/OneDrive/Documents/UIUC/ECE-385/Vivado_Projects/Final_Project/mb_usb_hdmi_top.xsa
INFO: [Project 1-1918] Creating Hardware Platform: C:/Users/curti/OneDrive/Documents/UIUC/ECE-385/Vivado_Projects/Final_Project/mb_usb_hdmi_top.xsa ...
INFO: [Project 1-1943] The Hardware Platform can be used for Hardware
INFO: [Project 1-1941] Successfully created Hardware Platform: C:/Users/curti/OneDrive/Documents/UIUC/ECE-385/Vivado_Projects/Final_Project/mb_usb_hdmi_top.xsa
file copy -force C:/Users/curti/OneDrive/Documents/UIUC/ECE-385/Vivado_Projects/Final_Project/lab_6.runs/impl_1/mb_usb_hdmi_top.bit C:/Users/curti/OneDrive/Documents/UIUC/ECE-385/Vivado_Projects/Final_Project/mb_usb_hdmi_top.bit
reset_run synth_1
INFO: [Project 1-1161] Replacing file C:/Users/curti/OneDrive/Documents/UIUC/ECE-385/Vivado_Projects/Final_Project/lab_6.srcs/utils_1/imports/synth_1/mb_intro_top.dcp with file C:/Users/curti/OneDrive/Documents/UIUC/ECE-385/Vivado_Projects/Final_Project/lab_6.runs/synth_1/mb_usb_hdmi_top.dcp
launch_runs impl_1 -to_step write_bitstream -jobs 20
[Thu Dec  5 14:58:06 2024] Launched synth_1...
Run output will be captured here: C:/Users/curti/OneDrive/Documents/UIUC/ECE-385/Vivado_Projects/Final_Project/lab_6.runs/synth_1/runme.log
[Thu Dec  5 14:58:06 2024] Launched impl_1...
Run output will be captured here: C:/Users/curti/OneDrive/Documents/UIUC/ECE-385/Vivado_Projects/Final_Project/lab_6.runs/impl_1/runme.log
write_hw_platform -fixed -include_bit -force -file C:/Users/curti/OneDrive/Documents/UIUC/ECE-385/Vivado_Projects/Final_Project/mb_usb_hdmi_top.xsa
INFO: [Project 1-1918] Creating Hardware Platform: C:/Users/curti/OneDrive/Documents/UIUC/ECE-385/Vivado_Projects/Final_Project/mb_usb_hdmi_top.xsa ...
INFO: [Project 1-1943] The Hardware Platform can be used for Hardware
INFO: [Project 1-1941] Successfully created Hardware Platform: C:/Users/curti/OneDrive/Documents/UIUC/ECE-385/Vivado_Projects/Final_Project/mb_usb_hdmi_top.xsa
file copy -force C:/Users/curti/OneDrive/Documents/UIUC/ECE-385/Vivado_Projects/Final_Project/lab_6.runs/impl_1/mb_usb_hdmi_top.bit C:/Users/curti/OneDrive/Documents/UIUC/ECE-385/Vivado_Projects/Final_Project/mb_usb_hdmi_top.bit
reset_run synth_1
INFO: [Project 1-1161] Replacing file C:/Users/curti/OneDrive/Documents/UIUC/ECE-385/Vivado_Projects/Final_Project/lab_6.srcs/utils_1/imports/synth_1/mb_intro_top.dcp with file C:/Users/curti/OneDrive/Documents/UIUC/ECE-385/Vivado_Projects/Final_Project/lab_6.runs/synth_1/mb_usb_hdmi_top.dcp
launch_runs impl_1 -to_step write_bitstream -jobs 20
[Thu Dec  5 15:03:46 2024] Launched synth_1...
Run output will be captured here: C:/Users/curti/OneDrive/Documents/UIUC/ECE-385/Vivado_Projects/Final_Project/lab_6.runs/synth_1/runme.log
[Thu Dec  5 15:03:46 2024] Launched impl_1...
Run output will be captured here: C:/Users/curti/OneDrive/Documents/UIUC/ECE-385/Vivado_Projects/Final_Project/lab_6.runs/impl_1/runme.log
file copy -force C:/Users/curti/OneDrive/Documents/UIUC/ECE-385/Vivado_Projects/Final_Project/lab_6.runs/impl_1/mb_usb_hdmi_top.bit C:/Users/curti/OneDrive/Documents/UIUC/ECE-385/Vivado_Projects/Final_Project/mb_usb_hdmi_top.bit
INFO: [Vivado 12-8217] Implementation run is out of date. Exported hardware information may be inconsistent with respect to the current state of the design. It is recommended that you re-run implementation and re-generate bitstream/PDI before doing hardware export.
write_hw_platform -fixed -include_bit -force -file C:/Users/curti/OneDrive/Documents/UIUC/ECE-385/Vivado_Projects/Final_Project/mb_usb_hdmi_top.xsa
INFO: [Project 1-1918] Creating Hardware Platform: C:/Users/curti/OneDrive/Documents/UIUC/ECE-385/Vivado_Projects/Final_Project/mb_usb_hdmi_top.xsa ...
INFO: [Project 1-1943] The Hardware Platform can be used for Hardware
INFO: [Project 1-1941] Successfully created Hardware Platform: C:/Users/curti/OneDrive/Documents/UIUC/ECE-385/Vivado_Projects/Final_Project/mb_usb_hdmi_top.xsa
reset_run synth_1
INFO: [Project 1-1161] Replacing file C:/Users/curti/OneDrive/Documents/UIUC/ECE-385/Vivado_Projects/Final_Project/lab_6.srcs/utils_1/imports/synth_1/mb_intro_top.dcp with file C:/Users/curti/OneDrive/Documents/UIUC/ECE-385/Vivado_Projects/Final_Project/lab_6.runs/synth_1/mb_usb_hdmi_top.dcp
launch_runs impl_1 -to_step write_bitstream -jobs 20
[Thu Dec  5 15:09:59 2024] Launched synth_1...
Run output will be captured here: C:/Users/curti/OneDrive/Documents/UIUC/ECE-385/Vivado_Projects/Final_Project/lab_6.runs/synth_1/runme.log
[Thu Dec  5 15:09:59 2024] Launched impl_1...
Run output will be captured here: C:/Users/curti/OneDrive/Documents/UIUC/ECE-385/Vivado_Projects/Final_Project/lab_6.runs/impl_1/runme.log
reset_run synth_1
launch_runs impl_1 -to_step write_bitstream -jobs 20
[Thu Dec  5 15:12:38 2024] Launched synth_1...
Run output will be captured here: C:/Users/curti/OneDrive/Documents/UIUC/ECE-385/Vivado_Projects/Final_Project/lab_6.runs/synth_1/runme.log
[Thu Dec  5 15:12:38 2024] Launched impl_1...
Run output will be captured here: C:/Users/curti/OneDrive/Documents/UIUC/ECE-385/Vivado_Projects/Final_Project/lab_6.runs/impl_1/runme.log
write_hw_platform -fixed -include_bit -force -file C:/Users/curti/OneDrive/Documents/UIUC/ECE-385/Vivado_Projects/Final_Project/mb_usb_hdmi_top.xsa
INFO: [Project 1-1918] Creating Hardware Platform: C:/Users/curti/OneDrive/Documents/UIUC/ECE-385/Vivado_Projects/Final_Project/mb_usb_hdmi_top.xsa ...
INFO: [Project 1-1943] The Hardware Platform can be used for Hardware
INFO: [Project 1-1941] Successfully created Hardware Platform: C:/Users/curti/OneDrive/Documents/UIUC/ECE-385/Vivado_Projects/Final_Project/mb_usb_hdmi_top.xsa
file copy -force C:/Users/curti/OneDrive/Documents/UIUC/ECE-385/Vivado_Projects/Final_Project/lab_6.runs/impl_1/mb_usb_hdmi_top.bit C:/Users/curti/OneDrive/Documents/UIUC/ECE-385/Vivado_Projects/Final_Project/mb_usb_hdmi_top.bit
reset_run synth_1
INFO: [Project 1-1161] Replacing file C:/Users/curti/OneDrive/Documents/UIUC/ECE-385/Vivado_Projects/Final_Project/lab_6.srcs/utils_1/imports/synth_1/mb_intro_top.dcp with file C:/Users/curti/OneDrive/Documents/UIUC/ECE-385/Vivado_Projects/Final_Project/lab_6.runs/synth_1/mb_usb_hdmi_top.dcp
launch_runs impl_1 -to_step write_bitstream -jobs 20
[Thu Dec  5 15:17:35 2024] Launched synth_1...
Run output will be captured here: C:/Users/curti/OneDrive/Documents/UIUC/ECE-385/Vivado_Projects/Final_Project/lab_6.runs/synth_1/runme.log
[Thu Dec  5 15:17:35 2024] Launched impl_1...
Run output will be captured here: C:/Users/curti/OneDrive/Documents/UIUC/ECE-385/Vivado_Projects/Final_Project/lab_6.runs/impl_1/runme.log
write_hw_platform -fixed -include_bit -force -file C:/Users/curti/OneDrive/Documents/UIUC/ECE-385/Vivado_Projects/Final_Project/mb_usb_hdmi_top.xsa
INFO: [Project 1-1918] Creating Hardware Platform: C:/Users/curti/OneDrive/Documents/UIUC/ECE-385/Vivado_Projects/Final_Project/mb_usb_hdmi_top.xsa ...
INFO: [Project 1-1943] The Hardware Platform can be used for Hardware
INFO: [Project 1-1941] Successfully created Hardware Platform: C:/Users/curti/OneDrive/Documents/UIUC/ECE-385/Vivado_Projects/Final_Project/mb_usb_hdmi_top.xsa
file copy -force C:/Users/curti/OneDrive/Documents/UIUC/ECE-385/Vivado_Projects/Final_Project/lab_6.runs/impl_1/mb_usb_hdmi_top.bit C:/Users/curti/OneDrive/Documents/UIUC/ECE-385/Vivado_Projects/Final_Project/mb_usb_hdmi_top.bit
reset_run synth_1
INFO: [Project 1-1161] Replacing file C:/Users/curti/OneDrive/Documents/UIUC/ECE-385/Vivado_Projects/Final_Project/lab_6.srcs/utils_1/imports/synth_1/mb_intro_top.dcp with file C:/Users/curti/OneDrive/Documents/UIUC/ECE-385/Vivado_Projects/Final_Project/lab_6.runs/synth_1/mb_usb_hdmi_top.dcp
launch_runs impl_1 -to_step write_bitstream -jobs 20
[Thu Dec  5 15:26:29 2024] Launched synth_1...
Run output will be captured here: C:/Users/curti/OneDrive/Documents/UIUC/ECE-385/Vivado_Projects/Final_Project/lab_6.runs/synth_1/runme.log
[Thu Dec  5 15:26:29 2024] Launched impl_1...
Run output will be captured here: C:/Users/curti/OneDrive/Documents/UIUC/ECE-385/Vivado_Projects/Final_Project/lab_6.runs/impl_1/runme.log
write_hw_platform -fixed -include_bit -force -file C:/Users/curti/OneDrive/Documents/UIUC/ECE-385/Vivado_Projects/Final_Project/mb_usb_hdmi_top.xsa
INFO: [Project 1-1918] Creating Hardware Platform: C:/Users/curti/OneDrive/Documents/UIUC/ECE-385/Vivado_Projects/Final_Project/mb_usb_hdmi_top.xsa ...
INFO: [Project 1-1943] The Hardware Platform can be used for Hardware
INFO: [Project 1-1941] Successfully created Hardware Platform: C:/Users/curti/OneDrive/Documents/UIUC/ECE-385/Vivado_Projects/Final_Project/mb_usb_hdmi_top.xsa
file copy -force C:/Users/curti/OneDrive/Documents/UIUC/ECE-385/Vivado_Projects/Final_Project/lab_6.runs/impl_1/mb_usb_hdmi_top.bit C:/Users/curti/OneDrive/Documents/UIUC/ECE-385/Vivado_Projects/Final_Project/mb_usb_hdmi_top.bit
reset_run synth_1
INFO: [Project 1-1161] Replacing file C:/Users/curti/OneDrive/Documents/UIUC/ECE-385/Vivado_Projects/Final_Project/lab_6.srcs/utils_1/imports/synth_1/mb_intro_top.dcp with file C:/Users/curti/OneDrive/Documents/UIUC/ECE-385/Vivado_Projects/Final_Project/lab_6.runs/synth_1/mb_usb_hdmi_top.dcp
launch_runs impl_1 -to_step write_bitstream -jobs 20
[Thu Dec  5 15:40:38 2024] Launched synth_1...
Run output will be captured here: C:/Users/curti/OneDrive/Documents/UIUC/ECE-385/Vivado_Projects/Final_Project/lab_6.runs/synth_1/runme.log
[Thu Dec  5 15:40:38 2024] Launched impl_1...
Run output will be captured here: C:/Users/curti/OneDrive/Documents/UIUC/ECE-385/Vivado_Projects/Final_Project/lab_6.runs/impl_1/runme.log
reset_run synth_1
INFO: [Project 1-1161] Replacing file C:/Users/curti/OneDrive/Documents/UIUC/ECE-385/Vivado_Projects/Final_Project/lab_6.srcs/utils_1/imports/synth_1/mb_intro_top.dcp with file C:/Users/curti/OneDrive/Documents/UIUC/ECE-385/Vivado_Projects/Final_Project/lab_6.runs/synth_1/mb_usb_hdmi_top.dcp
launch_runs impl_1 -to_step write_bitstream -jobs 20
[Thu Dec  5 15:45:53 2024] Launched synth_1...
Run output will be captured here: C:/Users/curti/OneDrive/Documents/UIUC/ECE-385/Vivado_Projects/Final_Project/lab_6.runs/synth_1/runme.log
[Thu Dec  5 15:45:53 2024] Launched impl_1...
Run output will be captured here: C:/Users/curti/OneDrive/Documents/UIUC/ECE-385/Vivado_Projects/Final_Project/lab_6.runs/impl_1/runme.log
reset_run synth_1
INFO: [Project 1-1161] Replacing file C:/Users/curti/OneDrive/Documents/UIUC/ECE-385/Vivado_Projects/Final_Project/lab_6.srcs/utils_1/imports/synth_1/mb_intro_top.dcp with file C:/Users/curti/OneDrive/Documents/UIUC/ECE-385/Vivado_Projects/Final_Project/lab_6.runs/synth_1/mb_usb_hdmi_top.dcp
launch_runs impl_1 -to_step write_bitstream -jobs 20
[Thu Dec  5 16:02:31 2024] Launched synth_1...
Run output will be captured here: C:/Users/curti/OneDrive/Documents/UIUC/ECE-385/Vivado_Projects/Final_Project/lab_6.runs/synth_1/runme.log
[Thu Dec  5 16:02:31 2024] Launched impl_1...
Run output will be captured here: C:/Users/curti/OneDrive/Documents/UIUC/ECE-385/Vivado_Projects/Final_Project/lab_6.runs/impl_1/runme.log
write_hw_platform -fixed -include_bit -force -file C:/Users/curti/OneDrive/Documents/UIUC/ECE-385/Vivado_Projects/Final_Project/mb_usb_hdmi_top.xsa
INFO: [Project 1-1918] Creating Hardware Platform: C:/Users/curti/OneDrive/Documents/UIUC/ECE-385/Vivado_Projects/Final_Project/mb_usb_hdmi_top.xsa ...
INFO: [Project 1-1943] The Hardware Platform can be used for Hardware
INFO: [Project 1-1941] Successfully created Hardware Platform: C:/Users/curti/OneDrive/Documents/UIUC/ECE-385/Vivado_Projects/Final_Project/mb_usb_hdmi_top.xsa
file copy -force C:/Users/curti/OneDrive/Documents/UIUC/ECE-385/Vivado_Projects/Final_Project/lab_6.runs/impl_1/mb_usb_hdmi_top.bit C:/Users/curti/OneDrive/Documents/UIUC/ECE-385/Vivado_Projects/Final_Project/mb_usb_hdmi_top.bit
create_ip_run [get_files -of_objects [get_fileset sources_1] C:/Users/curti/OneDrive/Documents/UIUC/ECE-385/Vivado_Projects/Final_Project/lab_6.srcs/sources_1/bd/mb_block/mb_block.bd]
refresh_design
Netlist sorting complete. Time (s): cpu = 00:00:01 ; elapsed = 00:00:00.234 . Memory (MB): peak = 2971.066 ; gain = 0.000
INFO: [Netlist 29-17] Analyzing 831 Unisim elements for replacement
INFO: [Netlist 29-28] Unisim Transformation completed in 0 CPU seconds
INFO: [Project 1-479] Netlist was created with Vivado 2022.2
INFO: [Project 1-570] Preparing netlist for logic optimization
WARNING: [Constraints 18-550] Could not create 'IBUF_LOW_PWR' constraint because net 'clk_wiz/clk_in1' is not directly connected to top level port. Synthesis is ignored for IBUF_LOW_PWR but preserved for implementation.
WARNING: [Constraints 18-550] Could not create 'IBUF_LOW_PWR' constraint because net 'mb_block_i/clk_wiz_1/clk_in1' is not directly connected to top level port. Synthesis is ignored for IBUF_LOW_PWR but preserved for implementation.
INFO: [Timing 38-478] Restoring timing data from binary archive.
INFO: [Timing 38-479] Binary timing data restore complete.
INFO: [Project 1-856] Restoring constraints from binary archive.
INFO: [Project 1-853] Binary constraint restore complete.
Reading XDEF placement.
Reading placer database...
Reading XDEF routing.
Read XDEF Files: Time (s): cpu = 00:00:00 ; elapsed = 00:00:00.760 . Memory (MB): peak = 2971.066 ; gain = 0.000
Restored from archive | CPU: 0.000000 secs | Memory: 0.000000 MB |
Finished XDEF File Restore: Time (s): cpu = 00:00:00 ; elapsed = 00:00:00.760 . Memory (MB): peak = 2971.066 ; gain = 0.000
Generating merged BMM file for the design top 'mb_usb_hdmi_top'...
INFO: [Memdata 28-144] Successfully populated the BRAM INIT strings from the following elf files: c:/Users/curti/OneDrive/Documents/UIUC/ECE-385/Vivado_Projects/Final_Project/lab_6.gen/sources_1/bd/mb_block/ip/mb_block_microblaze_0_0/data/mb_bootloop_le.elf 
refresh_design: Time (s): cpu = 00:00:04 ; elapsed = 00:00:06 . Memory (MB): peak = 2971.066 ; gain = 9.062
reset_run synth_1
INFO: [Project 1-1161] Replacing file C:/Users/curti/OneDrive/Documents/UIUC/ECE-385/Vivado_Projects/Final_Project/lab_6.srcs/utils_1/imports/synth_1/mb_intro_top.dcp with file C:/Users/curti/OneDrive/Documents/UIUC/ECE-385/Vivado_Projects/Final_Project/lab_6.runs/synth_1/mb_usb_hdmi_top.dcp
launch_runs impl_1 -to_step write_bitstream -jobs 20
[Thu Dec  5 16:16:46 2024] Launched synth_1...
Run output will be captured here: C:/Users/curti/OneDrive/Documents/UIUC/ECE-385/Vivado_Projects/Final_Project/lab_6.runs/synth_1/runme.log
[Thu Dec  5 16:16:46 2024] Launched impl_1...
Run output will be captured here: C:/Users/curti/OneDrive/Documents/UIUC/ECE-385/Vivado_Projects/Final_Project/lab_6.runs/impl_1/runme.log
write_hw_platform -fixed -include_bit -force -file C:/Users/curti/OneDrive/Documents/UIUC/ECE-385/Vivado_Projects/Final_Project/mb_usb_hdmi_top.xsa
INFO: [Project 1-1918] Creating Hardware Platform: C:/Users/curti/OneDrive/Documents/UIUC/ECE-385/Vivado_Projects/Final_Project/mb_usb_hdmi_top.xsa ...
INFO: [Project 1-1943] The Hardware Platform can be used for Hardware
INFO: [Project 1-1941] Successfully created Hardware Platform: C:/Users/curti/OneDrive/Documents/UIUC/ECE-385/Vivado_Projects/Final_Project/mb_usb_hdmi_top.xsa
file copy -force C:/Users/curti/OneDrive/Documents/UIUC/ECE-385/Vivado_Projects/Final_Project/lab_6.runs/impl_1/mb_usb_hdmi_top.bit C:/Users/curti/OneDrive/Documents/UIUC/ECE-385/Vivado_Projects/Final_Project/mb_usb_hdmi_top.bit
reset_run synth_1
INFO: [Project 1-1161] Replacing file C:/Users/curti/OneDrive/Documents/UIUC/ECE-385/Vivado_Projects/Final_Project/lab_6.srcs/utils_1/imports/synth_1/mb_intro_top.dcp with file C:/Users/curti/OneDrive/Documents/UIUC/ECE-385/Vivado_Projects/Final_Project/lab_6.runs/synth_1/mb_usb_hdmi_top.dcp
launch_runs impl_1 -to_step write_bitstream -jobs 20
[Thu Dec  5 16:45:01 2024] Launched synth_1...
Run output will be captured here: C:/Users/curti/OneDrive/Documents/UIUC/ECE-385/Vivado_Projects/Final_Project/lab_6.runs/synth_1/runme.log
[Thu Dec  5 16:45:01 2024] Launched impl_1...
Run output will be captured here: C:/Users/curti/OneDrive/Documents/UIUC/ECE-385/Vivado_Projects/Final_Project/lab_6.runs/impl_1/runme.log
write_hw_platform -fixed -include_bit -force -file C:/Users/curti/OneDrive/Documents/UIUC/ECE-385/Vivado_Projects/Final_Project/mb_usb_hdmi_top.xsa
INFO: [Project 1-1918] Creating Hardware Platform: C:/Users/curti/OneDrive/Documents/UIUC/ECE-385/Vivado_Projects/Final_Project/mb_usb_hdmi_top.xsa ...
INFO: [Project 1-1943] The Hardware Platform can be used for Hardware
INFO: [Project 1-1941] Successfully created Hardware Platform: C:/Users/curti/OneDrive/Documents/UIUC/ECE-385/Vivado_Projects/Final_Project/mb_usb_hdmi_top.xsa
file copy -force C:/Users/curti/OneDrive/Documents/UIUC/ECE-385/Vivado_Projects/Final_Project/lab_6.runs/impl_1/mb_usb_hdmi_top.bit C:/Users/curti/OneDrive/Documents/UIUC/ECE-385/Vivado_Projects/Final_Project/mb_usb_hdmi_top.bit
reset_run synth_1
INFO: [Project 1-1161] Replacing file C:/Users/curti/OneDrive/Documents/UIUC/ECE-385/Vivado_Projects/Final_Project/lab_6.srcs/utils_1/imports/synth_1/mb_intro_top.dcp with file C:/Users/curti/OneDrive/Documents/UIUC/ECE-385/Vivado_Projects/Final_Project/lab_6.runs/synth_1/mb_usb_hdmi_top.dcp
launch_runs impl_1 -to_step write_bitstream -jobs 20
[Thu Dec  5 16:53:21 2024] Launched synth_1...
Run output will be captured here: C:/Users/curti/OneDrive/Documents/UIUC/ECE-385/Vivado_Projects/Final_Project/lab_6.runs/synth_1/runme.log
[Thu Dec  5 16:53:21 2024] Launched impl_1...
Run output will be captured here: C:/Users/curti/OneDrive/Documents/UIUC/ECE-385/Vivado_Projects/Final_Project/lab_6.runs/impl_1/runme.log
reset_run impl_1
reset_run synth_1
INFO: [Project 1-1161] Replacing file C:/Users/curti/OneDrive/Documents/UIUC/ECE-385/Vivado_Projects/Final_Project/lab_6.srcs/utils_1/imports/synth_1/mb_intro_top.dcp with file C:/Users/curti/OneDrive/Documents/UIUC/ECE-385/Vivado_Projects/Final_Project/lab_6.runs/synth_1/mb_usb_hdmi_top.dcp
launch_runs impl_1 -to_step write_bitstream -jobs 20
[Thu Dec  5 16:55:02 2024] Launched synth_1...
Run output will be captured here: C:/Users/curti/OneDrive/Documents/UIUC/ECE-385/Vivado_Projects/Final_Project/lab_6.runs/synth_1/runme.log
[Thu Dec  5 16:55:02 2024] Launched impl_1...
Run output will be captured here: C:/Users/curti/OneDrive/Documents/UIUC/ECE-385/Vivado_Projects/Final_Project/lab_6.runs/impl_1/runme.log
write_hw_platform -fixed -include_bit -force -file C:/Users/curti/OneDrive/Documents/UIUC/ECE-385/Vivado_Projects/Final_Project/mb_usb_hdmi_top.xsa
INFO: [Project 1-1918] Creating Hardware Platform: C:/Users/curti/OneDrive/Documents/UIUC/ECE-385/Vivado_Projects/Final_Project/mb_usb_hdmi_top.xsa ...
INFO: [Project 1-1943] The Hardware Platform can be used for Hardware
INFO: [Project 1-1941] Successfully created Hardware Platform: C:/Users/curti/OneDrive/Documents/UIUC/ECE-385/Vivado_Projects/Final_Project/mb_usb_hdmi_top.xsa
file copy -force C:/Users/curti/OneDrive/Documents/UIUC/ECE-385/Vivado_Projects/Final_Project/lab_6.runs/impl_1/mb_usb_hdmi_top.bit C:/Users/curti/OneDrive/Documents/UIUC/ECE-385/Vivado_Projects/Final_Project/mb_usb_hdmi_top.bit
reset_run synth_1
INFO: [Project 1-1161] Replacing file C:/Users/curti/OneDrive/Documents/UIUC/ECE-385/Vivado_Projects/Final_Project/lab_6.srcs/utils_1/imports/synth_1/mb_intro_top.dcp with file C:/Users/curti/OneDrive/Documents/UIUC/ECE-385/Vivado_Projects/Final_Project/lab_6.runs/synth_1/mb_usb_hdmi_top.dcp
launch_runs impl_1 -to_step write_bitstream -jobs 20
[Thu Dec  5 17:01:18 2024] Launched synth_1...
Run output will be captured here: C:/Users/curti/OneDrive/Documents/UIUC/ECE-385/Vivado_Projects/Final_Project/lab_6.runs/synth_1/runme.log
[Thu Dec  5 17:01:18 2024] Launched impl_1...
Run output will be captured here: C:/Users/curti/OneDrive/Documents/UIUC/ECE-385/Vivado_Projects/Final_Project/lab_6.runs/impl_1/runme.log
INFO: [Vivado 12-8217] Implementation run is out of date. Exported hardware information may be inconsistent with respect to the current state of the design. It is recommended that you re-run implementation and re-generate bitstream/PDI before doing hardware export.
INFO: [Vivado 12-8217] Implementation run is out of date. Exported hardware information may be inconsistent with respect to the current state of the design. It is recommended that you re-run implementation and re-generate bitstream/PDI before doing hardware export.
write_hw_platform -fixed -include_bit -force -file C:/Users/curti/OneDrive/Documents/UIUC/ECE-385/Vivado_Projects/Final_Project/mb_usb_hdmi_top.xsa
INFO: [Project 1-1918] Creating Hardware Platform: C:/Users/curti/OneDrive/Documents/UIUC/ECE-385/Vivado_Projects/Final_Project/mb_usb_hdmi_top.xsa ...
INFO: [Project 1-1943] The Hardware Platform can be used for Hardware
INFO: [Project 1-1941] Successfully created Hardware Platform: C:/Users/curti/OneDrive/Documents/UIUC/ECE-385/Vivado_Projects/Final_Project/mb_usb_hdmi_top.xsa
file copy -force C:/Users/curti/OneDrive/Documents/UIUC/ECE-385/Vivado_Projects/Final_Project/lab_6.runs/impl_1/mb_usb_hdmi_top.bit C:/Users/curti/OneDrive/Documents/UIUC/ECE-385/Vivado_Projects/Final_Project/mb_usb_hdmi_top.bit
reset_run synth_1
INFO: [Project 1-1161] Replacing file C:/Users/curti/OneDrive/Documents/UIUC/ECE-385/Vivado_Projects/Final_Project/lab_6.srcs/utils_1/imports/synth_1/mb_intro_top.dcp with file C:/Users/curti/OneDrive/Documents/UIUC/ECE-385/Vivado_Projects/Final_Project/lab_6.runs/synth_1/mb_usb_hdmi_top.dcp
launch_runs impl_1 -to_step write_bitstream -jobs 20
[Thu Dec  5 17:09:55 2024] Launched synth_1...
Run output will be captured here: C:/Users/curti/OneDrive/Documents/UIUC/ECE-385/Vivado_Projects/Final_Project/lab_6.runs/synth_1/runme.log
[Thu Dec  5 17:09:55 2024] Launched impl_1...
Run output will be captured here: C:/Users/curti/OneDrive/Documents/UIUC/ECE-385/Vivado_Projects/Final_Project/lab_6.runs/impl_1/runme.log
write_hw_platform -fixed -include_bit -force -file C:/Users/curti/OneDrive/Documents/UIUC/ECE-385/Vivado_Projects/Final_Project/mb_usb_hdmi_top.xsa
INFO: [Project 1-1918] Creating Hardware Platform: C:/Users/curti/OneDrive/Documents/UIUC/ECE-385/Vivado_Projects/Final_Project/mb_usb_hdmi_top.xsa ...
INFO: [Project 1-1943] The Hardware Platform can be used for Hardware
INFO: [Project 1-1941] Successfully created Hardware Platform: C:/Users/curti/OneDrive/Documents/UIUC/ECE-385/Vivado_Projects/Final_Project/mb_usb_hdmi_top.xsa
file copy -force C:/Users/curti/OneDrive/Documents/UIUC/ECE-385/Vivado_Projects/Final_Project/lab_6.runs/impl_1/mb_usb_hdmi_top.bit C:/Users/curti/OneDrive/Documents/UIUC/ECE-385/Vivado_Projects/Final_Project/mb_usb_hdmi_top.bit
create_ip_run [get_files -of_objects [get_fileset sources_1] C:/Users/curti/OneDrive/Documents/UIUC/ECE-385/Vivado_Projects/Final_Project/lab_6.srcs/sources_1/bd/mb_block/mb_block.bd]
refresh_design
Netlist sorting complete. Time (s): cpu = 00:00:00 ; elapsed = 00:00:00.223 . Memory (MB): peak = 3024.730 ; gain = 0.000
INFO: [Netlist 29-17] Analyzing 835 Unisim elements for replacement
INFO: [Netlist 29-28] Unisim Transformation completed in 0 CPU seconds
INFO: [Project 1-479] Netlist was created with Vivado 2022.2
INFO: [Project 1-570] Preparing netlist for logic optimization
WARNING: [Constraints 18-550] Could not create 'IBUF_LOW_PWR' constraint because net 'clk_wiz/clk_in1' is not directly connected to top level port. Synthesis is ignored for IBUF_LOW_PWR but preserved for implementation.
WARNING: [Constraints 18-550] Could not create 'IBUF_LOW_PWR' constraint because net 'mb_block_i/clk_wiz_1/clk_in1' is not directly connected to top level port. Synthesis is ignored for IBUF_LOW_PWR but preserved for implementation.
INFO: [Timing 38-478] Restoring timing data from binary archive.
INFO: [Timing 38-479] Binary timing data restore complete.
INFO: [Project 1-856] Restoring constraints from binary archive.
INFO: [Project 1-853] Binary constraint restore complete.
Reading XDEF placement.
Reading placer database...
Reading XDEF routing.
Read XDEF Files: Time (s): cpu = 00:00:01 ; elapsed = 00:00:00.776 . Memory (MB): peak = 3024.730 ; gain = 0.000
Restored from archive | CPU: 1.000000 secs | Memory: 0.000000 MB |
Finished XDEF File Restore: Time (s): cpu = 00:00:01 ; elapsed = 00:00:00.776 . Memory (MB): peak = 3024.730 ; gain = 0.000
Generating merged BMM file for the design top 'mb_usb_hdmi_top'...
INFO: [Memdata 28-144] Successfully populated the BRAM INIT strings from the following elf files: c:/Users/curti/OneDrive/Documents/UIUC/ECE-385/Vivado_Projects/Final_Project/lab_6.gen/sources_1/bd/mb_block/ip/mb_block_microblaze_0_0/data/mb_bootloop_le.elf 
refresh_design: Time (s): cpu = 00:00:04 ; elapsed = 00:00:06 . Memory (MB): peak = 3024.730 ; gain = 12.734
reset_run synth_1
INFO: [Project 1-1161] Replacing file C:/Users/curti/OneDrive/Documents/UIUC/ECE-385/Vivado_Projects/Final_Project/lab_6.srcs/utils_1/imports/synth_1/mb_intro_top.dcp with file C:/Users/curti/OneDrive/Documents/UIUC/ECE-385/Vivado_Projects/Final_Project/lab_6.runs/synth_1/mb_usb_hdmi_top.dcp
launch_runs impl_1 -to_step write_bitstream -jobs 20
[Thu Dec  5 17:15:20 2024] Launched synth_1...
Run output will be captured here: C:/Users/curti/OneDrive/Documents/UIUC/ECE-385/Vivado_Projects/Final_Project/lab_6.runs/synth_1/runme.log
[Thu Dec  5 17:15:20 2024] Launched impl_1...
Run output will be captured here: C:/Users/curti/OneDrive/Documents/UIUC/ECE-385/Vivado_Projects/Final_Project/lab_6.runs/impl_1/runme.log
write_hw_platform -fixed -include_bit -force -file C:/Users/curti/OneDrive/Documents/UIUC/ECE-385/Vivado_Projects/Final_Project/mb_usb_hdmi_top.xsa
INFO: [Project 1-1918] Creating Hardware Platform: C:/Users/curti/OneDrive/Documents/UIUC/ECE-385/Vivado_Projects/Final_Project/mb_usb_hdmi_top.xsa ...
INFO: [Project 1-1943] The Hardware Platform can be used for Hardware
INFO: [Project 1-1941] Successfully created Hardware Platform: C:/Users/curti/OneDrive/Documents/UIUC/ECE-385/Vivado_Projects/Final_Project/mb_usb_hdmi_top.xsa
file copy -force C:/Users/curti/OneDrive/Documents/UIUC/ECE-385/Vivado_Projects/Final_Project/lab_6.runs/impl_1/mb_usb_hdmi_top.bit C:/Users/curti/OneDrive/Documents/UIUC/ECE-385/Vivado_Projects/Final_Project/mb_usb_hdmi_top.bit
reset_run synth_1
INFO: [Project 1-1161] Replacing file C:/Users/curti/OneDrive/Documents/UIUC/ECE-385/Vivado_Projects/Final_Project/lab_6.srcs/utils_1/imports/synth_1/mb_intro_top.dcp with file C:/Users/curti/OneDrive/Documents/UIUC/ECE-385/Vivado_Projects/Final_Project/lab_6.runs/synth_1/mb_usb_hdmi_top.dcp
launch_runs impl_1 -to_step write_bitstream -jobs 20
[Thu Dec  5 17:20:52 2024] Launched synth_1...
Run output will be captured here: C:/Users/curti/OneDrive/Documents/UIUC/ECE-385/Vivado_Projects/Final_Project/lab_6.runs/synth_1/runme.log
[Thu Dec  5 17:20:52 2024] Launched impl_1...
Run output will be captured here: C:/Users/curti/OneDrive/Documents/UIUC/ECE-385/Vivado_Projects/Final_Project/lab_6.runs/impl_1/runme.log
write_hw_platform -fixed -include_bit -force -file C:/Users/curti/OneDrive/Documents/UIUC/ECE-385/Vivado_Projects/Final_Project/mb_usb_hdmi_top.xsa
INFO: [Project 1-1918] Creating Hardware Platform: C:/Users/curti/OneDrive/Documents/UIUC/ECE-385/Vivado_Projects/Final_Project/mb_usb_hdmi_top.xsa ...
INFO: [Project 1-1943] The Hardware Platform can be used for Hardware
INFO: [Project 1-1941] Successfully created Hardware Platform: C:/Users/curti/OneDrive/Documents/UIUC/ECE-385/Vivado_Projects/Final_Project/mb_usb_hdmi_top.xsa
file copy -force C:/Users/curti/OneDrive/Documents/UIUC/ECE-385/Vivado_Projects/Final_Project/lab_6.runs/impl_1/mb_usb_hdmi_top.bit C:/Users/curti/OneDrive/Documents/UIUC/ECE-385/Vivado_Projects/Final_Project/mb_usb_hdmi_top.bit
reset_run synth_1
INFO: [Project 1-1161] Replacing file C:/Users/curti/OneDrive/Documents/UIUC/ECE-385/Vivado_Projects/Final_Project/lab_6.srcs/utils_1/imports/synth_1/mb_intro_top.dcp with file C:/Users/curti/OneDrive/Documents/UIUC/ECE-385/Vivado_Projects/Final_Project/lab_6.runs/synth_1/mb_usb_hdmi_top.dcp
launch_runs impl_1 -to_step write_bitstream -jobs 20
[Thu Dec  5 17:26:43 2024] Launched synth_1...
Run output will be captured here: C:/Users/curti/OneDrive/Documents/UIUC/ECE-385/Vivado_Projects/Final_Project/lab_6.runs/synth_1/runme.log
[Thu Dec  5 17:26:44 2024] Launched impl_1...
Run output will be captured here: C:/Users/curti/OneDrive/Documents/UIUC/ECE-385/Vivado_Projects/Final_Project/lab_6.runs/impl_1/runme.log
write_hw_platform -fixed -include_bit -force -file C:/Users/curti/OneDrive/Documents/UIUC/ECE-385/Vivado_Projects/Final_Project/mb_usb_hdmi_top.xsa
INFO: [Project 1-1918] Creating Hardware Platform: C:/Users/curti/OneDrive/Documents/UIUC/ECE-385/Vivado_Projects/Final_Project/mb_usb_hdmi_top.xsa ...
INFO: [Project 1-1943] The Hardware Platform can be used for Hardware
INFO: [Project 1-1941] Successfully created Hardware Platform: C:/Users/curti/OneDrive/Documents/UIUC/ECE-385/Vivado_Projects/Final_Project/mb_usb_hdmi_top.xsa
file copy -force C:/Users/curti/OneDrive/Documents/UIUC/ECE-385/Vivado_Projects/Final_Project/lab_6.runs/impl_1/mb_usb_hdmi_top.bit C:/Users/curti/OneDrive/Documents/UIUC/ECE-385/Vivado_Projects/Final_Project/mb_usb_hdmi_top.bit
reset_run synth_1
INFO: [Project 1-1161] Replacing file C:/Users/curti/OneDrive/Documents/UIUC/ECE-385/Vivado_Projects/Final_Project/lab_6.srcs/utils_1/imports/synth_1/mb_intro_top.dcp with file C:/Users/curti/OneDrive/Documents/UIUC/ECE-385/Vivado_Projects/Final_Project/lab_6.runs/synth_1/mb_usb_hdmi_top.dcp
launch_runs impl_1 -to_step write_bitstream -jobs 20
[Thu Dec  5 17:32:35 2024] Launched synth_1...
Run output will be captured here: C:/Users/curti/OneDrive/Documents/UIUC/ECE-385/Vivado_Projects/Final_Project/lab_6.runs/synth_1/runme.log
[Thu Dec  5 17:32:36 2024] Launched impl_1...
Run output will be captured here: C:/Users/curti/OneDrive/Documents/UIUC/ECE-385/Vivado_Projects/Final_Project/lab_6.runs/impl_1/runme.log
write_hw_platform -fixed -include_bit -force -file C:/Users/curti/OneDrive/Documents/UIUC/ECE-385/Vivado_Projects/Final_Project/mb_usb_hdmi_top.xsa
INFO: [Project 1-1918] Creating Hardware Platform: C:/Users/curti/OneDrive/Documents/UIUC/ECE-385/Vivado_Projects/Final_Project/mb_usb_hdmi_top.xsa ...
INFO: [Project 1-1943] The Hardware Platform can be used for Hardware
INFO: [Project 1-1941] Successfully created Hardware Platform: C:/Users/curti/OneDrive/Documents/UIUC/ECE-385/Vivado_Projects/Final_Project/mb_usb_hdmi_top.xsa
file copy -force C:/Users/curti/OneDrive/Documents/UIUC/ECE-385/Vivado_Projects/Final_Project/lab_6.runs/impl_1/mb_usb_hdmi_top.bit C:/Users/curti/OneDrive/Documents/UIUC/ECE-385/Vivado_Projects/Final_Project/mb_usb_hdmi_top.bit
reset_run synth_1
INFO: [Project 1-1161] Replacing file C:/Users/curti/OneDrive/Documents/UIUC/ECE-385/Vivado_Projects/Final_Project/lab_6.srcs/utils_1/imports/synth_1/mb_intro_top.dcp with file C:/Users/curti/OneDrive/Documents/UIUC/ECE-385/Vivado_Projects/Final_Project/lab_6.runs/synth_1/mb_usb_hdmi_top.dcp
launch_runs impl_1 -to_step write_bitstream -jobs 20
[Thu Dec  5 17:39:47 2024] Launched synth_1...
Run output will be captured here: C:/Users/curti/OneDrive/Documents/UIUC/ECE-385/Vivado_Projects/Final_Project/lab_6.runs/synth_1/runme.log
[Thu Dec  5 17:39:47 2024] Launched impl_1...
Run output will be captured here: C:/Users/curti/OneDrive/Documents/UIUC/ECE-385/Vivado_Projects/Final_Project/lab_6.runs/impl_1/runme.log
reset_run synth_1
WARNING: [Vivado 12-1017] Problems encountered:
1. Failed to delete one or more files in run directory C:/Users/curti/OneDrive/Documents/UIUC/ECE-385/Vivado_Projects/Final_Project/lab_6.runs/synth_1

launch_runs impl_1 -to_step write_bitstream -jobs 20
[Thu Dec  5 17:40:12 2024] Launched synth_1...
Run output will be captured here: C:/Users/curti/OneDrive/Documents/UIUC/ECE-385/Vivado_Projects/Final_Project/lab_6.runs/synth_1/runme.log
[Thu Dec  5 17:40:12 2024] Launched impl_1...
Run output will be captured here: C:/Users/curti/OneDrive/Documents/UIUC/ECE-385/Vivado_Projects/Final_Project/lab_6.runs/impl_1/runme.log
write_hw_platform -fixed -include_bit -force -file C:/Users/curti/OneDrive/Documents/UIUC/ECE-385/Vivado_Projects/Final_Project/mb_usb_hdmi_top.xsa
INFO: [Project 1-1918] Creating Hardware Platform: C:/Users/curti/OneDrive/Documents/UIUC/ECE-385/Vivado_Projects/Final_Project/mb_usb_hdmi_top.xsa ...
INFO: [Project 1-1943] The Hardware Platform can be used for Hardware
INFO: [Project 1-1941] Successfully created Hardware Platform: C:/Users/curti/OneDrive/Documents/UIUC/ECE-385/Vivado_Projects/Final_Project/mb_usb_hdmi_top.xsa
file copy -force C:/Users/curti/OneDrive/Documents/UIUC/ECE-385/Vivado_Projects/Final_Project/lab_6.runs/impl_1/mb_usb_hdmi_top.bit C:/Users/curti/OneDrive/Documents/UIUC/ECE-385/Vivado_Projects/Final_Project/mb_usb_hdmi_top.bit
reset_run synth_1
INFO: [Project 1-1161] Replacing file C:/Users/curti/OneDrive/Documents/UIUC/ECE-385/Vivado_Projects/Final_Project/lab_6.srcs/utils_1/imports/synth_1/mb_intro_top.dcp with file C:/Users/curti/OneDrive/Documents/UIUC/ECE-385/Vivado_Projects/Final_Project/lab_6.runs/synth_1/mb_usb_hdmi_top.dcp
launch_runs impl_1 -to_step write_bitstream -jobs 20
[Thu Dec  5 17:46:21 2024] Launched synth_1...
Run output will be captured here: C:/Users/curti/OneDrive/Documents/UIUC/ECE-385/Vivado_Projects/Final_Project/lab_6.runs/synth_1/runme.log
[Thu Dec  5 17:46:21 2024] Launched impl_1...
Run output will be captured here: C:/Users/curti/OneDrive/Documents/UIUC/ECE-385/Vivado_Projects/Final_Project/lab_6.runs/impl_1/runme.log
write_hw_platform -fixed -include_bit -force -file C:/Users/curti/OneDrive/Documents/UIUC/ECE-385/Vivado_Projects/Final_Project/mb_usb_hdmi_top.xsa
INFO: [Project 1-1918] Creating Hardware Platform: C:/Users/curti/OneDrive/Documents/UIUC/ECE-385/Vivado_Projects/Final_Project/mb_usb_hdmi_top.xsa ...
INFO: [Project 1-1943] The Hardware Platform can be used for Hardware
INFO: [Project 1-1941] Successfully created Hardware Platform: C:/Users/curti/OneDrive/Documents/UIUC/ECE-385/Vivado_Projects/Final_Project/mb_usb_hdmi_top.xsa
file copy -force C:/Users/curti/OneDrive/Documents/UIUC/ECE-385/Vivado_Projects/Final_Project/lab_6.runs/impl_1/mb_usb_hdmi_top.bit C:/Users/curti/OneDrive/Documents/UIUC/ECE-385/Vivado_Projects/Final_Project/mb_usb_hdmi_top.bit
create_ip_run [get_files -of_objects [get_fileset sources_1] C:/Users/curti/OneDrive/Documents/UIUC/ECE-385/Vivado_Projects/Final_Project/lab_6.srcs/sources_1/bd/mb_block/mb_block.bd]
refresh_design
Netlist sorting complete. Time (s): cpu = 00:00:00 ; elapsed = 00:00:00.210 . Memory (MB): peak = 3081.484 ; gain = 0.000
INFO: [Netlist 29-17] Analyzing 416 Unisim elements for replacement
INFO: [Netlist 29-28] Unisim Transformation completed in 0 CPU seconds
INFO: [Project 1-479] Netlist was created with Vivado 2022.2
INFO: [Project 1-570] Preparing netlist for logic optimization
WARNING: [Constraints 18-550] Could not create 'IBUF_LOW_PWR' constraint because net 'clk_wiz/clk_in1' is not directly connected to top level port. Synthesis is ignored for IBUF_LOW_PWR but preserved for implementation.
WARNING: [Constraints 18-550] Could not create 'IBUF_LOW_PWR' constraint because net 'mb_block_i/clk_wiz_1/clk_in1' is not directly connected to top level port. Synthesis is ignored for IBUF_LOW_PWR but preserved for implementation.
INFO: [Timing 38-478] Restoring timing data from binary archive.
INFO: [Timing 38-479] Binary timing data restore complete.
INFO: [Project 1-856] Restoring constraints from binary archive.
INFO: [Project 1-853] Binary constraint restore complete.
Reading XDEF placement.
Reading placer database...
Reading XDEF routing.
Read XDEF Files: Time (s): cpu = 00:00:01 ; elapsed = 00:00:00.586 . Memory (MB): peak = 3081.484 ; gain = 0.000
Restored from archive | CPU: 1.000000 secs | Memory: 0.000000 MB |
Finished XDEF File Restore: Time (s): cpu = 00:00:01 ; elapsed = 00:00:00.586 . Memory (MB): peak = 3081.484 ; gain = 0.000
Generating merged BMM file for the design top 'mb_usb_hdmi_top'...
INFO: [Memdata 28-144] Successfully populated the BRAM INIT strings from the following elf files: c:/Users/curti/OneDrive/Documents/UIUC/ECE-385/Vivado_Projects/Final_Project/lab_6.gen/sources_1/bd/mb_block/ip/mb_block_microblaze_0_0/data/mb_bootloop_le.elf 
refresh_design: Time (s): cpu = 00:00:04 ; elapsed = 00:00:05 . Memory (MB): peak = 3081.484 ; gain = 9.281
reset_run synth_1
INFO: [Project 1-1161] Replacing file C:/Users/curti/OneDrive/Documents/UIUC/ECE-385/Vivado_Projects/Final_Project/lab_6.srcs/utils_1/imports/synth_1/mb_intro_top.dcp with file C:/Users/curti/OneDrive/Documents/UIUC/ECE-385/Vivado_Projects/Final_Project/lab_6.runs/synth_1/mb_usb_hdmi_top.dcp
launch_runs impl_1 -to_step write_bitstream -jobs 20
[Thu Dec  5 17:54:43 2024] Launched synth_1...
Run output will be captured here: C:/Users/curti/OneDrive/Documents/UIUC/ECE-385/Vivado_Projects/Final_Project/lab_6.runs/synth_1/runme.log
[Thu Dec  5 17:54:43 2024] Launched impl_1...
Run output will be captured here: C:/Users/curti/OneDrive/Documents/UIUC/ECE-385/Vivado_Projects/Final_Project/lab_6.runs/impl_1/runme.log
write_hw_platform -fixed -include_bit -force -file C:/Users/curti/OneDrive/Documents/UIUC/ECE-385/Vivado_Projects/Final_Project/mb_usb_hdmi_top.xsa
INFO: [Project 1-1918] Creating Hardware Platform: C:/Users/curti/OneDrive/Documents/UIUC/ECE-385/Vivado_Projects/Final_Project/mb_usb_hdmi_top.xsa ...
INFO: [Project 1-1943] The Hardware Platform can be used for Hardware
INFO: [Project 1-1941] Successfully created Hardware Platform: C:/Users/curti/OneDrive/Documents/UIUC/ECE-385/Vivado_Projects/Final_Project/mb_usb_hdmi_top.xsa
file copy -force C:/Users/curti/OneDrive/Documents/UIUC/ECE-385/Vivado_Projects/Final_Project/lab_6.runs/impl_1/mb_usb_hdmi_top.bit C:/Users/curti/OneDrive/Documents/UIUC/ECE-385/Vivado_Projects/Final_Project/mb_usb_hdmi_top.bit
reset_run synth_1
INFO: [Project 1-1161] Replacing file C:/Users/curti/OneDrive/Documents/UIUC/ECE-385/Vivado_Projects/Final_Project/lab_6.srcs/utils_1/imports/synth_1/mb_intro_top.dcp with file C:/Users/curti/OneDrive/Documents/UIUC/ECE-385/Vivado_Projects/Final_Project/lab_6.runs/synth_1/mb_usb_hdmi_top.dcp
launch_runs impl_1 -to_step write_bitstream -jobs 20
[Thu Dec  5 18:00:48 2024] Launched synth_1...
Run output will be captured here: C:/Users/curti/OneDrive/Documents/UIUC/ECE-385/Vivado_Projects/Final_Project/lab_6.runs/synth_1/runme.log
[Thu Dec  5 18:00:48 2024] Launched impl_1...
Run output will be captured here: C:/Users/curti/OneDrive/Documents/UIUC/ECE-385/Vivado_Projects/Final_Project/lab_6.runs/impl_1/runme.log
write_hw_platform -fixed -include_bit -force -file C:/Users/curti/OneDrive/Documents/UIUC/ECE-385/Vivado_Projects/Final_Project/mb_usb_hdmi_top.xsa
INFO: [Project 1-1918] Creating Hardware Platform: C:/Users/curti/OneDrive/Documents/UIUC/ECE-385/Vivado_Projects/Final_Project/mb_usb_hdmi_top.xsa ...
INFO: [Project 1-1943] The Hardware Platform can be used for Hardware
INFO: [Project 1-1941] Successfully created Hardware Platform: C:/Users/curti/OneDrive/Documents/UIUC/ECE-385/Vivado_Projects/Final_Project/mb_usb_hdmi_top.xsa
file copy -force C:/Users/curti/OneDrive/Documents/UIUC/ECE-385/Vivado_Projects/Final_Project/lab_6.runs/impl_1/mb_usb_hdmi_top.bit C:/Users/curti/OneDrive/Documents/UIUC/ECE-385/Vivado_Projects/Final_Project/mb_usb_hdmi_top.bit
reset_run synth_1
INFO: [Project 1-1161] Replacing file C:/Users/curti/OneDrive/Documents/UIUC/ECE-385/Vivado_Projects/Final_Project/lab_6.srcs/utils_1/imports/synth_1/mb_intro_top.dcp with file C:/Users/curti/OneDrive/Documents/UIUC/ECE-385/Vivado_Projects/Final_Project/lab_6.runs/synth_1/mb_usb_hdmi_top.dcp
launch_runs impl_1 -to_step write_bitstream -jobs 20
[Thu Dec  5 18:06:59 2024] Launched synth_1...
Run output will be captured here: C:/Users/curti/OneDrive/Documents/UIUC/ECE-385/Vivado_Projects/Final_Project/lab_6.runs/synth_1/runme.log
[Thu Dec  5 18:06:59 2024] Launched impl_1...
Run output will be captured here: C:/Users/curti/OneDrive/Documents/UIUC/ECE-385/Vivado_Projects/Final_Project/lab_6.runs/impl_1/runme.log
write_hw_platform -fixed -include_bit -force -file C:/Users/curti/OneDrive/Documents/UIUC/ECE-385/Vivado_Projects/Final_Project/mb_usb_hdmi_top.xsa
INFO: [Project 1-1918] Creating Hardware Platform: C:/Users/curti/OneDrive/Documents/UIUC/ECE-385/Vivado_Projects/Final_Project/mb_usb_hdmi_top.xsa ...
INFO: [Project 1-1943] The Hardware Platform can be used for Hardware
INFO: [Project 1-1941] Successfully created Hardware Platform: C:/Users/curti/OneDrive/Documents/UIUC/ECE-385/Vivado_Projects/Final_Project/mb_usb_hdmi_top.xsa
write_hw_platform -fixed -include_bit -force -file C:/Users/curti/OneDrive/Documents/UIUC/ECE-385/Vivado_Projects/Final_Project/mb_usb_hdmi_top.xsa
INFO: [Project 1-1918] Creating Hardware Platform: C:/Users/curti/OneDrive/Documents/UIUC/ECE-385/Vivado_Projects/Final_Project/mb_usb_hdmi_top.xsa ...
INFO: [Project 1-1943] The Hardware Platform can be used for Hardware
INFO: [Project 1-1941] Successfully created Hardware Platform: C:/Users/curti/OneDrive/Documents/UIUC/ECE-385/Vivado_Projects/Final_Project/mb_usb_hdmi_top.xsa
file copy -force C:/Users/curti/OneDrive/Documents/UIUC/ECE-385/Vivado_Projects/Final_Project/lab_6.runs/impl_1/mb_usb_hdmi_top.bit C:/Users/curti/OneDrive/Documents/UIUC/ECE-385/Vivado_Projects/Final_Project/mb_usb_hdmi_top.bit
reset_run synth_1
INFO: [Project 1-1161] Replacing file C:/Users/curti/OneDrive/Documents/UIUC/ECE-385/Vivado_Projects/Final_Project/lab_6.srcs/utils_1/imports/synth_1/mb_intro_top.dcp with file C:/Users/curti/OneDrive/Documents/UIUC/ECE-385/Vivado_Projects/Final_Project/lab_6.runs/synth_1/mb_usb_hdmi_top.dcp
launch_runs impl_1 -to_step write_bitstream -jobs 20
[Thu Dec  5 18:11:49 2024] Launched synth_1...
Run output will be captured here: C:/Users/curti/OneDrive/Documents/UIUC/ECE-385/Vivado_Projects/Final_Project/lab_6.runs/synth_1/runme.log
[Thu Dec  5 18:11:49 2024] Launched impl_1...
Run output will be captured here: C:/Users/curti/OneDrive/Documents/UIUC/ECE-385/Vivado_Projects/Final_Project/lab_6.runs/impl_1/runme.log
reset_run synth_1
INFO: [Project 1-1161] Replacing file C:/Users/curti/OneDrive/Documents/UIUC/ECE-385/Vivado_Projects/Final_Project/lab_6.srcs/utils_1/imports/synth_1/mb_intro_top.dcp with file C:/Users/curti/OneDrive/Documents/UIUC/ECE-385/Vivado_Projects/Final_Project/lab_6.runs/synth_1/mb_usb_hdmi_top.dcp
launch_runs impl_1 -to_step write_bitstream -jobs 20
[Thu Dec  5 18:14:35 2024] Launched synth_1...
Run output will be captured here: C:/Users/curti/OneDrive/Documents/UIUC/ECE-385/Vivado_Projects/Final_Project/lab_6.runs/synth_1/runme.log
[Thu Dec  5 18:14:35 2024] Launched impl_1...
Run output will be captured here: C:/Users/curti/OneDrive/Documents/UIUC/ECE-385/Vivado_Projects/Final_Project/lab_6.runs/impl_1/runme.log
write_hw_platform -fixed -include_bit -force -file C:/Users/curti/OneDrive/Documents/UIUC/ECE-385/Vivado_Projects/Final_Project/mb_usb_hdmi_top.xsa
INFO: [Project 1-1918] Creating Hardware Platform: C:/Users/curti/OneDrive/Documents/UIUC/ECE-385/Vivado_Projects/Final_Project/mb_usb_hdmi_top.xsa ...
INFO: [Project 1-1943] The Hardware Platform can be used for Hardware
INFO: [Project 1-1941] Successfully created Hardware Platform: C:/Users/curti/OneDrive/Documents/UIUC/ECE-385/Vivado_Projects/Final_Project/mb_usb_hdmi_top.xsa
file copy -force C:/Users/curti/OneDrive/Documents/UIUC/ECE-385/Vivado_Projects/Final_Project/lab_6.runs/impl_1/mb_usb_hdmi_top.bit C:/Users/curti/OneDrive/Documents/UIUC/ECE-385/Vivado_Projects/Final_Project/mb_usb_hdmi_top.bit
reset_run synth_1
INFO: [Project 1-1161] Replacing file C:/Users/curti/OneDrive/Documents/UIUC/ECE-385/Vivado_Projects/Final_Project/lab_6.srcs/utils_1/imports/synth_1/mb_intro_top.dcp with file C:/Users/curti/OneDrive/Documents/UIUC/ECE-385/Vivado_Projects/Final_Project/lab_6.runs/synth_1/mb_usb_hdmi_top.dcp
launch_runs impl_1 -to_step write_bitstream -jobs 20
[Thu Dec  5 18:23:13 2024] Launched synth_1...
Run output will be captured here: C:/Users/curti/OneDrive/Documents/UIUC/ECE-385/Vivado_Projects/Final_Project/lab_6.runs/synth_1/runme.log
[Thu Dec  5 18:23:13 2024] Launched impl_1...
Run output will be captured here: C:/Users/curti/OneDrive/Documents/UIUC/ECE-385/Vivado_Projects/Final_Project/lab_6.runs/impl_1/runme.log
reset_run synth_1
launch_runs impl_1 -to_step write_bitstream -jobs 20
[Thu Dec  5 18:26:12 2024] Launched synth_1...
Run output will be captured here: C:/Users/curti/OneDrive/Documents/UIUC/ECE-385/Vivado_Projects/Final_Project/lab_6.runs/synth_1/runme.log
[Thu Dec  5 18:26:12 2024] Launched impl_1...
Run output will be captured here: C:/Users/curti/OneDrive/Documents/UIUC/ECE-385/Vivado_Projects/Final_Project/lab_6.runs/impl_1/runme.log
write_hw_platform -fixed -include_bit -force -file C:/Users/curti/OneDrive/Documents/UIUC/ECE-385/Vivado_Projects/Final_Project/mb_usb_hdmi_top.xsa
INFO: [Project 1-1918] Creating Hardware Platform: C:/Users/curti/OneDrive/Documents/UIUC/ECE-385/Vivado_Projects/Final_Project/mb_usb_hdmi_top.xsa ...
INFO: [Project 1-1943] The Hardware Platform can be used for Hardware
INFO: [Project 1-1941] Successfully created Hardware Platform: C:/Users/curti/OneDrive/Documents/UIUC/ECE-385/Vivado_Projects/Final_Project/mb_usb_hdmi_top.xsa
file copy -force C:/Users/curti/OneDrive/Documents/UIUC/ECE-385/Vivado_Projects/Final_Project/lab_6.runs/impl_1/mb_usb_hdmi_top.bit C:/Users/curti/OneDrive/Documents/UIUC/ECE-385/Vivado_Projects/Final_Project/mb_usb_hdmi_top.bit
reset_run synth_1
INFO: [Project 1-1161] Replacing file C:/Users/curti/OneDrive/Documents/UIUC/ECE-385/Vivado_Projects/Final_Project/lab_6.srcs/utils_1/imports/synth_1/mb_intro_top.dcp with file C:/Users/curti/OneDrive/Documents/UIUC/ECE-385/Vivado_Projects/Final_Project/lab_6.runs/synth_1/mb_usb_hdmi_top.dcp
launch_runs impl_1 -to_step write_bitstream -jobs 20
[Thu Dec  5 18:40:01 2024] Launched synth_1...
Run output will be captured here: C:/Users/curti/OneDrive/Documents/UIUC/ECE-385/Vivado_Projects/Final_Project/lab_6.runs/synth_1/runme.log
[Thu Dec  5 18:40:01 2024] Launched impl_1...
Run output will be captured here: C:/Users/curti/OneDrive/Documents/UIUC/ECE-385/Vivado_Projects/Final_Project/lab_6.runs/impl_1/runme.log
write_hw_platform -fixed -include_bit -force -file C:/Users/curti/OneDrive/Documents/UIUC/ECE-385/Vivado_Projects/Final_Project/mb_usb_hdmi_top.xsa
INFO: [Project 1-1918] Creating Hardware Platform: C:/Users/curti/OneDrive/Documents/UIUC/ECE-385/Vivado_Projects/Final_Project/mb_usb_hdmi_top.xsa ...
INFO: [Project 1-1943] The Hardware Platform can be used for Hardware
INFO: [Project 1-1941] Successfully created Hardware Platform: C:/Users/curti/OneDrive/Documents/UIUC/ECE-385/Vivado_Projects/Final_Project/mb_usb_hdmi_top.xsa
file copy -force C:/Users/curti/OneDrive/Documents/UIUC/ECE-385/Vivado_Projects/Final_Project/lab_6.runs/impl_1/mb_usb_hdmi_top.bit C:/Users/curti/OneDrive/Documents/UIUC/ECE-385/Vivado_Projects/Final_Project/mb_usb_hdmi_top.bit
reset_run synth_1
INFO: [Project 1-1161] Replacing file C:/Users/curti/OneDrive/Documents/UIUC/ECE-385/Vivado_Projects/Final_Project/lab_6.srcs/utils_1/imports/synth_1/mb_intro_top.dcp with file C:/Users/curti/OneDrive/Documents/UIUC/ECE-385/Vivado_Projects/Final_Project/lab_6.runs/synth_1/mb_usb_hdmi_top.dcp
launch_runs impl_1 -to_step write_bitstream -jobs 20
[Thu Dec  5 18:44:52 2024] Launched synth_1...
Run output will be captured here: C:/Users/curti/OneDrive/Documents/UIUC/ECE-385/Vivado_Projects/Final_Project/lab_6.runs/synth_1/runme.log
[Thu Dec  5 18:44:52 2024] Launched impl_1...
Run output will be captured here: C:/Users/curti/OneDrive/Documents/UIUC/ECE-385/Vivado_Projects/Final_Project/lab_6.runs/impl_1/runme.log
reset_run synth_1
launch_runs impl_1 -to_step write_bitstream -jobs 20
[Thu Dec  5 18:47:21 2024] Launched synth_1...
Run output will be captured here: C:/Users/curti/OneDrive/Documents/UIUC/ECE-385/Vivado_Projects/Final_Project/lab_6.runs/synth_1/runme.log
[Thu Dec  5 18:47:21 2024] Launched impl_1...
Run output will be captured here: C:/Users/curti/OneDrive/Documents/UIUC/ECE-385/Vivado_Projects/Final_Project/lab_6.runs/impl_1/runme.log
write_hw_platform -fixed -include_bit -force -file C:/Users/curti/OneDrive/Documents/UIUC/ECE-385/Vivado_Projects/Final_Project/mb_usb_hdmi_top.xsa
INFO: [Project 1-1918] Creating Hardware Platform: C:/Users/curti/OneDrive/Documents/UIUC/ECE-385/Vivado_Projects/Final_Project/mb_usb_hdmi_top.xsa ...
INFO: [Project 1-1943] The Hardware Platform can be used for Hardware
INFO: [Project 1-1941] Successfully created Hardware Platform: C:/Users/curti/OneDrive/Documents/UIUC/ECE-385/Vivado_Projects/Final_Project/mb_usb_hdmi_top.xsa
file copy -force C:/Users/curti/OneDrive/Documents/UIUC/ECE-385/Vivado_Projects/Final_Project/lab_6.runs/impl_1/mb_usb_hdmi_top.bit C:/Users/curti/OneDrive/Documents/UIUC/ECE-385/Vivado_Projects/Final_Project/mb_usb_hdmi_top.bit
reset_run synth_1
INFO: [Project 1-1161] Replacing file C:/Users/curti/OneDrive/Documents/UIUC/ECE-385/Vivado_Projects/Final_Project/lab_6.srcs/utils_1/imports/synth_1/mb_intro_top.dcp with file C:/Users/curti/OneDrive/Documents/UIUC/ECE-385/Vivado_Projects/Final_Project/lab_6.runs/synth_1/mb_usb_hdmi_top.dcp
launch_runs impl_1 -to_step write_bitstream -jobs 20
[Thu Dec  5 18:54:56 2024] Launched synth_1...
Run output will be captured here: C:/Users/curti/OneDrive/Documents/UIUC/ECE-385/Vivado_Projects/Final_Project/lab_6.runs/synth_1/runme.log
[Thu Dec  5 18:54:56 2024] Launched impl_1...
Run output will be captured here: C:/Users/curti/OneDrive/Documents/UIUC/ECE-385/Vivado_Projects/Final_Project/lab_6.runs/impl_1/runme.log
reset_run synth_1
INFO: [Project 1-1161] Replacing file C:/Users/curti/OneDrive/Documents/UIUC/ECE-385/Vivado_Projects/Final_Project/lab_6.srcs/utils_1/imports/synth_1/mb_intro_top.dcp with file C:/Users/curti/OneDrive/Documents/UIUC/ECE-385/Vivado_Projects/Final_Project/lab_6.runs/synth_1/mb_usb_hdmi_top.dcp
launch_runs impl_1 -to_step write_bitstream -jobs 20
[Thu Dec  5 18:58:39 2024] Launched synth_1...
Run output will be captured here: C:/Users/curti/OneDrive/Documents/UIUC/ECE-385/Vivado_Projects/Final_Project/lab_6.runs/synth_1/runme.log
[Thu Dec  5 18:58:39 2024] Launched impl_1...
Run output will be captured here: C:/Users/curti/OneDrive/Documents/UIUC/ECE-385/Vivado_Projects/Final_Project/lab_6.runs/impl_1/runme.log
reset_run synth_1
launch_runs impl_1 -to_step write_bitstream -jobs 20
[Thu Dec  5 19:01:21 2024] Launched synth_1...
Run output will be captured here: C:/Users/curti/OneDrive/Documents/UIUC/ECE-385/Vivado_Projects/Final_Project/lab_6.runs/synth_1/runme.log
[Thu Dec  5 19:01:21 2024] Launched impl_1...
Run output will be captured here: C:/Users/curti/OneDrive/Documents/UIUC/ECE-385/Vivado_Projects/Final_Project/lab_6.runs/impl_1/runme.log
INFO: [Vivado 12-8217] Implementation run is out of date. Exported hardware information may be inconsistent with respect to the current state of the design. It is recommended that you re-run implementation and re-generate bitstream/PDI before doing hardware export.
write_hw_platform -fixed -include_bit -force -file C:/Users/curti/OneDrive/Documents/UIUC/ECE-385/Vivado_Projects/Final_Project/mb_usb_hdmi_top.xsa
INFO: [Project 1-1918] Creating Hardware Platform: C:/Users/curti/OneDrive/Documents/UIUC/ECE-385/Vivado_Projects/Final_Project/mb_usb_hdmi_top.xsa ...
INFO: [Project 1-1943] The Hardware Platform can be used for Hardware
INFO: [Project 1-1941] Successfully created Hardware Platform: C:/Users/curti/OneDrive/Documents/UIUC/ECE-385/Vivado_Projects/Final_Project/mb_usb_hdmi_top.xsa
file copy -force C:/Users/curti/OneDrive/Documents/UIUC/ECE-385/Vivado_Projects/Final_Project/lab_6.runs/impl_1/mb_usb_hdmi_top.bit C:/Users/curti/OneDrive/Documents/UIUC/ECE-385/Vivado_Projects/Final_Project/mb_usb_hdmi_top.bit
create_ip_run [get_files -of_objects [get_fileset sources_1] C:/Users/curti/OneDrive/Documents/UIUC/ECE-385/Vivado_Projects/Final_Project/lab_6.srcs/sources_1/bd/mb_block/mb_block.bd]
refresh_design
Netlist sorting complete. Time (s): cpu = 00:00:00 ; elapsed = 00:00:00.217 . Memory (MB): peak = 3099.895 ; gain = 0.000
INFO: [Netlist 29-17] Analyzing 455 Unisim elements for replacement
INFO: [Netlist 29-28] Unisim Transformation completed in 0 CPU seconds
INFO: [Project 1-479] Netlist was created with Vivado 2022.2
INFO: [Project 1-570] Preparing netlist for logic optimization
WARNING: [Constraints 18-550] Could not create 'IBUF_LOW_PWR' constraint because net 'clk_wiz/clk_in1' is not directly connected to top level port. Synthesis is ignored for IBUF_LOW_PWR but preserved for implementation.
WARNING: [Constraints 18-550] Could not create 'IBUF_LOW_PWR' constraint because net 'mb_block_i/clk_wiz_1/clk_in1' is not directly connected to top level port. Synthesis is ignored for IBUF_LOW_PWR but preserved for implementation.
INFO: [Timing 38-478] Restoring timing data from binary archive.
INFO: [Timing 38-479] Binary timing data restore complete.
INFO: [Project 1-856] Restoring constraints from binary archive.
INFO: [Project 1-853] Binary constraint restore complete.
Reading XDEF placement.
Reading placer database...
Reading XDEF routing.
Read XDEF Files: Time (s): cpu = 00:00:01 ; elapsed = 00:00:00.801 . Memory (MB): peak = 3104.543 ; gain = 0.000
Restored from archive | CPU: 1.000000 secs | Memory: 0.000000 MB |
Finished XDEF File Restore: Time (s): cpu = 00:00:01 ; elapsed = 00:00:00.801 . Memory (MB): peak = 3104.543 ; gain = 0.000
Generating merged BMM file for the design top 'mb_usb_hdmi_top'...
INFO: [Memdata 28-144] Successfully populated the BRAM INIT strings from the following elf files: c:/Users/curti/OneDrive/Documents/UIUC/ECE-385/Vivado_Projects/Final_Project/lab_6.gen/sources_1/bd/mb_block/ip/mb_block_microblaze_0_0/data/mb_bootloop_le.elf 
refresh_design: Time (s): cpu = 00:00:01 ; elapsed = 00:00:09 . Memory (MB): peak = 3114.770 ; gain = 22.961
update_compile_order -fileset sources_1
update_compile_order -fileset sources_1
reset_run synth_1
INFO: [Project 1-1161] Replacing file C:/Users/curti/OneDrive/Documents/UIUC/ECE-385/Vivado_Projects/Final_Project/lab_6.srcs/utils_1/imports/synth_1/mb_intro_top.dcp with file C:/Users/curti/OneDrive/Documents/UIUC/ECE-385/Vivado_Projects/Final_Project/lab_6.runs/synth_1/mb_usb_hdmi_top.dcp
launch_runs impl_1 -to_step write_bitstream -jobs 20
[Fri Dec  6 15:01:40 2024] Launched synth_1...
Run output will be captured here: C:/Users/curti/OneDrive/Documents/UIUC/ECE-385/Vivado_Projects/Final_Project/lab_6.runs/synth_1/runme.log
[Fri Dec  6 15:01:40 2024] Launched impl_1...
Run output will be captured here: C:/Users/curti/OneDrive/Documents/UIUC/ECE-385/Vivado_Projects/Final_Project/lab_6.runs/impl_1/runme.log
reset_run synth_1
launch_runs impl_1 -to_step write_bitstream -jobs 20
[Fri Dec  6 15:03:44 2024] Launched synth_1...
Run output will be captured here: C:/Users/curti/OneDrive/Documents/UIUC/ECE-385/Vivado_Projects/Final_Project/lab_6.runs/synth_1/runme.log
[Fri Dec  6 15:03:44 2024] Launched impl_1...
Run output will be captured here: C:/Users/curti/OneDrive/Documents/UIUC/ECE-385/Vivado_Projects/Final_Project/lab_6.runs/impl_1/runme.log
write_hw_platform -fixed -include_bit -force -file C:/Users/curti/OneDrive/Documents/UIUC/ECE-385/Vivado_Projects/Final_Project/mb_usb_hdmi_top.xsa
INFO: [Project 1-1918] Creating Hardware Platform: C:/Users/curti/OneDrive/Documents/UIUC/ECE-385/Vivado_Projects/Final_Project/mb_usb_hdmi_top.xsa ...
INFO: [Project 1-1943] The Hardware Platform can be used for Hardware
INFO: [Project 1-1941] Successfully created Hardware Platform: C:/Users/curti/OneDrive/Documents/UIUC/ECE-385/Vivado_Projects/Final_Project/mb_usb_hdmi_top.xsa
file copy -force C:/Users/curti/OneDrive/Documents/UIUC/ECE-385/Vivado_Projects/Final_Project/lab_6.runs/impl_1/mb_usb_hdmi_top.bit C:/Users/curti/OneDrive/Documents/UIUC/ECE-385/Vivado_Projects/Final_Project/mb_usb_hdmi_top.bit
reset_run synth_1
INFO: [Project 1-1161] Replacing file C:/Users/curti/OneDrive/Documents/UIUC/ECE-385/Vivado_Projects/Final_Project/lab_6.srcs/utils_1/imports/synth_1/mb_intro_top.dcp with file C:/Users/curti/OneDrive/Documents/UIUC/ECE-385/Vivado_Projects/Final_Project/lab_6.runs/synth_1/mb_usb_hdmi_top.dcp
launch_runs impl_1 -to_step write_bitstream -jobs 20
[Fri Dec  6 15:11:36 2024] Launched synth_1...
Run output will be captured here: C:/Users/curti/OneDrive/Documents/UIUC/ECE-385/Vivado_Projects/Final_Project/lab_6.runs/synth_1/runme.log
[Fri Dec  6 15:11:36 2024] Launched impl_1...
Run output will be captured here: C:/Users/curti/OneDrive/Documents/UIUC/ECE-385/Vivado_Projects/Final_Project/lab_6.runs/impl_1/runme.log
reset_run synth_1
INFO: [Project 1-1161] Replacing file C:/Users/curti/OneDrive/Documents/UIUC/ECE-385/Vivado_Projects/Final_Project/lab_6.srcs/utils_1/imports/synth_1/mb_intro_top.dcp with file C:/Users/curti/OneDrive/Documents/UIUC/ECE-385/Vivado_Projects/Final_Project/lab_6.runs/synth_1/mb_usb_hdmi_top.dcp
launch_runs impl_1 -to_step write_bitstream -jobs 20
[Fri Dec  6 15:17:38 2024] Launched synth_1...
Run output will be captured here: C:/Users/curti/OneDrive/Documents/UIUC/ECE-385/Vivado_Projects/Final_Project/lab_6.runs/synth_1/runme.log
[Fri Dec  6 15:17:38 2024] Launched impl_1...
Run output will be captured here: C:/Users/curti/OneDrive/Documents/UIUC/ECE-385/Vivado_Projects/Final_Project/lab_6.runs/impl_1/runme.log
reset_run synth_1
INFO: [Project 1-1161] Replacing file C:/Users/curti/OneDrive/Documents/UIUC/ECE-385/Vivado_Projects/Final_Project/lab_6.srcs/utils_1/imports/synth_1/mb_intro_top.dcp with file C:/Users/curti/OneDrive/Documents/UIUC/ECE-385/Vivado_Projects/Final_Project/lab_6.runs/synth_1/mb_usb_hdmi_top.dcp
launch_runs impl_1 -to_step write_bitstream -jobs 20
[Fri Dec  6 15:21:16 2024] Launched synth_1...
Run output will be captured here: C:/Users/curti/OneDrive/Documents/UIUC/ECE-385/Vivado_Projects/Final_Project/lab_6.runs/synth_1/runme.log
[Fri Dec  6 15:21:16 2024] Launched impl_1...
Run output will be captured here: C:/Users/curti/OneDrive/Documents/UIUC/ECE-385/Vivado_Projects/Final_Project/lab_6.runs/impl_1/runme.log
reset_run synth_1
INFO: [Project 1-1161] Replacing file C:/Users/curti/OneDrive/Documents/UIUC/ECE-385/Vivado_Projects/Final_Project/lab_6.srcs/utils_1/imports/synth_1/mb_intro_top.dcp with file C:/Users/curti/OneDrive/Documents/UIUC/ECE-385/Vivado_Projects/Final_Project/lab_6.runs/synth_1/mb_usb_hdmi_top.dcp
launch_runs impl_1 -to_step write_bitstream -jobs 20
[Fri Dec  6 15:28:29 2024] Launched synth_1...
Run output will be captured here: C:/Users/curti/OneDrive/Documents/UIUC/ECE-385/Vivado_Projects/Final_Project/lab_6.runs/synth_1/runme.log
[Fri Dec  6 15:28:29 2024] Launched impl_1...
Run output will be captured here: C:/Users/curti/OneDrive/Documents/UIUC/ECE-385/Vivado_Projects/Final_Project/lab_6.runs/impl_1/runme.log
set_msg_config -suppress -id {DRC MDRV-1} -string {{ERROR: [DRC MDRV-1] Multiple Driver Nets: Net arrow1/Q[0] has multiple drivers: arrow1/arrow_y_reg[0]/Q, and current_col_array_reg[0][0][0]/Q.} } 
reset_run synth_1
INFO: [Project 1-1161] Replacing file C:/Users/curti/OneDrive/Documents/UIUC/ECE-385/Vivado_Projects/Final_Project/lab_6.srcs/utils_1/imports/synth_1/mb_intro_top.dcp with file C:/Users/curti/OneDrive/Documents/UIUC/ECE-385/Vivado_Projects/Final_Project/lab_6.runs/synth_1/mb_usb_hdmi_top.dcp
launch_runs impl_1 -to_step write_bitstream -jobs 20
[Fri Dec  6 15:32:58 2024] Launched synth_1...
Run output will be captured here: C:/Users/curti/OneDrive/Documents/UIUC/ECE-385/Vivado_Projects/Final_Project/lab_6.runs/synth_1/runme.log
[Fri Dec  6 15:32:58 2024] Launched impl_1...
Run output will be captured here: C:/Users/curti/OneDrive/Documents/UIUC/ECE-385/Vivado_Projects/Final_Project/lab_6.runs/impl_1/runme.log
write_hw_platform -fixed -include_bit -force -file C:/Users/curti/OneDrive/Documents/UIUC/ECE-385/Vivado_Projects/Final_Project/mb_usb_hdmi_top.xsa
INFO: [Project 1-1918] Creating Hardware Platform: C:/Users/curti/OneDrive/Documents/UIUC/ECE-385/Vivado_Projects/Final_Project/mb_usb_hdmi_top.xsa ...
INFO: [Project 1-1943] The Hardware Platform can be used for Hardware
INFO: [Project 1-1941] Successfully created Hardware Platform: C:/Users/curti/OneDrive/Documents/UIUC/ECE-385/Vivado_Projects/Final_Project/mb_usb_hdmi_top.xsa
file copy -force C:/Users/curti/OneDrive/Documents/UIUC/ECE-385/Vivado_Projects/Final_Project/lab_6.runs/impl_1/mb_usb_hdmi_top.bit C:/Users/curti/OneDrive/Documents/UIUC/ECE-385/Vivado_Projects/Final_Project/mb_usb_hdmi_top.bit
reset_run synth_1
INFO: [Project 1-1161] Replacing file C:/Users/curti/OneDrive/Documents/UIUC/ECE-385/Vivado_Projects/Final_Project/lab_6.srcs/utils_1/imports/synth_1/mb_intro_top.dcp with file C:/Users/curti/OneDrive/Documents/UIUC/ECE-385/Vivado_Projects/Final_Project/lab_6.runs/synth_1/mb_usb_hdmi_top.dcp
launch_runs impl_1 -to_step write_bitstream -jobs 20
[Fri Dec  6 15:37:47 2024] Launched synth_1...
Run output will be captured here: C:/Users/curti/OneDrive/Documents/UIUC/ECE-385/Vivado_Projects/Final_Project/lab_6.runs/synth_1/runme.log
[Fri Dec  6 15:37:47 2024] Launched impl_1...
Run output will be captured here: C:/Users/curti/OneDrive/Documents/UIUC/ECE-385/Vivado_Projects/Final_Project/lab_6.runs/impl_1/runme.log
INFO: [Vivado 12-8217] Implementation run is out of date. Exported hardware information may be inconsistent with respect to the current state of the design. It is recommended that you re-run implementation and re-generate bitstream/PDI before doing hardware export.
write_hw_platform -fixed -include_bit -force -file C:/Users/curti/OneDrive/Documents/UIUC/ECE-385/Vivado_Projects/Final_Project/mb_usb_hdmi_top.xsa
INFO: [Project 1-1918] Creating Hardware Platform: C:/Users/curti/OneDrive/Documents/UIUC/ECE-385/Vivado_Projects/Final_Project/mb_usb_hdmi_top.xsa ...
INFO: [Project 1-1943] The Hardware Platform can be used for Hardware
INFO: [Project 1-1941] Successfully created Hardware Platform: C:/Users/curti/OneDrive/Documents/UIUC/ECE-385/Vivado_Projects/Final_Project/mb_usb_hdmi_top.xsa
file copy -force C:/Users/curti/OneDrive/Documents/UIUC/ECE-385/Vivado_Projects/Final_Project/lab_6.runs/impl_1/mb_usb_hdmi_top.bit C:/Users/curti/OneDrive/Documents/UIUC/ECE-385/Vivado_Projects/Final_Project/mb_usb_hdmi_top.bit
reset_run synth_1
INFO: [Project 1-1161] Replacing file C:/Users/curti/OneDrive/Documents/UIUC/ECE-385/Vivado_Projects/Final_Project/lab_6.srcs/utils_1/imports/synth_1/mb_intro_top.dcp with file C:/Users/curti/OneDrive/Documents/UIUC/ECE-385/Vivado_Projects/Final_Project/lab_6.runs/synth_1/mb_usb_hdmi_top.dcp
launch_runs impl_1 -to_step write_bitstream -jobs 20
[Fri Dec  6 15:42:36 2024] Launched synth_1...
Run output will be captured here: C:/Users/curti/OneDrive/Documents/UIUC/ECE-385/Vivado_Projects/Final_Project/lab_6.runs/synth_1/runme.log
[Fri Dec  6 15:42:36 2024] Launched impl_1...
Run output will be captured here: C:/Users/curti/OneDrive/Documents/UIUC/ECE-385/Vivado_Projects/Final_Project/lab_6.runs/impl_1/runme.log
write_hw_platform -fixed -include_bit -force -file C:/Users/curti/OneDrive/Documents/UIUC/ECE-385/Vivado_Projects/Final_Project/mb_usb_hdmi_top.xsa
INFO: [Project 1-1918] Creating Hardware Platform: C:/Users/curti/OneDrive/Documents/UIUC/ECE-385/Vivado_Projects/Final_Project/mb_usb_hdmi_top.xsa ...
INFO: [Project 1-1943] The Hardware Platform can be used for Hardware
INFO: [Project 1-1941] Successfully created Hardware Platform: C:/Users/curti/OneDrive/Documents/UIUC/ECE-385/Vivado_Projects/Final_Project/mb_usb_hdmi_top.xsa
file copy -force C:/Users/curti/OneDrive/Documents/UIUC/ECE-385/Vivado_Projects/Final_Project/lab_6.runs/impl_1/mb_usb_hdmi_top.bit C:/Users/curti/OneDrive/Documents/UIUC/ECE-385/Vivado_Projects/Final_Project/mb_usb_hdmi_top.bit
create_ip_run [get_files -of_objects [get_fileset sources_1] C:/Users/curti/OneDrive/Documents/UIUC/ECE-385/Vivado_Projects/Final_Project/lab_6.srcs/sources_1/bd/mb_block/mb_block.bd]
refresh_design
Netlist sorting complete. Time (s): cpu = 00:00:00 ; elapsed = 00:00:00.202 . Memory (MB): peak = 3186.543 ; gain = 0.000
INFO: [Netlist 29-17] Analyzing 447 Unisim elements for replacement
INFO: [Netlist 29-28] Unisim Transformation completed in 0 CPU seconds
INFO: [Project 1-479] Netlist was created with Vivado 2022.2
INFO: [Project 1-570] Preparing netlist for logic optimization
WARNING: [Constraints 18-550] Could not create 'IBUF_LOW_PWR' constraint because net 'clk_wiz/clk_in1' is not directly connected to top level port. Synthesis is ignored for IBUF_LOW_PWR but preserved for implementation.
WARNING: [Constraints 18-550] Could not create 'IBUF_LOW_PWR' constraint because net 'mb_block_i/clk_wiz_1/clk_in1' is not directly connected to top level port. Synthesis is ignored for IBUF_LOW_PWR but preserved for implementation.
INFO: [Timing 38-478] Restoring timing data from binary archive.
INFO: [Timing 38-479] Binary timing data restore complete.
INFO: [Project 1-856] Restoring constraints from binary archive.
INFO: [Project 1-853] Binary constraint restore complete.
Reading XDEF placement.
Reading placer database...
Reading XDEF routing.
Read XDEF Files: Time (s): cpu = 00:00:00 ; elapsed = 00:00:00.627 . Memory (MB): peak = 3186.543 ; gain = 0.000
Restored from archive | CPU: 0.000000 secs | Memory: 0.000000 MB |
Finished XDEF File Restore: Time (s): cpu = 00:00:00 ; elapsed = 00:00:00.627 . Memory (MB): peak = 3186.543 ; gain = 0.000
Generating merged BMM file for the design top 'mb_usb_hdmi_top'...
INFO: [Memdata 28-144] Successfully populated the BRAM INIT strings from the following elf files: c:/Users/curti/OneDrive/Documents/UIUC/ECE-385/Vivado_Projects/Final_Project/lab_6.gen/sources_1/bd/mb_block/ip/mb_block_microblaze_0_0/data/mb_bootloop_le.elf 
refresh_design: Time (s): cpu = 00:00:04 ; elapsed = 00:00:05 . Memory (MB): peak = 3186.543 ; gain = 13.117
reset_run synth_1
INFO: [Project 1-1161] Replacing file C:/Users/curti/OneDrive/Documents/UIUC/ECE-385/Vivado_Projects/Final_Project/lab_6.srcs/utils_1/imports/synth_1/mb_intro_top.dcp with file C:/Users/curti/OneDrive/Documents/UIUC/ECE-385/Vivado_Projects/Final_Project/lab_6.runs/synth_1/mb_usb_hdmi_top.dcp
launch_runs impl_1 -to_step write_bitstream -jobs 20
[Fri Dec  6 15:48:35 2024] Launched synth_1...
Run output will be captured here: C:/Users/curti/OneDrive/Documents/UIUC/ECE-385/Vivado_Projects/Final_Project/lab_6.runs/synth_1/runme.log
[Fri Dec  6 15:48:35 2024] Launched impl_1...
Run output will be captured here: C:/Users/curti/OneDrive/Documents/UIUC/ECE-385/Vivado_Projects/Final_Project/lab_6.runs/impl_1/runme.log
write_hw_platform -fixed -include_bit -force -file C:/Users/curti/OneDrive/Documents/UIUC/ECE-385/Vivado_Projects/Final_Project/mb_usb_hdmi_top.xsa
INFO: [Project 1-1918] Creating Hardware Platform: C:/Users/curti/OneDrive/Documents/UIUC/ECE-385/Vivado_Projects/Final_Project/mb_usb_hdmi_top.xsa ...
INFO: [Project 1-1943] The Hardware Platform can be used for Hardware
INFO: [Project 1-1941] Successfully created Hardware Platform: C:/Users/curti/OneDrive/Documents/UIUC/ECE-385/Vivado_Projects/Final_Project/mb_usb_hdmi_top.xsa
file copy -force C:/Users/curti/OneDrive/Documents/UIUC/ECE-385/Vivado_Projects/Final_Project/lab_6.runs/impl_1/mb_usb_hdmi_top.bit C:/Users/curti/OneDrive/Documents/UIUC/ECE-385/Vivado_Projects/Final_Project/mb_usb_hdmi_top.bit
reset_run synth_1
INFO: [Project 1-1161] Replacing file C:/Users/curti/OneDrive/Documents/UIUC/ECE-385/Vivado_Projects/Final_Project/lab_6.srcs/utils_1/imports/synth_1/mb_intro_top.dcp with file C:/Users/curti/OneDrive/Documents/UIUC/ECE-385/Vivado_Projects/Final_Project/lab_6.runs/synth_1/mb_usb_hdmi_top.dcp
launch_runs impl_1 -to_step write_bitstream -jobs 20
[Fri Dec  6 15:55:37 2024] Launched synth_1...
Run output will be captured here: C:/Users/curti/OneDrive/Documents/UIUC/ECE-385/Vivado_Projects/Final_Project/lab_6.runs/synth_1/runme.log
[Fri Dec  6 15:55:37 2024] Launched impl_1...
Run output will be captured here: C:/Users/curti/OneDrive/Documents/UIUC/ECE-385/Vivado_Projects/Final_Project/lab_6.runs/impl_1/runme.log
INFO: [Vivado 12-8217] Implementation run is out of date. Exported hardware information may be inconsistent with respect to the current state of the design. It is recommended that you re-run implementation and re-generate bitstream/PDI before doing hardware export.
write_hw_platform -fixed -include_bit -force -file C:/Users/curti/OneDrive/Documents/UIUC/ECE-385/Vivado_Projects/Final_Project/mb_usb_hdmi_top.xsa
INFO: [Project 1-1918] Creating Hardware Platform: C:/Users/curti/OneDrive/Documents/UIUC/ECE-385/Vivado_Projects/Final_Project/mb_usb_hdmi_top.xsa ...
INFO: [Project 1-1943] The Hardware Platform can be used for Hardware
INFO: [Project 1-1941] Successfully created Hardware Platform: C:/Users/curti/OneDrive/Documents/UIUC/ECE-385/Vivado_Projects/Final_Project/mb_usb_hdmi_top.xsa
file copy -force C:/Users/curti/OneDrive/Documents/UIUC/ECE-385/Vivado_Projects/Final_Project/lab_6.runs/impl_1/mb_usb_hdmi_top.bit C:/Users/curti/OneDrive/Documents/UIUC/ECE-385/Vivado_Projects/Final_Project/mb_usb_hdmi_top.bit
create_ip_run [get_files -of_objects [get_fileset sources_1] C:/Users/curti/OneDrive/Documents/UIUC/ECE-385/Vivado_Projects/Final_Project/lab_6.srcs/sources_1/bd/mb_block/mb_block.bd]
refresh_design
Netlist sorting complete. Time (s): cpu = 00:00:00 ; elapsed = 00:00:00.283 . Memory (MB): peak = 3309.496 ; gain = 0.000
INFO: [Netlist 29-17] Analyzing 417 Unisim elements for replacement
INFO: [Netlist 29-28] Unisim Transformation completed in 0 CPU seconds
INFO: [Project 1-479] Netlist was created with Vivado 2022.2
INFO: [Project 1-570] Preparing netlist for logic optimization
WARNING: [Constraints 18-550] Could not create 'IBUF_LOW_PWR' constraint because net 'clk_wiz/clk_in1' is not directly connected to top level port. Synthesis is ignored for IBUF_LOW_PWR but preserved for implementation.
WARNING: [Constraints 18-550] Could not create 'IBUF_LOW_PWR' constraint because net 'mb_block_i/clk_wiz_1/clk_in1' is not directly connected to top level port. Synthesis is ignored for IBUF_LOW_PWR but preserved for implementation.
INFO: [Timing 38-478] Restoring timing data from binary archive.
INFO: [Timing 38-479] Binary timing data restore complete.
INFO: [Project 1-856] Restoring constraints from binary archive.
INFO: [Project 1-853] Binary constraint restore complete.
Reading XDEF placement.
Reading placer database...
Reading XDEF routing.
Read XDEF Files: Time (s): cpu = 00:00:00 ; elapsed = 00:00:00.837 . Memory (MB): peak = 3309.496 ; gain = 0.000
Restored from archive | CPU: 0.000000 secs | Memory: 0.000000 MB |
Finished XDEF File Restore: Time (s): cpu = 00:00:00 ; elapsed = 00:00:00.839 . Memory (MB): peak = 3309.496 ; gain = 0.000
Generating merged BMM file for the design top 'mb_usb_hdmi_top'...
INFO: [Memdata 28-144] Successfully populated the BRAM INIT strings from the following elf files: c:/Users/curti/OneDrive/Documents/UIUC/ECE-385/Vivado_Projects/Final_Project/lab_6.gen/sources_1/bd/mb_block/ip/mb_block_microblaze_0_0/data/mb_bootloop_le.elf 
refresh_design: Time (s): cpu = 00:00:03 ; elapsed = 00:00:11 . Memory (MB): peak = 3309.496 ; gain = 7.812
open_report: Time (s): cpu = 00:00:03 ; elapsed = 00:00:05 . Memory (MB): peak = 3309.496 ; gain = 0.000
exit
INFO: [Common 17-206] Exiting Vivado at Sat Dec  7 13:26:58 2024...
