
*** Running vivado
    with args -log mb_usb_hdmi_top.vdi -applog -m64 -product Vivado -messageDb vivado.pb -mode batch -source mb_usb_hdmi_top.tcl -notrace



****** Vivado v2022.2 (64-bit)
  **** SW Build 3671981 on Fri Oct 14 05:00:03 MDT 2022
  **** IP Build 3669848 on Fri Oct 14 08:30:02 MDT 2022
    ** Copyright 1986-2022 Xilinx, Inc. All Rights Reserved.

source mb_usb_hdmi_top.tcl -notrace
create_project: Time (s): cpu = 00:00:05 ; elapsed = 00:00:05 . Memory (MB): peak = 372.316 ; gain = 63.047
INFO: [IP_Flow 19-234] Refreshing IP repositories
INFO: [IP_Flow 19-1700] Loaded user IP repository 'c:/Users/curti/OneDrive/Documents/UIUC/ECE-385/Vivado_Projects/Final_Project/RD_hdmi_ip2020'.
INFO: [IP_Flow 19-2313] Loaded Vivado IP repository 'C:/Xilinx/Vivado/2022.2/data/ip'.
WARNING: [IP_Flow 19-4995] The host OS only allows 260 characters in a normal path. The IP cache path is more than 80 characters. If you experience issues with IP caching, please consider changing the IP cache to a location with a shorter path. Alternately consider using the OS subst command to map part of the path to a drive letter. 
Current IP cache path is C:/Users/curti/OneDrive/Documents/UIUC/ECE-385/Vivado_Projects/Final_Project/lab_6.cache/ip 
Command: link_design -top mb_usb_hdmi_top -part xc7s50csga324-1
Design is defaulting to srcset: sources_1
Design is defaulting to constrset: constrs_1
INFO: [Device 21-403] Loading part xc7s50csga324-1
INFO: [Project 1-454] Reading design checkpoint 'c:/Users/curti/OneDrive/Documents/UIUC/ECE-385/Vivado_Projects/Final_Project/lab_6.gen/sources_1/ip/clk_wiz_0/clk_wiz_0.dcp' for cell 'clk_wiz'
INFO: [Project 1-454] Reading design checkpoint 'c:/Users/curti/OneDrive/Documents/UIUC/ECE-385/Vivado_Projects/Final_Project/lab_6.gen/sources_1/ip/hdmi_tx_0/hdmi_tx_0.dcp' for cell 'vga_to_hdmi'
INFO: [Project 1-454] Reading design checkpoint 'c:/Users/curti/OneDrive/Documents/UIUC/ECE-385/Vivado_Projects/Final_Project/lab_6.gen/sources_1/ip/background1_rom_2/background1_rom.dcp' for cell 'arrow_instance/bg1/background1_rom'
INFO: [Project 1-454] Reading design checkpoint 'c:/Users/curti/OneDrive/Documents/UIUC/ECE-385/Vivado_Projects/Final_Project/lab_6.gen/sources_1/bd/mb_block/ip/mb_block_axi_uartlite_0_0/mb_block_axi_uartlite_0_0.dcp' for cell 'mb_block_i/axi_uartlite_0'
INFO: [Project 1-454] Reading design checkpoint 'c:/Users/curti/OneDrive/Documents/UIUC/ECE-385/Vivado_Projects/Final_Project/lab_6.gen/sources_1/bd/mb_block/ip/mb_block_clk_wiz_1_0/mb_block_clk_wiz_1_0.dcp' for cell 'mb_block_i/clk_wiz_1'
INFO: [Project 1-454] Reading design checkpoint 'c:/Users/curti/OneDrive/Documents/UIUC/ECE-385/Vivado_Projects/Final_Project/lab_6.gen/sources_1/bd/mb_block/ip/mb_block_axi_gpio_0_2/mb_block_axi_gpio_0_2.dcp' for cell 'mb_block_i/gpio_usb_int'
INFO: [Project 1-454] Reading design checkpoint 'c:/Users/curti/OneDrive/Documents/UIUC/ECE-385/Vivado_Projects/Final_Project/lab_6.gen/sources_1/bd/mb_block/ip/mb_block_axi_gpio_0_3/mb_block_axi_gpio_0_3.dcp' for cell 'mb_block_i/gpio_usb_keycode'
INFO: [Project 1-454] Reading design checkpoint 'c:/Users/curti/OneDrive/Documents/UIUC/ECE-385/Vivado_Projects/Final_Project/lab_6.gen/sources_1/bd/mb_block/ip/mb_block_axi_gpio_0_1/mb_block_axi_gpio_0_1.dcp' for cell 'mb_block_i/gpio_usb_rst'
INFO: [Project 1-454] Reading design checkpoint 'c:/Users/curti/OneDrive/Documents/UIUC/ECE-385/Vivado_Projects/Final_Project/lab_6.gen/sources_1/bd/mb_block/ip/mb_block_mdm_1_0/mb_block_mdm_1_0.dcp' for cell 'mb_block_i/mdm_1'
INFO: [Project 1-454] Reading design checkpoint 'c:/Users/curti/OneDrive/Documents/UIUC/ECE-385/Vivado_Projects/Final_Project/lab_6.gen/sources_1/bd/mb_block/ip/mb_block_microblaze_0_0/mb_block_microblaze_0_0.dcp' for cell 'mb_block_i/microblaze_0'
INFO: [Project 1-454] Reading design checkpoint 'c:/Users/curti/OneDrive/Documents/UIUC/ECE-385/Vivado_Projects/Final_Project/lab_6.gen/sources_1/bd/mb_block/ip/mb_block_microblaze_0_axi_intc_0/mb_block_microblaze_0_axi_intc_0.dcp' for cell 'mb_block_i/microblaze_0_axi_intc'
INFO: [Project 1-454] Reading design checkpoint 'c:/Users/curti/OneDrive/Documents/UIUC/ECE-385/Vivado_Projects/Final_Project/lab_6.gen/sources_1/bd/mb_block/ip/mb_block_rst_clk_wiz_1_100M_0/mb_block_rst_clk_wiz_1_100M_0.dcp' for cell 'mb_block_i/rst_clk_wiz_1_100M'
INFO: [Project 1-454] Reading design checkpoint 'c:/Users/curti/OneDrive/Documents/UIUC/ECE-385/Vivado_Projects/Final_Project/lab_6.gen/sources_1/bd/mb_block/ip/mb_block_axi_quad_spi_0_0/mb_block_axi_quad_spi_0_0.dcp' for cell 'mb_block_i/spi_usb'
INFO: [Project 1-454] Reading design checkpoint 'c:/Users/curti/OneDrive/Documents/UIUC/ECE-385/Vivado_Projects/Final_Project/lab_6.gen/sources_1/bd/mb_block/ip/mb_block_axi_timer_0_0/mb_block_axi_timer_0_0.dcp' for cell 'mb_block_i/timer_usb_axi'
INFO: [Project 1-454] Reading design checkpoint 'c:/Users/curti/OneDrive/Documents/UIUC/ECE-385/Vivado_Projects/Final_Project/lab_6.gen/sources_1/bd/mb_block/ip/mb_block_xbar_0/mb_block_xbar_0.dcp' for cell 'mb_block_i/microblaze_0_axi_periph/xbar'
INFO: [Project 1-454] Reading design checkpoint 'c:/Users/curti/OneDrive/Documents/UIUC/ECE-385/Vivado_Projects/Final_Project/lab_6.gen/sources_1/bd/mb_block/ip/mb_block_dlmb_bram_if_cntlr_0/mb_block_dlmb_bram_if_cntlr_0.dcp' for cell 'mb_block_i/microblaze_0_local_memory/dlmb_bram_if_cntlr'
INFO: [Project 1-454] Reading design checkpoint 'c:/Users/curti/OneDrive/Documents/UIUC/ECE-385/Vivado_Projects/Final_Project/lab_6.gen/sources_1/bd/mb_block/ip/mb_block_dlmb_v10_0/mb_block_dlmb_v10_0.dcp' for cell 'mb_block_i/microblaze_0_local_memory/dlmb_v10'
INFO: [Project 1-454] Reading design checkpoint 'c:/Users/curti/OneDrive/Documents/UIUC/ECE-385/Vivado_Projects/Final_Project/lab_6.gen/sources_1/bd/mb_block/ip/mb_block_ilmb_bram_if_cntlr_0/mb_block_ilmb_bram_if_cntlr_0.dcp' for cell 'mb_block_i/microblaze_0_local_memory/ilmb_bram_if_cntlr'
INFO: [Project 1-454] Reading design checkpoint 'c:/Users/curti/OneDrive/Documents/UIUC/ECE-385/Vivado_Projects/Final_Project/lab_6.gen/sources_1/bd/mb_block/ip/mb_block_ilmb_v10_0/mb_block_ilmb_v10_0.dcp' for cell 'mb_block_i/microblaze_0_local_memory/ilmb_v10'
INFO: [Project 1-454] Reading design checkpoint 'c:/Users/curti/OneDrive/Documents/UIUC/ECE-385/Vivado_Projects/Final_Project/lab_6.gen/sources_1/bd/mb_block/ip/mb_block_lmb_bram_0/mb_block_lmb_bram_0.dcp' for cell 'mb_block_i/microblaze_0_local_memory/lmb_bram'
Netlist sorting complete. Time (s): cpu = 00:00:00 ; elapsed = 00:00:00.522 . Memory (MB): peak = 946.879 ; gain = 0.000
INFO: [Netlist 29-17] Analyzing 5833 Unisim elements for replacement
INFO: [Netlist 29-28] Unisim Transformation completed in 0 CPU seconds
INFO: [Project 1-479] Netlist was created with Vivado 2022.2
INFO: [Project 1-570] Preparing netlist for logic optimization
WARNING: [Opt 31-35] Removing redundant IBUF, clk_wiz/inst/clkin1_ibufg, from the path connected to top-level port: Clk 
Resolution: The tool has removed redundant IBUF. To resolve this warning, check for redundant IBUF in the input design.
WARNING: [Opt 31-35] Removing redundant IBUF, mb_block_i/clk_wiz_1/inst/clkin1_ibufg, from the path connected to top-level port: Clk 
Resolution: The tool has removed redundant IBUF. To resolve this warning, check for redundant IBUF in the input design.
WARNING: [Constraints 18-550] Could not create 'IBUF_LOW_PWR' constraint because net 'clk_wiz/clk_in1' is not directly connected to top level port. Synthesis is ignored for IBUF_LOW_PWR but preserved for implementation.
WARNING: [Constraints 18-550] Could not create 'IBUF_LOW_PWR' constraint because net 'mb_block_i/clk_wiz_1/clk_in1' is not directly connected to top level port. Synthesis is ignored for IBUF_LOW_PWR but preserved for implementation.
Parsing XDC File [c:/Users/curti/OneDrive/Documents/UIUC/ECE-385/Vivado_Projects/Final_Project/lab_6.gen/sources_1/bd/mb_block/ip/mb_block_microblaze_0_0/mb_block_microblaze_0_0.xdc] for cell 'mb_block_i/microblaze_0/U0'
Finished Parsing XDC File [c:/Users/curti/OneDrive/Documents/UIUC/ECE-385/Vivado_Projects/Final_Project/lab_6.gen/sources_1/bd/mb_block/ip/mb_block_microblaze_0_0/mb_block_microblaze_0_0.xdc] for cell 'mb_block_i/microblaze_0/U0'
Parsing XDC File [c:/Users/curti/OneDrive/Documents/UIUC/ECE-385/Vivado_Projects/Final_Project/lab_6.gen/sources_1/bd/mb_block/ip/mb_block_microblaze_0_axi_intc_0/mb_block_microblaze_0_axi_intc_0.xdc] for cell 'mb_block_i/microblaze_0_axi_intc/U0'
Finished Parsing XDC File [c:/Users/curti/OneDrive/Documents/UIUC/ECE-385/Vivado_Projects/Final_Project/lab_6.gen/sources_1/bd/mb_block/ip/mb_block_microblaze_0_axi_intc_0/mb_block_microblaze_0_axi_intc_0.xdc] for cell 'mb_block_i/microblaze_0_axi_intc/U0'
Parsing XDC File [c:/Users/curti/OneDrive/Documents/UIUC/ECE-385/Vivado_Projects/Final_Project/lab_6.gen/sources_1/bd/mb_block/ip/mb_block_clk_wiz_1_0/mb_block_clk_wiz_1_0_board.xdc] for cell 'mb_block_i/clk_wiz_1/inst'
Finished Parsing XDC File [c:/Users/curti/OneDrive/Documents/UIUC/ECE-385/Vivado_Projects/Final_Project/lab_6.gen/sources_1/bd/mb_block/ip/mb_block_clk_wiz_1_0/mb_block_clk_wiz_1_0_board.xdc] for cell 'mb_block_i/clk_wiz_1/inst'
Parsing XDC File [c:/Users/curti/OneDrive/Documents/UIUC/ECE-385/Vivado_Projects/Final_Project/lab_6.gen/sources_1/bd/mb_block/ip/mb_block_clk_wiz_1_0/mb_block_clk_wiz_1_0.xdc] for cell 'mb_block_i/clk_wiz_1/inst'
INFO: [Timing 38-35] Done setting XDC timing constraints. [c:/Users/curti/OneDrive/Documents/UIUC/ECE-385/Vivado_Projects/Final_Project/lab_6.gen/sources_1/bd/mb_block/ip/mb_block_clk_wiz_1_0/mb_block_clk_wiz_1_0.xdc:57]
INFO: [Timing 38-2] Deriving generated clocks [c:/Users/curti/OneDrive/Documents/UIUC/ECE-385/Vivado_Projects/Final_Project/lab_6.gen/sources_1/bd/mb_block/ip/mb_block_clk_wiz_1_0/mb_block_clk_wiz_1_0.xdc:57]
get_clocks: Time (s): cpu = 00:00:07 ; elapsed = 00:00:08 . Memory (MB): peak = 1631.238 ; gain = 531.402
Finished Parsing XDC File [c:/Users/curti/OneDrive/Documents/UIUC/ECE-385/Vivado_Projects/Final_Project/lab_6.gen/sources_1/bd/mb_block/ip/mb_block_clk_wiz_1_0/mb_block_clk_wiz_1_0.xdc] for cell 'mb_block_i/clk_wiz_1/inst'
Parsing XDC File [c:/Users/curti/OneDrive/Documents/UIUC/ECE-385/Vivado_Projects/Final_Project/lab_6.gen/sources_1/bd/mb_block/ip/mb_block_rst_clk_wiz_1_100M_0/mb_block_rst_clk_wiz_1_100M_0_board.xdc] for cell 'mb_block_i/rst_clk_wiz_1_100M/U0'
Finished Parsing XDC File [c:/Users/curti/OneDrive/Documents/UIUC/ECE-385/Vivado_Projects/Final_Project/lab_6.gen/sources_1/bd/mb_block/ip/mb_block_rst_clk_wiz_1_100M_0/mb_block_rst_clk_wiz_1_100M_0_board.xdc] for cell 'mb_block_i/rst_clk_wiz_1_100M/U0'
Parsing XDC File [c:/Users/curti/OneDrive/Documents/UIUC/ECE-385/Vivado_Projects/Final_Project/lab_6.gen/sources_1/bd/mb_block/ip/mb_block_rst_clk_wiz_1_100M_0/mb_block_rst_clk_wiz_1_100M_0.xdc] for cell 'mb_block_i/rst_clk_wiz_1_100M/U0'
Finished Parsing XDC File [c:/Users/curti/OneDrive/Documents/UIUC/ECE-385/Vivado_Projects/Final_Project/lab_6.gen/sources_1/bd/mb_block/ip/mb_block_rst_clk_wiz_1_100M_0/mb_block_rst_clk_wiz_1_100M_0.xdc] for cell 'mb_block_i/rst_clk_wiz_1_100M/U0'
Parsing XDC File [c:/Users/curti/OneDrive/Documents/UIUC/ECE-385/Vivado_Projects/Final_Project/lab_6.gen/sources_1/bd/mb_block/ip/mb_block_axi_uartlite_0_0/mb_block_axi_uartlite_0_0_board.xdc] for cell 'mb_block_i/axi_uartlite_0/U0'
Finished Parsing XDC File [c:/Users/curti/OneDrive/Documents/UIUC/ECE-385/Vivado_Projects/Final_Project/lab_6.gen/sources_1/bd/mb_block/ip/mb_block_axi_uartlite_0_0/mb_block_axi_uartlite_0_0_board.xdc] for cell 'mb_block_i/axi_uartlite_0/U0'
Parsing XDC File [c:/Users/curti/OneDrive/Documents/UIUC/ECE-385/Vivado_Projects/Final_Project/lab_6.gen/sources_1/bd/mb_block/ip/mb_block_axi_uartlite_0_0/mb_block_axi_uartlite_0_0.xdc] for cell 'mb_block_i/axi_uartlite_0/U0'
Finished Parsing XDC File [c:/Users/curti/OneDrive/Documents/UIUC/ECE-385/Vivado_Projects/Final_Project/lab_6.gen/sources_1/bd/mb_block/ip/mb_block_axi_uartlite_0_0/mb_block_axi_uartlite_0_0.xdc] for cell 'mb_block_i/axi_uartlite_0/U0'
Parsing XDC File [c:/Users/curti/OneDrive/Documents/UIUC/ECE-385/Vivado_Projects/Final_Project/lab_6.gen/sources_1/bd/mb_block/ip/mb_block_axi_gpio_0_1/mb_block_axi_gpio_0_1_board.xdc] for cell 'mb_block_i/gpio_usb_rst/U0'
Finished Parsing XDC File [c:/Users/curti/OneDrive/Documents/UIUC/ECE-385/Vivado_Projects/Final_Project/lab_6.gen/sources_1/bd/mb_block/ip/mb_block_axi_gpio_0_1/mb_block_axi_gpio_0_1_board.xdc] for cell 'mb_block_i/gpio_usb_rst/U0'
Parsing XDC File [c:/Users/curti/OneDrive/Documents/UIUC/ECE-385/Vivado_Projects/Final_Project/lab_6.gen/sources_1/bd/mb_block/ip/mb_block_axi_gpio_0_1/mb_block_axi_gpio_0_1.xdc] for cell 'mb_block_i/gpio_usb_rst/U0'
Finished Parsing XDC File [c:/Users/curti/OneDrive/Documents/UIUC/ECE-385/Vivado_Projects/Final_Project/lab_6.gen/sources_1/bd/mb_block/ip/mb_block_axi_gpio_0_1/mb_block_axi_gpio_0_1.xdc] for cell 'mb_block_i/gpio_usb_rst/U0'
Parsing XDC File [c:/Users/curti/OneDrive/Documents/UIUC/ECE-385/Vivado_Projects/Final_Project/lab_6.gen/sources_1/bd/mb_block/ip/mb_block_axi_gpio_0_2/mb_block_axi_gpio_0_2_board.xdc] for cell 'mb_block_i/gpio_usb_int/U0'
Finished Parsing XDC File [c:/Users/curti/OneDrive/Documents/UIUC/ECE-385/Vivado_Projects/Final_Project/lab_6.gen/sources_1/bd/mb_block/ip/mb_block_axi_gpio_0_2/mb_block_axi_gpio_0_2_board.xdc] for cell 'mb_block_i/gpio_usb_int/U0'
Parsing XDC File [c:/Users/curti/OneDrive/Documents/UIUC/ECE-385/Vivado_Projects/Final_Project/lab_6.gen/sources_1/bd/mb_block/ip/mb_block_axi_gpio_0_2/mb_block_axi_gpio_0_2.xdc] for cell 'mb_block_i/gpio_usb_int/U0'
Finished Parsing XDC File [c:/Users/curti/OneDrive/Documents/UIUC/ECE-385/Vivado_Projects/Final_Project/lab_6.gen/sources_1/bd/mb_block/ip/mb_block_axi_gpio_0_2/mb_block_axi_gpio_0_2.xdc] for cell 'mb_block_i/gpio_usb_int/U0'
Parsing XDC File [c:/Users/curti/OneDrive/Documents/UIUC/ECE-385/Vivado_Projects/Final_Project/lab_6.gen/sources_1/bd/mb_block/ip/mb_block_axi_gpio_0_3/mb_block_axi_gpio_0_3_board.xdc] for cell 'mb_block_i/gpio_usb_keycode/U0'
Finished Parsing XDC File [c:/Users/curti/OneDrive/Documents/UIUC/ECE-385/Vivado_Projects/Final_Project/lab_6.gen/sources_1/bd/mb_block/ip/mb_block_axi_gpio_0_3/mb_block_axi_gpio_0_3_board.xdc] for cell 'mb_block_i/gpio_usb_keycode/U0'
Parsing XDC File [c:/Users/curti/OneDrive/Documents/UIUC/ECE-385/Vivado_Projects/Final_Project/lab_6.gen/sources_1/bd/mb_block/ip/mb_block_axi_gpio_0_3/mb_block_axi_gpio_0_3.xdc] for cell 'mb_block_i/gpio_usb_keycode/U0'
Finished Parsing XDC File [c:/Users/curti/OneDrive/Documents/UIUC/ECE-385/Vivado_Projects/Final_Project/lab_6.gen/sources_1/bd/mb_block/ip/mb_block_axi_gpio_0_3/mb_block_axi_gpio_0_3.xdc] for cell 'mb_block_i/gpio_usb_keycode/U0'
Parsing XDC File [c:/Users/curti/OneDrive/Documents/UIUC/ECE-385/Vivado_Projects/Final_Project/lab_6.gen/sources_1/bd/mb_block/ip/mb_block_axi_quad_spi_0_0/mb_block_axi_quad_spi_0_0_board.xdc] for cell 'mb_block_i/spi_usb/U0'
Finished Parsing XDC File [c:/Users/curti/OneDrive/Documents/UIUC/ECE-385/Vivado_Projects/Final_Project/lab_6.gen/sources_1/bd/mb_block/ip/mb_block_axi_quad_spi_0_0/mb_block_axi_quad_spi_0_0_board.xdc] for cell 'mb_block_i/spi_usb/U0'
Parsing XDC File [c:/Users/curti/OneDrive/Documents/UIUC/ECE-385/Vivado_Projects/Final_Project/lab_6.gen/sources_1/bd/mb_block/ip/mb_block_axi_quad_spi_0_0/mb_block_axi_quad_spi_0_0.xdc] for cell 'mb_block_i/spi_usb/U0'
Finished Parsing XDC File [c:/Users/curti/OneDrive/Documents/UIUC/ECE-385/Vivado_Projects/Final_Project/lab_6.gen/sources_1/bd/mb_block/ip/mb_block_axi_quad_spi_0_0/mb_block_axi_quad_spi_0_0.xdc] for cell 'mb_block_i/spi_usb/U0'
Parsing XDC File [c:/Users/curti/OneDrive/Documents/UIUC/ECE-385/Vivado_Projects/Final_Project/lab_6.gen/sources_1/bd/mb_block/ip/mb_block_axi_timer_0_0/mb_block_axi_timer_0_0.xdc] for cell 'mb_block_i/timer_usb_axi/U0'
Finished Parsing XDC File [c:/Users/curti/OneDrive/Documents/UIUC/ECE-385/Vivado_Projects/Final_Project/lab_6.gen/sources_1/bd/mb_block/ip/mb_block_axi_timer_0_0/mb_block_axi_timer_0_0.xdc] for cell 'mb_block_i/timer_usb_axi/U0'
Parsing XDC File [c:/Users/curti/OneDrive/Documents/UIUC/ECE-385/Vivado_Projects/Final_Project/lab_6.gen/sources_1/ip/clk_wiz_0/clk_wiz_0_board.xdc] for cell 'clk_wiz/inst'
Finished Parsing XDC File [c:/Users/curti/OneDrive/Documents/UIUC/ECE-385/Vivado_Projects/Final_Project/lab_6.gen/sources_1/ip/clk_wiz_0/clk_wiz_0_board.xdc] for cell 'clk_wiz/inst'
Parsing XDC File [c:/Users/curti/OneDrive/Documents/UIUC/ECE-385/Vivado_Projects/Final_Project/lab_6.gen/sources_1/ip/clk_wiz_0/clk_wiz_0.xdc] for cell 'clk_wiz/inst'
INFO: [Timing 38-2] Deriving generated clocks [c:/Users/curti/OneDrive/Documents/UIUC/ECE-385/Vivado_Projects/Final_Project/lab_6.gen/sources_1/ip/clk_wiz_0/clk_wiz_0.xdc:57]
Finished Parsing XDC File [c:/Users/curti/OneDrive/Documents/UIUC/ECE-385/Vivado_Projects/Final_Project/lab_6.gen/sources_1/ip/clk_wiz_0/clk_wiz_0.xdc] for cell 'clk_wiz/inst'
Parsing XDC File [C:/Users/curti/OneDrive/Documents/UIUC/ECE-385/Vivado_Projects/Final_Project/lab6_2_provided/pin_assignment/mb_usb_hdmi_top.xdc]
Finished Parsing XDC File [C:/Users/curti/OneDrive/Documents/UIUC/ECE-385/Vivado_Projects/Final_Project/lab6_2_provided/pin_assignment/mb_usb_hdmi_top.xdc]
Parsing XDC File [c:/Users/curti/OneDrive/Documents/UIUC/ECE-385/Vivado_Projects/Final_Project/lab_6.gen/sources_1/bd/mb_block/ip/mb_block_microblaze_0_axi_intc_0/mb_block_microblaze_0_axi_intc_0_clocks.xdc] for cell 'mb_block_i/microblaze_0_axi_intc/U0'
Finished Parsing XDC File [c:/Users/curti/OneDrive/Documents/UIUC/ECE-385/Vivado_Projects/Final_Project/lab_6.gen/sources_1/bd/mb_block/ip/mb_block_microblaze_0_axi_intc_0/mb_block_microblaze_0_axi_intc_0_clocks.xdc] for cell 'mb_block_i/microblaze_0_axi_intc/U0'
Parsing XDC File [c:/Users/curti/OneDrive/Documents/UIUC/ECE-385/Vivado_Projects/Final_Project/lab_6.gen/sources_1/bd/mb_block/ip/mb_block_mdm_1_0/mb_block_mdm_1_0.xdc] for cell 'mb_block_i/mdm_1/U0'
Finished Parsing XDC File [c:/Users/curti/OneDrive/Documents/UIUC/ECE-385/Vivado_Projects/Final_Project/lab_6.gen/sources_1/bd/mb_block/ip/mb_block_mdm_1_0/mb_block_mdm_1_0.xdc] for cell 'mb_block_i/mdm_1/U0'
Parsing XDC File [c:/Users/curti/OneDrive/Documents/UIUC/ECE-385/Vivado_Projects/Final_Project/lab_6.gen/sources_1/bd/mb_block/ip/mb_block_axi_quad_spi_0_0/mb_block_axi_quad_spi_0_0_clocks.xdc] for cell 'mb_block_i/spi_usb/U0'
Finished Parsing XDC File [c:/Users/curti/OneDrive/Documents/UIUC/ECE-385/Vivado_Projects/Final_Project/lab_6.gen/sources_1/bd/mb_block/ip/mb_block_axi_quad_spi_0_0/mb_block_axi_quad_spi_0_0_clocks.xdc] for cell 'mb_block_i/spi_usb/U0'
WARNING: [XPM_CDC_GRAY: TCL-1000] The source and destination clocks are the same. 
     Instance: mb_block_i/spi_usb/U0/NO_DUAL_QUAD_MODE.QSPI_NORMAL/QSPI_LEGACY_MD_GEN.QSPI_CORE_INTERFACE_I/FIFO_EXISTS.TX_FIFO_II/xpm_fifo_instance.xpm_fifo_async_inst/gnuram_async_fifo.xpm_fifo_base_inst/gen_cdc_pntr.rd_pntr_cdc_inst 
  This will add unnecessary latency to the design. Please check the design for the following: 
 1) Manually instantiated XPM_CDC modules: Xilinx recommends that you remove these modules. 
 2) Xilinx IP that contains XPM_CDC modules: Verify the connections to the IP to determine whether you can safely ignore this message.
 [C:/Xilinx/Vivado/2022.2/data/ip/xpm/xpm_cdc/tcl/xpm_cdc_gray.tcl:16]
WARNING: [XPM_CDC_GRAY: TCL-1000] The source and destination clocks are the same. 
     Instance: mb_block_i/spi_usb/U0/NO_DUAL_QUAD_MODE.QSPI_NORMAL/QSPI_LEGACY_MD_GEN.QSPI_CORE_INTERFACE_I/FIFO_EXISTS.RX_FIFO_II/gnuram_async_fifo.xpm_fifo_base_inst/gen_cdc_pntr.wr_pntr_cdc_inst 
  This will add unnecessary latency to the design. Please check the design for the following: 
 1) Manually instantiated XPM_CDC modules: Xilinx recommends that you remove these modules. 
 2) Xilinx IP that contains XPM_CDC modules: Verify the connections to the IP to determine whether you can safely ignore this message.
 [C:/Xilinx/Vivado/2022.2/data/ip/xpm/xpm_cdc/tcl/xpm_cdc_gray.tcl:16]
WARNING: [XPM_CDC_GRAY: TCL-1000] The source and destination clocks are the same. 
     Instance: mb_block_i/spi_usb/U0/NO_DUAL_QUAD_MODE.QSPI_NORMAL/QSPI_LEGACY_MD_GEN.QSPI_CORE_INTERFACE_I/FIFO_EXISTS.RX_FIFO_II/gnuram_async_fifo.xpm_fifo_base_inst/gen_cdc_pntr.rd_pntr_cdc_inst 
  This will add unnecessary latency to the design. Please check the design for the following: 
 1) Manually instantiated XPM_CDC modules: Xilinx recommends that you remove these modules. 
 2) Xilinx IP that contains XPM_CDC modules: Verify the connections to the IP to determine whether you can safely ignore this message.
 [C:/Xilinx/Vivado/2022.2/data/ip/xpm/xpm_cdc/tcl/xpm_cdc_gray.tcl:16]
WARNING: [XPM_CDC_GRAY: TCL-1000] The source and destination clocks are the same. 
     Instance: mb_block_i/spi_usb/U0/NO_DUAL_QUAD_MODE.QSPI_NORMAL/QSPI_LEGACY_MD_GEN.QSPI_CORE_INTERFACE_I/FIFO_EXISTS.TX_FIFO_II/xpm_fifo_instance.xpm_fifo_async_inst/gnuram_async_fifo.xpm_fifo_base_inst/gen_cdc_pntr.wr_pntr_cdc_inst 
  This will add unnecessary latency to the design. Please check the design for the following: 
 1) Manually instantiated XPM_CDC modules: Xilinx recommends that you remove these modules. 
 2) Xilinx IP that contains XPM_CDC modules: Verify the connections to the IP to determine whether you can safely ignore this message.
 [C:/Xilinx/Vivado/2022.2/data/ip/xpm/xpm_cdc/tcl/xpm_cdc_gray.tcl:16]
WARNING: [XPM_CDC_GRAY: TCL-1000] The source and destination clocks are the same. 
     Instance: mb_block_i/spi_usb/U0/NO_DUAL_QUAD_MODE.QSPI_NORMAL/QSPI_LEGACY_MD_GEN.QSPI_CORE_INTERFACE_I/FIFO_EXISTS.TX_FIFO_II/xpm_fifo_instance.xpm_fifo_async_inst/gnuram_async_fifo.xpm_fifo_base_inst/gen_cdc_pntr.wr_pntr_cdc_dc_inst 
  This will add unnecessary latency to the design. Please check the design for the following: 
 1) Manually instantiated XPM_CDC modules: Xilinx recommends that you remove these modules. 
 2) Xilinx IP that contains XPM_CDC modules: Verify the connections to the IP to determine whether you can safely ignore this message.
 [C:/Xilinx/Vivado/2022.2/data/ip/xpm/xpm_cdc/tcl/xpm_cdc_gray.tcl:16]
WARNING: [XPM_CDC_GRAY: TCL-1000] The source and destination clocks are the same. 
     Instance: mb_block_i/spi_usb/U0/NO_DUAL_QUAD_MODE.QSPI_NORMAL/QSPI_LEGACY_MD_GEN.QSPI_CORE_INTERFACE_I/FIFO_EXISTS.RX_FIFO_II/gnuram_async_fifo.xpm_fifo_base_inst/gen_cdc_pntr.wr_pntr_cdc_dc_inst 
  This will add unnecessary latency to the design. Please check the design for the following: 
 1) Manually instantiated XPM_CDC modules: Xilinx recommends that you remove these modules. 
 2) Xilinx IP that contains XPM_CDC modules: Verify the connections to the IP to determine whether you can safely ignore this message.
 [C:/Xilinx/Vivado/2022.2/data/ip/xpm/xpm_cdc/tcl/xpm_cdc_gray.tcl:16]
WARNING: [XPM_CDC_GRAY: TCL-1000] The source and destination clocks are the same. 
     Instance: mb_block_i/spi_usb/U0/NO_DUAL_QUAD_MODE.QSPI_NORMAL/QSPI_LEGACY_MD_GEN.QSPI_CORE_INTERFACE_I/FIFO_EXISTS.TX_FIFO_II/xpm_fifo_instance.xpm_fifo_async_inst/gnuram_async_fifo.xpm_fifo_base_inst/gen_cdc_pntr.rd_pntr_cdc_dc_inst 
  This will add unnecessary latency to the design. Please check the design for the following: 
 1) Manually instantiated XPM_CDC modules: Xilinx recommends that you remove these modules. 
 2) Xilinx IP that contains XPM_CDC modules: Verify the connections to the IP to determine whether you can safely ignore this message.
 [C:/Xilinx/Vivado/2022.2/data/ip/xpm/xpm_cdc/tcl/xpm_cdc_gray.tcl:16]
WARNING: [XPM_CDC_GRAY: TCL-1000] The source and destination clocks are the same. 
     Instance: mb_block_i/spi_usb/U0/NO_DUAL_QUAD_MODE.QSPI_NORMAL/QSPI_LEGACY_MD_GEN.QSPI_CORE_INTERFACE_I/FIFO_EXISTS.RX_FIFO_II/gnuram_async_fifo.xpm_fifo_base_inst/gen_cdc_pntr.rd_pntr_cdc_dc_inst 
  This will add unnecessary latency to the design. Please check the design for the following: 
 1) Manually instantiated XPM_CDC modules: Xilinx recommends that you remove these modules. 
 2) Xilinx IP that contains XPM_CDC modules: Verify the connections to the IP to determine whether you can safely ignore this message.
 [C:/Xilinx/Vivado/2022.2/data/ip/xpm/xpm_cdc/tcl/xpm_cdc_gray.tcl:16]
INFO: [Project 1-1714] 14 XPM XDC files have been applied to the design.
INFO: [Opt 31-138] Pushed 0 inverter(s) to 0 load pin(s).
WARNING: [Constraints 18-5572] Instance mb_block_i/spi_usb/U0/NO_DUAL_QUAD_MODE.QSPI_NORMAL/IO0_I_REG has IOB constraint set, However, the instance does not seem to have valid I/O connection to be placed into I/O. The constraint on the instance will be ignored.
Generating merged BMM file for the design top 'mb_usb_hdmi_top'...
INFO: [Memdata 28-144] Successfully populated the BRAM INIT strings from the following elf files: c:/Users/curti/OneDrive/Documents/UIUC/ECE-385/Vivado_Projects/Final_Project/lab_6.gen/sources_1/bd/mb_block/ip/mb_block_microblaze_0_0/data/mb_bootloop_le.elf 
Netlist sorting complete. Time (s): cpu = 00:00:00 ; elapsed = 00:00:00.021 . Memory (MB): peak = 1631.238 ; gain = 0.000
INFO: [Project 1-111] Unisim Transformation Summary:
  A total of 247 instances were transformed.
  LUT6_2 => LUT6_2 (LUT5, LUT6): 145 instances
  RAM16X1D => RAM32X1D (RAMD32(x2)): 32 instances
  RAM32M => RAM32M (RAMD32(x6), RAMS32(x2)): 2 instances
  RAM32X1D => RAM32X1D (RAMD32(x2)): 68 instances

35 Infos, 14 Warnings, 0 Critical Warnings and 0 Errors encountered.
link_design completed successfully
link_design: Time (s): cpu = 00:00:19 ; elapsed = 00:00:25 . Memory (MB): peak = 1631.238 ; gain = 1196.125
Command: opt_design
Attempting to get a license for feature 'Implementation' and/or device 'xc7s50'
INFO: [Common 17-349] Got license for feature 'Implementation' and/or device 'xc7s50'
Running DRC as a precondition to command opt_design

Starting DRC Task
INFO: [DRC 23-27] Running DRC with 2 threads
INFO: [Project 1-461] DRC finished with 0 Errors
INFO: [Project 1-462] Please refer to the DRC report (report_drc) for more information.

Time (s): cpu = 00:00:01 ; elapsed = 00:00:01 . Memory (MB): peak = 1631.238 ; gain = 0.000

Starting Cache Timing Information Task
INFO: [Timing 38-35] Done setting XDC timing constraints.
Ending Cache Timing Information Task | Checksum: 23e7d7e58

Time (s): cpu = 00:00:02 ; elapsed = 00:00:02 . Memory (MB): peak = 1631.238 ; gain = 0.000

Starting Logic Optimization Task

Phase 1 Retarget
INFO: [Opt 31-1287] Pulled Inverter arrow_instance/vga_to_hdmi_i_5395 into driver instance vga/vga_to_hdmi_i_4522, which resulted in an inversion of 98 pins
INFO: [Opt 31-1287] Pulled Inverter arrow_instance/vga_to_hdmi_i_6146 into driver instance vga/vga_to_hdmi_i_5660, which resulted in an inversion of 98 pins
INFO: [Opt 31-1287] Pulled Inverter arrow_instance/vga_to_hdmi_i_6295 into driver instance vga/vga_to_hdmi_i_5746, which resulted in an inversion of 98 pins
INFO: [Opt 31-1287] Pulled Inverter arrow_instance/vga_to_hdmi_i_6438 into driver instance vga/vga_to_hdmi_i_3472, which resulted in an inversion of 136 pins
INFO: [Opt 31-1287] Pulled Inverter col_array[0][1][31]_i_487 into driver instance col_array[0][1][31]_i_76, which resulted in an inversion of 20 pins
INFO: [Opt 31-1287] Pulled Inverter col_array[1][0][31]_i_115 into driver instance col_array[1][0][31]_i_69, which resulted in an inversion of 11 pins
INFO: [Opt 31-1287] Pulled Inverter col_array[2][0][31]_i_108 into driver instance col_array[2][0][31]_i_59, which resulted in an inversion of 2 pins
INFO: [Opt 31-1287] Pulled Inverter col_array[2][0][31]_i_109 into driver instance col_array[2][0][31]_i_60, which resulted in an inversion of 2 pins
INFO: [Opt 31-1287] Pulled Inverter col_array[2][2][31]_i_109 into driver instance col_array[2][2][31]_i_164, which resulted in an inversion of 16 pins
INFO: [Opt 31-1287] Pulled Inverter col_array[2][2][31]_i_110 into driver instance col_array[2][2][31]_i_64, which resulted in an inversion of 19 pins
INFO: [Opt 31-1287] Pulled Inverter col_array[2][2][31]_i_111 into driver instance col_array[2][2][31]_i_65, which resulted in an inversion of 17 pins
INFO: [Opt 31-1287] Pulled Inverter col_array[2][2][31]_i_112 into driver instance col_array[2][2][31]_i_66, which resulted in an inversion of 20 pins
INFO: [Opt 31-1287] Pulled Inverter col_array[2][2][31]_i_295 into driver instance col_array[2][2][31]_i_391, which resulted in an inversion of 16 pins
INFO: [Opt 31-1287] Pulled Inverter col_array[2][2][31]_i_296 into driver instance col_array[2][2][31]_i_190, which resulted in an inversion of 11 pins
INFO: [Opt 31-1287] Pulled Inverter col_array[2][2][31]_i_297 into driver instance col_array[2][2][31]_i_188, which resulted in an inversion of 14 pins
INFO: [Opt 31-1287] Pulled Inverter col_array[2][2][31]_i_298 into driver instance col_array[2][2][31]_i_189, which resulted in an inversion of 12 pins
INFO: [Opt 31-1287] Pulled Inverter col_array[2][2][31]_i_486 into driver instance col_array[2][2][31]_i_377, which resulted in an inversion of 7 pins
INFO: [Opt 31-1287] Pulled Inverter col_array[2][2][31]_i_487 into driver instance col_array[2][2][31]_i_378, which resulted in an inversion of 6 pins
INFO: [Opt 31-1287] Pulled Inverter col_array[2][2][31]_i_488 into driver instance col_array[2][2][31]_i_379, which resulted in an inversion of 7 pins
INFO: [Opt 31-1287] Pulled Inverter col_array[2][2][31]_i_489 into driver instance col_array[2][2][31]_i_380, which resulted in an inversion of 11 pins
INFO: [Opt 31-1287] Pulled Inverter col_array[2][2][31]_i_490 into driver instance col_array[2][2][31]_i_406, which resulted in an inversion of 8 pins
INFO: [Opt 31-1287] Pulled Inverter col_array[2][2][31]_i_491 into driver instance col_array[2][2][31]_i_381, which resulted in an inversion of 9 pins
INFO: [Opt 31-1287] Pulled Inverter col_array[2][2][31]_i_492 into driver instance col_array[2][2][31]_i_383, which resulted in an inversion of 9 pins
INFO: [Opt 31-1287] Pulled Inverter col_array[2][2][31]_i_493 into driver instance col_array[2][2][31]_i_384, which resulted in an inversion of 7 pins
INFO: [Opt 31-1287] Pulled Inverter col_array[2][2][31]_i_494 into driver instance col_array[2][2][31]_i_389, which resulted in an inversion of 13 pins
INFO: [Opt 31-1287] Pulled Inverter col_array[2][2][31]_i_495 into driver instance col_array[2][2][31]_i_392, which resulted in an inversion of 15 pins
INFO: [Opt 31-1287] Pulled Inverter col_array[2][2][31]_i_496 into driver instance col_array[2][2][31]_i_394, which resulted in an inversion of 18 pins
INFO: [Opt 31-1287] Pulled Inverter col_array[2][2][31]_i_497 into driver instance col_array[2][2][31]_i_388, which resulted in an inversion of 17 pins
INFO: [Opt 31-1287] Pulled Inverter col_array[2][2][31]_i_498 into driver instance col_array[2][2][31]_i_427, which resulted in an inversion of 6 pins
INFO: [Opt 31-1287] Pulled Inverter col_array[2][2][31]_i_499 into driver instance col_array[2][2][31]_i_428, which resulted in an inversion of 6 pins
INFO: [Opt 31-1287] Pulled Inverter col_array[2][2][31]_i_500 into driver instance col_array[2][2][31]_i_404, which resulted in an inversion of 7 pins
INFO: [Opt 31-1287] Pulled Inverter col_array[2][2][31]_i_501 into driver instance col_array[2][2][31]_i_407, which resulted in an inversion of 7 pins
INFO: [Opt 31-1287] Pulled Inverter col_array[2][2][31]_i_502 into driver instance col_array[2][2][31]_i_385, which resulted in an inversion of 171 pins
INFO: [Opt 31-1287] Pulled Inverter col_array[2][2][31]_i_503 into driver instance col_array[2][2][31]_i_420, which resulted in an inversion of 6 pins
INFO: [Opt 31-1287] Pulled Inverter col_array[2][2][31]_i_504 into driver instance col_array[2][2][31]_i_418, which resulted in an inversion of 5 pins
INFO: [Opt 31-1287] Pulled Inverter col_array[2][2][31]_i_505 into driver instance col_array[2][2][31]_i_421, which resulted in an inversion of 5 pins
INFO: [Opt 31-1287] Pulled Inverter col_array[2][2][31]_i_506 into driver instance col_array[2][2][31]_i_422, which resulted in an inversion of 6 pins
INFO: [Opt 31-1287] Pulled Inverter col_array[2][2][31]_i_507 into driver instance col_array[2][2][31]_i_423, which resulted in an inversion of 5 pins
INFO: [Opt 31-1287] Pulled Inverter col_array[2][2][31]_i_508 into driver instance col_array[2][2][31]_i_424, which resulted in an inversion of 7 pins
INFO: [Opt 31-1287] Pulled Inverter col_array[2][4][31]_i_109 into driver instance col_array[2][4][31]_i_163, which resulted in an inversion of 23 pins
INFO: [Opt 31-1287] Pulled Inverter col_array[2][4][31]_i_110 into driver instance col_array[2][4][31]_i_67, which resulted in an inversion of 21 pins
INFO: [Opt 31-1287] Pulled Inverter col_array[2][4][31]_i_111 into driver instance col_array[2][4][31]_i_68, which resulted in an inversion of 22 pins
INFO: [Opt 31-1287] Pulled Inverter col_array[2][4][31]_i_112 into driver instance col_array[2][4][31]_i_69, which resulted in an inversion of 20 pins
INFO: [Opt 31-1287] Pulled Inverter col_array[2][4][31]_i_294 into driver instance col_array[2][4][31]_i_388, which resulted in an inversion of 10 pins
INFO: [Opt 31-1287] Pulled Inverter col_array[2][4][31]_i_295 into driver instance col_array[2][4][31]_i_189, which resulted in an inversion of 7 pins
INFO: [Opt 31-1287] Pulled Inverter col_array[2][4][31]_i_296 into driver instance col_array[2][4][31]_i_187, which resulted in an inversion of 12 pins
INFO: [Opt 31-1287] Pulled Inverter col_array[2][4][31]_i_297 into driver instance col_array[2][4][31]_i_188, which resulted in an inversion of 16 pins
INFO: [Opt 31-1287] Pulled Inverter col_array[2][4][31]_i_486 into driver instance col_array[2][4][31]_i_376, which resulted in an inversion of 13 pins
INFO: [Opt 31-1287] Pulled Inverter col_array[2][4][31]_i_487 into driver instance col_array[2][4][31]_i_377, which resulted in an inversion of 14 pins
INFO: [Opt 31-1287] Pulled Inverter col_array[2][4][31]_i_488 into driver instance col_array[2][4][31]_i_378, which resulted in an inversion of 13 pins
INFO: [Opt 31-1287] Pulled Inverter col_array[2][4][31]_i_489 into driver instance col_array[2][4][31]_i_379, which resulted in an inversion of 13 pins
INFO: [Opt 31-1287] Pulled Inverter col_array[2][4][31]_i_490 into driver instance col_array[2][4][31]_i_400, which resulted in an inversion of 9 pins
INFO: [Opt 31-1287] Pulled Inverter col_array[2][4][31]_i_491 into driver instance col_array[2][4][31]_i_380, which resulted in an inversion of 10 pins
INFO: [Opt 31-1287] Pulled Inverter col_array[2][4][31]_i_492 into driver instance col_array[2][4][31]_i_382, which resulted in an inversion of 10 pins
INFO: [Opt 31-1287] Pulled Inverter col_array[2][4][31]_i_493 into driver instance col_array[2][4][31]_i_383, which resulted in an inversion of 11 pins
INFO: [Opt 31-1287] Pulled Inverter col_array[2][4][31]_i_494 into driver instance col_array[2][4][31]_i_390, which resulted in an inversion of 14 pins
INFO: [Opt 31-1287] Pulled Inverter col_array[2][4][31]_i_495 into driver instance col_array[2][4][31]_i_391, which resulted in an inversion of 11 pins
INFO: [Opt 31-1287] Pulled Inverter col_array[2][4][31]_i_496 into driver instance col_array[2][4][31]_i_392, which resulted in an inversion of 10 pins
INFO: [Opt 31-1287] Pulled Inverter col_array[2][4][31]_i_497 into driver instance col_array[2][4][31]_i_385, which resulted in an inversion of 12 pins
INFO: [Opt 31-1287] Pulled Inverter col_array[2][4][31]_i_498 into driver instance col_array[2][4][31]_i_427, which resulted in an inversion of 7 pins
INFO: [Opt 31-1287] Pulled Inverter col_array[2][4][31]_i_499 into driver instance col_array[2][4][31]_i_407, which resulted in an inversion of 7 pins
INFO: [Opt 31-1287] Pulled Inverter col_array[2][4][31]_i_500 into driver instance col_array[2][4][31]_i_398, which resulted in an inversion of 8 pins
INFO: [Opt 31-1287] Pulled Inverter col_array[2][4][31]_i_501 into driver instance col_array[2][4][31]_i_402, which resulted in an inversion of 8 pins
INFO: [Opt 31-1287] Pulled Inverter col_array[2][4][31]_i_502 into driver instance col_array[2][4][31]_i_397, which resulted in an inversion of 97 pins
INFO: [Opt 31-1287] Pulled Inverter col_array[2][4][31]_i_503 into driver instance col_array[2][4][31]_i_414, which resulted in an inversion of 6 pins
INFO: [Opt 31-1287] Pulled Inverter col_array[2][4][31]_i_504 into driver instance col_array[2][4][31]_i_411, which resulted in an inversion of 5 pins
INFO: [Opt 31-1287] Pulled Inverter col_array[2][4][31]_i_505 into driver instance col_array[2][4][31]_i_415, which resulted in an inversion of 5 pins
INFO: [Opt 31-1287] Pulled Inverter col_array[2][4][31]_i_506 into driver instance col_array[2][4][31]_i_417, which resulted in an inversion of 6 pins
INFO: [Opt 31-1287] Pulled Inverter col_array[2][4][31]_i_507 into driver instance col_array[2][4][31]_i_418, which resulted in an inversion of 5 pins
INFO: [Opt 31-1287] Pulled Inverter col_array[2][4][31]_i_508 into driver instance col_array[2][4][31]_i_419, which resulted in an inversion of 8 pins
INFO: [Opt 31-1287] Pulled Inverter col_array[3][5][31]_i_110 into driver instance col_array[3][5][31]_i_68, which resulted in an inversion of 19 pins
INFO: [Opt 31-1287] Pulled Inverter col_array[3][5][31]_i_111 into driver instance col_array[3][5][31]_i_69, which resulted in an inversion of 17 pins
INFO: [Opt 31-1287] Pulled Inverter col_array[3][5][31]_i_205 into driver instance col_array[3][5][31]_i_311, which resulted in an inversion of 16 pins
INFO: [Opt 31-1287] Pulled Inverter col_array[3][5][31]_i_206 into driver instance col_array[3][5][31]_i_156, which resulted in an inversion of 11 pins
INFO: [Opt 31-1287] Pulled Inverter col_array[3][5][31]_i_207 into driver instance col_array[3][5][31]_i_153, which resulted in an inversion of 14 pins
INFO: [Opt 31-1287] Pulled Inverter col_array[3][5][31]_i_208 into driver instance col_array[3][5][31]_i_154, which resulted in an inversion of 12 pins
INFO: [Opt 31-1287] Pulled Inverter col_array[3][5][31]_i_477 into driver instance col_array[3][5][31]_i_367, which resulted in an inversion of 7 pins
INFO: [Opt 31-1287] Pulled Inverter col_array[3][5][31]_i_478 into driver instance col_array[3][5][31]_i_368, which resulted in an inversion of 6 pins
INFO: [Opt 31-1287] Pulled Inverter col_array[3][5][31]_i_479 into driver instance col_array[3][5][31]_i_369, which resulted in an inversion of 7 pins
INFO: [Opt 31-1287] Pulled Inverter col_array[3][5][31]_i_480 into driver instance col_array[3][5][31]_i_370, which resulted in an inversion of 11 pins
INFO: [Opt 31-1287] Pulled Inverter col_array[3][5][31]_i_481 into driver instance col_array[3][5][31]_i_395, which resulted in an inversion of 8 pins
INFO: [Opt 31-1287] Pulled Inverter col_array[3][5][31]_i_482 into driver instance col_array[3][5][31]_i_371, which resulted in an inversion of 9 pins
INFO: [Opt 31-1287] Pulled Inverter col_array[3][5][31]_i_483 into driver instance col_array[3][5][31]_i_373, which resulted in an inversion of 9 pins
INFO: [Opt 31-1287] Pulled Inverter col_array[3][5][31]_i_484 into driver instance col_array[3][5][31]_i_374, which resulted in an inversion of 7 pins
INFO: [Opt 31-1287] Pulled Inverter col_array[3][5][31]_i_485 into driver instance col_array[3][5][31]_i_379, which resulted in an inversion of 13 pins
INFO: [Opt 31-1287] Pulled Inverter col_array[3][5][31]_i_486 into driver instance col_array[3][5][31]_i_381, which resulted in an inversion of 15 pins
INFO: [Opt 31-1287] Pulled Inverter col_array[3][5][31]_i_487 into driver instance col_array[3][5][31]_i_383, which resulted in an inversion of 18 pins
INFO: [Opt 31-1287] Pulled Inverter col_array[3][5][31]_i_488 into driver instance col_array[3][5][31]_i_378, which resulted in an inversion of 17 pins
INFO: [Opt 31-1287] Pulled Inverter col_array[3][5][31]_i_489 into driver instance col_array[3][5][31]_i_416, which resulted in an inversion of 6 pins
INFO: [Opt 31-1287] Pulled Inverter col_array[3][5][31]_i_490 into driver instance col_array[3][5][31]_i_417, which resulted in an inversion of 6 pins
INFO: [Opt 31-1287] Pulled Inverter col_array[3][5][31]_i_491 into driver instance col_array[3][5][31]_i_393, which resulted in an inversion of 7 pins
INFO: [Opt 31-1287] Pulled Inverter col_array[3][5][31]_i_492 into driver instance col_array[3][5][31]_i_396, which resulted in an inversion of 7 pins
INFO: [Opt 31-1287] Pulled Inverter col_array[3][5][31]_i_493 into driver instance col_array[3][5][31]_i_375, which resulted in an inversion of 171 pins
INFO: [Opt 31-1287] Pulled Inverter col_array[3][5][31]_i_494 into driver instance col_array[3][5][31]_i_409, which resulted in an inversion of 6 pins
INFO: [Opt 31-1287] Pulled Inverter col_array[3][5][31]_i_495 into driver instance col_array[3][5][31]_i_407, which resulted in an inversion of 5 pins
INFO: [Opt 31-1287] Pulled Inverter col_array[3][5][31]_i_496 into driver instance col_array[3][5][31]_i_410, which resulted in an inversion of 5 pins
INFO: [Opt 31-1287] Pulled Inverter col_array[3][5][31]_i_497 into driver instance col_array[3][5][31]_i_411, which resulted in an inversion of 6 pins
INFO: [Opt 31-1287] Pulled Inverter col_array[3][5][31]_i_498 into driver instance col_array[3][5][31]_i_412, which resulted in an inversion of 5 pins
INFO: [Opt 31-1287] Pulled Inverter col_array[3][5][31]_i_499 into driver instance col_array[3][5][31]_i_413, which resulted in an inversion of 7 pins
INFO: [Opt 31-1287] Pulled Inverter current_col_array[0][4][31]_i_410 into driver instance current_col_array[0][4][31]_i_8, which resulted in an inversion of 84 pins
INFO: [Common 17-14] Message 'Opt 31-1287' appears 100 times and further instances of the messages will be disabled. Use the Tcl command set_msg_config to change the current settings.
INFO: [Opt 31-138] Pushed 2 inverter(s) to 2 load pin(s).
INFO: [Opt 31-49] Retargeted 0 cell(s).
Phase 1 Retarget | Checksum: 2454c423a

Time (s): cpu = 00:00:02 ; elapsed = 00:00:02 . Memory (MB): peak = 1919.320 ; gain = 0.000
INFO: [Opt 31-389] Phase Retarget created 274 cells and removed 490 cells
INFO: [Opt 31-1021] In phase Retarget, 4 netlist objects are constrained preventing optimization. Please run opt_design with -debug_log to get more detail. 

Phase 2 Constant propagation
INFO: [Opt 31-138] Pushed 8 inverter(s) to 14 load pin(s).
Phase 2 Constant propagation | Checksum: 1900894b3

Time (s): cpu = 00:00:02 ; elapsed = 00:00:03 . Memory (MB): peak = 1919.320 ; gain = 0.000
INFO: [Opt 31-389] Phase Constant propagation created 424 cells and removed 1083 cells
INFO: [Opt 31-1021] In phase Constant propagation, 2 netlist objects are constrained preventing optimization. Please run opt_design with -debug_log to get more detail. 

Phase 3 Sweep
Phase 3 Sweep | Checksum: 1c03c1cec

Time (s): cpu = 00:00:03 ; elapsed = 00:00:04 . Memory (MB): peak = 1919.320 ; gain = 0.000
INFO: [Opt 31-389] Phase Sweep created 0 cells and removed 276 cells
INFO: [Opt 31-1021] In phase Sweep, 7 netlist objects are constrained preventing optimization. Please run opt_design with -debug_log to get more detail. 

Phase 4 BUFG optimization
INFO: [Opt 31-194] Inserted BUFG mb_block_i/mdm_1/U0/Use_E2.BSCAN_I/Dbg_Update_0_BUFG_inst to drive 40 load(s) on clock net mb_block_i/mdm_1/U0/Use_E2.BSCAN_I/Dbg_Update_0_BUFG
INFO: [Opt 31-194] Inserted BUFG Clk_IBUF_BUFG_inst to drive 36 load(s) on clock net Clk_IBUF_BUFG
INFO: [Opt 31-193] Inserted 2 BUFG(s) on clock nets
Phase 4 BUFG optimization | Checksum: 183771155

Time (s): cpu = 00:00:04 ; elapsed = 00:00:04 . Memory (MB): peak = 1919.320 ; gain = 0.000
INFO: [Opt 31-662] Phase BUFG optimization created 2 cells of which 2 are BUFGs and removed 0 cells.

Phase 5 Shift Register Optimization
INFO: [Opt 31-1064] SRL Remap converted 0 SRLs to 0 registers and converted 0 registers of register chains to 0 SRLs
Phase 5 Shift Register Optimization | Checksum: 183771155

Time (s): cpu = 00:00:04 ; elapsed = 00:00:04 . Memory (MB): peak = 1919.320 ; gain = 0.000
INFO: [Opt 31-389] Phase Shift Register Optimization created 0 cells and removed 0 cells

Phase 6 Post Processing Netlist
Phase 6 Post Processing Netlist | Checksum: 1c513de2a

Time (s): cpu = 00:00:04 ; elapsed = 00:00:04 . Memory (MB): peak = 1919.320 ; gain = 0.000
INFO: [Opt 31-389] Phase Post Processing Netlist created 0 cells and removed 0 cells
INFO: [Opt 31-1021] In phase Post Processing Netlist, 2 netlist objects are constrained preventing optimization. Please run opt_design with -debug_log to get more detail. 
Opt_design Change Summary
=========================


-------------------------------------------------------------------------------------------------------------------------
|  Phase                        |  #Cells created  |  #Cells Removed  |  #Constrained objects preventing optimizations  |
-------------------------------------------------------------------------------------------------------------------------
|  Retarget                     |             274  |             490  |                                              4  |
|  Constant propagation         |             424  |            1083  |                                              2  |
|  Sweep                        |               0  |             276  |                                              7  |
|  BUFG optimization            |               2  |               0  |                                              0  |
|  Shift Register Optimization  |               0  |               0  |                                              0  |
|  Post Processing Netlist      |               0  |               0  |                                              2  |
-------------------------------------------------------------------------------------------------------------------------



Starting Connectivity Check Task

Time (s): cpu = 00:00:00 ; elapsed = 00:00:00.070 . Memory (MB): peak = 1919.320 ; gain = 0.000
Ending Logic Optimization Task | Checksum: 1b9858256

Time (s): cpu = 00:00:06 ; elapsed = 00:00:06 . Memory (MB): peak = 1919.320 ; gain = 0.000

Starting Power Optimization Task
INFO: [Pwropt 34-132] Skipping clock gating for clocks with a period < 2.00 ns.
INFO: [Timing 38-35] Done setting XDC timing constraints.
Running Vector-less Activity Propagation...

Finished Running Vector-less Activity Propagation
INFO: [Pwropt 34-9] Applying IDT optimizations ...
INFO: [Pwropt 34-10] Applying ODC optimizations ...


Starting PowerOpt Patch Enables Task
INFO: [Pwropt 34-162] WRITE_MODE attribute of 0 BRAM(s) out of a total of 12 has been updated to save power. Run report_power_opt to get a complete listing of the BRAMs updated.
INFO: [Pwropt 34-201] Structural ODC has moved 4 WE to EN ports
Number of BRAM Ports augmented: 0 newly gated: 4 Total Ports: 24
Ending PowerOpt Patch Enables Task | Checksum: 13f7b38c8

Time (s): cpu = 00:00:00 ; elapsed = 00:00:00.149 . Memory (MB): peak = 2100.965 ; gain = 0.000
Ending Power Optimization Task | Checksum: 13f7b38c8

Time (s): cpu = 00:00:16 ; elapsed = 00:00:11 . Memory (MB): peak = 2100.965 ; gain = 181.645

Starting Final Cleanup Task
Ending Final Cleanup Task | Checksum: 13f7b38c8

Time (s): cpu = 00:00:00 ; elapsed = 00:00:00.006 . Memory (MB): peak = 2100.965 ; gain = 0.000

Starting Netlist Obfuscation Task
Netlist sorting complete. Time (s): cpu = 00:00:00 ; elapsed = 00:00:00.017 . Memory (MB): peak = 2100.965 ; gain = 0.000
Ending Netlist Obfuscation Task | Checksum: 1f6c78950

Time (s): cpu = 00:00:00 ; elapsed = 00:00:00.023 . Memory (MB): peak = 2100.965 ; gain = 0.000
INFO: [Common 17-83] Releasing license: Implementation
165 Infos, 14 Warnings, 0 Critical Warnings and 0 Errors encountered.
opt_design completed successfully
opt_design: Time (s): cpu = 00:00:27 ; elapsed = 00:00:22 . Memory (MB): peak = 2100.965 ; gain = 469.727
INFO: [Timing 38-35] Done setting XDC timing constraints.
INFO: [Timing 38-480] Writing timing data to binary archive.
Writing XDEF routing.
Writing XDEF routing logical nets.
Writing XDEF routing special nets.
Write XDEF Complete: Time (s): cpu = 00:00:00 ; elapsed = 00:00:00.041 . Memory (MB): peak = 2100.965 ; gain = 0.000
INFO: [Common 17-1381] The checkpoint 'C:/Users/curti/OneDrive/Documents/UIUC/ECE-385/Vivado_Projects/Final_Project/lab_6.runs/impl_1/mb_usb_hdmi_top_opt.dcp' has been generated.
write_checkpoint: Time (s): cpu = 00:00:06 ; elapsed = 00:00:07 . Memory (MB): peak = 2100.965 ; gain = 0.000
INFO: [runtcl-4] Executing : report_drc -file mb_usb_hdmi_top_drc_opted.rpt -pb mb_usb_hdmi_top_drc_opted.pb -rpx mb_usb_hdmi_top_drc_opted.rpx
Command: report_drc -file mb_usb_hdmi_top_drc_opted.rpt -pb mb_usb_hdmi_top_drc_opted.pb -rpx mb_usb_hdmi_top_drc_opted.rpx
INFO: [IP_Flow 19-1839] IP Catalog is up to date.
INFO: [DRC 23-27] Running DRC with 2 threads
INFO: [Vivado_Tcl 2-168] The results of DRC are in file C:/Users/curti/OneDrive/Documents/UIUC/ECE-385/Vivado_Projects/Final_Project/lab_6.runs/impl_1/mb_usb_hdmi_top_drc_opted.rpt.
report_drc completed successfully
Command: place_design
Attempting to get a license for feature 'Implementation' and/or device 'xc7s50'
INFO: [Common 17-349] Got license for feature 'Implementation' and/or device 'xc7s50'
INFO: [DRC 23-27] Running DRC with 2 threads
INFO: [Vivado_Tcl 4-198] DRC finished with 0 Errors
INFO: [Vivado_Tcl 4-199] Please refer to the DRC report (report_drc) for more information.
Running DRC as a precondition to command place_design
INFO: [DRC 23-27] Running DRC with 2 threads
INFO: [Vivado_Tcl 4-198] DRC finished with 0 Errors, 21 Warnings
INFO: [Vivado_Tcl 4-199] Please refer to the DRC report (report_drc) for more information.

Starting Placer Task
INFO: [Place 30-611] Multithreading enabled for place_design using a maximum of 2 CPUs

Phase 1 Placer Initialization

Phase 1.1 Placer Initialization Netlist Sorting
Netlist sorting complete. Time (s): cpu = 00:00:00 ; elapsed = 00:00:00.020 . Memory (MB): peak = 2100.965 ; gain = 0.000
Phase 1.1 Placer Initialization Netlist Sorting | Checksum: 1286f810c

Time (s): cpu = 00:00:01 ; elapsed = 00:00:00.032 . Memory (MB): peak = 2100.965 ; gain = 0.000
Netlist sorting complete. Time (s): cpu = 00:00:00 ; elapsed = 00:00:00.019 . Memory (MB): peak = 2100.965 ; gain = 0.000

Phase 1.2 IO Placement/ Clock Placement/ Build Placer Device
Phase 1.2 IO Placement/ Clock Placement/ Build Placer Device | Checksum: b410f6f7

Time (s): cpu = 00:00:02 ; elapsed = 00:00:01 . Memory (MB): peak = 2100.965 ; gain = 0.000

Phase 1.3 Build Placer Netlist Model
Phase 1.3 Build Placer Netlist Model | Checksum: 108f5d37e

Time (s): cpu = 00:00:06 ; elapsed = 00:00:07 . Memory (MB): peak = 2124.422 ; gain = 23.457

Phase 1.4 Constrain Clocks/Macros
Phase 1.4 Constrain Clocks/Macros | Checksum: 108f5d37e

Time (s): cpu = 00:00:06 ; elapsed = 00:00:07 . Memory (MB): peak = 2124.422 ; gain = 23.457
Phase 1 Placer Initialization | Checksum: 108f5d37e

Time (s): cpu = 00:00:06 ; elapsed = 00:00:07 . Memory (MB): peak = 2124.422 ; gain = 23.457

Phase 2 Global Placement

Phase 2.1 Floorplanning
Phase 2.1 Floorplanning | Checksum: 111faded4

Time (s): cpu = 00:00:06 ; elapsed = 00:00:08 . Memory (MB): peak = 2124.422 ; gain = 23.457

Phase 2.2 Update Timing before SLR Path Opt
Phase 2.2 Update Timing before SLR Path Opt | Checksum: 1ad46d5a0

Time (s): cpu = 00:00:07 ; elapsed = 00:00:09 . Memory (MB): peak = 2124.422 ; gain = 23.457

Phase 2.3 Post-Processing in Floorplanning
Phase 2.3 Post-Processing in Floorplanning | Checksum: 1ad46d5a0

Time (s): cpu = 00:00:07 ; elapsed = 00:00:09 . Memory (MB): peak = 2124.422 ; gain = 23.457

Phase 2.4 Global Placement Core

Phase 2.4.1 UpdateTiming Before Physical Synthesis
Phase 2.4.1 UpdateTiming Before Physical Synthesis | Checksum: bc37cc1f

Time (s): cpu = 00:00:22 ; elapsed = 00:00:22 . Memory (MB): peak = 2124.422 ; gain = 23.457

Phase 2.4.2 Physical Synthesis In Placer
INFO: [Physopt 32-1035] Found 3 LUTNM shape to break, 1963 LUT instances to create LUTNM shape
INFO: [Physopt 32-1044] Break lutnm for timing: one critical 1, two critical 2, total 3, new lutff created 0
INFO: [Physopt 32-1138] End 1 Pass. Optimized 363 nets or LUTs. Breaked 3 LUTs, combined 360 existing LUTs and moved 0 existing LUT
INFO: [Physopt 32-65] No nets found for high-fanout optimization.
INFO: [Physopt 32-232] Optimized 0 net. Created 0 new instance.
INFO: [Physopt 32-775] End 1 Pass. Optimized 0 net or cell. Created 0 new cell, deleted 0 existing cell and moved 0 existing cell
INFO: [Physopt 32-456] No candidate cells for DSP register optimization found in the design.
INFO: [Physopt 32-775] End 2 Pass. Optimized 0 net or cell. Created 0 new cell, deleted 0 existing cell and moved 0 existing cell
INFO: [Physopt 32-1123] No candidate cells found for Shift Register to Pipeline optimization
INFO: [Physopt 32-775] End 2 Pass. Optimized 0 net or cell. Created 0 new cell, deleted 0 existing cell and moved 0 existing cell
INFO: [Physopt 32-775] End 1 Pass. Optimized 5 nets or cells. Created 5 new cells, deleted 0 existing cell and moved 0 existing cell
Netlist sorting complete. Time (s): cpu = 00:00:00 ; elapsed = 00:00:00.017 . Memory (MB): peak = 2124.422 ; gain = 0.000
INFO: [Physopt 32-527] Pass 1: Identified 4 candidate cells for BRAM register optimization
INFO: [Physopt 32-665] Processed cell arrow_instance/bg1/background1_rom/U0/inst_blk_mem_gen/gnbram.gnativebmg.native_blk_mem_gen/valid.cstr/ramloop[2].ram.r/prim_init.ram/DEVICE_7SERIES.NO_BMM_INFO.TRUE_DP.SIMPLE_PRIM36.ram. 1 register was pushed out.
INFO: [Physopt 32-666] Processed cell arrow_instance/bg1/background1_rom/U0/inst_blk_mem_gen/gnbram.gnativebmg.native_blk_mem_gen/valid.cstr/ramloop[3].ram.r/prim_init.ram/DEVICE_7SERIES.NO_BMM_INFO.TRUE_DP.SIMPLE_PRIM36.ram. No change.
INFO: [Physopt 32-666] Processed cell arrow_instance/bg1/background1_rom/U0/inst_blk_mem_gen/gnbram.gnativebmg.native_blk_mem_gen/valid.cstr/ramloop[0].ram.r/prim_init.ram/DEVICE_7SERIES.NO_BMM_INFO.TRUE_DP.SIMPLE_PRIM36.ram. No change.
INFO: [Physopt 32-666] Processed cell arrow_instance/bg1/background1_rom/U0/inst_blk_mem_gen/gnbram.gnativebmg.native_blk_mem_gen/valid.cstr/ramloop[1].ram.r/prim_init.ram/DEVICE_7SERIES.NO_BMM_INFO.TRUE_DP.SIMPLE_PRIM36.ram. No change.
INFO: [Physopt 32-775] End 1 Pass. Optimized 1 net or cell. Created 1 new cell, deleted 0 existing cell and moved 0 existing cell
Netlist sorting complete. Time (s): cpu = 00:00:00 ; elapsed = 00:00:00.021 . Memory (MB): peak = 2124.422 ; gain = 0.000
INFO: [Physopt 32-846] No candidate cells for URAM register optimization found in the design
INFO: [Physopt 32-775] End 2 Pass. Optimized 0 net or cell. Created 0 new cell, deleted 0 existing cell and moved 0 existing cell
INFO: [Physopt 32-949] No candidate nets found for dynamic/static region interface net replication
INFO: [Physopt 32-775] End 1 Pass. Optimized 0 net or cell. Created 0 new cell, deleted 0 existing cell and moved 0 existing cell
Netlist sorting complete. Time (s): cpu = 00:00:00 ; elapsed = 00:00:00.017 . Memory (MB): peak = 2124.422 ; gain = 0.000

Summary of Physical Synthesis Optimizations
============================================


-----------------------------------------------------------------------------------------------------------------------------------------------------------
|  Optimization                                     |  Added Cells  |  Removed Cells  |  Optimized Cells/Nets  |  Dont Touch  |  Iterations  |  Elapsed   |
-----------------------------------------------------------------------------------------------------------------------------------------------------------
|  LUT Combining                                    |            3  |            360  |                   363  |           0  |           1  |  00:00:01  |
|  Retime                                           |            0  |              0  |                     0  |           0  |           1  |  00:00:00  |
|  Very High Fanout                                 |            0  |              0  |                     0  |           0  |           1  |  00:00:00  |
|  DSP Register                                     |            0  |              0  |                     0  |           0  |           1  |  00:00:00  |
|  Shift Register to Pipeline                       |            0  |              0  |                     0  |           0  |           1  |  00:00:00  |
|  Shift Register                                   |            5  |              0  |                     5  |           0  |           1  |  00:00:00  |
|  BRAM Register                                    |            1  |              0  |                     1  |           0  |           1  |  00:00:00  |
|  URAM Register                                    |            0  |              0  |                     0  |           0  |           1  |  00:00:00  |
|  Dynamic/Static Region Interface Net Replication  |            0  |              0  |                     0  |           0  |           1  |  00:00:00  |
|  Total                                            |            9  |            360  |                   369  |           0  |           9  |  00:00:01  |
-----------------------------------------------------------------------------------------------------------------------------------------------------------


Phase 2.4.2 Physical Synthesis In Placer | Checksum: 1a14612e8

Time (s): cpu = 00:00:24 ; elapsed = 00:00:24 . Memory (MB): peak = 2124.422 ; gain = 23.457
Phase 2.4 Global Placement Core | Checksum: 15910363f

Time (s): cpu = 00:00:24 ; elapsed = 00:00:25 . Memory (MB): peak = 2124.422 ; gain = 23.457
Phase 2 Global Placement | Checksum: 15910363f

Time (s): cpu = 00:00:24 ; elapsed = 00:00:25 . Memory (MB): peak = 2124.422 ; gain = 23.457

Phase 3 Detail Placement

Phase 3.1 Commit Multi Column Macros
Phase 3.1 Commit Multi Column Macros | Checksum: 120a8cf75

Time (s): cpu = 00:00:25 ; elapsed = 00:00:26 . Memory (MB): peak = 2124.422 ; gain = 23.457

Phase 3.2 Commit Most Macros & LUTRAMs
Phase 3.2 Commit Most Macros & LUTRAMs | Checksum: 1c164b1df

Time (s): cpu = 00:00:27 ; elapsed = 00:00:29 . Memory (MB): peak = 2124.422 ; gain = 23.457

Phase 3.3 Area Swap Optimization
Phase 3.3 Area Swap Optimization | Checksum: 1f522c0d1

Time (s): cpu = 00:00:27 ; elapsed = 00:00:29 . Memory (MB): peak = 2124.422 ; gain = 23.457

Phase 3.4 Pipeline Register Optimization
Phase 3.4 Pipeline Register Optimization | Checksum: 195e8376c

Time (s): cpu = 00:00:27 ; elapsed = 00:00:29 . Memory (MB): peak = 2124.422 ; gain = 23.457

Phase 3.5 Fast Optimization
Phase 3.5 Fast Optimization | Checksum: 168d470f8

Time (s): cpu = 00:00:29 ; elapsed = 00:00:35 . Memory (MB): peak = 2124.422 ; gain = 23.457

Phase 3.6 Small Shape Detail Placement
Phase 3.6 Small Shape Detail Placement | Checksum: c9fb0f83

Time (s): cpu = 00:00:33 ; elapsed = 00:00:43 . Memory (MB): peak = 2124.422 ; gain = 23.457

Phase 3.7 Re-assign LUT pins
Phase 3.7 Re-assign LUT pins | Checksum: 1164f3653

Time (s): cpu = 00:00:35 ; elapsed = 00:00:46 . Memory (MB): peak = 2124.422 ; gain = 23.457

Phase 3.8 Pipeline Register Optimization
Phase 3.8 Pipeline Register Optimization | Checksum: 1088068e9

Time (s): cpu = 00:00:35 ; elapsed = 00:00:46 . Memory (MB): peak = 2124.422 ; gain = 23.457

Phase 3.9 Fast Optimization
Phase 3.9 Fast Optimization | Checksum: 105c3d09a

Time (s): cpu = 00:00:37 ; elapsed = 00:00:52 . Memory (MB): peak = 2124.422 ; gain = 23.457
Phase 3 Detail Placement | Checksum: 105c3d09a

Time (s): cpu = 00:00:37 ; elapsed = 00:00:52 . Memory (MB): peak = 2124.422 ; gain = 23.457

Phase 4 Post Placement Optimization and Clean-Up

Phase 4.1 Post Commit Optimization
INFO: [Timing 38-35] Done setting XDC timing constraints.

Phase 4.1.1 Post Placement Optimization
Post Placement Optimization Initialization | Checksum: 1ada1a1be

Phase 4.1.1.1 BUFG Insertion

Starting Physical Synthesis Task

Phase 1 Physical Synthesis Initialization
INFO: [Physopt 32-721] Multithreading enabled for phys_opt_design using a maximum of 2 CPUs
INFO: [Physopt 32-619] Estimated Timing Summary | WNS=-8.702 | TNS=-431.296 |
Phase 1 Physical Synthesis Initialization | Checksum: 1f21b8f1a

Time (s): cpu = 00:00:01 ; elapsed = 00:00:00.778 . Memory (MB): peak = 2162.539 ; gain = 0.000
INFO: [Place 46-56] BUFG insertion identified 0 candidate nets. Inserted BUFG: 0, Replicated BUFG Driver: 0, Skipped due to Placement/Routing Conflicts: 0, Skipped due to Timing Degradation: 0, Skipped due to Illegal Netlist: 0.
Ending Physical Synthesis Task | Checksum: 1d0733a99

Time (s): cpu = 00:00:01 ; elapsed = 00:00:01 . Memory (MB): peak = 2162.539 ; gain = 0.000
Phase 4.1.1.1 BUFG Insertion | Checksum: 1ada1a1be

Time (s): cpu = 00:00:41 ; elapsed = 00:00:59 . Memory (MB): peak = 2162.539 ; gain = 61.574

Phase 4.1.1.2 Post Placement Timing Optimization
INFO: [Place 30-746] Post Placement Timing Summary WNS=-8.106. For the most accurate timing information please run report_timing.
Phase 4.1.1.2 Post Placement Timing Optimization | Checksum: 28ac04ad4

Time (s): cpu = 00:00:50 ; elapsed = 00:01:15 . Memory (MB): peak = 2162.539 ; gain = 61.574

Time (s): cpu = 00:00:50 ; elapsed = 00:01:15 . Memory (MB): peak = 2162.539 ; gain = 61.574
Phase 4.1 Post Commit Optimization | Checksum: 28ac04ad4

Time (s): cpu = 00:00:50 ; elapsed = 00:01:16 . Memory (MB): peak = 2162.539 ; gain = 61.574

Phase 4.2 Post Placement Cleanup
Phase 4.2 Post Placement Cleanup | Checksum: 28ac04ad4

Time (s): cpu = 00:00:50 ; elapsed = 00:01:16 . Memory (MB): peak = 2162.539 ; gain = 61.574

Phase 4.3 Placer Reporting

Phase 4.3.1 Print Estimated Congestion
INFO: [Place 30-612] Post-Placement Estimated Congestion 
 ____________________________________________________
|           | Global Congestion | Short Congestion  |
| Direction | Region Size       | Region Size       |
|___________|___________________|___________________|
|      North|                1x1|                4x4|
|___________|___________________|___________________|
|      South|                1x1|                4x4|
|___________|___________________|___________________|
|       East|                1x1|                4x4|
|___________|___________________|___________________|
|       West|                1x1|                4x4|
|___________|___________________|___________________|

Phase 4.3.1 Print Estimated Congestion | Checksum: 28ac04ad4

Time (s): cpu = 00:00:50 ; elapsed = 00:01:16 . Memory (MB): peak = 2162.539 ; gain = 61.574
Phase 4.3 Placer Reporting | Checksum: 28ac04ad4

Time (s): cpu = 00:00:50 ; elapsed = 00:01:16 . Memory (MB): peak = 2162.539 ; gain = 61.574

Phase 4.4 Final Placement Cleanup
Netlist sorting complete. Time (s): cpu = 00:00:00 ; elapsed = 00:00:00.017 . Memory (MB): peak = 2162.539 ; gain = 0.000

Time (s): cpu = 00:00:50 ; elapsed = 00:01:16 . Memory (MB): peak = 2162.539 ; gain = 61.574
Phase 4 Post Placement Optimization and Clean-Up | Checksum: 1cb46f4b6

Time (s): cpu = 00:00:51 ; elapsed = 00:01:16 . Memory (MB): peak = 2162.539 ; gain = 61.574
Ending Placer Task | Checksum: 11c70a76a

Time (s): cpu = 00:00:51 ; elapsed = 00:01:16 . Memory (MB): peak = 2162.539 ; gain = 61.574
INFO: [Common 17-83] Releasing license: Implementation
208 Infos, 14 Warnings, 0 Critical Warnings and 0 Errors encountered.
place_design completed successfully
place_design: Time (s): cpu = 00:00:53 ; elapsed = 00:01:18 . Memory (MB): peak = 2162.539 ; gain = 61.574
INFO: [Timing 38-480] Writing timing data to binary archive.
Writing XDEF routing.
Writing XDEF routing logical nets.
Writing XDEF routing special nets.
Write XDEF Complete: Time (s): cpu = 00:00:05 ; elapsed = 00:00:03 . Memory (MB): peak = 2164.707 ; gain = 2.168
INFO: [Common 17-1381] The checkpoint 'C:/Users/curti/OneDrive/Documents/UIUC/ECE-385/Vivado_Projects/Final_Project/lab_6.runs/impl_1/mb_usb_hdmi_top_placed.dcp' has been generated.
write_checkpoint: Time (s): cpu = 00:00:09 ; elapsed = 00:00:08 . Memory (MB): peak = 2164.707 ; gain = 2.168
INFO: [runtcl-4] Executing : report_io -file mb_usb_hdmi_top_io_placed.rpt
report_io: Time (s): cpu = 00:00:00 ; elapsed = 00:00:00.047 . Memory (MB): peak = 2164.707 ; gain = 0.000
INFO: [runtcl-4] Executing : report_utilization -file mb_usb_hdmi_top_utilization_placed.rpt -pb mb_usb_hdmi_top_utilization_placed.pb
INFO: [runtcl-4] Executing : report_control_sets -verbose -file mb_usb_hdmi_top_control_sets_placed.rpt
report_control_sets: Time (s): cpu = 00:00:00 ; elapsed = 00:00:00.030 . Memory (MB): peak = 2164.707 ; gain = 0.000
Command: phys_opt_design
Attempting to get a license for feature 'Implementation' and/or device 'xc7s50'
INFO: [Common 17-349] Got license for feature 'Implementation' and/or device 'xc7s50'

Starting Initial Update Timing Task

Time (s): cpu = 00:00:01 ; elapsed = 00:00:04 . Memory (MB): peak = 2176.879 ; gain = 12.172
INFO: [Vivado_Tcl 4-1435] PhysOpt_Tcl_Interface Runtime Before Starting Physical Synthesis Task | CPU: 1.00s |  WALL: 4.77s
Netlist sorting complete. Time (s): cpu = 00:00:00 ; elapsed = 00:00:00.017 . Memory (MB): peak = 2176.879 ; gain = 0.000

Starting Physical Synthesis Task

Phase 1 Physical Synthesis Initialization
INFO: [Physopt 32-721] Multithreading enabled for phys_opt_design using a maximum of 2 CPUs
INFO: [Physopt 32-619] Estimated Timing Summary | WNS=-8.106 | TNS=-394.654 |
Phase 1 Physical Synthesis Initialization | Checksum: 21e210f6e

Time (s): cpu = 00:00:03 ; elapsed = 00:00:03 . Memory (MB): peak = 2190.090 ; gain = 13.211
INFO: [Physopt 32-619] Estimated Timing Summary | WNS=-8.106 | TNS=-394.654 |

Phase 2 DSP Register Optimization
INFO: [Physopt 32-456] No candidate cells for DSP register optimization found in the design.
INFO: [Physopt 32-775] End 2 Pass. Optimized 0 net or cell. Created 0 new cell, deleted 0 existing cell and moved 0 existing cell
Phase 2 DSP Register Optimization | Checksum: 21e210f6e

Time (s): cpu = 00:00:03 ; elapsed = 00:00:03 . Memory (MB): peak = 2190.090 ; gain = 13.211

Phase 3 Critical Path Optimization
INFO: [Physopt 32-619] Estimated Timing Summary | WNS=-8.106 | TNS=-394.654 |
INFO: [Physopt 32-702] Processed net arrow_instance/bg1/background1_rom/U0/inst_blk_mem_gen/gnbram.gnativebmg.native_blk_mem_gen/valid.cstr/ramloop[2].ram.r/prim_init.ram/vga_to_hdmi_i_18_psbram_n_alias. Optimizations did not improve timing on the net.
INFO: [Physopt 32-702] Processed net clk_wiz/inst/clk_out1_clk_wiz_0. Optimizations did not improve timing on the net.
INFO: [Physopt 32-702] Processed net arrow_instance/bg1/background1_rom_i_2_n_16983. Optimizations did not improve timing on the net.
INFO: [Physopt 32-702] Processed net arrow_instance/bg1/addra1[10]. Optimizations did not improve timing on the net.
INFO: [Physopt 32-702] Processed net arrow_instance/bg1/background1_rom_i_9_n_16983. Optimizations did not improve timing on the net.
INFO: [Physopt 32-702] Processed net arrow_instance/bg1/background1_rom_i_35_n_16983. Optimizations did not improve timing on the net.
INFO: [Physopt 32-702] Processed net arrow_instance/bg1/A[3]. Optimizations did not improve timing on the net.
INFO: [Physopt 32-710] Processed net arrow_instance/bg1/A[3]. Critical path length was reduced through logic transformation on cell arrow_instance/bg1/background1_rom_i_83_comp.
INFO: [Physopt 32-735] Processed net arrow_instance/bg1/background1_rom_i_79_n_16983. Optimization improves timing on the net.
INFO: [Physopt 32-619] Estimated Timing Summary | WNS=-7.890 | TNS=-384.750 |
INFO: [Physopt 32-702] Processed net arrow_instance/bg1/addra1[14]. Optimizations did not improve timing on the net.
INFO: [Physopt 32-702] Processed net arrow_instance/bg1/background1_rom_i_8_n_16983. Optimizations did not improve timing on the net.
INFO: [Physopt 32-608] Optimized 1 net.  Swapped 28 pins.
INFO: [Physopt 32-735] Processed net arrow_instance/bg1/background1_rom_i_31_n_16983. Optimization improves timing on the net.
INFO: [Physopt 32-619] Estimated Timing Summary | WNS=-7.883 | TNS=-384.722 |
INFO: [Physopt 32-608] Optimized 1 net.  Swapped 18 pins.
INFO: [Physopt 32-735] Processed net arrow_instance/bg1/background1_rom_i_27_n_16983. Optimization improves timing on the net.
INFO: [Physopt 32-619] Estimated Timing Summary | WNS=-7.870 | TNS=-384.670 |
INFO: [Physopt 32-702] Processed net arrow_instance/bg1/background1_rom_i_27_n_16983. Optimizations did not improve timing on the net.
INFO: [Physopt 32-710] Processed net arrow_instance/bg1/background1_rom_i_27_n_16983. Critical path length was reduced through logic transformation on cell arrow_instance/bg1/background1_rom_i_27_comp.
INFO: [Physopt 32-735] Processed net arrow_instance/bg1/A__0[4]. Optimization improves timing on the net.
INFO: [Physopt 32-619] Estimated Timing Summary | WNS=-7.866 | TNS=-384.654 |
INFO: [Physopt 32-702] Processed net arrow_instance/bg1/background1_rom_i_34_n_16983. Optimizations did not improve timing on the net.
INFO: [Physopt 32-710] Processed net arrow_instance/bg1/background1_rom_i_34_n_16983. Critical path length was reduced through logic transformation on cell arrow_instance/bg1/background1_rom_i_34_comp.
INFO: [Physopt 32-735] Processed net arrow_instance/bg1/A__0[5]. Optimization improves timing on the net.
INFO: [Physopt 32-619] Estimated Timing Summary | WNS=-7.862 | TNS=-384.222 |
INFO: [Physopt 32-702] Processed net arrow_instance/bg1/background1_rom_i_30_n_16983. Optimizations did not improve timing on the net.
INFO: [Physopt 32-702] Processed net arrow_instance/bg1/A__0[4]. Optimizations did not improve timing on the net.
INFO: [Physopt 32-710] Processed net arrow_instance/bg1/A__0[4]. Critical path length was reduced through logic transformation on cell arrow_instance/bg1/background1_rom_i_81_comp_1.
INFO: [Physopt 32-735] Processed net arrow_instance/bg1/background1_rom_i_79_n_16983. Optimization improves timing on the net.
INFO: [Physopt 32-619] Estimated Timing Summary | WNS=-7.844 | TNS=-384.214 |
INFO: [Physopt 32-702] Processed net arrow_instance/bg1/A__0[8]. Optimizations did not improve timing on the net.
INFO: [Physopt 32-710] Processed net arrow_instance/bg1/A__0[8]. Critical path length was reduced through logic transformation on cell arrow_instance/bg1/background1_rom_i_85_comp.
INFO: [Physopt 32-735] Processed net arrow_instance/bg1/background1_rom_i_79_n_16983. Optimization improves timing on the net.
INFO: [Physopt 32-619] Estimated Timing Summary | WNS=-7.842 | TNS=-384.270 |
INFO: [Physopt 32-702] Processed net arrow_instance/bg1/background1_rom_i_36_n_16983. Optimizations did not improve timing on the net.
INFO: [Physopt 32-608] Optimized 1 net.  Swapped 21 pins.
INFO: [Physopt 32-735] Processed net arrow_instance/bg1/A__0[5]. Optimization improves timing on the net.
INFO: [Physopt 32-619] Estimated Timing Summary | WNS=-7.837 | TNS=-384.170 |
INFO: [Physopt 32-702] Processed net arrow_instance/bg1/A[2]. Optimizations did not improve timing on the net.
INFO: [Physopt 32-702] Processed net arrow_instance/bg1/background1_rom_i_45_n_16984. Optimizations did not improve timing on the net.
INFO: [Physopt 32-608] Optimized 1 net.  Swapped 20 pins.
INFO: [Physopt 32-735] Processed net arrow_instance/bg1/background1_rom_i_108_n_16983. Optimization improves timing on the net.
INFO: [Physopt 32-619] Estimated Timing Summary | WNS=-7.825 | TNS=-383.738 |
INFO: [Physopt 32-702] Processed net arrow_instance/bg1/background1_rom_i_103_n_16983. Optimizations did not improve timing on the net.
INFO: [Physopt 32-608] Optimized 1 net.  Swapped 26 pins.
INFO: [Physopt 32-735] Processed net arrow_instance/bg1/background1_rom_i_177_n_16983. Optimization improves timing on the net.
INFO: [Physopt 32-619] Estimated Timing Summary | WNS=-7.631 | TNS=-376.754 |
INFO: [Physopt 32-702] Processed net arrow_instance/bg1/background1_rom_i_178_n_16983. Optimizations did not improve timing on the net.
INFO: [Physopt 32-702] Processed net background1_rom_i_110_n_16989. Optimizations did not improve timing on the net.
INFO: [Physopt 32-702] Processed net background1_rom_i_179_n_16983. Optimizations did not improve timing on the net.
INFO: [Physopt 32-702] Processed net background1_rom_i_278_n_16983. Optimizations did not improve timing on the net.
INFO: [Physopt 32-702] Processed net arrow_instance/bg1/background1_rom_i_102_0[1]. Optimizations did not improve timing on the net.
INFO: [Physopt 32-608] Optimized 1 net.  Swapped 26 pins.
INFO: [Physopt 32-735] Processed net arrow_instance/bg1/background1_rom_i_101_n_16983. Optimization improves timing on the net.
INFO: [Physopt 32-619] Estimated Timing Summary | WNS=-7.454 | TNS=-370.382 |
INFO: [Physopt 32-702] Processed net arrow_instance/bg1/background1_rom_i_94_n_16983. Optimizations did not improve timing on the net.
INFO: [Physopt 32-702] Processed net arrow_instance/bg1/background1_rom_i_164_n_16983. Optimizations did not improve timing on the net.
INFO: [Physopt 32-702] Processed net arrow_instance/bg1/background1_rom_i_160_n_16983. Optimizations did not improve timing on the net.
INFO: [Physopt 32-702] Processed net arrow_instance/bg1/background1_rom_i_115_n_16989. Optimizations did not improve timing on the net.
INFO: [Physopt 32-702] Processed net arrow_instance/bg1/background1_rom_i_168_n_16983. Optimizations did not improve timing on the net.
INFO: [Physopt 32-702] Processed net vga/vc_reg[8]_0[0]. Optimizations did not improve timing on the net.
INFO: [Physopt 32-702] Processed net arrow_instance/bg1/background1_rom_i_1_n_16987. Optimizations did not improve timing on the net.
INFO: [Physopt 32-663] Processed net vga/drawY[0].  Re-placed instance vga/vc_reg[0]
INFO: [Physopt 32-735] Processed net vga/drawY[0]. Optimization improves timing on the net.
INFO: [Physopt 32-619] Estimated Timing Summary | WNS=-7.403 | TNS=-368.546 |
INFO: [Physopt 32-608] Optimized 1 net.  Swapped 26 pins.
INFO: [Physopt 32-735] Processed net vga/vc_reg[8]_0[3]. Optimization improves timing on the net.
INFO: [Physopt 32-619] Estimated Timing Summary | WNS=-7.398 | TNS=-368.366 |
INFO: [Physopt 32-702] Processed net vga/vc_reg[8]_0[3]. Optimizations did not improve timing on the net.
INFO: [Physopt 32-663] Processed net vga/drawY[4].  Re-placed instance vga/vc_reg[4]
INFO: [Physopt 32-735] Processed net vga/drawY[4]. Optimization improves timing on the net.
INFO: [Physopt 32-619] Estimated Timing Summary | WNS=-7.392 | TNS=-368.150 |
INFO: [Physopt 32-608] Optimized 1 net.  Swapped 26 pins.
INFO: [Physopt 32-735] Processed net vga/vc_reg[8]_0[2]. Optimization improves timing on the net.
INFO: [Physopt 32-619] Estimated Timing Summary | WNS=-7.387 | TNS=-367.970 |
INFO: [Physopt 32-702] Processed net vga/vc_reg[8]_0[1]. Optimizations did not improve timing on the net.
INFO: [Physopt 32-81] Processed net vga/drawY[3]. Replicated 1 times.
INFO: [Physopt 32-735] Processed net vga/drawY[3]. Optimization improves timing on the net.
INFO: [Physopt 32-619] Estimated Timing Summary | WNS=-7.375 | TNS=-367.538 |
INFO: [Physopt 32-702] Processed net vga/drawY[0]. Optimizations did not improve timing on the net.
INFO: [Physopt 32-702] Processed net vga_to_hdmi/inst/srldly_0/data_o[36]. Optimizations did not improve timing on the net.
INFO: [Physopt 32-702] Processed net clk_wiz/inst/clk_out2_clk_wiz_0. Optimizations did not improve timing on the net.
INFO: [Physopt 32-710] Processed net vga/blue[2]. Critical path length was reduced through logic transformation on cell vga/vga_to_hdmi_i_10_comp.
INFO: [Physopt 32-735] Processed net vga/vga_to_hdmi_i_15_n_16983. Optimization improves timing on the net.
INFO: [Physopt 32-619] Estimated Timing Summary | WNS=-7.375 | TNS=-367.142 |
INFO: [Physopt 32-702] Processed net vga_to_hdmi/inst/srldly_0/data_o[37]. Optimizations did not improve timing on the net.
INFO: [Physopt 32-710] Processed net vga/blue[3]. Critical path length was reduced through logic transformation on cell vga/vga_to_hdmi_i_9_comp.
INFO: [Physopt 32-735] Processed net vga/vga_to_hdmi_i_15_n_16983. Optimization improves timing on the net.
INFO: [Physopt 32-619] Estimated Timing Summary | WNS=-7.375 | TNS=-366.720 |
INFO: [Physopt 32-702] Processed net vga_to_hdmi/inst/srldly_0/data_o[34]. Optimizations did not improve timing on the net.
INFO: [Physopt 32-710] Processed net vga/blue[0]. Critical path length was reduced through logic transformation on cell vga/vga_to_hdmi_i_12_comp.
INFO: [Physopt 32-735] Processed net vga/vga_to_hdmi_i_15_n_16983. Optimization improves timing on the net.
INFO: [Physopt 32-619] Estimated Timing Summary | WNS=-7.375 | TNS=-366.317 |
INFO: [Physopt 32-710] Processed net vga/blue[2]. Critical path length was reduced through logic transformation on cell vga/vga_to_hdmi_i_10_comp_1.
INFO: [Physopt 32-735] Processed net vga/vga_to_hdmi_i_37_n_16983. Optimization improves timing on the net.
INFO: [Physopt 32-619] Estimated Timing Summary | WNS=-7.375 | TNS=-366.063 |
INFO: [Physopt 32-710] Processed net vga/blue[3]. Critical path length was reduced through logic transformation on cell vga/vga_to_hdmi_i_9_comp_1.
INFO: [Physopt 32-735] Processed net vga/vga_to_hdmi_i_37_n_16983. Optimization improves timing on the net.
INFO: [Physopt 32-619] Estimated Timing Summary | WNS=-7.375 | TNS=-365.783 |
INFO: [Physopt 32-702] Processed net vga_to_hdmi/inst/srldly_0/srlopt_n_4. Optimizations did not improve timing on the net.
INFO: [Physopt 32-710] Processed net vga/red[0]. Critical path length was reduced through logic transformation on cell vga/vga_to_hdmi_i_4_comp.
INFO: [Physopt 32-735] Processed net vga/vga_to_hdmi_i_15_n_16983. Optimization improves timing on the net.
INFO: [Physopt 32-619] Estimated Timing Summary | WNS=-7.375 | TNS=-365.371 |
INFO: [Physopt 32-702] Processed net vga_to_hdmi/inst/srldly_0/srlopt_n. Optimizations did not improve timing on the net.
INFO: [Physopt 32-710] Processed net vga/blue[1]. Critical path length was reduced through logic transformation on cell vga/vga_to_hdmi_i_11_comp.
INFO: [Physopt 32-735] Processed net vga/vga_to_hdmi_i_15_n_16983. Optimization improves timing on the net.
INFO: [Physopt 32-619] Estimated Timing Summary | WNS=-7.375 | TNS=-365.097 |
INFO: [Physopt 32-710] Processed net vga/blue[0]. Critical path length was reduced through logic transformation on cell vga/vga_to_hdmi_i_12_comp_1.
INFO: [Physopt 32-735] Processed net vga/vga_to_hdmi_i_37_n_16983. Optimization improves timing on the net.
INFO: [Physopt 32-619] Estimated Timing Summary | WNS=-7.375 | TNS=-364.664 |
INFO: [Physopt 32-702] Processed net vga_to_hdmi/inst/srldly_0/srlopt_n_3. Optimizations did not improve timing on the net.
INFO: [Physopt 32-710] Processed net vga/red[1]. Critical path length was reduced through logic transformation on cell vga/vga_to_hdmi_i_3_comp.
INFO: [Physopt 32-735] Processed net vga/vga_to_hdmi_i_15_n_16983. Optimization improves timing on the net.
INFO: [Physopt 32-619] Estimated Timing Summary | WNS=-7.375 | TNS=-364.263 |
INFO: [Physopt 32-702] Processed net vga_to_hdmi/inst/srldly_0/srlopt_n_1. Optimizations did not improve timing on the net.
INFO: [Physopt 32-710] Processed net vga/red[3]. Critical path length was reduced through logic transformation on cell vga/vga_to_hdmi_i_1_comp.
INFO: [Physopt 32-735] Processed net vga/vga_to_hdmi_i_15_n_16983. Optimization improves timing on the net.
INFO: [Physopt 32-619] Estimated Timing Summary | WNS=-7.375 | TNS=-363.862 |
INFO: [Physopt 32-710] Processed net vga/blue[2]. Critical path length was reduced through logic transformation on cell vga/vga_to_hdmi_i_10_comp.
INFO: [Physopt 32-735] Processed net vga/vga_to_hdmi_i_73_n_16983. Optimization improves timing on the net.
INFO: [Physopt 32-619] Estimated Timing Summary | WNS=-7.375 | TNS=-363.501 |
INFO: [Physopt 32-710] Processed net vga/blue[3]. Critical path length was reduced through logic transformation on cell vga/vga_to_hdmi_i_9_comp.
INFO: [Physopt 32-735] Processed net vga/vga_to_hdmi_i_73_n_16983. Optimization improves timing on the net.
INFO: [Physopt 32-619] Estimated Timing Summary | WNS=-7.375 | TNS=-363.135 |
INFO: [Physopt 32-702] Processed net vga_to_hdmi/inst/srldly_0/srlopt_n_2. Optimizations did not improve timing on the net.
INFO: [Physopt 32-710] Processed net vga/red[2]. Critical path length was reduced through logic transformation on cell vga/vga_to_hdmi_i_2_comp.
INFO: [Physopt 32-735] Processed net vga/vga_to_hdmi_i_15_n_16983. Optimization improves timing on the net.
INFO: [Physopt 32-619] Estimated Timing Summary | WNS=-7.375 | TNS=-362.966 |
INFO: [Physopt 32-710] Processed net vga/blue[1]. Critical path length was reduced through logic transformation on cell vga/vga_to_hdmi_i_11_comp_1.
INFO: [Physopt 32-735] Processed net vga/vga_to_hdmi_i_37_n_16983. Optimization improves timing on the net.
INFO: [Physopt 32-619] Estimated Timing Summary | WNS=-7.375 | TNS=-362.765 |
INFO: [Physopt 32-710] Processed net vga/red[2]. Critical path length was reduced through logic transformation on cell vga/vga_to_hdmi_i_2_comp_1.
INFO: [Physopt 32-735] Processed net vga/vga_to_hdmi_i_37_n_16983. Optimization improves timing on the net.
INFO: [Physopt 32-619] Estimated Timing Summary | WNS=-7.375 | TNS=-362.592 |
INFO: [Physopt 32-710] Processed net vga/red[0]. Critical path length was reduced through logic transformation on cell vga/vga_to_hdmi_i_4_comp_1.
INFO: [Physopt 32-735] Processed net vga/vga_to_hdmi_i_37_n_16983. Optimization improves timing on the net.
INFO: [Physopt 32-619] Estimated Timing Summary | WNS=-7.375 | TNS=-362.499 |
INFO: [Physopt 32-710] Processed net vga/red[1]. Critical path length was reduced through logic transformation on cell vga/vga_to_hdmi_i_3_comp_1.
INFO: [Physopt 32-735] Processed net vga/vga_to_hdmi_i_37_n_16983. Optimization improves timing on the net.
INFO: [Physopt 32-619] Estimated Timing Summary | WNS=-7.375 | TNS=-362.424 |
INFO: [Physopt 32-710] Processed net vga/red[3]. Critical path length was reduced through logic transformation on cell vga/vga_to_hdmi_i_1_comp_1.
INFO: [Physopt 32-735] Processed net vga/vga_to_hdmi_i_37_n_16983. Optimization improves timing on the net.
INFO: [Physopt 32-619] Estimated Timing Summary | WNS=-7.375 | TNS=-362.363 |
INFO: [Physopt 32-710] Processed net vga/blue[0]. Critical path length was reduced through logic transformation on cell vga/vga_to_hdmi_i_12_comp.
INFO: [Physopt 32-735] Processed net vga/vga_to_hdmi_i_73_n_16983. Optimization improves timing on the net.
INFO: [Physopt 32-619] Estimated Timing Summary | WNS=-7.375 | TNS=-362.312 |
INFO: [Physopt 32-710] Processed net vga/blue[2]. Critical path length was reduced through logic transformation on cell vga/vga_to_hdmi_i_10_comp_2.
INFO: [Physopt 32-735] Processed net vga/vga_to_hdmi_i_184_n_16983. Optimization improves timing on the net.
INFO: [Physopt 32-619] Estimated Timing Summary | WNS=-7.375 | TNS=-362.253 |
INFO: [Physopt 32-702] Processed net arrow_instance/bg1/background1_rom/U0/inst_blk_mem_gen/gnbram.gnativebmg.native_blk_mem_gen/valid.cstr/ramloop[2].ram.r/prim_init.ram/vga_to_hdmi_i_18_psbram_n_alias. Optimizations did not improve timing on the net.
INFO: [Physopt 32-702] Processed net clk_wiz/inst/clk_out1_clk_wiz_0. Optimizations did not improve timing on the net.
INFO: [Physopt 32-702] Processed net arrow_instance/bg1/addra1[10]. Optimizations did not improve timing on the net.
INFO: [Physopt 32-702] Processed net arrow_instance/bg1/background1_rom_i_36_n_16983. Optimizations did not improve timing on the net.
INFO: [Physopt 32-702] Processed net arrow_instance/bg1/A[2]. Optimizations did not improve timing on the net.
INFO: [Physopt 32-702] Processed net arrow_instance/bg1/background1_rom_i_45_n_16984. Optimizations did not improve timing on the net.
INFO: [Physopt 32-702] Processed net arrow_instance/bg1/background1_rom_i_178_n_16983. Optimizations did not improve timing on the net.
INFO: [Physopt 32-702] Processed net background1_rom_i_110_n_16989. Optimizations did not improve timing on the net.
INFO: [Physopt 32-702] Processed net background1_rom_i_278_n_16983. Optimizations did not improve timing on the net.
INFO: [Physopt 32-702] Processed net arrow_instance/bg1/background1_rom_i_102_0[1]. Optimizations did not improve timing on the net.
INFO: [Physopt 32-702] Processed net arrow_instance/bg1/background1_rom_i_164_n_16983. Optimizations did not improve timing on the net.
INFO: [Physopt 32-702] Processed net arrow_instance/bg1/background1_rom_i_160_n_16983. Optimizations did not improve timing on the net.
INFO: [Physopt 32-702] Processed net arrow_instance/bg1/background1_rom_i_115_n_16989. Optimizations did not improve timing on the net.
INFO: [Physopt 32-702] Processed net vga/vc_reg[8]_0[0]. Optimizations did not improve timing on the net.
INFO: [Physopt 32-702] Processed net arrow_instance/bg1/background1_rom_i_1_n_16987. Optimizations did not improve timing on the net.
INFO: [Physopt 32-702] Processed net vga/drawY[0]. Optimizations did not improve timing on the net.
INFO: [Physopt 32-619] Estimated Timing Summary | WNS=-7.375 | TNS=-362.253 |
Phase 3 Critical Path Optimization | Checksum: 21e210f6e

Time (s): cpu = 00:00:12 ; elapsed = 00:00:13 . Memory (MB): peak = 2198.367 ; gain = 21.488

Phase 4 Critical Path Optimization
INFO: [Physopt 32-619] Estimated Timing Summary | WNS=-7.375 | TNS=-362.253 |
INFO: [Physopt 32-702] Processed net arrow_instance/bg1/background1_rom/U0/inst_blk_mem_gen/gnbram.gnativebmg.native_blk_mem_gen/valid.cstr/ramloop[2].ram.r/prim_init.ram/vga_to_hdmi_i_18_psbram_n_alias. Optimizations did not improve timing on the net.
INFO: [Physopt 32-702] Processed net clk_wiz/inst/clk_out1_clk_wiz_0. Optimizations did not improve timing on the net.
INFO: [Physopt 32-702] Processed net arrow_instance/bg1/background1_rom_i_2_n_16983. Optimizations did not improve timing on the net.
INFO: [Physopt 32-702] Processed net arrow_instance/bg1/addra1[10]. Optimizations did not improve timing on the net.
INFO: [Physopt 32-702] Processed net arrow_instance/bg1/background1_rom_i_9_n_16983. Optimizations did not improve timing on the net.
INFO: [Physopt 32-702] Processed net arrow_instance/bg1/background1_rom_i_36_n_16983. Optimizations did not improve timing on the net.
INFO: [Physopt 32-702] Processed net arrow_instance/bg1/A[2]. Optimizations did not improve timing on the net.
INFO: [Physopt 32-702] Processed net arrow_instance/bg1/background1_rom_i_45_n_16984. Optimizations did not improve timing on the net.
INFO: [Physopt 32-702] Processed net arrow_instance/bg1/background1_rom_i_103_n_16983. Optimizations did not improve timing on the net.
INFO: [Physopt 32-702] Processed net arrow_instance/bg1/background1_rom_i_178_n_16983. Optimizations did not improve timing on the net.
INFO: [Physopt 32-702] Processed net background1_rom_i_110_n_16989. Optimizations did not improve timing on the net.
INFO: [Physopt 32-702] Processed net background1_rom_i_179_n_16983. Optimizations did not improve timing on the net.
INFO: [Physopt 32-702] Processed net background1_rom_i_278_n_16983. Optimizations did not improve timing on the net.
INFO: [Physopt 32-702] Processed net arrow_instance/bg1/background1_rom_i_102_0[1]. Optimizations did not improve timing on the net.
INFO: [Physopt 32-702] Processed net arrow_instance/bg1/background1_rom_i_94_n_16983. Optimizations did not improve timing on the net.
INFO: [Physopt 32-702] Processed net arrow_instance/bg1/background1_rom_i_164_n_16983. Optimizations did not improve timing on the net.
INFO: [Physopt 32-702] Processed net arrow_instance/bg1/background1_rom_i_160_n_16983. Optimizations did not improve timing on the net.
INFO: [Physopt 32-702] Processed net arrow_instance/bg1/background1_rom_i_115_n_16989. Optimizations did not improve timing on the net.
INFO: [Physopt 32-702] Processed net arrow_instance/bg1/background1_rom_i_168_n_16983. Optimizations did not improve timing on the net.
INFO: [Physopt 32-702] Processed net vga/vc_reg[8]_0[0]. Optimizations did not improve timing on the net.
INFO: [Physopt 32-702] Processed net arrow_instance/bg1/background1_rom_i_1_n_16987. Optimizations did not improve timing on the net.
INFO: [Physopt 32-702] Processed net vga/drawY[0]. Optimizations did not improve timing on the net.
INFO: [Physopt 32-702] Processed net arrow_instance/bg1/background1_rom/U0/inst_blk_mem_gen/gnbram.gnativebmg.native_blk_mem_gen/valid.cstr/ramloop[2].ram.r/prim_init.ram/vga_to_hdmi_i_18_psbram_n_alias. Optimizations did not improve timing on the net.
INFO: [Physopt 32-702] Processed net clk_wiz/inst/clk_out1_clk_wiz_0. Optimizations did not improve timing on the net.
INFO: [Physopt 32-702] Processed net arrow_instance/bg1/addra1[10]. Optimizations did not improve timing on the net.
INFO: [Physopt 32-702] Processed net arrow_instance/bg1/background1_rom_i_36_n_16983. Optimizations did not improve timing on the net.
INFO: [Physopt 32-702] Processed net arrow_instance/bg1/A[2]. Optimizations did not improve timing on the net.
INFO: [Physopt 32-702] Processed net arrow_instance/bg1/background1_rom_i_45_n_16984. Optimizations did not improve timing on the net.
INFO: [Physopt 32-702] Processed net arrow_instance/bg1/background1_rom_i_178_n_16983. Optimizations did not improve timing on the net.
INFO: [Physopt 32-702] Processed net background1_rom_i_110_n_16989. Optimizations did not improve timing on the net.
INFO: [Physopt 32-702] Processed net background1_rom_i_278_n_16983. Optimizations did not improve timing on the net.
INFO: [Physopt 32-702] Processed net arrow_instance/bg1/background1_rom_i_102_0[1]. Optimizations did not improve timing on the net.
INFO: [Physopt 32-702] Processed net arrow_instance/bg1/background1_rom_i_164_n_16983. Optimizations did not improve timing on the net.
INFO: [Physopt 32-702] Processed net arrow_instance/bg1/background1_rom_i_160_n_16983. Optimizations did not improve timing on the net.
INFO: [Physopt 32-702] Processed net arrow_instance/bg1/background1_rom_i_115_n_16989. Optimizations did not improve timing on the net.
INFO: [Physopt 32-702] Processed net vga/vc_reg[8]_0[0]. Optimizations did not improve timing on the net.
INFO: [Physopt 32-702] Processed net arrow_instance/bg1/background1_rom_i_1_n_16987. Optimizations did not improve timing on the net.
INFO: [Physopt 32-702] Processed net vga/drawY[0]. Optimizations did not improve timing on the net.
INFO: [Physopt 32-619] Estimated Timing Summary | WNS=-7.375 | TNS=-362.253 |
Phase 4 Critical Path Optimization | Checksum: 21e210f6e

Time (s): cpu = 00:00:12 ; elapsed = 00:00:14 . Memory (MB): peak = 2198.367 ; gain = 21.488
Netlist sorting complete. Time (s): cpu = 00:00:01 ; elapsed = 00:00:00.228 . Memory (MB): peak = 2198.367 ; gain = 0.000
INFO: [Physopt 32-603] Post Physical Optimization Timing Summary | WNS=-7.375 | TNS=-362.253 |

Summary of Physical Synthesis Optimizations
============================================


-------------------------------------------------------------------------------------------------------------------------------------------------------------
|  Optimization   |  WNS Gain (ns)  |  TNS Gain (ns)  |  Added Cells  |  Removed Cells  |  Optimized Cells/Nets  |  Dont Touch  |  Iterations  |  Elapsed   |
-------------------------------------------------------------------------------------------------------------------------------------------------------------
|  DSP Register   |          0.000  |          0.000  |            0  |              0  |                     0  |           0  |           1  |  00:00:00  |
|  Critical Path  |          0.731  |         32.401  |            1  |              0  |                    36  |           0  |           2  |  00:00:11  |
|  Total          |          0.731  |         32.401  |            1  |              0  |                    36  |           0  |           3  |  00:00:11  |
-------------------------------------------------------------------------------------------------------------------------------------------------------------


Netlist sorting complete. Time (s): cpu = 00:00:00 ; elapsed = 00:00:00.018 . Memory (MB): peak = 2198.367 ; gain = 0.000
Ending Physical Synthesis Task | Checksum: 8bcf8318

Time (s): cpu = 00:00:13 ; elapsed = 00:00:14 . Memory (MB): peak = 2198.367 ; gain = 21.488
INFO: [Common 17-83] Releasing license: Implementation
430 Infos, 14 Warnings, 0 Critical Warnings and 0 Errors encountered.
phys_opt_design completed successfully
phys_opt_design: Time (s): cpu = 00:00:14 ; elapsed = 00:00:19 . Memory (MB): peak = 2198.367 ; gain = 33.660
INFO: [Timing 38-480] Writing timing data to binary archive.
Writing XDEF routing.
Writing XDEF routing logical nets.
Writing XDEF routing special nets.
Write XDEF Complete: Time (s): cpu = 00:00:05 ; elapsed = 00:00:03 . Memory (MB): peak = 2200.156 ; gain = 1.789
INFO: [Common 17-1381] The checkpoint 'C:/Users/curti/OneDrive/Documents/UIUC/ECE-385/Vivado_Projects/Final_Project/lab_6.runs/impl_1/mb_usb_hdmi_top_physopt.dcp' has been generated.
write_checkpoint: Time (s): cpu = 00:00:08 ; elapsed = 00:00:07 . Memory (MB): peak = 2200.156 ; gain = 1.789
Command: route_design
Attempting to get a license for feature 'Implementation' and/or device 'xc7s50'
INFO: [Common 17-349] Got license for feature 'Implementation' and/or device 'xc7s50'
INFO: [DRC 23-27] Running DRC with 2 threads
INFO: [Vivado_Tcl 4-198] DRC finished with 0 Errors
INFO: [Vivado_Tcl 4-199] Please refer to the DRC report (report_drc) for more information.
Running DRC as a precondition to command route_design
INFO: [DRC 23-27] Running DRC with 2 threads
INFO: [Vivado_Tcl 4-198] DRC finished with 0 Errors
INFO: [Vivado_Tcl 4-199] Please refer to the DRC report (report_drc) for more information.


Starting Routing Task
INFO: [Route 35-254] Multithreading enabled for route_design using a maximum of 2 CPUs

Phase 1 Build RT Design
Checksum: PlaceDB: 1dfad4c ConstDB: 0 ShapeSum: b7e5f69 RouteDB: 0
Post Restoration Checksum: NetGraph: 104b032 NumContArr: a04e3cf0 Constraints: 0 Timing: 0
Phase 1 Build RT Design | Checksum: a152ed22

Time (s): cpu = 00:00:18 ; elapsed = 00:00:20 . Memory (MB): peak = 2273.285 ; gain = 70.590

Phase 2 Router Initialization

Phase 2.1 Fix Topology Constraints
Phase 2.1 Fix Topology Constraints | Checksum: a152ed22

Time (s): cpu = 00:00:18 ; elapsed = 00:00:20 . Memory (MB): peak = 2275.324 ; gain = 72.629

Phase 2.2 Pre Route Cleanup
Phase 2.2 Pre Route Cleanup | Checksum: a152ed22

Time (s): cpu = 00:00:18 ; elapsed = 00:00:20 . Memory (MB): peak = 2275.324 ; gain = 72.629
 Number of Nodes with overlaps = 0

Phase 2.3 Update Timing
Phase 2.3 Update Timing | Checksum: 1fa5cd8c5

Time (s): cpu = 00:00:23 ; elapsed = 00:00:27 . Memory (MB): peak = 2312.727 ; gain = 110.031
INFO: [Route 35-416] Intermediate Timing Summary | WNS=-7.059 | TNS=-343.465| WHS=-0.240 | THS=-67.283|


Router Utilization Summary
  Global Vertical Routing Utilization    = 0.00685641 %
  Global Horizontal Routing Utilization  = 0.00130141 %
  Routable Net Status*
  *Does not include unroutable nets such as driverless and loadless.
  Run report_route_status for detailed report.
  Number of Failed Nets               = 35938
    (Failed Nets is the sum of unrouted and partially routed nets)
  Number of Unrouted Nets             = 35937
  Number of Partially Routed Nets     = 1
  Number of Node Overlaps             = 1

Phase 2 Router Initialization | Checksum: 1ad57549a

Time (s): cpu = 00:00:25 ; elapsed = 00:00:33 . Memory (MB): peak = 2622.012 ; gain = 419.316

Phase 3 Initial Routing

Phase 3.1 Global Routing
Phase 3.1 Global Routing | Checksum: 1ad57549a

Time (s): cpu = 00:00:25 ; elapsed = 00:00:33 . Memory (MB): peak = 2622.012 ; gain = 419.316
Phase 3 Initial Routing | Checksum: 151f65614

Time (s): cpu = 00:00:27 ; elapsed = 00:00:37 . Memory (MB): peak = 2622.012 ; gain = 419.316

Phase 4 Rip-up And Reroute

Phase 4.1 Global Iteration 0
 Number of Nodes with overlaps = 4439
 Number of Nodes with overlaps = 453
 Number of Nodes with overlaps = 163
 Number of Nodes with overlaps = 88
 Number of Nodes with overlaps = 38
 Number of Nodes with overlaps = 19
 Number of Nodes with overlaps = 11
 Number of Nodes with overlaps = 7
 Number of Nodes with overlaps = 0
INFO: [Route 35-416] Intermediate Timing Summary | WNS=-7.752 | TNS=-380.716| WHS=N/A    | THS=N/A    |

Phase 4.1 Global Iteration 0 | Checksum: 1b3cef35d

Time (s): cpu = 00:00:42 ; elapsed = 00:01:03 . Memory (MB): peak = 2622.012 ; gain = 419.316

Phase 4.2 Global Iteration 1
 Number of Nodes with overlaps = 135
 Number of Nodes with overlaps = 20
 Number of Nodes with overlaps = 3
 Number of Nodes with overlaps = 1
 Number of Nodes with overlaps = 0
INFO: [Route 35-416] Intermediate Timing Summary | WNS=-8.866 | TNS=-427.682| WHS=N/A    | THS=N/A    |

Phase 4.2 Global Iteration 1 | Checksum: 2b15fcb0d

Time (s): cpu = 00:00:45 ; elapsed = 00:01:08 . Memory (MB): peak = 2622.012 ; gain = 419.316
Phase 4 Rip-up And Reroute | Checksum: 2b15fcb0d

Time (s): cpu = 00:00:45 ; elapsed = 00:01:08 . Memory (MB): peak = 2622.012 ; gain = 419.316

Phase 5 Delay and Skew Optimization

Phase 5.1 Delay CleanUp

Phase 5.1.1 Update Timing
Phase 5.1.1 Update Timing | Checksum: 20fd7fda1

Time (s): cpu = 00:00:45 ; elapsed = 00:01:09 . Memory (MB): peak = 2622.012 ; gain = 419.316
INFO: [Route 35-416] Intermediate Timing Summary | WNS=-7.752 | TNS=-380.716| WHS=N/A    | THS=N/A    |

 Number of Nodes with overlaps = 0
Phase 5.1 Delay CleanUp | Checksum: 10854ccfb

Time (s): cpu = 00:00:47 ; elapsed = 00:01:10 . Memory (MB): peak = 2622.012 ; gain = 419.316

Phase 5.2 Clock Skew Optimization
Phase 5.2 Clock Skew Optimization | Checksum: 10854ccfb

Time (s): cpu = 00:00:47 ; elapsed = 00:01:10 . Memory (MB): peak = 2622.012 ; gain = 419.316
Phase 5 Delay and Skew Optimization | Checksum: 10854ccfb

Time (s): cpu = 00:00:47 ; elapsed = 00:01:10 . Memory (MB): peak = 2622.012 ; gain = 419.316

Phase 6 Post Hold Fix

Phase 6.1 Hold Fix Iter

Phase 6.1.1 Update Timing
Phase 6.1.1 Update Timing | Checksum: fca58714

Time (s): cpu = 00:00:47 ; elapsed = 00:01:11 . Memory (MB): peak = 2622.012 ; gain = 419.316
INFO: [Route 35-416] Intermediate Timing Summary | WNS=-7.703 | TNS=-378.205| WHS=0.007  | THS=0.000  |

Phase 6.1 Hold Fix Iter | Checksum: a36f8c82

Time (s): cpu = 00:00:47 ; elapsed = 00:01:12 . Memory (MB): peak = 2622.012 ; gain = 419.316
Phase 6 Post Hold Fix | Checksum: a36f8c82

Time (s): cpu = 00:00:48 ; elapsed = 00:01:12 . Memory (MB): peak = 2622.012 ; gain = 419.316

Phase 7 Route finalize

Router Utilization Summary
  Global Vertical Routing Utilization    = 18.7089 %
  Global Horizontal Routing Utilization  = 20.4034 %
  Routable Net Status*
  *Does not include unroutable nets such as driverless and loadless.
  Run report_route_status for detailed report.
  Number of Failed Nets               = 0
    (Failed Nets is the sum of unrouted and partially routed nets)
  Number of Unrouted Nets             = 0
  Number of Partially Routed Nets     = 0
  Number of Node Overlaps             = 0

Congestion Report
North Dir 1x1 Area, Max Cong = 74.7748%, No Congested Regions.
South Dir 1x1 Area, Max Cong = 74.7748%, No Congested Regions.
East Dir 1x1 Area, Max Cong = 70.5882%, No Congested Regions.
West Dir 1x1 Area, Max Cong = 73.5294%, No Congested Regions.

------------------------------
Reporting congestion hotspots
------------------------------
Direction: North
----------------
Congested clusters found at Level 0
Effective congestion level: 0 Aspect Ratio: 1 Sparse Ratio: 0
Direction: South
----------------
Congested clusters found at Level 0
Effective congestion level: 0 Aspect Ratio: 1 Sparse Ratio: 0
Direction: East
----------------
Congested clusters found at Level 0
Effective congestion level: 0 Aspect Ratio: 1 Sparse Ratio: 0
Direction: West
----------------
Congested clusters found at Level 0
Effective congestion level: 0 Aspect Ratio: 1 Sparse Ratio: 0

Phase 7 Route finalize | Checksum: dc04df5d

Time (s): cpu = 00:00:48 ; elapsed = 00:01:12 . Memory (MB): peak = 2622.012 ; gain = 419.316

Phase 8 Verifying routed nets

 Verification completed successfully
Phase 8 Verifying routed nets | Checksum: dc04df5d

Time (s): cpu = 00:00:48 ; elapsed = 00:01:12 . Memory (MB): peak = 2622.012 ; gain = 419.316

Phase 9 Depositing Routes
Phase 9 Depositing Routes | Checksum: 15754a7e9

Time (s): cpu = 00:00:50 ; elapsed = 00:01:16 . Memory (MB): peak = 2622.012 ; gain = 419.316

Phase 10 Post Router Timing
INFO: [Route 35-57] Estimated Timing Summary | WNS=-7.703 | TNS=-378.205| WHS=0.007  | THS=0.000  |

WARNING: [Route 35-328] Router estimated timing not met.
Resolution: For a complete and accurate timing signoff, report_timing_summary must be run after route_design. Alternatively, route_design can be run with the -timing_summary option to enable a complete timing signoff at the end of route_design.
Phase 10 Post Router Timing | Checksum: 15754a7e9

Time (s): cpu = 00:00:50 ; elapsed = 00:01:17 . Memory (MB): peak = 2622.012 ; gain = 419.316
INFO: [Route 35-16] Router Completed Successfully

Time (s): cpu = 00:00:50 ; elapsed = 00:01:17 . Memory (MB): peak = 2622.012 ; gain = 419.316

Routing Is Done.
INFO: [Common 17-83] Releasing license: Implementation
448 Infos, 15 Warnings, 0 Critical Warnings and 0 Errors encountered.
route_design completed successfully
route_design: Time (s): cpu = 00:00:53 ; elapsed = 00:01:19 . Memory (MB): peak = 2622.012 ; gain = 421.855
INFO: [Timing 38-480] Writing timing data to binary archive.
Writing XDEF routing.
Writing XDEF routing logical nets.
Writing XDEF routing special nets.
Write XDEF Complete: Time (s): cpu = 00:00:06 ; elapsed = 00:00:03 . Memory (MB): peak = 2622.012 ; gain = 0.000
INFO: [Common 17-1381] The checkpoint 'C:/Users/curti/OneDrive/Documents/UIUC/ECE-385/Vivado_Projects/Final_Project/lab_6.runs/impl_1/mb_usb_hdmi_top_routed.dcp' has been generated.
write_checkpoint: Time (s): cpu = 00:00:11 ; elapsed = 00:00:10 . Memory (MB): peak = 2622.012 ; gain = 0.000
INFO: [runtcl-4] Executing : report_drc -file mb_usb_hdmi_top_drc_routed.rpt -pb mb_usb_hdmi_top_drc_routed.pb -rpx mb_usb_hdmi_top_drc_routed.rpx
Command: report_drc -file mb_usb_hdmi_top_drc_routed.rpt -pb mb_usb_hdmi_top_drc_routed.pb -rpx mb_usb_hdmi_top_drc_routed.rpx
INFO: [IP_Flow 19-1839] IP Catalog is up to date.
INFO: [DRC 23-27] Running DRC with 2 threads
INFO: [Vivado_Tcl 2-168] The results of DRC are in file C:/Users/curti/OneDrive/Documents/UIUC/ECE-385/Vivado_Projects/Final_Project/lab_6.runs/impl_1/mb_usb_hdmi_top_drc_routed.rpt.
report_drc completed successfully
INFO: [runtcl-4] Executing : report_methodology -file mb_usb_hdmi_top_methodology_drc_routed.rpt -pb mb_usb_hdmi_top_methodology_drc_routed.pb -rpx mb_usb_hdmi_top_methodology_drc_routed.rpx
Command: report_methodology -file mb_usb_hdmi_top_methodology_drc_routed.rpt -pb mb_usb_hdmi_top_methodology_drc_routed.pb -rpx mb_usb_hdmi_top_methodology_drc_routed.rpx
INFO: [Timing 38-35] Done setting XDC timing constraints.
INFO: [DRC 23-133] Running Methodology with 2 threads
INFO: [Vivado_Tcl 2-1520] The results of Report Methodology are in file C:/Users/curti/OneDrive/Documents/UIUC/ECE-385/Vivado_Projects/Final_Project/lab_6.runs/impl_1/mb_usb_hdmi_top_methodology_drc_routed.rpt.
report_methodology completed successfully
report_methodology: Time (s): cpu = 00:00:09 ; elapsed = 00:00:09 . Memory (MB): peak = 2622.012 ; gain = 0.000
INFO: [runtcl-4] Executing : report_power -file mb_usb_hdmi_top_power_routed.rpt -pb mb_usb_hdmi_top_power_summary_routed.pb -rpx mb_usb_hdmi_top_power_routed.rpx
Command: report_power -file mb_usb_hdmi_top_power_routed.rpt -pb mb_usb_hdmi_top_power_summary_routed.pb -rpx mb_usb_hdmi_top_power_routed.rpx
INFO: [Timing 38-35] Done setting XDC timing constraints.
Running Vector-less Activity Propagation...

Finished Running Vector-less Activity Propagation
WARNING: [Power 33-332] Found switching activity that implies high-fanout reset nets being asserted for excessive periods of time which may result in inaccurate power analysis.
Resolution: To review and fix problems, please run Power Constraints Advisor in the GUI from Tools > Power Constraints Advisor or run report_power with the -advisory option to generate a text report.
460 Infos, 16 Warnings, 0 Critical Warnings and 0 Errors encountered.
report_power completed successfully
report_power: Time (s): cpu = 00:00:14 ; elapsed = 00:00:12 . Memory (MB): peak = 2622.012 ; gain = 0.000
INFO: [runtcl-4] Executing : report_route_status -file mb_usb_hdmi_top_route_status.rpt -pb mb_usb_hdmi_top_route_status.pb
INFO: [runtcl-4] Executing : report_timing_summary -max_paths 10 -report_unconstrained -file mb_usb_hdmi_top_timing_summary_routed.rpt -pb mb_usb_hdmi_top_timing_summary_routed.pb -rpx mb_usb_hdmi_top_timing_summary_routed.rpx -warn_on_violation 
INFO: [Timing 38-91] UpdateTimingParams: Speed grade: -1, Delay Type: min_max.
INFO: [Timing 38-191] Multithreading enabled for timing update using a maximum of 2 CPUs
CRITICAL WARNING: [Timing 38-282] The design failed to meet the timing requirements. Please see the timing summary report for details on the timing violations.
INFO: [runtcl-4] Executing : report_incremental_reuse -file mb_usb_hdmi_top_incremental_reuse_routed.rpt
INFO: [Vivado_Tcl 4-1062] Incremental flow is disabled. No incremental reuse Info to report.
INFO: [runtcl-4] Executing : report_clock_utilization -file mb_usb_hdmi_top_clock_utilization_routed.rpt
INFO: [runtcl-4] Executing : report_bus_skew -warn_on_violation -file mb_usb_hdmi_top_bus_skew_routed.rpt -pb mb_usb_hdmi_top_bus_skew_routed.pb -rpx mb_usb_hdmi_top_bus_skew_routed.rpx
INFO: [Timing 38-91] UpdateTimingParams: Speed grade: -1, Delay Type: min_max.
INFO: [Timing 38-191] Multithreading enabled for timing update using a maximum of 2 CPUs
INFO: [Memdata 28-167] Found XPM memory block mb_block_i/spi_usb/U0/NO_DUAL_QUAD_MODE.QSPI_NORMAL/QSPI_LEGACY_MD_GEN.QSPI_CORE_INTERFACE_I/FIFO_EXISTS.TX_FIFO_II/xpm_fifo_instance.xpm_fifo_async_inst/gnuram_async_fifo.xpm_fifo_base_inst/gen_sdpram.xpm_memory_base_inst with a P_MEMORY_PRIMITIVE property set to auto. A value of block is required. You will not be able to use the updatemem program to update the bitstream with new data for the mb_block_i/spi_usb/U0/NO_DUAL_QUAD_MODE.QSPI_NORMAL/QSPI_LEGACY_MD_GEN.QSPI_CORE_INTERFACE_I/FIFO_EXISTS.TX_FIFO_II/xpm_fifo_instance.xpm_fifo_async_inst/gnuram_async_fifo.xpm_fifo_base_inst/gen_sdpram.xpm_memory_base_inst block.
INFO: [Memdata 28-167] Found XPM memory block mb_block_i/spi_usb/U0/NO_DUAL_QUAD_MODE.QSPI_NORMAL/QSPI_LEGACY_MD_GEN.QSPI_CORE_INTERFACE_I/FIFO_EXISTS.RX_FIFO_II/gnuram_async_fifo.xpm_fifo_base_inst/gen_sdpram.xpm_memory_base_inst with a P_MEMORY_PRIMITIVE property set to auto. A value of block is required. You will not be able to use the updatemem program to update the bitstream with new data for the mb_block_i/spi_usb/U0/NO_DUAL_QUAD_MODE.QSPI_NORMAL/QSPI_LEGACY_MD_GEN.QSPI_CORE_INTERFACE_I/FIFO_EXISTS.RX_FIFO_II/gnuram_async_fifo.xpm_fifo_base_inst/gen_sdpram.xpm_memory_base_inst block.
Command: write_bitstream -force mb_usb_hdmi_top.bit
Attempting to get a license for feature 'Implementation' and/or device 'xc7s50'
INFO: [Common 17-349] Got license for feature 'Implementation' and/or device 'xc7s50'
Running DRC as a precondition to command write_bitstream
INFO: [IP_Flow 19-1839] IP Catalog is up to date.
INFO: [DRC 23-27] Running DRC with 2 threads
WARNING: [DRC CFGBVS-1] Missing CFGBVS and CONFIG_VOLTAGE Design Properties: Neither the CFGBVS nor CONFIG_VOLTAGE voltage property is set in the current_design.  Configuration bank voltage select (CFGBVS) must be set to VCCO or GND, and CONFIG_VOLTAGE must be set to the correct configuration voltage, in order to determine the I/O voltage support for the pins in bank 0.  It is suggested to specify these either using the 'Edit Device Properties' function in the GUI or directly in the XDC file using the following syntax:

 set_property CFGBVS value1 [current_design]
 #where value1 is either VCCO or GND

 set_property CONFIG_VOLTAGE value2 [current_design]
 #where value2 is the voltage provided to configuration bank 0

Refer to the device configuration user guide for more information.
WARNING: [DRC CHECK-3] Report rule limit reached: REQP-1839 rule limit reached: 20 violations have been found.
WARNING: [DRC DPIP-1] Input pipelining: DSP arrow_instance/ball_on2 input arrow_instance/ball_on2/A[29:0] is not pipelined. Pipelining DSP48 input will improve performance.
WARNING: [DRC DPIP-1] Input pipelining: DSP arrow_instance/ball_on2 input arrow_instance/ball_on2/B[17:0] is not pipelined. Pipelining DSP48 input will improve performance.
WARNING: [DRC DPIP-1] Input pipelining: DSP arrow_instance/ball_on2__0 input arrow_instance/ball_on2__0/A[29:0] is not pipelined. Pipelining DSP48 input will improve performance.
WARNING: [DRC DPIP-1] Input pipelining: DSP arrow_instance/ball_on2__0 input arrow_instance/ball_on2__0/B[17:0] is not pipelined. Pipelining DSP48 input will improve performance.
WARNING: [DRC DPIP-1] Input pipelining: DSP arrow_instance/ball_on2__1 input arrow_instance/ball_on2__1/A[29:0] is not pipelined. Pipelining DSP48 input will improve performance.
WARNING: [DRC DPIP-1] Input pipelining: DSP arrow_instance/ball_on2__1 input arrow_instance/ball_on2__1/B[17:0] is not pipelined. Pipelining DSP48 input will improve performance.
WARNING: [DRC DPIP-1] Input pipelining: DSP arrow_instance/ball_on3 input arrow_instance/ball_on3/A[29:0] is not pipelined. Pipelining DSP48 input will improve performance.
WARNING: [DRC DPIP-1] Input pipelining: DSP arrow_instance/ball_on3 input arrow_instance/ball_on3/B[17:0] is not pipelined. Pipelining DSP48 input will improve performance.
WARNING: [DRC DPIP-1] Input pipelining: DSP arrow_instance/ball_on3__0 input arrow_instance/ball_on3__0/A[29:0] is not pipelined. Pipelining DSP48 input will improve performance.
WARNING: [DRC DPIP-1] Input pipelining: DSP arrow_instance/ball_on3__0 input arrow_instance/ball_on3__0/B[17:0] is not pipelined. Pipelining DSP48 input will improve performance.
WARNING: [DRC DPIP-1] Input pipelining: DSP arrow_instance/ball_on3__1 input arrow_instance/ball_on3__1/A[29:0] is not pipelined. Pipelining DSP48 input will improve performance.
WARNING: [DRC DPIP-1] Input pipelining: DSP arrow_instance/ball_on3__1 input arrow_instance/ball_on3__1/B[17:0] is not pipelined. Pipelining DSP48 input will improve performance.
WARNING: [DRC DPIP-1] Input pipelining: DSP arrow_instance/ball_on3__10 input arrow_instance/ball_on3__10/A[29:0] is not pipelined. Pipelining DSP48 input will improve performance.
WARNING: [DRC DPIP-1] Input pipelining: DSP arrow_instance/ball_on3__10 input arrow_instance/ball_on3__10/B[17:0] is not pipelined. Pipelining DSP48 input will improve performance.
WARNING: [DRC DPIP-1] Input pipelining: DSP arrow_instance/ball_on3__11 input arrow_instance/ball_on3__11/A[29:0] is not pipelined. Pipelining DSP48 input will improve performance.
WARNING: [DRC DPIP-1] Input pipelining: DSP arrow_instance/ball_on3__11 input arrow_instance/ball_on3__11/B[17:0] is not pipelined. Pipelining DSP48 input will improve performance.
WARNING: [DRC DPIP-1] Input pipelining: DSP arrow_instance/ball_on3__12 input arrow_instance/ball_on3__12/A[29:0] is not pipelined. Pipelining DSP48 input will improve performance.
WARNING: [DRC DPIP-1] Input pipelining: DSP arrow_instance/ball_on3__12 input arrow_instance/ball_on3__12/B[17:0] is not pipelined. Pipelining DSP48 input will improve performance.
WARNING: [DRC DPIP-1] Input pipelining: DSP arrow_instance/ball_on3__13 input arrow_instance/ball_on3__13/A[29:0] is not pipelined. Pipelining DSP48 input will improve performance.
WARNING: [DRC DPIP-1] Input pipelining: DSP arrow_instance/ball_on3__13 input arrow_instance/ball_on3__13/B[17:0] is not pipelined. Pipelining DSP48 input will improve performance.
WARNING: [DRC DPIP-1] Input pipelining: DSP arrow_instance/ball_on3__14 input arrow_instance/ball_on3__14/A[29:0] is not pipelined. Pipelining DSP48 input will improve performance.
WARNING: [DRC DPIP-1] Input pipelining: DSP arrow_instance/ball_on3__14 input arrow_instance/ball_on3__14/B[17:0] is not pipelined. Pipelining DSP48 input will improve performance.
WARNING: [DRC DPIP-1] Input pipelining: DSP arrow_instance/ball_on3__15 input arrow_instance/ball_on3__15/A[29:0] is not pipelined. Pipelining DSP48 input will improve performance.
WARNING: [DRC DPIP-1] Input pipelining: DSP arrow_instance/ball_on3__15 input arrow_instance/ball_on3__15/B[17:0] is not pipelined. Pipelining DSP48 input will improve performance.
WARNING: [DRC DPIP-1] Input pipelining: DSP arrow_instance/ball_on3__16 input arrow_instance/ball_on3__16/A[29:0] is not pipelined. Pipelining DSP48 input will improve performance.
WARNING: [DRC DPIP-1] Input pipelining: DSP arrow_instance/ball_on3__16 input arrow_instance/ball_on3__16/B[17:0] is not pipelined. Pipelining DSP48 input will improve performance.
WARNING: [DRC DPIP-1] Input pipelining: DSP arrow_instance/ball_on3__17 input arrow_instance/ball_on3__17/A[29:0] is not pipelined. Pipelining DSP48 input will improve performance.
WARNING: [DRC DPIP-1] Input pipelining: DSP arrow_instance/ball_on3__17 input arrow_instance/ball_on3__17/B[17:0] is not pipelined. Pipelining DSP48 input will improve performance.
WARNING: [DRC DPIP-1] Input pipelining: DSP arrow_instance/ball_on3__18 input arrow_instance/ball_on3__18/A[29:0] is not pipelined. Pipelining DSP48 input will improve performance.
WARNING: [DRC DPIP-1] Input pipelining: DSP arrow_instance/ball_on3__18 input arrow_instance/ball_on3__18/B[17:0] is not pipelined. Pipelining DSP48 input will improve performance.
WARNING: [DRC DPIP-1] Input pipelining: DSP arrow_instance/ball_on3__19 input arrow_instance/ball_on3__19/A[29:0] is not pipelined. Pipelining DSP48 input will improve performance.
WARNING: [DRC DPIP-1] Input pipelining: DSP arrow_instance/ball_on3__19 input arrow_instance/ball_on3__19/B[17:0] is not pipelined. Pipelining DSP48 input will improve performance.
WARNING: [DRC DPIP-1] Input pipelining: DSP arrow_instance/ball_on3__2 input arrow_instance/ball_on3__2/A[29:0] is not pipelined. Pipelining DSP48 input will improve performance.
WARNING: [DRC DPIP-1] Input pipelining: DSP arrow_instance/ball_on3__2 input arrow_instance/ball_on3__2/B[17:0] is not pipelined. Pipelining DSP48 input will improve performance.
WARNING: [DRC DPIP-1] Input pipelining: DSP arrow_instance/ball_on3__20 input arrow_instance/ball_on3__20/A[29:0] is not pipelined. Pipelining DSP48 input will improve performance.
WARNING: [DRC DPIP-1] Input pipelining: DSP arrow_instance/ball_on3__20 input arrow_instance/ball_on3__20/B[17:0] is not pipelined. Pipelining DSP48 input will improve performance.
WARNING: [DRC DPIP-1] Input pipelining: DSP arrow_instance/ball_on3__21 input arrow_instance/ball_on3__21/A[29:0] is not pipelined. Pipelining DSP48 input will improve performance.
WARNING: [DRC DPIP-1] Input pipelining: DSP arrow_instance/ball_on3__21 input arrow_instance/ball_on3__21/B[17:0] is not pipelined. Pipelining DSP48 input will improve performance.
WARNING: [DRC DPIP-1] Input pipelining: DSP arrow_instance/ball_on3__22 input arrow_instance/ball_on3__22/A[29:0] is not pipelined. Pipelining DSP48 input will improve performance.
WARNING: [DRC DPIP-1] Input pipelining: DSP arrow_instance/ball_on3__22 input arrow_instance/ball_on3__22/B[17:0] is not pipelined. Pipelining DSP48 input will improve performance.
WARNING: [DRC DPIP-1] Input pipelining: DSP arrow_instance/ball_on3__23 input arrow_instance/ball_on3__23/A[29:0] is not pipelined. Pipelining DSP48 input will improve performance.
WARNING: [DRC DPIP-1] Input pipelining: DSP arrow_instance/ball_on3__23 input arrow_instance/ball_on3__23/B[17:0] is not pipelined. Pipelining DSP48 input will improve performance.
WARNING: [DRC DPIP-1] Input pipelining: DSP arrow_instance/ball_on3__24 input arrow_instance/ball_on3__24/A[29:0] is not pipelined. Pipelining DSP48 input will improve performance.
WARNING: [DRC DPIP-1] Input pipelining: DSP arrow_instance/ball_on3__24 input arrow_instance/ball_on3__24/B[17:0] is not pipelined. Pipelining DSP48 input will improve performance.
WARNING: [DRC DPIP-1] Input pipelining: DSP arrow_instance/ball_on3__25 input arrow_instance/ball_on3__25/A[29:0] is not pipelined. Pipelining DSP48 input will improve performance.
WARNING: [DRC DPIP-1] Input pipelining: DSP arrow_instance/ball_on3__25 input arrow_instance/ball_on3__25/B[17:0] is not pipelined. Pipelining DSP48 input will improve performance.
WARNING: [DRC DPIP-1] Input pipelining: DSP arrow_instance/ball_on3__26 input arrow_instance/ball_on3__26/A[29:0] is not pipelined. Pipelining DSP48 input will improve performance.
WARNING: [DRC DPIP-1] Input pipelining: DSP arrow_instance/ball_on3__26 input arrow_instance/ball_on3__26/B[17:0] is not pipelined. Pipelining DSP48 input will improve performance.
WARNING: [DRC DPIP-1] Input pipelining: DSP arrow_instance/ball_on3__27 input arrow_instance/ball_on3__27/A[29:0] is not pipelined. Pipelining DSP48 input will improve performance.
WARNING: [DRC DPIP-1] Input pipelining: DSP arrow_instance/ball_on3__27 input arrow_instance/ball_on3__27/B[17:0] is not pipelined. Pipelining DSP48 input will improve performance.
WARNING: [DRC DPIP-1] Input pipelining: DSP arrow_instance/ball_on3__28 input arrow_instance/ball_on3__28/A[29:0] is not pipelined. Pipelining DSP48 input will improve performance.
WARNING: [DRC DPIP-1] Input pipelining: DSP arrow_instance/ball_on3__28 input arrow_instance/ball_on3__28/B[17:0] is not pipelined. Pipelining DSP48 input will improve performance.
WARNING: [DRC DPIP-1] Input pipelining: DSP arrow_instance/ball_on3__29 input arrow_instance/ball_on3__29/A[29:0] is not pipelined. Pipelining DSP48 input will improve performance.
WARNING: [DRC DPIP-1] Input pipelining: DSP arrow_instance/ball_on3__29 input arrow_instance/ball_on3__29/B[17:0] is not pipelined. Pipelining DSP48 input will improve performance.
WARNING: [DRC DPIP-1] Input pipelining: DSP arrow_instance/ball_on3__3 input arrow_instance/ball_on3__3/A[29:0] is not pipelined. Pipelining DSP48 input will improve performance.
WARNING: [DRC DPIP-1] Input pipelining: DSP arrow_instance/ball_on3__3 input arrow_instance/ball_on3__3/B[17:0] is not pipelined. Pipelining DSP48 input will improve performance.
WARNING: [DRC DPIP-1] Input pipelining: DSP arrow_instance/ball_on3__30 input arrow_instance/ball_on3__30/A[29:0] is not pipelined. Pipelining DSP48 input will improve performance.
WARNING: [DRC DPIP-1] Input pipelining: DSP arrow_instance/ball_on3__30 input arrow_instance/ball_on3__30/B[17:0] is not pipelined. Pipelining DSP48 input will improve performance.
WARNING: [DRC DPIP-1] Input pipelining: DSP arrow_instance/ball_on3__31 input arrow_instance/ball_on3__31/A[29:0] is not pipelined. Pipelining DSP48 input will improve performance.
WARNING: [DRC DPIP-1] Input pipelining: DSP arrow_instance/ball_on3__31 input arrow_instance/ball_on3__31/B[17:0] is not pipelined. Pipelining DSP48 input will improve performance.
WARNING: [DRC DPIP-1] Input pipelining: DSP arrow_instance/ball_on3__32 input arrow_instance/ball_on3__32/A[29:0] is not pipelined. Pipelining DSP48 input will improve performance.
WARNING: [DRC DPIP-1] Input pipelining: DSP arrow_instance/ball_on3__32 input arrow_instance/ball_on3__32/B[17:0] is not pipelined. Pipelining DSP48 input will improve performance.
WARNING: [DRC DPIP-1] Input pipelining: DSP arrow_instance/ball_on3__33 input arrow_instance/ball_on3__33/A[29:0] is not pipelined. Pipelining DSP48 input will improve performance.
WARNING: [DRC DPIP-1] Input pipelining: DSP arrow_instance/ball_on3__33 input arrow_instance/ball_on3__33/B[17:0] is not pipelined. Pipelining DSP48 input will improve performance.
WARNING: [DRC DPIP-1] Input pipelining: DSP arrow_instance/ball_on3__34 input arrow_instance/ball_on3__34/A[29:0] is not pipelined. Pipelining DSP48 input will improve performance.
WARNING: [DRC DPIP-1] Input pipelining: DSP arrow_instance/ball_on3__34 input arrow_instance/ball_on3__34/B[17:0] is not pipelined. Pipelining DSP48 input will improve performance.
WARNING: [DRC DPIP-1] Input pipelining: DSP arrow_instance/ball_on3__35 input arrow_instance/ball_on3__35/A[29:0] is not pipelined. Pipelining DSP48 input will improve performance.
WARNING: [DRC DPIP-1] Input pipelining: DSP arrow_instance/ball_on3__35 input arrow_instance/ball_on3__35/B[17:0] is not pipelined. Pipelining DSP48 input will improve performance.
WARNING: [DRC DPIP-1] Input pipelining: DSP arrow_instance/ball_on3__36 input arrow_instance/ball_on3__36/A[29:0] is not pipelined. Pipelining DSP48 input will improve performance.
WARNING: [DRC DPIP-1] Input pipelining: DSP arrow_instance/ball_on3__36 input arrow_instance/ball_on3__36/B[17:0] is not pipelined. Pipelining DSP48 input will improve performance.
WARNING: [DRC DPIP-1] Input pipelining: DSP arrow_instance/ball_on3__37 input arrow_instance/ball_on3__37/A[29:0] is not pipelined. Pipelining DSP48 input will improve performance.
WARNING: [DRC DPIP-1] Input pipelining: DSP arrow_instance/ball_on3__37 input arrow_instance/ball_on3__37/B[17:0] is not pipelined. Pipelining DSP48 input will improve performance.
WARNING: [DRC DPIP-1] Input pipelining: DSP arrow_instance/ball_on3__38 input arrow_instance/ball_on3__38/A[29:0] is not pipelined. Pipelining DSP48 input will improve performance.
WARNING: [DRC DPIP-1] Input pipelining: DSP arrow_instance/ball_on3__38 input arrow_instance/ball_on3__38/B[17:0] is not pipelined. Pipelining DSP48 input will improve performance.
WARNING: [DRC DPIP-1] Input pipelining: DSP arrow_instance/ball_on3__39 input arrow_instance/ball_on3__39/A[29:0] is not pipelined. Pipelining DSP48 input will improve performance.
WARNING: [DRC DPIP-1] Input pipelining: DSP arrow_instance/ball_on3__39 input arrow_instance/ball_on3__39/B[17:0] is not pipelined. Pipelining DSP48 input will improve performance.
WARNING: [DRC DPIP-1] Input pipelining: DSP arrow_instance/ball_on3__4 input arrow_instance/ball_on3__4/A[29:0] is not pipelined. Pipelining DSP48 input will improve performance.
WARNING: [DRC DPIP-1] Input pipelining: DSP arrow_instance/ball_on3__4 input arrow_instance/ball_on3__4/B[17:0] is not pipelined. Pipelining DSP48 input will improve performance.
WARNING: [DRC DPIP-1] Input pipelining: DSP arrow_instance/ball_on3__40 input arrow_instance/ball_on3__40/A[29:0] is not pipelined. Pipelining DSP48 input will improve performance.
WARNING: [DRC DPIP-1] Input pipelining: DSP arrow_instance/ball_on3__40 input arrow_instance/ball_on3__40/B[17:0] is not pipelined. Pipelining DSP48 input will improve performance.
WARNING: [DRC DPIP-1] Input pipelining: DSP arrow_instance/ball_on3__41 input arrow_instance/ball_on3__41/A[29:0] is not pipelined. Pipelining DSP48 input will improve performance.
WARNING: [DRC DPIP-1] Input pipelining: DSP arrow_instance/ball_on3__41 input arrow_instance/ball_on3__41/B[17:0] is not pipelined. Pipelining DSP48 input will improve performance.
WARNING: [DRC DPIP-1] Input pipelining: DSP arrow_instance/ball_on3__42 input arrow_instance/ball_on3__42/A[29:0] is not pipelined. Pipelining DSP48 input will improve performance.
WARNING: [DRC DPIP-1] Input pipelining: DSP arrow_instance/ball_on3__42 input arrow_instance/ball_on3__42/B[17:0] is not pipelined. Pipelining DSP48 input will improve performance.
WARNING: [DRC DPIP-1] Input pipelining: DSP arrow_instance/ball_on3__43 input arrow_instance/ball_on3__43/A[29:0] is not pipelined. Pipelining DSP48 input will improve performance.
WARNING: [DRC DPIP-1] Input pipelining: DSP arrow_instance/ball_on3__43 input arrow_instance/ball_on3__43/B[17:0] is not pipelined. Pipelining DSP48 input will improve performance.
WARNING: [DRC DPIP-1] Input pipelining: DSP arrow_instance/ball_on3__44 input arrow_instance/ball_on3__44/A[29:0] is not pipelined. Pipelining DSP48 input will improve performance.
WARNING: [DRC DPIP-1] Input pipelining: DSP arrow_instance/ball_on3__44 input arrow_instance/ball_on3__44/B[17:0] is not pipelined. Pipelining DSP48 input will improve performance.
WARNING: [DRC DPIP-1] Input pipelining: DSP arrow_instance/ball_on3__45 input arrow_instance/ball_on3__45/A[29:0] is not pipelined. Pipelining DSP48 input will improve performance.
WARNING: [DRC DPIP-1] Input pipelining: DSP arrow_instance/ball_on3__45 input arrow_instance/ball_on3__45/B[17:0] is not pipelined. Pipelining DSP48 input will improve performance.
WARNING: [DRC DPIP-1] Input pipelining: DSP arrow_instance/ball_on3__46 input arrow_instance/ball_on3__46/A[29:0] is not pipelined. Pipelining DSP48 input will improve performance.
WARNING: [DRC DPIP-1] Input pipelining: DSP arrow_instance/ball_on3__46 input arrow_instance/ball_on3__46/B[17:0] is not pipelined. Pipelining DSP48 input will improve performance.
WARNING: [DRC DPIP-1] Input pipelining: DSP arrow_instance/ball_on3__47 input arrow_instance/ball_on3__47/A[29:0] is not pipelined. Pipelining DSP48 input will improve performance.
WARNING: [DRC DPIP-1] Input pipelining: DSP arrow_instance/ball_on3__47 input arrow_instance/ball_on3__47/B[17:0] is not pipelined. Pipelining DSP48 input will improve performance.
WARNING: [DRC DPIP-1] Input pipelining: DSP arrow_instance/ball_on3__48 input arrow_instance/ball_on3__48/A[29:0] is not pipelined. Pipelining DSP48 input will improve performance.
WARNING: [DRC DPIP-1] Input pipelining: DSP arrow_instance/ball_on3__48 input arrow_instance/ball_on3__48/B[17:0] is not pipelined. Pipelining DSP48 input will improve performance.
WARNING: [DRC DPIP-1] Input pipelining: DSP arrow_instance/ball_on3__49 input arrow_instance/ball_on3__49/A[29:0] is not pipelined. Pipelining DSP48 input will improve performance.
WARNING: [DRC DPIP-1] Input pipelining: DSP arrow_instance/ball_on3__49 input arrow_instance/ball_on3__49/B[17:0] is not pipelined. Pipelining DSP48 input will improve performance.
WARNING: [DRC DPIP-1] Input pipelining: DSP arrow_instance/ball_on3__5 input arrow_instance/ball_on3__5/A[29:0] is not pipelined. Pipelining DSP48 input will improve performance.
WARNING: [DRC DPIP-1] Input pipelining: DSP arrow_instance/ball_on3__5 input arrow_instance/ball_on3__5/B[17:0] is not pipelined. Pipelining DSP48 input will improve performance.
INFO: [Common 17-14] Message 'DRC DPIP-1' appears 100 times and further instances of the messages will be disabled. Use the Tcl command set_msg_config to change the current settings.
WARNING: [DRC REQP-1839] RAMB36 async control check: The RAMB36E1 arrow_instance/bg1/background1_rom/U0/inst_blk_mem_gen/gnbram.gnativebmg.native_blk_mem_gen/valid.cstr/ramloop[0].ram.r/prim_init.ram/DEVICE_7SERIES.NO_BMM_INFO.TRUE_DP.SIMPLE_PRIM36.ram has an input control pin arrow_instance/bg1/background1_rom/U0/inst_blk_mem_gen/gnbram.gnativebmg.native_blk_mem_gen/valid.cstr/ramloop[0].ram.r/prim_init.ram/DEVICE_7SERIES.NO_BMM_INFO.TRUE_DP.SIMPLE_PRIM36.ram/ADDRARDADDR[14] (net: arrow_instance/bg1/background1_rom/U0/inst_blk_mem_gen/gnbram.gnativebmg.native_blk_mem_gen/valid.cstr/ramloop[0].ram.r/prim_init.ram/addra[14]) which is driven by a register (vga/hc_reg[0]_rep__2) that has an active asychronous set or reset. This may cause corruption of the memory contents and/or read values when the set/reset is asserted and is not analyzed by the default static timing analysis. It is suggested to eliminate the use of a set/reset to registers driving this RAMB pin or else use a synchronous reset in which the assertion of the reset is timed by default.
WARNING: [DRC REQP-1839] RAMB36 async control check: The RAMB36E1 arrow_instance/bg1/background1_rom/U0/inst_blk_mem_gen/gnbram.gnativebmg.native_blk_mem_gen/valid.cstr/ramloop[0].ram.r/prim_init.ram/DEVICE_7SERIES.NO_BMM_INFO.TRUE_DP.SIMPLE_PRIM36.ram has an input control pin arrow_instance/bg1/background1_rom/U0/inst_blk_mem_gen/gnbram.gnativebmg.native_blk_mem_gen/valid.cstr/ramloop[0].ram.r/prim_init.ram/DEVICE_7SERIES.NO_BMM_INFO.TRUE_DP.SIMPLE_PRIM36.ram/ADDRARDADDR[14] (net: arrow_instance/bg1/background1_rom/U0/inst_blk_mem_gen/gnbram.gnativebmg.native_blk_mem_gen/valid.cstr/ramloop[0].ram.r/prim_init.ram/addra[14]) which is driven by a register (vga/hc_reg[1]_rep__1) that has an active asychronous set or reset. This may cause corruption of the memory contents and/or read values when the set/reset is asserted and is not analyzed by the default static timing analysis. It is suggested to eliminate the use of a set/reset to registers driving this RAMB pin or else use a synchronous reset in which the assertion of the reset is timed by default.
WARNING: [DRC REQP-1839] RAMB36 async control check: The RAMB36E1 arrow_instance/bg1/background1_rom/U0/inst_blk_mem_gen/gnbram.gnativebmg.native_blk_mem_gen/valid.cstr/ramloop[0].ram.r/prim_init.ram/DEVICE_7SERIES.NO_BMM_INFO.TRUE_DP.SIMPLE_PRIM36.ram has an input control pin arrow_instance/bg1/background1_rom/U0/inst_blk_mem_gen/gnbram.gnativebmg.native_blk_mem_gen/valid.cstr/ramloop[0].ram.r/prim_init.ram/DEVICE_7SERIES.NO_BMM_INFO.TRUE_DP.SIMPLE_PRIM36.ram/ADDRARDADDR[14] (net: arrow_instance/bg1/background1_rom/U0/inst_blk_mem_gen/gnbram.gnativebmg.native_blk_mem_gen/valid.cstr/ramloop[0].ram.r/prim_init.ram/addra[14]) which is driven by a register (vga/hc_reg[2]_rep__1) that has an active asychronous set or reset. This may cause corruption of the memory contents and/or read values when the set/reset is asserted and is not analyzed by the default static timing analysis. It is suggested to eliminate the use of a set/reset to registers driving this RAMB pin or else use a synchronous reset in which the assertion of the reset is timed by default.
WARNING: [DRC REQP-1839] RAMB36 async control check: The RAMB36E1 arrow_instance/bg1/background1_rom/U0/inst_blk_mem_gen/gnbram.gnativebmg.native_blk_mem_gen/valid.cstr/ramloop[0].ram.r/prim_init.ram/DEVICE_7SERIES.NO_BMM_INFO.TRUE_DP.SIMPLE_PRIM36.ram has an input control pin arrow_instance/bg1/background1_rom/U0/inst_blk_mem_gen/gnbram.gnativebmg.native_blk_mem_gen/valid.cstr/ramloop[0].ram.r/prim_init.ram/DEVICE_7SERIES.NO_BMM_INFO.TRUE_DP.SIMPLE_PRIM36.ram/ADDRARDADDR[14] (net: arrow_instance/bg1/background1_rom/U0/inst_blk_mem_gen/gnbram.gnativebmg.native_blk_mem_gen/valid.cstr/ramloop[0].ram.r/prim_init.ram/addra[14]) which is driven by a register (vga/hc_reg[3]_rep) that has an active asychronous set or reset. This may cause corruption of the memory contents and/or read values when the set/reset is asserted and is not analyzed by the default static timing analysis. It is suggested to eliminate the use of a set/reset to registers driving this RAMB pin or else use a synchronous reset in which the assertion of the reset is timed by default.
WARNING: [DRC REQP-1839] RAMB36 async control check: The RAMB36E1 arrow_instance/bg1/background1_rom/U0/inst_blk_mem_gen/gnbram.gnativebmg.native_blk_mem_gen/valid.cstr/ramloop[0].ram.r/prim_init.ram/DEVICE_7SERIES.NO_BMM_INFO.TRUE_DP.SIMPLE_PRIM36.ram has an input control pin arrow_instance/bg1/background1_rom/U0/inst_blk_mem_gen/gnbram.gnativebmg.native_blk_mem_gen/valid.cstr/ramloop[0].ram.r/prim_init.ram/DEVICE_7SERIES.NO_BMM_INFO.TRUE_DP.SIMPLE_PRIM36.ram/ADDRARDADDR[14] (net: arrow_instance/bg1/background1_rom/U0/inst_blk_mem_gen/gnbram.gnativebmg.native_blk_mem_gen/valid.cstr/ramloop[0].ram.r/prim_init.ram/addra[14]) which is driven by a register (vga/hc_reg[4]) that has an active asychronous set or reset. This may cause corruption of the memory contents and/or read values when the set/reset is asserted and is not analyzed by the default static timing analysis. It is suggested to eliminate the use of a set/reset to registers driving this RAMB pin or else use a synchronous reset in which the assertion of the reset is timed by default.
WARNING: [DRC REQP-1839] RAMB36 async control check: The RAMB36E1 arrow_instance/bg1/background1_rom/U0/inst_blk_mem_gen/gnbram.gnativebmg.native_blk_mem_gen/valid.cstr/ramloop[0].ram.r/prim_init.ram/DEVICE_7SERIES.NO_BMM_INFO.TRUE_DP.SIMPLE_PRIM36.ram has an input control pin arrow_instance/bg1/background1_rom/U0/inst_blk_mem_gen/gnbram.gnativebmg.native_blk_mem_gen/valid.cstr/ramloop[0].ram.r/prim_init.ram/DEVICE_7SERIES.NO_BMM_INFO.TRUE_DP.SIMPLE_PRIM36.ram/ADDRARDADDR[14] (net: arrow_instance/bg1/background1_rom/U0/inst_blk_mem_gen/gnbram.gnativebmg.native_blk_mem_gen/valid.cstr/ramloop[0].ram.r/prim_init.ram/addra[14]) which is driven by a register (vga/hc_reg[5]) that has an active asychronous set or reset. This may cause corruption of the memory contents and/or read values when the set/reset is asserted and is not analyzed by the default static timing analysis. It is suggested to eliminate the use of a set/reset to registers driving this RAMB pin or else use a synchronous reset in which the assertion of the reset is timed by default.
WARNING: [DRC REQP-1839] RAMB36 async control check: The RAMB36E1 arrow_instance/bg1/background1_rom/U0/inst_blk_mem_gen/gnbram.gnativebmg.native_blk_mem_gen/valid.cstr/ramloop[0].ram.r/prim_init.ram/DEVICE_7SERIES.NO_BMM_INFO.TRUE_DP.SIMPLE_PRIM36.ram has an input control pin arrow_instance/bg1/background1_rom/U0/inst_blk_mem_gen/gnbram.gnativebmg.native_blk_mem_gen/valid.cstr/ramloop[0].ram.r/prim_init.ram/DEVICE_7SERIES.NO_BMM_INFO.TRUE_DP.SIMPLE_PRIM36.ram/ADDRARDADDR[14] (net: arrow_instance/bg1/background1_rom/U0/inst_blk_mem_gen/gnbram.gnativebmg.native_blk_mem_gen/valid.cstr/ramloop[0].ram.r/prim_init.ram/addra[14]) which is driven by a register (vga/hc_reg[6]) that has an active asychronous set or reset. This may cause corruption of the memory contents and/or read values when the set/reset is asserted and is not analyzed by the default static timing analysis. It is suggested to eliminate the use of a set/reset to registers driving this RAMB pin or else use a synchronous reset in which the assertion of the reset is timed by default.
WARNING: [DRC REQP-1839] RAMB36 async control check: The RAMB36E1 arrow_instance/bg1/background1_rom/U0/inst_blk_mem_gen/gnbram.gnativebmg.native_blk_mem_gen/valid.cstr/ramloop[0].ram.r/prim_init.ram/DEVICE_7SERIES.NO_BMM_INFO.TRUE_DP.SIMPLE_PRIM36.ram has an input control pin arrow_instance/bg1/background1_rom/U0/inst_blk_mem_gen/gnbram.gnativebmg.native_blk_mem_gen/valid.cstr/ramloop[0].ram.r/prim_init.ram/DEVICE_7SERIES.NO_BMM_INFO.TRUE_DP.SIMPLE_PRIM36.ram/ADDRARDADDR[14] (net: arrow_instance/bg1/background1_rom/U0/inst_blk_mem_gen/gnbram.gnativebmg.native_blk_mem_gen/valid.cstr/ramloop[0].ram.r/prim_init.ram/addra[14]) which is driven by a register (vga/hc_reg[7]) that has an active asychronous set or reset. This may cause corruption of the memory contents and/or read values when the set/reset is asserted and is not analyzed by the default static timing analysis. It is suggested to eliminate the use of a set/reset to registers driving this RAMB pin or else use a synchronous reset in which the assertion of the reset is timed by default.
WARNING: [DRC REQP-1839] RAMB36 async control check: The RAMB36E1 arrow_instance/bg1/background1_rom/U0/inst_blk_mem_gen/gnbram.gnativebmg.native_blk_mem_gen/valid.cstr/ramloop[0].ram.r/prim_init.ram/DEVICE_7SERIES.NO_BMM_INFO.TRUE_DP.SIMPLE_PRIM36.ram has an input control pin arrow_instance/bg1/background1_rom/U0/inst_blk_mem_gen/gnbram.gnativebmg.native_blk_mem_gen/valid.cstr/ramloop[0].ram.r/prim_init.ram/DEVICE_7SERIES.NO_BMM_INFO.TRUE_DP.SIMPLE_PRIM36.ram/ADDRARDADDR[14] (net: arrow_instance/bg1/background1_rom/U0/inst_blk_mem_gen/gnbram.gnativebmg.native_blk_mem_gen/valid.cstr/ramloop[0].ram.r/prim_init.ram/addra[14]) which is driven by a register (vga/hc_reg[8]) that has an active asychronous set or reset. This may cause corruption of the memory contents and/or read values when the set/reset is asserted and is not analyzed by the default static timing analysis. It is suggested to eliminate the use of a set/reset to registers driving this RAMB pin or else use a synchronous reset in which the assertion of the reset is timed by default.
WARNING: [DRC REQP-1839] RAMB36 async control check: The RAMB36E1 arrow_instance/bg1/background1_rom/U0/inst_blk_mem_gen/gnbram.gnativebmg.native_blk_mem_gen/valid.cstr/ramloop[0].ram.r/prim_init.ram/DEVICE_7SERIES.NO_BMM_INFO.TRUE_DP.SIMPLE_PRIM36.ram has an input control pin arrow_instance/bg1/background1_rom/U0/inst_blk_mem_gen/gnbram.gnativebmg.native_blk_mem_gen/valid.cstr/ramloop[0].ram.r/prim_init.ram/DEVICE_7SERIES.NO_BMM_INFO.TRUE_DP.SIMPLE_PRIM36.ram/ADDRARDADDR[14] (net: arrow_instance/bg1/background1_rom/U0/inst_blk_mem_gen/gnbram.gnativebmg.native_blk_mem_gen/valid.cstr/ramloop[0].ram.r/prim_init.ram/addra[14]) which is driven by a register (vga/hc_reg[9]) that has an active asychronous set or reset. This may cause corruption of the memory contents and/or read values when the set/reset is asserted and is not analyzed by the default static timing analysis. It is suggested to eliminate the use of a set/reset to registers driving this RAMB pin or else use a synchronous reset in which the assertion of the reset is timed by default.
WARNING: [DRC REQP-1839] RAMB36 async control check: The RAMB36E1 arrow_instance/bg1/background1_rom/U0/inst_blk_mem_gen/gnbram.gnativebmg.native_blk_mem_gen/valid.cstr/ramloop[0].ram.r/prim_init.ram/DEVICE_7SERIES.NO_BMM_INFO.TRUE_DP.SIMPLE_PRIM36.ram has an input control pin arrow_instance/bg1/background1_rom/U0/inst_blk_mem_gen/gnbram.gnativebmg.native_blk_mem_gen/valid.cstr/ramloop[0].ram.r/prim_init.ram/DEVICE_7SERIES.NO_BMM_INFO.TRUE_DP.SIMPLE_PRIM36.ram/ADDRARDADDR[14] (net: arrow_instance/bg1/background1_rom/U0/inst_blk_mem_gen/gnbram.gnativebmg.native_blk_mem_gen/valid.cstr/ramloop[0].ram.r/prim_init.ram/addra[14]) which is driven by a register (vga/vc_reg[0]) that has an active asychronous set or reset. This may cause corruption of the memory contents and/or read values when the set/reset is asserted and is not analyzed by the default static timing analysis. It is suggested to eliminate the use of a set/reset to registers driving this RAMB pin or else use a synchronous reset in which the assertion of the reset is timed by default.
WARNING: [DRC REQP-1839] RAMB36 async control check: The RAMB36E1 arrow_instance/bg1/background1_rom/U0/inst_blk_mem_gen/gnbram.gnativebmg.native_blk_mem_gen/valid.cstr/ramloop[0].ram.r/prim_init.ram/DEVICE_7SERIES.NO_BMM_INFO.TRUE_DP.SIMPLE_PRIM36.ram has an input control pin arrow_instance/bg1/background1_rom/U0/inst_blk_mem_gen/gnbram.gnativebmg.native_blk_mem_gen/valid.cstr/ramloop[0].ram.r/prim_init.ram/DEVICE_7SERIES.NO_BMM_INFO.TRUE_DP.SIMPLE_PRIM36.ram/ADDRARDADDR[14] (net: arrow_instance/bg1/background1_rom/U0/inst_blk_mem_gen/gnbram.gnativebmg.native_blk_mem_gen/valid.cstr/ramloop[0].ram.r/prim_init.ram/addra[14]) which is driven by a register (vga/vc_reg[1]) that has an active asychronous set or reset. This may cause corruption of the memory contents and/or read values when the set/reset is asserted and is not analyzed by the default static timing analysis. It is suggested to eliminate the use of a set/reset to registers driving this RAMB pin or else use a synchronous reset in which the assertion of the reset is timed by default.
WARNING: [DRC REQP-1839] RAMB36 async control check: The RAMB36E1 arrow_instance/bg1/background1_rom/U0/inst_blk_mem_gen/gnbram.gnativebmg.native_blk_mem_gen/valid.cstr/ramloop[0].ram.r/prim_init.ram/DEVICE_7SERIES.NO_BMM_INFO.TRUE_DP.SIMPLE_PRIM36.ram has an input control pin arrow_instance/bg1/background1_rom/U0/inst_blk_mem_gen/gnbram.gnativebmg.native_blk_mem_gen/valid.cstr/ramloop[0].ram.r/prim_init.ram/DEVICE_7SERIES.NO_BMM_INFO.TRUE_DP.SIMPLE_PRIM36.ram/ADDRARDADDR[14] (net: arrow_instance/bg1/background1_rom/U0/inst_blk_mem_gen/gnbram.gnativebmg.native_blk_mem_gen/valid.cstr/ramloop[0].ram.r/prim_init.ram/addra[14]) which is driven by a register (vga/vc_reg[2]) that has an active asychronous set or reset. This may cause corruption of the memory contents and/or read values when the set/reset is asserted and is not analyzed by the default static timing analysis. It is suggested to eliminate the use of a set/reset to registers driving this RAMB pin or else use a synchronous reset in which the assertion of the reset is timed by default.
WARNING: [DRC REQP-1839] RAMB36 async control check: The RAMB36E1 arrow_instance/bg1/background1_rom/U0/inst_blk_mem_gen/gnbram.gnativebmg.native_blk_mem_gen/valid.cstr/ramloop[0].ram.r/prim_init.ram/DEVICE_7SERIES.NO_BMM_INFO.TRUE_DP.SIMPLE_PRIM36.ram has an input control pin arrow_instance/bg1/background1_rom/U0/inst_blk_mem_gen/gnbram.gnativebmg.native_blk_mem_gen/valid.cstr/ramloop[0].ram.r/prim_init.ram/DEVICE_7SERIES.NO_BMM_INFO.TRUE_DP.SIMPLE_PRIM36.ram/ADDRARDADDR[14] (net: arrow_instance/bg1/background1_rom/U0/inst_blk_mem_gen/gnbram.gnativebmg.native_blk_mem_gen/valid.cstr/ramloop[0].ram.r/prim_init.ram/addra[14]) which is driven by a register (vga/vc_reg[3]_replica) that has an active asychronous set or reset. This may cause corruption of the memory contents and/or read values when the set/reset is asserted and is not analyzed by the default static timing analysis. It is suggested to eliminate the use of a set/reset to registers driving this RAMB pin or else use a synchronous reset in which the assertion of the reset is timed by default.
WARNING: [DRC REQP-1839] RAMB36 async control check: The RAMB36E1 arrow_instance/bg1/background1_rom/U0/inst_blk_mem_gen/gnbram.gnativebmg.native_blk_mem_gen/valid.cstr/ramloop[0].ram.r/prim_init.ram/DEVICE_7SERIES.NO_BMM_INFO.TRUE_DP.SIMPLE_PRIM36.ram has an input control pin arrow_instance/bg1/background1_rom/U0/inst_blk_mem_gen/gnbram.gnativebmg.native_blk_mem_gen/valid.cstr/ramloop[0].ram.r/prim_init.ram/DEVICE_7SERIES.NO_BMM_INFO.TRUE_DP.SIMPLE_PRIM36.ram/ADDRARDADDR[14] (net: arrow_instance/bg1/background1_rom/U0/inst_blk_mem_gen/gnbram.gnativebmg.native_blk_mem_gen/valid.cstr/ramloop[0].ram.r/prim_init.ram/addra[14]) which is driven by a register (vga/vc_reg[4]) that has an active asychronous set or reset. This may cause corruption of the memory contents and/or read values when the set/reset is asserted and is not analyzed by the default static timing analysis. It is suggested to eliminate the use of a set/reset to registers driving this RAMB pin or else use a synchronous reset in which the assertion of the reset is timed by default.
WARNING: [DRC REQP-1839] RAMB36 async control check: The RAMB36E1 arrow_instance/bg1/background1_rom/U0/inst_blk_mem_gen/gnbram.gnativebmg.native_blk_mem_gen/valid.cstr/ramloop[0].ram.r/prim_init.ram/DEVICE_7SERIES.NO_BMM_INFO.TRUE_DP.SIMPLE_PRIM36.ram has an input control pin arrow_instance/bg1/background1_rom/U0/inst_blk_mem_gen/gnbram.gnativebmg.native_blk_mem_gen/valid.cstr/ramloop[0].ram.r/prim_init.ram/DEVICE_7SERIES.NO_BMM_INFO.TRUE_DP.SIMPLE_PRIM36.ram/ADDRARDADDR[14] (net: arrow_instance/bg1/background1_rom/U0/inst_blk_mem_gen/gnbram.gnativebmg.native_blk_mem_gen/valid.cstr/ramloop[0].ram.r/prim_init.ram/addra[14]) which is driven by a register (vga/vc_reg[5]) that has an active asychronous set or reset. This may cause corruption of the memory contents and/or read values when the set/reset is asserted and is not analyzed by the default static timing analysis. It is suggested to eliminate the use of a set/reset to registers driving this RAMB pin or else use a synchronous reset in which the assertion of the reset is timed by default.
WARNING: [DRC REQP-1839] RAMB36 async control check: The RAMB36E1 arrow_instance/bg1/background1_rom/U0/inst_blk_mem_gen/gnbram.gnativebmg.native_blk_mem_gen/valid.cstr/ramloop[0].ram.r/prim_init.ram/DEVICE_7SERIES.NO_BMM_INFO.TRUE_DP.SIMPLE_PRIM36.ram has an input control pin arrow_instance/bg1/background1_rom/U0/inst_blk_mem_gen/gnbram.gnativebmg.native_blk_mem_gen/valid.cstr/ramloop[0].ram.r/prim_init.ram/DEVICE_7SERIES.NO_BMM_INFO.TRUE_DP.SIMPLE_PRIM36.ram/ADDRARDADDR[14] (net: arrow_instance/bg1/background1_rom/U0/inst_blk_mem_gen/gnbram.gnativebmg.native_blk_mem_gen/valid.cstr/ramloop[0].ram.r/prim_init.ram/addra[14]) which is driven by a register (vga/vc_reg[6]) that has an active asychronous set or reset. This may cause corruption of the memory contents and/or read values when the set/reset is asserted and is not analyzed by the default static timing analysis. It is suggested to eliminate the use of a set/reset to registers driving this RAMB pin or else use a synchronous reset in which the assertion of the reset is timed by default.
WARNING: [DRC REQP-1839] RAMB36 async control check: The RAMB36E1 arrow_instance/bg1/background1_rom/U0/inst_blk_mem_gen/gnbram.gnativebmg.native_blk_mem_gen/valid.cstr/ramloop[0].ram.r/prim_init.ram/DEVICE_7SERIES.NO_BMM_INFO.TRUE_DP.SIMPLE_PRIM36.ram has an input control pin arrow_instance/bg1/background1_rom/U0/inst_blk_mem_gen/gnbram.gnativebmg.native_blk_mem_gen/valid.cstr/ramloop[0].ram.r/prim_init.ram/DEVICE_7SERIES.NO_BMM_INFO.TRUE_DP.SIMPLE_PRIM36.ram/ADDRARDADDR[14] (net: arrow_instance/bg1/background1_rom/U0/inst_blk_mem_gen/gnbram.gnativebmg.native_blk_mem_gen/valid.cstr/ramloop[0].ram.r/prim_init.ram/addra[14]) which is driven by a register (vga/vc_reg[7]) that has an active asychronous set or reset. This may cause corruption of the memory contents and/or read values when the set/reset is asserted and is not analyzed by the default static timing analysis. It is suggested to eliminate the use of a set/reset to registers driving this RAMB pin or else use a synchronous reset in which the assertion of the reset is timed by default.
WARNING: [DRC REQP-1839] RAMB36 async control check: The RAMB36E1 arrow_instance/bg1/background1_rom/U0/inst_blk_mem_gen/gnbram.gnativebmg.native_blk_mem_gen/valid.cstr/ramloop[0].ram.r/prim_init.ram/DEVICE_7SERIES.NO_BMM_INFO.TRUE_DP.SIMPLE_PRIM36.ram has an input control pin arrow_instance/bg1/background1_rom/U0/inst_blk_mem_gen/gnbram.gnativebmg.native_blk_mem_gen/valid.cstr/ramloop[0].ram.r/prim_init.ram/DEVICE_7SERIES.NO_BMM_INFO.TRUE_DP.SIMPLE_PRIM36.ram/ADDRARDADDR[14] (net: arrow_instance/bg1/background1_rom/U0/inst_blk_mem_gen/gnbram.gnativebmg.native_blk_mem_gen/valid.cstr/ramloop[0].ram.r/prim_init.ram/addra[14]) which is driven by a register (vga/vc_reg[8]) that has an active asychronous set or reset. This may cause corruption of the memory contents and/or read values when the set/reset is asserted and is not analyzed by the default static timing analysis. It is suggested to eliminate the use of a set/reset to registers driving this RAMB pin or else use a synchronous reset in which the assertion of the reset is timed by default.
WARNING: [DRC REQP-1839] RAMB36 async control check: The RAMB36E1 arrow_instance/bg1/background1_rom/U0/inst_blk_mem_gen/gnbram.gnativebmg.native_blk_mem_gen/valid.cstr/ramloop[0].ram.r/prim_init.ram/DEVICE_7SERIES.NO_BMM_INFO.TRUE_DP.SIMPLE_PRIM36.ram has an input control pin arrow_instance/bg1/background1_rom/U0/inst_blk_mem_gen/gnbram.gnativebmg.native_blk_mem_gen/valid.cstr/ramloop[0].ram.r/prim_init.ram/DEVICE_7SERIES.NO_BMM_INFO.TRUE_DP.SIMPLE_PRIM36.ram/ADDRARDADDR[14] (net: arrow_instance/bg1/background1_rom/U0/inst_blk_mem_gen/gnbram.gnativebmg.native_blk_mem_gen/valid.cstr/ramloop[0].ram.r/prim_init.ram/addra[14]) which is driven by a register (vga/vc_reg[9]) that has an active asychronous set or reset. This may cause corruption of the memory contents and/or read values when the set/reset is asserted and is not analyzed by the default static timing analysis. It is suggested to eliminate the use of a set/reset to registers driving this RAMB pin or else use a synchronous reset in which the assertion of the reset is timed by default.
INFO: [Vivado 12-3199] DRC finished with 0 Errors, 206 Warnings
INFO: [Vivado 12-3200] Please refer to the DRC report (report_drc) for more information.
INFO: [Designutils 20-2272] Running write_bitstream with 2 threads.
Loading data files...
Loading site data...
Loading route data...
Processing options...
Creating bitmap...
Creating bitstream...
Writing bitstream ./mb_usb_hdmi_top.bit...
INFO: [Vivado 12-1842] Bitgen Completed Successfully.
INFO: [Project 1-1876] WebTalk data collection is mandatory when using a ULT device. To see the specific WebTalk data collected for your design, open the usage_statistics_webtalk.html or usage_statistics_webtalk.xml file in the implementation directory.
INFO: [Common 17-83] Releasing license: Implementation
15 Infos, 122 Warnings, 0 Critical Warnings and 0 Errors encountered.
write_bitstream completed successfully
write_bitstream: Time (s): cpu = 00:00:24 ; elapsed = 00:00:18 . Memory (MB): peak = 2937.926 ; gain = 315.914
INFO: [Common 17-206] Exiting Vivado at Fri Dec 13 04:01:02 2024...
