
*** Running vivado
    with args -log design_1_hdmi_text_controller_0_1.vds -m64 -product Vivado -mode batch -messageDb vivado.pb -notrace -source design_1_hdmi_text_controller_0_1.tcl



****** Vivado v2022.2 (64-bit)
  **** SW Build 3671981 on Fri Oct 14 05:00:03 MDT 2022
  **** IP Build 3669848 on Fri Oct 14 08:30:02 MDT 2022
    ** Copyright 1986-2022 Xilinx, Inc. All Rights Reserved.

source design_1_hdmi_text_controller_0_1.tcl -notrace
INFO: [IP_Flow 19-234] Refreshing IP repositories
INFO: [IP_Flow 19-1700] Loaded user IP repository 'c:/Users/curti/OneDrive/Documents/UIUC/ECE-385/Vivado_Projects/ip_repo/hdmi_text_controller_1_0'.
WARNING: [IP_Flow 19-2207] Repository 'c:/Users/curti/OneDrive/Documents/UIUC/ECE-385/Vivado_Projects/ip_repo/hdmi_text_controller_1_0' already exists; ignoring attempt to add it again.
INFO: [IP_Flow 19-1700] Loaded user IP repository 'c:/Users/curti/OneDrive/Documents/UIUC/ECE-385/Vivado_Projects/ip_repo/hdmi_text_controller_1_0'.
INFO: [IP_Flow 19-1700] Loaded user IP repository 'c:/Users/curti/OneDrive/Documents/UIUC/ECE-385/Vivado_Projects/lab7_1/lab7_1_provided_fa24/hdmi_tx_1.0'.
INFO: [IP_Flow 19-2313] Loaded Vivado IP repository 'C:/Xilinx/Vivado/2022.2/data/ip'.
WARNING: [IP_Flow 19-4995] The host OS only allows 260 characters in a normal path. The IP cache path is more than 80 characters. If you experience issues with IP caching, please consider changing the IP cache to a location with a shorter path. Alternately consider using the OS subst command to map part of the path to a drive letter. 
Current IP cache path is c:/Users/curti/OneDrive/Documents/UIUC/ECE-385/Vivado_Projects/lab7_1/lab7_1.cache/ip 
INFO: [IP_Flow 19-6924] IPCACHE: Running cache check for IP inst: design_1_hdmi_text_controller_0_1
Command: synth_design -top design_1_hdmi_text_controller_0_1 -part xc7s50csga324-1 -incremental_mode off -mode out_of_context
Starting synth_design
Attempting to get a license for feature 'Synthesis' and/or device 'xc7s50'
INFO: [Common 17-349] Got license for feature 'Synthesis' and/or device 'xc7s50'
INFO: [Device 21-403] Loading part xc7s50csga324-1
INFO: [Synth 8-7079] Multithreading enabled for synth_design using a maximum of 2 processes.
INFO: [Synth 8-7078] Launching helper process for spawning children vivado processes
INFO: [Synth 8-7075] Helper process launched with PID 3040
INFO: [Synth 8-11241] undeclared symbol 'REGCCE', assumed default net type 'wire' [C:/Xilinx/Vivado/2022.2/data/verilog/src/unimacro/BRAM_SINGLE_MACRO.v:2170]
WARNING: [Synth 8-11121] redeclaration of ANSI port 'slv_regs' is not allowed [c:/Users/curti/OneDrive/Documents/UIUC/ECE-385/Vivado_Projects/lab7_1/lab7_1.gen/sources_1/bd/design_1/ipshared/34c3/src/hdmi_text_controller_v1_0_AXI.sv:138]
WARNING: [Synth 8-11065] parameter 'CTRLTOKEN0' becomes localparam in 'encode' with formal parameter declaration list [c:/Users/curti/OneDrive/Documents/UIUC/ECE-385/Vivado_Projects/lab7_1/lab7_1.gen/sources_1/bd/design_1/ip/design_1_hdmi_text_controller_0_1/src/hdmi_tx_0_2/hdl/encode.v:145]
WARNING: [Synth 8-11065] parameter 'CTRLTOKEN1' becomes localparam in 'encode' with formal parameter declaration list [c:/Users/curti/OneDrive/Documents/UIUC/ECE-385/Vivado_Projects/lab7_1/lab7_1.gen/sources_1/bd/design_1/ip/design_1_hdmi_text_controller_0_1/src/hdmi_tx_0_2/hdl/encode.v:146]
WARNING: [Synth 8-11065] parameter 'CTRLTOKEN2' becomes localparam in 'encode' with formal parameter declaration list [c:/Users/curti/OneDrive/Documents/UIUC/ECE-385/Vivado_Projects/lab7_1/lab7_1.gen/sources_1/bd/design_1/ip/design_1_hdmi_text_controller_0_1/src/hdmi_tx_0_2/hdl/encode.v:147]
WARNING: [Synth 8-11065] parameter 'CTRLTOKEN3' becomes localparam in 'encode' with formal parameter declaration list [c:/Users/curti/OneDrive/Documents/UIUC/ECE-385/Vivado_Projects/lab7_1/lab7_1.gen/sources_1/bd/design_1/ip/design_1_hdmi_text_controller_0_1/src/hdmi_tx_0_2/hdl/encode.v:148]
---------------------------------------------------------------------------------
Starting RTL Elaboration : Time (s): cpu = 00:00:02 ; elapsed = 00:00:05 . Memory (MB): peak = 1188.441 ; gain = 406.676
---------------------------------------------------------------------------------
INFO: [Synth 8-6157] synthesizing module 'design_1_hdmi_text_controller_0_1' [c:/Users/curti/OneDrive/Documents/UIUC/ECE-385/Vivado_Projects/lab7_1/lab7_1.gen/sources_1/bd/design_1/ip/design_1_hdmi_text_controller_0_1/synth/design_1_hdmi_text_controller_0_1.sv:53]
INFO: [Synth 8-6157] synthesizing module 'hdmi_text_controller_v1_0' [c:/Users/curti/OneDrive/Documents/UIUC/ECE-385/Vivado_Projects/lab7_1/lab7_1.gen/sources_1/bd/design_1/ipshared/34c3/src/hdmi_text_controller_v1_0.sv:10]
INFO: [Synth 8-6157] synthesizing module 'hdmi_text_controller_v1_0_AXI' [c:/Users/curti/OneDrive/Documents/UIUC/ECE-385/Vivado_Projects/lab7_1/lab7_1.gen/sources_1/bd/design_1/ipshared/34c3/src/hdmi_text_controller_v1_0_AXI.sv:28]
WARNING: [Synth 8-6104] Input port 'slv_regs' has an internal driver [c:/Users/curti/OneDrive/Documents/UIUC/ECE-385/Vivado_Projects/lab7_1/lab7_1.gen/sources_1/bd/design_1/ipshared/34c3/src/hdmi_text_controller_v1_0_AXI.sv:253]
WARNING: [Synth 8-6104] Input port 'slv_regs' has an internal driver [c:/Users/curti/OneDrive/Documents/UIUC/ECE-385/Vivado_Projects/lab7_1/lab7_1.gen/sources_1/bd/design_1/ipshared/34c3/src/hdmi_text_controller_v1_0_AXI.sv:253]
WARNING: [Synth 8-6104] Input port 'slv_regs' has an internal driver [c:/Users/curti/OneDrive/Documents/UIUC/ECE-385/Vivado_Projects/lab7_1/lab7_1.gen/sources_1/bd/design_1/ipshared/34c3/src/hdmi_text_controller_v1_0_AXI.sv:253]
WARNING: [Synth 8-6104] Input port 'slv_regs' has an internal driver [c:/Users/curti/OneDrive/Documents/UIUC/ECE-385/Vivado_Projects/lab7_1/lab7_1.gen/sources_1/bd/design_1/ipshared/34c3/src/hdmi_text_controller_v1_0_AXI.sv:253]
WARNING: [Synth 8-6104] Input port 'slv_regs' has an internal driver [c:/Users/curti/OneDrive/Documents/UIUC/ECE-385/Vivado_Projects/lab7_1/lab7_1.gen/sources_1/bd/design_1/ipshared/34c3/src/hdmi_text_controller_v1_0_AXI.sv:253]
WARNING: [Synth 8-6104] Input port 'slv_regs' has an internal driver [c:/Users/curti/OneDrive/Documents/UIUC/ECE-385/Vivado_Projects/lab7_1/lab7_1.gen/sources_1/bd/design_1/ipshared/34c3/src/hdmi_text_controller_v1_0_AXI.sv:253]
WARNING: [Synth 8-6104] Input port 'slv_regs' has an internal driver [c:/Users/curti/OneDrive/Documents/UIUC/ECE-385/Vivado_Projects/lab7_1/lab7_1.gen/sources_1/bd/design_1/ipshared/34c3/src/hdmi_text_controller_v1_0_AXI.sv:253]
WARNING: [Synth 8-6104] Input port 'slv_regs' has an internal driver [c:/Users/curti/OneDrive/Documents/UIUC/ECE-385/Vivado_Projects/lab7_1/lab7_1.gen/sources_1/bd/design_1/ipshared/34c3/src/hdmi_text_controller_v1_0_AXI.sv:253]
WARNING: [Synth 8-6104] Input port 'slv_regs' has an internal driver [c:/Users/curti/OneDrive/Documents/UIUC/ECE-385/Vivado_Projects/lab7_1/lab7_1.gen/sources_1/bd/design_1/ipshared/34c3/src/hdmi_text_controller_v1_0_AXI.sv:253]
WARNING: [Synth 8-6104] Input port 'slv_regs' has an internal driver [c:/Users/curti/OneDrive/Documents/UIUC/ECE-385/Vivado_Projects/lab7_1/lab7_1.gen/sources_1/bd/design_1/ipshared/34c3/src/hdmi_text_controller_v1_0_AXI.sv:253]
WARNING: [Synth 8-6104] Input port 'slv_regs' has an internal driver [c:/Users/curti/OneDrive/Documents/UIUC/ECE-385/Vivado_Projects/lab7_1/lab7_1.gen/sources_1/bd/design_1/ipshared/34c3/src/hdmi_text_controller_v1_0_AXI.sv:253]
WARNING: [Synth 8-6104] Input port 'slv_regs' has an internal driver [c:/Users/curti/OneDrive/Documents/UIUC/ECE-385/Vivado_Projects/lab7_1/lab7_1.gen/sources_1/bd/design_1/ipshared/34c3/src/hdmi_text_controller_v1_0_AXI.sv:253]
WARNING: [Synth 8-6104] Input port 'slv_regs' has an internal driver [c:/Users/curti/OneDrive/Documents/UIUC/ECE-385/Vivado_Projects/lab7_1/lab7_1.gen/sources_1/bd/design_1/ipshared/34c3/src/hdmi_text_controller_v1_0_AXI.sv:253]
WARNING: [Synth 8-6104] Input port 'slv_regs' has an internal driver [c:/Users/curti/OneDrive/Documents/UIUC/ECE-385/Vivado_Projects/lab7_1/lab7_1.gen/sources_1/bd/design_1/ipshared/34c3/src/hdmi_text_controller_v1_0_AXI.sv:253]
WARNING: [Synth 8-6104] Input port 'slv_regs' has an internal driver [c:/Users/curti/OneDrive/Documents/UIUC/ECE-385/Vivado_Projects/lab7_1/lab7_1.gen/sources_1/bd/design_1/ipshared/34c3/src/hdmi_text_controller_v1_0_AXI.sv:253]
WARNING: [Synth 8-6104] Input port 'slv_regs' has an internal driver [c:/Users/curti/OneDrive/Documents/UIUC/ECE-385/Vivado_Projects/lab7_1/lab7_1.gen/sources_1/bd/design_1/ipshared/34c3/src/hdmi_text_controller_v1_0_AXI.sv:253]
WARNING: [Synth 8-6104] Input port 'slv_regs' has an internal driver [c:/Users/curti/OneDrive/Documents/UIUC/ECE-385/Vivado_Projects/lab7_1/lab7_1.gen/sources_1/bd/design_1/ipshared/34c3/src/hdmi_text_controller_v1_0_AXI.sv:253]
WARNING: [Synth 8-6104] Input port 'slv_regs' has an internal driver [c:/Users/curti/OneDrive/Documents/UIUC/ECE-385/Vivado_Projects/lab7_1/lab7_1.gen/sources_1/bd/design_1/ipshared/34c3/src/hdmi_text_controller_v1_0_AXI.sv:253]
WARNING: [Synth 8-6104] Input port 'slv_regs' has an internal driver [c:/Users/curti/OneDrive/Documents/UIUC/ECE-385/Vivado_Projects/lab7_1/lab7_1.gen/sources_1/bd/design_1/ipshared/34c3/src/hdmi_text_controller_v1_0_AXI.sv:253]
WARNING: [Synth 8-6104] Input port 'slv_regs' has an internal driver [c:/Users/curti/OneDrive/Documents/UIUC/ECE-385/Vivado_Projects/lab7_1/lab7_1.gen/sources_1/bd/design_1/ipshared/34c3/src/hdmi_text_controller_v1_0_AXI.sv:253]
WARNING: [Synth 8-6104] Input port 'slv_regs' has an internal driver [c:/Users/curti/OneDrive/Documents/UIUC/ECE-385/Vivado_Projects/lab7_1/lab7_1.gen/sources_1/bd/design_1/ipshared/34c3/src/hdmi_text_controller_v1_0_AXI.sv:253]
WARNING: [Synth 8-6104] Input port 'slv_regs' has an internal driver [c:/Users/curti/OneDrive/Documents/UIUC/ECE-385/Vivado_Projects/lab7_1/lab7_1.gen/sources_1/bd/design_1/ipshared/34c3/src/hdmi_text_controller_v1_0_AXI.sv:253]
WARNING: [Synth 8-6104] Input port 'slv_regs' has an internal driver [c:/Users/curti/OneDrive/Documents/UIUC/ECE-385/Vivado_Projects/lab7_1/lab7_1.gen/sources_1/bd/design_1/ipshared/34c3/src/hdmi_text_controller_v1_0_AXI.sv:253]
WARNING: [Synth 8-6104] Input port 'slv_regs' has an internal driver [c:/Users/curti/OneDrive/Documents/UIUC/ECE-385/Vivado_Projects/lab7_1/lab7_1.gen/sources_1/bd/design_1/ipshared/34c3/src/hdmi_text_controller_v1_0_AXI.sv:253]
WARNING: [Synth 8-6104] Input port 'slv_regs' has an internal driver [c:/Users/curti/OneDrive/Documents/UIUC/ECE-385/Vivado_Projects/lab7_1/lab7_1.gen/sources_1/bd/design_1/ipshared/34c3/src/hdmi_text_controller_v1_0_AXI.sv:253]
WARNING: [Synth 8-6104] Input port 'slv_regs' has an internal driver [c:/Users/curti/OneDrive/Documents/UIUC/ECE-385/Vivado_Projects/lab7_1/lab7_1.gen/sources_1/bd/design_1/ipshared/34c3/src/hdmi_text_controller_v1_0_AXI.sv:253]
WARNING: [Synth 8-6104] Input port 'slv_regs' has an internal driver [c:/Users/curti/OneDrive/Documents/UIUC/ECE-385/Vivado_Projects/lab7_1/lab7_1.gen/sources_1/bd/design_1/ipshared/34c3/src/hdmi_text_controller_v1_0_AXI.sv:253]
WARNING: [Synth 8-6104] Input port 'slv_regs' has an internal driver [c:/Users/curti/OneDrive/Documents/UIUC/ECE-385/Vivado_Projects/lab7_1/lab7_1.gen/sources_1/bd/design_1/ipshared/34c3/src/hdmi_text_controller_v1_0_AXI.sv:253]
WARNING: [Synth 8-6104] Input port 'slv_regs' has an internal driver [c:/Users/curti/OneDrive/Documents/UIUC/ECE-385/Vivado_Projects/lab7_1/lab7_1.gen/sources_1/bd/design_1/ipshared/34c3/src/hdmi_text_controller_v1_0_AXI.sv:253]
WARNING: [Synth 8-6104] Input port 'slv_regs' has an internal driver [c:/Users/curti/OneDrive/Documents/UIUC/ECE-385/Vivado_Projects/lab7_1/lab7_1.gen/sources_1/bd/design_1/ipshared/34c3/src/hdmi_text_controller_v1_0_AXI.sv:253]
WARNING: [Synth 8-6104] Input port 'slv_regs' has an internal driver [c:/Users/curti/OneDrive/Documents/UIUC/ECE-385/Vivado_Projects/lab7_1/lab7_1.gen/sources_1/bd/design_1/ipshared/34c3/src/hdmi_text_controller_v1_0_AXI.sv:253]
WARNING: [Synth 8-6104] Input port 'slv_regs' has an internal driver [c:/Users/curti/OneDrive/Documents/UIUC/ECE-385/Vivado_Projects/lab7_1/lab7_1.gen/sources_1/bd/design_1/ipshared/34c3/src/hdmi_text_controller_v1_0_AXI.sv:253]
WARNING: [Synth 8-6104] Input port 'slv_regs' has an internal driver [c:/Users/curti/OneDrive/Documents/UIUC/ECE-385/Vivado_Projects/lab7_1/lab7_1.gen/sources_1/bd/design_1/ipshared/34c3/src/hdmi_text_controller_v1_0_AXI.sv:253]
WARNING: [Synth 8-6104] Input port 'slv_regs' has an internal driver [c:/Users/curti/OneDrive/Documents/UIUC/ECE-385/Vivado_Projects/lab7_1/lab7_1.gen/sources_1/bd/design_1/ipshared/34c3/src/hdmi_text_controller_v1_0_AXI.sv:253]
WARNING: [Synth 8-6104] Input port 'slv_regs' has an internal driver [c:/Users/curti/OneDrive/Documents/UIUC/ECE-385/Vivado_Projects/lab7_1/lab7_1.gen/sources_1/bd/design_1/ipshared/34c3/src/hdmi_text_controller_v1_0_AXI.sv:253]
WARNING: [Synth 8-6104] Input port 'slv_regs' has an internal driver [c:/Users/curti/OneDrive/Documents/UIUC/ECE-385/Vivado_Projects/lab7_1/lab7_1.gen/sources_1/bd/design_1/ipshared/34c3/src/hdmi_text_controller_v1_0_AXI.sv:253]
WARNING: [Synth 8-6104] Input port 'slv_regs' has an internal driver [c:/Users/curti/OneDrive/Documents/UIUC/ECE-385/Vivado_Projects/lab7_1/lab7_1.gen/sources_1/bd/design_1/ipshared/34c3/src/hdmi_text_controller_v1_0_AXI.sv:253]
WARNING: [Synth 8-6104] Input port 'slv_regs' has an internal driver [c:/Users/curti/OneDrive/Documents/UIUC/ECE-385/Vivado_Projects/lab7_1/lab7_1.gen/sources_1/bd/design_1/ipshared/34c3/src/hdmi_text_controller_v1_0_AXI.sv:253]
WARNING: [Synth 8-6104] Input port 'slv_regs' has an internal driver [c:/Users/curti/OneDrive/Documents/UIUC/ECE-385/Vivado_Projects/lab7_1/lab7_1.gen/sources_1/bd/design_1/ipshared/34c3/src/hdmi_text_controller_v1_0_AXI.sv:253]
WARNING: [Synth 8-6104] Input port 'slv_regs' has an internal driver [c:/Users/curti/OneDrive/Documents/UIUC/ECE-385/Vivado_Projects/lab7_1/lab7_1.gen/sources_1/bd/design_1/ipshared/34c3/src/hdmi_text_controller_v1_0_AXI.sv:253]
WARNING: [Synth 8-6104] Input port 'slv_regs' has an internal driver [c:/Users/curti/OneDrive/Documents/UIUC/ECE-385/Vivado_Projects/lab7_1/lab7_1.gen/sources_1/bd/design_1/ipshared/34c3/src/hdmi_text_controller_v1_0_AXI.sv:253]
WARNING: [Synth 8-6104] Input port 'slv_regs' has an internal driver [c:/Users/curti/OneDrive/Documents/UIUC/ECE-385/Vivado_Projects/lab7_1/lab7_1.gen/sources_1/bd/design_1/ipshared/34c3/src/hdmi_text_controller_v1_0_AXI.sv:253]
WARNING: [Synth 8-6104] Input port 'slv_regs' has an internal driver [c:/Users/curti/OneDrive/Documents/UIUC/ECE-385/Vivado_Projects/lab7_1/lab7_1.gen/sources_1/bd/design_1/ipshared/34c3/src/hdmi_text_controller_v1_0_AXI.sv:253]
WARNING: [Synth 8-6104] Input port 'slv_regs' has an internal driver [c:/Users/curti/OneDrive/Documents/UIUC/ECE-385/Vivado_Projects/lab7_1/lab7_1.gen/sources_1/bd/design_1/ipshared/34c3/src/hdmi_text_controller_v1_0_AXI.sv:253]
WARNING: [Synth 8-6104] Input port 'slv_regs' has an internal driver [c:/Users/curti/OneDrive/Documents/UIUC/ECE-385/Vivado_Projects/lab7_1/lab7_1.gen/sources_1/bd/design_1/ipshared/34c3/src/hdmi_text_controller_v1_0_AXI.sv:253]
WARNING: [Synth 8-6104] Input port 'slv_regs' has an internal driver [c:/Users/curti/OneDrive/Documents/UIUC/ECE-385/Vivado_Projects/lab7_1/lab7_1.gen/sources_1/bd/design_1/ipshared/34c3/src/hdmi_text_controller_v1_0_AXI.sv:253]
WARNING: [Synth 8-6104] Input port 'slv_regs' has an internal driver [c:/Users/curti/OneDrive/Documents/UIUC/ECE-385/Vivado_Projects/lab7_1/lab7_1.gen/sources_1/bd/design_1/ipshared/34c3/src/hdmi_text_controller_v1_0_AXI.sv:253]
WARNING: [Synth 8-6104] Input port 'slv_regs' has an internal driver [c:/Users/curti/OneDrive/Documents/UIUC/ECE-385/Vivado_Projects/lab7_1/lab7_1.gen/sources_1/bd/design_1/ipshared/34c3/src/hdmi_text_controller_v1_0_AXI.sv:253]
WARNING: [Synth 8-6104] Input port 'slv_regs' has an internal driver [c:/Users/curti/OneDrive/Documents/UIUC/ECE-385/Vivado_Projects/lab7_1/lab7_1.gen/sources_1/bd/design_1/ipshared/34c3/src/hdmi_text_controller_v1_0_AXI.sv:253]
WARNING: [Synth 8-6104] Input port 'slv_regs' has an internal driver [c:/Users/curti/OneDrive/Documents/UIUC/ECE-385/Vivado_Projects/lab7_1/lab7_1.gen/sources_1/bd/design_1/ipshared/34c3/src/hdmi_text_controller_v1_0_AXI.sv:253]
WARNING: [Synth 8-6104] Input port 'slv_regs' has an internal driver [c:/Users/curti/OneDrive/Documents/UIUC/ECE-385/Vivado_Projects/lab7_1/lab7_1.gen/sources_1/bd/design_1/ipshared/34c3/src/hdmi_text_controller_v1_0_AXI.sv:253]
WARNING: [Synth 8-6104] Input port 'slv_regs' has an internal driver [c:/Users/curti/OneDrive/Documents/UIUC/ECE-385/Vivado_Projects/lab7_1/lab7_1.gen/sources_1/bd/design_1/ipshared/34c3/src/hdmi_text_controller_v1_0_AXI.sv:253]
WARNING: [Synth 8-6104] Input port 'slv_regs' has an internal driver [c:/Users/curti/OneDrive/Documents/UIUC/ECE-385/Vivado_Projects/lab7_1/lab7_1.gen/sources_1/bd/design_1/ipshared/34c3/src/hdmi_text_controller_v1_0_AXI.sv:253]
WARNING: [Synth 8-6104] Input port 'slv_regs' has an internal driver [c:/Users/curti/OneDrive/Documents/UIUC/ECE-385/Vivado_Projects/lab7_1/lab7_1.gen/sources_1/bd/design_1/ipshared/34c3/src/hdmi_text_controller_v1_0_AXI.sv:253]
WARNING: [Synth 8-6104] Input port 'slv_regs' has an internal driver [c:/Users/curti/OneDrive/Documents/UIUC/ECE-385/Vivado_Projects/lab7_1/lab7_1.gen/sources_1/bd/design_1/ipshared/34c3/src/hdmi_text_controller_v1_0_AXI.sv:253]
WARNING: [Synth 8-6104] Input port 'slv_regs' has an internal driver [c:/Users/curti/OneDrive/Documents/UIUC/ECE-385/Vivado_Projects/lab7_1/lab7_1.gen/sources_1/bd/design_1/ipshared/34c3/src/hdmi_text_controller_v1_0_AXI.sv:253]
WARNING: [Synth 8-6104] Input port 'slv_regs' has an internal driver [c:/Users/curti/OneDrive/Documents/UIUC/ECE-385/Vivado_Projects/lab7_1/lab7_1.gen/sources_1/bd/design_1/ipshared/34c3/src/hdmi_text_controller_v1_0_AXI.sv:253]
WARNING: [Synth 8-6104] Input port 'slv_regs' has an internal driver [c:/Users/curti/OneDrive/Documents/UIUC/ECE-385/Vivado_Projects/lab7_1/lab7_1.gen/sources_1/bd/design_1/ipshared/34c3/src/hdmi_text_controller_v1_0_AXI.sv:253]
WARNING: [Synth 8-6104] Input port 'slv_regs' has an internal driver [c:/Users/curti/OneDrive/Documents/UIUC/ECE-385/Vivado_Projects/lab7_1/lab7_1.gen/sources_1/bd/design_1/ipshared/34c3/src/hdmi_text_controller_v1_0_AXI.sv:253]
WARNING: [Synth 8-6104] Input port 'slv_regs' has an internal driver [c:/Users/curti/OneDrive/Documents/UIUC/ECE-385/Vivado_Projects/lab7_1/lab7_1.gen/sources_1/bd/design_1/ipshared/34c3/src/hdmi_text_controller_v1_0_AXI.sv:253]
WARNING: [Synth 8-6104] Input port 'slv_regs' has an internal driver [c:/Users/curti/OneDrive/Documents/UIUC/ECE-385/Vivado_Projects/lab7_1/lab7_1.gen/sources_1/bd/design_1/ipshared/34c3/src/hdmi_text_controller_v1_0_AXI.sv:253]
WARNING: [Synth 8-6104] Input port 'slv_regs' has an internal driver [c:/Users/curti/OneDrive/Documents/UIUC/ECE-385/Vivado_Projects/lab7_1/lab7_1.gen/sources_1/bd/design_1/ipshared/34c3/src/hdmi_text_controller_v1_0_AXI.sv:253]
WARNING: [Synth 8-6104] Input port 'slv_regs' has an internal driver [c:/Users/curti/OneDrive/Documents/UIUC/ECE-385/Vivado_Projects/lab7_1/lab7_1.gen/sources_1/bd/design_1/ipshared/34c3/src/hdmi_text_controller_v1_0_AXI.sv:253]
WARNING: [Synth 8-6104] Input port 'slv_regs' has an internal driver [c:/Users/curti/OneDrive/Documents/UIUC/ECE-385/Vivado_Projects/lab7_1/lab7_1.gen/sources_1/bd/design_1/ipshared/34c3/src/hdmi_text_controller_v1_0_AXI.sv:253]
WARNING: [Synth 8-6104] Input port 'slv_regs' has an internal driver [c:/Users/curti/OneDrive/Documents/UIUC/ECE-385/Vivado_Projects/lab7_1/lab7_1.gen/sources_1/bd/design_1/ipshared/34c3/src/hdmi_text_controller_v1_0_AXI.sv:253]
WARNING: [Synth 8-6104] Input port 'slv_regs' has an internal driver [c:/Users/curti/OneDrive/Documents/UIUC/ECE-385/Vivado_Projects/lab7_1/lab7_1.gen/sources_1/bd/design_1/ipshared/34c3/src/hdmi_text_controller_v1_0_AXI.sv:253]
WARNING: [Synth 8-6104] Input port 'slv_regs' has an internal driver [c:/Users/curti/OneDrive/Documents/UIUC/ECE-385/Vivado_Projects/lab7_1/lab7_1.gen/sources_1/bd/design_1/ipshared/34c3/src/hdmi_text_controller_v1_0_AXI.sv:253]
WARNING: [Synth 8-6104] Input port 'slv_regs' has an internal driver [c:/Users/curti/OneDrive/Documents/UIUC/ECE-385/Vivado_Projects/lab7_1/lab7_1.gen/sources_1/bd/design_1/ipshared/34c3/src/hdmi_text_controller_v1_0_AXI.sv:253]
WARNING: [Synth 8-6104] Input port 'slv_regs' has an internal driver [c:/Users/curti/OneDrive/Documents/UIUC/ECE-385/Vivado_Projects/lab7_1/lab7_1.gen/sources_1/bd/design_1/ipshared/34c3/src/hdmi_text_controller_v1_0_AXI.sv:253]
WARNING: [Synth 8-6104] Input port 'slv_regs' has an internal driver [c:/Users/curti/OneDrive/Documents/UIUC/ECE-385/Vivado_Projects/lab7_1/lab7_1.gen/sources_1/bd/design_1/ipshared/34c3/src/hdmi_text_controller_v1_0_AXI.sv:253]
WARNING: [Synth 8-6104] Input port 'slv_regs' has an internal driver [c:/Users/curti/OneDrive/Documents/UIUC/ECE-385/Vivado_Projects/lab7_1/lab7_1.gen/sources_1/bd/design_1/ipshared/34c3/src/hdmi_text_controller_v1_0_AXI.sv:253]
WARNING: [Synth 8-6104] Input port 'slv_regs' has an internal driver [c:/Users/curti/OneDrive/Documents/UIUC/ECE-385/Vivado_Projects/lab7_1/lab7_1.gen/sources_1/bd/design_1/ipshared/34c3/src/hdmi_text_controller_v1_0_AXI.sv:253]
WARNING: [Synth 8-6104] Input port 'slv_regs' has an internal driver [c:/Users/curti/OneDrive/Documents/UIUC/ECE-385/Vivado_Projects/lab7_1/lab7_1.gen/sources_1/bd/design_1/ipshared/34c3/src/hdmi_text_controller_v1_0_AXI.sv:253]
WARNING: [Synth 8-6104] Input port 'slv_regs' has an internal driver [c:/Users/curti/OneDrive/Documents/UIUC/ECE-385/Vivado_Projects/lab7_1/lab7_1.gen/sources_1/bd/design_1/ipshared/34c3/src/hdmi_text_controller_v1_0_AXI.sv:253]
WARNING: [Synth 8-6104] Input port 'slv_regs' has an internal driver [c:/Users/curti/OneDrive/Documents/UIUC/ECE-385/Vivado_Projects/lab7_1/lab7_1.gen/sources_1/bd/design_1/ipshared/34c3/src/hdmi_text_controller_v1_0_AXI.sv:253]
WARNING: [Synth 8-6104] Input port 'slv_regs' has an internal driver [c:/Users/curti/OneDrive/Documents/UIUC/ECE-385/Vivado_Projects/lab7_1/lab7_1.gen/sources_1/bd/design_1/ipshared/34c3/src/hdmi_text_controller_v1_0_AXI.sv:253]
WARNING: [Synth 8-6104] Input port 'slv_regs' has an internal driver [c:/Users/curti/OneDrive/Documents/UIUC/ECE-385/Vivado_Projects/lab7_1/lab7_1.gen/sources_1/bd/design_1/ipshared/34c3/src/hdmi_text_controller_v1_0_AXI.sv:253]
WARNING: [Synth 8-6104] Input port 'slv_regs' has an internal driver [c:/Users/curti/OneDrive/Documents/UIUC/ECE-385/Vivado_Projects/lab7_1/lab7_1.gen/sources_1/bd/design_1/ipshared/34c3/src/hdmi_text_controller_v1_0_AXI.sv:253]
WARNING: [Synth 8-6104] Input port 'slv_regs' has an internal driver [c:/Users/curti/OneDrive/Documents/UIUC/ECE-385/Vivado_Projects/lab7_1/lab7_1.gen/sources_1/bd/design_1/ipshared/34c3/src/hdmi_text_controller_v1_0_AXI.sv:253]
WARNING: [Synth 8-6104] Input port 'slv_regs' has an internal driver [c:/Users/curti/OneDrive/Documents/UIUC/ECE-385/Vivado_Projects/lab7_1/lab7_1.gen/sources_1/bd/design_1/ipshared/34c3/src/hdmi_text_controller_v1_0_AXI.sv:253]
WARNING: [Synth 8-6104] Input port 'slv_regs' has an internal driver [c:/Users/curti/OneDrive/Documents/UIUC/ECE-385/Vivado_Projects/lab7_1/lab7_1.gen/sources_1/bd/design_1/ipshared/34c3/src/hdmi_text_controller_v1_0_AXI.sv:253]
WARNING: [Synth 8-6104] Input port 'slv_regs' has an internal driver [c:/Users/curti/OneDrive/Documents/UIUC/ECE-385/Vivado_Projects/lab7_1/lab7_1.gen/sources_1/bd/design_1/ipshared/34c3/src/hdmi_text_controller_v1_0_AXI.sv:253]
WARNING: [Synth 8-6104] Input port 'slv_regs' has an internal driver [c:/Users/curti/OneDrive/Documents/UIUC/ECE-385/Vivado_Projects/lab7_1/lab7_1.gen/sources_1/bd/design_1/ipshared/34c3/src/hdmi_text_controller_v1_0_AXI.sv:253]
WARNING: [Synth 8-6104] Input port 'slv_regs' has an internal driver [c:/Users/curti/OneDrive/Documents/UIUC/ECE-385/Vivado_Projects/lab7_1/lab7_1.gen/sources_1/bd/design_1/ipshared/34c3/src/hdmi_text_controller_v1_0_AXI.sv:253]
WARNING: [Synth 8-6104] Input port 'slv_regs' has an internal driver [c:/Users/curti/OneDrive/Documents/UIUC/ECE-385/Vivado_Projects/lab7_1/lab7_1.gen/sources_1/bd/design_1/ipshared/34c3/src/hdmi_text_controller_v1_0_AXI.sv:253]
WARNING: [Synth 8-6104] Input port 'slv_regs' has an internal driver [c:/Users/curti/OneDrive/Documents/UIUC/ECE-385/Vivado_Projects/lab7_1/lab7_1.gen/sources_1/bd/design_1/ipshared/34c3/src/hdmi_text_controller_v1_0_AXI.sv:253]
WARNING: [Synth 8-6104] Input port 'slv_regs' has an internal driver [c:/Users/curti/OneDrive/Documents/UIUC/ECE-385/Vivado_Projects/lab7_1/lab7_1.gen/sources_1/bd/design_1/ipshared/34c3/src/hdmi_text_controller_v1_0_AXI.sv:253]
WARNING: [Synth 8-6104] Input port 'slv_regs' has an internal driver [c:/Users/curti/OneDrive/Documents/UIUC/ECE-385/Vivado_Projects/lab7_1/lab7_1.gen/sources_1/bd/design_1/ipshared/34c3/src/hdmi_text_controller_v1_0_AXI.sv:253]
WARNING: [Synth 8-6104] Input port 'slv_regs' has an internal driver [c:/Users/curti/OneDrive/Documents/UIUC/ECE-385/Vivado_Projects/lab7_1/lab7_1.gen/sources_1/bd/design_1/ipshared/34c3/src/hdmi_text_controller_v1_0_AXI.sv:253]
WARNING: [Synth 8-6104] Input port 'slv_regs' has an internal driver [c:/Users/curti/OneDrive/Documents/UIUC/ECE-385/Vivado_Projects/lab7_1/lab7_1.gen/sources_1/bd/design_1/ipshared/34c3/src/hdmi_text_controller_v1_0_AXI.sv:253]
WARNING: [Synth 8-6104] Input port 'slv_regs' has an internal driver [c:/Users/curti/OneDrive/Documents/UIUC/ECE-385/Vivado_Projects/lab7_1/lab7_1.gen/sources_1/bd/design_1/ipshared/34c3/src/hdmi_text_controller_v1_0_AXI.sv:253]
WARNING: [Synth 8-6104] Input port 'slv_regs' has an internal driver [c:/Users/curti/OneDrive/Documents/UIUC/ECE-385/Vivado_Projects/lab7_1/lab7_1.gen/sources_1/bd/design_1/ipshared/34c3/src/hdmi_text_controller_v1_0_AXI.sv:253]
WARNING: [Synth 8-6104] Input port 'slv_regs' has an internal driver [c:/Users/curti/OneDrive/Documents/UIUC/ECE-385/Vivado_Projects/lab7_1/lab7_1.gen/sources_1/bd/design_1/ipshared/34c3/src/hdmi_text_controller_v1_0_AXI.sv:253]
WARNING: [Synth 8-6104] Input port 'slv_regs' has an internal driver [c:/Users/curti/OneDrive/Documents/UIUC/ECE-385/Vivado_Projects/lab7_1/lab7_1.gen/sources_1/bd/design_1/ipshared/34c3/src/hdmi_text_controller_v1_0_AXI.sv:253]
WARNING: [Synth 8-6104] Input port 'slv_regs' has an internal driver [c:/Users/curti/OneDrive/Documents/UIUC/ECE-385/Vivado_Projects/lab7_1/lab7_1.gen/sources_1/bd/design_1/ipshared/34c3/src/hdmi_text_controller_v1_0_AXI.sv:253]
WARNING: [Synth 8-6104] Input port 'slv_regs' has an internal driver [c:/Users/curti/OneDrive/Documents/UIUC/ECE-385/Vivado_Projects/lab7_1/lab7_1.gen/sources_1/bd/design_1/ipshared/34c3/src/hdmi_text_controller_v1_0_AXI.sv:253]
WARNING: [Synth 8-6104] Input port 'slv_regs' has an internal driver [c:/Users/curti/OneDrive/Documents/UIUC/ECE-385/Vivado_Projects/lab7_1/lab7_1.gen/sources_1/bd/design_1/ipshared/34c3/src/hdmi_text_controller_v1_0_AXI.sv:253]
WARNING: [Synth 8-6104] Input port 'slv_regs' has an internal driver [c:/Users/curti/OneDrive/Documents/UIUC/ECE-385/Vivado_Projects/lab7_1/lab7_1.gen/sources_1/bd/design_1/ipshared/34c3/src/hdmi_text_controller_v1_0_AXI.sv:253]
WARNING: [Synth 8-6104] Input port 'slv_regs' has an internal driver [c:/Users/curti/OneDrive/Documents/UIUC/ECE-385/Vivado_Projects/lab7_1/lab7_1.gen/sources_1/bd/design_1/ipshared/34c3/src/hdmi_text_controller_v1_0_AXI.sv:253]
WARNING: [Synth 8-6104] Input port 'slv_regs' has an internal driver [c:/Users/curti/OneDrive/Documents/UIUC/ECE-385/Vivado_Projects/lab7_1/lab7_1.gen/sources_1/bd/design_1/ipshared/34c3/src/hdmi_text_controller_v1_0_AXI.sv:253]
INFO: [Common 17-14] Message 'Synth 8-6104' appears 100 times and further instances of the messages will be disabled. Use the Tcl command set_msg_config to change the current settings.
WARNING: [Synth 8-324] index 601 out of range [c:/Users/curti/OneDrive/Documents/UIUC/ECE-385/Vivado_Projects/lab7_1/lab7_1.gen/sources_1/bd/design_1/ipshared/34c3/src/hdmi_text_controller_v1_0_AXI.sv:253]
WARNING: [Synth 8-324] index 602 out of range [c:/Users/curti/OneDrive/Documents/UIUC/ECE-385/Vivado_Projects/lab7_1/lab7_1.gen/sources_1/bd/design_1/ipshared/34c3/src/hdmi_text_controller_v1_0_AXI.sv:253]
WARNING: [Synth 8-324] index 603 out of range [c:/Users/curti/OneDrive/Documents/UIUC/ECE-385/Vivado_Projects/lab7_1/lab7_1.gen/sources_1/bd/design_1/ipshared/34c3/src/hdmi_text_controller_v1_0_AXI.sv:253]
WARNING: [Synth 8-324] index 604 out of range [c:/Users/curti/OneDrive/Documents/UIUC/ECE-385/Vivado_Projects/lab7_1/lab7_1.gen/sources_1/bd/design_1/ipshared/34c3/src/hdmi_text_controller_v1_0_AXI.sv:253]
WARNING: [Synth 8-324] index 605 out of range [c:/Users/curti/OneDrive/Documents/UIUC/ECE-385/Vivado_Projects/lab7_1/lab7_1.gen/sources_1/bd/design_1/ipshared/34c3/src/hdmi_text_controller_v1_0_AXI.sv:253]
WARNING: [Synth 8-324] index 606 out of range [c:/Users/curti/OneDrive/Documents/UIUC/ECE-385/Vivado_Projects/lab7_1/lab7_1.gen/sources_1/bd/design_1/ipshared/34c3/src/hdmi_text_controller_v1_0_AXI.sv:253]
WARNING: [Synth 8-324] index 607 out of range [c:/Users/curti/OneDrive/Documents/UIUC/ECE-385/Vivado_Projects/lab7_1/lab7_1.gen/sources_1/bd/design_1/ipshared/34c3/src/hdmi_text_controller_v1_0_AXI.sv:253]
WARNING: [Synth 8-324] index 608 out of range [c:/Users/curti/OneDrive/Documents/UIUC/ECE-385/Vivado_Projects/lab7_1/lab7_1.gen/sources_1/bd/design_1/ipshared/34c3/src/hdmi_text_controller_v1_0_AXI.sv:253]
WARNING: [Synth 8-324] index 609 out of range [c:/Users/curti/OneDrive/Documents/UIUC/ECE-385/Vivado_Projects/lab7_1/lab7_1.gen/sources_1/bd/design_1/ipshared/34c3/src/hdmi_text_controller_v1_0_AXI.sv:253]
WARNING: [Synth 8-324] index 610 out of range [c:/Users/curti/OneDrive/Documents/UIUC/ECE-385/Vivado_Projects/lab7_1/lab7_1.gen/sources_1/bd/design_1/ipshared/34c3/src/hdmi_text_controller_v1_0_AXI.sv:253]
WARNING: [Synth 8-324] index 611 out of range [c:/Users/curti/OneDrive/Documents/UIUC/ECE-385/Vivado_Projects/lab7_1/lab7_1.gen/sources_1/bd/design_1/ipshared/34c3/src/hdmi_text_controller_v1_0_AXI.sv:253]
WARNING: [Synth 8-324] index 612 out of range [c:/Users/curti/OneDrive/Documents/UIUC/ECE-385/Vivado_Projects/lab7_1/lab7_1.gen/sources_1/bd/design_1/ipshared/34c3/src/hdmi_text_controller_v1_0_AXI.sv:253]
WARNING: [Synth 8-324] index 613 out of range [c:/Users/curti/OneDrive/Documents/UIUC/ECE-385/Vivado_Projects/lab7_1/lab7_1.gen/sources_1/bd/design_1/ipshared/34c3/src/hdmi_text_controller_v1_0_AXI.sv:253]
WARNING: [Synth 8-324] index 614 out of range [c:/Users/curti/OneDrive/Documents/UIUC/ECE-385/Vivado_Projects/lab7_1/lab7_1.gen/sources_1/bd/design_1/ipshared/34c3/src/hdmi_text_controller_v1_0_AXI.sv:253]
WARNING: [Synth 8-324] index 615 out of range [c:/Users/curti/OneDrive/Documents/UIUC/ECE-385/Vivado_Projects/lab7_1/lab7_1.gen/sources_1/bd/design_1/ipshared/34c3/src/hdmi_text_controller_v1_0_AXI.sv:253]
WARNING: [Synth 8-324] index 616 out of range [c:/Users/curti/OneDrive/Documents/UIUC/ECE-385/Vivado_Projects/lab7_1/lab7_1.gen/sources_1/bd/design_1/ipshared/34c3/src/hdmi_text_controller_v1_0_AXI.sv:253]
WARNING: [Synth 8-324] index 617 out of range [c:/Users/curti/OneDrive/Documents/UIUC/ECE-385/Vivado_Projects/lab7_1/lab7_1.gen/sources_1/bd/design_1/ipshared/34c3/src/hdmi_text_controller_v1_0_AXI.sv:253]
WARNING: [Synth 8-324] index 618 out of range [c:/Users/curti/OneDrive/Documents/UIUC/ECE-385/Vivado_Projects/lab7_1/lab7_1.gen/sources_1/bd/design_1/ipshared/34c3/src/hdmi_text_controller_v1_0_AXI.sv:253]
WARNING: [Synth 8-324] index 619 out of range [c:/Users/curti/OneDrive/Documents/UIUC/ECE-385/Vivado_Projects/lab7_1/lab7_1.gen/sources_1/bd/design_1/ipshared/34c3/src/hdmi_text_controller_v1_0_AXI.sv:253]
WARNING: [Synth 8-324] index 620 out of range [c:/Users/curti/OneDrive/Documents/UIUC/ECE-385/Vivado_Projects/lab7_1/lab7_1.gen/sources_1/bd/design_1/ipshared/34c3/src/hdmi_text_controller_v1_0_AXI.sv:253]
WARNING: [Synth 8-324] index 621 out of range [c:/Users/curti/OneDrive/Documents/UIUC/ECE-385/Vivado_Projects/lab7_1/lab7_1.gen/sources_1/bd/design_1/ipshared/34c3/src/hdmi_text_controller_v1_0_AXI.sv:253]
WARNING: [Synth 8-324] index 622 out of range [c:/Users/curti/OneDrive/Documents/UIUC/ECE-385/Vivado_Projects/lab7_1/lab7_1.gen/sources_1/bd/design_1/ipshared/34c3/src/hdmi_text_controller_v1_0_AXI.sv:253]
WARNING: [Synth 8-324] index 623 out of range [c:/Users/curti/OneDrive/Documents/UIUC/ECE-385/Vivado_Projects/lab7_1/lab7_1.gen/sources_1/bd/design_1/ipshared/34c3/src/hdmi_text_controller_v1_0_AXI.sv:253]
WARNING: [Synth 8-324] index 624 out of range [c:/Users/curti/OneDrive/Documents/UIUC/ECE-385/Vivado_Projects/lab7_1/lab7_1.gen/sources_1/bd/design_1/ipshared/34c3/src/hdmi_text_controller_v1_0_AXI.sv:253]
WARNING: [Synth 8-324] index 625 out of range [c:/Users/curti/OneDrive/Documents/UIUC/ECE-385/Vivado_Projects/lab7_1/lab7_1.gen/sources_1/bd/design_1/ipshared/34c3/src/hdmi_text_controller_v1_0_AXI.sv:253]
WARNING: [Synth 8-324] index 626 out of range [c:/Users/curti/OneDrive/Documents/UIUC/ECE-385/Vivado_Projects/lab7_1/lab7_1.gen/sources_1/bd/design_1/ipshared/34c3/src/hdmi_text_controller_v1_0_AXI.sv:253]
WARNING: [Synth 8-324] index 627 out of range [c:/Users/curti/OneDrive/Documents/UIUC/ECE-385/Vivado_Projects/lab7_1/lab7_1.gen/sources_1/bd/design_1/ipshared/34c3/src/hdmi_text_controller_v1_0_AXI.sv:253]
WARNING: [Synth 8-324] index 628 out of range [c:/Users/curti/OneDrive/Documents/UIUC/ECE-385/Vivado_Projects/lab7_1/lab7_1.gen/sources_1/bd/design_1/ipshared/34c3/src/hdmi_text_controller_v1_0_AXI.sv:253]
WARNING: [Synth 8-324] index 629 out of range [c:/Users/curti/OneDrive/Documents/UIUC/ECE-385/Vivado_Projects/lab7_1/lab7_1.gen/sources_1/bd/design_1/ipshared/34c3/src/hdmi_text_controller_v1_0_AXI.sv:253]
WARNING: [Synth 8-324] index 630 out of range [c:/Users/curti/OneDrive/Documents/UIUC/ECE-385/Vivado_Projects/lab7_1/lab7_1.gen/sources_1/bd/design_1/ipshared/34c3/src/hdmi_text_controller_v1_0_AXI.sv:253]
WARNING: [Synth 8-324] index 631 out of range [c:/Users/curti/OneDrive/Documents/UIUC/ECE-385/Vivado_Projects/lab7_1/lab7_1.gen/sources_1/bd/design_1/ipshared/34c3/src/hdmi_text_controller_v1_0_AXI.sv:253]
WARNING: [Synth 8-324] index 632 out of range [c:/Users/curti/OneDrive/Documents/UIUC/ECE-385/Vivado_Projects/lab7_1/lab7_1.gen/sources_1/bd/design_1/ipshared/34c3/src/hdmi_text_controller_v1_0_AXI.sv:253]
WARNING: [Synth 8-324] index 633 out of range [c:/Users/curti/OneDrive/Documents/UIUC/ECE-385/Vivado_Projects/lab7_1/lab7_1.gen/sources_1/bd/design_1/ipshared/34c3/src/hdmi_text_controller_v1_0_AXI.sv:253]
WARNING: [Synth 8-324] index 634 out of range [c:/Users/curti/OneDrive/Documents/UIUC/ECE-385/Vivado_Projects/lab7_1/lab7_1.gen/sources_1/bd/design_1/ipshared/34c3/src/hdmi_text_controller_v1_0_AXI.sv:253]
WARNING: [Synth 8-324] index 635 out of range [c:/Users/curti/OneDrive/Documents/UIUC/ECE-385/Vivado_Projects/lab7_1/lab7_1.gen/sources_1/bd/design_1/ipshared/34c3/src/hdmi_text_controller_v1_0_AXI.sv:253]
WARNING: [Synth 8-324] index 636 out of range [c:/Users/curti/OneDrive/Documents/UIUC/ECE-385/Vivado_Projects/lab7_1/lab7_1.gen/sources_1/bd/design_1/ipshared/34c3/src/hdmi_text_controller_v1_0_AXI.sv:253]
WARNING: [Synth 8-324] index 637 out of range [c:/Users/curti/OneDrive/Documents/UIUC/ECE-385/Vivado_Projects/lab7_1/lab7_1.gen/sources_1/bd/design_1/ipshared/34c3/src/hdmi_text_controller_v1_0_AXI.sv:253]
WARNING: [Synth 8-324] index 638 out of range [c:/Users/curti/OneDrive/Documents/UIUC/ECE-385/Vivado_Projects/lab7_1/lab7_1.gen/sources_1/bd/design_1/ipshared/34c3/src/hdmi_text_controller_v1_0_AXI.sv:253]
WARNING: [Synth 8-324] index 639 out of range [c:/Users/curti/OneDrive/Documents/UIUC/ECE-385/Vivado_Projects/lab7_1/lab7_1.gen/sources_1/bd/design_1/ipshared/34c3/src/hdmi_text_controller_v1_0_AXI.sv:253]
WARNING: [Synth 8-324] index 640 out of range [c:/Users/curti/OneDrive/Documents/UIUC/ECE-385/Vivado_Projects/lab7_1/lab7_1.gen/sources_1/bd/design_1/ipshared/34c3/src/hdmi_text_controller_v1_0_AXI.sv:253]
WARNING: [Synth 8-324] index 641 out of range [c:/Users/curti/OneDrive/Documents/UIUC/ECE-385/Vivado_Projects/lab7_1/lab7_1.gen/sources_1/bd/design_1/ipshared/34c3/src/hdmi_text_controller_v1_0_AXI.sv:253]
WARNING: [Synth 8-324] index 642 out of range [c:/Users/curti/OneDrive/Documents/UIUC/ECE-385/Vivado_Projects/lab7_1/lab7_1.gen/sources_1/bd/design_1/ipshared/34c3/src/hdmi_text_controller_v1_0_AXI.sv:253]
WARNING: [Synth 8-324] index 643 out of range [c:/Users/curti/OneDrive/Documents/UIUC/ECE-385/Vivado_Projects/lab7_1/lab7_1.gen/sources_1/bd/design_1/ipshared/34c3/src/hdmi_text_controller_v1_0_AXI.sv:253]
WARNING: [Synth 8-324] index 644 out of range [c:/Users/curti/OneDrive/Documents/UIUC/ECE-385/Vivado_Projects/lab7_1/lab7_1.gen/sources_1/bd/design_1/ipshared/34c3/src/hdmi_text_controller_v1_0_AXI.sv:253]
WARNING: [Synth 8-324] index 645 out of range [c:/Users/curti/OneDrive/Documents/UIUC/ECE-385/Vivado_Projects/lab7_1/lab7_1.gen/sources_1/bd/design_1/ipshared/34c3/src/hdmi_text_controller_v1_0_AXI.sv:253]
WARNING: [Synth 8-324] index 646 out of range [c:/Users/curti/OneDrive/Documents/UIUC/ECE-385/Vivado_Projects/lab7_1/lab7_1.gen/sources_1/bd/design_1/ipshared/34c3/src/hdmi_text_controller_v1_0_AXI.sv:253]
WARNING: [Synth 8-324] index 647 out of range [c:/Users/curti/OneDrive/Documents/UIUC/ECE-385/Vivado_Projects/lab7_1/lab7_1.gen/sources_1/bd/design_1/ipshared/34c3/src/hdmi_text_controller_v1_0_AXI.sv:253]
WARNING: [Synth 8-324] index 648 out of range [c:/Users/curti/OneDrive/Documents/UIUC/ECE-385/Vivado_Projects/lab7_1/lab7_1.gen/sources_1/bd/design_1/ipshared/34c3/src/hdmi_text_controller_v1_0_AXI.sv:253]
WARNING: [Synth 8-324] index 649 out of range [c:/Users/curti/OneDrive/Documents/UIUC/ECE-385/Vivado_Projects/lab7_1/lab7_1.gen/sources_1/bd/design_1/ipshared/34c3/src/hdmi_text_controller_v1_0_AXI.sv:253]
WARNING: [Synth 8-324] index 650 out of range [c:/Users/curti/OneDrive/Documents/UIUC/ECE-385/Vivado_Projects/lab7_1/lab7_1.gen/sources_1/bd/design_1/ipshared/34c3/src/hdmi_text_controller_v1_0_AXI.sv:253]
WARNING: [Synth 8-324] index 651 out of range [c:/Users/curti/OneDrive/Documents/UIUC/ECE-385/Vivado_Projects/lab7_1/lab7_1.gen/sources_1/bd/design_1/ipshared/34c3/src/hdmi_text_controller_v1_0_AXI.sv:253]
WARNING: [Synth 8-324] index 652 out of range [c:/Users/curti/OneDrive/Documents/UIUC/ECE-385/Vivado_Projects/lab7_1/lab7_1.gen/sources_1/bd/design_1/ipshared/34c3/src/hdmi_text_controller_v1_0_AXI.sv:253]
WARNING: [Synth 8-324] index 653 out of range [c:/Users/curti/OneDrive/Documents/UIUC/ECE-385/Vivado_Projects/lab7_1/lab7_1.gen/sources_1/bd/design_1/ipshared/34c3/src/hdmi_text_controller_v1_0_AXI.sv:253]
WARNING: [Synth 8-324] index 654 out of range [c:/Users/curti/OneDrive/Documents/UIUC/ECE-385/Vivado_Projects/lab7_1/lab7_1.gen/sources_1/bd/design_1/ipshared/34c3/src/hdmi_text_controller_v1_0_AXI.sv:253]
WARNING: [Synth 8-324] index 655 out of range [c:/Users/curti/OneDrive/Documents/UIUC/ECE-385/Vivado_Projects/lab7_1/lab7_1.gen/sources_1/bd/design_1/ipshared/34c3/src/hdmi_text_controller_v1_0_AXI.sv:253]
WARNING: [Synth 8-324] index 656 out of range [c:/Users/curti/OneDrive/Documents/UIUC/ECE-385/Vivado_Projects/lab7_1/lab7_1.gen/sources_1/bd/design_1/ipshared/34c3/src/hdmi_text_controller_v1_0_AXI.sv:253]
WARNING: [Synth 8-324] index 657 out of range [c:/Users/curti/OneDrive/Documents/UIUC/ECE-385/Vivado_Projects/lab7_1/lab7_1.gen/sources_1/bd/design_1/ipshared/34c3/src/hdmi_text_controller_v1_0_AXI.sv:253]
WARNING: [Synth 8-324] index 658 out of range [c:/Users/curti/OneDrive/Documents/UIUC/ECE-385/Vivado_Projects/lab7_1/lab7_1.gen/sources_1/bd/design_1/ipshared/34c3/src/hdmi_text_controller_v1_0_AXI.sv:253]
WARNING: [Synth 8-324] index 659 out of range [c:/Users/curti/OneDrive/Documents/UIUC/ECE-385/Vivado_Projects/lab7_1/lab7_1.gen/sources_1/bd/design_1/ipshared/34c3/src/hdmi_text_controller_v1_0_AXI.sv:253]
WARNING: [Synth 8-324] index 660 out of range [c:/Users/curti/OneDrive/Documents/UIUC/ECE-385/Vivado_Projects/lab7_1/lab7_1.gen/sources_1/bd/design_1/ipshared/34c3/src/hdmi_text_controller_v1_0_AXI.sv:253]
WARNING: [Synth 8-324] index 661 out of range [c:/Users/curti/OneDrive/Documents/UIUC/ECE-385/Vivado_Projects/lab7_1/lab7_1.gen/sources_1/bd/design_1/ipshared/34c3/src/hdmi_text_controller_v1_0_AXI.sv:253]
WARNING: [Synth 8-324] index 662 out of range [c:/Users/curti/OneDrive/Documents/UIUC/ECE-385/Vivado_Projects/lab7_1/lab7_1.gen/sources_1/bd/design_1/ipshared/34c3/src/hdmi_text_controller_v1_0_AXI.sv:253]
WARNING: [Synth 8-324] index 663 out of range [c:/Users/curti/OneDrive/Documents/UIUC/ECE-385/Vivado_Projects/lab7_1/lab7_1.gen/sources_1/bd/design_1/ipshared/34c3/src/hdmi_text_controller_v1_0_AXI.sv:253]
WARNING: [Synth 8-324] index 664 out of range [c:/Users/curti/OneDrive/Documents/UIUC/ECE-385/Vivado_Projects/lab7_1/lab7_1.gen/sources_1/bd/design_1/ipshared/34c3/src/hdmi_text_controller_v1_0_AXI.sv:253]
WARNING: [Synth 8-324] index 665 out of range [c:/Users/curti/OneDrive/Documents/UIUC/ECE-385/Vivado_Projects/lab7_1/lab7_1.gen/sources_1/bd/design_1/ipshared/34c3/src/hdmi_text_controller_v1_0_AXI.sv:253]
WARNING: [Synth 8-324] index 666 out of range [c:/Users/curti/OneDrive/Documents/UIUC/ECE-385/Vivado_Projects/lab7_1/lab7_1.gen/sources_1/bd/design_1/ipshared/34c3/src/hdmi_text_controller_v1_0_AXI.sv:253]
WARNING: [Synth 8-324] index 667 out of range [c:/Users/curti/OneDrive/Documents/UIUC/ECE-385/Vivado_Projects/lab7_1/lab7_1.gen/sources_1/bd/design_1/ipshared/34c3/src/hdmi_text_controller_v1_0_AXI.sv:253]
WARNING: [Synth 8-324] index 668 out of range [c:/Users/curti/OneDrive/Documents/UIUC/ECE-385/Vivado_Projects/lab7_1/lab7_1.gen/sources_1/bd/design_1/ipshared/34c3/src/hdmi_text_controller_v1_0_AXI.sv:253]
WARNING: [Synth 8-324] index 669 out of range [c:/Users/curti/OneDrive/Documents/UIUC/ECE-385/Vivado_Projects/lab7_1/lab7_1.gen/sources_1/bd/design_1/ipshared/34c3/src/hdmi_text_controller_v1_0_AXI.sv:253]
WARNING: [Synth 8-324] index 670 out of range [c:/Users/curti/OneDrive/Documents/UIUC/ECE-385/Vivado_Projects/lab7_1/lab7_1.gen/sources_1/bd/design_1/ipshared/34c3/src/hdmi_text_controller_v1_0_AXI.sv:253]
WARNING: [Synth 8-324] index 671 out of range [c:/Users/curti/OneDrive/Documents/UIUC/ECE-385/Vivado_Projects/lab7_1/lab7_1.gen/sources_1/bd/design_1/ipshared/34c3/src/hdmi_text_controller_v1_0_AXI.sv:253]
WARNING: [Synth 8-324] index 672 out of range [c:/Users/curti/OneDrive/Documents/UIUC/ECE-385/Vivado_Projects/lab7_1/lab7_1.gen/sources_1/bd/design_1/ipshared/34c3/src/hdmi_text_controller_v1_0_AXI.sv:253]
WARNING: [Synth 8-324] index 673 out of range [c:/Users/curti/OneDrive/Documents/UIUC/ECE-385/Vivado_Projects/lab7_1/lab7_1.gen/sources_1/bd/design_1/ipshared/34c3/src/hdmi_text_controller_v1_0_AXI.sv:253]
WARNING: [Synth 8-324] index 674 out of range [c:/Users/curti/OneDrive/Documents/UIUC/ECE-385/Vivado_Projects/lab7_1/lab7_1.gen/sources_1/bd/design_1/ipshared/34c3/src/hdmi_text_controller_v1_0_AXI.sv:253]
WARNING: [Synth 8-324] index 675 out of range [c:/Users/curti/OneDrive/Documents/UIUC/ECE-385/Vivado_Projects/lab7_1/lab7_1.gen/sources_1/bd/design_1/ipshared/34c3/src/hdmi_text_controller_v1_0_AXI.sv:253]
WARNING: [Synth 8-324] index 676 out of range [c:/Users/curti/OneDrive/Documents/UIUC/ECE-385/Vivado_Projects/lab7_1/lab7_1.gen/sources_1/bd/design_1/ipshared/34c3/src/hdmi_text_controller_v1_0_AXI.sv:253]
WARNING: [Synth 8-324] index 677 out of range [c:/Users/curti/OneDrive/Documents/UIUC/ECE-385/Vivado_Projects/lab7_1/lab7_1.gen/sources_1/bd/design_1/ipshared/34c3/src/hdmi_text_controller_v1_0_AXI.sv:253]
WARNING: [Synth 8-324] index 678 out of range [c:/Users/curti/OneDrive/Documents/UIUC/ECE-385/Vivado_Projects/lab7_1/lab7_1.gen/sources_1/bd/design_1/ipshared/34c3/src/hdmi_text_controller_v1_0_AXI.sv:253]
WARNING: [Synth 8-324] index 679 out of range [c:/Users/curti/OneDrive/Documents/UIUC/ECE-385/Vivado_Projects/lab7_1/lab7_1.gen/sources_1/bd/design_1/ipshared/34c3/src/hdmi_text_controller_v1_0_AXI.sv:253]
WARNING: [Synth 8-324] index 680 out of range [c:/Users/curti/OneDrive/Documents/UIUC/ECE-385/Vivado_Projects/lab7_1/lab7_1.gen/sources_1/bd/design_1/ipshared/34c3/src/hdmi_text_controller_v1_0_AXI.sv:253]
WARNING: [Synth 8-324] index 681 out of range [c:/Users/curti/OneDrive/Documents/UIUC/ECE-385/Vivado_Projects/lab7_1/lab7_1.gen/sources_1/bd/design_1/ipshared/34c3/src/hdmi_text_controller_v1_0_AXI.sv:253]
WARNING: [Synth 8-324] index 682 out of range [c:/Users/curti/OneDrive/Documents/UIUC/ECE-385/Vivado_Projects/lab7_1/lab7_1.gen/sources_1/bd/design_1/ipshared/34c3/src/hdmi_text_controller_v1_0_AXI.sv:253]
WARNING: [Synth 8-324] index 683 out of range [c:/Users/curti/OneDrive/Documents/UIUC/ECE-385/Vivado_Projects/lab7_1/lab7_1.gen/sources_1/bd/design_1/ipshared/34c3/src/hdmi_text_controller_v1_0_AXI.sv:253]
WARNING: [Synth 8-324] index 684 out of range [c:/Users/curti/OneDrive/Documents/UIUC/ECE-385/Vivado_Projects/lab7_1/lab7_1.gen/sources_1/bd/design_1/ipshared/34c3/src/hdmi_text_controller_v1_0_AXI.sv:253]
WARNING: [Synth 8-324] index 685 out of range [c:/Users/curti/OneDrive/Documents/UIUC/ECE-385/Vivado_Projects/lab7_1/lab7_1.gen/sources_1/bd/design_1/ipshared/34c3/src/hdmi_text_controller_v1_0_AXI.sv:253]
WARNING: [Synth 8-324] index 686 out of range [c:/Users/curti/OneDrive/Documents/UIUC/ECE-385/Vivado_Projects/lab7_1/lab7_1.gen/sources_1/bd/design_1/ipshared/34c3/src/hdmi_text_controller_v1_0_AXI.sv:253]
WARNING: [Synth 8-324] index 687 out of range [c:/Users/curti/OneDrive/Documents/UIUC/ECE-385/Vivado_Projects/lab7_1/lab7_1.gen/sources_1/bd/design_1/ipshared/34c3/src/hdmi_text_controller_v1_0_AXI.sv:253]
WARNING: [Synth 8-324] index 688 out of range [c:/Users/curti/OneDrive/Documents/UIUC/ECE-385/Vivado_Projects/lab7_1/lab7_1.gen/sources_1/bd/design_1/ipshared/34c3/src/hdmi_text_controller_v1_0_AXI.sv:253]
WARNING: [Synth 8-324] index 689 out of range [c:/Users/curti/OneDrive/Documents/UIUC/ECE-385/Vivado_Projects/lab7_1/lab7_1.gen/sources_1/bd/design_1/ipshared/34c3/src/hdmi_text_controller_v1_0_AXI.sv:253]
WARNING: [Synth 8-324] index 690 out of range [c:/Users/curti/OneDrive/Documents/UIUC/ECE-385/Vivado_Projects/lab7_1/lab7_1.gen/sources_1/bd/design_1/ipshared/34c3/src/hdmi_text_controller_v1_0_AXI.sv:253]
WARNING: [Synth 8-324] index 691 out of range [c:/Users/curti/OneDrive/Documents/UIUC/ECE-385/Vivado_Projects/lab7_1/lab7_1.gen/sources_1/bd/design_1/ipshared/34c3/src/hdmi_text_controller_v1_0_AXI.sv:253]
WARNING: [Synth 8-324] index 692 out of range [c:/Users/curti/OneDrive/Documents/UIUC/ECE-385/Vivado_Projects/lab7_1/lab7_1.gen/sources_1/bd/design_1/ipshared/34c3/src/hdmi_text_controller_v1_0_AXI.sv:253]
WARNING: [Synth 8-324] index 693 out of range [c:/Users/curti/OneDrive/Documents/UIUC/ECE-385/Vivado_Projects/lab7_1/lab7_1.gen/sources_1/bd/design_1/ipshared/34c3/src/hdmi_text_controller_v1_0_AXI.sv:253]
WARNING: [Synth 8-324] index 694 out of range [c:/Users/curti/OneDrive/Documents/UIUC/ECE-385/Vivado_Projects/lab7_1/lab7_1.gen/sources_1/bd/design_1/ipshared/34c3/src/hdmi_text_controller_v1_0_AXI.sv:253]
WARNING: [Synth 8-324] index 695 out of range [c:/Users/curti/OneDrive/Documents/UIUC/ECE-385/Vivado_Projects/lab7_1/lab7_1.gen/sources_1/bd/design_1/ipshared/34c3/src/hdmi_text_controller_v1_0_AXI.sv:253]
WARNING: [Synth 8-324] index 696 out of range [c:/Users/curti/OneDrive/Documents/UIUC/ECE-385/Vivado_Projects/lab7_1/lab7_1.gen/sources_1/bd/design_1/ipshared/34c3/src/hdmi_text_controller_v1_0_AXI.sv:253]
WARNING: [Synth 8-324] index 697 out of range [c:/Users/curti/OneDrive/Documents/UIUC/ECE-385/Vivado_Projects/lab7_1/lab7_1.gen/sources_1/bd/design_1/ipshared/34c3/src/hdmi_text_controller_v1_0_AXI.sv:253]
WARNING: [Synth 8-324] index 698 out of range [c:/Users/curti/OneDrive/Documents/UIUC/ECE-385/Vivado_Projects/lab7_1/lab7_1.gen/sources_1/bd/design_1/ipshared/34c3/src/hdmi_text_controller_v1_0_AXI.sv:253]
WARNING: [Synth 8-324] index 699 out of range [c:/Users/curti/OneDrive/Documents/UIUC/ECE-385/Vivado_Projects/lab7_1/lab7_1.gen/sources_1/bd/design_1/ipshared/34c3/src/hdmi_text_controller_v1_0_AXI.sv:253]
WARNING: [Synth 8-324] index 700 out of range [c:/Users/curti/OneDrive/Documents/UIUC/ECE-385/Vivado_Projects/lab7_1/lab7_1.gen/sources_1/bd/design_1/ipshared/34c3/src/hdmi_text_controller_v1_0_AXI.sv:253]
INFO: [Common 17-14] Message 'Synth 8-324' appears 100 times and further instances of the messages will be disabled. Use the Tcl command set_msg_config to change the current settings.
INFO: [Synth 8-6155] done synthesizing module 'hdmi_text_controller_v1_0_AXI' (0#1) [c:/Users/curti/OneDrive/Documents/UIUC/ECE-385/Vivado_Projects/lab7_1/lab7_1.gen/sources_1/bd/design_1/ipshared/34c3/src/hdmi_text_controller_v1_0_AXI.sv:28]
INFO: [Synth 8-6157] synthesizing module 'clk_wiz_0' [c:/Users/curti/OneDrive/Documents/UIUC/ECE-385/Vivado_Projects/lab7_1/lab7_1.gen/sources_1/bd/design_1/ip/design_1_hdmi_text_controller_0_1/src/clk_wiz_0_2/clk_wiz_0.v:69]
INFO: [Synth 8-6157] synthesizing module 'clk_wiz_0_clk_wiz' [c:/Users/curti/OneDrive/Documents/UIUC/ECE-385/Vivado_Projects/lab7_1/lab7_1.gen/sources_1/bd/design_1/ip/design_1_hdmi_text_controller_0_1/src/clk_wiz_0_2/clk_wiz_0_clk_wiz.v:69]
INFO: [Synth 8-6157] synthesizing module 'MMCME2_ADV' [C:/Xilinx/Vivado/2022.2/scripts/rt/data/unisim_comp.v:79852]
INFO: [Synth 8-6155] done synthesizing module 'MMCME2_ADV' (0#1) [C:/Xilinx/Vivado/2022.2/scripts/rt/data/unisim_comp.v:79852]
INFO: [Synth 8-6157] synthesizing module 'BUFG' [C:/Xilinx/Vivado/2022.2/scripts/rt/data/unisim_comp.v:1082]
INFO: [Synth 8-6155] done synthesizing module 'BUFG' (0#1) [C:/Xilinx/Vivado/2022.2/scripts/rt/data/unisim_comp.v:1082]
INFO: [Synth 8-6155] done synthesizing module 'clk_wiz_0_clk_wiz' (0#1) [c:/Users/curti/OneDrive/Documents/UIUC/ECE-385/Vivado_Projects/lab7_1/lab7_1.gen/sources_1/bd/design_1/ip/design_1_hdmi_text_controller_0_1/src/clk_wiz_0_2/clk_wiz_0_clk_wiz.v:69]
INFO: [Synth 8-6155] done synthesizing module 'clk_wiz_0' (0#1) [c:/Users/curti/OneDrive/Documents/UIUC/ECE-385/Vivado_Projects/lab7_1/lab7_1.gen/sources_1/bd/design_1/ip/design_1_hdmi_text_controller_0_1/src/clk_wiz_0_2/clk_wiz_0.v:69]
INFO: [Synth 8-6157] synthesizing module 'mini_mapper' [c:/Users/curti/OneDrive/Documents/UIUC/ECE-385/Vivado_Projects/lab7_1/lab7_1.gen/sources_1/bd/design_1/lab7_1/lab7_1_provided_fa24/mini_mapper.sv:23]
INFO: [Synth 8-6157] synthesizing module 'font_rom' [c:/Users/curti/OneDrive/Documents/UIUC/ECE-385/Vivado_Projects/lab7_1/lab7_1.gen/sources_1/bd/design_1/lab7_1/lab7_1_provided_fa24/font_rom.sv:1]
INFO: [Synth 8-6155] done synthesizing module 'font_rom' (0#1) [c:/Users/curti/OneDrive/Documents/UIUC/ECE-385/Vivado_Projects/lab7_1/lab7_1.gen/sources_1/bd/design_1/lab7_1/lab7_1_provided_fa24/font_rom.sv:1]
INFO: [Synth 8-6155] done synthesizing module 'mini_mapper' (0#1) [c:/Users/curti/OneDrive/Documents/UIUC/ECE-385/Vivado_Projects/lab7_1/lab7_1.gen/sources_1/bd/design_1/lab7_1/lab7_1_provided_fa24/mini_mapper.sv:23]
INFO: [Synth 8-6157] synthesizing module 'vga_controller' [c:/Users/curti/OneDrive/Documents/UIUC/ECE-385/Vivado_Projects/lab7_1/lab7_1.gen/sources_1/bd/design_1/lab7_1/lab7_1_provided_fa24/VGA_controller.sv:26]
INFO: [Synth 8-6155] done synthesizing module 'vga_controller' (0#1) [c:/Users/curti/OneDrive/Documents/UIUC/ECE-385/Vivado_Projects/lab7_1/lab7_1.gen/sources_1/bd/design_1/lab7_1/lab7_1_provided_fa24/VGA_controller.sv:26]
WARNING: [Synth 8-7071] port 'sync' of module 'vga_controller' is unconnected for instance 'vga' [c:/Users/curti/OneDrive/Documents/UIUC/ECE-385/Vivado_Projects/lab7_1/lab7_1.gen/sources_1/bd/design_1/ipshared/34c3/src/hdmi_text_controller_v1_0.sv:122]
WARNING: [Synth 8-7023] instance 'vga' of module 'vga_controller' has 8 connections declared, but only 7 given [c:/Users/curti/OneDrive/Documents/UIUC/ECE-385/Vivado_Projects/lab7_1/lab7_1.gen/sources_1/bd/design_1/ipshared/34c3/src/hdmi_text_controller_v1_0.sv:122]
INFO: [Synth 8-6157] synthesizing module 'hdmi_tx_0' [c:/Users/curti/OneDrive/Documents/UIUC/ECE-385/Vivado_Projects/lab7_1/lab7_1.gen/sources_1/bd/design_1/ip/design_1_hdmi_text_controller_0_1/src/hdmi_tx_0_2/synth/hdmi_tx_0.v:53]
INFO: [Synth 8-6157] synthesizing module 'hdmi_tx_v1_0' [c:/Users/curti/OneDrive/Documents/UIUC/ECE-385/Vivado_Projects/lab7_1/lab7_1.gen/sources_1/bd/design_1/ip/design_1_hdmi_text_controller_0_1/src/hdmi_tx_0_2/hdl/hdmi_tx_v1_0.v:70]
INFO: [Synth 8-6157] synthesizing module 'srldelay' [c:/Users/curti/OneDrive/Documents/UIUC/ECE-385/Vivado_Projects/lab7_1/lab7_1.gen/sources_1/bd/design_1/ip/design_1_hdmi_text_controller_0_1/src/hdmi_tx_0_2/hdl/srldelay.v:70]
INFO: [Synth 8-6157] synthesizing module 'SRL16E' [C:/Xilinx/Vivado/2022.2/scripts/rt/data/unisim_comp.v:131644]
INFO: [Synth 8-6155] done synthesizing module 'SRL16E' (0#1) [C:/Xilinx/Vivado/2022.2/scripts/rt/data/unisim_comp.v:131644]
INFO: [Synth 8-6155] done synthesizing module 'srldelay' (0#1) [c:/Users/curti/OneDrive/Documents/UIUC/ECE-385/Vivado_Projects/lab7_1/lab7_1.gen/sources_1/bd/design_1/ip/design_1_hdmi_text_controller_0_1/src/hdmi_tx_0_2/hdl/srldelay.v:70]
INFO: [Synth 8-6157] synthesizing module 'encode' [c:/Users/curti/OneDrive/Documents/UIUC/ECE-385/Vivado_Projects/lab7_1/lab7_1.gen/sources_1/bd/design_1/ip/design_1_hdmi_text_controller_0_1/src/hdmi_tx_0_2/hdl/encode.v:79]
INFO: [Synth 8-6155] done synthesizing module 'encode' (0#1) [c:/Users/curti/OneDrive/Documents/UIUC/ECE-385/Vivado_Projects/lab7_1/lab7_1.gen/sources_1/bd/design_1/ip/design_1_hdmi_text_controller_0_1/src/hdmi_tx_0_2/hdl/encode.v:79]
INFO: [Synth 8-6157] synthesizing module 'encode__parameterized0' [c:/Users/curti/OneDrive/Documents/UIUC/ECE-385/Vivado_Projects/lab7_1/lab7_1.gen/sources_1/bd/design_1/ip/design_1_hdmi_text_controller_0_1/src/hdmi_tx_0_2/hdl/encode.v:79]
INFO: [Synth 8-6155] done synthesizing module 'encode__parameterized0' (0#1) [c:/Users/curti/OneDrive/Documents/UIUC/ECE-385/Vivado_Projects/lab7_1/lab7_1.gen/sources_1/bd/design_1/ip/design_1_hdmi_text_controller_0_1/src/hdmi_tx_0_2/hdl/encode.v:79]
INFO: [Synth 8-6157] synthesizing module 'encode__parameterized1' [c:/Users/curti/OneDrive/Documents/UIUC/ECE-385/Vivado_Projects/lab7_1/lab7_1.gen/sources_1/bd/design_1/ip/design_1_hdmi_text_controller_0_1/src/hdmi_tx_0_2/hdl/encode.v:79]
INFO: [Synth 8-6155] done synthesizing module 'encode__parameterized1' (0#1) [c:/Users/curti/OneDrive/Documents/UIUC/ECE-385/Vivado_Projects/lab7_1/lab7_1.gen/sources_1/bd/design_1/ip/design_1_hdmi_text_controller_0_1/src/hdmi_tx_0_2/hdl/encode.v:79]
INFO: [Synth 8-6157] synthesizing module 'serdes_10_to_1' [c:/Users/curti/OneDrive/Documents/UIUC/ECE-385/Vivado_Projects/lab7_1/lab7_1.gen/sources_1/bd/design_1/ip/design_1_hdmi_text_controller_0_1/src/hdmi_tx_0_2/hdl/serdes_10_to_1.v:43]
INFO: [Synth 8-6157] synthesizing module 'OSERDESE2' [C:/Xilinx/Vivado/2022.2/scripts/rt/data/unisim_comp.v:94875]
INFO: [Synth 8-6155] done synthesizing module 'OSERDESE2' (0#1) [C:/Xilinx/Vivado/2022.2/scripts/rt/data/unisim_comp.v:94875]
INFO: [Synth 8-6157] synthesizing module 'OSERDESE2__parameterized0' [C:/Xilinx/Vivado/2022.2/scripts/rt/data/unisim_comp.v:94875]
INFO: [Synth 8-6155] done synthesizing module 'OSERDESE2__parameterized0' (0#1) [C:/Xilinx/Vivado/2022.2/scripts/rt/data/unisim_comp.v:94875]
INFO: [Synth 8-6155] done synthesizing module 'serdes_10_to_1' (0#1) [c:/Users/curti/OneDrive/Documents/UIUC/ECE-385/Vivado_Projects/lab7_1/lab7_1.gen/sources_1/bd/design_1/ip/design_1_hdmi_text_controller_0_1/src/hdmi_tx_0_2/hdl/serdes_10_to_1.v:43]
INFO: [Synth 8-6157] synthesizing module 'OBUFDS' [C:/Xilinx/Vivado/2022.2/scripts/rt/data/unisim_comp.v:90676]
INFO: [Synth 8-6155] done synthesizing module 'OBUFDS' (0#1) [C:/Xilinx/Vivado/2022.2/scripts/rt/data/unisim_comp.v:90676]
INFO: [Synth 8-6155] done synthesizing module 'hdmi_tx_v1_0' (0#1) [c:/Users/curti/OneDrive/Documents/UIUC/ECE-385/Vivado_Projects/lab7_1/lab7_1.gen/sources_1/bd/design_1/ip/design_1_hdmi_text_controller_0_1/src/hdmi_tx_0_2/hdl/hdmi_tx_v1_0.v:70]
INFO: [Synth 8-6155] done synthesizing module 'hdmi_tx_0' (0#1) [c:/Users/curti/OneDrive/Documents/UIUC/ECE-385/Vivado_Projects/lab7_1/lab7_1.gen/sources_1/bd/design_1/ip/design_1_hdmi_text_controller_0_1/src/hdmi_tx_0_2/synth/hdmi_tx_0.v:53]
INFO: [Synth 8-6155] done synthesizing module 'hdmi_text_controller_v1_0' (0#1) [c:/Users/curti/OneDrive/Documents/UIUC/ECE-385/Vivado_Projects/lab7_1/lab7_1.gen/sources_1/bd/design_1/ipshared/34c3/src/hdmi_text_controller_v1_0.sv:10]
INFO: [Synth 8-6155] done synthesizing module 'design_1_hdmi_text_controller_0_1' (0#1) [c:/Users/curti/OneDrive/Documents/UIUC/ECE-385/Vivado_Projects/lab7_1/lab7_1.gen/sources_1/bd/design_1/ip/design_1_hdmi_text_controller_0_1/synth/design_1_hdmi_text_controller_0_1.sv:53]

*** Running vivado
    with args -log design_1_hdmi_text_controller_0_1.vds -m64 -product Vivado -mode batch -messageDb vivado.pb -notrace -source design_1_hdmi_text_controller_0_1.tcl



****** Vivado v2022.2 (64-bit)
  **** SW Build 3671981 on Fri Oct 14 05:00:03 MDT 2022
  **** IP Build 3669848 on Fri Oct 14 08:30:02 MDT 2022
    ** Copyright 1986-2022 Xilinx, Inc. All Rights Reserved.

source design_1_hdmi_text_controller_0_1.tcl -notrace
INFO: [IP_Flow 19-234] Refreshing IP repositories
INFO: [IP_Flow 19-1700] Loaded user IP repository 'c:/Users/curti/OneDrive/Documents/UIUC/ECE-385/Vivado_Projects/ip_repo/hdmi_text_controller_1_0'.
WARNING: [IP_Flow 19-2207] Repository 'c:/Users/curti/OneDrive/Documents/UIUC/ECE-385/Vivado_Projects/ip_repo/hdmi_text_controller_1_0' already exists; ignoring attempt to add it again.
INFO: [IP_Flow 19-1700] Loaded user IP repository 'c:/Users/curti/OneDrive/Documents/UIUC/ECE-385/Vivado_Projects/ip_repo/hdmi_text_controller_1_0'.
INFO: [IP_Flow 19-1700] Loaded user IP repository 'c:/Users/curti/OneDrive/Documents/UIUC/ECE-385/Vivado_Projects/lab7_1/lab7_1_provided_fa24/hdmi_tx_1.0'.
INFO: [IP_Flow 19-2313] Loaded Vivado IP repository 'C:/Xilinx/Vivado/2022.2/data/ip'.
WARNING: [IP_Flow 19-4995] The host OS only allows 260 characters in a normal path. The IP cache path is more than 80 characters. If you experience issues with IP caching, please consider changing the IP cache to a location with a shorter path. Alternately consider using the OS subst command to map part of the path to a drive letter. 
Current IP cache path is c:/Users/curti/OneDrive/Documents/UIUC/ECE-385/Vivado_Projects/lab7_1/lab7_1.cache/ip 
INFO: [IP_Flow 19-6924] IPCACHE: Running cache check for IP inst: design_1_hdmi_text_controller_0_1
Command: synth_design -top design_1_hdmi_text_controller_0_1 -part xc7s50csga324-1 -incremental_mode off -mode out_of_context
Starting synth_design
Attempting to get a license for feature 'Synthesis' and/or device 'xc7s50'
INFO: [Common 17-349] Got license for feature 'Synthesis' and/or device 'xc7s50'
INFO: [Device 21-403] Loading part xc7s50csga324-1
INFO: [Synth 8-7079] Multithreading enabled for synth_design using a maximum of 2 processes.
INFO: [Synth 8-7078] Launching helper process for spawning children vivado processes
INFO: [Synth 8-7075] Helper process launched with PID 38872
INFO: [Synth 8-11241] undeclared symbol 'REGCCE', assumed default net type 'wire' [C:/Xilinx/Vivado/2022.2/data/verilog/src/unimacro/BRAM_SINGLE_MACRO.v:2170]
WARNING: [Synth 8-11121] redeclaration of ANSI port 'slv_regs' is not allowed [c:/Users/curti/OneDrive/Documents/UIUC/ECE-385/Vivado_Projects/lab7_1/lab7_1.gen/sources_1/bd/design_1/ipshared/34c3/src/hdmi_text_controller_v1_0_AXI.sv:138]
WARNING: [Synth 8-11065] parameter 'CTRLTOKEN0' becomes localparam in 'encode' with formal parameter declaration list [c:/Users/curti/OneDrive/Documents/UIUC/ECE-385/Vivado_Projects/lab7_1/lab7_1.gen/sources_1/bd/design_1/ip/design_1_hdmi_text_controller_0_1/src/hdmi_tx_0_2/hdl/encode.v:145]
WARNING: [Synth 8-11065] parameter 'CTRLTOKEN1' becomes localparam in 'encode' with formal parameter declaration list [c:/Users/curti/OneDrive/Documents/UIUC/ECE-385/Vivado_Projects/lab7_1/lab7_1.gen/sources_1/bd/design_1/ip/design_1_hdmi_text_controller_0_1/src/hdmi_tx_0_2/hdl/encode.v:146]
WARNING: [Synth 8-11065] parameter 'CTRLTOKEN2' becomes localparam in 'encode' with formal parameter declaration list [c:/Users/curti/OneDrive/Documents/UIUC/ECE-385/Vivado_Projects/lab7_1/lab7_1.gen/sources_1/bd/design_1/ip/design_1_hdmi_text_controller_0_1/src/hdmi_tx_0_2/hdl/encode.v:147]
WARNING: [Synth 8-11065] parameter 'CTRLTOKEN3' becomes localparam in 'encode' with formal parameter declaration list [c:/Users/curti/OneDrive/Documents/UIUC/ECE-385/Vivado_Projects/lab7_1/lab7_1.gen/sources_1/bd/design_1/ip/design_1_hdmi_text_controller_0_1/src/hdmi_tx_0_2/hdl/encode.v:148]
---------------------------------------------------------------------------------
Starting RTL Elaboration : Time (s): cpu = 00:00:03 ; elapsed = 00:00:04 . Memory (MB): peak = 1188.512 ; gain = 408.164
---------------------------------------------------------------------------------
INFO: [Synth 8-6157] synthesizing module 'design_1_hdmi_text_controller_0_1' [c:/Users/curti/OneDrive/Documents/UIUC/ECE-385/Vivado_Projects/lab7_1/lab7_1.gen/sources_1/bd/design_1/ip/design_1_hdmi_text_controller_0_1/synth/design_1_hdmi_text_controller_0_1.sv:53]
INFO: [Synth 8-6157] synthesizing module 'hdmi_text_controller_v1_0' [c:/Users/curti/OneDrive/Documents/UIUC/ECE-385/Vivado_Projects/lab7_1/lab7_1.gen/sources_1/bd/design_1/ipshared/34c3/src/hdmi_text_controller_v1_0.sv:10]
INFO: [Synth 8-6157] synthesizing module 'hdmi_text_controller_v1_0_AXI' [c:/Users/curti/OneDrive/Documents/UIUC/ECE-385/Vivado_Projects/lab7_1/lab7_1.gen/sources_1/bd/design_1/ipshared/34c3/src/hdmi_text_controller_v1_0_AXI.sv:28]
WARNING: [Synth 8-6104] Input port 'slv_regs' has an internal driver [c:/Users/curti/OneDrive/Documents/UIUC/ECE-385/Vivado_Projects/lab7_1/lab7_1.gen/sources_1/bd/design_1/ipshared/34c3/src/hdmi_text_controller_v1_0_AXI.sv:253]
WARNING: [Synth 8-6104] Input port 'slv_regs' has an internal driver [c:/Users/curti/OneDrive/Documents/UIUC/ECE-385/Vivado_Projects/lab7_1/lab7_1.gen/sources_1/bd/design_1/ipshared/34c3/src/hdmi_text_controller_v1_0_AXI.sv:253]
WARNING: [Synth 8-6104] Input port 'slv_regs' has an internal driver [c:/Users/curti/OneDrive/Documents/UIUC/ECE-385/Vivado_Projects/lab7_1/lab7_1.gen/sources_1/bd/design_1/ipshared/34c3/src/hdmi_text_controller_v1_0_AXI.sv:253]
WARNING: [Synth 8-6104] Input port 'slv_regs' has an internal driver [c:/Users/curti/OneDrive/Documents/UIUC/ECE-385/Vivado_Projects/lab7_1/lab7_1.gen/sources_1/bd/design_1/ipshared/34c3/src/hdmi_text_controller_v1_0_AXI.sv:253]
WARNING: [Synth 8-6104] Input port 'slv_regs' has an internal driver [c:/Users/curti/OneDrive/Documents/UIUC/ECE-385/Vivado_Projects/lab7_1/lab7_1.gen/sources_1/bd/design_1/ipshared/34c3/src/hdmi_text_controller_v1_0_AXI.sv:253]
WARNING: [Synth 8-6104] Input port 'slv_regs' has an internal driver [c:/Users/curti/OneDrive/Documents/UIUC/ECE-385/Vivado_Projects/lab7_1/lab7_1.gen/sources_1/bd/design_1/ipshared/34c3/src/hdmi_text_controller_v1_0_AXI.sv:253]
WARNING: [Synth 8-6104] Input port 'slv_regs' has an internal driver [c:/Users/curti/OneDrive/Documents/UIUC/ECE-385/Vivado_Projects/lab7_1/lab7_1.gen/sources_1/bd/design_1/ipshared/34c3/src/hdmi_text_controller_v1_0_AXI.sv:253]
WARNING: [Synth 8-6104] Input port 'slv_regs' has an internal driver [c:/Users/curti/OneDrive/Documents/UIUC/ECE-385/Vivado_Projects/lab7_1/lab7_1.gen/sources_1/bd/design_1/ipshared/34c3/src/hdmi_text_controller_v1_0_AXI.sv:253]
WARNING: [Synth 8-6104] Input port 'slv_regs' has an internal driver [c:/Users/curti/OneDrive/Documents/UIUC/ECE-385/Vivado_Projects/lab7_1/lab7_1.gen/sources_1/bd/design_1/ipshared/34c3/src/hdmi_text_controller_v1_0_AXI.sv:253]
WARNING: [Synth 8-6104] Input port 'slv_regs' has an internal driver [c:/Users/curti/OneDrive/Documents/UIUC/ECE-385/Vivado_Projects/lab7_1/lab7_1.gen/sources_1/bd/design_1/ipshared/34c3/src/hdmi_text_controller_v1_0_AXI.sv:253]
WARNING: [Synth 8-6104] Input port 'slv_regs' has an internal driver [c:/Users/curti/OneDrive/Documents/UIUC/ECE-385/Vivado_Projects/lab7_1/lab7_1.gen/sources_1/bd/design_1/ipshared/34c3/src/hdmi_text_controller_v1_0_AXI.sv:253]
WARNING: [Synth 8-6104] Input port 'slv_regs' has an internal driver [c:/Users/curti/OneDrive/Documents/UIUC/ECE-385/Vivado_Projects/lab7_1/lab7_1.gen/sources_1/bd/design_1/ipshared/34c3/src/hdmi_text_controller_v1_0_AXI.sv:253]
WARNING: [Synth 8-6104] Input port 'slv_regs' has an internal driver [c:/Users/curti/OneDrive/Documents/UIUC/ECE-385/Vivado_Projects/lab7_1/lab7_1.gen/sources_1/bd/design_1/ipshared/34c3/src/hdmi_text_controller_v1_0_AXI.sv:253]
WARNING: [Synth 8-6104] Input port 'slv_regs' has an internal driver [c:/Users/curti/OneDrive/Documents/UIUC/ECE-385/Vivado_Projects/lab7_1/lab7_1.gen/sources_1/bd/design_1/ipshared/34c3/src/hdmi_text_controller_v1_0_AXI.sv:253]
WARNING: [Synth 8-6104] Input port 'slv_regs' has an internal driver [c:/Users/curti/OneDrive/Documents/UIUC/ECE-385/Vivado_Projects/lab7_1/lab7_1.gen/sources_1/bd/design_1/ipshared/34c3/src/hdmi_text_controller_v1_0_AXI.sv:253]
WARNING: [Synth 8-6104] Input port 'slv_regs' has an internal driver [c:/Users/curti/OneDrive/Documents/UIUC/ECE-385/Vivado_Projects/lab7_1/lab7_1.gen/sources_1/bd/design_1/ipshared/34c3/src/hdmi_text_controller_v1_0_AXI.sv:253]
WARNING: [Synth 8-6104] Input port 'slv_regs' has an internal driver [c:/Users/curti/OneDrive/Documents/UIUC/ECE-385/Vivado_Projects/lab7_1/lab7_1.gen/sources_1/bd/design_1/ipshared/34c3/src/hdmi_text_controller_v1_0_AXI.sv:253]
WARNING: [Synth 8-6104] Input port 'slv_regs' has an internal driver [c:/Users/curti/OneDrive/Documents/UIUC/ECE-385/Vivado_Projects/lab7_1/lab7_1.gen/sources_1/bd/design_1/ipshared/34c3/src/hdmi_text_controller_v1_0_AXI.sv:253]
WARNING: [Synth 8-6104] Input port 'slv_regs' has an internal driver [c:/Users/curti/OneDrive/Documents/UIUC/ECE-385/Vivado_Projects/lab7_1/lab7_1.gen/sources_1/bd/design_1/ipshared/34c3/src/hdmi_text_controller_v1_0_AXI.sv:253]
WARNING: [Synth 8-6104] Input port 'slv_regs' has an internal driver [c:/Users/curti/OneDrive/Documents/UIUC/ECE-385/Vivado_Projects/lab7_1/lab7_1.gen/sources_1/bd/design_1/ipshared/34c3/src/hdmi_text_controller_v1_0_AXI.sv:253]
WARNING: [Synth 8-6104] Input port 'slv_regs' has an internal driver [c:/Users/curti/OneDrive/Documents/UIUC/ECE-385/Vivado_Projects/lab7_1/lab7_1.gen/sources_1/bd/design_1/ipshared/34c3/src/hdmi_text_controller_v1_0_AXI.sv:253]
WARNING: [Synth 8-6104] Input port 'slv_regs' has an internal driver [c:/Users/curti/OneDrive/Documents/UIUC/ECE-385/Vivado_Projects/lab7_1/lab7_1.gen/sources_1/bd/design_1/ipshared/34c3/src/hdmi_text_controller_v1_0_AXI.sv:253]
WARNING: [Synth 8-6104] Input port 'slv_regs' has an internal driver [c:/Users/curti/OneDrive/Documents/UIUC/ECE-385/Vivado_Projects/lab7_1/lab7_1.gen/sources_1/bd/design_1/ipshared/34c3/src/hdmi_text_controller_v1_0_AXI.sv:253]
WARNING: [Synth 8-6104] Input port 'slv_regs' has an internal driver [c:/Users/curti/OneDrive/Documents/UIUC/ECE-385/Vivado_Projects/lab7_1/lab7_1.gen/sources_1/bd/design_1/ipshared/34c3/src/hdmi_text_controller_v1_0_AXI.sv:253]
WARNING: [Synth 8-6104] Input port 'slv_regs' has an internal driver [c:/Users/curti/OneDrive/Documents/UIUC/ECE-385/Vivado_Projects/lab7_1/lab7_1.gen/sources_1/bd/design_1/ipshared/34c3/src/hdmi_text_controller_v1_0_AXI.sv:253]
WARNING: [Synth 8-6104] Input port 'slv_regs' has an internal driver [c:/Users/curti/OneDrive/Documents/UIUC/ECE-385/Vivado_Projects/lab7_1/lab7_1.gen/sources_1/bd/design_1/ipshared/34c3/src/hdmi_text_controller_v1_0_AXI.sv:253]
WARNING: [Synth 8-6104] Input port 'slv_regs' has an internal driver [c:/Users/curti/OneDrive/Documents/UIUC/ECE-385/Vivado_Projects/lab7_1/lab7_1.gen/sources_1/bd/design_1/ipshared/34c3/src/hdmi_text_controller_v1_0_AXI.sv:253]
WARNING: [Synth 8-6104] Input port 'slv_regs' has an internal driver [c:/Users/curti/OneDrive/Documents/UIUC/ECE-385/Vivado_Projects/lab7_1/lab7_1.gen/sources_1/bd/design_1/ipshared/34c3/src/hdmi_text_controller_v1_0_AXI.sv:253]
WARNING: [Synth 8-6104] Input port 'slv_regs' has an internal driver [c:/Users/curti/OneDrive/Documents/UIUC/ECE-385/Vivado_Projects/lab7_1/lab7_1.gen/sources_1/bd/design_1/ipshared/34c3/src/hdmi_text_controller_v1_0_AXI.sv:253]
WARNING: [Synth 8-6104] Input port 'slv_regs' has an internal driver [c:/Users/curti/OneDrive/Documents/UIUC/ECE-385/Vivado_Projects/lab7_1/lab7_1.gen/sources_1/bd/design_1/ipshared/34c3/src/hdmi_text_controller_v1_0_AXI.sv:253]
WARNING: [Synth 8-6104] Input port 'slv_regs' has an internal driver [c:/Users/curti/OneDrive/Documents/UIUC/ECE-385/Vivado_Projects/lab7_1/lab7_1.gen/sources_1/bd/design_1/ipshared/34c3/src/hdmi_text_controller_v1_0_AXI.sv:253]
WARNING: [Synth 8-6104] Input port 'slv_regs' has an internal driver [c:/Users/curti/OneDrive/Documents/UIUC/ECE-385/Vivado_Projects/lab7_1/lab7_1.gen/sources_1/bd/design_1/ipshared/34c3/src/hdmi_text_controller_v1_0_AXI.sv:253]
WARNING: [Synth 8-6104] Input port 'slv_regs' has an internal driver [c:/Users/curti/OneDrive/Documents/UIUC/ECE-385/Vivado_Projects/lab7_1/lab7_1.gen/sources_1/bd/design_1/ipshared/34c3/src/hdmi_text_controller_v1_0_AXI.sv:253]
WARNING: [Synth 8-6104] Input port 'slv_regs' has an internal driver [c:/Users/curti/OneDrive/Documents/UIUC/ECE-385/Vivado_Projects/lab7_1/lab7_1.gen/sources_1/bd/design_1/ipshared/34c3/src/hdmi_text_controller_v1_0_AXI.sv:253]
WARNING: [Synth 8-6104] Input port 'slv_regs' has an internal driver [c:/Users/curti/OneDrive/Documents/UIUC/ECE-385/Vivado_Projects/lab7_1/lab7_1.gen/sources_1/bd/design_1/ipshared/34c3/src/hdmi_text_controller_v1_0_AXI.sv:253]
WARNING: [Synth 8-6104] Input port 'slv_regs' has an internal driver [c:/Users/curti/OneDrive/Documents/UIUC/ECE-385/Vivado_Projects/lab7_1/lab7_1.gen/sources_1/bd/design_1/ipshared/34c3/src/hdmi_text_controller_v1_0_AXI.sv:253]
WARNING: [Synth 8-6104] Input port 'slv_regs' has an internal driver [c:/Users/curti/OneDrive/Documents/UIUC/ECE-385/Vivado_Projects/lab7_1/lab7_1.gen/sources_1/bd/design_1/ipshared/34c3/src/hdmi_text_controller_v1_0_AXI.sv:253]
WARNING: [Synth 8-6104] Input port 'slv_regs' has an internal driver [c:/Users/curti/OneDrive/Documents/UIUC/ECE-385/Vivado_Projects/lab7_1/lab7_1.gen/sources_1/bd/design_1/ipshared/34c3/src/hdmi_text_controller_v1_0_AXI.sv:253]
WARNING: [Synth 8-6104] Input port 'slv_regs' has an internal driver [c:/Users/curti/OneDrive/Documents/UIUC/ECE-385/Vivado_Projects/lab7_1/lab7_1.gen/sources_1/bd/design_1/ipshared/34c3/src/hdmi_text_controller_v1_0_AXI.sv:253]
WARNING: [Synth 8-6104] Input port 'slv_regs' has an internal driver [c:/Users/curti/OneDrive/Documents/UIUC/ECE-385/Vivado_Projects/lab7_1/lab7_1.gen/sources_1/bd/design_1/ipshared/34c3/src/hdmi_text_controller_v1_0_AXI.sv:253]
WARNING: [Synth 8-6104] Input port 'slv_regs' has an internal driver [c:/Users/curti/OneDrive/Documents/UIUC/ECE-385/Vivado_Projects/lab7_1/lab7_1.gen/sources_1/bd/design_1/ipshared/34c3/src/hdmi_text_controller_v1_0_AXI.sv:253]
WARNING: [Synth 8-6104] Input port 'slv_regs' has an internal driver [c:/Users/curti/OneDrive/Documents/UIUC/ECE-385/Vivado_Projects/lab7_1/lab7_1.gen/sources_1/bd/design_1/ipshared/34c3/src/hdmi_text_controller_v1_0_AXI.sv:253]
WARNING: [Synth 8-6104] Input port 'slv_regs' has an internal driver [c:/Users/curti/OneDrive/Documents/UIUC/ECE-385/Vivado_Projects/lab7_1/lab7_1.gen/sources_1/bd/design_1/ipshared/34c3/src/hdmi_text_controller_v1_0_AXI.sv:253]
WARNING: [Synth 8-6104] Input port 'slv_regs' has an internal driver [c:/Users/curti/OneDrive/Documents/UIUC/ECE-385/Vivado_Projects/lab7_1/lab7_1.gen/sources_1/bd/design_1/ipshared/34c3/src/hdmi_text_controller_v1_0_AXI.sv:253]
WARNING: [Synth 8-6104] Input port 'slv_regs' has an internal driver [c:/Users/curti/OneDrive/Documents/UIUC/ECE-385/Vivado_Projects/lab7_1/lab7_1.gen/sources_1/bd/design_1/ipshared/34c3/src/hdmi_text_controller_v1_0_AXI.sv:253]
WARNING: [Synth 8-6104] Input port 'slv_regs' has an internal driver [c:/Users/curti/OneDrive/Documents/UIUC/ECE-385/Vivado_Projects/lab7_1/lab7_1.gen/sources_1/bd/design_1/ipshared/34c3/src/hdmi_text_controller_v1_0_AXI.sv:253]
WARNING: [Synth 8-6104] Input port 'slv_regs' has an internal driver [c:/Users/curti/OneDrive/Documents/UIUC/ECE-385/Vivado_Projects/lab7_1/lab7_1.gen/sources_1/bd/design_1/ipshared/34c3/src/hdmi_text_controller_v1_0_AXI.sv:253]
WARNING: [Synth 8-6104] Input port 'slv_regs' has an internal driver [c:/Users/curti/OneDrive/Documents/UIUC/ECE-385/Vivado_Projects/lab7_1/lab7_1.gen/sources_1/bd/design_1/ipshared/34c3/src/hdmi_text_controller_v1_0_AXI.sv:253]
WARNING: [Synth 8-6104] Input port 'slv_regs' has an internal driver [c:/Users/curti/OneDrive/Documents/UIUC/ECE-385/Vivado_Projects/lab7_1/lab7_1.gen/sources_1/bd/design_1/ipshared/34c3/src/hdmi_text_controller_v1_0_AXI.sv:253]
WARNING: [Synth 8-6104] Input port 'slv_regs' has an internal driver [c:/Users/curti/OneDrive/Documents/UIUC/ECE-385/Vivado_Projects/lab7_1/lab7_1.gen/sources_1/bd/design_1/ipshared/34c3/src/hdmi_text_controller_v1_0_AXI.sv:253]
WARNING: [Synth 8-6104] Input port 'slv_regs' has an internal driver [c:/Users/curti/OneDrive/Documents/UIUC/ECE-385/Vivado_Projects/lab7_1/lab7_1.gen/sources_1/bd/design_1/ipshared/34c3/src/hdmi_text_controller_v1_0_AXI.sv:253]
WARNING: [Synth 8-6104] Input port 'slv_regs' has an internal driver [c:/Users/curti/OneDrive/Documents/UIUC/ECE-385/Vivado_Projects/lab7_1/lab7_1.gen/sources_1/bd/design_1/ipshared/34c3/src/hdmi_text_controller_v1_0_AXI.sv:253]
WARNING: [Synth 8-6104] Input port 'slv_regs' has an internal driver [c:/Users/curti/OneDrive/Documents/UIUC/ECE-385/Vivado_Projects/lab7_1/lab7_1.gen/sources_1/bd/design_1/ipshared/34c3/src/hdmi_text_controller_v1_0_AXI.sv:253]
WARNING: [Synth 8-6104] Input port 'slv_regs' has an internal driver [c:/Users/curti/OneDrive/Documents/UIUC/ECE-385/Vivado_Projects/lab7_1/lab7_1.gen/sources_1/bd/design_1/ipshared/34c3/src/hdmi_text_controller_v1_0_AXI.sv:253]
WARNING: [Synth 8-6104] Input port 'slv_regs' has an internal driver [c:/Users/curti/OneDrive/Documents/UIUC/ECE-385/Vivado_Projects/lab7_1/lab7_1.gen/sources_1/bd/design_1/ipshared/34c3/src/hdmi_text_controller_v1_0_AXI.sv:253]
WARNING: [Synth 8-6104] Input port 'slv_regs' has an internal driver [c:/Users/curti/OneDrive/Documents/UIUC/ECE-385/Vivado_Projects/lab7_1/lab7_1.gen/sources_1/bd/design_1/ipshared/34c3/src/hdmi_text_controller_v1_0_AXI.sv:253]
WARNING: [Synth 8-6104] Input port 'slv_regs' has an internal driver [c:/Users/curti/OneDrive/Documents/UIUC/ECE-385/Vivado_Projects/lab7_1/lab7_1.gen/sources_1/bd/design_1/ipshared/34c3/src/hdmi_text_controller_v1_0_AXI.sv:253]
WARNING: [Synth 8-6104] Input port 'slv_regs' has an internal driver [c:/Users/curti/OneDrive/Documents/UIUC/ECE-385/Vivado_Projects/lab7_1/lab7_1.gen/sources_1/bd/design_1/ipshared/34c3/src/hdmi_text_controller_v1_0_AXI.sv:253]
WARNING: [Synth 8-6104] Input port 'slv_regs' has an internal driver [c:/Users/curti/OneDrive/Documents/UIUC/ECE-385/Vivado_Projects/lab7_1/lab7_1.gen/sources_1/bd/design_1/ipshared/34c3/src/hdmi_text_controller_v1_0_AXI.sv:253]
WARNING: [Synth 8-6104] Input port 'slv_regs' has an internal driver [c:/Users/curti/OneDrive/Documents/UIUC/ECE-385/Vivado_Projects/lab7_1/lab7_1.gen/sources_1/bd/design_1/ipshared/34c3/src/hdmi_text_controller_v1_0_AXI.sv:253]
WARNING: [Synth 8-6104] Input port 'slv_regs' has an internal driver [c:/Users/curti/OneDrive/Documents/UIUC/ECE-385/Vivado_Projects/lab7_1/lab7_1.gen/sources_1/bd/design_1/ipshared/34c3/src/hdmi_text_controller_v1_0_AXI.sv:253]
WARNING: [Synth 8-6104] Input port 'slv_regs' has an internal driver [c:/Users/curti/OneDrive/Documents/UIUC/ECE-385/Vivado_Projects/lab7_1/lab7_1.gen/sources_1/bd/design_1/ipshared/34c3/src/hdmi_text_controller_v1_0_AXI.sv:253]
WARNING: [Synth 8-6104] Input port 'slv_regs' has an internal driver [c:/Users/curti/OneDrive/Documents/UIUC/ECE-385/Vivado_Projects/lab7_1/lab7_1.gen/sources_1/bd/design_1/ipshared/34c3/src/hdmi_text_controller_v1_0_AXI.sv:253]
WARNING: [Synth 8-6104] Input port 'slv_regs' has an internal driver [c:/Users/curti/OneDrive/Documents/UIUC/ECE-385/Vivado_Projects/lab7_1/lab7_1.gen/sources_1/bd/design_1/ipshared/34c3/src/hdmi_text_controller_v1_0_AXI.sv:253]
WARNING: [Synth 8-6104] Input port 'slv_regs' has an internal driver [c:/Users/curti/OneDrive/Documents/UIUC/ECE-385/Vivado_Projects/lab7_1/lab7_1.gen/sources_1/bd/design_1/ipshared/34c3/src/hdmi_text_controller_v1_0_AXI.sv:253]
WARNING: [Synth 8-6104] Input port 'slv_regs' has an internal driver [c:/Users/curti/OneDrive/Documents/UIUC/ECE-385/Vivado_Projects/lab7_1/lab7_1.gen/sources_1/bd/design_1/ipshared/34c3/src/hdmi_text_controller_v1_0_AXI.sv:253]
WARNING: [Synth 8-6104] Input port 'slv_regs' has an internal driver [c:/Users/curti/OneDrive/Documents/UIUC/ECE-385/Vivado_Projects/lab7_1/lab7_1.gen/sources_1/bd/design_1/ipshared/34c3/src/hdmi_text_controller_v1_0_AXI.sv:253]
WARNING: [Synth 8-6104] Input port 'slv_regs' has an internal driver [c:/Users/curti/OneDrive/Documents/UIUC/ECE-385/Vivado_Projects/lab7_1/lab7_1.gen/sources_1/bd/design_1/ipshared/34c3/src/hdmi_text_controller_v1_0_AXI.sv:253]
WARNING: [Synth 8-6104] Input port 'slv_regs' has an internal driver [c:/Users/curti/OneDrive/Documents/UIUC/ECE-385/Vivado_Projects/lab7_1/lab7_1.gen/sources_1/bd/design_1/ipshared/34c3/src/hdmi_text_controller_v1_0_AXI.sv:253]
WARNING: [Synth 8-6104] Input port 'slv_regs' has an internal driver [c:/Users/curti/OneDrive/Documents/UIUC/ECE-385/Vivado_Projects/lab7_1/lab7_1.gen/sources_1/bd/design_1/ipshared/34c3/src/hdmi_text_controller_v1_0_AXI.sv:253]
WARNING: [Synth 8-6104] Input port 'slv_regs' has an internal driver [c:/Users/curti/OneDrive/Documents/UIUC/ECE-385/Vivado_Projects/lab7_1/lab7_1.gen/sources_1/bd/design_1/ipshared/34c3/src/hdmi_text_controller_v1_0_AXI.sv:253]
WARNING: [Synth 8-6104] Input port 'slv_regs' has an internal driver [c:/Users/curti/OneDrive/Documents/UIUC/ECE-385/Vivado_Projects/lab7_1/lab7_1.gen/sources_1/bd/design_1/ipshared/34c3/src/hdmi_text_controller_v1_0_AXI.sv:253]
WARNING: [Synth 8-6104] Input port 'slv_regs' has an internal driver [c:/Users/curti/OneDrive/Documents/UIUC/ECE-385/Vivado_Projects/lab7_1/lab7_1.gen/sources_1/bd/design_1/ipshared/34c3/src/hdmi_text_controller_v1_0_AXI.sv:253]
WARNING: [Synth 8-6104] Input port 'slv_regs' has an internal driver [c:/Users/curti/OneDrive/Documents/UIUC/ECE-385/Vivado_Projects/lab7_1/lab7_1.gen/sources_1/bd/design_1/ipshared/34c3/src/hdmi_text_controller_v1_0_AXI.sv:253]
WARNING: [Synth 8-6104] Input port 'slv_regs' has an internal driver [c:/Users/curti/OneDrive/Documents/UIUC/ECE-385/Vivado_Projects/lab7_1/lab7_1.gen/sources_1/bd/design_1/ipshared/34c3/src/hdmi_text_controller_v1_0_AXI.sv:253]
WARNING: [Synth 8-6104] Input port 'slv_regs' has an internal driver [c:/Users/curti/OneDrive/Documents/UIUC/ECE-385/Vivado_Projects/lab7_1/lab7_1.gen/sources_1/bd/design_1/ipshared/34c3/src/hdmi_text_controller_v1_0_AXI.sv:253]
WARNING: [Synth 8-6104] Input port 'slv_regs' has an internal driver [c:/Users/curti/OneDrive/Documents/UIUC/ECE-385/Vivado_Projects/lab7_1/lab7_1.gen/sources_1/bd/design_1/ipshared/34c3/src/hdmi_text_controller_v1_0_AXI.sv:253]
WARNING: [Synth 8-6104] Input port 'slv_regs' has an internal driver [c:/Users/curti/OneDrive/Documents/UIUC/ECE-385/Vivado_Projects/lab7_1/lab7_1.gen/sources_1/bd/design_1/ipshared/34c3/src/hdmi_text_controller_v1_0_AXI.sv:253]
WARNING: [Synth 8-6104] Input port 'slv_regs' has an internal driver [c:/Users/curti/OneDrive/Documents/UIUC/ECE-385/Vivado_Projects/lab7_1/lab7_1.gen/sources_1/bd/design_1/ipshared/34c3/src/hdmi_text_controller_v1_0_AXI.sv:253]
WARNING: [Synth 8-6104] Input port 'slv_regs' has an internal driver [c:/Users/curti/OneDrive/Documents/UIUC/ECE-385/Vivado_Projects/lab7_1/lab7_1.gen/sources_1/bd/design_1/ipshared/34c3/src/hdmi_text_controller_v1_0_AXI.sv:253]
WARNING: [Synth 8-6104] Input port 'slv_regs' has an internal driver [c:/Users/curti/OneDrive/Documents/UIUC/ECE-385/Vivado_Projects/lab7_1/lab7_1.gen/sources_1/bd/design_1/ipshared/34c3/src/hdmi_text_controller_v1_0_AXI.sv:253]
WARNING: [Synth 8-6104] Input port 'slv_regs' has an internal driver [c:/Users/curti/OneDrive/Documents/UIUC/ECE-385/Vivado_Projects/lab7_1/lab7_1.gen/sources_1/bd/design_1/ipshared/34c3/src/hdmi_text_controller_v1_0_AXI.sv:253]
WARNING: [Synth 8-6104] Input port 'slv_regs' has an internal driver [c:/Users/curti/OneDrive/Documents/UIUC/ECE-385/Vivado_Projects/lab7_1/lab7_1.gen/sources_1/bd/design_1/ipshared/34c3/src/hdmi_text_controller_v1_0_AXI.sv:253]
WARNING: [Synth 8-6104] Input port 'slv_regs' has an internal driver [c:/Users/curti/OneDrive/Documents/UIUC/ECE-385/Vivado_Projects/lab7_1/lab7_1.gen/sources_1/bd/design_1/ipshared/34c3/src/hdmi_text_controller_v1_0_AXI.sv:253]
WARNING: [Synth 8-6104] Input port 'slv_regs' has an internal driver [c:/Users/curti/OneDrive/Documents/UIUC/ECE-385/Vivado_Projects/lab7_1/lab7_1.gen/sources_1/bd/design_1/ipshared/34c3/src/hdmi_text_controller_v1_0_AXI.sv:253]
WARNING: [Synth 8-6104] Input port 'slv_regs' has an internal driver [c:/Users/curti/OneDrive/Documents/UIUC/ECE-385/Vivado_Projects/lab7_1/lab7_1.gen/sources_1/bd/design_1/ipshared/34c3/src/hdmi_text_controller_v1_0_AXI.sv:253]
WARNING: [Synth 8-6104] Input port 'slv_regs' has an internal driver [c:/Users/curti/OneDrive/Documents/UIUC/ECE-385/Vivado_Projects/lab7_1/lab7_1.gen/sources_1/bd/design_1/ipshared/34c3/src/hdmi_text_controller_v1_0_AXI.sv:253]
WARNING: [Synth 8-6104] Input port 'slv_regs' has an internal driver [c:/Users/curti/OneDrive/Documents/UIUC/ECE-385/Vivado_Projects/lab7_1/lab7_1.gen/sources_1/bd/design_1/ipshared/34c3/src/hdmi_text_controller_v1_0_AXI.sv:253]
WARNING: [Synth 8-6104] Input port 'slv_regs' has an internal driver [c:/Users/curti/OneDrive/Documents/UIUC/ECE-385/Vivado_Projects/lab7_1/lab7_1.gen/sources_1/bd/design_1/ipshared/34c3/src/hdmi_text_controller_v1_0_AXI.sv:253]
WARNING: [Synth 8-6104] Input port 'slv_regs' has an internal driver [c:/Users/curti/OneDrive/Documents/UIUC/ECE-385/Vivado_Projects/lab7_1/lab7_1.gen/sources_1/bd/design_1/ipshared/34c3/src/hdmi_text_controller_v1_0_AXI.sv:253]
WARNING: [Synth 8-6104] Input port 'slv_regs' has an internal driver [c:/Users/curti/OneDrive/Documents/UIUC/ECE-385/Vivado_Projects/lab7_1/lab7_1.gen/sources_1/bd/design_1/ipshared/34c3/src/hdmi_text_controller_v1_0_AXI.sv:253]
WARNING: [Synth 8-6104] Input port 'slv_regs' has an internal driver [c:/Users/curti/OneDrive/Documents/UIUC/ECE-385/Vivado_Projects/lab7_1/lab7_1.gen/sources_1/bd/design_1/ipshared/34c3/src/hdmi_text_controller_v1_0_AXI.sv:253]
WARNING: [Synth 8-6104] Input port 'slv_regs' has an internal driver [c:/Users/curti/OneDrive/Documents/UIUC/ECE-385/Vivado_Projects/lab7_1/lab7_1.gen/sources_1/bd/design_1/ipshared/34c3/src/hdmi_text_controller_v1_0_AXI.sv:253]
WARNING: [Synth 8-6104] Input port 'slv_regs' has an internal driver [c:/Users/curti/OneDrive/Documents/UIUC/ECE-385/Vivado_Projects/lab7_1/lab7_1.gen/sources_1/bd/design_1/ipshared/34c3/src/hdmi_text_controller_v1_0_AXI.sv:253]
WARNING: [Synth 8-6104] Input port 'slv_regs' has an internal driver [c:/Users/curti/OneDrive/Documents/UIUC/ECE-385/Vivado_Projects/lab7_1/lab7_1.gen/sources_1/bd/design_1/ipshared/34c3/src/hdmi_text_controller_v1_0_AXI.sv:253]
WARNING: [Synth 8-6104] Input port 'slv_regs' has an internal driver [c:/Users/curti/OneDrive/Documents/UIUC/ECE-385/Vivado_Projects/lab7_1/lab7_1.gen/sources_1/bd/design_1/ipshared/34c3/src/hdmi_text_controller_v1_0_AXI.sv:253]
WARNING: [Synth 8-6104] Input port 'slv_regs' has an internal driver [c:/Users/curti/OneDrive/Documents/UIUC/ECE-385/Vivado_Projects/lab7_1/lab7_1.gen/sources_1/bd/design_1/ipshared/34c3/src/hdmi_text_controller_v1_0_AXI.sv:253]
WARNING: [Synth 8-6104] Input port 'slv_regs' has an internal driver [c:/Users/curti/OneDrive/Documents/UIUC/ECE-385/Vivado_Projects/lab7_1/lab7_1.gen/sources_1/bd/design_1/ipshared/34c3/src/hdmi_text_controller_v1_0_AXI.sv:253]
WARNING: [Synth 8-6104] Input port 'slv_regs' has an internal driver [c:/Users/curti/OneDrive/Documents/UIUC/ECE-385/Vivado_Projects/lab7_1/lab7_1.gen/sources_1/bd/design_1/ipshared/34c3/src/hdmi_text_controller_v1_0_AXI.sv:253]
WARNING: [Synth 8-6104] Input port 'slv_regs' has an internal driver [c:/Users/curti/OneDrive/Documents/UIUC/ECE-385/Vivado_Projects/lab7_1/lab7_1.gen/sources_1/bd/design_1/ipshared/34c3/src/hdmi_text_controller_v1_0_AXI.sv:253]
INFO: [Common 17-14] Message 'Synth 8-6104' appears 100 times and further instances of the messages will be disabled. Use the Tcl command set_msg_config to change the current settings.
WARNING: [Synth 8-324] index 601 out of range [c:/Users/curti/OneDrive/Documents/UIUC/ECE-385/Vivado_Projects/lab7_1/lab7_1.gen/sources_1/bd/design_1/ipshared/34c3/src/hdmi_text_controller_v1_0_AXI.sv:253]
WARNING: [Synth 8-324] index 602 out of range [c:/Users/curti/OneDrive/Documents/UIUC/ECE-385/Vivado_Projects/lab7_1/lab7_1.gen/sources_1/bd/design_1/ipshared/34c3/src/hdmi_text_controller_v1_0_AXI.sv:253]
WARNING: [Synth 8-324] index 603 out of range [c:/Users/curti/OneDrive/Documents/UIUC/ECE-385/Vivado_Projects/lab7_1/lab7_1.gen/sources_1/bd/design_1/ipshared/34c3/src/hdmi_text_controller_v1_0_AXI.sv:253]
WARNING: [Synth 8-324] index 604 out of range [c:/Users/curti/OneDrive/Documents/UIUC/ECE-385/Vivado_Projects/lab7_1/lab7_1.gen/sources_1/bd/design_1/ipshared/34c3/src/hdmi_text_controller_v1_0_AXI.sv:253]
WARNING: [Synth 8-324] index 605 out of range [c:/Users/curti/OneDrive/Documents/UIUC/ECE-385/Vivado_Projects/lab7_1/lab7_1.gen/sources_1/bd/design_1/ipshared/34c3/src/hdmi_text_controller_v1_0_AXI.sv:253]
WARNING: [Synth 8-324] index 606 out of range [c:/Users/curti/OneDrive/Documents/UIUC/ECE-385/Vivado_Projects/lab7_1/lab7_1.gen/sources_1/bd/design_1/ipshared/34c3/src/hdmi_text_controller_v1_0_AXI.sv:253]
WARNING: [Synth 8-324] index 607 out of range [c:/Users/curti/OneDrive/Documents/UIUC/ECE-385/Vivado_Projects/lab7_1/lab7_1.gen/sources_1/bd/design_1/ipshared/34c3/src/hdmi_text_controller_v1_0_AXI.sv:253]
WARNING: [Synth 8-324] index 608 out of range [c:/Users/curti/OneDrive/Documents/UIUC/ECE-385/Vivado_Projects/lab7_1/lab7_1.gen/sources_1/bd/design_1/ipshared/34c3/src/hdmi_text_controller_v1_0_AXI.sv:253]
WARNING: [Synth 8-324] index 609 out of range [c:/Users/curti/OneDrive/Documents/UIUC/ECE-385/Vivado_Projects/lab7_1/lab7_1.gen/sources_1/bd/design_1/ipshared/34c3/src/hdmi_text_controller_v1_0_AXI.sv:253]
WARNING: [Synth 8-324] index 610 out of range [c:/Users/curti/OneDrive/Documents/UIUC/ECE-385/Vivado_Projects/lab7_1/lab7_1.gen/sources_1/bd/design_1/ipshared/34c3/src/hdmi_text_controller_v1_0_AXI.sv:253]
WARNING: [Synth 8-324] index 611 out of range [c:/Users/curti/OneDrive/Documents/UIUC/ECE-385/Vivado_Projects/lab7_1/lab7_1.gen/sources_1/bd/design_1/ipshared/34c3/src/hdmi_text_controller_v1_0_AXI.sv:253]
WARNING: [Synth 8-324] index 612 out of range [c:/Users/curti/OneDrive/Documents/UIUC/ECE-385/Vivado_Projects/lab7_1/lab7_1.gen/sources_1/bd/design_1/ipshared/34c3/src/hdmi_text_controller_v1_0_AXI.sv:253]
WARNING: [Synth 8-324] index 613 out of range [c:/Users/curti/OneDrive/Documents/UIUC/ECE-385/Vivado_Projects/lab7_1/lab7_1.gen/sources_1/bd/design_1/ipshared/34c3/src/hdmi_text_controller_v1_0_AXI.sv:253]
WARNING: [Synth 8-324] index 614 out of range [c:/Users/curti/OneDrive/Documents/UIUC/ECE-385/Vivado_Projects/lab7_1/lab7_1.gen/sources_1/bd/design_1/ipshared/34c3/src/hdmi_text_controller_v1_0_AXI.sv:253]
WARNING: [Synth 8-324] index 615 out of range [c:/Users/curti/OneDrive/Documents/UIUC/ECE-385/Vivado_Projects/lab7_1/lab7_1.gen/sources_1/bd/design_1/ipshared/34c3/src/hdmi_text_controller_v1_0_AXI.sv:253]
WARNING: [Synth 8-324] index 616 out of range [c:/Users/curti/OneDrive/Documents/UIUC/ECE-385/Vivado_Projects/lab7_1/lab7_1.gen/sources_1/bd/design_1/ipshared/34c3/src/hdmi_text_controller_v1_0_AXI.sv:253]
WARNING: [Synth 8-324] index 617 out of range [c:/Users/curti/OneDrive/Documents/UIUC/ECE-385/Vivado_Projects/lab7_1/lab7_1.gen/sources_1/bd/design_1/ipshared/34c3/src/hdmi_text_controller_v1_0_AXI.sv:253]
WARNING: [Synth 8-324] index 618 out of range [c:/Users/curti/OneDrive/Documents/UIUC/ECE-385/Vivado_Projects/lab7_1/lab7_1.gen/sources_1/bd/design_1/ipshared/34c3/src/hdmi_text_controller_v1_0_AXI.sv:253]
WARNING: [Synth 8-324] index 619 out of range [c:/Users/curti/OneDrive/Documents/UIUC/ECE-385/Vivado_Projects/lab7_1/lab7_1.gen/sources_1/bd/design_1/ipshared/34c3/src/hdmi_text_controller_v1_0_AXI.sv:253]
WARNING: [Synth 8-324] index 620 out of range [c:/Users/curti/OneDrive/Documents/UIUC/ECE-385/Vivado_Projects/lab7_1/lab7_1.gen/sources_1/bd/design_1/ipshared/34c3/src/hdmi_text_controller_v1_0_AXI.sv:253]
WARNING: [Synth 8-324] index 621 out of range [c:/Users/curti/OneDrive/Documents/UIUC/ECE-385/Vivado_Projects/lab7_1/lab7_1.gen/sources_1/bd/design_1/ipshared/34c3/src/hdmi_text_controller_v1_0_AXI.sv:253]
WARNING: [Synth 8-324] index 622 out of range [c:/Users/curti/OneDrive/Documents/UIUC/ECE-385/Vivado_Projects/lab7_1/lab7_1.gen/sources_1/bd/design_1/ipshared/34c3/src/hdmi_text_controller_v1_0_AXI.sv:253]
WARNING: [Synth 8-324] index 623 out of range [c:/Users/curti/OneDrive/Documents/UIUC/ECE-385/Vivado_Projects/lab7_1/lab7_1.gen/sources_1/bd/design_1/ipshared/34c3/src/hdmi_text_controller_v1_0_AXI.sv:253]
WARNING: [Synth 8-324] index 624 out of range [c:/Users/curti/OneDrive/Documents/UIUC/ECE-385/Vivado_Projects/lab7_1/lab7_1.gen/sources_1/bd/design_1/ipshared/34c3/src/hdmi_text_controller_v1_0_AXI.sv:253]
WARNING: [Synth 8-324] index 625 out of range [c:/Users/curti/OneDrive/Documents/UIUC/ECE-385/Vivado_Projects/lab7_1/lab7_1.gen/sources_1/bd/design_1/ipshared/34c3/src/hdmi_text_controller_v1_0_AXI.sv:253]
WARNING: [Synth 8-324] index 626 out of range [c:/Users/curti/OneDrive/Documents/UIUC/ECE-385/Vivado_Projects/lab7_1/lab7_1.gen/sources_1/bd/design_1/ipshared/34c3/src/hdmi_text_controller_v1_0_AXI.sv:253]
WARNING: [Synth 8-324] index 627 out of range [c:/Users/curti/OneDrive/Documents/UIUC/ECE-385/Vivado_Projects/lab7_1/lab7_1.gen/sources_1/bd/design_1/ipshared/34c3/src/hdmi_text_controller_v1_0_AXI.sv:253]
WARNING: [Synth 8-324] index 628 out of range [c:/Users/curti/OneDrive/Documents/UIUC/ECE-385/Vivado_Projects/lab7_1/lab7_1.gen/sources_1/bd/design_1/ipshared/34c3/src/hdmi_text_controller_v1_0_AXI.sv:253]
WARNING: [Synth 8-324] index 629 out of range [c:/Users/curti/OneDrive/Documents/UIUC/ECE-385/Vivado_Projects/lab7_1/lab7_1.gen/sources_1/bd/design_1/ipshared/34c3/src/hdmi_text_controller_v1_0_AXI.sv:253]
WARNING: [Synth 8-324] index 630 out of range [c:/Users/curti/OneDrive/Documents/UIUC/ECE-385/Vivado_Projects/lab7_1/lab7_1.gen/sources_1/bd/design_1/ipshared/34c3/src/hdmi_text_controller_v1_0_AXI.sv:253]
WARNING: [Synth 8-324] index 631 out of range [c:/Users/curti/OneDrive/Documents/UIUC/ECE-385/Vivado_Projects/lab7_1/lab7_1.gen/sources_1/bd/design_1/ipshared/34c3/src/hdmi_text_controller_v1_0_AXI.sv:253]
WARNING: [Synth 8-324] index 632 out of range [c:/Users/curti/OneDrive/Documents/UIUC/ECE-385/Vivado_Projects/lab7_1/lab7_1.gen/sources_1/bd/design_1/ipshared/34c3/src/hdmi_text_controller_v1_0_AXI.sv:253]
WARNING: [Synth 8-324] index 633 out of range [c:/Users/curti/OneDrive/Documents/UIUC/ECE-385/Vivado_Projects/lab7_1/lab7_1.gen/sources_1/bd/design_1/ipshared/34c3/src/hdmi_text_controller_v1_0_AXI.sv:253]
WARNING: [Synth 8-324] index 634 out of range [c:/Users/curti/OneDrive/Documents/UIUC/ECE-385/Vivado_Projects/lab7_1/lab7_1.gen/sources_1/bd/design_1/ipshared/34c3/src/hdmi_text_controller_v1_0_AXI.sv:253]
WARNING: [Synth 8-324] index 635 out of range [c:/Users/curti/OneDrive/Documents/UIUC/ECE-385/Vivado_Projects/lab7_1/lab7_1.gen/sources_1/bd/design_1/ipshared/34c3/src/hdmi_text_controller_v1_0_AXI.sv:253]
WARNING: [Synth 8-324] index 636 out of range [c:/Users/curti/OneDrive/Documents/UIUC/ECE-385/Vivado_Projects/lab7_1/lab7_1.gen/sources_1/bd/design_1/ipshared/34c3/src/hdmi_text_controller_v1_0_AXI.sv:253]
WARNING: [Synth 8-324] index 637 out of range [c:/Users/curti/OneDrive/Documents/UIUC/ECE-385/Vivado_Projects/lab7_1/lab7_1.gen/sources_1/bd/design_1/ipshared/34c3/src/hdmi_text_controller_v1_0_AXI.sv:253]
WARNING: [Synth 8-324] index 638 out of range [c:/Users/curti/OneDrive/Documents/UIUC/ECE-385/Vivado_Projects/lab7_1/lab7_1.gen/sources_1/bd/design_1/ipshared/34c3/src/hdmi_text_controller_v1_0_AXI.sv:253]
WARNING: [Synth 8-324] index 639 out of range [c:/Users/curti/OneDrive/Documents/UIUC/ECE-385/Vivado_Projects/lab7_1/lab7_1.gen/sources_1/bd/design_1/ipshared/34c3/src/hdmi_text_controller_v1_0_AXI.sv:253]
WARNING: [Synth 8-324] index 640 out of range [c:/Users/curti/OneDrive/Documents/UIUC/ECE-385/Vivado_Projects/lab7_1/lab7_1.gen/sources_1/bd/design_1/ipshared/34c3/src/hdmi_text_controller_v1_0_AXI.sv:253]
WARNING: [Synth 8-324] index 641 out of range [c:/Users/curti/OneDrive/Documents/UIUC/ECE-385/Vivado_Projects/lab7_1/lab7_1.gen/sources_1/bd/design_1/ipshared/34c3/src/hdmi_text_controller_v1_0_AXI.sv:253]
WARNING: [Synth 8-324] index 642 out of range [c:/Users/curti/OneDrive/Documents/UIUC/ECE-385/Vivado_Projects/lab7_1/lab7_1.gen/sources_1/bd/design_1/ipshared/34c3/src/hdmi_text_controller_v1_0_AXI.sv:253]
WARNING: [Synth 8-324] index 643 out of range [c:/Users/curti/OneDrive/Documents/UIUC/ECE-385/Vivado_Projects/lab7_1/lab7_1.gen/sources_1/bd/design_1/ipshared/34c3/src/hdmi_text_controller_v1_0_AXI.sv:253]
WARNING: [Synth 8-324] index 644 out of range [c:/Users/curti/OneDrive/Documents/UIUC/ECE-385/Vivado_Projects/lab7_1/lab7_1.gen/sources_1/bd/design_1/ipshared/34c3/src/hdmi_text_controller_v1_0_AXI.sv:253]
WARNING: [Synth 8-324] index 645 out of range [c:/Users/curti/OneDrive/Documents/UIUC/ECE-385/Vivado_Projects/lab7_1/lab7_1.gen/sources_1/bd/design_1/ipshared/34c3/src/hdmi_text_controller_v1_0_AXI.sv:253]
WARNING: [Synth 8-324] index 646 out of range [c:/Users/curti/OneDrive/Documents/UIUC/ECE-385/Vivado_Projects/lab7_1/lab7_1.gen/sources_1/bd/design_1/ipshared/34c3/src/hdmi_text_controller_v1_0_AXI.sv:253]
WARNING: [Synth 8-324] index 647 out of range [c:/Users/curti/OneDrive/Documents/UIUC/ECE-385/Vivado_Projects/lab7_1/lab7_1.gen/sources_1/bd/design_1/ipshared/34c3/src/hdmi_text_controller_v1_0_AXI.sv:253]
WARNING: [Synth 8-324] index 648 out of range [c:/Users/curti/OneDrive/Documents/UIUC/ECE-385/Vivado_Projects/lab7_1/lab7_1.gen/sources_1/bd/design_1/ipshared/34c3/src/hdmi_text_controller_v1_0_AXI.sv:253]
WARNING: [Synth 8-324] index 649 out of range [c:/Users/curti/OneDrive/Documents/UIUC/ECE-385/Vivado_Projects/lab7_1/lab7_1.gen/sources_1/bd/design_1/ipshared/34c3/src/hdmi_text_controller_v1_0_AXI.sv:253]
WARNING: [Synth 8-324] index 650 out of range [c:/Users/curti/OneDrive/Documents/UIUC/ECE-385/Vivado_Projects/lab7_1/lab7_1.gen/sources_1/bd/design_1/ipshared/34c3/src/hdmi_text_controller_v1_0_AXI.sv:253]
WARNING: [Synth 8-324] index 651 out of range [c:/Users/curti/OneDrive/Documents/UIUC/ECE-385/Vivado_Projects/lab7_1/lab7_1.gen/sources_1/bd/design_1/ipshared/34c3/src/hdmi_text_controller_v1_0_AXI.sv:253]
WARNING: [Synth 8-324] index 652 out of range [c:/Users/curti/OneDrive/Documents/UIUC/ECE-385/Vivado_Projects/lab7_1/lab7_1.gen/sources_1/bd/design_1/ipshared/34c3/src/hdmi_text_controller_v1_0_AXI.sv:253]
WARNING: [Synth 8-324] index 653 out of range [c:/Users/curti/OneDrive/Documents/UIUC/ECE-385/Vivado_Projects/lab7_1/lab7_1.gen/sources_1/bd/design_1/ipshared/34c3/src/hdmi_text_controller_v1_0_AXI.sv:253]
WARNING: [Synth 8-324] index 654 out of range [c:/Users/curti/OneDrive/Documents/UIUC/ECE-385/Vivado_Projects/lab7_1/lab7_1.gen/sources_1/bd/design_1/ipshared/34c3/src/hdmi_text_controller_v1_0_AXI.sv:253]
WARNING: [Synth 8-324] index 655 out of range [c:/Users/curti/OneDrive/Documents/UIUC/ECE-385/Vivado_Projects/lab7_1/lab7_1.gen/sources_1/bd/design_1/ipshared/34c3/src/hdmi_text_controller_v1_0_AXI.sv:253]
WARNING: [Synth 8-324] index 656 out of range [c:/Users/curti/OneDrive/Documents/UIUC/ECE-385/Vivado_Projects/lab7_1/lab7_1.gen/sources_1/bd/design_1/ipshared/34c3/src/hdmi_text_controller_v1_0_AXI.sv:253]
WARNING: [Synth 8-324] index 657 out of range [c:/Users/curti/OneDrive/Documents/UIUC/ECE-385/Vivado_Projects/lab7_1/lab7_1.gen/sources_1/bd/design_1/ipshared/34c3/src/hdmi_text_controller_v1_0_AXI.sv:253]
WARNING: [Synth 8-324] index 658 out of range [c:/Users/curti/OneDrive/Documents/UIUC/ECE-385/Vivado_Projects/lab7_1/lab7_1.gen/sources_1/bd/design_1/ipshared/34c3/src/hdmi_text_controller_v1_0_AXI.sv:253]
WARNING: [Synth 8-324] index 659 out of range [c:/Users/curti/OneDrive/Documents/UIUC/ECE-385/Vivado_Projects/lab7_1/lab7_1.gen/sources_1/bd/design_1/ipshared/34c3/src/hdmi_text_controller_v1_0_AXI.sv:253]
WARNING: [Synth 8-324] index 660 out of range [c:/Users/curti/OneDrive/Documents/UIUC/ECE-385/Vivado_Projects/lab7_1/lab7_1.gen/sources_1/bd/design_1/ipshared/34c3/src/hdmi_text_controller_v1_0_AXI.sv:253]
WARNING: [Synth 8-324] index 661 out of range [c:/Users/curti/OneDrive/Documents/UIUC/ECE-385/Vivado_Projects/lab7_1/lab7_1.gen/sources_1/bd/design_1/ipshared/34c3/src/hdmi_text_controller_v1_0_AXI.sv:253]
WARNING: [Synth 8-324] index 662 out of range [c:/Users/curti/OneDrive/Documents/UIUC/ECE-385/Vivado_Projects/lab7_1/lab7_1.gen/sources_1/bd/design_1/ipshared/34c3/src/hdmi_text_controller_v1_0_AXI.sv:253]
WARNING: [Synth 8-324] index 663 out of range [c:/Users/curti/OneDrive/Documents/UIUC/ECE-385/Vivado_Projects/lab7_1/lab7_1.gen/sources_1/bd/design_1/ipshared/34c3/src/hdmi_text_controller_v1_0_AXI.sv:253]
WARNING: [Synth 8-324] index 664 out of range [c:/Users/curti/OneDrive/Documents/UIUC/ECE-385/Vivado_Projects/lab7_1/lab7_1.gen/sources_1/bd/design_1/ipshared/34c3/src/hdmi_text_controller_v1_0_AXI.sv:253]
WARNING: [Synth 8-324] index 665 out of range [c:/Users/curti/OneDrive/Documents/UIUC/ECE-385/Vivado_Projects/lab7_1/lab7_1.gen/sources_1/bd/design_1/ipshared/34c3/src/hdmi_text_controller_v1_0_AXI.sv:253]
WARNING: [Synth 8-324] index 666 out of range [c:/Users/curti/OneDrive/Documents/UIUC/ECE-385/Vivado_Projects/lab7_1/lab7_1.gen/sources_1/bd/design_1/ipshared/34c3/src/hdmi_text_controller_v1_0_AXI.sv:253]
WARNING: [Synth 8-324] index 667 out of range [c:/Users/curti/OneDrive/Documents/UIUC/ECE-385/Vivado_Projects/lab7_1/lab7_1.gen/sources_1/bd/design_1/ipshared/34c3/src/hdmi_text_controller_v1_0_AXI.sv:253]
WARNING: [Synth 8-324] index 668 out of range [c:/Users/curti/OneDrive/Documents/UIUC/ECE-385/Vivado_Projects/lab7_1/lab7_1.gen/sources_1/bd/design_1/ipshared/34c3/src/hdmi_text_controller_v1_0_AXI.sv:253]
WARNING: [Synth 8-324] index 669 out of range [c:/Users/curti/OneDrive/Documents/UIUC/ECE-385/Vivado_Projects/lab7_1/lab7_1.gen/sources_1/bd/design_1/ipshared/34c3/src/hdmi_text_controller_v1_0_AXI.sv:253]
WARNING: [Synth 8-324] index 670 out of range [c:/Users/curti/OneDrive/Documents/UIUC/ECE-385/Vivado_Projects/lab7_1/lab7_1.gen/sources_1/bd/design_1/ipshared/34c3/src/hdmi_text_controller_v1_0_AXI.sv:253]
WARNING: [Synth 8-324] index 671 out of range [c:/Users/curti/OneDrive/Documents/UIUC/ECE-385/Vivado_Projects/lab7_1/lab7_1.gen/sources_1/bd/design_1/ipshared/34c3/src/hdmi_text_controller_v1_0_AXI.sv:253]
WARNING: [Synth 8-324] index 672 out of range [c:/Users/curti/OneDrive/Documents/UIUC/ECE-385/Vivado_Projects/lab7_1/lab7_1.gen/sources_1/bd/design_1/ipshared/34c3/src/hdmi_text_controller_v1_0_AXI.sv:253]
WARNING: [Synth 8-324] index 673 out of range [c:/Users/curti/OneDrive/Documents/UIUC/ECE-385/Vivado_Projects/lab7_1/lab7_1.gen/sources_1/bd/design_1/ipshared/34c3/src/hdmi_text_controller_v1_0_AXI.sv:253]
WARNING: [Synth 8-324] index 674 out of range [c:/Users/curti/OneDrive/Documents/UIUC/ECE-385/Vivado_Projects/lab7_1/lab7_1.gen/sources_1/bd/design_1/ipshared/34c3/src/hdmi_text_controller_v1_0_AXI.sv:253]
WARNING: [Synth 8-324] index 675 out of range [c:/Users/curti/OneDrive/Documents/UIUC/ECE-385/Vivado_Projects/lab7_1/lab7_1.gen/sources_1/bd/design_1/ipshared/34c3/src/hdmi_text_controller_v1_0_AXI.sv:253]
WARNING: [Synth 8-324] index 676 out of range [c:/Users/curti/OneDrive/Documents/UIUC/ECE-385/Vivado_Projects/lab7_1/lab7_1.gen/sources_1/bd/design_1/ipshared/34c3/src/hdmi_text_controller_v1_0_AXI.sv:253]
WARNING: [Synth 8-324] index 677 out of range [c:/Users/curti/OneDrive/Documents/UIUC/ECE-385/Vivado_Projects/lab7_1/lab7_1.gen/sources_1/bd/design_1/ipshared/34c3/src/hdmi_text_controller_v1_0_AXI.sv:253]
WARNING: [Synth 8-324] index 678 out of range [c:/Users/curti/OneDrive/Documents/UIUC/ECE-385/Vivado_Projects/lab7_1/lab7_1.gen/sources_1/bd/design_1/ipshared/34c3/src/hdmi_text_controller_v1_0_AXI.sv:253]
WARNING: [Synth 8-324] index 679 out of range [c:/Users/curti/OneDrive/Documents/UIUC/ECE-385/Vivado_Projects/lab7_1/lab7_1.gen/sources_1/bd/design_1/ipshared/34c3/src/hdmi_text_controller_v1_0_AXI.sv:253]
WARNING: [Synth 8-324] index 680 out of range [c:/Users/curti/OneDrive/Documents/UIUC/ECE-385/Vivado_Projects/lab7_1/lab7_1.gen/sources_1/bd/design_1/ipshared/34c3/src/hdmi_text_controller_v1_0_AXI.sv:253]
WARNING: [Synth 8-324] index 681 out of range [c:/Users/curti/OneDrive/Documents/UIUC/ECE-385/Vivado_Projects/lab7_1/lab7_1.gen/sources_1/bd/design_1/ipshared/34c3/src/hdmi_text_controller_v1_0_AXI.sv:253]
WARNING: [Synth 8-324] index 682 out of range [c:/Users/curti/OneDrive/Documents/UIUC/ECE-385/Vivado_Projects/lab7_1/lab7_1.gen/sources_1/bd/design_1/ipshared/34c3/src/hdmi_text_controller_v1_0_AXI.sv:253]
WARNING: [Synth 8-324] index 683 out of range [c:/Users/curti/OneDrive/Documents/UIUC/ECE-385/Vivado_Projects/lab7_1/lab7_1.gen/sources_1/bd/design_1/ipshared/34c3/src/hdmi_text_controller_v1_0_AXI.sv:253]
WARNING: [Synth 8-324] index 684 out of range [c:/Users/curti/OneDrive/Documents/UIUC/ECE-385/Vivado_Projects/lab7_1/lab7_1.gen/sources_1/bd/design_1/ipshared/34c3/src/hdmi_text_controller_v1_0_AXI.sv:253]
WARNING: [Synth 8-324] index 685 out of range [c:/Users/curti/OneDrive/Documents/UIUC/ECE-385/Vivado_Projects/lab7_1/lab7_1.gen/sources_1/bd/design_1/ipshared/34c3/src/hdmi_text_controller_v1_0_AXI.sv:253]
WARNING: [Synth 8-324] index 686 out of range [c:/Users/curti/OneDrive/Documents/UIUC/ECE-385/Vivado_Projects/lab7_1/lab7_1.gen/sources_1/bd/design_1/ipshared/34c3/src/hdmi_text_controller_v1_0_AXI.sv:253]
WARNING: [Synth 8-324] index 687 out of range [c:/Users/curti/OneDrive/Documents/UIUC/ECE-385/Vivado_Projects/lab7_1/lab7_1.gen/sources_1/bd/design_1/ipshared/34c3/src/hdmi_text_controller_v1_0_AXI.sv:253]
WARNING: [Synth 8-324] index 688 out of range [c:/Users/curti/OneDrive/Documents/UIUC/ECE-385/Vivado_Projects/lab7_1/lab7_1.gen/sources_1/bd/design_1/ipshared/34c3/src/hdmi_text_controller_v1_0_AXI.sv:253]
WARNING: [Synth 8-324] index 689 out of range [c:/Users/curti/OneDrive/Documents/UIUC/ECE-385/Vivado_Projects/lab7_1/lab7_1.gen/sources_1/bd/design_1/ipshared/34c3/src/hdmi_text_controller_v1_0_AXI.sv:253]
WARNING: [Synth 8-324] index 690 out of range [c:/Users/curti/OneDrive/Documents/UIUC/ECE-385/Vivado_Projects/lab7_1/lab7_1.gen/sources_1/bd/design_1/ipshared/34c3/src/hdmi_text_controller_v1_0_AXI.sv:253]
WARNING: [Synth 8-324] index 691 out of range [c:/Users/curti/OneDrive/Documents/UIUC/ECE-385/Vivado_Projects/lab7_1/lab7_1.gen/sources_1/bd/design_1/ipshared/34c3/src/hdmi_text_controller_v1_0_AXI.sv:253]
WARNING: [Synth 8-324] index 692 out of range [c:/Users/curti/OneDrive/Documents/UIUC/ECE-385/Vivado_Projects/lab7_1/lab7_1.gen/sources_1/bd/design_1/ipshared/34c3/src/hdmi_text_controller_v1_0_AXI.sv:253]
WARNING: [Synth 8-324] index 693 out of range [c:/Users/curti/OneDrive/Documents/UIUC/ECE-385/Vivado_Projects/lab7_1/lab7_1.gen/sources_1/bd/design_1/ipshared/34c3/src/hdmi_text_controller_v1_0_AXI.sv:253]
WARNING: [Synth 8-324] index 694 out of range [c:/Users/curti/OneDrive/Documents/UIUC/ECE-385/Vivado_Projects/lab7_1/lab7_1.gen/sources_1/bd/design_1/ipshared/34c3/src/hdmi_text_controller_v1_0_AXI.sv:253]
WARNING: [Synth 8-324] index 695 out of range [c:/Users/curti/OneDrive/Documents/UIUC/ECE-385/Vivado_Projects/lab7_1/lab7_1.gen/sources_1/bd/design_1/ipshared/34c3/src/hdmi_text_controller_v1_0_AXI.sv:253]
WARNING: [Synth 8-324] index 696 out of range [c:/Users/curti/OneDrive/Documents/UIUC/ECE-385/Vivado_Projects/lab7_1/lab7_1.gen/sources_1/bd/design_1/ipshared/34c3/src/hdmi_text_controller_v1_0_AXI.sv:253]
WARNING: [Synth 8-324] index 697 out of range [c:/Users/curti/OneDrive/Documents/UIUC/ECE-385/Vivado_Projects/lab7_1/lab7_1.gen/sources_1/bd/design_1/ipshared/34c3/src/hdmi_text_controller_v1_0_AXI.sv:253]
WARNING: [Synth 8-324] index 698 out of range [c:/Users/curti/OneDrive/Documents/UIUC/ECE-385/Vivado_Projects/lab7_1/lab7_1.gen/sources_1/bd/design_1/ipshared/34c3/src/hdmi_text_controller_v1_0_AXI.sv:253]
WARNING: [Synth 8-324] index 699 out of range [c:/Users/curti/OneDrive/Documents/UIUC/ECE-385/Vivado_Projects/lab7_1/lab7_1.gen/sources_1/bd/design_1/ipshared/34c3/src/hdmi_text_controller_v1_0_AXI.sv:253]
WARNING: [Synth 8-324] index 700 out of range [c:/Users/curti/OneDrive/Documents/UIUC/ECE-385/Vivado_Projects/lab7_1/lab7_1.gen/sources_1/bd/design_1/ipshared/34c3/src/hdmi_text_controller_v1_0_AXI.sv:253]
INFO: [Common 17-14] Message 'Synth 8-324' appears 100 times and further instances of the messages will be disabled. Use the Tcl command set_msg_config to change the current settings.
INFO: [Synth 8-6155] done synthesizing module 'hdmi_text_controller_v1_0_AXI' (0#1) [c:/Users/curti/OneDrive/Documents/UIUC/ECE-385/Vivado_Projects/lab7_1/lab7_1.gen/sources_1/bd/design_1/ipshared/34c3/src/hdmi_text_controller_v1_0_AXI.sv:28]
INFO: [Synth 8-6157] synthesizing module 'clk_wiz_0' [c:/Users/curti/OneDrive/Documents/UIUC/ECE-385/Vivado_Projects/lab7_1/lab7_1.gen/sources_1/bd/design_1/ip/design_1_hdmi_text_controller_0_1/src/clk_wiz_0_2/clk_wiz_0.v:69]
INFO: [Synth 8-6157] synthesizing module 'clk_wiz_0_clk_wiz' [c:/Users/curti/OneDrive/Documents/UIUC/ECE-385/Vivado_Projects/lab7_1/lab7_1.gen/sources_1/bd/design_1/ip/design_1_hdmi_text_controller_0_1/src/clk_wiz_0_2/clk_wiz_0_clk_wiz.v:69]
INFO: [Synth 8-6157] synthesizing module 'MMCME2_ADV' [C:/Xilinx/Vivado/2022.2/scripts/rt/data/unisim_comp.v:79852]
INFO: [Synth 8-6155] done synthesizing module 'MMCME2_ADV' (0#1) [C:/Xilinx/Vivado/2022.2/scripts/rt/data/unisim_comp.v:79852]
INFO: [Synth 8-6157] synthesizing module 'BUFG' [C:/Xilinx/Vivado/2022.2/scripts/rt/data/unisim_comp.v:1082]
INFO: [Synth 8-6155] done synthesizing module 'BUFG' (0#1) [C:/Xilinx/Vivado/2022.2/scripts/rt/data/unisim_comp.v:1082]
INFO: [Synth 8-6155] done synthesizing module 'clk_wiz_0_clk_wiz' (0#1) [c:/Users/curti/OneDrive/Documents/UIUC/ECE-385/Vivado_Projects/lab7_1/lab7_1.gen/sources_1/bd/design_1/ip/design_1_hdmi_text_controller_0_1/src/clk_wiz_0_2/clk_wiz_0_clk_wiz.v:69]
INFO: [Synth 8-6155] done synthesizing module 'clk_wiz_0' (0#1) [c:/Users/curti/OneDrive/Documents/UIUC/ECE-385/Vivado_Projects/lab7_1/lab7_1.gen/sources_1/bd/design_1/ip/design_1_hdmi_text_controller_0_1/src/clk_wiz_0_2/clk_wiz_0.v:69]
INFO: [Synth 8-6157] synthesizing module 'mini_mapper' [c:/Users/curti/OneDrive/Documents/UIUC/ECE-385/Vivado_Projects/lab7_1/lab7_1.gen/sources_1/bd/design_1/lab7_1/lab7_1_provided_fa24/mini_mapper.sv:23]
INFO: [Synth 8-6157] synthesizing module 'font_rom' [c:/Users/curti/OneDrive/Documents/UIUC/ECE-385/Vivado_Projects/lab7_1/lab7_1.gen/sources_1/bd/design_1/lab7_1/lab7_1_provided_fa24/font_rom.sv:1]
INFO: [Synth 8-6155] done synthesizing module 'font_rom' (0#1) [c:/Users/curti/OneDrive/Documents/UIUC/ECE-385/Vivado_Projects/lab7_1/lab7_1.gen/sources_1/bd/design_1/lab7_1/lab7_1_provided_fa24/font_rom.sv:1]
INFO: [Synth 8-6155] done synthesizing module 'mini_mapper' (0#1) [c:/Users/curti/OneDrive/Documents/UIUC/ECE-385/Vivado_Projects/lab7_1/lab7_1.gen/sources_1/bd/design_1/lab7_1/lab7_1_provided_fa24/mini_mapper.sv:23]
INFO: [Synth 8-6157] synthesizing module 'vga_controller' [c:/Users/curti/OneDrive/Documents/UIUC/ECE-385/Vivado_Projects/lab7_1/lab7_1.gen/sources_1/bd/design_1/lab7_1/lab7_1_provided_fa24/VGA_controller.sv:26]
INFO: [Synth 8-6155] done synthesizing module 'vga_controller' (0#1) [c:/Users/curti/OneDrive/Documents/UIUC/ECE-385/Vivado_Projects/lab7_1/lab7_1.gen/sources_1/bd/design_1/lab7_1/lab7_1_provided_fa24/VGA_controller.sv:26]
WARNING: [Synth 8-7071] port 'sync' of module 'vga_controller' is unconnected for instance 'vga' [c:/Users/curti/OneDrive/Documents/UIUC/ECE-385/Vivado_Projects/lab7_1/lab7_1.gen/sources_1/bd/design_1/ipshared/34c3/src/hdmi_text_controller_v1_0.sv:122]
WARNING: [Synth 8-7023] instance 'vga' of module 'vga_controller' has 8 connections declared, but only 7 given [c:/Users/curti/OneDrive/Documents/UIUC/ECE-385/Vivado_Projects/lab7_1/lab7_1.gen/sources_1/bd/design_1/ipshared/34c3/src/hdmi_text_controller_v1_0.sv:122]
INFO: [Synth 8-6157] synthesizing module 'hdmi_tx_0' [c:/Users/curti/OneDrive/Documents/UIUC/ECE-385/Vivado_Projects/lab7_1/lab7_1.gen/sources_1/bd/design_1/ip/design_1_hdmi_text_controller_0_1/src/hdmi_tx_0_2/synth/hdmi_tx_0.v:53]
INFO: [Synth 8-6157] synthesizing module 'hdmi_tx_v1_0' [c:/Users/curti/OneDrive/Documents/UIUC/ECE-385/Vivado_Projects/lab7_1/lab7_1.gen/sources_1/bd/design_1/ip/design_1_hdmi_text_controller_0_1/src/hdmi_tx_0_2/hdl/hdmi_tx_v1_0.v:70]
INFO: [Synth 8-6157] synthesizing module 'srldelay' [c:/Users/curti/OneDrive/Documents/UIUC/ECE-385/Vivado_Projects/lab7_1/lab7_1.gen/sources_1/bd/design_1/ip/design_1_hdmi_text_controller_0_1/src/hdmi_tx_0_2/hdl/srldelay.v:70]
INFO: [Synth 8-6157] synthesizing module 'SRL16E' [C:/Xilinx/Vivado/2022.2/scripts/rt/data/unisim_comp.v:131644]
INFO: [Synth 8-6155] done synthesizing module 'SRL16E' (0#1) [C:/Xilinx/Vivado/2022.2/scripts/rt/data/unisim_comp.v:131644]
INFO: [Synth 8-6155] done synthesizing module 'srldelay' (0#1) [c:/Users/curti/OneDrive/Documents/UIUC/ECE-385/Vivado_Projects/lab7_1/lab7_1.gen/sources_1/bd/design_1/ip/design_1_hdmi_text_controller_0_1/src/hdmi_tx_0_2/hdl/srldelay.v:70]
INFO: [Synth 8-6157] synthesizing module 'encode' [c:/Users/curti/OneDrive/Documents/UIUC/ECE-385/Vivado_Projects/lab7_1/lab7_1.gen/sources_1/bd/design_1/ip/design_1_hdmi_text_controller_0_1/src/hdmi_tx_0_2/hdl/encode.v:79]
INFO: [Synth 8-6155] done synthesizing module 'encode' (0#1) [c:/Users/curti/OneDrive/Documents/UIUC/ECE-385/Vivado_Projects/lab7_1/lab7_1.gen/sources_1/bd/design_1/ip/design_1_hdmi_text_controller_0_1/src/hdmi_tx_0_2/hdl/encode.v:79]
INFO: [Synth 8-6157] synthesizing module 'encode__parameterized0' [c:/Users/curti/OneDrive/Documents/UIUC/ECE-385/Vivado_Projects/lab7_1/lab7_1.gen/sources_1/bd/design_1/ip/design_1_hdmi_text_controller_0_1/src/hdmi_tx_0_2/hdl/encode.v:79]
INFO: [Synth 8-6155] done synthesizing module 'encode__parameterized0' (0#1) [c:/Users/curti/OneDrive/Documents/UIUC/ECE-385/Vivado_Projects/lab7_1/lab7_1.gen/sources_1/bd/design_1/ip/design_1_hdmi_text_controller_0_1/src/hdmi_tx_0_2/hdl/encode.v:79]
INFO: [Synth 8-6157] synthesizing module 'encode__parameterized1' [c:/Users/curti/OneDrive/Documents/UIUC/ECE-385/Vivado_Projects/lab7_1/lab7_1.gen/sources_1/bd/design_1/ip/design_1_hdmi_text_controller_0_1/src/hdmi_tx_0_2/hdl/encode.v:79]
INFO: [Synth 8-6155] done synthesizing module 'encode__parameterized1' (0#1) [c:/Users/curti/OneDrive/Documents/UIUC/ECE-385/Vivado_Projects/lab7_1/lab7_1.gen/sources_1/bd/design_1/ip/design_1_hdmi_text_controller_0_1/src/hdmi_tx_0_2/hdl/encode.v:79]
INFO: [Synth 8-6157] synthesizing module 'serdes_10_to_1' [c:/Users/curti/OneDrive/Documents/UIUC/ECE-385/Vivado_Projects/lab7_1/lab7_1.gen/sources_1/bd/design_1/ip/design_1_hdmi_text_controller_0_1/src/hdmi_tx_0_2/hdl/serdes_10_to_1.v:43]
INFO: [Synth 8-6157] synthesizing module 'OSERDESE2' [C:/Xilinx/Vivado/2022.2/scripts/rt/data/unisim_comp.v:94875]
INFO: [Synth 8-6155] done synthesizing module 'OSERDESE2' (0#1) [C:/Xilinx/Vivado/2022.2/scripts/rt/data/unisim_comp.v:94875]
INFO: [Synth 8-6157] synthesizing module 'OSERDESE2__parameterized0' [C:/Xilinx/Vivado/2022.2/scripts/rt/data/unisim_comp.v:94875]
INFO: [Synth 8-6155] done synthesizing module 'OSERDESE2__parameterized0' (0#1) [C:/Xilinx/Vivado/2022.2/scripts/rt/data/unisim_comp.v:94875]
INFO: [Synth 8-6155] done synthesizing module 'serdes_10_to_1' (0#1) [c:/Users/curti/OneDrive/Documents/UIUC/ECE-385/Vivado_Projects/lab7_1/lab7_1.gen/sources_1/bd/design_1/ip/design_1_hdmi_text_controller_0_1/src/hdmi_tx_0_2/hdl/serdes_10_to_1.v:43]
INFO: [Synth 8-6157] synthesizing module 'OBUFDS' [C:/Xilinx/Vivado/2022.2/scripts/rt/data/unisim_comp.v:90676]
INFO: [Synth 8-6155] done synthesizing module 'OBUFDS' (0#1) [C:/Xilinx/Vivado/2022.2/scripts/rt/data/unisim_comp.v:90676]
INFO: [Synth 8-6155] done synthesizing module 'hdmi_tx_v1_0' (0#1) [c:/Users/curti/OneDrive/Documents/UIUC/ECE-385/Vivado_Projects/lab7_1/lab7_1.gen/sources_1/bd/design_1/ip/design_1_hdmi_text_controller_0_1/src/hdmi_tx_0_2/hdl/hdmi_tx_v1_0.v:70]
INFO: [Synth 8-6155] done synthesizing module 'hdmi_tx_0' (0#1) [c:/Users/curti/OneDrive/Documents/UIUC/ECE-385/Vivado_Projects/lab7_1/lab7_1.gen/sources_1/bd/design_1/ip/design_1_hdmi_text_controller_0_1/src/hdmi_tx_0_2/synth/hdmi_tx_0.v:53]
INFO: [Synth 8-6155] done synthesizing module 'hdmi_text_controller_v1_0' (0#1) [c:/Users/curti/OneDrive/Documents/UIUC/ECE-385/Vivado_Projects/lab7_1/lab7_1.gen/sources_1/bd/design_1/ipshared/34c3/src/hdmi_text_controller_v1_0.sv:10]
INFO: [Synth 8-6155] done synthesizing module 'design_1_hdmi_text_controller_0_1' (0#1) [c:/Users/curti/OneDrive/Documents/UIUC/ECE-385/Vivado_Projects/lab7_1/lab7_1.gen/sources_1/bd/design_1/ip/design_1_hdmi_text_controller_0_1/synth/design_1_hdmi_text_controller_0_1.sv:53]
WARNING: [Synth 8-3936] Found unconnected internal register 'register_num_reg' and it is trimmed from '11' to '10' bits. [c:/Users/curti/OneDrive/Documents/UIUC/ECE-385/Vivado_Projects/lab7_1/lab7_1.gen/sources_1/bd/design_1/lab7_1/lab7_1_provided_fa24/mini_mapper.sv:68]
WARNING: [Synth 8-6014] Unused sequential element hdmi_ctl1_reg was removed.  [c:/Users/curti/OneDrive/Documents/UIUC/ECE-385/Vivado_Projects/lab7_1/lab7_1.gen/sources_1/bd/design_1/ip/design_1_hdmi_text_controller_0_1/src/hdmi_tx_0_2/hdl/hdmi_tx_v1_0.v:148]
WARNING: [Synth 8-3848] Net slv_regs[0] in module/entity hdmi_text_controller_v1_0 does not have driver. [c:/Users/curti/OneDrive/Documents/UIUC/ECE-385/Vivado_Projects/lab7_1/lab7_1.gen/sources_1/bd/design_1/ipshared/34c3/src/hdmi_text_controller_v1_0.sv:65]
WARNING: [Synth 8-3848] Net slv_regs[1] in module/entity hdmi_text_controller_v1_0 does not have driver. [c:/Users/curti/OneDrive/Documents/UIUC/ECE-385/Vivado_Projects/lab7_1/lab7_1.gen/sources_1/bd/design_1/ipshared/34c3/src/hdmi_text_controller_v1_0.sv:65]
WARNING: [Synth 8-3848] Net slv_regs[2] in module/entity hdmi_text_controller_v1_0 does not have driver. [c:/Users/curti/OneDrive/Documents/UIUC/ECE-385/Vivado_Projects/lab7_1/lab7_1.gen/sources_1/bd/design_1/ipshared/34c3/src/hdmi_text_controller_v1_0.sv:65]
WARNING: [Synth 8-3848] Net slv_regs[3] in module/entity hdmi_text_controller_v1_0 does not have driver. [c:/Users/curti/OneDrive/Documents/UIUC/ECE-385/Vivado_Projects/lab7_1/lab7_1.gen/sources_1/bd/design_1/ipshared/34c3/src/hdmi_text_controller_v1_0.sv:65]
WARNING: [Synth 8-3848] Net slv_regs[4] in module/entity hdmi_text_controller_v1_0 does not have driver. [c:/Users/curti/OneDrive/Documents/UIUC/ECE-385/Vivado_Projects/lab7_1/lab7_1.gen/sources_1/bd/design_1/ipshared/34c3/src/hdmi_text_controller_v1_0.sv:65]
WARNING: [Synth 8-3848] Net slv_regs[5] in module/entity hdmi_text_controller_v1_0 does not have driver. [c:/Users/curti/OneDrive/Documents/UIUC/ECE-385/Vivado_Projects/lab7_1/lab7_1.gen/sources_1/bd/design_1/ipshared/34c3/src/hdmi_text_controller_v1_0.sv:65]
WARNING: [Synth 8-3848] Net slv_regs[6] in module/entity hdmi_text_controller_v1_0 does not have driver. [c:/Users/curti/OneDrive/Documents/UIUC/ECE-385/Vivado_Projects/lab7_1/lab7_1.gen/sources_1/bd/design_1/ipshared/34c3/src/hdmi_text_controller_v1_0.sv:65]
WARNING: [Synth 8-3848] Net slv_regs[7] in module/entity hdmi_text_controller_v1_0 does not have driver. [c:/Users/curti/OneDrive/Documents/UIUC/ECE-385/Vivado_Projects/lab7_1/lab7_1.gen/sources_1/bd/design_1/ipshared/34c3/src/hdmi_text_controller_v1_0.sv:65]
WARNING: [Synth 8-3848] Net slv_regs[8] in module/entity hdmi_text_controller_v1_0 does not have driver. [c:/Users/curti/OneDrive/Documents/UIUC/ECE-385/Vivado_Projects/lab7_1/lab7_1.gen/sources_1/bd/design_1/ipshared/34c3/src/hdmi_text_controller_v1_0.sv:65]
WARNING: [Synth 8-3848] Net slv_regs[9] in module/entity hdmi_text_controller_v1_0 does not have driver. [c:/Users/curti/OneDrive/Documents/UIUC/ECE-385/Vivado_Projects/lab7_1/lab7_1.gen/sources_1/bd/design_1/ipshared/34c3/src/hdmi_text_controller_v1_0.sv:65]
WARNING: [Synth 8-3848] Net slv_regs[10] in module/entity hdmi_text_controller_v1_0 does not have driver. [c:/Users/curti/OneDrive/Documents/UIUC/ECE-385/Vivado_Projects/lab7_1/lab7_1.gen/sources_1/bd/design_1/ipshared/34c3/src/hdmi_text_controller_v1_0.sv:65]
WARNING: [Synth 8-3848] Net slv_regs[11] in module/entity hdmi_text_controller_v1_0 does not have driver. [c:/Users/curti/OneDrive/Documents/UIUC/ECE-385/Vivado_Projects/lab7_1/lab7_1.gen/sources_1/bd/design_1/ipshared/34c3/src/hdmi_text_controller_v1_0.sv:65]
WARNING: [Synth 8-3848] Net slv_regs[12] in module/entity hdmi_text_controller_v1_0 does not have driver. [c:/Users/curti/OneDrive/Documents/UIUC/ECE-385/Vivado_Projects/lab7_1/lab7_1.gen/sources_1/bd/design_1/ipshared/34c3/src/hdmi_text_controller_v1_0.sv:65]
WARNING: [Synth 8-3848] Net slv_regs[13] in module/entity hdmi_text_controller_v1_0 does not have driver. [c:/Users/curti/OneDrive/Documents/UIUC/ECE-385/Vivado_Projects/lab7_1/lab7_1.gen/sources_1/bd/design_1/ipshared/34c3/src/hdmi_text_controller_v1_0.sv:65]
WARNING: [Synth 8-3848] Net slv_regs[14] in module/entity hdmi_text_controller_v1_0 does not have driver. [c:/Users/curti/OneDrive/Documents/UIUC/ECE-385/Vivado_Projects/lab7_1/lab7_1.gen/sources_1/bd/design_1/ipshared/34c3/src/hdmi_text_controller_v1_0.sv:65]
WARNING: [Synth 8-3848] Net slv_regs[15] in module/entity hdmi_text_controller_v1_0 does not have driver. [c:/Users/curti/OneDrive/Documents/UIUC/ECE-385/Vivado_Projects/lab7_1/lab7_1.gen/sources_1/bd/design_1/ipshared/34c3/src/hdmi_text_controller_v1_0.sv:65]
WARNING: [Synth 8-3848] Net slv_regs[16] in module/entity hdmi_text_controller_v1_0 does not have driver. [c:/Users/curti/OneDrive/Documents/UIUC/ECE-385/Vivado_Projects/lab7_1/lab7_1.gen/sources_1/bd/design_1/ipshared/34c3/src/hdmi_text_controller_v1_0.sv:65]
WARNING: [Synth 8-3848] Net slv_regs[17] in module/entity hdmi_text_controller_v1_0 does not have driver. [c:/Users/curti/OneDrive/Documents/UIUC/ECE-385/Vivado_Projects/lab7_1/lab7_1.gen/sources_1/bd/design_1/ipshared/34c3/src/hdmi_text_controller_v1_0.sv:65]
WARNING: [Synth 8-3848] Net slv_regs[18] in module/entity hdmi_text_controller_v1_0 does not have driver. [c:/Users/curti/OneDrive/Documents/UIUC/ECE-385/Vivado_Projects/lab7_1/lab7_1.gen/sources_1/bd/design_1/ipshared/34c3/src/hdmi_text_controller_v1_0.sv:65]
WARNING: [Synth 8-3848] Net slv_regs[19] in module/entity hdmi_text_controller_v1_0 does not have driver. [c:/Users/curti/OneDrive/Documents/UIUC/ECE-385/Vivado_Projects/lab7_1/lab7_1.gen/sources_1/bd/design_1/ipshared/34c3/src/hdmi_text_controller_v1_0.sv:65]
WARNING: [Synth 8-3848] Net slv_regs[20] in module/entity hdmi_text_controller_v1_0 does not have driver. [c:/Users/curti/OneDrive/Documents/UIUC/ECE-385/Vivado_Projects/lab7_1/lab7_1.gen/sources_1/bd/design_1/ipshared/34c3/src/hdmi_text_controller_v1_0.sv:65]
WARNING: [Synth 8-3848] Net slv_regs[21] in module/entity hdmi_text_controller_v1_0 does not have driver. [c:/Users/curti/OneDrive/Documents/UIUC/ECE-385/Vivado_Projects/lab7_1/lab7_1.gen/sources_1/bd/design_1/ipshared/34c3/src/hdmi_text_controller_v1_0.sv:65]
WARNING: [Synth 8-3848] Net slv_regs[22] in module/entity hdmi_text_controller_v1_0 does not have driver. [c:/Users/curti/OneDrive/Documents/UIUC/ECE-385/Vivado_Projects/lab7_1/lab7_1.gen/sources_1/bd/design_1/ipshared/34c3/src/hdmi_text_controller_v1_0.sv:65]
WARNING: [Synth 8-3848] Net slv_regs[23] in module/entity hdmi_text_controller_v1_0 does not have driver. [c:/Users/curti/OneDrive/Documents/UIUC/ECE-385/Vivado_Projects/lab7_1/lab7_1.gen/sources_1/bd/design_1/ipshared/34c3/src/hdmi_text_controller_v1_0.sv:65]
WARNING: [Synth 8-3848] Net slv_regs[24] in module/entity hdmi_text_controller_v1_0 does not have driver. [c:/Users/curti/OneDrive/Documents/UIUC/ECE-385/Vivado_Projects/lab7_1/lab7_1.gen/sources_1/bd/design_1/ipshared/34c3/src/hdmi_text_controller_v1_0.sv:65]
WARNING: [Synth 8-3848] Net slv_regs[25] in module/entity hdmi_text_controller_v1_0 does not have driver. [c:/Users/curti/OneDrive/Documents/UIUC/ECE-385/Vivado_Projects/lab7_1/lab7_1.gen/sources_1/bd/design_1/ipshared/34c3/src/hdmi_text_controller_v1_0.sv:65]
WARNING: [Synth 8-3848] Net slv_regs[26] in module/entity hdmi_text_controller_v1_0 does not have driver. [c:/Users/curti/OneDrive/Documents/UIUC/ECE-385/Vivado_Projects/lab7_1/lab7_1.gen/sources_1/bd/design_1/ipshared/34c3/src/hdmi_text_controller_v1_0.sv:65]
WARNING: [Synth 8-3848] Net slv_regs[27] in module/entity hdmi_text_controller_v1_0 does not have driver. [c:/Users/curti/OneDrive/Documents/UIUC/ECE-385/Vivado_Projects/lab7_1/lab7_1.gen/sources_1/bd/design_1/ipshared/34c3/src/hdmi_text_controller_v1_0.sv:65]
WARNING: [Synth 8-3848] Net slv_regs[28] in module/entity hdmi_text_controller_v1_0 does not have driver. [c:/Users/curti/OneDrive/Documents/UIUC/ECE-385/Vivado_Projects/lab7_1/lab7_1.gen/sources_1/bd/design_1/ipshared/34c3/src/hdmi_text_controller_v1_0.sv:65]
WARNING: [Synth 8-3848] Net slv_regs[29] in module/entity hdmi_text_controller_v1_0 does not have driver. [c:/Users/curti/OneDrive/Documents/UIUC/ECE-385/Vivado_Projects/lab7_1/lab7_1.gen/sources_1/bd/design_1/ipshared/34c3/src/hdmi_text_controller_v1_0.sv:65]
WARNING: [Synth 8-3848] Net slv_regs[30] in module/entity hdmi_text_controller_v1_0 does not have driver. [c:/Users/curti/OneDrive/Documents/UIUC/ECE-385/Vivado_Projects/lab7_1/lab7_1.gen/sources_1/bd/design_1/ipshared/34c3/src/hdmi_text_controller_v1_0.sv:65]
WARNING: [Synth 8-3848] Net slv_regs[31] in module/entity hdmi_text_controller_v1_0 does not have driver. [c:/Users/curti/OneDrive/Documents/UIUC/ECE-385/Vivado_Projects/lab7_1/lab7_1.gen/sources_1/bd/design_1/ipshared/34c3/src/hdmi_text_controller_v1_0.sv:65]
WARNING: [Synth 8-3848] Net slv_regs[32] in module/entity hdmi_text_controller_v1_0 does not have driver. [c:/Users/curti/OneDrive/Documents/UIUC/ECE-385/Vivado_Projects/lab7_1/lab7_1.gen/sources_1/bd/design_1/ipshared/34c3/src/hdmi_text_controller_v1_0.sv:65]
WARNING: [Synth 8-3848] Net slv_regs[33] in module/entity hdmi_text_controller_v1_0 does not have driver. [c:/Users/curti/OneDrive/Documents/UIUC/ECE-385/Vivado_Projects/lab7_1/lab7_1.gen/sources_1/bd/design_1/ipshared/34c3/src/hdmi_text_controller_v1_0.sv:65]
WARNING: [Synth 8-3848] Net slv_regs[34] in module/entity hdmi_text_controller_v1_0 does not have driver. [c:/Users/curti/OneDrive/Documents/UIUC/ECE-385/Vivado_Projects/lab7_1/lab7_1.gen/sources_1/bd/design_1/ipshared/34c3/src/hdmi_text_controller_v1_0.sv:65]
WARNING: [Synth 8-3848] Net slv_regs[35] in module/entity hdmi_text_controller_v1_0 does not have driver. [c:/Users/curti/OneDrive/Documents/UIUC/ECE-385/Vivado_Projects/lab7_1/lab7_1.gen/sources_1/bd/design_1/ipshared/34c3/src/hdmi_text_controller_v1_0.sv:65]
WARNING: [Synth 8-3848] Net slv_regs[36] in module/entity hdmi_text_controller_v1_0 does not have driver. [c:/Users/curti/OneDrive/Documents/UIUC/ECE-385/Vivado_Projects/lab7_1/lab7_1.gen/sources_1/bd/design_1/ipshared/34c3/src/hdmi_text_controller_v1_0.sv:65]
WARNING: [Synth 8-3848] Net slv_regs[37] in module/entity hdmi_text_controller_v1_0 does not have driver. [c:/Users/curti/OneDrive/Documents/UIUC/ECE-385/Vivado_Projects/lab7_1/lab7_1.gen/sources_1/bd/design_1/ipshared/34c3/src/hdmi_text_controller_v1_0.sv:65]
WARNING: [Synth 8-3848] Net slv_regs[38] in module/entity hdmi_text_controller_v1_0 does not have driver. [c:/Users/curti/OneDrive/Documents/UIUC/ECE-385/Vivado_Projects/lab7_1/lab7_1.gen/sources_1/bd/design_1/ipshared/34c3/src/hdmi_text_controller_v1_0.sv:65]
WARNING: [Synth 8-3848] Net slv_regs[39] in module/entity hdmi_text_controller_v1_0 does not have driver. [c:/Users/curti/OneDrive/Documents/UIUC/ECE-385/Vivado_Projects/lab7_1/lab7_1.gen/sources_1/bd/design_1/ipshared/34c3/src/hdmi_text_controller_v1_0.sv:65]
WARNING: [Synth 8-3848] Net slv_regs[40] in module/entity hdmi_text_controller_v1_0 does not have driver. [c:/Users/curti/OneDrive/Documents/UIUC/ECE-385/Vivado_Projects/lab7_1/lab7_1.gen/sources_1/bd/design_1/ipshared/34c3/src/hdmi_text_controller_v1_0.sv:65]
WARNING: [Synth 8-3848] Net slv_regs[41] in module/entity hdmi_text_controller_v1_0 does not have driver. [c:/Users/curti/OneDrive/Documents/UIUC/ECE-385/Vivado_Projects/lab7_1/lab7_1.gen/sources_1/bd/design_1/ipshared/34c3/src/hdmi_text_controller_v1_0.sv:65]
WARNING: [Synth 8-3848] Net slv_regs[42] in module/entity hdmi_text_controller_v1_0 does not have driver. [c:/Users/curti/OneDrive/Documents/UIUC/ECE-385/Vivado_Projects/lab7_1/lab7_1.gen/sources_1/bd/design_1/ipshared/34c3/src/hdmi_text_controller_v1_0.sv:65]
WARNING: [Synth 8-3848] Net slv_regs[43] in module/entity hdmi_text_controller_v1_0 does not have driver. [c:/Users/curti/OneDrive/Documents/UIUC/ECE-385/Vivado_Projects/lab7_1/lab7_1.gen/sources_1/bd/design_1/ipshared/34c3/src/hdmi_text_controller_v1_0.sv:65]
WARNING: [Synth 8-3848] Net slv_regs[44] in module/entity hdmi_text_controller_v1_0 does not have driver. [c:/Users/curti/OneDrive/Documents/UIUC/ECE-385/Vivado_Projects/lab7_1/lab7_1.gen/sources_1/bd/design_1/ipshared/34c3/src/hdmi_text_controller_v1_0.sv:65]
WARNING: [Synth 8-3848] Net slv_regs[45] in module/entity hdmi_text_controller_v1_0 does not have driver. [c:/Users/curti/OneDrive/Documents/UIUC/ECE-385/Vivado_Projects/lab7_1/lab7_1.gen/sources_1/bd/design_1/ipshared/34c3/src/hdmi_text_controller_v1_0.sv:65]
WARNING: [Synth 8-3848] Net slv_regs[46] in module/entity hdmi_text_controller_v1_0 does not have driver. [c:/Users/curti/OneDrive/Documents/UIUC/ECE-385/Vivado_Projects/lab7_1/lab7_1.gen/sources_1/bd/design_1/ipshared/34c3/src/hdmi_text_controller_v1_0.sv:65]
WARNING: [Synth 8-3848] Net slv_regs[47] in module/entity hdmi_text_controller_v1_0 does not have driver. [c:/Users/curti/OneDrive/Documents/UIUC/ECE-385/Vivado_Projects/lab7_1/lab7_1.gen/sources_1/bd/design_1/ipshared/34c3/src/hdmi_text_controller_v1_0.sv:65]
WARNING: [Synth 8-3848] Net slv_regs[48] in module/entity hdmi_text_controller_v1_0 does not have driver. [c:/Users/curti/OneDrive/Documents/UIUC/ECE-385/Vivado_Projects/lab7_1/lab7_1.gen/sources_1/bd/design_1/ipshared/34c3/src/hdmi_text_controller_v1_0.sv:65]
WARNING: [Synth 8-3848] Net slv_regs[49] in module/entity hdmi_text_controller_v1_0 does not have driver. [c:/Users/curti/OneDrive/Documents/UIUC/ECE-385/Vivado_Projects/lab7_1/lab7_1.gen/sources_1/bd/design_1/ipshared/34c3/src/hdmi_text_controller_v1_0.sv:65]
WARNING: [Synth 8-3848] Net slv_regs[50] in module/entity hdmi_text_controller_v1_0 does not have driver. [c:/Users/curti/OneDrive/Documents/UIUC/ECE-385/Vivado_Projects/lab7_1/lab7_1.gen/sources_1/bd/design_1/ipshared/34c3/src/hdmi_text_controller_v1_0.sv:65]
WARNING: [Synth 8-3848] Net slv_regs[51] in module/entity hdmi_text_controller_v1_0 does not have driver. [c:/Users/curti/OneDrive/Documents/UIUC/ECE-385/Vivado_Projects/lab7_1/lab7_1.gen/sources_1/bd/design_1/ipshared/34c3/src/hdmi_text_controller_v1_0.sv:65]
WARNING: [Synth 8-3848] Net slv_regs[52] in module/entity hdmi_text_controller_v1_0 does not have driver. [c:/Users/curti/OneDrive/Documents/UIUC/ECE-385/Vivado_Projects/lab7_1/lab7_1.gen/sources_1/bd/design_1/ipshared/34c3/src/hdmi_text_controller_v1_0.sv:65]
WARNING: [Synth 8-3848] Net slv_regs[53] in module/entity hdmi_text_controller_v1_0 does not have driver. [c:/Users/curti/OneDrive/Documents/UIUC/ECE-385/Vivado_Projects/lab7_1/lab7_1.gen/sources_1/bd/design_1/ipshared/34c3/src/hdmi_text_controller_v1_0.sv:65]
WARNING: [Synth 8-3848] Net slv_regs[54] in module/entity hdmi_text_controller_v1_0 does not have driver. [c:/Users/curti/OneDrive/Documents/UIUC/ECE-385/Vivado_Projects/lab7_1/lab7_1.gen/sources_1/bd/design_1/ipshared/34c3/src/hdmi_text_controller_v1_0.sv:65]
WARNING: [Synth 8-3848] Net slv_regs[55] in module/entity hdmi_text_controller_v1_0 does not have driver. [c:/Users/curti/OneDrive/Documents/UIUC/ECE-385/Vivado_Projects/lab7_1/lab7_1.gen/sources_1/bd/design_1/ipshared/34c3/src/hdmi_text_controller_v1_0.sv:65]
WARNING: [Synth 8-3848] Net slv_regs[56] in module/entity hdmi_text_controller_v1_0 does not have driver. [c:/Users/curti/OneDrive/Documents/UIUC/ECE-385/Vivado_Projects/lab7_1/lab7_1.gen/sources_1/bd/design_1/ipshared/34c3/src/hdmi_text_controller_v1_0.sv:65]
WARNING: [Synth 8-3848] Net slv_regs[57] in module/entity hdmi_text_controller_v1_0 does not have driver. [c:/Users/curti/OneDrive/Documents/UIUC/ECE-385/Vivado_Projects/lab7_1/lab7_1.gen/sources_1/bd/design_1/ipshared/34c3/src/hdmi_text_controller_v1_0.sv:65]
WARNING: [Synth 8-3848] Net slv_regs[58] in module/entity hdmi_text_controller_v1_0 does not have driver. [c:/Users/curti/OneDrive/Documents/UIUC/ECE-385/Vivado_Projects/lab7_1/lab7_1.gen/sources_1/bd/design_1/ipshared/34c3/src/hdmi_text_controller_v1_0.sv:65]
WARNING: [Synth 8-3848] Net slv_regs[59] in module/entity hdmi_text_controller_v1_0 does not have driver. [c:/Users/curti/OneDrive/Documents/UIUC/ECE-385/Vivado_Projects/lab7_1/lab7_1.gen/sources_1/bd/design_1/ipshared/34c3/src/hdmi_text_controller_v1_0.sv:65]
WARNING: [Synth 8-3848] Net slv_regs[60] in module/entity hdmi_text_controller_v1_0 does not have driver. [c:/Users/curti/OneDrive/Documents/UIUC/ECE-385/Vivado_Projects/lab7_1/lab7_1.gen/sources_1/bd/design_1/ipshared/34c3/src/hdmi_text_controller_v1_0.sv:65]
WARNING: [Synth 8-3848] Net slv_regs[61] in module/entity hdmi_text_controller_v1_0 does not have driver. [c:/Users/curti/OneDrive/Documents/UIUC/ECE-385/Vivado_Projects/lab7_1/lab7_1.gen/sources_1/bd/design_1/ipshared/34c3/src/hdmi_text_controller_v1_0.sv:65]
WARNING: [Synth 8-3848] Net slv_regs[62] in module/entity hdmi_text_controller_v1_0 does not have driver. [c:/Users/curti/OneDrive/Documents/UIUC/ECE-385/Vivado_Projects/lab7_1/lab7_1.gen/sources_1/bd/design_1/ipshared/34c3/src/hdmi_text_controller_v1_0.sv:65]
WARNING: [Synth 8-3848] Net slv_regs[63] in module/entity hdmi_text_controller_v1_0 does not have driver. [c:/Users/curti/OneDrive/Documents/UIUC/ECE-385/Vivado_Projects/lab7_1/lab7_1.gen/sources_1/bd/design_1/ipshared/34c3/src/hdmi_text_controller_v1_0.sv:65]
WARNING: [Synth 8-3848] Net slv_regs[64] in module/entity hdmi_text_controller_v1_0 does not have driver. [c:/Users/curti/OneDrive/Documents/UIUC/ECE-385/Vivado_Projects/lab7_1/lab7_1.gen/sources_1/bd/design_1/ipshared/34c3/src/hdmi_text_controller_v1_0.sv:65]
WARNING: [Synth 8-3848] Net slv_regs[65] in module/entity hdmi_text_controller_v1_0 does not have driver. [c:/Users/curti/OneDrive/Documents/UIUC/ECE-385/Vivado_Projects/lab7_1/lab7_1.gen/sources_1/bd/design_1/ipshared/34c3/src/hdmi_text_controller_v1_0.sv:65]
WARNING: [Synth 8-3848] Net slv_regs[66] in module/entity hdmi_text_controller_v1_0 does not have driver. [c:/Users/curti/OneDrive/Documents/UIUC/ECE-385/Vivado_Projects/lab7_1/lab7_1.gen/sources_1/bd/design_1/ipshared/34c3/src/hdmi_text_controller_v1_0.sv:65]
WARNING: [Synth 8-3848] Net slv_regs[67] in module/entity hdmi_text_controller_v1_0 does not have driver. [c:/Users/curti/OneDrive/Documents/UIUC/ECE-385/Vivado_Projects/lab7_1/lab7_1.gen/sources_1/bd/design_1/ipshared/34c3/src/hdmi_text_controller_v1_0.sv:65]
WARNING: [Synth 8-3848] Net slv_regs[68] in module/entity hdmi_text_controller_v1_0 does not have driver. [c:/Users/curti/OneDrive/Documents/UIUC/ECE-385/Vivado_Projects/lab7_1/lab7_1.gen/sources_1/bd/design_1/ipshared/34c3/src/hdmi_text_controller_v1_0.sv:65]
WARNING: [Synth 8-3848] Net slv_regs[69] in module/entity hdmi_text_controller_v1_0 does not have driver. [c:/Users/curti/OneDrive/Documents/UIUC/ECE-385/Vivado_Projects/lab7_1/lab7_1.gen/sources_1/bd/design_1/ipshared/34c3/src/hdmi_text_controller_v1_0.sv:65]
WARNING: [Synth 8-3848] Net slv_regs[70] in module/entity hdmi_text_controller_v1_0 does not have driver. [c:/Users/curti/OneDrive/Documents/UIUC/ECE-385/Vivado_Projects/lab7_1/lab7_1.gen/sources_1/bd/design_1/ipshared/34c3/src/hdmi_text_controller_v1_0.sv:65]
WARNING: [Synth 8-3848] Net slv_regs[71] in module/entity hdmi_text_controller_v1_0 does not have driver. [c:/Users/curti/OneDrive/Documents/UIUC/ECE-385/Vivado_Projects/lab7_1/lab7_1.gen/sources_1/bd/design_1/ipshared/34c3/src/hdmi_text_controller_v1_0.sv:65]
WARNING: [Synth 8-3848] Net slv_regs[72] in module/entity hdmi_text_controller_v1_0 does not have driver. [c:/Users/curti/OneDrive/Documents/UIUC/ECE-385/Vivado_Projects/lab7_1/lab7_1.gen/sources_1/bd/design_1/ipshared/34c3/src/hdmi_text_controller_v1_0.sv:65]
WARNING: [Synth 8-3848] Net slv_regs[73] in module/entity hdmi_text_controller_v1_0 does not have driver. [c:/Users/curti/OneDrive/Documents/UIUC/ECE-385/Vivado_Projects/lab7_1/lab7_1.gen/sources_1/bd/design_1/ipshared/34c3/src/hdmi_text_controller_v1_0.sv:65]
WARNING: [Synth 8-3848] Net slv_regs[74] in module/entity hdmi_text_controller_v1_0 does not have driver. [c:/Users/curti/OneDrive/Documents/UIUC/ECE-385/Vivado_Projects/lab7_1/lab7_1.gen/sources_1/bd/design_1/ipshared/34c3/src/hdmi_text_controller_v1_0.sv:65]
WARNING: [Synth 8-3848] Net slv_regs[75] in module/entity hdmi_text_controller_v1_0 does not have driver. [c:/Users/curti/OneDrive/Documents/UIUC/ECE-385/Vivado_Projects/lab7_1/lab7_1.gen/sources_1/bd/design_1/ipshared/34c3/src/hdmi_text_controller_v1_0.sv:65]
WARNING: [Synth 8-3848] Net slv_regs[76] in module/entity hdmi_text_controller_v1_0 does not have driver. [c:/Users/curti/OneDrive/Documents/UIUC/ECE-385/Vivado_Projects/lab7_1/lab7_1.gen/sources_1/bd/design_1/ipshared/34c3/src/hdmi_text_controller_v1_0.sv:65]
WARNING: [Synth 8-3848] Net slv_regs[77] in module/entity hdmi_text_controller_v1_0 does not have driver. [c:/Users/curti/OneDrive/Documents/UIUC/ECE-385/Vivado_Projects/lab7_1/lab7_1.gen/sources_1/bd/design_1/ipshared/34c3/src/hdmi_text_controller_v1_0.sv:65]
WARNING: [Synth 8-3848] Net slv_regs[78] in module/entity hdmi_text_controller_v1_0 does not have driver. [c:/Users/curti/OneDrive/Documents/UIUC/ECE-385/Vivado_Projects/lab7_1/lab7_1.gen/sources_1/bd/design_1/ipshared/34c3/src/hdmi_text_controller_v1_0.sv:65]
WARNING: [Synth 8-3848] Net slv_regs[79] in module/entity hdmi_text_controller_v1_0 does not have driver. [c:/Users/curti/OneDrive/Documents/UIUC/ECE-385/Vivado_Projects/lab7_1/lab7_1.gen/sources_1/bd/design_1/ipshared/34c3/src/hdmi_text_controller_v1_0.sv:65]
WARNING: [Synth 8-3848] Net slv_regs[80] in module/entity hdmi_text_controller_v1_0 does not have driver. [c:/Users/curti/OneDrive/Documents/UIUC/ECE-385/Vivado_Projects/lab7_1/lab7_1.gen/sources_1/bd/design_1/ipshared/34c3/src/hdmi_text_controller_v1_0.sv:65]
WARNING: [Synth 8-3848] Net slv_regs[81] in module/entity hdmi_text_controller_v1_0 does not have driver. [c:/Users/curti/OneDrive/Documents/UIUC/ECE-385/Vivado_Projects/lab7_1/lab7_1.gen/sources_1/bd/design_1/ipshared/34c3/src/hdmi_text_controller_v1_0.sv:65]
WARNING: [Synth 8-3848] Net slv_regs[82] in module/entity hdmi_text_controller_v1_0 does not have driver. [c:/Users/curti/OneDrive/Documents/UIUC/ECE-385/Vivado_Projects/lab7_1/lab7_1.gen/sources_1/bd/design_1/ipshared/34c3/src/hdmi_text_controller_v1_0.sv:65]
WARNING: [Synth 8-3848] Net slv_regs[83] in module/entity hdmi_text_controller_v1_0 does not have driver. [c:/Users/curti/OneDrive/Documents/UIUC/ECE-385/Vivado_Projects/lab7_1/lab7_1.gen/sources_1/bd/design_1/ipshared/34c3/src/hdmi_text_controller_v1_0.sv:65]
WARNING: [Synth 8-3848] Net slv_regs[84] in module/entity hdmi_text_controller_v1_0 does not have driver. [c:/Users/curti/OneDrive/Documents/UIUC/ECE-385/Vivado_Projects/lab7_1/lab7_1.gen/sources_1/bd/design_1/ipshared/34c3/src/hdmi_text_controller_v1_0.sv:65]
WARNING: [Synth 8-3848] Net slv_regs[85] in module/entity hdmi_text_controller_v1_0 does not have driver. [c:/Users/curti/OneDrive/Documents/UIUC/ECE-385/Vivado_Projects/lab7_1/lab7_1.gen/sources_1/bd/design_1/ipshared/34c3/src/hdmi_text_controller_v1_0.sv:65]
WARNING: [Synth 8-3848] Net slv_regs[86] in module/entity hdmi_text_controller_v1_0 does not have driver. [c:/Users/curti/OneDrive/Documents/UIUC/ECE-385/Vivado_Projects/lab7_1/lab7_1.gen/sources_1/bd/design_1/ipshared/34c3/src/hdmi_text_controller_v1_0.sv:65]
WARNING: [Synth 8-3848] Net slv_regs[87] in module/entity hdmi_text_controller_v1_0 does not have driver. [c:/Users/curti/OneDrive/Documents/UIUC/ECE-385/Vivado_Projects/lab7_1/lab7_1.gen/sources_1/bd/design_1/ipshared/34c3/src/hdmi_text_controller_v1_0.sv:65]
WARNING: [Synth 8-3848] Net slv_regs[88] in module/entity hdmi_text_controller_v1_0 does not have driver. [c:/Users/curti/OneDrive/Documents/UIUC/ECE-385/Vivado_Projects/lab7_1/lab7_1.gen/sources_1/bd/design_1/ipshared/34c3/src/hdmi_text_controller_v1_0.sv:65]
WARNING: [Synth 8-3848] Net slv_regs[89] in module/entity hdmi_text_controller_v1_0 does not have driver. [c:/Users/curti/OneDrive/Documents/UIUC/ECE-385/Vivado_Projects/lab7_1/lab7_1.gen/sources_1/bd/design_1/ipshared/34c3/src/hdmi_text_controller_v1_0.sv:65]
WARNING: [Synth 8-3848] Net slv_regs[90] in module/entity hdmi_text_controller_v1_0 does not have driver. [c:/Users/curti/OneDrive/Documents/UIUC/ECE-385/Vivado_Projects/lab7_1/lab7_1.gen/sources_1/bd/design_1/ipshared/34c3/src/hdmi_text_controller_v1_0.sv:65]
WARNING: [Synth 8-3848] Net slv_regs[91] in module/entity hdmi_text_controller_v1_0 does not have driver. [c:/Users/curti/OneDrive/Documents/UIUC/ECE-385/Vivado_Projects/lab7_1/lab7_1.gen/sources_1/bd/design_1/ipshared/34c3/src/hdmi_text_controller_v1_0.sv:65]
WARNING: [Synth 8-3848] Net slv_regs[92] in module/entity hdmi_text_controller_v1_0 does not have driver. [c:/Users/curti/OneDrive/Documents/UIUC/ECE-385/Vivado_Projects/lab7_1/lab7_1.gen/sources_1/bd/design_1/ipshared/34c3/src/hdmi_text_controller_v1_0.sv:65]
WARNING: [Synth 8-3848] Net slv_regs[93] in module/entity hdmi_text_controller_v1_0 does not have driver. [c:/Users/curti/OneDrive/Documents/UIUC/ECE-385/Vivado_Projects/lab7_1/lab7_1.gen/sources_1/bd/design_1/ipshared/34c3/src/hdmi_text_controller_v1_0.sv:65]
WARNING: [Synth 8-3848] Net slv_regs[94] in module/entity hdmi_text_controller_v1_0 does not have driver. [c:/Users/curti/OneDrive/Documents/UIUC/ECE-385/Vivado_Projects/lab7_1/lab7_1.gen/sources_1/bd/design_1/ipshared/34c3/src/hdmi_text_controller_v1_0.sv:65]
WARNING: [Synth 8-3848] Net slv_regs[95] in module/entity hdmi_text_controller_v1_0 does not have driver. [c:/Users/curti/OneDrive/Documents/UIUC/ECE-385/Vivado_Projects/lab7_1/lab7_1.gen/sources_1/bd/design_1/ipshared/34c3/src/hdmi_text_controller_v1_0.sv:65]
WARNING: [Synth 8-3848] Net slv_regs[96] in module/entity hdmi_text_controller_v1_0 does not have driver. [c:/Users/curti/OneDrive/Documents/UIUC/ECE-385/Vivado_Projects/lab7_1/lab7_1.gen/sources_1/bd/design_1/ipshared/34c3/src/hdmi_text_controller_v1_0.sv:65]
WARNING: [Synth 8-3848] Net slv_regs[97] in module/entity hdmi_text_controller_v1_0 does not have driver. [c:/Users/curti/OneDrive/Documents/UIUC/ECE-385/Vivado_Projects/lab7_1/lab7_1.gen/sources_1/bd/design_1/ipshared/34c3/src/hdmi_text_controller_v1_0.sv:65]
WARNING: [Synth 8-3848] Net slv_regs[98] in module/entity hdmi_text_controller_v1_0 does not have driver. [c:/Users/curti/OneDrive/Documents/UIUC/ECE-385/Vivado_Projects/lab7_1/lab7_1.gen/sources_1/bd/design_1/ipshared/34c3/src/hdmi_text_controller_v1_0.sv:65]
WARNING: [Synth 8-3848] Net slv_regs[99] in module/entity hdmi_text_controller_v1_0 does not have driver. [c:/Users/curti/OneDrive/Documents/UIUC/ECE-385/Vivado_Projects/lab7_1/lab7_1.gen/sources_1/bd/design_1/ipshared/34c3/src/hdmi_text_controller_v1_0.sv:65]
INFO: [Common 17-14] Message 'Synth 8-3848' appears 100 times and further instances of the messages will be disabled. Use the Tcl command set_msg_config to change the current settings.
WARNING: [Synth 8-7129] Port S_AXI_AWPROT[2] in module hdmi_text_controller_v1_0_AXI is either unconnected or has no load
WARNING: [Synth 8-7129] Port S_AXI_AWPROT[1] in module hdmi_text_controller_v1_0_AXI is either unconnected or has no load
WARNING: [Synth 8-7129] Port S_AXI_AWPROT[0] in module hdmi_text_controller_v1_0_AXI is either unconnected or has no load
WARNING: [Synth 8-7129] Port S_AXI_ARPROT[2] in module hdmi_text_controller_v1_0_AXI is either unconnected or has no load
WARNING: [Synth 8-7129] Port S_AXI_ARPROT[1] in module hdmi_text_controller_v1_0_AXI is either unconnected or has no load
WARNING: [Synth 8-7129] Port S_AXI_ARPROT[0] in module hdmi_text_controller_v1_0_AXI is either unconnected or has no load
---------------------------------------------------------------------------------
Finished RTL Elaboration : Time (s): cpu = 00:00:07 ; elapsed = 00:00:13 . Memory (MB): peak = 1846.812 ; gain = 1066.465
---------------------------------------------------------------------------------
---------------------------------------------------------------------------------
Start Handling Custom Attributes
---------------------------------------------------------------------------------
---------------------------------------------------------------------------------
Finished Handling Custom Attributes : Time (s): cpu = 00:00:07 ; elapsed = 00:00:14 . Memory (MB): peak = 1846.812 ; gain = 1066.465
---------------------------------------------------------------------------------
---------------------------------------------------------------------------------
Finished RTL Optimization Phase 1 : Time (s): cpu = 00:00:07 ; elapsed = 00:00:14 . Memory (MB): peak = 1846.812 ; gain = 1066.465
---------------------------------------------------------------------------------
Netlist sorting complete. Time (s): cpu = 00:00:00 ; elapsed = 00:00:00.711 . Memory (MB): peak = 1846.812 ; gain = 0.000
INFO: [Netlist 29-17] Analyzing 5 Unisim elements for replacement
INFO: [Netlist 29-28] Unisim Transformation completed in 0 CPU seconds
INFO: [Project 1-570] Preparing netlist for logic optimization

Processing XDC Constraints
Initializing timing engine
Parsing XDC File [c:/Users/curti/OneDrive/Documents/UIUC/ECE-385/Vivado_Projects/lab7_1/lab7_1.gen/sources_1/bd/design_1/ip/design_1_hdmi_text_controller_0_1/src/clk_wiz_0_2/clk_wiz_0.xdc] for cell 'inst/clk_wiz/inst'
Finished Parsing XDC File [c:/Users/curti/OneDrive/Documents/UIUC/ECE-385/Vivado_Projects/lab7_1/lab7_1.gen/sources_1/bd/design_1/ip/design_1_hdmi_text_controller_0_1/src/clk_wiz_0_2/clk_wiz_0.xdc] for cell 'inst/clk_wiz/inst'
Parsing XDC File [C:/Users/curti/OneDrive/Documents/UIUC/ECE-385/Vivado_Projects/lab7_1/lab7_1.runs/design_1_hdmi_text_controller_0_1_synth_1/dont_touch.xdc]
Finished Parsing XDC File [C:/Users/curti/OneDrive/Documents/UIUC/ECE-385/Vivado_Projects/lab7_1/lab7_1.runs/design_1_hdmi_text_controller_0_1_synth_1/dont_touch.xdc]
INFO: [Project 1-236] Implementation specific constraints were found while reading constraint file [C:/Users/curti/OneDrive/Documents/UIUC/ECE-385/Vivado_Projects/lab7_1/lab7_1.runs/design_1_hdmi_text_controller_0_1_synth_1/dont_touch.xdc]. These constraints will be ignored for synthesis but will be used in implementation. Impacted constraints are listed in the file [.Xil/design_1_hdmi_text_controller_0_1_propImpl.xdc].
Resolution: To avoid this warning, move constraints listed in [.Xil/design_1_hdmi_text_controller_0_1_propImpl.xdc] to another XDC file and exclude this new file from synthesis with the used_in_synthesis property (File Properties dialog in GUI) and re-run elaboration/synthesis.
Parsing XDC File [c:/Users/curti/OneDrive/Documents/UIUC/ECE-385/Vivado_Projects/lab7_1/lab7_1.gen/sources_1/bd/design_1/ip/design_1_hdmi_text_controller_0_1/src/clk_wiz_0_2/clk_wiz_0_late.xdc] for cell 'inst/clk_wiz/inst'
Finished Parsing XDC File [c:/Users/curti/OneDrive/Documents/UIUC/ECE-385/Vivado_Projects/lab7_1/lab7_1.gen/sources_1/bd/design_1/ip/design_1_hdmi_text_controller_0_1/src/clk_wiz_0_2/clk_wiz_0_late.xdc] for cell 'inst/clk_wiz/inst'
Completed Processing XDC Constraints

Netlist sorting complete. Time (s): cpu = 00:00:00 ; elapsed = 00:00:00.004 . Memory (MB): peak = 1846.812 ; gain = 0.000
INFO: [Project 1-111] Unisim Transformation Summary:
No Unisim elements were transformed.

Constraint Validation Runtime : Time (s): cpu = 00:00:00 ; elapsed = 00:00:00.114 . Memory (MB): peak = 1846.812 ; gain = 0.000
INFO: [Designutils 20-5008] Incremental synthesis strategy off
INFO: [Synth 8-11241] undeclared symbol 'REGCCE', assumed default net type 'wire' [C:/Xilinx/Vivado/2022.2/data/verilog/src/unimacro/BRAM_SINGLE_MACRO.v:2170]
---------------------------------------------------------------------------------
Finished Constraint Validation : Time (s): cpu = 00:00:15 ; elapsed = 00:00:26 . Memory (MB): peak = 1846.812 ; gain = 1066.465
---------------------------------------------------------------------------------
---------------------------------------------------------------------------------
Start Loading Part and Timing Information
---------------------------------------------------------------------------------
Loading part: xc7s50csga324-1
---------------------------------------------------------------------------------
Finished Loading Part and Timing Information : Time (s): cpu = 00:00:15 ; elapsed = 00:00:26 . Memory (MB): peak = 1846.812 ; gain = 1066.465
---------------------------------------------------------------------------------
---------------------------------------------------------------------------------
Start Applying 'set_property' XDC Constraints
---------------------------------------------------------------------------------
Applied set_property KEEP_HIERARCHY = SOFT for inst/clk_wiz/inst. (constraint file  C:/Users/curti/OneDrive/Documents/UIUC/ECE-385/Vivado_Projects/lab7_1/lab7_1.runs/design_1_hdmi_text_controller_0_1_synth_1/dont_touch.xdc, line 14).
Applied set_property KEEP_HIERARCHY = SOFT for inst/clk_wiz. (constraint file  auto generated constraint).
Applied set_property KEEP_HIERARCHY = SOFT for inst/vga_to_hdmi. (constraint file  auto generated constraint).
---------------------------------------------------------------------------------
Finished applying 'set_property' XDC Constraints : Time (s): cpu = 00:00:15 ; elapsed = 00:00:26 . Memory (MB): peak = 1846.812 ; gain = 1066.465
---------------------------------------------------------------------------------
---------------------------------------------------------------------------------
Finished RTL Optimization Phase 2 : Time (s): cpu = 00:00:24 ; elapsed = 00:00:38 . Memory (MB): peak = 1846.812 ; gain = 1066.465
---------------------------------------------------------------------------------
---------------------------------------------------------------------------------
Start RTL Component Statistics 
---------------------------------------------------------------------------------
Detailed RTL Component Info : 
+---Adders : 
	   2 Input   11 Bit       Adders := 2     
	   2 Input   10 Bit       Adders := 2     
	   5 Input    5 Bit       Adders := 6     
	   4 Input    5 Bit       Adders := 3     
	   8 Input    4 Bit       Adders := 6     
	   2 Input    4 Bit       Adders := 3     
+---XORs : 
	   2 Input      1 Bit         XORs := 42    
+---Registers : 
	               32 Bit    Registers := 602   
	               12 Bit    Registers := 2     
	               10 Bit    Registers := 5     
	                9 Bit    Registers := 3     
	                8 Bit    Registers := 3     
	                5 Bit    Registers := 3     
	                4 Bit    Registers := 15    
	                2 Bit    Registers := 2     
	                1 Bit    Registers := 41    
+---Muxes : 
	   2 Input   32 Bit        Muxes := 601   
	   2 Input   10 Bit        Muxes := 6     
	  22 Input   10 Bit        Muxes := 1     
	   4 Input   10 Bit        Muxes := 2     
	   2 Input    8 Bit        Muxes := 2417  
	   4 Input    8 Bit        Muxes := 1     
	   2 Input    5 Bit        Muxes := 12    
	   2 Input    4 Bit        Muxes := 13    
	   2 Input    1 Bit        Muxes := 26    
---------------------------------------------------------------------------------
Finished RTL Component Statistics 
---------------------------------------------------------------------------------
---------------------------------------------------------------------------------
Start Part Resource Summary
---------------------------------------------------------------------------------
Part Resources:
DSPs: 120 (col length:60)
BRAMs: 150 (col length: RAMB18 60 RAMB36 30)
---------------------------------------------------------------------------------
Finished Part Resource Summary
---------------------------------------------------------------------------------
---------------------------------------------------------------------------------
Start Cross Boundary and Area Optimization
---------------------------------------------------------------------------------
WARNING: [Synth 8-7129] Port axi_awprot[2] in module design_1_hdmi_text_controller_0_1 is either unconnected or has no load
WARNING: [Synth 8-7129] Port axi_awprot[1] in module design_1_hdmi_text_controller_0_1 is either unconnected or has no load
WARNING: [Synth 8-7129] Port axi_awprot[0] in module design_1_hdmi_text_controller_0_1 is either unconnected or has no load
WARNING: [Synth 8-7129] Port axi_arprot[2] in module design_1_hdmi_text_controller_0_1 is either unconnected or has no load
WARNING: [Synth 8-7129] Port axi_arprot[1] in module design_1_hdmi_text_controller_0_1 is either unconnected or has no load
WARNING: [Synth 8-7129] Port axi_arprot[0] in module design_1_hdmi_text_controller_0_1 is either unconnected or has no load
INFO: [Synth 8-3886] merging instance 'axi_rresp_reg[0]' (FDRE) to 'axi_rresp_reg[1]'
INFO: [Synth 8-3333] propagating constant 0 across sequential element (\axi_rresp_reg[1] )
INFO: [Synth 8-3886] merging instance 'axi_bresp_reg[0]' (FDRE) to 'axi_bresp_reg[1]'
INFO: [Synth 8-3333] propagating constant 0 across sequential element (\axi_bresp_reg[1] )
---------------------------------------------------------------------------------
Finished Cross Boundary and Area Optimization : Time (s): cpu = 00:00:46 ; elapsed = 00:01:30 . Memory (MB): peak = 1846.812 ; gain = 1066.465
---------------------------------------------------------------------------------
---------------------------------------------------------------------------------
Start ROM, RAM, DSP, Shift Register and Retiming Reporting
---------------------------------------------------------------------------------

ROM: Preliminary Mapping Report
+------------+------------+---------------+----------------+
|Module Name | RTL Object | Depth x Width | Implemented As | 
+------------+------------+---------------+----------------+
|font_rom    | ROM        | 2048x8        | LUT            | 
+------------+------------+---------------+----------------+

---------------------------------------------------------------------------------
Finished ROM, RAM, DSP, Shift Register and Retiming Reporting
---------------------------------------------------------------------------------
---------------------------------------------------------------------------------
Start Applying XDC Timing Constraints
---------------------------------------------------------------------------------
---------------------------------------------------------------------------------
Finished Applying XDC Timing Constraints : Time (s): cpu = 00:00:50 ; elapsed = 00:01:36 . Memory (MB): peak = 1846.812 ; gain = 1066.465
---------------------------------------------------------------------------------
---------------------------------------------------------------------------------
Start Timing Optimization
---------------------------------------------------------------------------------
---------------------------------------------------------------------------------
Finished Timing Optimization : Time (s): cpu = 00:00:52 ; elapsed = 00:01:38 . Memory (MB): peak = 1846.812 ; gain = 1066.465
---------------------------------------------------------------------------------
---------------------------------------------------------------------------------
Start Technology Mapping
---------------------------------------------------------------------------------
---------------------------------------------------------------------------------
Finished Technology Mapping : Time (s): cpu = 00:00:54 ; elapsed = 00:01:47 . Memory (MB): peak = 1846.812 ; gain = 1066.465
---------------------------------------------------------------------------------
---------------------------------------------------------------------------------
Start IO Insertion
---------------------------------------------------------------------------------
---------------------------------------------------------------------------------
Start Flattening Before IO Insertion
---------------------------------------------------------------------------------
---------------------------------------------------------------------------------
Finished Flattening Before IO Insertion
---------------------------------------------------------------------------------
---------------------------------------------------------------------------------
Start Final Netlist Cleanup
---------------------------------------------------------------------------------
---------------------------------------------------------------------------------
Finished Final Netlist Cleanup
---------------------------------------------------------------------------------
---------------------------------------------------------------------------------
Finished IO Insertion : Time (s): cpu = 00:00:59 ; elapsed = 00:01:53 . Memory (MB): peak = 1846.812 ; gain = 1066.465
---------------------------------------------------------------------------------
---------------------------------------------------------------------------------
Start Renaming Generated Instances
---------------------------------------------------------------------------------
---------------------------------------------------------------------------------
Finished Renaming Generated Instances : Time (s): cpu = 00:00:59 ; elapsed = 00:01:53 . Memory (MB): peak = 1846.812 ; gain = 1066.465
---------------------------------------------------------------------------------
---------------------------------------------------------------------------------
Start Rebuilding User Hierarchy
---------------------------------------------------------------------------------
---------------------------------------------------------------------------------
Finished Rebuilding User Hierarchy : Time (s): cpu = 00:00:59 ; elapsed = 00:01:53 . Memory (MB): peak = 1846.812 ; gain = 1066.465
---------------------------------------------------------------------------------
---------------------------------------------------------------------------------
Start Renaming Generated Ports
---------------------------------------------------------------------------------
---------------------------------------------------------------------------------
Finished Renaming Generated Ports : Time (s): cpu = 00:00:59 ; elapsed = 00:01:53 . Memory (MB): peak = 1846.812 ; gain = 1066.465
---------------------------------------------------------------------------------
---------------------------------------------------------------------------------
Start Handling Custom Attributes
---------------------------------------------------------------------------------
---------------------------------------------------------------------------------
Finished Handling Custom Attributes : Time (s): cpu = 00:01:00 ; elapsed = 00:01:54 . Memory (MB): peak = 1846.812 ; gain = 1066.465
---------------------------------------------------------------------------------
---------------------------------------------------------------------------------
Start Renaming Generated Nets
---------------------------------------------------------------------------------
---------------------------------------------------------------------------------
Finished Renaming Generated Nets : Time (s): cpu = 00:01:00 ; elapsed = 00:01:54 . Memory (MB): peak = 1846.812 ; gain = 1066.465
---------------------------------------------------------------------------------
---------------------------------------------------------------------------------
Start ROM, RAM, DSP, Shift Register and Retiming Reporting
---------------------------------------------------------------------------------

Static Shift Register Report:
+------------+----------------------+--------+-------+--------------+--------------------+-------------------+--------+---------+
|Module Name | RTL Name             | Length | Width | Reset Signal | Pull out first Reg | Pull out last Reg | SRL16E | SRLC32E | 
+------------+----------------------+--------+-------+--------------+--------------------+-------------------+--------+---------+
|hdmi_tx_0   | inst/encg/c0_reg_reg | 3      | 1     | NO           | NO                 | YES               | 1      | 0       | 
+------------+----------------------+--------+-------+--------------+--------------------+-------------------+--------+---------+

---------------------------------------------------------------------------------
Finished ROM, RAM, DSP, Shift Register and Retiming Reporting
---------------------------------------------------------------------------------
---------------------------------------------------------------------------------
Start Writing Synthesis Report
---------------------------------------------------------------------------------

Report BlackBoxes: 
+-+--------------+----------+
| |BlackBox name |Instances |
+-+--------------+----------+
+-+--------------+----------+

Report Cell Usage: 
+------+-----------+------+
|      |Cell       |Count |
+------+-----------+------+
|1     |BUFG       |     3|
|2     |LUT1       |     2|
|3     |LUT2       |   233|
|4     |LUT3       |  1036|
|5     |LUT4       |   984|
|6     |LUT5       |  2004|
|7     |LUT6       |  3825|
|8     |MMCME2_ADV |     1|
|9     |MUXF7      |  1472|
|10    |MUXF8      |   544|
|11    |OSERDESE2  |     8|
|13    |SRL16E     |    39|
|14    |FDCE       |    64|
|15    |FDRE       | 15116|
|16    |FDSE       |     1|
|17    |OBUFDS     |     4|
+------+-----------+------+
---------------------------------------------------------------------------------
Finished Writing Synthesis Report : Time (s): cpu = 00:01:00 ; elapsed = 00:01:54 . Memory (MB): peak = 1846.812 ; gain = 1066.465
---------------------------------------------------------------------------------
Synthesis finished with 0 errors, 0 critical warnings and 6 warnings.
Synthesis Optimization Runtime : Time (s): cpu = 00:00:49 ; elapsed = 00:01:47 . Memory (MB): peak = 1846.812 ; gain = 1066.465
Synthesis Optimization Complete : Time (s): cpu = 00:01:00 ; elapsed = 00:01:54 . Memory (MB): peak = 1846.812 ; gain = 1066.465
INFO: [Project 1-571] Translating synthesized netlist
Netlist sorting complete. Time (s): cpu = 00:00:00 ; elapsed = 00:00:00.200 . Memory (MB): peak = 1846.812 ; gain = 0.000
INFO: [Netlist 29-17] Analyzing 2021 Unisim elements for replacement
INFO: [Netlist 29-28] Unisim Transformation completed in 1 CPU seconds
WARNING: [Netlist 29-101] Netlist 'design_1_hdmi_text_controller_0_1' is not ideal for floorplanning, since the cellview 'hdmi_text_controller_v1_0_AXI' contains a large number of primitives.  Please consider enabling hierarchy in synthesis if you want to do floorplanning.
INFO: [Project 1-570] Preparing netlist for logic optimization
INFO: [Opt 31-138] Pushed 0 inverter(s) to 0 load pin(s).
Netlist sorting complete. Time (s): cpu = 00:00:00 ; elapsed = 00:00:00.004 . Memory (MB): peak = 1846.812 ; gain = 0.000
INFO: [Project 1-111] Unisim Transformation Summary:
No Unisim elements were transformed.

Synth Design complete, checksum: 4f66a7e8
INFO: [Common 17-83] Releasing license: Synthesis
75 Infos, 324 Warnings, 0 Critical Warnings and 0 Errors encountered.
synth_design completed successfully
synth_design: Time (s): cpu = 00:01:03 ; elapsed = 00:02:01 . Memory (MB): peak = 1846.812 ; gain = 1440.516
INFO: [Common 17-1381] The checkpoint 'C:/Users/curti/OneDrive/Documents/UIUC/ECE-385/Vivado_Projects/lab7_1/lab7_1.runs/design_1_hdmi_text_controller_0_1_synth_1/design_1_hdmi_text_controller_0_1.dcp' has been generated.
INFO: [Coretcl 2-1648] Added synthesis output to IP cache for IP design_1_hdmi_text_controller_0_1, cache-ID = 69621cfb9add6ef1
INFO: [Coretcl 2-1174] Renamed 15 cell refs.
INFO: [Common 17-1381] The checkpoint 'C:/Users/curti/OneDrive/Documents/UIUC/ECE-385/Vivado_Projects/lab7_1/lab7_1.runs/design_1_hdmi_text_controller_0_1_synth_1/design_1_hdmi_text_controller_0_1.dcp' has been generated.
INFO: [runtcl-4] Executing : report_utilization -file design_1_hdmi_text_controller_0_1_utilization_synth.rpt -pb design_1_hdmi_text_controller_0_1_utilization_synth.pb
INFO: [Common 17-206] Exiting Vivado at Fri Nov  1 05:20:50 2024...
