TRACE::2024-11-01.04:24:44::SCWPlatform::Trying to open the hw design at C:/Users/curti/OneDrive/Documents/UIUC/ECE-385/Vivado_Projects/lab7_1/lab7_1_workspace/mb_usb_hdmi_top/hw/mb_usb_hdmi_top.xsa
TRACE::2024-11-01.04:24:44::SCWPlatform::DSA given C:/Users/curti/OneDrive/Documents/UIUC/ECE-385/Vivado_Projects/lab7_1/lab7_1_workspace/mb_usb_hdmi_top/hw/mb_usb_hdmi_top.xsa
TRACE::2024-11-01.04:24:44::SCWPlatform::DSA absoulate path C:/Users/curti/OneDrive/Documents/UIUC/ECE-385/Vivado_Projects/lab7_1/lab7_1_workspace/mb_usb_hdmi_top/hw/mb_usb_hdmi_top.xsa
TRACE::2024-11-01.04:24:44::SCWPlatform::DSA directory C:/Users/curti/OneDrive/Documents/UIUC/ECE-385/Vivado_Projects/lab7_1/lab7_1_workspace/mb_usb_hdmi_top/hw
TRACE::2024-11-01.04:24:44::SCWPlatform:: Platform Path C:/Users/curti/OneDrive/Documents/UIUC/ECE-385/Vivado_Projects/lab7_1/lab7_1_workspace/mb_usb_hdmi_top/hw/mb_usb_hdmi_top.xsa
TRACE::2024-11-01.04:24:44::SCWPlatform:: Unique name xilinx:::0.0
TRACE::2024-11-01.04:24:44::SCWPlatform::Do not have an existing db opened. 
TRACE::2024-11-01.04:24:45::SCWPlatform::Opened new HwDB with name mb_usb_hdmi_top_0
TRACE::2024-11-01.04:24:45::SCWWriter::formatted JSON is {
	"platformName":	"mb_usb_hdmi_top",
	"sprVersion":	"2.0",
	"mode":	"gui",
	"dsaType":	"Fixed",
	"platformDesc":	"mb_usb_hdmi_top",
	"platHandOff":	"C:/Users/curti/OneDrive/Documents/UIUC/ECE-385/Vivado_Projects/lab7_1/mb_usb_hdmi_top.xsa",
	"platIntHandOff":	"<platformDir>/hw/mb_usb_hdmi_top.xsa",
	"deviceType":	"FPGA",
	"platIsPrebuiltAutogen":	"false",
	"platIsNoBootBsp":	"false",
	"hasFsblMakeHasChanges":	"false",
	"hasPmufwMakeHasChanges":	"false",
	"platPreBuiltFlag":	false,
	"platformSamplesDir":	""
}
TRACE::2024-11-01.04:24:45::SCWWriter::formatted JSON is {
	"platformName":	"mb_usb_hdmi_top",
	"sprVersion":	"2.0",
	"mode":	"gui",
	"dsaType":	"Fixed",
	"platformDesc":	"mb_usb_hdmi_top",
	"platHandOff":	"C:/Users/curti/OneDrive/Documents/UIUC/ECE-385/Vivado_Projects/lab7_1/mb_usb_hdmi_top.xsa",
	"platIntHandOff":	"<platformDir>/hw/mb_usb_hdmi_top.xsa",
	"deviceType":	"FPGA",
	"platIsPrebuiltAutogen":	"false",
	"platIsNoBootBsp":	"false",
	"hasFsblMakeHasChanges":	"false",
	"hasPmufwMakeHasChanges":	"false",
	"platPreBuiltFlag":	false,
	"platformSamplesDir":	"",
	"platActiveSys":	"mb_usb_hdmi_top",
	"systems":	[{
			"systemName":	"mb_usb_hdmi_top",
			"systemDesc":	"mb_usb_hdmi_top",
			"sysIsBootAutoGen":	"true",
			"systemDispName":	"mb_usb_hdmi_top"
		}]
}
TRACE::2024-11-01.04:24:45::SCWPlatform::Boot application domains not present, creating them
TRACE::2024-11-01.04:24:45::SCWPlatform::Pure FPGA device, no boot application will be created.
TRACE::2024-11-01.04:24:45::SCWWriter::formatted JSON is {
	"platformName":	"mb_usb_hdmi_top",
	"sprVersion":	"2.0",
	"mode":	"gui",
	"dsaType":	"Fixed",
	"platformDesc":	"mb_usb_hdmi_top",
	"platHandOff":	"C:/Users/curti/OneDrive/Documents/UIUC/ECE-385/Vivado_Projects/lab7_1/mb_usb_hdmi_top.xsa",
	"platIntHandOff":	"<platformDir>/hw/mb_usb_hdmi_top.xsa",
	"deviceType":	"FPGA",
	"platIsPrebuiltAutogen":	"false",
	"platIsNoBootBsp":	"false",
	"hasFsblMakeHasChanges":	"false",
	"hasPmufwMakeHasChanges":	"false",
	"platPreBuiltFlag":	false,
	"platformSamplesDir":	"",
	"platActiveSys":	"mb_usb_hdmi_top",
	"systems":	[{
			"systemName":	"mb_usb_hdmi_top",
			"systemDesc":	"mb_usb_hdmi_top",
			"sysIsBootAutoGen":	"true",
			"systemDispName":	"mb_usb_hdmi_top"
		}]
}
TRACE::2024-11-01.04:24:45::SCWWriter::formatted JSON is {
	"platformName":	"mb_usb_hdmi_top",
	"sprVersion":	"2.0",
	"mode":	"gui",
	"dsaType":	"Fixed",
	"platformDesc":	"mb_usb_hdmi_top",
	"platHandOff":	"C:/Users/curti/OneDrive/Documents/UIUC/ECE-385/Vivado_Projects/lab7_1/mb_usb_hdmi_top.xsa",
	"platIntHandOff":	"<platformDir>/hw/mb_usb_hdmi_top.xsa",
	"deviceType":	"FPGA",
	"platIsPrebuiltAutogen":	"false",
	"platIsNoBootBsp":	"false",
	"hasFsblMakeHasChanges":	"false",
	"hasPmufwMakeHasChanges":	"false",
	"platPreBuiltFlag":	false,
	"platformSamplesDir":	"",
	"platActiveSys":	"mb_usb_hdmi_top",
	"systems":	[{
			"systemName":	"mb_usb_hdmi_top",
			"systemDesc":	"mb_usb_hdmi_top",
			"sysIsBootAutoGen":	"true",
			"systemDispName":	"mb_usb_hdmi_top"
		}]
}
TRACE::2024-11-01.04:24:45::SCWPlatform::Trying to open the hw design at C:/Users/curti/OneDrive/Documents/UIUC/ECE-385/Vivado_Projects/lab7_1/lab7_1_workspace/mb_usb_hdmi_top/hw/mb_usb_hdmi_top.xsa
TRACE::2024-11-01.04:24:45::SCWPlatform::DSA given C:/Users/curti/OneDrive/Documents/UIUC/ECE-385/Vivado_Projects/lab7_1/lab7_1_workspace/mb_usb_hdmi_top/hw/mb_usb_hdmi_top.xsa
TRACE::2024-11-01.04:24:45::SCWPlatform::DSA absoulate path C:/Users/curti/OneDrive/Documents/UIUC/ECE-385/Vivado_Projects/lab7_1/lab7_1_workspace/mb_usb_hdmi_top/hw/mb_usb_hdmi_top.xsa
TRACE::2024-11-01.04:24:45::SCWPlatform::DSA directory C:/Users/curti/OneDrive/Documents/UIUC/ECE-385/Vivado_Projects/lab7_1/lab7_1_workspace/mb_usb_hdmi_top/hw
TRACE::2024-11-01.04:24:45::SCWPlatform:: Platform Path C:/Users/curti/OneDrive/Documents/UIUC/ECE-385/Vivado_Projects/lab7_1/lab7_1_workspace/mb_usb_hdmi_top/hw/mb_usb_hdmi_top.xsa
TRACE::2024-11-01.04:24:45::SCWPlatform:: Unique name xilinx:::0.0
TRACE::2024-11-01.04:24:45::SCWPlatform::Trying to set the existing hwdb with name mb_usb_hdmi_top_0
TRACE::2024-11-01.04:24:45::SCWPlatform::Opened existing hwdb mb_usb_hdmi_top_0
TRACE::2024-11-01.04:24:45::SCWPlatform::Found the Hw Db part of the input DSA
TRACE::2024-11-01.04:24:45::SCWPlatform::Trying to open the hw design at C:/Users/curti/OneDrive/Documents/UIUC/ECE-385/Vivado_Projects/lab7_1/lab7_1_workspace/mb_usb_hdmi_top/hw/mb_usb_hdmi_top.xsa
TRACE::2024-11-01.04:24:45::SCWPlatform::DSA given C:/Users/curti/OneDrive/Documents/UIUC/ECE-385/Vivado_Projects/lab7_1/lab7_1_workspace/mb_usb_hdmi_top/hw/mb_usb_hdmi_top.xsa
TRACE::2024-11-01.04:24:45::SCWPlatform::DSA absoulate path C:/Users/curti/OneDrive/Documents/UIUC/ECE-385/Vivado_Projects/lab7_1/lab7_1_workspace/mb_usb_hdmi_top/hw/mb_usb_hdmi_top.xsa
TRACE::2024-11-01.04:24:45::SCWPlatform::DSA directory C:/Users/curti/OneDrive/Documents/UIUC/ECE-385/Vivado_Projects/lab7_1/lab7_1_workspace/mb_usb_hdmi_top/hw
TRACE::2024-11-01.04:24:45::SCWPlatform:: Platform Path C:/Users/curti/OneDrive/Documents/UIUC/ECE-385/Vivado_Projects/lab7_1/lab7_1_workspace/mb_usb_hdmi_top/hw/mb_usb_hdmi_top.xsa
TRACE::2024-11-01.04:24:45::SCWPlatform:: Unique name xilinx:::0.0
TRACE::2024-11-01.04:24:45::SCWPlatform::Trying to set the existing hwdb with name mb_usb_hdmi_top_0
TRACE::2024-11-01.04:24:45::SCWPlatform::Opened existing hwdb mb_usb_hdmi_top_0
TRACE::2024-11-01.04:24:45::SCWPlatform::Found the Hw Db part of the input DSA
TRACE::2024-11-01.04:24:45::SCWDomain::checking for install qemu data   : 
TRACE::2024-11-01.04:24:45::SCWPlatform::Trying to open the hw design at C:/Users/curti/OneDrive/Documents/UIUC/ECE-385/Vivado_Projects/lab7_1/lab7_1_workspace/mb_usb_hdmi_top/hw/mb_usb_hdmi_top.xsa
TRACE::2024-11-01.04:24:45::SCWPlatform::DSA given C:/Users/curti/OneDrive/Documents/UIUC/ECE-385/Vivado_Projects/lab7_1/lab7_1_workspace/mb_usb_hdmi_top/hw/mb_usb_hdmi_top.xsa
TRACE::2024-11-01.04:24:45::SCWPlatform::DSA absoulate path C:/Users/curti/OneDrive/Documents/UIUC/ECE-385/Vivado_Projects/lab7_1/lab7_1_workspace/mb_usb_hdmi_top/hw/mb_usb_hdmi_top.xsa
TRACE::2024-11-01.04:24:45::SCWPlatform::DSA directory C:/Users/curti/OneDrive/Documents/UIUC/ECE-385/Vivado_Projects/lab7_1/lab7_1_workspace/mb_usb_hdmi_top/hw
TRACE::2024-11-01.04:24:45::SCWPlatform:: Platform Path C:/Users/curti/OneDrive/Documents/UIUC/ECE-385/Vivado_Projects/lab7_1/lab7_1_workspace/mb_usb_hdmi_top/hw/mb_usb_hdmi_top.xsa
TRACE::2024-11-01.04:24:45::SCWPlatform:: Unique name xilinx:::0.0
TRACE::2024-11-01.04:24:45::SCWPlatform::Trying to set the existing hwdb with name mb_usb_hdmi_top_0
TRACE::2024-11-01.04:24:45::SCWPlatform::Opened existing hwdb mb_usb_hdmi_top_0
TRACE::2024-11-01.04:24:45::SCWPlatform::Found the Hw Db part of the input DSA
TRACE::2024-11-01.04:24:45::SCWPlatform::Trying to open the hw design at C:/Users/curti/OneDrive/Documents/UIUC/ECE-385/Vivado_Projects/lab7_1/lab7_1_workspace/mb_usb_hdmi_top/hw/mb_usb_hdmi_top.xsa
TRACE::2024-11-01.04:24:45::SCWPlatform::DSA given C:/Users/curti/OneDrive/Documents/UIUC/ECE-385/Vivado_Projects/lab7_1/lab7_1_workspace/mb_usb_hdmi_top/hw/mb_usb_hdmi_top.xsa
TRACE::2024-11-01.04:24:45::SCWPlatform::DSA absoulate path C:/Users/curti/OneDrive/Documents/UIUC/ECE-385/Vivado_Projects/lab7_1/lab7_1_workspace/mb_usb_hdmi_top/hw/mb_usb_hdmi_top.xsa
TRACE::2024-11-01.04:24:45::SCWPlatform::DSA directory C:/Users/curti/OneDrive/Documents/UIUC/ECE-385/Vivado_Projects/lab7_1/lab7_1_workspace/mb_usb_hdmi_top/hw
TRACE::2024-11-01.04:24:45::SCWPlatform:: Platform Path C:/Users/curti/OneDrive/Documents/UIUC/ECE-385/Vivado_Projects/lab7_1/lab7_1_workspace/mb_usb_hdmi_top/hw/mb_usb_hdmi_top.xsa
TRACE::2024-11-01.04:24:45::SCWPlatform:: Unique name xilinx:::0.0
TRACE::2024-11-01.04:24:45::SCWPlatform::Trying to set the existing hwdb with name mb_usb_hdmi_top_0
TRACE::2024-11-01.04:24:45::SCWPlatform::Opened existing hwdb mb_usb_hdmi_top_0
TRACE::2024-11-01.04:24:45::SCWPlatform::Found the Hw Db part of the input DSA
TRACE::2024-11-01.04:24:45::SCWPlatform::Trying to open the hw design at C:/Users/curti/OneDrive/Documents/UIUC/ECE-385/Vivado_Projects/lab7_1/lab7_1_workspace/mb_usb_hdmi_top/hw/mb_usb_hdmi_top.xsa
TRACE::2024-11-01.04:24:45::SCWPlatform::DSA given C:/Users/curti/OneDrive/Documents/UIUC/ECE-385/Vivado_Projects/lab7_1/lab7_1_workspace/mb_usb_hdmi_top/hw/mb_usb_hdmi_top.xsa
TRACE::2024-11-01.04:24:45::SCWPlatform::DSA absoulate path C:/Users/curti/OneDrive/Documents/UIUC/ECE-385/Vivado_Projects/lab7_1/lab7_1_workspace/mb_usb_hdmi_top/hw/mb_usb_hdmi_top.xsa
TRACE::2024-11-01.04:24:45::SCWPlatform::DSA directory C:/Users/curti/OneDrive/Documents/UIUC/ECE-385/Vivado_Projects/lab7_1/lab7_1_workspace/mb_usb_hdmi_top/hw
TRACE::2024-11-01.04:24:45::SCWPlatform:: Platform Path C:/Users/curti/OneDrive/Documents/UIUC/ECE-385/Vivado_Projects/lab7_1/lab7_1_workspace/mb_usb_hdmi_top/hw/mb_usb_hdmi_top.xsa
TRACE::2024-11-01.04:24:45::SCWPlatform:: Unique name xilinx:::0.0
TRACE::2024-11-01.04:24:45::SCWPlatform::Trying to set the existing hwdb with name mb_usb_hdmi_top_0
TRACE::2024-11-01.04:24:45::SCWPlatform::Opened existing hwdb mb_usb_hdmi_top_0
TRACE::2024-11-01.04:24:45::SCWPlatform::Found the Hw Db part of the input DSA
TRACE::2024-11-01.04:24:45::SCWMssOS::Checking the sw design at  C:/Users/curti/OneDrive/Documents/UIUC/ECE-385/Vivado_Projects/lab7_1/lab7_1_workspace/mb_usb_hdmi_top/microblaze_0/standalone_microblaze_0/bsp/system.mss
TRACE::2024-11-01.04:24:45::SCWMssOS::DEBUG:  swdes dump  
TRACE::2024-11-01.04:24:45::SCWMssOS::No sw design opened at  C:/Users/curti/OneDrive/Documents/UIUC/ECE-385/Vivado_Projects/lab7_1/lab7_1_workspace/mb_usb_hdmi_top/microblaze_0/standalone_microblaze_0/bsp/system.mss
TRACE::2024-11-01.04:24:45::SCWMssOS::mss does not exists at C:/Users/curti/OneDrive/Documents/UIUC/ECE-385/Vivado_Projects/lab7_1/lab7_1_workspace/mb_usb_hdmi_top/microblaze_0/standalone_microblaze_0/bsp/system.mss
TRACE::2024-11-01.04:24:45::SCWMssOS::Creating sw design at  C:/Users/curti/OneDrive/Documents/UIUC/ECE-385/Vivado_Projects/lab7_1/lab7_1_workspace/mb_usb_hdmi_top/microblaze_0/standalone_microblaze_0/bsp/system.mss
TRACE::2024-11-01.04:24:45::SCWMssOS::Adding the swdes entry, created swdb C:/Users/curti/OneDrive/Documents/UIUC/ECE-385/Vivado_Projects/lab7_1/lab7_1_workspace/mb_usb_hdmi_top/microblaze_0/standalone_microblaze_0/bsp/system.mss with des name C:/Users/curti/OneDrive/Documents/UIUC/ECE-385/Vivado_Projects/lab7_1/lab7_1_workspace/mb_usb_hdmi_top/microblaze_0/standalone_microblaze_0/bsp/system.mss
TRACE::2024-11-01.04:24:45::SCWMssOS::updating the scw layer changes to swdes at   C:/Users/curti/OneDrive/Documents/UIUC/ECE-385/Vivado_Projects/lab7_1/lab7_1_workspace/mb_usb_hdmi_top/microblaze_0/standalone_microblaze_0/bsp/system.mss
TRACE::2024-11-01.04:24:45::SCWMssOS::Writing mss at C:/Users/curti/OneDrive/Documents/UIUC/ECE-385/Vivado_Projects/lab7_1/lab7_1_workspace/mb_usb_hdmi_top/microblaze_0/standalone_microblaze_0/bsp/system.mss
TRACE::2024-11-01.04:24:45::SCWMssOS::Completed writing the mss file at C:/Users/curti/OneDrive/Documents/UIUC/ECE-385/Vivado_Projects/lab7_1/lab7_1_workspace/mb_usb_hdmi_top/microblaze_0/standalone_microblaze_0/bsp
TRACE::2024-11-01.04:24:45::SCWMssOS::Picking up changes from newly written mss file into SCW Layer. 
TRACE::2024-11-01.04:24:45::SCWMssOS::Updated the changes from newly written mss file into SCW Layer. 
TRACE::2024-11-01.04:24:45::SCWMssOS::Completed writing the mss file at C:/Users/curti/OneDrive/Documents/UIUC/ECE-385/Vivado_Projects/lab7_1/lab7_1_workspace/mb_usb_hdmi_top/microblaze_0/standalone_microblaze_0/bsp
TRACE::2024-11-01.04:24:45::SCWMssOS::Forcing BSP Sources regeneration.
TRACE::2024-11-01.04:24:47::SCWMssOS::Saving the mss changes C:/Users/curti/OneDrive/Documents/UIUC/ECE-385/Vivado_Projects/lab7_1/lab7_1_workspace/mb_usb_hdmi_top/microblaze_0/standalone_microblaze_0/bsp/system.mss
TRACE::2024-11-01.04:24:47::SCWMssOS::Adding the swdes entry, mss present, able to open swdb C:/Users/curti/OneDrive/Documents/UIUC/ECE-385/Vivado_Projects/lab7_1/lab7_1_workspace/mb_usb_hdmi_top/microblaze_0/standalone_microblaze_0/bsp/system.mss with des name system
TRACE::2024-11-01.04:24:47::SCWMssOS::Writing the mss file completed C:/Users/curti/OneDrive/Documents/UIUC/ECE-385/Vivado_Projects/lab7_1/lab7_1_workspace/mb_usb_hdmi_top/microblaze_0/standalone_microblaze_0/bsp/system.mss
TRACE::2024-11-01.04:24:47::SCWMssOS::Commit changes completed.
TRACE::2024-11-01.04:24:47::SCWPlatform::Trying to open the hw design at C:/Users/curti/OneDrive/Documents/UIUC/ECE-385/Vivado_Projects/lab7_1/lab7_1_workspace/mb_usb_hdmi_top/hw/mb_usb_hdmi_top.xsa
TRACE::2024-11-01.04:24:47::SCWPlatform::DSA given C:/Users/curti/OneDrive/Documents/UIUC/ECE-385/Vivado_Projects/lab7_1/lab7_1_workspace/mb_usb_hdmi_top/hw/mb_usb_hdmi_top.xsa
TRACE::2024-11-01.04:24:47::SCWPlatform::DSA absoulate path C:/Users/curti/OneDrive/Documents/UIUC/ECE-385/Vivado_Projects/lab7_1/lab7_1_workspace/mb_usb_hdmi_top/hw/mb_usb_hdmi_top.xsa
TRACE::2024-11-01.04:24:47::SCWPlatform::DSA directory C:/Users/curti/OneDrive/Documents/UIUC/ECE-385/Vivado_Projects/lab7_1/lab7_1_workspace/mb_usb_hdmi_top/hw
TRACE::2024-11-01.04:24:47::SCWPlatform:: Platform Path C:/Users/curti/OneDrive/Documents/UIUC/ECE-385/Vivado_Projects/lab7_1/lab7_1_workspace/mb_usb_hdmi_top/hw/mb_usb_hdmi_top.xsa
TRACE::2024-11-01.04:24:47::SCWPlatform:: Unique name xilinx:::0.0
TRACE::2024-11-01.04:24:47::SCWPlatform::Trying to set the existing hwdb with name mb_usb_hdmi_top_0
TRACE::2024-11-01.04:24:47::SCWPlatform::Opened existing hwdb mb_usb_hdmi_top_0
TRACE::2024-11-01.04:24:47::SCWPlatform::Found the Hw Db part of the input DSA
TRACE::2024-11-01.04:24:47::SCWMssOS::Checking the sw design at  C:/Users/curti/OneDrive/Documents/UIUC/ECE-385/Vivado_Projects/lab7_1/lab7_1_workspace/mb_usb_hdmi_top/microblaze_0/standalone_microblaze_0/bsp/system.mss
TRACE::2024-11-01.04:24:47::SCWMssOS::DEBUG:  swdes dump  C:/Users/curti/OneDrive/Documents/UIUC/ECE-385/Vivado_Projects/lab7_1/lab7_1_workspace/mb_usb_hdmi_top/microblaze_0/standalone_microblaze_0/bsp/system.mss|system||

TRACE::2024-11-01.04:24:47::SCWMssOS::Sw design exists and opened at  C:/Users/curti/OneDrive/Documents/UIUC/ECE-385/Vivado_Projects/lab7_1/lab7_1_workspace/mb_usb_hdmi_top/microblaze_0/standalone_microblaze_0/bsp/system.mss
TRACE::2024-11-01.04:24:47::SCWPlatform::Trying to open the hw design at C:/Users/curti/OneDrive/Documents/UIUC/ECE-385/Vivado_Projects/lab7_1/lab7_1_workspace/mb_usb_hdmi_top/hw/mb_usb_hdmi_top.xsa
TRACE::2024-11-01.04:24:47::SCWPlatform::DSA given C:/Users/curti/OneDrive/Documents/UIUC/ECE-385/Vivado_Projects/lab7_1/lab7_1_workspace/mb_usb_hdmi_top/hw/mb_usb_hdmi_top.xsa
TRACE::2024-11-01.04:24:47::SCWPlatform::DSA absoulate path C:/Users/curti/OneDrive/Documents/UIUC/ECE-385/Vivado_Projects/lab7_1/lab7_1_workspace/mb_usb_hdmi_top/hw/mb_usb_hdmi_top.xsa
TRACE::2024-11-01.04:24:47::SCWPlatform::DSA directory C:/Users/curti/OneDrive/Documents/UIUC/ECE-385/Vivado_Projects/lab7_1/lab7_1_workspace/mb_usb_hdmi_top/hw
TRACE::2024-11-01.04:24:47::SCWPlatform:: Platform Path C:/Users/curti/OneDrive/Documents/UIUC/ECE-385/Vivado_Projects/lab7_1/lab7_1_workspace/mb_usb_hdmi_top/hw/mb_usb_hdmi_top.xsa
TRACE::2024-11-01.04:24:47::SCWPlatform:: Unique name xilinx:::0.0
TRACE::2024-11-01.04:24:47::SCWPlatform::Trying to set the existing hwdb with name mb_usb_hdmi_top_0
TRACE::2024-11-01.04:24:47::SCWPlatform::Opened existing hwdb mb_usb_hdmi_top_0
TRACE::2024-11-01.04:24:47::SCWPlatform::Found the Hw Db part of the input DSA
TRACE::2024-11-01.04:24:47::SCWMssOS::Checking the sw design at  C:/Users/curti/OneDrive/Documents/UIUC/ECE-385/Vivado_Projects/lab7_1/lab7_1_workspace/mb_usb_hdmi_top/microblaze_0/standalone_microblaze_0/bsp/system.mss
TRACE::2024-11-01.04:24:47::SCWMssOS::DEBUG:  swdes dump  C:/Users/curti/OneDrive/Documents/UIUC/ECE-385/Vivado_Projects/lab7_1/lab7_1_workspace/mb_usb_hdmi_top/microblaze_0/standalone_microblaze_0/bsp/system.mss|system||

TRACE::2024-11-01.04:24:47::SCWMssOS::Sw design exists and opened at  C:/Users/curti/OneDrive/Documents/UIUC/ECE-385/Vivado_Projects/lab7_1/lab7_1_workspace/mb_usb_hdmi_top/microblaze_0/standalone_microblaze_0/bsp/system.mss
TRACE::2024-11-01.04:24:47::SCWPlatform::Trying to open the hw design at C:/Users/curti/OneDrive/Documents/UIUC/ECE-385/Vivado_Projects/lab7_1/lab7_1_workspace/mb_usb_hdmi_top/hw/mb_usb_hdmi_top.xsa
TRACE::2024-11-01.04:24:47::SCWPlatform::DSA given C:/Users/curti/OneDrive/Documents/UIUC/ECE-385/Vivado_Projects/lab7_1/lab7_1_workspace/mb_usb_hdmi_top/hw/mb_usb_hdmi_top.xsa
TRACE::2024-11-01.04:24:47::SCWPlatform::DSA absoulate path C:/Users/curti/OneDrive/Documents/UIUC/ECE-385/Vivado_Projects/lab7_1/lab7_1_workspace/mb_usb_hdmi_top/hw/mb_usb_hdmi_top.xsa
TRACE::2024-11-01.04:24:47::SCWPlatform::DSA directory C:/Users/curti/OneDrive/Documents/UIUC/ECE-385/Vivado_Projects/lab7_1/lab7_1_workspace/mb_usb_hdmi_top/hw
TRACE::2024-11-01.04:24:47::SCWPlatform:: Platform Path C:/Users/curti/OneDrive/Documents/UIUC/ECE-385/Vivado_Projects/lab7_1/lab7_1_workspace/mb_usb_hdmi_top/hw/mb_usb_hdmi_top.xsa
TRACE::2024-11-01.04:24:47::SCWPlatform:: Unique name xilinx:::0.0
TRACE::2024-11-01.04:24:47::SCWPlatform::Trying to set the existing hwdb with name mb_usb_hdmi_top_0
TRACE::2024-11-01.04:24:47::SCWPlatform::Opened existing hwdb mb_usb_hdmi_top_0
TRACE::2024-11-01.04:24:47::SCWPlatform::Found the Hw Db part of the input DSA
TRACE::2024-11-01.04:24:47::SCWMssOS::Checking the sw design at  C:/Users/curti/OneDrive/Documents/UIUC/ECE-385/Vivado_Projects/lab7_1/lab7_1_workspace/mb_usb_hdmi_top/microblaze_0/standalone_microblaze_0/bsp/system.mss
TRACE::2024-11-01.04:24:47::SCWMssOS::DEBUG:  swdes dump  C:/Users/curti/OneDrive/Documents/UIUC/ECE-385/Vivado_Projects/lab7_1/lab7_1_workspace/mb_usb_hdmi_top/microblaze_0/standalone_microblaze_0/bsp/system.mss|system||

TRACE::2024-11-01.04:24:47::SCWMssOS::Sw design exists and opened at  C:/Users/curti/OneDrive/Documents/UIUC/ECE-385/Vivado_Projects/lab7_1/lab7_1_workspace/mb_usb_hdmi_top/microblaze_0/standalone_microblaze_0/bsp/system.mss
TRACE::2024-11-01.04:24:47::SCWWriter::formatted JSON is {
	"platformName":	"mb_usb_hdmi_top",
	"sprVersion":	"2.0",
	"mode":	"gui",
	"dsaType":	"Fixed",
	"platformDesc":	"mb_usb_hdmi_top",
	"platHandOff":	"C:/Users/curti/OneDrive/Documents/UIUC/ECE-385/Vivado_Projects/lab7_1/mb_usb_hdmi_top.xsa",
	"platIntHandOff":	"<platformDir>/hw/mb_usb_hdmi_top.xsa",
	"deviceType":	"FPGA",
	"platIsPrebuiltAutogen":	"false",
	"platIsNoBootBsp":	"false",
	"hasFsblMakeHasChanges":	"false",
	"hasPmufwMakeHasChanges":	"false",
	"platPreBuiltFlag":	false,
	"platformSamplesDir":	"",
	"platActiveSys":	"mb_usb_hdmi_top",
	"systems":	[{
			"systemName":	"mb_usb_hdmi_top",
			"systemDesc":	"mb_usb_hdmi_top",
			"sysIsBootAutoGen":	"true",
			"systemDispName":	"mb_usb_hdmi_top",
			"sysActiveDom":	"standalone_microblaze_0",
			"sysDefaultDom":	"standalone_microblaze_0",
			"domains":	[{
					"domainName":	"standalone_microblaze_0",
					"domainDispName":	"standalone_microblaze_0",
					"domainDesc":	"standalone_microblaze_0",
					"processors":	"microblaze_0",
					"os":	"standalone",
					"sdxOs":	"standalone",
					"debugEnable":	"False",
					"domRuntimes":	["cpp"],
					"swRepo":	"",
					"mssOsVer":	"8.0",
					"mssFile":	"",
					"md5Digest":	"5422c1e5be4ae93f4de8c50507402f2a",
					"compatibleApp":	"hello_world",
					"domType":	"mssDomain",
					"arch":	"32-bit",
					"appSettings":	{
						"appCompilerFlags":	"",
						"appLinkerFlags":	""
					},
					"addedLibs":	[],
					"libOptions":	{
						"libsContainingOptions":	[]
					},
					"prebuiltLibs":	{
						"prebuiltIncPath":	[],
						"prebuiltLibPath":	[]
					},
					"isolation":	{
					}
				}]
		}]
}
LOG::2024-11-01.04:24:47::SCWPlatform::Started generating the artifacts platform mb_usb_hdmi_top
TRACE::2024-11-01.04:24:47::SCWPlatform::Sanity checking of platform is completed
LOG::2024-11-01.04:24:47::SCWPlatform::Started generating the artifacts for system configuration mb_usb_hdmi_top
LOG::2024-11-01.04:24:47::SCWSystem::Checking the domain standalone_microblaze_0
LOG::2024-11-01.04:24:47::SCWSystem::Not a boot domain 
LOG::2024-11-01.04:24:47::SCWSystem::Started Processing the domain standalone_microblaze_0
TRACE::2024-11-01.04:24:47::SCWDomain::Generating domain artifcats
TRACE::2024-11-01.04:24:47::SCWMssOS::Generating standalone artifcats
TRACE::2024-11-01.04:24:47::SCWMssOS:: Copying the user libraries. 
TRACE::2024-11-01.04:24:47::SCWPlatform::Trying to open the hw design at C:/Users/curti/OneDrive/Documents/UIUC/ECE-385/Vivado_Projects/lab7_1/lab7_1_workspace/mb_usb_hdmi_top/hw/mb_usb_hdmi_top.xsa
TRACE::2024-11-01.04:24:47::SCWPlatform::DSA given C:/Users/curti/OneDrive/Documents/UIUC/ECE-385/Vivado_Projects/lab7_1/lab7_1_workspace/mb_usb_hdmi_top/hw/mb_usb_hdmi_top.xsa
TRACE::2024-11-01.04:24:47::SCWPlatform::DSA absoulate path C:/Users/curti/OneDrive/Documents/UIUC/ECE-385/Vivado_Projects/lab7_1/lab7_1_workspace/mb_usb_hdmi_top/hw/mb_usb_hdmi_top.xsa
TRACE::2024-11-01.04:24:47::SCWPlatform::DSA directory C:/Users/curti/OneDrive/Documents/UIUC/ECE-385/Vivado_Projects/lab7_1/lab7_1_workspace/mb_usb_hdmi_top/hw
TRACE::2024-11-01.04:24:47::SCWPlatform:: Platform Path C:/Users/curti/OneDrive/Documents/UIUC/ECE-385/Vivado_Projects/lab7_1/lab7_1_workspace/mb_usb_hdmi_top/hw/mb_usb_hdmi_top.xsa
TRACE::2024-11-01.04:24:47::SCWPlatform:: Unique name xilinx:::0.0
TRACE::2024-11-01.04:24:47::SCWPlatform::Trying to set the existing hwdb with name mb_usb_hdmi_top_0
TRACE::2024-11-01.04:24:47::SCWPlatform::Opened existing hwdb mb_usb_hdmi_top_0
TRACE::2024-11-01.04:24:47::SCWPlatform::Found the Hw Db part of the input DSA
TRACE::2024-11-01.04:24:47::SCWMssOS::Checking the sw design at  C:/Users/curti/OneDrive/Documents/UIUC/ECE-385/Vivado_Projects/lab7_1/lab7_1_workspace/mb_usb_hdmi_top/microblaze_0/standalone_microblaze_0/bsp/system.mss
TRACE::2024-11-01.04:24:47::SCWMssOS::DEBUG:  swdes dump  C:/Users/curti/OneDrive/Documents/UIUC/ECE-385/Vivado_Projects/lab7_1/lab7_1_workspace/mb_usb_hdmi_top/microblaze_0/standalone_microblaze_0/bsp/system.mss|system||

TRACE::2024-11-01.04:24:47::SCWMssOS::Sw design exists and opened at  C:/Users/curti/OneDrive/Documents/UIUC/ECE-385/Vivado_Projects/lab7_1/lab7_1_workspace/mb_usb_hdmi_top/microblaze_0/standalone_microblaze_0/bsp/system.mss
TRACE::2024-11-01.04:24:47::SCWMssOS::Completed writing the mss file at C:/Users/curti/OneDrive/Documents/UIUC/ECE-385/Vivado_Projects/lab7_1/lab7_1_workspace/mb_usb_hdmi_top/microblaze_0/standalone_microblaze_0/bsp
TRACE::2024-11-01.04:24:47::SCWMssOS::Mss edits present, copying mssfile into export location C:/Users/curti/OneDrive/Documents/UIUC/ECE-385/Vivado_Projects/lab7_1/lab7_1_workspace/mb_usb_hdmi_top/microblaze_0/standalone_microblaze_0/bsp/system.mss
TRACE::2024-11-01.04:24:47::SCWMssOS::bsp generated is upto date with the mss file. Skipping bsp generation.
TRACE::2024-11-01.04:24:47::SCWMssOS::BSP is already built. skipping the bsp build ... 
TRACE::2024-11-01.04:24:47::SCWDomain::Skipping the build for domain :  standalone_microblaze_0
TRACE::2024-11-01.04:24:47::SCWMssOS::skipping the bsp build ... 
TRACE::2024-11-01.04:24:47::SCWMssOS::Copying to export directory.
TRACE::2024-11-01.04:24:47::SCWMssOS:: Checking if to create the Supporting Applications
TRACE::2024-11-01.04:24:47::SCWMssOS:: No Linux domain exists, trying to generate FSBL 
LOG::2024-11-01.04:24:47::SCWSystem::Completed Processing the domain standalone_microblaze_0
LOG::2024-11-01.04:24:47::SCWSystem::Completed Processing the sysconfig mb_usb_hdmi_top
LOG::2024-11-01.04:24:47::SCWPlatform::Completed generating the artifacts for system configuration mb_usb_hdmi_top
TRACE::2024-11-01.04:24:47::SCWPlatform::Started preparing the platform 
TRACE::2024-11-01.04:24:47::SCWSystem::Writing the bif file for system config mb_usb_hdmi_top
TRACE::2024-11-01.04:24:47::SCWSystem::dir created 
TRACE::2024-11-01.04:24:47::SCWSystem::Writing the bif 
TRACE::2024-11-01.04:24:47::SCWPlatform::Started writing the spfm file 
TRACE::2024-11-01.04:24:47::SCWPlatform::Started writing the xpfm file 
TRACE::2024-11-01.04:24:47::SCWPlatform::Completed generating the platform
TRACE::2024-11-01.04:24:47::SCWMssOS::Saving the mss changes C:/Users/curti/OneDrive/Documents/UIUC/ECE-385/Vivado_Projects/lab7_1/lab7_1_workspace/mb_usb_hdmi_top/microblaze_0/standalone_microblaze_0/bsp/system.mss
TRACE::2024-11-01.04:24:47::SCWMssOS::Found a swdesign opened with the mssfile.
TRACE::2024-11-01.04:24:47::SCWMssOS::Completed writemss as part of save.
TRACE::2024-11-01.04:24:47::SCWMssOS::Commit changes completed.
TRACE::2024-11-01.04:24:47::SCWPlatform::Trying to open the hw design at C:/Users/curti/OneDrive/Documents/UIUC/ECE-385/Vivado_Projects/lab7_1/lab7_1_workspace/mb_usb_hdmi_top/hw/mb_usb_hdmi_top.xsa
TRACE::2024-11-01.04:24:47::SCWPlatform::DSA given C:/Users/curti/OneDrive/Documents/UIUC/ECE-385/Vivado_Projects/lab7_1/lab7_1_workspace/mb_usb_hdmi_top/hw/mb_usb_hdmi_top.xsa
TRACE::2024-11-01.04:24:47::SCWPlatform::DSA absoulate path C:/Users/curti/OneDrive/Documents/UIUC/ECE-385/Vivado_Projects/lab7_1/lab7_1_workspace/mb_usb_hdmi_top/hw/mb_usb_hdmi_top.xsa
TRACE::2024-11-01.04:24:47::SCWPlatform::DSA directory C:/Users/curti/OneDrive/Documents/UIUC/ECE-385/Vivado_Projects/lab7_1/lab7_1_workspace/mb_usb_hdmi_top/hw
TRACE::2024-11-01.04:24:47::SCWPlatform:: Platform Path C:/Users/curti/OneDrive/Documents/UIUC/ECE-385/Vivado_Projects/lab7_1/lab7_1_workspace/mb_usb_hdmi_top/hw/mb_usb_hdmi_top.xsa
TRACE::2024-11-01.04:24:47::SCWPlatform:: Unique name xilinx:::0.0
TRACE::2024-11-01.04:24:47::SCWPlatform::Trying to set the existing hwdb with name mb_usb_hdmi_top_0
TRACE::2024-11-01.04:24:47::SCWPlatform::Opened existing hwdb mb_usb_hdmi_top_0
TRACE::2024-11-01.04:24:47::SCWPlatform::Found the Hw Db part of the input DSA
TRACE::2024-11-01.04:24:47::SCWMssOS::Checking the sw design at  C:/Users/curti/OneDrive/Documents/UIUC/ECE-385/Vivado_Projects/lab7_1/lab7_1_workspace/mb_usb_hdmi_top/microblaze_0/standalone_microblaze_0/bsp/system.mss
TRACE::2024-11-01.04:24:47::SCWMssOS::DEBUG:  swdes dump  C:/Users/curti/OneDrive/Documents/UIUC/ECE-385/Vivado_Projects/lab7_1/lab7_1_workspace/mb_usb_hdmi_top/microblaze_0/standalone_microblaze_0/bsp/system.mss|system||

TRACE::2024-11-01.04:24:47::SCWMssOS::Sw design exists and opened at  C:/Users/curti/OneDrive/Documents/UIUC/ECE-385/Vivado_Projects/lab7_1/lab7_1_workspace/mb_usb_hdmi_top/microblaze_0/standalone_microblaze_0/bsp/system.mss
TRACE::2024-11-01.04:24:47::SCWPlatform::Trying to open the hw design at C:/Users/curti/OneDrive/Documents/UIUC/ECE-385/Vivado_Projects/lab7_1/lab7_1_workspace/mb_usb_hdmi_top/hw/mb_usb_hdmi_top.xsa
TRACE::2024-11-01.04:24:47::SCWPlatform::DSA given C:/Users/curti/OneDrive/Documents/UIUC/ECE-385/Vivado_Projects/lab7_1/lab7_1_workspace/mb_usb_hdmi_top/hw/mb_usb_hdmi_top.xsa
TRACE::2024-11-01.04:24:47::SCWPlatform::DSA absoulate path C:/Users/curti/OneDrive/Documents/UIUC/ECE-385/Vivado_Projects/lab7_1/lab7_1_workspace/mb_usb_hdmi_top/hw/mb_usb_hdmi_top.xsa
TRACE::2024-11-01.04:24:47::SCWPlatform::DSA directory C:/Users/curti/OneDrive/Documents/UIUC/ECE-385/Vivado_Projects/lab7_1/lab7_1_workspace/mb_usb_hdmi_top/hw
TRACE::2024-11-01.04:24:47::SCWPlatform:: Platform Path C:/Users/curti/OneDrive/Documents/UIUC/ECE-385/Vivado_Projects/lab7_1/lab7_1_workspace/mb_usb_hdmi_top/hw/mb_usb_hdmi_top.xsa
TRACE::2024-11-01.04:24:47::SCWPlatform:: Unique name xilinx:::0.0
TRACE::2024-11-01.04:24:47::SCWPlatform::Trying to set the existing hwdb with name mb_usb_hdmi_top_0
TRACE::2024-11-01.04:24:47::SCWPlatform::Opened existing hwdb mb_usb_hdmi_top_0
TRACE::2024-11-01.04:24:47::SCWPlatform::Found the Hw Db part of the input DSA
TRACE::2024-11-01.04:24:47::SCWMssOS::Checking the sw design at  C:/Users/curti/OneDrive/Documents/UIUC/ECE-385/Vivado_Projects/lab7_1/lab7_1_workspace/mb_usb_hdmi_top/microblaze_0/standalone_microblaze_0/bsp/system.mss
TRACE::2024-11-01.04:24:47::SCWMssOS::DEBUG:  swdes dump  C:/Users/curti/OneDrive/Documents/UIUC/ECE-385/Vivado_Projects/lab7_1/lab7_1_workspace/mb_usb_hdmi_top/microblaze_0/standalone_microblaze_0/bsp/system.mss|system||

TRACE::2024-11-01.04:24:47::SCWMssOS::Sw design exists and opened at  C:/Users/curti/OneDrive/Documents/UIUC/ECE-385/Vivado_Projects/lab7_1/lab7_1_workspace/mb_usb_hdmi_top/microblaze_0/standalone_microblaze_0/bsp/system.mss
TRACE::2024-11-01.04:24:47::SCWPlatform::Trying to open the hw design at C:/Users/curti/OneDrive/Documents/UIUC/ECE-385/Vivado_Projects/lab7_1/lab7_1_workspace/mb_usb_hdmi_top/hw/mb_usb_hdmi_top.xsa
TRACE::2024-11-01.04:24:47::SCWPlatform::DSA given C:/Users/curti/OneDrive/Documents/UIUC/ECE-385/Vivado_Projects/lab7_1/lab7_1_workspace/mb_usb_hdmi_top/hw/mb_usb_hdmi_top.xsa
TRACE::2024-11-01.04:24:47::SCWPlatform::DSA absoulate path C:/Users/curti/OneDrive/Documents/UIUC/ECE-385/Vivado_Projects/lab7_1/lab7_1_workspace/mb_usb_hdmi_top/hw/mb_usb_hdmi_top.xsa
TRACE::2024-11-01.04:24:47::SCWPlatform::DSA directory C:/Users/curti/OneDrive/Documents/UIUC/ECE-385/Vivado_Projects/lab7_1/lab7_1_workspace/mb_usb_hdmi_top/hw
TRACE::2024-11-01.04:24:47::SCWPlatform:: Platform Path C:/Users/curti/OneDrive/Documents/UIUC/ECE-385/Vivado_Projects/lab7_1/lab7_1_workspace/mb_usb_hdmi_top/hw/mb_usb_hdmi_top.xsa
TRACE::2024-11-01.04:24:47::SCWPlatform:: Unique name xilinx:::0.0
TRACE::2024-11-01.04:24:47::SCWPlatform::Trying to set the existing hwdb with name mb_usb_hdmi_top_0
TRACE::2024-11-01.04:24:47::SCWPlatform::Opened existing hwdb mb_usb_hdmi_top_0
TRACE::2024-11-01.04:24:47::SCWPlatform::Found the Hw Db part of the input DSA
TRACE::2024-11-01.04:24:47::SCWMssOS::Checking the sw design at  C:/Users/curti/OneDrive/Documents/UIUC/ECE-385/Vivado_Projects/lab7_1/lab7_1_workspace/mb_usb_hdmi_top/microblaze_0/standalone_microblaze_0/bsp/system.mss
TRACE::2024-11-01.04:24:47::SCWMssOS::DEBUG:  swdes dump  C:/Users/curti/OneDrive/Documents/UIUC/ECE-385/Vivado_Projects/lab7_1/lab7_1_workspace/mb_usb_hdmi_top/microblaze_0/standalone_microblaze_0/bsp/system.mss|system||

TRACE::2024-11-01.04:24:47::SCWMssOS::Sw design exists and opened at  C:/Users/curti/OneDrive/Documents/UIUC/ECE-385/Vivado_Projects/lab7_1/lab7_1_workspace/mb_usb_hdmi_top/microblaze_0/standalone_microblaze_0/bsp/system.mss
TRACE::2024-11-01.04:24:47::SCWWriter::formatted JSON is {
	"platformName":	"mb_usb_hdmi_top",
	"sprVersion":	"2.0",
	"mode":	"gui",
	"dsaType":	"Fixed",
	"platformDesc":	"mb_usb_hdmi_top",
	"platHandOff":	"C:/Users/curti/OneDrive/Documents/UIUC/ECE-385/Vivado_Projects/lab7_1/mb_usb_hdmi_top.xsa",
	"platIntHandOff":	"<platformDir>/hw/mb_usb_hdmi_top.xsa",
	"deviceType":	"FPGA",
	"platIsPrebuiltAutogen":	"false",
	"platIsNoBootBsp":	"false",
	"hasFsblMakeHasChanges":	"false",
	"hasPmufwMakeHasChanges":	"false",
	"platPreBuiltFlag":	false,
	"platformSamplesDir":	"",
	"platActiveSys":	"mb_usb_hdmi_top",
	"systems":	[{
			"systemName":	"mb_usb_hdmi_top",
			"systemDesc":	"mb_usb_hdmi_top",
			"sysIsBootAutoGen":	"true",
			"systemDispName":	"mb_usb_hdmi_top",
			"sysActiveDom":	"standalone_microblaze_0",
			"sysDefaultDom":	"standalone_microblaze_0",
			"domains":	[{
					"domainName":	"standalone_microblaze_0",
					"domainDispName":	"standalone_microblaze_0",
					"domainDesc":	"standalone_microblaze_0",
					"processors":	"microblaze_0",
					"os":	"standalone",
					"sdxOs":	"standalone",
					"debugEnable":	"False",
					"domRuntimes":	["cpp"],
					"swRepo":	"",
					"mssOsVer":	"8.0",
					"mssFile":	"",
					"md5Digest":	"5422c1e5be4ae93f4de8c50507402f2a",
					"compatibleApp":	"hello_world",
					"domType":	"mssDomain",
					"arch":	"32-bit",
					"appSettings":	{
						"appCompilerFlags":	"",
						"appLinkerFlags":	""
					},
					"addedLibs":	[],
					"libOptions":	{
						"libsContainingOptions":	[]
					},
					"prebuiltLibs":	{
						"prebuiltIncPath":	[],
						"prebuiltLibPath":	[]
					},
					"isolation":	{
					}
				}]
		}]
}
KEYINFO::2024-11-01.04:24:47::SCWPlatform::updated the xpfm file.
TRACE::2024-11-01.04:24:47::SCWPlatform::Trying to open the hw design at C:/Users/curti/OneDrive/Documents/UIUC/ECE-385/Vivado_Projects/lab7_1/lab7_1_workspace/mb_usb_hdmi_top/hw/mb_usb_hdmi_top.xsa
TRACE::2024-11-01.04:24:47::SCWPlatform::DSA given C:/Users/curti/OneDrive/Documents/UIUC/ECE-385/Vivado_Projects/lab7_1/lab7_1_workspace/mb_usb_hdmi_top/hw/mb_usb_hdmi_top.xsa
TRACE::2024-11-01.04:24:47::SCWPlatform::DSA absoulate path C:/Users/curti/OneDrive/Documents/UIUC/ECE-385/Vivado_Projects/lab7_1/lab7_1_workspace/mb_usb_hdmi_top/hw/mb_usb_hdmi_top.xsa
TRACE::2024-11-01.04:24:47::SCWPlatform::DSA directory C:/Users/curti/OneDrive/Documents/UIUC/ECE-385/Vivado_Projects/lab7_1/lab7_1_workspace/mb_usb_hdmi_top/hw
TRACE::2024-11-01.04:24:47::SCWPlatform:: Platform Path C:/Users/curti/OneDrive/Documents/UIUC/ECE-385/Vivado_Projects/lab7_1/lab7_1_workspace/mb_usb_hdmi_top/hw/mb_usb_hdmi_top.xsa
TRACE::2024-11-01.04:24:47::SCWPlatform:: Unique name xilinx:::0.0
TRACE::2024-11-01.04:24:47::SCWPlatform::Trying to set the existing hwdb with name mb_usb_hdmi_top_0
TRACE::2024-11-01.04:24:47::SCWPlatform::Opened existing hwdb mb_usb_hdmi_top_0
TRACE::2024-11-01.04:24:47::SCWPlatform::Found the Hw Db part of the input DSA
TRACE::2024-11-01.04:24:47::SCWMssOS::Checking the sw design at  C:/Users/curti/OneDrive/Documents/UIUC/ECE-385/Vivado_Projects/lab7_1/lab7_1_workspace/mb_usb_hdmi_top/microblaze_0/standalone_microblaze_0/bsp/system.mss
TRACE::2024-11-01.04:24:47::SCWMssOS::DEBUG:  swdes dump  C:/Users/curti/OneDrive/Documents/UIUC/ECE-385/Vivado_Projects/lab7_1/lab7_1_workspace/mb_usb_hdmi_top/microblaze_0/standalone_microblaze_0/bsp/system.mss|system||

TRACE::2024-11-01.04:24:47::SCWMssOS::Sw design exists and opened at  C:/Users/curti/OneDrive/Documents/UIUC/ECE-385/Vivado_Projects/lab7_1/lab7_1_workspace/mb_usb_hdmi_top/microblaze_0/standalone_microblaze_0/bsp/system.mss
TRACE::2024-11-01.04:24:47::SCWMssOS::Saving the mss changes C:/Users/curti/OneDrive/Documents/UIUC/ECE-385/Vivado_Projects/lab7_1/lab7_1_workspace/mb_usb_hdmi_top/microblaze_0/standalone_microblaze_0/bsp/system.mss
TRACE::2024-11-01.04:24:47::SCWMssOS::Found a swdesign opened with the mssfile.
TRACE::2024-11-01.04:24:47::SCWMssOS::Completed writemss as part of save.
TRACE::2024-11-01.04:24:47::SCWMssOS::Commit changes completed.
TRACE::2024-11-01.04:24:47::SCWPlatform::Trying to open the hw design at C:/Users/curti/OneDrive/Documents/UIUC/ECE-385/Vivado_Projects/lab7_1/lab7_1_workspace/mb_usb_hdmi_top/hw/mb_usb_hdmi_top.xsa
TRACE::2024-11-01.04:24:47::SCWPlatform::DSA given C:/Users/curti/OneDrive/Documents/UIUC/ECE-385/Vivado_Projects/lab7_1/lab7_1_workspace/mb_usb_hdmi_top/hw/mb_usb_hdmi_top.xsa
TRACE::2024-11-01.04:24:47::SCWPlatform::DSA absoulate path C:/Users/curti/OneDrive/Documents/UIUC/ECE-385/Vivado_Projects/lab7_1/lab7_1_workspace/mb_usb_hdmi_top/hw/mb_usb_hdmi_top.xsa
TRACE::2024-11-01.04:24:47::SCWPlatform::DSA directory C:/Users/curti/OneDrive/Documents/UIUC/ECE-385/Vivado_Projects/lab7_1/lab7_1_workspace/mb_usb_hdmi_top/hw
TRACE::2024-11-01.04:24:47::SCWPlatform:: Platform Path C:/Users/curti/OneDrive/Documents/UIUC/ECE-385/Vivado_Projects/lab7_1/lab7_1_workspace/mb_usb_hdmi_top/hw/mb_usb_hdmi_top.xsa
TRACE::2024-11-01.04:24:47::SCWPlatform:: Unique name xilinx:::0.0
TRACE::2024-11-01.04:24:47::SCWPlatform::Trying to set the existing hwdb with name mb_usb_hdmi_top_0
TRACE::2024-11-01.04:24:47::SCWPlatform::Opened existing hwdb mb_usb_hdmi_top_0
TRACE::2024-11-01.04:24:47::SCWPlatform::Found the Hw Db part of the input DSA
TRACE::2024-11-01.04:24:47::SCWMssOS::Checking the sw design at  C:/Users/curti/OneDrive/Documents/UIUC/ECE-385/Vivado_Projects/lab7_1/lab7_1_workspace/mb_usb_hdmi_top/microblaze_0/standalone_microblaze_0/bsp/system.mss
TRACE::2024-11-01.04:24:47::SCWMssOS::DEBUG:  swdes dump  C:/Users/curti/OneDrive/Documents/UIUC/ECE-385/Vivado_Projects/lab7_1/lab7_1_workspace/mb_usb_hdmi_top/microblaze_0/standalone_microblaze_0/bsp/system.mss|system||

TRACE::2024-11-01.04:24:47::SCWMssOS::Sw design exists and opened at  C:/Users/curti/OneDrive/Documents/UIUC/ECE-385/Vivado_Projects/lab7_1/lab7_1_workspace/mb_usb_hdmi_top/microblaze_0/standalone_microblaze_0/bsp/system.mss
TRACE::2024-11-01.04:24:47::SCWPlatform::Trying to open the hw design at C:/Users/curti/OneDrive/Documents/UIUC/ECE-385/Vivado_Projects/lab7_1/lab7_1_workspace/mb_usb_hdmi_top/hw/mb_usb_hdmi_top.xsa
TRACE::2024-11-01.04:24:47::SCWPlatform::DSA given C:/Users/curti/OneDrive/Documents/UIUC/ECE-385/Vivado_Projects/lab7_1/lab7_1_workspace/mb_usb_hdmi_top/hw/mb_usb_hdmi_top.xsa
TRACE::2024-11-01.04:24:47::SCWPlatform::DSA absoulate path C:/Users/curti/OneDrive/Documents/UIUC/ECE-385/Vivado_Projects/lab7_1/lab7_1_workspace/mb_usb_hdmi_top/hw/mb_usb_hdmi_top.xsa
TRACE::2024-11-01.04:24:47::SCWPlatform::DSA directory C:/Users/curti/OneDrive/Documents/UIUC/ECE-385/Vivado_Projects/lab7_1/lab7_1_workspace/mb_usb_hdmi_top/hw
TRACE::2024-11-01.04:24:47::SCWPlatform:: Platform Path C:/Users/curti/OneDrive/Documents/UIUC/ECE-385/Vivado_Projects/lab7_1/lab7_1_workspace/mb_usb_hdmi_top/hw/mb_usb_hdmi_top.xsa
TRACE::2024-11-01.04:24:47::SCWPlatform:: Unique name xilinx:::0.0
TRACE::2024-11-01.04:24:47::SCWPlatform::Trying to set the existing hwdb with name mb_usb_hdmi_top_0
TRACE::2024-11-01.04:24:47::SCWPlatform::Opened existing hwdb mb_usb_hdmi_top_0
TRACE::2024-11-01.04:24:47::SCWPlatform::Found the Hw Db part of the input DSA
TRACE::2024-11-01.04:24:47::SCWMssOS::Checking the sw design at  C:/Users/curti/OneDrive/Documents/UIUC/ECE-385/Vivado_Projects/lab7_1/lab7_1_workspace/mb_usb_hdmi_top/microblaze_0/standalone_microblaze_0/bsp/system.mss
TRACE::2024-11-01.04:24:47::SCWMssOS::DEBUG:  swdes dump  C:/Users/curti/OneDrive/Documents/UIUC/ECE-385/Vivado_Projects/lab7_1/lab7_1_workspace/mb_usb_hdmi_top/microblaze_0/standalone_microblaze_0/bsp/system.mss|system||

TRACE::2024-11-01.04:24:47::SCWMssOS::Sw design exists and opened at  C:/Users/curti/OneDrive/Documents/UIUC/ECE-385/Vivado_Projects/lab7_1/lab7_1_workspace/mb_usb_hdmi_top/microblaze_0/standalone_microblaze_0/bsp/system.mss
TRACE::2024-11-01.04:24:47::SCWPlatform::Trying to open the hw design at C:/Users/curti/OneDrive/Documents/UIUC/ECE-385/Vivado_Projects/lab7_1/lab7_1_workspace/mb_usb_hdmi_top/hw/mb_usb_hdmi_top.xsa
TRACE::2024-11-01.04:24:47::SCWPlatform::DSA given C:/Users/curti/OneDrive/Documents/UIUC/ECE-385/Vivado_Projects/lab7_1/lab7_1_workspace/mb_usb_hdmi_top/hw/mb_usb_hdmi_top.xsa
TRACE::2024-11-01.04:24:47::SCWPlatform::DSA absoulate path C:/Users/curti/OneDrive/Documents/UIUC/ECE-385/Vivado_Projects/lab7_1/lab7_1_workspace/mb_usb_hdmi_top/hw/mb_usb_hdmi_top.xsa
TRACE::2024-11-01.04:24:47::SCWPlatform::DSA directory C:/Users/curti/OneDrive/Documents/UIUC/ECE-385/Vivado_Projects/lab7_1/lab7_1_workspace/mb_usb_hdmi_top/hw
TRACE::2024-11-01.04:24:47::SCWPlatform:: Platform Path C:/Users/curti/OneDrive/Documents/UIUC/ECE-385/Vivado_Projects/lab7_1/lab7_1_workspace/mb_usb_hdmi_top/hw/mb_usb_hdmi_top.xsa
TRACE::2024-11-01.04:24:47::SCWPlatform:: Unique name xilinx:::0.0
TRACE::2024-11-01.04:24:47::SCWPlatform::Trying to set the existing hwdb with name mb_usb_hdmi_top_0
TRACE::2024-11-01.04:24:47::SCWPlatform::Opened existing hwdb mb_usb_hdmi_top_0
TRACE::2024-11-01.04:24:47::SCWPlatform::Found the Hw Db part of the input DSA
TRACE::2024-11-01.04:24:47::SCWMssOS::Checking the sw design at  C:/Users/curti/OneDrive/Documents/UIUC/ECE-385/Vivado_Projects/lab7_1/lab7_1_workspace/mb_usb_hdmi_top/microblaze_0/standalone_microblaze_0/bsp/system.mss
TRACE::2024-11-01.04:24:47::SCWMssOS::DEBUG:  swdes dump  C:/Users/curti/OneDrive/Documents/UIUC/ECE-385/Vivado_Projects/lab7_1/lab7_1_workspace/mb_usb_hdmi_top/microblaze_0/standalone_microblaze_0/bsp/system.mss|system||

TRACE::2024-11-01.04:24:47::SCWMssOS::Sw design exists and opened at  C:/Users/curti/OneDrive/Documents/UIUC/ECE-385/Vivado_Projects/lab7_1/lab7_1_workspace/mb_usb_hdmi_top/microblaze_0/standalone_microblaze_0/bsp/system.mss
TRACE::2024-11-01.04:24:47::SCWWriter::formatted JSON is {
	"platformName":	"mb_usb_hdmi_top",
	"sprVersion":	"2.0",
	"mode":	"gui",
	"dsaType":	"Fixed",
	"platformDesc":	"mb_usb_hdmi_top",
	"platHandOff":	"C:/Users/curti/OneDrive/Documents/UIUC/ECE-385/Vivado_Projects/lab7_1/mb_usb_hdmi_top.xsa",
	"platIntHandOff":	"<platformDir>/hw/mb_usb_hdmi_top.xsa",
	"deviceType":	"FPGA",
	"platIsPrebuiltAutogen":	"false",
	"platIsNoBootBsp":	"false",
	"hasFsblMakeHasChanges":	"false",
	"hasPmufwMakeHasChanges":	"false",
	"platPreBuiltFlag":	false,
	"platformSamplesDir":	"",
	"platActiveSys":	"mb_usb_hdmi_top",
	"systems":	[{
			"systemName":	"mb_usb_hdmi_top",
			"systemDesc":	"mb_usb_hdmi_top",
			"sysIsBootAutoGen":	"true",
			"systemDispName":	"mb_usb_hdmi_top",
			"sysActiveDom":	"standalone_microblaze_0",
			"sysDefaultDom":	"standalone_microblaze_0",
			"domains":	[{
					"domainName":	"standalone_microblaze_0",
					"domainDispName":	"standalone_microblaze_0",
					"domainDesc":	"standalone_microblaze_0",
					"processors":	"microblaze_0",
					"os":	"standalone",
					"sdxOs":	"standalone",
					"debugEnable":	"False",
					"domRuntimes":	["cpp"],
					"swRepo":	"",
					"mssOsVer":	"8.0",
					"mssFile":	"",
					"md5Digest":	"5422c1e5be4ae93f4de8c50507402f2a",
					"compatibleApp":	"hello_world",
					"domType":	"mssDomain",
					"arch":	"32-bit",
					"appSettings":	{
						"appCompilerFlags":	"",
						"appLinkerFlags":	""
					},
					"addedLibs":	[],
					"libOptions":	{
						"libsContainingOptions":	[]
					},
					"prebuiltLibs":	{
						"prebuiltIncPath":	[],
						"prebuiltLibPath":	[]
					},
					"isolation":	{
					}
				}]
		}]
}
TRACE::2024-11-01.04:24:47::SCWPlatform::Trying to open the hw design at C:/Users/curti/OneDrive/Documents/UIUC/ECE-385/Vivado_Projects/lab7_1/lab7_1_workspace/mb_usb_hdmi_top/hw/mb_usb_hdmi_top.xsa
TRACE::2024-11-01.04:24:47::SCWPlatform::DSA given C:/Users/curti/OneDrive/Documents/UIUC/ECE-385/Vivado_Projects/lab7_1/lab7_1_workspace/mb_usb_hdmi_top/hw/mb_usb_hdmi_top.xsa
TRACE::2024-11-01.04:24:47::SCWPlatform::DSA absoulate path C:/Users/curti/OneDrive/Documents/UIUC/ECE-385/Vivado_Projects/lab7_1/lab7_1_workspace/mb_usb_hdmi_top/hw/mb_usb_hdmi_top.xsa
TRACE::2024-11-01.04:24:47::SCWPlatform::DSA directory C:/Users/curti/OneDrive/Documents/UIUC/ECE-385/Vivado_Projects/lab7_1/lab7_1_workspace/mb_usb_hdmi_top/hw
TRACE::2024-11-01.04:24:47::SCWPlatform:: Platform Path C:/Users/curti/OneDrive/Documents/UIUC/ECE-385/Vivado_Projects/lab7_1/lab7_1_workspace/mb_usb_hdmi_top/hw/mb_usb_hdmi_top.xsa
TRACE::2024-11-01.04:24:47::SCWPlatform:: Unique name xilinx:::0.0
TRACE::2024-11-01.04:24:47::SCWPlatform::Trying to set the existing hwdb with name mb_usb_hdmi_top_0
TRACE::2024-11-01.04:24:47::SCWPlatform::Opened existing hwdb mb_usb_hdmi_top_0
TRACE::2024-11-01.04:24:47::SCWPlatform::Found the Hw Db part of the input DSA
TRACE::2024-11-01.04:24:47::SCWMssOS::Checking the sw design at  C:/Users/curti/OneDrive/Documents/UIUC/ECE-385/Vivado_Projects/lab7_1/lab7_1_workspace/mb_usb_hdmi_top/microblaze_0/standalone_microblaze_0/bsp/system.mss
TRACE::2024-11-01.04:24:47::SCWMssOS::DEBUG:  swdes dump  C:/Users/curti/OneDrive/Documents/UIUC/ECE-385/Vivado_Projects/lab7_1/lab7_1_workspace/mb_usb_hdmi_top/microblaze_0/standalone_microblaze_0/bsp/system.mss|system||

TRACE::2024-11-01.04:24:47::SCWMssOS::Sw design exists and opened at  C:/Users/curti/OneDrive/Documents/UIUC/ECE-385/Vivado_Projects/lab7_1/lab7_1_workspace/mb_usb_hdmi_top/microblaze_0/standalone_microblaze_0/bsp/system.mss
TRACE::2024-11-01.04:24:47::SCWPlatform::Trying to open the hw design at C:/Users/curti/OneDrive/Documents/UIUC/ECE-385/Vivado_Projects/lab7_1/lab7_1_workspace/mb_usb_hdmi_top/hw/mb_usb_hdmi_top.xsa
TRACE::2024-11-01.04:24:47::SCWPlatform::DSA given C:/Users/curti/OneDrive/Documents/UIUC/ECE-385/Vivado_Projects/lab7_1/lab7_1_workspace/mb_usb_hdmi_top/hw/mb_usb_hdmi_top.xsa
TRACE::2024-11-01.04:24:47::SCWPlatform::DSA absoulate path C:/Users/curti/OneDrive/Documents/UIUC/ECE-385/Vivado_Projects/lab7_1/lab7_1_workspace/mb_usb_hdmi_top/hw/mb_usb_hdmi_top.xsa
TRACE::2024-11-01.04:24:47::SCWPlatform::DSA directory C:/Users/curti/OneDrive/Documents/UIUC/ECE-385/Vivado_Projects/lab7_1/lab7_1_workspace/mb_usb_hdmi_top/hw
TRACE::2024-11-01.04:24:47::SCWPlatform:: Platform Path C:/Users/curti/OneDrive/Documents/UIUC/ECE-385/Vivado_Projects/lab7_1/lab7_1_workspace/mb_usb_hdmi_top/hw/mb_usb_hdmi_top.xsa
TRACE::2024-11-01.04:24:47::SCWPlatform:: Unique name xilinx:::0.0
TRACE::2024-11-01.04:24:47::SCWPlatform::Trying to set the existing hwdb with name mb_usb_hdmi_top_0
TRACE::2024-11-01.04:24:47::SCWPlatform::Opened existing hwdb mb_usb_hdmi_top_0
TRACE::2024-11-01.04:24:47::SCWPlatform::Found the Hw Db part of the input DSA
TRACE::2024-11-01.04:24:47::SCWMssOS::Checking the sw design at  C:/Users/curti/OneDrive/Documents/UIUC/ECE-385/Vivado_Projects/lab7_1/lab7_1_workspace/mb_usb_hdmi_top/microblaze_0/standalone_microblaze_0/bsp/system.mss
TRACE::2024-11-01.04:24:47::SCWMssOS::DEBUG:  swdes dump  C:/Users/curti/OneDrive/Documents/UIUC/ECE-385/Vivado_Projects/lab7_1/lab7_1_workspace/mb_usb_hdmi_top/microblaze_0/standalone_microblaze_0/bsp/system.mss|system||

TRACE::2024-11-01.04:24:47::SCWMssOS::Sw design exists and opened at  C:/Users/curti/OneDrive/Documents/UIUC/ECE-385/Vivado_Projects/lab7_1/lab7_1_workspace/mb_usb_hdmi_top/microblaze_0/standalone_microblaze_0/bsp/system.mss
TRACE::2024-11-01.04:24:47::SCWMssOS::Saving the mss changes C:/Users/curti/OneDrive/Documents/UIUC/ECE-385/Vivado_Projects/lab7_1/lab7_1_workspace/mb_usb_hdmi_top/microblaze_0/standalone_microblaze_0/bsp/system.mss
TRACE::2024-11-01.04:24:47::SCWMssOS::Found a swdesign opened with the mssfile.
TRACE::2024-11-01.04:24:47::SCWMssOS::Completed writemss as part of save.
TRACE::2024-11-01.04:24:47::SCWMssOS::Commit changes completed.
TRACE::2024-11-01.04:24:47::SCWPlatform::Trying to open the hw design at C:/Users/curti/OneDrive/Documents/UIUC/ECE-385/Vivado_Projects/lab7_1/lab7_1_workspace/mb_usb_hdmi_top/hw/mb_usb_hdmi_top.xsa
TRACE::2024-11-01.04:24:47::SCWPlatform::DSA given C:/Users/curti/OneDrive/Documents/UIUC/ECE-385/Vivado_Projects/lab7_1/lab7_1_workspace/mb_usb_hdmi_top/hw/mb_usb_hdmi_top.xsa
TRACE::2024-11-01.04:24:47::SCWPlatform::DSA absoulate path C:/Users/curti/OneDrive/Documents/UIUC/ECE-385/Vivado_Projects/lab7_1/lab7_1_workspace/mb_usb_hdmi_top/hw/mb_usb_hdmi_top.xsa
TRACE::2024-11-01.04:24:47::SCWPlatform::DSA directory C:/Users/curti/OneDrive/Documents/UIUC/ECE-385/Vivado_Projects/lab7_1/lab7_1_workspace/mb_usb_hdmi_top/hw
TRACE::2024-11-01.04:24:47::SCWPlatform:: Platform Path C:/Users/curti/OneDrive/Documents/UIUC/ECE-385/Vivado_Projects/lab7_1/lab7_1_workspace/mb_usb_hdmi_top/hw/mb_usb_hdmi_top.xsa
TRACE::2024-11-01.04:24:47::SCWPlatform:: Unique name xilinx:::0.0
TRACE::2024-11-01.04:24:47::SCWPlatform::Trying to set the existing hwdb with name mb_usb_hdmi_top_0
TRACE::2024-11-01.04:24:47::SCWPlatform::Opened existing hwdb mb_usb_hdmi_top_0
TRACE::2024-11-01.04:24:47::SCWPlatform::Found the Hw Db part of the input DSA
TRACE::2024-11-01.04:24:47::SCWMssOS::Checking the sw design at  C:/Users/curti/OneDrive/Documents/UIUC/ECE-385/Vivado_Projects/lab7_1/lab7_1_workspace/mb_usb_hdmi_top/microblaze_0/standalone_microblaze_0/bsp/system.mss
TRACE::2024-11-01.04:24:47::SCWMssOS::DEBUG:  swdes dump  C:/Users/curti/OneDrive/Documents/UIUC/ECE-385/Vivado_Projects/lab7_1/lab7_1_workspace/mb_usb_hdmi_top/microblaze_0/standalone_microblaze_0/bsp/system.mss|system||

TRACE::2024-11-01.04:24:47::SCWMssOS::Sw design exists and opened at  C:/Users/curti/OneDrive/Documents/UIUC/ECE-385/Vivado_Projects/lab7_1/lab7_1_workspace/mb_usb_hdmi_top/microblaze_0/standalone_microblaze_0/bsp/system.mss
TRACE::2024-11-01.04:24:47::SCWPlatform::Trying to open the hw design at C:/Users/curti/OneDrive/Documents/UIUC/ECE-385/Vivado_Projects/lab7_1/lab7_1_workspace/mb_usb_hdmi_top/hw/mb_usb_hdmi_top.xsa
TRACE::2024-11-01.04:24:47::SCWPlatform::DSA given C:/Users/curti/OneDrive/Documents/UIUC/ECE-385/Vivado_Projects/lab7_1/lab7_1_workspace/mb_usb_hdmi_top/hw/mb_usb_hdmi_top.xsa
TRACE::2024-11-01.04:24:47::SCWPlatform::DSA absoulate path C:/Users/curti/OneDrive/Documents/UIUC/ECE-385/Vivado_Projects/lab7_1/lab7_1_workspace/mb_usb_hdmi_top/hw/mb_usb_hdmi_top.xsa
TRACE::2024-11-01.04:24:47::SCWPlatform::DSA directory C:/Users/curti/OneDrive/Documents/UIUC/ECE-385/Vivado_Projects/lab7_1/lab7_1_workspace/mb_usb_hdmi_top/hw
TRACE::2024-11-01.04:24:47::SCWPlatform:: Platform Path C:/Users/curti/OneDrive/Documents/UIUC/ECE-385/Vivado_Projects/lab7_1/lab7_1_workspace/mb_usb_hdmi_top/hw/mb_usb_hdmi_top.xsa
TRACE::2024-11-01.04:24:47::SCWPlatform:: Unique name xilinx:::0.0
TRACE::2024-11-01.04:24:47::SCWPlatform::Trying to set the existing hwdb with name mb_usb_hdmi_top_0
TRACE::2024-11-01.04:24:47::SCWPlatform::Opened existing hwdb mb_usb_hdmi_top_0
TRACE::2024-11-01.04:24:47::SCWPlatform::Found the Hw Db part of the input DSA
TRACE::2024-11-01.04:24:47::SCWMssOS::Checking the sw design at  C:/Users/curti/OneDrive/Documents/UIUC/ECE-385/Vivado_Projects/lab7_1/lab7_1_workspace/mb_usb_hdmi_top/microblaze_0/standalone_microblaze_0/bsp/system.mss
TRACE::2024-11-01.04:24:47::SCWMssOS::DEBUG:  swdes dump  C:/Users/curti/OneDrive/Documents/UIUC/ECE-385/Vivado_Projects/lab7_1/lab7_1_workspace/mb_usb_hdmi_top/microblaze_0/standalone_microblaze_0/bsp/system.mss|system||

TRACE::2024-11-01.04:24:47::SCWMssOS::Sw design exists and opened at  C:/Users/curti/OneDrive/Documents/UIUC/ECE-385/Vivado_Projects/lab7_1/lab7_1_workspace/mb_usb_hdmi_top/microblaze_0/standalone_microblaze_0/bsp/system.mss
TRACE::2024-11-01.04:24:47::SCWPlatform::Trying to open the hw design at C:/Users/curti/OneDrive/Documents/UIUC/ECE-385/Vivado_Projects/lab7_1/lab7_1_workspace/mb_usb_hdmi_top/hw/mb_usb_hdmi_top.xsa
TRACE::2024-11-01.04:24:47::SCWPlatform::DSA given C:/Users/curti/OneDrive/Documents/UIUC/ECE-385/Vivado_Projects/lab7_1/lab7_1_workspace/mb_usb_hdmi_top/hw/mb_usb_hdmi_top.xsa
TRACE::2024-11-01.04:24:47::SCWPlatform::DSA absoulate path C:/Users/curti/OneDrive/Documents/UIUC/ECE-385/Vivado_Projects/lab7_1/lab7_1_workspace/mb_usb_hdmi_top/hw/mb_usb_hdmi_top.xsa
TRACE::2024-11-01.04:24:47::SCWPlatform::DSA directory C:/Users/curti/OneDrive/Documents/UIUC/ECE-385/Vivado_Projects/lab7_1/lab7_1_workspace/mb_usb_hdmi_top/hw
TRACE::2024-11-01.04:24:47::SCWPlatform:: Platform Path C:/Users/curti/OneDrive/Documents/UIUC/ECE-385/Vivado_Projects/lab7_1/lab7_1_workspace/mb_usb_hdmi_top/hw/mb_usb_hdmi_top.xsa
TRACE::2024-11-01.04:24:47::SCWPlatform:: Unique name xilinx:::0.0
TRACE::2024-11-01.04:24:47::SCWPlatform::Trying to set the existing hwdb with name mb_usb_hdmi_top_0
TRACE::2024-11-01.04:24:47::SCWPlatform::Opened existing hwdb mb_usb_hdmi_top_0
TRACE::2024-11-01.04:24:47::SCWPlatform::Found the Hw Db part of the input DSA
TRACE::2024-11-01.04:24:47::SCWMssOS::Checking the sw design at  C:/Users/curti/OneDrive/Documents/UIUC/ECE-385/Vivado_Projects/lab7_1/lab7_1_workspace/mb_usb_hdmi_top/microblaze_0/standalone_microblaze_0/bsp/system.mss
TRACE::2024-11-01.04:24:47::SCWMssOS::DEBUG:  swdes dump  C:/Users/curti/OneDrive/Documents/UIUC/ECE-385/Vivado_Projects/lab7_1/lab7_1_workspace/mb_usb_hdmi_top/microblaze_0/standalone_microblaze_0/bsp/system.mss|system||

TRACE::2024-11-01.04:24:47::SCWMssOS::Sw design exists and opened at  C:/Users/curti/OneDrive/Documents/UIUC/ECE-385/Vivado_Projects/lab7_1/lab7_1_workspace/mb_usb_hdmi_top/microblaze_0/standalone_microblaze_0/bsp/system.mss
TRACE::2024-11-01.04:24:47::SCWWriter::formatted JSON is {
	"platformName":	"mb_usb_hdmi_top",
	"sprVersion":	"2.0",
	"mode":	"gui",
	"dsaType":	"Fixed",
	"platformDesc":	"mb_usb_hdmi_top",
	"platHandOff":	"C:/Users/curti/OneDrive/Documents/UIUC/ECE-385/Vivado_Projects/lab7_1/mb_usb_hdmi_top.xsa",
	"platIntHandOff":	"<platformDir>/hw/mb_usb_hdmi_top.xsa",
	"deviceType":	"FPGA",
	"platIsPrebuiltAutogen":	"false",
	"platIsNoBootBsp":	"false",
	"hasFsblMakeHasChanges":	"false",
	"hasPmufwMakeHasChanges":	"false",
	"platPreBuiltFlag":	false,
	"platformSamplesDir":	"",
	"platActiveSys":	"mb_usb_hdmi_top",
	"systems":	[{
			"systemName":	"mb_usb_hdmi_top",
			"systemDesc":	"mb_usb_hdmi_top",
			"sysIsBootAutoGen":	"true",
			"systemDispName":	"mb_usb_hdmi_top",
			"sysActiveDom":	"standalone_microblaze_0",
			"sysDefaultDom":	"standalone_microblaze_0",
			"domains":	[{
					"domainName":	"standalone_microblaze_0",
					"domainDispName":	"standalone_microblaze_0",
					"domainDesc":	"standalone_microblaze_0",
					"processors":	"microblaze_0",
					"os":	"standalone",
					"sdxOs":	"standalone",
					"debugEnable":	"False",
					"domRuntimes":	["cpp"],
					"swRepo":	"",
					"mssOsVer":	"8.0",
					"mssFile":	"",
					"md5Digest":	"5422c1e5be4ae93f4de8c50507402f2a",
					"compatibleApp":	"hello_world",
					"domType":	"mssDomain",
					"arch":	"32-bit",
					"appSettings":	{
						"appCompilerFlags":	"",
						"appLinkerFlags":	""
					},
					"addedLibs":	[],
					"libOptions":	{
						"libsContainingOptions":	[]
					},
					"prebuiltLibs":	{
						"prebuiltIncPath":	[],
						"prebuiltLibPath":	[]
					},
					"isolation":	{
					}
				}]
		}]
}
LOG::2024-11-01.04:24:47::SCWPlatform::Started generating the artifacts platform mb_usb_hdmi_top
TRACE::2024-11-01.04:24:47::SCWPlatform::Sanity checking of platform is completed
LOG::2024-11-01.04:24:47::SCWPlatform::Started generating the artifacts for system configuration mb_usb_hdmi_top
LOG::2024-11-01.04:24:47::SCWSystem::Started Processing the domain standalone_microblaze_0
TRACE::2024-11-01.04:24:47::SCWDomain::Generating domain artifcats
TRACE::2024-11-01.04:24:47::SCWMssOS::Generating standalone artifcats
TRACE::2024-11-01.04:24:47::SCWMssOS:: Copying the user libraries. 
TRACE::2024-11-01.04:24:47::SCWPlatform::Trying to open the hw design at C:/Users/curti/OneDrive/Documents/UIUC/ECE-385/Vivado_Projects/lab7_1/lab7_1_workspace/mb_usb_hdmi_top/hw/mb_usb_hdmi_top.xsa
TRACE::2024-11-01.04:24:47::SCWPlatform::DSA given C:/Users/curti/OneDrive/Documents/UIUC/ECE-385/Vivado_Projects/lab7_1/lab7_1_workspace/mb_usb_hdmi_top/hw/mb_usb_hdmi_top.xsa
TRACE::2024-11-01.04:24:47::SCWPlatform::DSA absoulate path C:/Users/curti/OneDrive/Documents/UIUC/ECE-385/Vivado_Projects/lab7_1/lab7_1_workspace/mb_usb_hdmi_top/hw/mb_usb_hdmi_top.xsa
TRACE::2024-11-01.04:24:47::SCWPlatform::DSA directory C:/Users/curti/OneDrive/Documents/UIUC/ECE-385/Vivado_Projects/lab7_1/lab7_1_workspace/mb_usb_hdmi_top/hw
TRACE::2024-11-01.04:24:47::SCWPlatform:: Platform Path C:/Users/curti/OneDrive/Documents/UIUC/ECE-385/Vivado_Projects/lab7_1/lab7_1_workspace/mb_usb_hdmi_top/hw/mb_usb_hdmi_top.xsa
TRACE::2024-11-01.04:24:47::SCWPlatform:: Unique name xilinx:::0.0
TRACE::2024-11-01.04:24:47::SCWPlatform::Trying to set the existing hwdb with name mb_usb_hdmi_top_0
TRACE::2024-11-01.04:24:47::SCWPlatform::Opened existing hwdb mb_usb_hdmi_top_0
TRACE::2024-11-01.04:24:47::SCWPlatform::Found the Hw Db part of the input DSA
TRACE::2024-11-01.04:24:47::SCWMssOS::Checking the sw design at  C:/Users/curti/OneDrive/Documents/UIUC/ECE-385/Vivado_Projects/lab7_1/lab7_1_workspace/mb_usb_hdmi_top/microblaze_0/standalone_microblaze_0/bsp/system.mss
TRACE::2024-11-01.04:24:47::SCWMssOS::DEBUG:  swdes dump  C:/Users/curti/OneDrive/Documents/UIUC/ECE-385/Vivado_Projects/lab7_1/lab7_1_workspace/mb_usb_hdmi_top/microblaze_0/standalone_microblaze_0/bsp/system.mss|system||

TRACE::2024-11-01.04:24:47::SCWMssOS::Sw design exists and opened at  C:/Users/curti/OneDrive/Documents/UIUC/ECE-385/Vivado_Projects/lab7_1/lab7_1_workspace/mb_usb_hdmi_top/microblaze_0/standalone_microblaze_0/bsp/system.mss
TRACE::2024-11-01.04:24:47::SCWMssOS::Completed writing the mss file at C:/Users/curti/OneDrive/Documents/UIUC/ECE-385/Vivado_Projects/lab7_1/lab7_1_workspace/mb_usb_hdmi_top/microblaze_0/standalone_microblaze_0/bsp
TRACE::2024-11-01.04:24:47::SCWMssOS::Mss edits present, copying mssfile into export location C:/Users/curti/OneDrive/Documents/UIUC/ECE-385/Vivado_Projects/lab7_1/lab7_1_workspace/mb_usb_hdmi_top/microblaze_0/standalone_microblaze_0/bsp/system.mss
TRACE::2024-11-01.04:24:47::SCWMssOS::bsp generated is upto date with the mss file. Skipping bsp generation.
TRACE::2024-11-01.04:24:47::SCWMssOS::BSP is already built. skipping the bsp build ... 
TRACE::2024-11-01.04:24:47::SCWDomain::Building the domain as part of full build :  standalone_microblaze_0
TRACE::2024-11-01.04:24:47::SCWMssOS::skipping the bsp build ... 
TRACE::2024-11-01.04:24:47::SCWMssOS::Copying to export directory.
TRACE::2024-11-01.04:24:47::SCWMssOS:: Checking if to create the Supporting Applications
TRACE::2024-11-01.04:24:47::SCWMssOS:: No Linux domain exists, trying to generate FSBL 
LOG::2024-11-01.04:24:47::SCWSystem::Completed Processing the domain standalone_microblaze_0
LOG::2024-11-01.04:24:47::SCWSystem::Completed Processing the sysconfig mb_usb_hdmi_top
LOG::2024-11-01.04:24:47::SCWPlatform::Completed generating the artifacts for system configuration mb_usb_hdmi_top
TRACE::2024-11-01.04:24:47::SCWPlatform::Started preparing the platform 
TRACE::2024-11-01.04:24:47::SCWSystem::Writing the bif file for system config mb_usb_hdmi_top
TRACE::2024-11-01.04:24:47::SCWSystem::dir created 
TRACE::2024-11-01.04:24:47::SCWSystem::Writing the bif 
TRACE::2024-11-01.04:24:47::SCWPlatform::Started writing the spfm file 
TRACE::2024-11-01.04:24:47::SCWPlatform::Started writing the xpfm file 
TRACE::2024-11-01.04:24:47::SCWPlatform::Completed generating the platform
TRACE::2024-11-01.04:24:47::SCWMssOS::Saving the mss changes C:/Users/curti/OneDrive/Documents/UIUC/ECE-385/Vivado_Projects/lab7_1/lab7_1_workspace/mb_usb_hdmi_top/microblaze_0/standalone_microblaze_0/bsp/system.mss
TRACE::2024-11-01.04:24:47::SCWMssOS::Found a swdesign opened with the mssfile.
TRACE::2024-11-01.04:24:47::SCWMssOS::Completed writemss as part of save.
TRACE::2024-11-01.04:24:47::SCWMssOS::Commit changes completed.
TRACE::2024-11-01.04:24:47::SCWPlatform::Trying to open the hw design at C:/Users/curti/OneDrive/Documents/UIUC/ECE-385/Vivado_Projects/lab7_1/lab7_1_workspace/mb_usb_hdmi_top/hw/mb_usb_hdmi_top.xsa
TRACE::2024-11-01.04:24:47::SCWPlatform::DSA given C:/Users/curti/OneDrive/Documents/UIUC/ECE-385/Vivado_Projects/lab7_1/lab7_1_workspace/mb_usb_hdmi_top/hw/mb_usb_hdmi_top.xsa
TRACE::2024-11-01.04:24:47::SCWPlatform::DSA absoulate path C:/Users/curti/OneDrive/Documents/UIUC/ECE-385/Vivado_Projects/lab7_1/lab7_1_workspace/mb_usb_hdmi_top/hw/mb_usb_hdmi_top.xsa
TRACE::2024-11-01.04:24:47::SCWPlatform::DSA directory C:/Users/curti/OneDrive/Documents/UIUC/ECE-385/Vivado_Projects/lab7_1/lab7_1_workspace/mb_usb_hdmi_top/hw
TRACE::2024-11-01.04:24:47::SCWPlatform:: Platform Path C:/Users/curti/OneDrive/Documents/UIUC/ECE-385/Vivado_Projects/lab7_1/lab7_1_workspace/mb_usb_hdmi_top/hw/mb_usb_hdmi_top.xsa
TRACE::2024-11-01.04:24:47::SCWPlatform:: Unique name xilinx:::0.0
TRACE::2024-11-01.04:24:47::SCWPlatform::Trying to set the existing hwdb with name mb_usb_hdmi_top_0
TRACE::2024-11-01.04:24:47::SCWPlatform::Opened existing hwdb mb_usb_hdmi_top_0
TRACE::2024-11-01.04:24:47::SCWPlatform::Found the Hw Db part of the input DSA
TRACE::2024-11-01.04:24:47::SCWMssOS::Checking the sw design at  C:/Users/curti/OneDrive/Documents/UIUC/ECE-385/Vivado_Projects/lab7_1/lab7_1_workspace/mb_usb_hdmi_top/microblaze_0/standalone_microblaze_0/bsp/system.mss
TRACE::2024-11-01.04:24:47::SCWMssOS::DEBUG:  swdes dump  C:/Users/curti/OneDrive/Documents/UIUC/ECE-385/Vivado_Projects/lab7_1/lab7_1_workspace/mb_usb_hdmi_top/microblaze_0/standalone_microblaze_0/bsp/system.mss|system||

TRACE::2024-11-01.04:24:47::SCWMssOS::Sw design exists and opened at  C:/Users/curti/OneDrive/Documents/UIUC/ECE-385/Vivado_Projects/lab7_1/lab7_1_workspace/mb_usb_hdmi_top/microblaze_0/standalone_microblaze_0/bsp/system.mss
TRACE::2024-11-01.04:24:47::SCWPlatform::Trying to open the hw design at C:/Users/curti/OneDrive/Documents/UIUC/ECE-385/Vivado_Projects/lab7_1/lab7_1_workspace/mb_usb_hdmi_top/hw/mb_usb_hdmi_top.xsa
TRACE::2024-11-01.04:24:47::SCWPlatform::DSA given C:/Users/curti/OneDrive/Documents/UIUC/ECE-385/Vivado_Projects/lab7_1/lab7_1_workspace/mb_usb_hdmi_top/hw/mb_usb_hdmi_top.xsa
TRACE::2024-11-01.04:24:47::SCWPlatform::DSA absoulate path C:/Users/curti/OneDrive/Documents/UIUC/ECE-385/Vivado_Projects/lab7_1/lab7_1_workspace/mb_usb_hdmi_top/hw/mb_usb_hdmi_top.xsa
TRACE::2024-11-01.04:24:47::SCWPlatform::DSA directory C:/Users/curti/OneDrive/Documents/UIUC/ECE-385/Vivado_Projects/lab7_1/lab7_1_workspace/mb_usb_hdmi_top/hw
TRACE::2024-11-01.04:24:47::SCWPlatform:: Platform Path C:/Users/curti/OneDrive/Documents/UIUC/ECE-385/Vivado_Projects/lab7_1/lab7_1_workspace/mb_usb_hdmi_top/hw/mb_usb_hdmi_top.xsa
TRACE::2024-11-01.04:24:47::SCWPlatform:: Unique name xilinx:::0.0
TRACE::2024-11-01.04:24:47::SCWPlatform::Trying to set the existing hwdb with name mb_usb_hdmi_top_0
TRACE::2024-11-01.04:24:47::SCWPlatform::Opened existing hwdb mb_usb_hdmi_top_0
TRACE::2024-11-01.04:24:47::SCWPlatform::Found the Hw Db part of the input DSA
TRACE::2024-11-01.04:24:47::SCWMssOS::Checking the sw design at  C:/Users/curti/OneDrive/Documents/UIUC/ECE-385/Vivado_Projects/lab7_1/lab7_1_workspace/mb_usb_hdmi_top/microblaze_0/standalone_microblaze_0/bsp/system.mss
TRACE::2024-11-01.04:24:47::SCWMssOS::DEBUG:  swdes dump  C:/Users/curti/OneDrive/Documents/UIUC/ECE-385/Vivado_Projects/lab7_1/lab7_1_workspace/mb_usb_hdmi_top/microblaze_0/standalone_microblaze_0/bsp/system.mss|system||

TRACE::2024-11-01.04:24:47::SCWMssOS::Sw design exists and opened at  C:/Users/curti/OneDrive/Documents/UIUC/ECE-385/Vivado_Projects/lab7_1/lab7_1_workspace/mb_usb_hdmi_top/microblaze_0/standalone_microblaze_0/bsp/system.mss
TRACE::2024-11-01.04:24:47::SCWPlatform::Trying to open the hw design at C:/Users/curti/OneDrive/Documents/UIUC/ECE-385/Vivado_Projects/lab7_1/lab7_1_workspace/mb_usb_hdmi_top/hw/mb_usb_hdmi_top.xsa
TRACE::2024-11-01.04:24:47::SCWPlatform::DSA given C:/Users/curti/OneDrive/Documents/UIUC/ECE-385/Vivado_Projects/lab7_1/lab7_1_workspace/mb_usb_hdmi_top/hw/mb_usb_hdmi_top.xsa
TRACE::2024-11-01.04:24:47::SCWPlatform::DSA absoulate path C:/Users/curti/OneDrive/Documents/UIUC/ECE-385/Vivado_Projects/lab7_1/lab7_1_workspace/mb_usb_hdmi_top/hw/mb_usb_hdmi_top.xsa
TRACE::2024-11-01.04:24:47::SCWPlatform::DSA directory C:/Users/curti/OneDrive/Documents/UIUC/ECE-385/Vivado_Projects/lab7_1/lab7_1_workspace/mb_usb_hdmi_top/hw
TRACE::2024-11-01.04:24:47::SCWPlatform:: Platform Path C:/Users/curti/OneDrive/Documents/UIUC/ECE-385/Vivado_Projects/lab7_1/lab7_1_workspace/mb_usb_hdmi_top/hw/mb_usb_hdmi_top.xsa
TRACE::2024-11-01.04:24:47::SCWPlatform:: Unique name xilinx:::0.0
TRACE::2024-11-01.04:24:47::SCWPlatform::Trying to set the existing hwdb with name mb_usb_hdmi_top_0
TRACE::2024-11-01.04:24:47::SCWPlatform::Opened existing hwdb mb_usb_hdmi_top_0
TRACE::2024-11-01.04:24:47::SCWPlatform::Found the Hw Db part of the input DSA
TRACE::2024-11-01.04:24:47::SCWMssOS::Checking the sw design at  C:/Users/curti/OneDrive/Documents/UIUC/ECE-385/Vivado_Projects/lab7_1/lab7_1_workspace/mb_usb_hdmi_top/microblaze_0/standalone_microblaze_0/bsp/system.mss
TRACE::2024-11-01.04:24:47::SCWMssOS::DEBUG:  swdes dump  C:/Users/curti/OneDrive/Documents/UIUC/ECE-385/Vivado_Projects/lab7_1/lab7_1_workspace/mb_usb_hdmi_top/microblaze_0/standalone_microblaze_0/bsp/system.mss|system||

TRACE::2024-11-01.04:24:47::SCWMssOS::Sw design exists and opened at  C:/Users/curti/OneDrive/Documents/UIUC/ECE-385/Vivado_Projects/lab7_1/lab7_1_workspace/mb_usb_hdmi_top/microblaze_0/standalone_microblaze_0/bsp/system.mss
TRACE::2024-11-01.04:24:47::SCWWriter::formatted JSON is {
	"platformName":	"mb_usb_hdmi_top",
	"sprVersion":	"2.0",
	"mode":	"gui",
	"dsaType":	"Fixed",
	"platformDesc":	"mb_usb_hdmi_top",
	"platHandOff":	"C:/Users/curti/OneDrive/Documents/UIUC/ECE-385/Vivado_Projects/lab7_1/mb_usb_hdmi_top.xsa",
	"platIntHandOff":	"<platformDir>/hw/mb_usb_hdmi_top.xsa",
	"deviceType":	"FPGA",
	"platIsPrebuiltAutogen":	"false",
	"platIsNoBootBsp":	"false",
	"hasFsblMakeHasChanges":	"false",
	"hasPmufwMakeHasChanges":	"false",
	"platPreBuiltFlag":	false,
	"platformSamplesDir":	"",
	"platActiveSys":	"mb_usb_hdmi_top",
	"systems":	[{
			"systemName":	"mb_usb_hdmi_top",
			"systemDesc":	"mb_usb_hdmi_top",
			"sysIsBootAutoGen":	"true",
			"systemDispName":	"mb_usb_hdmi_top",
			"sysActiveDom":	"standalone_microblaze_0",
			"sysDefaultDom":	"standalone_microblaze_0",
			"domains":	[{
					"domainName":	"standalone_microblaze_0",
					"domainDispName":	"standalone_microblaze_0",
					"domainDesc":	"standalone_microblaze_0",
					"processors":	"microblaze_0",
					"os":	"standalone",
					"sdxOs":	"standalone",
					"debugEnable":	"False",
					"domRuntimes":	["cpp"],
					"swRepo":	"",
					"mssOsVer":	"8.0",
					"mssFile":	"",
					"md5Digest":	"5422c1e5be4ae93f4de8c50507402f2a",
					"compatibleApp":	"hello_world",
					"domType":	"mssDomain",
					"arch":	"32-bit",
					"appSettings":	{
						"appCompilerFlags":	"",
						"appLinkerFlags":	""
					},
					"addedLibs":	[],
					"libOptions":	{
						"libsContainingOptions":	[]
					},
					"prebuiltLibs":	{
						"prebuiltIncPath":	[],
						"prebuiltLibPath":	[]
					},
					"isolation":	{
					}
				}]
		}]
}
KEYINFO::2024-11-01.04:24:47::SCWPlatform::updated the xpfm file.
LOG::2024-11-01.04:28:24::SCWPlatform::Started generating the artifacts platform mb_usb_hdmi_top
TRACE::2024-11-01.04:28:24::SCWPlatform::Sanity checking of platform is completed
LOG::2024-11-01.04:28:24::SCWPlatform::Started generating the artifacts for system configuration mb_usb_hdmi_top
LOG::2024-11-01.04:28:24::SCWSystem::Checking the domain standalone_microblaze_0
LOG::2024-11-01.04:28:24::SCWSystem::Not a boot domain 
LOG::2024-11-01.04:28:24::SCWSystem::Started Processing the domain standalone_microblaze_0
TRACE::2024-11-01.04:28:24::SCWDomain::Generating domain artifcats
TRACE::2024-11-01.04:28:24::SCWMssOS::Generating standalone artifcats
TRACE::2024-11-01.04:28:24::SCWMssOS:: Copying the user libraries. 
TRACE::2024-11-01.04:28:24::SCWPlatform::Trying to open the hw design at C:/Users/curti/OneDrive/Documents/UIUC/ECE-385/Vivado_Projects/lab7_1/lab7_1_workspace/mb_usb_hdmi_top/hw/mb_usb_hdmi_top.xsa
TRACE::2024-11-01.04:28:24::SCWPlatform::DSA given C:/Users/curti/OneDrive/Documents/UIUC/ECE-385/Vivado_Projects/lab7_1/lab7_1_workspace/mb_usb_hdmi_top/hw/mb_usb_hdmi_top.xsa
TRACE::2024-11-01.04:28:24::SCWPlatform::DSA absoulate path C:/Users/curti/OneDrive/Documents/UIUC/ECE-385/Vivado_Projects/lab7_1/lab7_1_workspace/mb_usb_hdmi_top/hw/mb_usb_hdmi_top.xsa
TRACE::2024-11-01.04:28:24::SCWPlatform::DSA directory C:/Users/curti/OneDrive/Documents/UIUC/ECE-385/Vivado_Projects/lab7_1/lab7_1_workspace/mb_usb_hdmi_top/hw
TRACE::2024-11-01.04:28:25::SCWPlatform:: Platform Path C:/Users/curti/OneDrive/Documents/UIUC/ECE-385/Vivado_Projects/lab7_1/lab7_1_workspace/mb_usb_hdmi_top/hw/mb_usb_hdmi_top.xsa
TRACE::2024-11-01.04:28:25::SCWPlatform:: Unique name xilinx:::0.0
TRACE::2024-11-01.04:28:25::SCWPlatform::Trying to set the existing hwdb with name mb_usb_hdmi_top_0
TRACE::2024-11-01.04:28:25::SCWPlatform::Opened existing hwdb mb_usb_hdmi_top_0
TRACE::2024-11-01.04:28:25::SCWPlatform::Found the Hw Db part of the input DSA
TRACE::2024-11-01.04:28:25::SCWMssOS::Checking the sw design at  C:/Users/curti/OneDrive/Documents/UIUC/ECE-385/Vivado_Projects/lab7_1/lab7_1_workspace/mb_usb_hdmi_top/microblaze_0/standalone_microblaze_0/bsp/system.mss
TRACE::2024-11-01.04:28:25::SCWMssOS::DEBUG:  swdes dump  C:/Users/curti/OneDrive/Documents/UIUC/ECE-385/Vivado_Projects/lab7_1/lab7_1_workspace/mb_usb_hdmi_top/microblaze_0/standalone_microblaze_0/bsp/system.mss|system||

TRACE::2024-11-01.04:28:25::SCWMssOS::Sw design exists and opened at  C:/Users/curti/OneDrive/Documents/UIUC/ECE-385/Vivado_Projects/lab7_1/lab7_1_workspace/mb_usb_hdmi_top/microblaze_0/standalone_microblaze_0/bsp/system.mss
TRACE::2024-11-01.04:28:25::SCWMssOS::Completed writing the mss file at C:/Users/curti/OneDrive/Documents/UIUC/ECE-385/Vivado_Projects/lab7_1/lab7_1_workspace/mb_usb_hdmi_top/microblaze_0/standalone_microblaze_0/bsp
TRACE::2024-11-01.04:28:25::SCWMssOS::Mss edits present, copying mssfile into export location C:/Users/curti/OneDrive/Documents/UIUC/ECE-385/Vivado_Projects/lab7_1/lab7_1_workspace/mb_usb_hdmi_top/microblaze_0/standalone_microblaze_0/bsp/system.mss
TRACE::2024-11-01.04:28:25::SCWMssOS::bsp generated is upto date with the mss file. Skipping bsp generation.
TRACE::2024-11-01.04:28:25::SCWMssOS::BSP is already built. skipping the bsp build ... 
TRACE::2024-11-01.04:28:25::SCWDomain::Building the domain as part of full build :  standalone_microblaze_0
TRACE::2024-11-01.04:28:25::SCWMssOS::doing bsp build ... 
TRACE::2024-11-01.04:28:25::SCWMssOS::System Command Ran  C: & cd  C:/Users/curti/OneDrive/Documents/UIUC/ECE-385/Vivado_Projects/lab7_1/lab7_1_workspace/mb_usb_hdmi_top/microblaze_0/standalone_microblaze_0/bsp & make 
TRACE::2024-11-01.04:28:25::SCWMssOS::make --no-print-directory seq_libs

TRACE::2024-11-01.04:28:25::SCWMssOS::'Finished building libraries sequentially.'

TRACE::2024-11-01.04:28:25::SCWMssOS::make -j 18 --no-print-directory par_libs

TRACE::2024-11-01.04:28:25::SCWMssOS::"Running Make include in microblaze_0/libsrc/bram_v4_8/src"

TRACE::2024-11-01.04:28:25::SCWMssOS::make -C microblaze_0/libsrc/bram_v4_8/src -s include  "SHELL=CMD" "COMPILER=mb-gcc" "ASSEMBLER=mb-as" "ARCHIVER=mb-ar" "COMPILE
TRACE::2024-11-01.04:28:25::SCWMssOS::R_FLAGS=  -O2 -c -mcpu=v11.0 -mlittle-endian -mno-xl-reorder -mno-xl-soft-mul -mxl-barrel-shift -mxl-pattern-compare" "EXTRA_CO
TRACE::2024-11-01.04:28:25::SCWMssOS::MPILER_FLAGS=-g -ffunction-sections -fdata-sections -Wall -Wextra -fno-tree-loop-distribute-patterns"

TRACE::2024-11-01.04:28:25::SCWMssOS::"Running Make include in microblaze_0/libsrc/cpu_v2_16/src"

TRACE::2024-11-01.04:28:25::SCWMssOS::make -C microblaze_0/libsrc/cpu_v2_16/src -s include  "SHELL=CMD" "COMPILER=mb-gcc" "ASSEMBLER=mb-as" "ARCHIVER=mb-ar" "COMPILE
TRACE::2024-11-01.04:28:25::SCWMssOS::R_FLAGS=  -O2 -c -mcpu=v11.0 -mlittle-endian -mno-xl-reorder -mno-xl-soft-mul -mxl-barrel-shift -mxl-pattern-compare" "EXTRA_CO
TRACE::2024-11-01.04:28:25::SCWMssOS::MPILER_FLAGS=-g -ffunction-sections -fdata-sections -Wall -Wextra -fno-tree-loop-distribute-patterns"

TRACE::2024-11-01.04:28:25::SCWMssOS::"Running Make include in microblaze_0/libsrc/intc_v3_15/src"

TRACE::2024-11-01.04:28:25::SCWMssOS::make -C microblaze_0/libsrc/intc_v3_15/src -s include  "SHELL=CMD" "COMPILER=mb-gcc" "ASSEMBLER=mb-as" "ARCHIVER=mb-ar" "COMPIL
TRACE::2024-11-01.04:28:25::SCWMssOS::ER_FLAGS=  -O2 -c -mcpu=v11.0 -mlittle-endian -mno-xl-reorder -mno-xl-soft-mul -mxl-barrel-shift -mxl-pattern-compare" "EXTRA_C
TRACE::2024-11-01.04:28:25::SCWMssOS::OMPILER_FLAGS=-g -ffunction-sections -fdata-sections -Wall -Wextra -fno-tree-loop-distribute-patterns"

TRACE::2024-11-01.04:28:25::SCWMssOS::"Running Make include in microblaze_0/libsrc/standalone_v8_0/src"

TRACE::2024-11-01.04:28:25::SCWMssOS::make -C microblaze_0/libsrc/standalone_v8_0/src -s include  "SHELL=CMD" "COMPILER=mb-gcc" "ASSEMBLER=mb-as" "ARCHIVER=mb-ar" "C
TRACE::2024-11-01.04:28:25::SCWMssOS::OMPILER_FLAGS=  -O2 -c -mcpu=v11.0 -mlittle-endian -mno-xl-reorder -mno-xl-soft-mul -mxl-barrel-shift -mxl-pattern-compare" "EX
TRACE::2024-11-01.04:28:25::SCWMssOS::TRA_COMPILER_FLAGS=-g -ffunction-sections -fdata-sections -Wall -Wextra -fno-tree-loop-distribute-patterns"

TRACE::2024-11-01.04:28:25::SCWMssOS::"Running Make include in microblaze_0/libsrc/uartlite_v3_7/src"

TRACE::2024-11-01.04:28:25::SCWMssOS::make -C microblaze_0/libsrc/uartlite_v3_7/src -s include  "SHELL=CMD" "COMPILER=mb-gcc" "ASSEMBLER=mb-as" "ARCHIVER=mb-ar" "COM
TRACE::2024-11-01.04:28:25::SCWMssOS::PILER_FLAGS=  -O2 -c -mcpu=v11.0 -mlittle-endian -mno-xl-reorder -mno-xl-soft-mul -mxl-barrel-shift -mxl-pattern-compare" "EXTR
TRACE::2024-11-01.04:28:25::SCWMssOS::A_COMPILER_FLAGS=-g -ffunction-sections -fdata-sections -Wall -Wextra -fno-tree-loop-distribute-patterns"

TRACE::2024-11-01.04:28:25::SCWMssOS::"Running Make libs in microblaze_0/libsrc/bram_v4_8/src"

TRACE::2024-11-01.04:28:25::SCWMssOS::make -C microblaze_0/libsrc/bram_v4_8/src -s libs  "SHELL=CMD" "COMPILER=mb-gcc" "ASSEMBLER=mb-as" "ARCHIVER=mb-ar" "COMPILER_F
TRACE::2024-11-01.04:28:25::SCWMssOS::LAGS=  -O2 -c -mcpu=v11.0 -mlittle-endian -mno-xl-reorder -mno-xl-soft-mul -mxl-barrel-shift -mxl-pattern-compare" "EXTRA_COMPI
TRACE::2024-11-01.04:28:25::SCWMssOS::LER_FLAGS=-g -ffunction-sections -fdata-sections -Wall -Wextra -fno-tree-loop-distribute-patterns"

TRACE::2024-11-01.04:28:25::SCWMssOS::"Running Make libs in microblaze_0/libsrc/cpu_v2_16/src"

TRACE::2024-11-01.04:28:25::SCWMssOS::make -C microblaze_0/libsrc/cpu_v2_16/src -s libs  "SHELL=CMD" "COMPILER=mb-gcc" "ASSEMBLER=mb-as" "ARCHIVER=mb-ar" "COMPILER_F
TRACE::2024-11-01.04:28:25::SCWMssOS::LAGS=  -O2 -c -mcpu=v11.0 -mlittle-endian -mno-xl-reorder -mno-xl-soft-mul -mxl-barrel-shift -mxl-pattern-compare" "EXTRA_COMPI
TRACE::2024-11-01.04:28:25::SCWMssOS::LER_FLAGS=-g -ffunction-sections -fdata-sections -Wall -Wextra -fno-tree-loop-distribute-patterns"

TRACE::2024-11-01.04:28:25::SCWMssOS::"Running Make libs in microblaze_0/libsrc/intc_v3_15/src"

TRACE::2024-11-01.04:28:25::SCWMssOS::make -C microblaze_0/libsrc/intc_v3_15/src -s libs  "SHELL=CMD" "COMPILER=mb-gcc" "ASSEMBLER=mb-as" "ARCHIVER=mb-ar" "COMPILER_
TRACE::2024-11-01.04:28:25::SCWMssOS::FLAGS=  -O2 -c -mcpu=v11.0 -mlittle-endian -mno-xl-reorder -mno-xl-soft-mul -mxl-barrel-shift -mxl-pattern-compare" "EXTRA_COMP
TRACE::2024-11-01.04:28:25::SCWMssOS::ILER_FLAGS=-g -ffunction-sections -fdata-sections -Wall -Wextra -fno-tree-loop-distribute-patterns"

TRACE::2024-11-01.04:28:26::SCWMssOS::"Running Make libs in microblaze_0/libsrc/standalone_v8_0/src"

TRACE::2024-11-01.04:28:26::SCWMssOS::make -C microblaze_0/libsrc/standalone_v8_0/src -s libs  "SHELL=CMD" "COMPILER=mb-gcc" "ASSEMBLER=mb-as" "ARCHIVER=mb-ar" "COMP
TRACE::2024-11-01.04:28:26::SCWMssOS::ILER_FLAGS=  -O2 -c -mcpu=v11.0 -mlittle-endian -mno-xl-reorder -mno-xl-soft-mul -mxl-barrel-shift -mxl-pattern-compare" "EXTRA
TRACE::2024-11-01.04:28:26::SCWMssOS::_COMPILER_FLAGS=-g -ffunction-sections -fdata-sections -Wall -Wextra -fno-tree-loop-distribute-patterns"

TRACE::2024-11-01.04:28:26::SCWMssOS::"Running Make libs in microblaze_0/libsrc/uartlite_v3_7/src"

TRACE::2024-11-01.04:28:26::SCWMssOS::make -C microblaze_0/libsrc/uartlite_v3_7/src -s libs  "SHELL=CMD" "COMPILER=mb-gcc" "ASSEMBLER=mb-as" "ARCHIVER=mb-ar" "COMPIL
TRACE::2024-11-01.04:28:26::SCWMssOS::ER_FLAGS=  -O2 -c -mcpu=v11.0 -mlittle-endian -mno-xl-reorder -mno-xl-soft-mul -mxl-barrel-shift -mxl-pattern-compare" "EXTRA_C
TRACE::2024-11-01.04:28:26::SCWMssOS::OMPILER_FLAGS=-g -ffunction-sections -fdata-sections -Wall -Wextra -fno-tree-loop-distribute-patterns"

TRACE::2024-11-01.04:28:26::SCWMssOS::"DEBUG NON_LTO_OBJECTS is ../../../lib/microblaze_interrupt_handler.o"

TRACE::2024-11-01.04:28:26::SCWMssOS::'Finished building libraries parallelly.'

TRACE::2024-11-01.04:28:26::SCWMssOS::make --no-print-directory archive

TRACE::2024-11-01.04:28:26::SCWMssOS::mb-ar -r  microblaze_0/lib/libxil.a microblaze_0/lib/_exit.o microblaze_0/lib/errno.o microblaze_0/lib/fcntl.o microblaze_0/lib
TRACE::2024-11-01.04:28:26::SCWMssOS::/hw_exception_handler.o microblaze_0/lib/inbyte.o microblaze_0/lib/microblaze_disable_dcache.o microblaze_0/lib/microblaze_disa
TRACE::2024-11-01.04:28:26::SCWMssOS::ble_exceptions.o microblaze_0/lib/microblaze_disable_icache.o microblaze_0/lib/microblaze_disable_interrupts.o microblaze_0/lib
TRACE::2024-11-01.04:28:26::SCWMssOS::/microblaze_enable_dcache.o microblaze_0/lib/microblaze_enable_exceptions.o microblaze_0/lib/microblaze_enable_icache.o microbl
TRACE::2024-11-01.04:28:26::SCWMssOS::aze_0/lib/microblaze_enable_interrupts.o microblaze_0/lib/microblaze_exception_handler.o microblaze_0/lib/microblaze_flush_cach
TRACE::2024-11-01.04:28:26::SCWMssOS::e_ext.o microblaze_0/lib/microblaze_flush_cache_ext_range.o microblaze_0/lib/microblaze_flush_dcache.o microblaze_0/lib/microbl
TRACE::2024-11-01.04:28:26::SCWMssOS::aze_flush_dcache_range.o microblaze_0/lib/microblaze_init_dcache_range.o microblaze_0/lib/microblaze_init_icache_range.o microb
TRACE::2024-11-01.04:28:26::SCWMssOS::laze_0/lib/microblaze_interrupt_handler.o microblaze_0/lib/microblaze_interrupts_g.o microblaze_0/lib/microblaze_invalidate_cac
TRACE::2024-11-01.04:28:26::SCWMssOS::he_ext.o microblaze_0/lib/microblaze_invalidate_cache_ext_range.o microblaze_0/lib/microblaze_invalidate_dcache.o microblaze_0/
TRACE::2024-11-01.04:28:26::SCWMssOS::lib/microblaze_invalidate_dcache_range.o microblaze_0/lib/microblaze_invalidate_icache.o microblaze_0/lib/microblaze_invalidate
TRACE::2024-11-01.04:28:26::SCWMssOS::_icache_range.o microblaze_0/lib/microblaze_scrub.o microblaze_0/lib/microblaze_selftest.o microblaze_0/lib/microblaze_sleep.o 
TRACE::2024-11-01.04:28:26::SCWMssOS::microblaze_0/lib/microblaze_update_dcache.o microblaze_0/lib/microblaze_update_icache.o microblaze_0/lib/outbyte.o microblaze_0
TRACE::2024-11-01.04:28:26::SCWMssOS::/lib/print.o microblaze_0/lib/pvr.o microblaze_0/lib/xbram.o microblaze_0/lib/xbram_g.o microblaze_0/lib/xbram_intr.o microblaz
TRACE::2024-11-01.04:28:26::SCWMssOS::e_0/lib/xbram_selftest.o microblaze_0/lib/xbram_sinit.o microblaze_0/lib/xil_assert.o microblaze_0/lib/xil_cache.o microblaze_0
TRACE::2024-11-01.04:28:26::SCWMssOS::/lib/xil_clocking.o microblaze_0/lib/xil_exception.o microblaze_0/lib/xil_mem.o microblaze_0/lib/xil_misc_psreset_api.o microbl
TRACE::2024-11-01.04:28:26::SCWMssOS::aze_0/lib/xil_printf.o microblaze_0/lib/xil_sleepcommon.o microblaze_0/lib/xil_testcache.o microblaze_0/lib/xil_testio.o microb
TRACE::2024-11-01.04:28:26::SCWMssOS::laze_0/lib/xil_testmem.o microblaze_0/lib/xil_util.o microblaze_0/lib/xintc.o microblaze_0/lib/xintc_g.o microblaze_0/lib/xintc
TRACE::2024-11-01.04:28:26::SCWMssOS::_intr.o microblaze_0/lib/xintc_l.o microblaze_0/lib/xintc_options.o microblaze_0/lib/xintc_selftest.o microblaze_0/lib/xinterru
TRACE::2024-11-01.04:28:26::SCWMssOS::pt_wrap.o microblaze_0/lib/xio.o microblaze_0/lib/xplatform_info.o microblaze_0/lib/xuartlite.o microblaze_0/lib/xuartlite_g.o 
TRACE::2024-11-01.04:28:26::SCWMssOS::microblaze_0/lib/xuartlite_intr.o microblaze_0/lib/xuartlite_l.o microblaze_0/lib/xuartlite_selftest.o microblaze_0/lib/xuartli
TRACE::2024-11-01.04:28:26::SCWMssOS::te_sinit.o microblaze_0/lib/xuartlite_stats.o

TRACE::2024-11-01.04:28:27::SCWMssOS::'Finished building libraries'

TRACE::2024-11-01.04:28:27::SCWMssOS::Copying to export directory.
TRACE::2024-11-01.04:28:27::SCWMssOS:: Checking if to create the Supporting Applications
TRACE::2024-11-01.04:28:27::SCWMssOS:: No Linux domain exists, trying to generate FSBL 
LOG::2024-11-01.04:28:27::SCWSystem::Completed Processing the domain standalone_microblaze_0
LOG::2024-11-01.04:28:27::SCWSystem::Completed Processing the sysconfig mb_usb_hdmi_top
LOG::2024-11-01.04:28:27::SCWPlatform::Completed generating the artifacts for system configuration mb_usb_hdmi_top
TRACE::2024-11-01.04:28:27::SCWPlatform::Started preparing the platform 
TRACE::2024-11-01.04:28:27::SCWSystem::Writing the bif file for system config mb_usb_hdmi_top
TRACE::2024-11-01.04:28:27::SCWSystem::dir created 
TRACE::2024-11-01.04:28:27::SCWSystem::Writing the bif 
TRACE::2024-11-01.04:28:27::SCWPlatform::Started writing the spfm file 
TRACE::2024-11-01.04:28:27::SCWPlatform::Started writing the xpfm file 
TRACE::2024-11-01.04:28:27::SCWPlatform::Completed generating the platform
TRACE::2024-11-01.04:28:27::SCWMssOS::Saving the mss changes C:/Users/curti/OneDrive/Documents/UIUC/ECE-385/Vivado_Projects/lab7_1/lab7_1_workspace/mb_usb_hdmi_top/microblaze_0/standalone_microblaze_0/bsp/system.mss
TRACE::2024-11-01.04:28:27::SCWMssOS::Found a swdesign opened with the mssfile.
TRACE::2024-11-01.04:28:27::SCWMssOS::Completed writemss as part of save.
TRACE::2024-11-01.04:28:27::SCWMssOS::Commit changes completed.
TRACE::2024-11-01.04:28:27::SCWPlatform::Trying to open the hw design at C:/Users/curti/OneDrive/Documents/UIUC/ECE-385/Vivado_Projects/lab7_1/lab7_1_workspace/mb_usb_hdmi_top/hw/mb_usb_hdmi_top.xsa
TRACE::2024-11-01.04:28:27::SCWPlatform::DSA given C:/Users/curti/OneDrive/Documents/UIUC/ECE-385/Vivado_Projects/lab7_1/lab7_1_workspace/mb_usb_hdmi_top/hw/mb_usb_hdmi_top.xsa
TRACE::2024-11-01.04:28:27::SCWPlatform::DSA absoulate path C:/Users/curti/OneDrive/Documents/UIUC/ECE-385/Vivado_Projects/lab7_1/lab7_1_workspace/mb_usb_hdmi_top/hw/mb_usb_hdmi_top.xsa
TRACE::2024-11-01.04:28:27::SCWPlatform::DSA directory C:/Users/curti/OneDrive/Documents/UIUC/ECE-385/Vivado_Projects/lab7_1/lab7_1_workspace/mb_usb_hdmi_top/hw
TRACE::2024-11-01.04:28:27::SCWPlatform:: Platform Path C:/Users/curti/OneDrive/Documents/UIUC/ECE-385/Vivado_Projects/lab7_1/lab7_1_workspace/mb_usb_hdmi_top/hw/mb_usb_hdmi_top.xsa
TRACE::2024-11-01.04:28:27::SCWPlatform:: Unique name xilinx:::0.0
TRACE::2024-11-01.04:28:27::SCWPlatform::Trying to set the existing hwdb with name mb_usb_hdmi_top_0
TRACE::2024-11-01.04:28:27::SCWPlatform::Opened existing hwdb mb_usb_hdmi_top_0
TRACE::2024-11-01.04:28:27::SCWPlatform::Found the Hw Db part of the input DSA
TRACE::2024-11-01.04:28:27::SCWMssOS::Checking the sw design at  C:/Users/curti/OneDrive/Documents/UIUC/ECE-385/Vivado_Projects/lab7_1/lab7_1_workspace/mb_usb_hdmi_top/microblaze_0/standalone_microblaze_0/bsp/system.mss
TRACE::2024-11-01.04:28:27::SCWMssOS::DEBUG:  swdes dump  C:/Users/curti/OneDrive/Documents/UIUC/ECE-385/Vivado_Projects/lab7_1/lab7_1_workspace/mb_usb_hdmi_top/microblaze_0/standalone_microblaze_0/bsp/system.mss|system||

TRACE::2024-11-01.04:28:27::SCWMssOS::Sw design exists and opened at  C:/Users/curti/OneDrive/Documents/UIUC/ECE-385/Vivado_Projects/lab7_1/lab7_1_workspace/mb_usb_hdmi_top/microblaze_0/standalone_microblaze_0/bsp/system.mss
TRACE::2024-11-01.04:28:27::SCWPlatform::Trying to open the hw design at C:/Users/curti/OneDrive/Documents/UIUC/ECE-385/Vivado_Projects/lab7_1/lab7_1_workspace/mb_usb_hdmi_top/hw/mb_usb_hdmi_top.xsa
TRACE::2024-11-01.04:28:27::SCWPlatform::DSA given C:/Users/curti/OneDrive/Documents/UIUC/ECE-385/Vivado_Projects/lab7_1/lab7_1_workspace/mb_usb_hdmi_top/hw/mb_usb_hdmi_top.xsa
TRACE::2024-11-01.04:28:27::SCWPlatform::DSA absoulate path C:/Users/curti/OneDrive/Documents/UIUC/ECE-385/Vivado_Projects/lab7_1/lab7_1_workspace/mb_usb_hdmi_top/hw/mb_usb_hdmi_top.xsa
TRACE::2024-11-01.04:28:27::SCWPlatform::DSA directory C:/Users/curti/OneDrive/Documents/UIUC/ECE-385/Vivado_Projects/lab7_1/lab7_1_workspace/mb_usb_hdmi_top/hw
TRACE::2024-11-01.04:28:27::SCWPlatform:: Platform Path C:/Users/curti/OneDrive/Documents/UIUC/ECE-385/Vivado_Projects/lab7_1/lab7_1_workspace/mb_usb_hdmi_top/hw/mb_usb_hdmi_top.xsa
TRACE::2024-11-01.04:28:27::SCWPlatform:: Unique name xilinx:::0.0
TRACE::2024-11-01.04:28:27::SCWPlatform::Trying to set the existing hwdb with name mb_usb_hdmi_top_0
TRACE::2024-11-01.04:28:27::SCWPlatform::Opened existing hwdb mb_usb_hdmi_top_0
TRACE::2024-11-01.04:28:27::SCWPlatform::Found the Hw Db part of the input DSA
TRACE::2024-11-01.04:28:27::SCWMssOS::Checking the sw design at  C:/Users/curti/OneDrive/Documents/UIUC/ECE-385/Vivado_Projects/lab7_1/lab7_1_workspace/mb_usb_hdmi_top/microblaze_0/standalone_microblaze_0/bsp/system.mss
TRACE::2024-11-01.04:28:27::SCWMssOS::DEBUG:  swdes dump  C:/Users/curti/OneDrive/Documents/UIUC/ECE-385/Vivado_Projects/lab7_1/lab7_1_workspace/mb_usb_hdmi_top/microblaze_0/standalone_microblaze_0/bsp/system.mss|system||

TRACE::2024-11-01.04:28:27::SCWMssOS::Sw design exists and opened at  C:/Users/curti/OneDrive/Documents/UIUC/ECE-385/Vivado_Projects/lab7_1/lab7_1_workspace/mb_usb_hdmi_top/microblaze_0/standalone_microblaze_0/bsp/system.mss
TRACE::2024-11-01.04:28:27::SCWPlatform::Trying to open the hw design at C:/Users/curti/OneDrive/Documents/UIUC/ECE-385/Vivado_Projects/lab7_1/lab7_1_workspace/mb_usb_hdmi_top/hw/mb_usb_hdmi_top.xsa
TRACE::2024-11-01.04:28:27::SCWPlatform::DSA given C:/Users/curti/OneDrive/Documents/UIUC/ECE-385/Vivado_Projects/lab7_1/lab7_1_workspace/mb_usb_hdmi_top/hw/mb_usb_hdmi_top.xsa
TRACE::2024-11-01.04:28:27::SCWPlatform::DSA absoulate path C:/Users/curti/OneDrive/Documents/UIUC/ECE-385/Vivado_Projects/lab7_1/lab7_1_workspace/mb_usb_hdmi_top/hw/mb_usb_hdmi_top.xsa
TRACE::2024-11-01.04:28:27::SCWPlatform::DSA directory C:/Users/curti/OneDrive/Documents/UIUC/ECE-385/Vivado_Projects/lab7_1/lab7_1_workspace/mb_usb_hdmi_top/hw
TRACE::2024-11-01.04:28:27::SCWPlatform:: Platform Path C:/Users/curti/OneDrive/Documents/UIUC/ECE-385/Vivado_Projects/lab7_1/lab7_1_workspace/mb_usb_hdmi_top/hw/mb_usb_hdmi_top.xsa
TRACE::2024-11-01.04:28:27::SCWPlatform:: Unique name xilinx:::0.0
TRACE::2024-11-01.04:28:27::SCWPlatform::Trying to set the existing hwdb with name mb_usb_hdmi_top_0
TRACE::2024-11-01.04:28:27::SCWPlatform::Opened existing hwdb mb_usb_hdmi_top_0
TRACE::2024-11-01.04:28:27::SCWPlatform::Found the Hw Db part of the input DSA
TRACE::2024-11-01.04:28:27::SCWMssOS::Checking the sw design at  C:/Users/curti/OneDrive/Documents/UIUC/ECE-385/Vivado_Projects/lab7_1/lab7_1_workspace/mb_usb_hdmi_top/microblaze_0/standalone_microblaze_0/bsp/system.mss
TRACE::2024-11-01.04:28:27::SCWMssOS::DEBUG:  swdes dump  C:/Users/curti/OneDrive/Documents/UIUC/ECE-385/Vivado_Projects/lab7_1/lab7_1_workspace/mb_usb_hdmi_top/microblaze_0/standalone_microblaze_0/bsp/system.mss|system||

TRACE::2024-11-01.04:28:27::SCWMssOS::Sw design exists and opened at  C:/Users/curti/OneDrive/Documents/UIUC/ECE-385/Vivado_Projects/lab7_1/lab7_1_workspace/mb_usb_hdmi_top/microblaze_0/standalone_microblaze_0/bsp/system.mss
TRACE::2024-11-01.04:28:27::SCWWriter::formatted JSON is {
	"platformName":	"mb_usb_hdmi_top",
	"sprVersion":	"2.0",
	"mode":	"gui",
	"dsaType":	"Fixed",
	"platformDesc":	"mb_usb_hdmi_top",
	"platHandOff":	"C:/Users/curti/OneDrive/Documents/UIUC/ECE-385/Vivado_Projects/lab7_1/mb_usb_hdmi_top.xsa",
	"platIntHandOff":	"<platformDir>/hw/mb_usb_hdmi_top.xsa",
	"deviceType":	"FPGA",
	"platIsPrebuiltAutogen":	"false",
	"platIsNoBootBsp":	"false",
	"hasFsblMakeHasChanges":	"false",
	"hasPmufwMakeHasChanges":	"false",
	"platPreBuiltFlag":	false,
	"platformSamplesDir":	"",
	"platActiveSys":	"mb_usb_hdmi_top",
	"systems":	[{
			"systemName":	"mb_usb_hdmi_top",
			"systemDesc":	"mb_usb_hdmi_top",
			"sysIsBootAutoGen":	"true",
			"systemDispName":	"mb_usb_hdmi_top",
			"sysActiveDom":	"standalone_microblaze_0",
			"sysDefaultDom":	"standalone_microblaze_0",
			"domains":	[{
					"domainName":	"standalone_microblaze_0",
					"domainDispName":	"standalone_microblaze_0",
					"domainDesc":	"standalone_microblaze_0",
					"processors":	"microblaze_0",
					"os":	"standalone",
					"sdxOs":	"standalone",
					"debugEnable":	"False",
					"domRuntimes":	["cpp"],
					"swRepo":	"",
					"mssOsVer":	"8.0",
					"mssFile":	"",
					"md5Digest":	"5422c1e5be4ae93f4de8c50507402f2a",
					"compatibleApp":	"hello_world",
					"domType":	"mssDomain",
					"arch":	"32-bit",
					"appSettings":	{
						"appCompilerFlags":	"",
						"appLinkerFlags":	""
					},
					"addedLibs":	[],
					"libOptions":	{
						"libsContainingOptions":	[]
					},
					"prebuiltLibs":	{
						"prebuiltIncPath":	[],
						"prebuiltLibPath":	[]
					},
					"isolation":	{
					}
				}]
		}]
}
KEYINFO::2024-11-01.04:28:27::SCWPlatform::updated the xpfm file.
TRACE::2024-11-01.04:28:27::SCWPlatform::Trying to open the hw design at C:/Users/curti/OneDrive/Documents/UIUC/ECE-385/Vivado_Projects/lab7_1/lab7_1_workspace/mb_usb_hdmi_top/hw/mb_usb_hdmi_top.xsa
TRACE::2024-11-01.04:28:27::SCWPlatform::DSA given C:/Users/curti/OneDrive/Documents/UIUC/ECE-385/Vivado_Projects/lab7_1/lab7_1_workspace/mb_usb_hdmi_top/hw/mb_usb_hdmi_top.xsa
TRACE::2024-11-01.04:28:27::SCWPlatform::DSA absoulate path C:/Users/curti/OneDrive/Documents/UIUC/ECE-385/Vivado_Projects/lab7_1/lab7_1_workspace/mb_usb_hdmi_top/hw/mb_usb_hdmi_top.xsa
TRACE::2024-11-01.04:28:27::SCWPlatform::DSA directory C:/Users/curti/OneDrive/Documents/UIUC/ECE-385/Vivado_Projects/lab7_1/lab7_1_workspace/mb_usb_hdmi_top/hw
TRACE::2024-11-01.04:28:27::SCWPlatform:: Platform Path C:/Users/curti/OneDrive/Documents/UIUC/ECE-385/Vivado_Projects/lab7_1/lab7_1_workspace/mb_usb_hdmi_top/hw/mb_usb_hdmi_top.xsa
TRACE::2024-11-01.04:28:27::SCWPlatform:: Unique name xilinx:::0.0
TRACE::2024-11-01.04:28:27::SCWPlatform::Trying to set the existing hwdb with name mb_usb_hdmi_top_0
TRACE::2024-11-01.04:28:27::SCWPlatform::Opened existing hwdb mb_usb_hdmi_top_0
TRACE::2024-11-01.04:28:27::SCWPlatform::Found the Hw Db part of the input DSA
TRACE::2024-11-01.04:28:27::SCWMssOS::Checking the sw design at  C:/Users/curti/OneDrive/Documents/UIUC/ECE-385/Vivado_Projects/lab7_1/lab7_1_workspace/mb_usb_hdmi_top/microblaze_0/standalone_microblaze_0/bsp/system.mss
TRACE::2024-11-01.04:28:27::SCWMssOS::DEBUG:  swdes dump  C:/Users/curti/OneDrive/Documents/UIUC/ECE-385/Vivado_Projects/lab7_1/lab7_1_workspace/mb_usb_hdmi_top/microblaze_0/standalone_microblaze_0/bsp/system.mss|system||

TRACE::2024-11-01.04:28:27::SCWMssOS::Sw design exists and opened at  C:/Users/curti/OneDrive/Documents/UIUC/ECE-385/Vivado_Projects/lab7_1/lab7_1_workspace/mb_usb_hdmi_top/microblaze_0/standalone_microblaze_0/bsp/system.mss
TRACE::2024-11-01.05:26:51::SCWPlatform::Clearing the existing platform
TRACE::2024-11-01.05:26:51::SCWSystem::Clearing the existing sysconfig
TRACE::2024-11-01.05:26:51::SCWMssOS::Removing the swdes entry for  C:/Users/curti/OneDrive/Documents/UIUC/ECE-385/Vivado_Projects/lab7_1/lab7_1_workspace/mb_usb_hdmi_top/microblaze_0/standalone_microblaze_0/bsp/system.mss
TRACE::2024-11-01.05:26:51::SCWSystem::Clearing the domains completed.
TRACE::2024-11-01.05:26:51::SCWPlatform::Clearing the opened hw db.
TRACE::2024-11-01.05:26:51::SCWPlatform::DSA given C:/Users/curti/OneDrive/Documents/UIUC/ECE-385/Vivado_Projects/lab7_1/lab7_1_workspace/mb_usb_hdmi_top/hw/mb_usb_hdmi_top.xsa
TRACE::2024-11-01.05:26:51::SCWPlatform::DSA absoulate path C:/Users/curti/OneDrive/Documents/UIUC/ECE-385/Vivado_Projects/lab7_1/lab7_1_workspace/mb_usb_hdmi_top/hw/mb_usb_hdmi_top.xsa
TRACE::2024-11-01.05:26:51::SCWPlatform:: Platform location is C:/Users/curti/OneDrive/Documents/UIUC/ECE-385/Vivado_Projects/lab7_1/lab7_1_workspace/mb_usb_hdmi_top/hw
TRACE::2024-11-01.05:26:51::SCWPlatform:: Platform Path C:/Users/curti/OneDrive/Documents/UIUC/ECE-385/Vivado_Projects/lab7_1/lab7_1_workspace/mb_usb_hdmi_top/hw/mb_usb_hdmi_top.xsa
TRACE::2024-11-01.05:26:51::SCWPlatform:: Unique name xilinx:::0.0
TRACE::2024-11-01.05:26:51::SCWPlatform::Removing the HwDB with name C:/Users/curti/OneDrive/Documents/UIUC/ECE-385/Vivado_Projects/lab7_1/lab7_1_workspace/mb_usb_hdmi_top/hw/mb_usb_hdmi_top.xsa
TRACE::2024-11-01.05:26:51::SCWPlatform::Trying to open the hw design at C:/Users/curti/OneDrive/Documents/UIUC/ECE-385/Vivado_Projects/lab7_1/lab7_1_workspace/mb_usb_hdmi_top/hw/mb_usb_hdmi_top.xsa
TRACE::2024-11-01.05:26:51::SCWPlatform::DSA given C:/Users/curti/OneDrive/Documents/UIUC/ECE-385/Vivado_Projects/lab7_1/lab7_1_workspace/mb_usb_hdmi_top/hw/mb_usb_hdmi_top.xsa
TRACE::2024-11-01.05:26:51::SCWPlatform::DSA absoulate path C:/Users/curti/OneDrive/Documents/UIUC/ECE-385/Vivado_Projects/lab7_1/lab7_1_workspace/mb_usb_hdmi_top/hw/mb_usb_hdmi_top.xsa
TRACE::2024-11-01.05:26:51::SCWPlatform::DSA directory C:/Users/curti/OneDrive/Documents/UIUC/ECE-385/Vivado_Projects/lab7_1/lab7_1_workspace/mb_usb_hdmi_top/hw
TRACE::2024-11-01.05:26:51::SCWPlatform:: Platform Path C:/Users/curti/OneDrive/Documents/UIUC/ECE-385/Vivado_Projects/lab7_1/lab7_1_workspace/mb_usb_hdmi_top/hw/mb_usb_hdmi_top.xsa
TRACE::2024-11-01.05:26:51::SCWPlatform:: Unique name xilinx:::0.0
TRACE::2024-11-01.05:26:51::SCWPlatform::Do not have an existing db opened. 
TRACE::2024-11-01.05:26:51::SCWPlatform::Opened new HwDB with name mb_usb_hdmi_top_2
TRACE::2024-11-01.05:26:51::SCWReader::Active system found as  mb_usb_hdmi_top
TRACE::2024-11-01.05:26:51::SCWReader::Handling sysconfig mb_usb_hdmi_top
TRACE::2024-11-01.05:26:51::SCWDomain::checking for install qemu data   : 
TRACE::2024-11-01.05:26:51::SCWPlatform::Trying to open the hw design at C:/Users/curti/OneDrive/Documents/UIUC/ECE-385/Vivado_Projects/lab7_1/lab7_1_workspace/mb_usb_hdmi_top/hw/mb_usb_hdmi_top.xsa
TRACE::2024-11-01.05:26:51::SCWPlatform::DSA given C:/Users/curti/OneDrive/Documents/UIUC/ECE-385/Vivado_Projects/lab7_1/lab7_1_workspace/mb_usb_hdmi_top/hw/mb_usb_hdmi_top.xsa
TRACE::2024-11-01.05:26:51::SCWPlatform::DSA absoulate path C:/Users/curti/OneDrive/Documents/UIUC/ECE-385/Vivado_Projects/lab7_1/lab7_1_workspace/mb_usb_hdmi_top/hw/mb_usb_hdmi_top.xsa
TRACE::2024-11-01.05:26:51::SCWPlatform::DSA directory C:/Users/curti/OneDrive/Documents/UIUC/ECE-385/Vivado_Projects/lab7_1/lab7_1_workspace/mb_usb_hdmi_top/hw
TRACE::2024-11-01.05:26:51::SCWPlatform:: Platform Path C:/Users/curti/OneDrive/Documents/UIUC/ECE-385/Vivado_Projects/lab7_1/lab7_1_workspace/mb_usb_hdmi_top/hw/mb_usb_hdmi_top.xsa
TRACE::2024-11-01.05:26:51::SCWPlatform:: Unique name xilinx:::0.0
TRACE::2024-11-01.05:26:51::SCWPlatform::Trying to set the existing hwdb with name mb_usb_hdmi_top_2
TRACE::2024-11-01.05:26:51::SCWPlatform::Opened existing hwdb mb_usb_hdmi_top_2
TRACE::2024-11-01.05:26:51::SCWPlatform::Found the Hw Db part of the input DSA
TRACE::2024-11-01.05:26:51::SCWPlatform::Trying to open the hw design at C:/Users/curti/OneDrive/Documents/UIUC/ECE-385/Vivado_Projects/lab7_1/lab7_1_workspace/mb_usb_hdmi_top/hw/mb_usb_hdmi_top.xsa
TRACE::2024-11-01.05:26:51::SCWPlatform::DSA given C:/Users/curti/OneDrive/Documents/UIUC/ECE-385/Vivado_Projects/lab7_1/lab7_1_workspace/mb_usb_hdmi_top/hw/mb_usb_hdmi_top.xsa
TRACE::2024-11-01.05:26:51::SCWPlatform::DSA absoulate path C:/Users/curti/OneDrive/Documents/UIUC/ECE-385/Vivado_Projects/lab7_1/lab7_1_workspace/mb_usb_hdmi_top/hw/mb_usb_hdmi_top.xsa
TRACE::2024-11-01.05:26:51::SCWPlatform::DSA directory C:/Users/curti/OneDrive/Documents/UIUC/ECE-385/Vivado_Projects/lab7_1/lab7_1_workspace/mb_usb_hdmi_top/hw
TRACE::2024-11-01.05:26:51::SCWPlatform:: Platform Path C:/Users/curti/OneDrive/Documents/UIUC/ECE-385/Vivado_Projects/lab7_1/lab7_1_workspace/mb_usb_hdmi_top/hw/mb_usb_hdmi_top.xsa
TRACE::2024-11-01.05:26:51::SCWPlatform:: Unique name xilinx:::0.0
TRACE::2024-11-01.05:26:51::SCWPlatform::Trying to set the existing hwdb with name mb_usb_hdmi_top_2
TRACE::2024-11-01.05:26:51::SCWPlatform::Opened existing hwdb mb_usb_hdmi_top_2
TRACE::2024-11-01.05:26:51::SCWPlatform::Found the Hw Db part of the input DSA
TRACE::2024-11-01.05:26:51::SCWPlatform::Trying to open the hw design at C:/Users/curti/OneDrive/Documents/UIUC/ECE-385/Vivado_Projects/lab7_1/lab7_1_workspace/mb_usb_hdmi_top/hw/mb_usb_hdmi_top.xsa
TRACE::2024-11-01.05:26:51::SCWPlatform::DSA given C:/Users/curti/OneDrive/Documents/UIUC/ECE-385/Vivado_Projects/lab7_1/lab7_1_workspace/mb_usb_hdmi_top/hw/mb_usb_hdmi_top.xsa
TRACE::2024-11-01.05:26:51::SCWPlatform::DSA absoulate path C:/Users/curti/OneDrive/Documents/UIUC/ECE-385/Vivado_Projects/lab7_1/lab7_1_workspace/mb_usb_hdmi_top/hw/mb_usb_hdmi_top.xsa
TRACE::2024-11-01.05:26:51::SCWPlatform::DSA directory C:/Users/curti/OneDrive/Documents/UIUC/ECE-385/Vivado_Projects/lab7_1/lab7_1_workspace/mb_usb_hdmi_top/hw
TRACE::2024-11-01.05:26:51::SCWPlatform:: Platform Path C:/Users/curti/OneDrive/Documents/UIUC/ECE-385/Vivado_Projects/lab7_1/lab7_1_workspace/mb_usb_hdmi_top/hw/mb_usb_hdmi_top.xsa
TRACE::2024-11-01.05:26:51::SCWPlatform:: Unique name xilinx:::0.0
TRACE::2024-11-01.05:26:51::SCWPlatform::Trying to set the existing hwdb with name mb_usb_hdmi_top_2
TRACE::2024-11-01.05:26:51::SCWPlatform::Opened existing hwdb mb_usb_hdmi_top_2
TRACE::2024-11-01.05:26:51::SCWPlatform::Found the Hw Db part of the input DSA
TRACE::2024-11-01.05:26:51::SCWPlatform::Trying to open the hw design at C:/Users/curti/OneDrive/Documents/UIUC/ECE-385/Vivado_Projects/lab7_1/lab7_1_workspace/mb_usb_hdmi_top/hw/mb_usb_hdmi_top.xsa
TRACE::2024-11-01.05:26:51::SCWPlatform::DSA given C:/Users/curti/OneDrive/Documents/UIUC/ECE-385/Vivado_Projects/lab7_1/lab7_1_workspace/mb_usb_hdmi_top/hw/mb_usb_hdmi_top.xsa
TRACE::2024-11-01.05:26:51::SCWPlatform::DSA absoulate path C:/Users/curti/OneDrive/Documents/UIUC/ECE-385/Vivado_Projects/lab7_1/lab7_1_workspace/mb_usb_hdmi_top/hw/mb_usb_hdmi_top.xsa
TRACE::2024-11-01.05:26:51::SCWPlatform::DSA directory C:/Users/curti/OneDrive/Documents/UIUC/ECE-385/Vivado_Projects/lab7_1/lab7_1_workspace/mb_usb_hdmi_top/hw
TRACE::2024-11-01.05:26:51::SCWPlatform:: Platform Path C:/Users/curti/OneDrive/Documents/UIUC/ECE-385/Vivado_Projects/lab7_1/lab7_1_workspace/mb_usb_hdmi_top/hw/mb_usb_hdmi_top.xsa
TRACE::2024-11-01.05:26:51::SCWPlatform:: Unique name xilinx:::0.0
TRACE::2024-11-01.05:26:51::SCWPlatform::Trying to set the existing hwdb with name mb_usb_hdmi_top_2
TRACE::2024-11-01.05:26:51::SCWPlatform::Opened existing hwdb mb_usb_hdmi_top_2
TRACE::2024-11-01.05:26:51::SCWPlatform::Found the Hw Db part of the input DSA
TRACE::2024-11-01.05:26:51::SCWMssOS::Checking the sw design at  C:/Users/curti/OneDrive/Documents/UIUC/ECE-385/Vivado_Projects/lab7_1/lab7_1_workspace/mb_usb_hdmi_top/microblaze_0/standalone_microblaze_0/bsp/system.mss
TRACE::2024-11-01.05:26:51::SCWMssOS::DEBUG:  swdes dump  
TRACE::2024-11-01.05:26:51::SCWMssOS::No sw design opened at  C:/Users/curti/OneDrive/Documents/UIUC/ECE-385/Vivado_Projects/lab7_1/lab7_1_workspace/mb_usb_hdmi_top/microblaze_0/standalone_microblaze_0/bsp/system.mss
TRACE::2024-11-01.05:26:51::SCWMssOS::mss exists loading the mss file  C:/Users/curti/OneDrive/Documents/UIUC/ECE-385/Vivado_Projects/lab7_1/lab7_1_workspace/mb_usb_hdmi_top/microblaze_0/standalone_microblaze_0/bsp/system.mss
TRACE::2024-11-01.05:26:51::SCWMssOS::Opened the sw design from mss  C:/Users/curti/OneDrive/Documents/UIUC/ECE-385/Vivado_Projects/lab7_1/lab7_1_workspace/mb_usb_hdmi_top/microblaze_0/standalone_microblaze_0/bsp/system.mss
TRACE::2024-11-01.05:26:51::SCWMssOS::Adding the swdes entry C:/Users/curti/OneDrive/Documents/UIUC/ECE-385/Vivado_Projects/lab7_1/lab7_1_workspace/mb_usb_hdmi_top/microblaze_0/standalone_microblaze_0/bsp/system.mss with des name system
TRACE::2024-11-01.05:26:51::SCWMssOS::updating the scw layer about changes
TRACE::2024-11-01.05:26:51::SCWMssOS::Opened the sw design.  C:/Users/curti/OneDrive/Documents/UIUC/ECE-385/Vivado_Projects/lab7_1/lab7_1_workspace/mb_usb_hdmi_top/microblaze_0/standalone_microblaze_0/bsp/system.mss
TRACE::2024-11-01.05:26:51::SCWMssOS::Saving the mss changes C:/Users/curti/OneDrive/Documents/UIUC/ECE-385/Vivado_Projects/lab7_1/lab7_1_workspace/mb_usb_hdmi_top/microblaze_0/standalone_microblaze_0/bsp/system.mss
TRACE::2024-11-01.05:26:51::SCWMssOS::Found a swdesign opened with the mssfile.
TRACE::2024-11-01.05:26:51::SCWMssOS::Completed writemss as part of save.
TRACE::2024-11-01.05:26:51::SCWMssOS::Commit changes completed.
TRACE::2024-11-01.05:26:51::SCWReader::Adding prebuilt librarypaths as   
TRACE::2024-11-01.05:26:51::SCWReader::Adding prebuilt incpaths  as   
TRACE::2024-11-01.05:26:51::SCWPlatform::Trying to open the hw design at C:/Users/curti/OneDrive/Documents/UIUC/ECE-385/Vivado_Projects/lab7_1/lab7_1_workspace/mb_usb_hdmi_top/hw/mb_usb_hdmi_top.xsa
TRACE::2024-11-01.05:26:51::SCWPlatform::DSA given C:/Users/curti/OneDrive/Documents/UIUC/ECE-385/Vivado_Projects/lab7_1/lab7_1_workspace/mb_usb_hdmi_top/hw/mb_usb_hdmi_top.xsa
TRACE::2024-11-01.05:26:51::SCWPlatform::DSA absoulate path C:/Users/curti/OneDrive/Documents/UIUC/ECE-385/Vivado_Projects/lab7_1/lab7_1_workspace/mb_usb_hdmi_top/hw/mb_usb_hdmi_top.xsa
TRACE::2024-11-01.05:26:51::SCWPlatform::DSA directory C:/Users/curti/OneDrive/Documents/UIUC/ECE-385/Vivado_Projects/lab7_1/lab7_1_workspace/mb_usb_hdmi_top/hw
TRACE::2024-11-01.05:26:51::SCWPlatform:: Platform Path C:/Users/curti/OneDrive/Documents/UIUC/ECE-385/Vivado_Projects/lab7_1/lab7_1_workspace/mb_usb_hdmi_top/hw/mb_usb_hdmi_top.xsa
TRACE::2024-11-01.05:26:51::SCWPlatform:: Unique name xilinx:::0.0
TRACE::2024-11-01.05:26:51::SCWPlatform::Trying to set the existing hwdb with name mb_usb_hdmi_top_2
TRACE::2024-11-01.05:26:51::SCWPlatform::Opened existing hwdb mb_usb_hdmi_top_2
TRACE::2024-11-01.05:26:51::SCWPlatform::Found the Hw Db part of the input DSA
TRACE::2024-11-01.05:26:51::SCWMssOS::Checking the sw design at  C:/Users/curti/OneDrive/Documents/UIUC/ECE-385/Vivado_Projects/lab7_1/lab7_1_workspace/mb_usb_hdmi_top/microblaze_0/standalone_microblaze_0/bsp/system.mss
TRACE::2024-11-01.05:26:51::SCWMssOS::DEBUG:  swdes dump  C:/Users/curti/OneDrive/Documents/UIUC/ECE-385/Vivado_Projects/lab7_1/lab7_1_workspace/mb_usb_hdmi_top/microblaze_0/standalone_microblaze_0/bsp/system.mss|system||

TRACE::2024-11-01.05:26:51::SCWMssOS::Sw design exists and opened at  C:/Users/curti/OneDrive/Documents/UIUC/ECE-385/Vivado_Projects/lab7_1/lab7_1_workspace/mb_usb_hdmi_top/microblaze_0/standalone_microblaze_0/bsp/system.mss
TRACE::2024-11-01.05:26:51::SCWReader::No isolation master present  
TRACE::2024-11-01.05:26:54::SCWPlatform::DSA given C:/Users/curti/OneDrive/Documents/UIUC/ECE-385/Vivado_Projects/lab7_1/lab7_1_workspace/mb_usb_hdmi_top/tempdsa/mb_usb_hdmi_top.xsa
TRACE::2024-11-01.05:26:54::SCWPlatform::DSA absoulate path C:/Users/curti/OneDrive/Documents/UIUC/ECE-385/Vivado_Projects/lab7_1/lab7_1_workspace/mb_usb_hdmi_top/tempdsa/mb_usb_hdmi_top.xsa
TRACE::2024-11-01.05:26:54::SCWPlatform:: Platform location is C:/Users/curti/OneDrive/Documents/UIUC/ECE-385/Vivado_Projects/lab7_1/lab7_1_workspace/mb_usb_hdmi_top/tempdsa
TRACE::2024-11-01.05:26:54::SCWPlatform:: Platform Path C:/Users/curti/OneDrive/Documents/UIUC/ECE-385/Vivado_Projects/lab7_1/lab7_1_workspace/mb_usb_hdmi_top/tempdsa/mb_usb_hdmi_top.xsa
TRACE::2024-11-01.05:26:54::SCWPlatform:: Unique name xilinx:::0.0
TRACE::2024-11-01.05:26:54::SCWPlatform::Found the Hw Db part of the input DSA
TRACE::2024-11-01.05:26:54::SCWMssOS::Doing hw sync for the mss in domain: standalone_microblaze_0
TRACE::2024-11-01.05:26:54::SCWPlatform::Trying to open the hw design at C:/Users/curti/OneDrive/Documents/UIUC/ECE-385/Vivado_Projects/lab7_1/lab7_1_workspace/mb_usb_hdmi_top/hw/mb_usb_hdmi_top.xsa
TRACE::2024-11-01.05:26:54::SCWPlatform::DSA given C:/Users/curti/OneDrive/Documents/UIUC/ECE-385/Vivado_Projects/lab7_1/lab7_1_workspace/mb_usb_hdmi_top/hw/mb_usb_hdmi_top.xsa
TRACE::2024-11-01.05:26:54::SCWPlatform::DSA absoulate path C:/Users/curti/OneDrive/Documents/UIUC/ECE-385/Vivado_Projects/lab7_1/lab7_1_workspace/mb_usb_hdmi_top/hw/mb_usb_hdmi_top.xsa
TRACE::2024-11-01.05:26:54::SCWPlatform::DSA directory C:/Users/curti/OneDrive/Documents/UIUC/ECE-385/Vivado_Projects/lab7_1/lab7_1_workspace/mb_usb_hdmi_top/hw
TRACE::2024-11-01.05:26:54::SCWPlatform:: Platform Path C:/Users/curti/OneDrive/Documents/UIUC/ECE-385/Vivado_Projects/lab7_1/lab7_1_workspace/mb_usb_hdmi_top/hw/mb_usb_hdmi_top.xsa
TRACE::2024-11-01.05:26:54::SCWPlatform:: Unique name xilinx:::0.0
TRACE::2024-11-01.05:26:54::SCWPlatform::Trying to set the existing hwdb with name mb_usb_hdmi_top_2
TRACE::2024-11-01.05:26:54::SCWPlatform::Opened existing hwdb mb_usb_hdmi_top_2
TRACE::2024-11-01.05:26:54::SCWPlatform::Found the Hw Db part of the input DSA
TRACE::2024-11-01.05:26:54::SCWPlatform::Trying to open the hw design at C:/Users/curti/OneDrive/Documents/UIUC/ECE-385/Vivado_Projects/lab7_1/lab7_1_workspace/mb_usb_hdmi_top/hw/mb_usb_hdmi_top.xsa
TRACE::2024-11-01.05:26:54::SCWPlatform::DSA given C:/Users/curti/OneDrive/Documents/UIUC/ECE-385/Vivado_Projects/lab7_1/lab7_1_workspace/mb_usb_hdmi_top/hw/mb_usb_hdmi_top.xsa
TRACE::2024-11-01.05:26:54::SCWPlatform::DSA absoulate path C:/Users/curti/OneDrive/Documents/UIUC/ECE-385/Vivado_Projects/lab7_1/lab7_1_workspace/mb_usb_hdmi_top/hw/mb_usb_hdmi_top.xsa
TRACE::2024-11-01.05:26:54::SCWPlatform::DSA directory C:/Users/curti/OneDrive/Documents/UIUC/ECE-385/Vivado_Projects/lab7_1/lab7_1_workspace/mb_usb_hdmi_top/hw
TRACE::2024-11-01.05:26:54::SCWPlatform:: Platform Path C:/Users/curti/OneDrive/Documents/UIUC/ECE-385/Vivado_Projects/lab7_1/lab7_1_workspace/mb_usb_hdmi_top/hw/mb_usb_hdmi_top.xsa
TRACE::2024-11-01.05:26:54::SCWPlatform:: Unique name xilinx:::0.0
TRACE::2024-11-01.05:26:54::SCWPlatform::Trying to set the existing hwdb with name mb_usb_hdmi_top_2
TRACE::2024-11-01.05:26:54::SCWPlatform::Opened existing hwdb mb_usb_hdmi_top_2
TRACE::2024-11-01.05:26:54::SCWPlatform::Found the Hw Db part of the input DSA
TRACE::2024-11-01.05:26:54::SCWMssOS::Checking the sw design at  C:/Users/curti/OneDrive/Documents/UIUC/ECE-385/Vivado_Projects/lab7_1/lab7_1_workspace/mb_usb_hdmi_top/microblaze_0/standalone_microblaze_0/bsp/system.mss
TRACE::2024-11-01.05:26:54::SCWMssOS::DEBUG:  swdes dump  C:/Users/curti/OneDrive/Documents/UIUC/ECE-385/Vivado_Projects/lab7_1/lab7_1_workspace/mb_usb_hdmi_top/microblaze_0/standalone_microblaze_0/bsp/system.mss|system||

TRACE::2024-11-01.05:26:54::SCWMssOS::Sw design exists and opened at  C:/Users/curti/OneDrive/Documents/UIUC/ECE-385/Vivado_Projects/lab7_1/lab7_1_workspace/mb_usb_hdmi_top/microblaze_0/standalone_microblaze_0/bsp/system.mss
TRACE::2024-11-01.05:26:54::SCWPlatform::Trying to open the hw design at C:/Users/curti/OneDrive/Documents/UIUC/ECE-385/Vivado_Projects/lab7_1/lab7_1_workspace/mb_usb_hdmi_top/tempdsa/mb_usb_hdmi_top.xsa
TRACE::2024-11-01.05:26:54::SCWPlatform::DSA given C:/Users/curti/OneDrive/Documents/UIUC/ECE-385/Vivado_Projects/lab7_1/lab7_1_workspace/mb_usb_hdmi_top/tempdsa/mb_usb_hdmi_top.xsa
TRACE::2024-11-01.05:26:54::SCWPlatform::DSA absoulate path C:/Users/curti/OneDrive/Documents/UIUC/ECE-385/Vivado_Projects/lab7_1/lab7_1_workspace/mb_usb_hdmi_top/tempdsa/mb_usb_hdmi_top.xsa
TRACE::2024-11-01.05:26:54::SCWPlatform::DSA directory C:/Users/curti/OneDrive/Documents/UIUC/ECE-385/Vivado_Projects/lab7_1/lab7_1_workspace/mb_usb_hdmi_top/tempdsa
TRACE::2024-11-01.05:26:54::SCWPlatform:: Platform Path C:/Users/curti/OneDrive/Documents/UIUC/ECE-385/Vivado_Projects/lab7_1/lab7_1_workspace/mb_usb_hdmi_top/tempdsa/mb_usb_hdmi_top.xsa
TRACE::2024-11-01.05:26:54::SCWPlatform:: Unique name xilinx:::0.0
TRACE::2024-11-01.05:26:54::SCWPlatform::update - Opened existing hwdb mb_usb_hdmi_top_3
TRACE::2024-11-01.05:26:54::SCWPlatform::Found the Hw Db part of the input DSA
TRACE::2024-11-01.05:26:54::SCWMssOS::Saving the mss changes C:/Users/curti/OneDrive/Documents/UIUC/ECE-385/Vivado_Projects/lab7_1/lab7_1_workspace/mb_usb_hdmi_top/microblaze_0/standalone_microblaze_0/bsp/system.mss
TRACE::2024-11-01.05:26:54::SCWMssOS::Found a swdesign opened with the mssfile.
TRACE::2024-11-01.05:26:54::SCWMssOS::Completed writemss as part of save.
TRACE::2024-11-01.05:26:54::SCWMssOS::Commit changes completed.
TRACE::2024-11-01.05:26:54::SCWMssOS::Completed hw sync for the mss in domain: standalone_microblaze_0
TRACE::2024-11-01.05:26:54::SCWMssOS::Removing the swdes entry for  C:/Users/curti/OneDrive/Documents/UIUC/ECE-385/Vivado_Projects/lab7_1/lab7_1_workspace/mb_usb_hdmi_top/microblaze_0/standalone_microblaze_0/bsp/system.mss
TRACE::2024-11-01.05:26:54::SCWPlatform::Trying to open the hw design at C:/Users/curti/OneDrive/Documents/UIUC/ECE-385/Vivado_Projects/lab7_1/lab7_1_workspace/mb_usb_hdmi_top/hw/mb_usb_hdmi_top.xsa
TRACE::2024-11-01.05:26:54::SCWPlatform::DSA given C:/Users/curti/OneDrive/Documents/UIUC/ECE-385/Vivado_Projects/lab7_1/lab7_1_workspace/mb_usb_hdmi_top/hw/mb_usb_hdmi_top.xsa
TRACE::2024-11-01.05:26:54::SCWPlatform::DSA absoulate path C:/Users/curti/OneDrive/Documents/UIUC/ECE-385/Vivado_Projects/lab7_1/lab7_1_workspace/mb_usb_hdmi_top/hw/mb_usb_hdmi_top.xsa
TRACE::2024-11-01.05:26:54::SCWPlatform::DSA directory C:/Users/curti/OneDrive/Documents/UIUC/ECE-385/Vivado_Projects/lab7_1/lab7_1_workspace/mb_usb_hdmi_top/hw
TRACE::2024-11-01.05:26:54::SCWPlatform:: Platform Path C:/Users/curti/OneDrive/Documents/UIUC/ECE-385/Vivado_Projects/lab7_1/lab7_1_workspace/mb_usb_hdmi_top/hw/mb_usb_hdmi_top.xsa
TRACE::2024-11-01.05:26:54::SCWPlatform:: Unique name xilinx:::0.0
TRACE::2024-11-01.05:26:54::SCWPlatform::Do not have an existing db opened. 
TRACE::2024-11-01.05:26:54::SCWPlatform::Opened new HwDB with name mb_usb_hdmi_top_4
TRACE::2024-11-01.05:26:54::SCWMssOS::Saving the mss changes C:/Users/curti/OneDrive/Documents/UIUC/ECE-385/Vivado_Projects/lab7_1/lab7_1_workspace/mb_usb_hdmi_top/microblaze_0/standalone_microblaze_0/bsp/system.mss
TRACE::2024-11-01.05:26:54::SCWMssOS::Adding the swdes entry, mss present, able to open swdb C:/Users/curti/OneDrive/Documents/UIUC/ECE-385/Vivado_Projects/lab7_1/lab7_1_workspace/mb_usb_hdmi_top/microblaze_0/standalone_microblaze_0/bsp/system.mss with des name system
TRACE::2024-11-01.05:26:54::SCWMssOS::Writing the mss file completed C:/Users/curti/OneDrive/Documents/UIUC/ECE-385/Vivado_Projects/lab7_1/lab7_1_workspace/mb_usb_hdmi_top/microblaze_0/standalone_microblaze_0/bsp/system.mss
TRACE::2024-11-01.05:26:54::SCWMssOS::Commit changes completed.
TRACE::2024-11-01.05:26:54::SCWPlatform::Trying to open the hw design at C:/Users/curti/OneDrive/Documents/UIUC/ECE-385/Vivado_Projects/lab7_1/lab7_1_workspace/mb_usb_hdmi_top/hw/mb_usb_hdmi_top.xsa
TRACE::2024-11-01.05:26:54::SCWPlatform::DSA given C:/Users/curti/OneDrive/Documents/UIUC/ECE-385/Vivado_Projects/lab7_1/lab7_1_workspace/mb_usb_hdmi_top/hw/mb_usb_hdmi_top.xsa
TRACE::2024-11-01.05:26:54::SCWPlatform::DSA absoulate path C:/Users/curti/OneDrive/Documents/UIUC/ECE-385/Vivado_Projects/lab7_1/lab7_1_workspace/mb_usb_hdmi_top/hw/mb_usb_hdmi_top.xsa
TRACE::2024-11-01.05:26:54::SCWPlatform::DSA directory C:/Users/curti/OneDrive/Documents/UIUC/ECE-385/Vivado_Projects/lab7_1/lab7_1_workspace/mb_usb_hdmi_top/hw
TRACE::2024-11-01.05:26:54::SCWPlatform:: Platform Path C:/Users/curti/OneDrive/Documents/UIUC/ECE-385/Vivado_Projects/lab7_1/lab7_1_workspace/mb_usb_hdmi_top/hw/mb_usb_hdmi_top.xsa
TRACE::2024-11-01.05:26:54::SCWPlatform:: Unique name xilinx:::0.0
TRACE::2024-11-01.05:26:54::SCWPlatform::Trying to set the existing hwdb with name mb_usb_hdmi_top_4
TRACE::2024-11-01.05:26:54::SCWPlatform::Opened existing hwdb mb_usb_hdmi_top_4
TRACE::2024-11-01.05:26:54::SCWPlatform::Found the Hw Db part of the input DSA
TRACE::2024-11-01.05:26:54::SCWMssOS::Checking the sw design at  C:/Users/curti/OneDrive/Documents/UIUC/ECE-385/Vivado_Projects/lab7_1/lab7_1_workspace/mb_usb_hdmi_top/microblaze_0/standalone_microblaze_0/bsp/system.mss
TRACE::2024-11-01.05:26:54::SCWMssOS::DEBUG:  swdes dump  C:/Users/curti/OneDrive/Documents/UIUC/ECE-385/Vivado_Projects/lab7_1/lab7_1_workspace/mb_usb_hdmi_top/microblaze_0/standalone_microblaze_0/bsp/system.mss|system||

TRACE::2024-11-01.05:26:54::SCWMssOS::Sw design exists and opened at  C:/Users/curti/OneDrive/Documents/UIUC/ECE-385/Vivado_Projects/lab7_1/lab7_1_workspace/mb_usb_hdmi_top/microblaze_0/standalone_microblaze_0/bsp/system.mss
TRACE::2024-11-01.05:26:54::SCWWriter::formatted JSON is {
	"platformName":	"mb_usb_hdmi_top",
	"sprVersion":	"2.0",
	"mode":	"gui",
	"dsaType":	"Fixed",
	"platformDesc":	"mb_usb_hdmi_top",
	"platHandOff":	"C:/Users/curti/OneDrive/Documents/UIUC/ECE-385/Vivado_Projects/lab7_1/mb_usb_hdmi_top.xsa",
	"platIntHandOff":	"<platformDir>/hw/mb_usb_hdmi_top.xsa",
	"deviceType":	"FPGA",
	"platIsPrebuiltAutogen":	"false",
	"platIsNoBootBsp":	"false",
	"hasFsblMakeHasChanges":	"false",
	"hasPmufwMakeHasChanges":	"false",
	"platPreBuiltFlag":	false,
	"platformSamplesDir":	"",
	"platActiveSys":	"mb_usb_hdmi_top",
	"systems":	[{
			"systemName":	"mb_usb_hdmi_top",
			"systemDesc":	"mb_usb_hdmi_top",
			"sysIsBootAutoGen":	"true",
			"systemDispName":	"mb_usb_hdmi_top",
			"sysActiveDom":	"standalone_microblaze_0",
			"sysDefaultDom":	"standalone_microblaze_0",
			"domains":	[{
					"domainName":	"standalone_microblaze_0",
					"domainDispName":	"standalone_microblaze_0",
					"domainDesc":	"standalone_microblaze_0",
					"processors":	"microblaze_0",
					"os":	"standalone",
					"sdxOs":	"standalone",
					"debugEnable":	"False",
					"domRuntimes":	["cpp"],
					"swRepo":	"",
					"mssOsVer":	"8.0",
					"mssFile":	"",
					"md5Digest":	"5422c1e5be4ae93f4de8c50507402f2a1",
					"compatibleApp":	"",
					"domType":	"mssDomain",
					"arch":	"32-bit",
					"appSettings":	{
						"appCompilerFlags":	"",
						"appLinkerFlags":	""
					},
					"addedLibs":	[],
					"libOptions":	{
						"libsContainingOptions":	[]
					},
					"prebuiltLibs":	{
						"prebuiltIncPath":	[],
						"prebuiltLibPath":	[]
					},
					"isolation":	{
					}
				}]
		}]
}
TRACE::2024-11-01.05:27:05::SCWMssOS::cleaning the bsp 
TRACE::2024-11-01.05:27:05::SCWMssOS::System Command Ran  C: & cd  C:/Users/curti/OneDrive/Documents/UIUC/ECE-385/Vivado_Projects/lab7_1/lab7_1_workspace/mb_usb_hdmi_top/microblaze_0/standalone_microblaze_0/bsp & make clean 
TRACE::2024-11-01.05:27:05::SCWMssOS::make -C microblaze_0/libsrc/bram_v4_8/src -s clean 

TRACE::2024-11-01.05:27:05::SCWMssOS::make -C microblaze_0/libsrc/cpu_v2_16/src -s clean 

TRACE::2024-11-01.05:27:05::SCWMssOS::make -C microblaze_0/libsrc/intc_v3_15/src -s clean 

TRACE::2024-11-01.05:27:05::SCWMssOS::make -C microblaze_0/libsrc/standalone_v8_0/src -s clean 

TRACE::2024-11-01.05:27:05::SCWMssOS::make -C microblaze_0/libsrc/uartlite_v3_7/src -s clean 

TRACE::2024-11-01.05:27:05::SCWMssOS::rm -f microblaze_0/lib/libxil.a

TRACE::2024-11-01.05:27:10::SCWMssOS::cleaning the bsp 
TRACE::2024-11-01.05:27:10::SCWMssOS::System Command Ran  C: & cd  C:/Users/curti/OneDrive/Documents/UIUC/ECE-385/Vivado_Projects/lab7_1/lab7_1_workspace/mb_usb_hdmi_top/microblaze_0/standalone_microblaze_0/bsp & make clean 
TRACE::2024-11-01.05:27:10::SCWMssOS::make -C microblaze_0/libsrc/bram_v4_8/src -s clean 

TRACE::2024-11-01.05:27:10::SCWMssOS::make -C microblaze_0/libsrc/cpu_v2_16/src -s clean 

TRACE::2024-11-01.05:27:10::SCWMssOS::make -C microblaze_0/libsrc/intc_v3_15/src -s clean 

TRACE::2024-11-01.05:27:10::SCWMssOS::make -C microblaze_0/libsrc/standalone_v8_0/src -s clean 

TRACE::2024-11-01.05:27:10::SCWMssOS::make -C microblaze_0/libsrc/uartlite_v3_7/src -s clean 

TRACE::2024-11-01.05:27:10::SCWMssOS::rm -f microblaze_0/lib/libxil.a

LOG::2024-11-01.05:27:25::SCWPlatform::Started generating the artifacts platform mb_usb_hdmi_top
TRACE::2024-11-01.05:27:25::SCWPlatform::Sanity checking of platform is completed
LOG::2024-11-01.05:27:25::SCWPlatform::Started generating the artifacts for system configuration mb_usb_hdmi_top
LOG::2024-11-01.05:27:25::SCWSystem::Checking the domain standalone_microblaze_0
LOG::2024-11-01.05:27:25::SCWSystem::Not a boot domain 
LOG::2024-11-01.05:27:25::SCWSystem::Started Processing the domain standalone_microblaze_0
TRACE::2024-11-01.05:27:25::SCWDomain::Generating domain artifcats
TRACE::2024-11-01.05:27:25::SCWMssOS::Generating standalone artifcats
TRACE::2024-11-01.05:27:25::SCWMssOS:: Copying the user libraries. 
TRACE::2024-11-01.05:27:25::SCWPlatform::Trying to open the hw design at C:/Users/curti/OneDrive/Documents/UIUC/ECE-385/Vivado_Projects/lab7_1/lab7_1_workspace/mb_usb_hdmi_top/hw/mb_usb_hdmi_top.xsa
TRACE::2024-11-01.05:27:25::SCWPlatform::DSA given C:/Users/curti/OneDrive/Documents/UIUC/ECE-385/Vivado_Projects/lab7_1/lab7_1_workspace/mb_usb_hdmi_top/hw/mb_usb_hdmi_top.xsa
TRACE::2024-11-01.05:27:25::SCWPlatform::DSA absoulate path C:/Users/curti/OneDrive/Documents/UIUC/ECE-385/Vivado_Projects/lab7_1/lab7_1_workspace/mb_usb_hdmi_top/hw/mb_usb_hdmi_top.xsa
TRACE::2024-11-01.05:27:25::SCWPlatform::DSA directory C:/Users/curti/OneDrive/Documents/UIUC/ECE-385/Vivado_Projects/lab7_1/lab7_1_workspace/mb_usb_hdmi_top/hw
TRACE::2024-11-01.05:27:25::SCWPlatform:: Platform Path C:/Users/curti/OneDrive/Documents/UIUC/ECE-385/Vivado_Projects/lab7_1/lab7_1_workspace/mb_usb_hdmi_top/hw/mb_usb_hdmi_top.xsa
TRACE::2024-11-01.05:27:25::SCWPlatform:: Unique name xilinx:::0.0
TRACE::2024-11-01.05:27:25::SCWPlatform::Trying to set the existing hwdb with name mb_usb_hdmi_top_4
TRACE::2024-11-01.05:27:25::SCWPlatform::Opened existing hwdb mb_usb_hdmi_top_4
TRACE::2024-11-01.05:27:25::SCWPlatform::Found the Hw Db part of the input DSA
TRACE::2024-11-01.05:27:25::SCWMssOS::Checking the sw design at  C:/Users/curti/OneDrive/Documents/UIUC/ECE-385/Vivado_Projects/lab7_1/lab7_1_workspace/mb_usb_hdmi_top/microblaze_0/standalone_microblaze_0/bsp/system.mss
TRACE::2024-11-01.05:27:25::SCWMssOS::DEBUG:  swdes dump  C:/Users/curti/OneDrive/Documents/UIUC/ECE-385/Vivado_Projects/lab7_1/lab7_1_workspace/mb_usb_hdmi_top/microblaze_0/standalone_microblaze_0/bsp/system.mss|system||

TRACE::2024-11-01.05:27:25::SCWMssOS::Sw design exists and opened at  C:/Users/curti/OneDrive/Documents/UIUC/ECE-385/Vivado_Projects/lab7_1/lab7_1_workspace/mb_usb_hdmi_top/microblaze_0/standalone_microblaze_0/bsp/system.mss
TRACE::2024-11-01.05:27:25::SCWMssOS::Completed writing the mss file at C:/Users/curti/OneDrive/Documents/UIUC/ECE-385/Vivado_Projects/lab7_1/lab7_1_workspace/mb_usb_hdmi_top/microblaze_0/standalone_microblaze_0/bsp
TRACE::2024-11-01.05:27:25::SCWMssOS::Mss edits present, copying mssfile into export location C:/Users/curti/OneDrive/Documents/UIUC/ECE-385/Vivado_Projects/lab7_1/lab7_1_workspace/mb_usb_hdmi_top/microblaze_0/standalone_microblaze_0/bsp/system.mss
TRACE::2024-11-01.05:27:25::SCWMssOS::bsp generated is stale removing and regenerating. 
TRACE::2024-11-01.05:27:27::SCWMssOS::doing bsp build ... 
TRACE::2024-11-01.05:27:27::SCWMssOS::System Command Ran  C: & cd  C:/Users/curti/OneDrive/Documents/UIUC/ECE-385/Vivado_Projects/lab7_1/lab7_1_workspace/mb_usb_hdmi_top/microblaze_0/standalone_microblaze_0/bsp & make 
TRACE::2024-11-01.05:27:27::SCWMssOS::make --no-print-directory seq_libs

TRACE::2024-11-01.05:27:27::SCWMssOS::'Finished building libraries sequentially.'

TRACE::2024-11-01.05:27:27::SCWMssOS::make -j 18 --no-print-directory par_libs

TRACE::2024-11-01.05:27:27::SCWMssOS::"Running Make include in microblaze_0/libsrc/bram_v4_8/src"

TRACE::2024-11-01.05:27:27::SCWMssOS::make -C microblaze_0/libsrc/bram_v4_8/src -s include  "SHELL=CMD" "COMPILER=mb-gcc" "ASSEMBLER=mb-as" "ARCHIVER=mb-ar" "COMPILE
TRACE::2024-11-01.05:27:27::SCWMssOS::R_FLAGS=  -O2 -c -mcpu=v11.0 -mlittle-endian -mno-xl-reorder -mno-xl-soft-mul -mxl-barrel-shift -mxl-pattern-compare" "EXTRA_CO
TRACE::2024-11-01.05:27:27::SCWMssOS::MPILER_FLAGS=-g -ffunction-sections -fdata-sections -Wall -Wextra -fno-tree-loop-distribute-patterns"

TRACE::2024-11-01.05:27:27::SCWMssOS::"Running Make include in microblaze_0/libsrc/cpu_v2_16/src"

TRACE::2024-11-01.05:27:27::SCWMssOS::make -C microblaze_0/libsrc/cpu_v2_16/src -s include  "SHELL=CMD" "COMPILER=mb-gcc" "ASSEMBLER=mb-as" "ARCHIVER=mb-ar" "COMPILE
TRACE::2024-11-01.05:27:27::SCWMssOS::R_FLAGS=  -O2 -c -mcpu=v11.0 -mlittle-endian -mno-xl-reorder -mno-xl-soft-mul -mxl-barrel-shift -mxl-pattern-compare" "EXTRA_CO
TRACE::2024-11-01.05:27:27::SCWMssOS::MPILER_FLAGS=-g -ffunction-sections -fdata-sections -Wall -Wextra -fno-tree-loop-distribute-patterns"

TRACE::2024-11-01.05:27:27::SCWMssOS::"Running Make include in microblaze_0/libsrc/intc_v3_15/src"

TRACE::2024-11-01.05:27:27::SCWMssOS::make -C microblaze_0/libsrc/intc_v3_15/src -s include  "SHELL=CMD" "COMPILER=mb-gcc" "ASSEMBLER=mb-as" "ARCHIVER=mb-ar" "COMPIL
TRACE::2024-11-01.05:27:27::SCWMssOS::ER_FLAGS=  -O2 -c -mcpu=v11.0 -mlittle-endian -mno-xl-reorder -mno-xl-soft-mul -mxl-barrel-shift -mxl-pattern-compare" "EXTRA_C
TRACE::2024-11-01.05:27:27::SCWMssOS::OMPILER_FLAGS=-g -ffunction-sections -fdata-sections -Wall -Wextra -fno-tree-loop-distribute-patterns"

TRACE::2024-11-01.05:27:27::SCWMssOS::"Running Make include in microblaze_0/libsrc/standalone_v8_0/src"

TRACE::2024-11-01.05:27:27::SCWMssOS::make -C microblaze_0/libsrc/standalone_v8_0/src -s include  "SHELL=CMD" "COMPILER=mb-gcc" "ASSEMBLER=mb-as" "ARCHIVER=mb-ar" "C
TRACE::2024-11-01.05:27:27::SCWMssOS::OMPILER_FLAGS=  -O2 -c -mcpu=v11.0 -mlittle-endian -mno-xl-reorder -mno-xl-soft-mul -mxl-barrel-shift -mxl-pattern-compare" "EX
TRACE::2024-11-01.05:27:27::SCWMssOS::TRA_COMPILER_FLAGS=-g -ffunction-sections -fdata-sections -Wall -Wextra -fno-tree-loop-distribute-patterns"

TRACE::2024-11-01.05:27:27::SCWMssOS::"Running Make include in microblaze_0/libsrc/uartlite_v3_7/src"

TRACE::2024-11-01.05:27:27::SCWMssOS::make -C microblaze_0/libsrc/uartlite_v3_7/src -s include  "SHELL=CMD" "COMPILER=mb-gcc" "ASSEMBLER=mb-as" "ARCHIVER=mb-ar" "COM
TRACE::2024-11-01.05:27:27::SCWMssOS::PILER_FLAGS=  -O2 -c -mcpu=v11.0 -mlittle-endian -mno-xl-reorder -mno-xl-soft-mul -mxl-barrel-shift -mxl-pattern-compare" "EXTR
TRACE::2024-11-01.05:27:27::SCWMssOS::A_COMPILER_FLAGS=-g -ffunction-sections -fdata-sections -Wall -Wextra -fno-tree-loop-distribute-patterns"

TRACE::2024-11-01.05:27:27::SCWMssOS::"Running Make libs in microblaze_0/libsrc/bram_v4_8/src"

TRACE::2024-11-01.05:27:27::SCWMssOS::"Running Make libs in microblaze_0/libsrc/cpu_v2_16/src"

TRACE::2024-11-01.05:27:27::SCWMssOS::make -C microblaze_0/libsrc/bram_v4_8/src -s libs  "SHELL=CMD" "COMPILER=mb-gcc" "ASSEMBLER=mb-as" "ARCHIVER=mb-ar" "COMPILER_F
TRACE::2024-11-01.05:27:27::SCWMssOS::LAGS=  -O2 -c -mcpu=v11.0 -mlittle-endian -mno-xl-reorder -mno-xl-soft-mul -mxl-barrel-shift -mxl-pattern-compare" "EXTRA_COMPI
TRACE::2024-11-01.05:27:27::SCWMssOS::LER_FLAGS=-g -ffunction-sections -fdata-sections -Wall -Wextra -fno-tree-loop-distribute-patterns"

TRACE::2024-11-01.05:27:27::SCWMssOS::make -C microblaze_0/libsrc/cpu_v2_16/src -s libs  "SHELL=CMD" "COMPILER=mb-gcc" "ASSEMBLER=mb-as" "ARCHIVER=mb-ar" "COMPILER_F
TRACE::2024-11-01.05:27:27::SCWMssOS::LAGS=  -O2 -c -mcpu=v11.0 -mlittle-endian -mno-xl-reorder -mno-xl-soft-mul -mxl-barrel-shift -mxl-pattern-compare" "EXTRA_COMPI
TRACE::2024-11-01.05:27:27::SCWMssOS::LER_FLAGS=-g -ffunction-sections -fdata-sections -Wall -Wextra -fno-tree-loop-distribute-patterns"

TRACE::2024-11-01.05:27:27::SCWMssOS::"Running Make libs in microblaze_0/libsrc/intc_v3_15/src"

TRACE::2024-11-01.05:27:27::SCWMssOS::make -C microblaze_0/libsrc/intc_v3_15/src -s libs  "SHELL=CMD" "COMPILER=mb-gcc" "ASSEMBLER=mb-as" "ARCHIVER=mb-ar" "COMPILER_
TRACE::2024-11-01.05:27:27::SCWMssOS::FLAGS=  -O2 -c -mcpu=v11.0 -mlittle-endian -mno-xl-reorder -mno-xl-soft-mul -mxl-barrel-shift -mxl-pattern-compare" "EXTRA_COMP
TRACE::2024-11-01.05:27:27::SCWMssOS::ILER_FLAGS=-g -ffunction-sections -fdata-sections -Wall -Wextra -fno-tree-loop-distribute-patterns"

TRACE::2024-11-01.05:27:27::SCWMssOS::"Running Make libs in microblaze_0/libsrc/standalone_v8_0/src"

TRACE::2024-11-01.05:27:27::SCWMssOS::make -C microblaze_0/libsrc/standalone_v8_0/src -s libs  "SHELL=CMD" "COMPILER=mb-gcc" "ASSEMBLER=mb-as" "ARCHIVER=mb-ar" "COMP
TRACE::2024-11-01.05:27:27::SCWMssOS::ILER_FLAGS=  -O2 -c -mcpu=v11.0 -mlittle-endian -mno-xl-reorder -mno-xl-soft-mul -mxl-barrel-shift -mxl-pattern-compare" "EXTRA
TRACE::2024-11-01.05:27:27::SCWMssOS::_COMPILER_FLAGS=-g -ffunction-sections -fdata-sections -Wall -Wextra -fno-tree-loop-distribute-patterns"

TRACE::2024-11-01.05:27:27::SCWMssOS::"Running Make libs in microblaze_0/libsrc/uartlite_v3_7/src"

TRACE::2024-11-01.05:27:27::SCWMssOS::make -C microblaze_0/libsrc/uartlite_v3_7/src -s libs  "SHELL=CMD" "COMPILER=mb-gcc" "ASSEMBLER=mb-as" "ARCHIVER=mb-ar" "COMPIL
TRACE::2024-11-01.05:27:27::SCWMssOS::ER_FLAGS=  -O2 -c -mcpu=v11.0 -mlittle-endian -mno-xl-reorder -mno-xl-soft-mul -mxl-barrel-shift -mxl-pattern-compare" "EXTRA_C
TRACE::2024-11-01.05:27:27::SCWMssOS::OMPILER_FLAGS=-g -ffunction-sections -fdata-sections -Wall -Wextra -fno-tree-loop-distribute-patterns"

TRACE::2024-11-01.05:27:28::SCWMssOS::"DEBUG NON_LTO_OBJECTS is ../../../lib/microblaze_interrupt_handler.o"

TRACE::2024-11-01.05:27:28::SCWMssOS::'Finished building libraries parallelly.'

TRACE::2024-11-01.05:27:28::SCWMssOS::make --no-print-directory archive

TRACE::2024-11-01.05:27:28::SCWMssOS::mb-ar -r  microblaze_0/lib/libxil.a microblaze_0/lib/_exit.o microblaze_0/lib/errno.o microblaze_0/lib/fcntl.o microblaze_0/lib
TRACE::2024-11-01.05:27:28::SCWMssOS::/hw_exception_handler.o microblaze_0/lib/inbyte.o microblaze_0/lib/microblaze_disable_dcache.o microblaze_0/lib/microblaze_disa
TRACE::2024-11-01.05:27:28::SCWMssOS::ble_exceptions.o microblaze_0/lib/microblaze_disable_icache.o microblaze_0/lib/microblaze_disable_interrupts.o microblaze_0/lib
TRACE::2024-11-01.05:27:28::SCWMssOS::/microblaze_enable_dcache.o microblaze_0/lib/microblaze_enable_exceptions.o microblaze_0/lib/microblaze_enable_icache.o microbl
TRACE::2024-11-01.05:27:28::SCWMssOS::aze_0/lib/microblaze_enable_interrupts.o microblaze_0/lib/microblaze_exception_handler.o microblaze_0/lib/microblaze_flush_cach
TRACE::2024-11-01.05:27:28::SCWMssOS::e_ext.o microblaze_0/lib/microblaze_flush_cache_ext_range.o microblaze_0/lib/microblaze_flush_dcache.o microblaze_0/lib/microbl
TRACE::2024-11-01.05:27:28::SCWMssOS::aze_flush_dcache_range.o microblaze_0/lib/microblaze_init_dcache_range.o microblaze_0/lib/microblaze_init_icache_range.o microb
TRACE::2024-11-01.05:27:28::SCWMssOS::laze_0/lib/microblaze_interrupt_handler.o microblaze_0/lib/microblaze_interrupts_g.o microblaze_0/lib/microblaze_invalidate_cac
TRACE::2024-11-01.05:27:28::SCWMssOS::he_ext.o microblaze_0/lib/microblaze_invalidate_cache_ext_range.o microblaze_0/lib/microblaze_invalidate_dcache.o microblaze_0/
TRACE::2024-11-01.05:27:28::SCWMssOS::lib/microblaze_invalidate_dcache_range.o microblaze_0/lib/microblaze_invalidate_icache.o microblaze_0/lib/microblaze_invalidate
TRACE::2024-11-01.05:27:28::SCWMssOS::_icache_range.o microblaze_0/lib/microblaze_scrub.o microblaze_0/lib/microblaze_selftest.o microblaze_0/lib/microblaze_sleep.o 
TRACE::2024-11-01.05:27:28::SCWMssOS::microblaze_0/lib/microblaze_update_dcache.o microblaze_0/lib/microblaze_update_icache.o microblaze_0/lib/outbyte.o microblaze_0
TRACE::2024-11-01.05:27:28::SCWMssOS::/lib/print.o microblaze_0/lib/pvr.o microblaze_0/lib/xbram.o microblaze_0/lib/xbram_g.o microblaze_0/lib/xbram_intr.o microblaz
TRACE::2024-11-01.05:27:28::SCWMssOS::e_0/lib/xbram_selftest.o microblaze_0/lib/xbram_sinit.o microblaze_0/lib/xil_assert.o microblaze_0/lib/xil_cache.o microblaze_0
TRACE::2024-11-01.05:27:28::SCWMssOS::/lib/xil_clocking.o microblaze_0/lib/xil_exception.o microblaze_0/lib/xil_mem.o microblaze_0/lib/xil_misc_psreset_api.o microbl
TRACE::2024-11-01.05:27:28::SCWMssOS::aze_0/lib/xil_printf.o microblaze_0/lib/xil_sleepcommon.o microblaze_0/lib/xil_testcache.o microblaze_0/lib/xil_testio.o microb
TRACE::2024-11-01.05:27:28::SCWMssOS::laze_0/lib/xil_testmem.o microblaze_0/lib/xil_util.o microblaze_0/lib/xintc.o microblaze_0/lib/xintc_g.o microblaze_0/lib/xintc
TRACE::2024-11-01.05:27:28::SCWMssOS::_intr.o microblaze_0/lib/xintc_l.o microblaze_0/lib/xintc_options.o microblaze_0/lib/xintc_selftest.o microblaze_0/lib/xinterru
TRACE::2024-11-01.05:27:28::SCWMssOS::pt_wrap.o microblaze_0/lib/xio.o microblaze_0/lib/xplatform_info.o microblaze_0/lib/xuartlite.o microblaze_0/lib/xuartlite_g.o 
TRACE::2024-11-01.05:27:28::SCWMssOS::microblaze_0/lib/xuartlite_intr.o microblaze_0/lib/xuartlite_l.o microblaze_0/lib/xuartlite_selftest.o microblaze_0/lib/xuartli
TRACE::2024-11-01.05:27:28::SCWMssOS::te_sinit.o microblaze_0/lib/xuartlite_stats.o

TRACE::2024-11-01.05:27:28::SCWMssOS::'Finished building libraries'

TRACE::2024-11-01.05:27:28::SCWMssOS:: Checking if to create the Supporting Applications
TRACE::2024-11-01.05:27:28::SCWMssOS:: No Linux domain exists, trying to generate FSBL 
LOG::2024-11-01.05:27:28::SCWSystem::Completed Processing the domain standalone_microblaze_0
LOG::2024-11-01.05:27:28::SCWSystem::Completed Processing the sysconfig mb_usb_hdmi_top
LOG::2024-11-01.05:27:28::SCWPlatform::Completed generating the artifacts for system configuration mb_usb_hdmi_top
TRACE::2024-11-01.05:27:28::SCWPlatform::Started preparing the platform 
TRACE::2024-11-01.05:27:28::SCWSystem::Writing the bif file for system config mb_usb_hdmi_top
TRACE::2024-11-01.05:27:28::SCWSystem::dir created 
TRACE::2024-11-01.05:27:28::SCWSystem::Writing the bif 
TRACE::2024-11-01.05:27:28::SCWPlatform::Started writing the spfm file 
TRACE::2024-11-01.05:27:28::SCWPlatform::Started writing the xpfm file 
TRACE::2024-11-01.05:27:28::SCWPlatform::Completed generating the platform
TRACE::2024-11-01.05:27:28::SCWMssOS::Saving the mss changes C:/Users/curti/OneDrive/Documents/UIUC/ECE-385/Vivado_Projects/lab7_1/lab7_1_workspace/mb_usb_hdmi_top/microblaze_0/standalone_microblaze_0/bsp/system.mss
TRACE::2024-11-01.05:27:28::SCWMssOS::Adding the swdes entry, mss present, able to open swdb C:/Users/curti/OneDrive/Documents/UIUC/ECE-385/Vivado_Projects/lab7_1/lab7_1_workspace/mb_usb_hdmi_top/microblaze_0/standalone_microblaze_0/bsp/system.mss with des name system
TRACE::2024-11-01.05:27:28::SCWMssOS::Writing the mss file completed C:/Users/curti/OneDrive/Documents/UIUC/ECE-385/Vivado_Projects/lab7_1/lab7_1_workspace/mb_usb_hdmi_top/microblaze_0/standalone_microblaze_0/bsp/system.mss
TRACE::2024-11-01.05:27:28::SCWMssOS::Commit changes completed.
TRACE::2024-11-01.05:27:28::SCWPlatform::Trying to open the hw design at C:/Users/curti/OneDrive/Documents/UIUC/ECE-385/Vivado_Projects/lab7_1/lab7_1_workspace/mb_usb_hdmi_top/hw/mb_usb_hdmi_top.xsa
TRACE::2024-11-01.05:27:28::SCWPlatform::DSA given C:/Users/curti/OneDrive/Documents/UIUC/ECE-385/Vivado_Projects/lab7_1/lab7_1_workspace/mb_usb_hdmi_top/hw/mb_usb_hdmi_top.xsa
TRACE::2024-11-01.05:27:28::SCWPlatform::DSA absoulate path C:/Users/curti/OneDrive/Documents/UIUC/ECE-385/Vivado_Projects/lab7_1/lab7_1_workspace/mb_usb_hdmi_top/hw/mb_usb_hdmi_top.xsa
TRACE::2024-11-01.05:27:28::SCWPlatform::DSA directory C:/Users/curti/OneDrive/Documents/UIUC/ECE-385/Vivado_Projects/lab7_1/lab7_1_workspace/mb_usb_hdmi_top/hw
TRACE::2024-11-01.05:27:28::SCWPlatform:: Platform Path C:/Users/curti/OneDrive/Documents/UIUC/ECE-385/Vivado_Projects/lab7_1/lab7_1_workspace/mb_usb_hdmi_top/hw/mb_usb_hdmi_top.xsa
TRACE::2024-11-01.05:27:28::SCWPlatform:: Unique name xilinx:::0.0
TRACE::2024-11-01.05:27:28::SCWPlatform::Trying to set the existing hwdb with name mb_usb_hdmi_top_4
TRACE::2024-11-01.05:27:28::SCWPlatform::Opened existing hwdb mb_usb_hdmi_top_4
TRACE::2024-11-01.05:27:28::SCWPlatform::Found the Hw Db part of the input DSA
TRACE::2024-11-01.05:27:28::SCWMssOS::Checking the sw design at  C:/Users/curti/OneDrive/Documents/UIUC/ECE-385/Vivado_Projects/lab7_1/lab7_1_workspace/mb_usb_hdmi_top/microblaze_0/standalone_microblaze_0/bsp/system.mss
TRACE::2024-11-01.05:27:28::SCWMssOS::DEBUG:  swdes dump  C:/Users/curti/OneDrive/Documents/UIUC/ECE-385/Vivado_Projects/lab7_1/lab7_1_workspace/mb_usb_hdmi_top/microblaze_0/standalone_microblaze_0/bsp/system.mss|system||

TRACE::2024-11-01.05:27:28::SCWMssOS::Sw design exists and opened at  C:/Users/curti/OneDrive/Documents/UIUC/ECE-385/Vivado_Projects/lab7_1/lab7_1_workspace/mb_usb_hdmi_top/microblaze_0/standalone_microblaze_0/bsp/system.mss
TRACE::2024-11-01.05:27:28::SCWWriter::formatted JSON is {
	"platformName":	"mb_usb_hdmi_top",
	"sprVersion":	"2.0",
	"mode":	"gui",
	"dsaType":	"Fixed",
	"platformDesc":	"mb_usb_hdmi_top",
	"platHandOff":	"C:/Users/curti/OneDrive/Documents/UIUC/ECE-385/Vivado_Projects/lab7_1/mb_usb_hdmi_top.xsa",
	"platIntHandOff":	"<platformDir>/hw/mb_usb_hdmi_top.xsa",
	"deviceType":	"FPGA",
	"platIsPrebuiltAutogen":	"false",
	"platIsNoBootBsp":	"false",
	"hasFsblMakeHasChanges":	"false",
	"hasPmufwMakeHasChanges":	"false",
	"platPreBuiltFlag":	false,
	"platformSamplesDir":	"",
	"platActiveSys":	"mb_usb_hdmi_top",
	"systems":	[{
			"systemName":	"mb_usb_hdmi_top",
			"systemDesc":	"mb_usb_hdmi_top",
			"sysIsBootAutoGen":	"true",
			"systemDispName":	"mb_usb_hdmi_top",
			"sysActiveDom":	"standalone_microblaze_0",
			"sysDefaultDom":	"standalone_microblaze_0",
			"domains":	[{
					"domainName":	"standalone_microblaze_0",
					"domainDispName":	"standalone_microblaze_0",
					"domainDesc":	"standalone_microblaze_0",
					"processors":	"microblaze_0",
					"os":	"standalone",
					"sdxOs":	"standalone",
					"debugEnable":	"False",
					"domRuntimes":	["cpp"],
					"swRepo":	"",
					"mssOsVer":	"8.0",
					"mssFile":	"",
					"md5Digest":	"5422c1e5be4ae93f4de8c50507402f2a",
					"compatibleApp":	"",
					"domType":	"mssDomain",
					"arch":	"32-bit",
					"appSettings":	{
						"appCompilerFlags":	"",
						"appLinkerFlags":	""
					},
					"addedLibs":	[],
					"libOptions":	{
						"libsContainingOptions":	[]
					},
					"prebuiltLibs":	{
						"prebuiltIncPath":	[],
						"prebuiltLibPath":	[]
					},
					"isolation":	{
					}
				}]
		}]
}
KEYINFO::2024-11-01.05:27:28::SCWPlatform::updated the xpfm file.
TRACE::2024-11-01.05:27:28::SCWPlatform::Trying to open the hw design at C:/Users/curti/OneDrive/Documents/UIUC/ECE-385/Vivado_Projects/lab7_1/lab7_1_workspace/mb_usb_hdmi_top/hw/mb_usb_hdmi_top.xsa
TRACE::2024-11-01.05:27:28::SCWPlatform::DSA given C:/Users/curti/OneDrive/Documents/UIUC/ECE-385/Vivado_Projects/lab7_1/lab7_1_workspace/mb_usb_hdmi_top/hw/mb_usb_hdmi_top.xsa
TRACE::2024-11-01.05:27:28::SCWPlatform::DSA absoulate path C:/Users/curti/OneDrive/Documents/UIUC/ECE-385/Vivado_Projects/lab7_1/lab7_1_workspace/mb_usb_hdmi_top/hw/mb_usb_hdmi_top.xsa
TRACE::2024-11-01.05:27:28::SCWPlatform::DSA directory C:/Users/curti/OneDrive/Documents/UIUC/ECE-385/Vivado_Projects/lab7_1/lab7_1_workspace/mb_usb_hdmi_top/hw
TRACE::2024-11-01.05:27:28::SCWPlatform:: Platform Path C:/Users/curti/OneDrive/Documents/UIUC/ECE-385/Vivado_Projects/lab7_1/lab7_1_workspace/mb_usb_hdmi_top/hw/mb_usb_hdmi_top.xsa
TRACE::2024-11-01.05:27:28::SCWPlatform:: Unique name xilinx:::0.0
TRACE::2024-11-01.05:27:28::SCWPlatform::Trying to set the existing hwdb with name mb_usb_hdmi_top_4
TRACE::2024-11-01.05:27:28::SCWPlatform::Opened existing hwdb mb_usb_hdmi_top_4
TRACE::2024-11-01.05:27:28::SCWPlatform::Found the Hw Db part of the input DSA
TRACE::2024-11-01.05:27:28::SCWMssOS::Checking the sw design at  C:/Users/curti/OneDrive/Documents/UIUC/ECE-385/Vivado_Projects/lab7_1/lab7_1_workspace/mb_usb_hdmi_top/microblaze_0/standalone_microblaze_0/bsp/system.mss
TRACE::2024-11-01.05:27:28::SCWMssOS::DEBUG:  swdes dump  C:/Users/curti/OneDrive/Documents/UIUC/ECE-385/Vivado_Projects/lab7_1/lab7_1_workspace/mb_usb_hdmi_top/microblaze_0/standalone_microblaze_0/bsp/system.mss|system||

TRACE::2024-11-01.05:27:28::SCWMssOS::Sw design exists and opened at  C:/Users/curti/OneDrive/Documents/UIUC/ECE-385/Vivado_Projects/lab7_1/lab7_1_workspace/mb_usb_hdmi_top/microblaze_0/standalone_microblaze_0/bsp/system.mss
TRACE::2024-11-01.12:06:14::SCWPlatform::Clearing the existing platform
TRACE::2024-11-01.12:06:14::SCWSystem::Clearing the existing sysconfig
TRACE::2024-11-01.12:06:14::SCWMssOS::Removing the swdes entry for  C:/Users/curti/OneDrive/Documents/UIUC/ECE-385/Vivado_Projects/lab7_1/lab7_1_workspace/mb_usb_hdmi_top/microblaze_0/standalone_microblaze_0/bsp/system.mss
TRACE::2024-11-01.12:06:14::SCWSystem::Clearing the domains completed.
TRACE::2024-11-01.12:06:14::SCWPlatform::Clearing the opened hw db.
TRACE::2024-11-01.12:06:14::SCWPlatform::DSA given C:/Users/curti/OneDrive/Documents/UIUC/ECE-385/Vivado_Projects/lab7_1/lab7_1_workspace/mb_usb_hdmi_top/hw/mb_usb_hdmi_top.xsa
TRACE::2024-11-01.12:06:14::SCWPlatform::DSA absoulate path C:/Users/curti/OneDrive/Documents/UIUC/ECE-385/Vivado_Projects/lab7_1/lab7_1_workspace/mb_usb_hdmi_top/hw/mb_usb_hdmi_top.xsa
TRACE::2024-11-01.12:06:14::SCWPlatform:: Platform location is C:/Users/curti/OneDrive/Documents/UIUC/ECE-385/Vivado_Projects/lab7_1/lab7_1_workspace/mb_usb_hdmi_top/hw
TRACE::2024-11-01.12:06:14::SCWPlatform:: Platform Path C:/Users/curti/OneDrive/Documents/UIUC/ECE-385/Vivado_Projects/lab7_1/lab7_1_workspace/mb_usb_hdmi_top/hw/mb_usb_hdmi_top.xsa
TRACE::2024-11-01.12:06:14::SCWPlatform:: Unique name xilinx:::0.0
TRACE::2024-11-01.12:06:14::SCWPlatform::Removing the HwDB with name C:/Users/curti/OneDrive/Documents/UIUC/ECE-385/Vivado_Projects/lab7_1/lab7_1_workspace/mb_usb_hdmi_top/hw/mb_usb_hdmi_top.xsa
TRACE::2024-11-01.12:06:14::SCWPlatform::Trying to open the hw design at C:/Users/curti/OneDrive/Documents/UIUC/ECE-385/Vivado_Projects/lab7_1/lab7_1_workspace/mb_usb_hdmi_top/hw/mb_usb_hdmi_top.xsa
TRACE::2024-11-01.12:06:14::SCWPlatform::DSA given C:/Users/curti/OneDrive/Documents/UIUC/ECE-385/Vivado_Projects/lab7_1/lab7_1_workspace/mb_usb_hdmi_top/hw/mb_usb_hdmi_top.xsa
TRACE::2024-11-01.12:06:14::SCWPlatform::DSA absoulate path C:/Users/curti/OneDrive/Documents/UIUC/ECE-385/Vivado_Projects/lab7_1/lab7_1_workspace/mb_usb_hdmi_top/hw/mb_usb_hdmi_top.xsa
TRACE::2024-11-01.12:06:14::SCWPlatform::DSA directory C:/Users/curti/OneDrive/Documents/UIUC/ECE-385/Vivado_Projects/lab7_1/lab7_1_workspace/mb_usb_hdmi_top/hw
TRACE::2024-11-01.12:06:14::SCWPlatform:: Platform Path C:/Users/curti/OneDrive/Documents/UIUC/ECE-385/Vivado_Projects/lab7_1/lab7_1_workspace/mb_usb_hdmi_top/hw/mb_usb_hdmi_top.xsa
TRACE::2024-11-01.12:06:14::SCWPlatform:: Unique name xilinx:::0.0
TRACE::2024-11-01.12:06:14::SCWPlatform::Do not have an existing db opened. 
TRACE::2024-11-01.12:06:14::SCWPlatform::Opened new HwDB with name mb_usb_hdmi_top_6
TRACE::2024-11-01.12:06:14::SCWReader::Active system found as  mb_usb_hdmi_top
TRACE::2024-11-01.12:06:14::SCWReader::Handling sysconfig mb_usb_hdmi_top
TRACE::2024-11-01.12:06:14::SCWDomain::checking for install qemu data   : 
TRACE::2024-11-01.12:06:14::SCWPlatform::Trying to open the hw design at C:/Users/curti/OneDrive/Documents/UIUC/ECE-385/Vivado_Projects/lab7_1/lab7_1_workspace/mb_usb_hdmi_top/hw/mb_usb_hdmi_top.xsa
TRACE::2024-11-01.12:06:14::SCWPlatform::DSA given C:/Users/curti/OneDrive/Documents/UIUC/ECE-385/Vivado_Projects/lab7_1/lab7_1_workspace/mb_usb_hdmi_top/hw/mb_usb_hdmi_top.xsa
TRACE::2024-11-01.12:06:14::SCWPlatform::DSA absoulate path C:/Users/curti/OneDrive/Documents/UIUC/ECE-385/Vivado_Projects/lab7_1/lab7_1_workspace/mb_usb_hdmi_top/hw/mb_usb_hdmi_top.xsa
TRACE::2024-11-01.12:06:14::SCWPlatform::DSA directory C:/Users/curti/OneDrive/Documents/UIUC/ECE-385/Vivado_Projects/lab7_1/lab7_1_workspace/mb_usb_hdmi_top/hw
TRACE::2024-11-01.12:06:14::SCWPlatform:: Platform Path C:/Users/curti/OneDrive/Documents/UIUC/ECE-385/Vivado_Projects/lab7_1/lab7_1_workspace/mb_usb_hdmi_top/hw/mb_usb_hdmi_top.xsa
TRACE::2024-11-01.12:06:14::SCWPlatform:: Unique name xilinx:::0.0
TRACE::2024-11-01.12:06:14::SCWPlatform::Trying to set the existing hwdb with name mb_usb_hdmi_top_6
TRACE::2024-11-01.12:06:14::SCWPlatform::Opened existing hwdb mb_usb_hdmi_top_6
TRACE::2024-11-01.12:06:14::SCWPlatform::Found the Hw Db part of the input DSA
TRACE::2024-11-01.12:06:14::SCWPlatform::Trying to open the hw design at C:/Users/curti/OneDrive/Documents/UIUC/ECE-385/Vivado_Projects/lab7_1/lab7_1_workspace/mb_usb_hdmi_top/hw/mb_usb_hdmi_top.xsa
TRACE::2024-11-01.12:06:14::SCWPlatform::DSA given C:/Users/curti/OneDrive/Documents/UIUC/ECE-385/Vivado_Projects/lab7_1/lab7_1_workspace/mb_usb_hdmi_top/hw/mb_usb_hdmi_top.xsa
TRACE::2024-11-01.12:06:14::SCWPlatform::DSA absoulate path C:/Users/curti/OneDrive/Documents/UIUC/ECE-385/Vivado_Projects/lab7_1/lab7_1_workspace/mb_usb_hdmi_top/hw/mb_usb_hdmi_top.xsa
TRACE::2024-11-01.12:06:14::SCWPlatform::DSA directory C:/Users/curti/OneDrive/Documents/UIUC/ECE-385/Vivado_Projects/lab7_1/lab7_1_workspace/mb_usb_hdmi_top/hw
TRACE::2024-11-01.12:06:14::SCWPlatform:: Platform Path C:/Users/curti/OneDrive/Documents/UIUC/ECE-385/Vivado_Projects/lab7_1/lab7_1_workspace/mb_usb_hdmi_top/hw/mb_usb_hdmi_top.xsa
TRACE::2024-11-01.12:06:14::SCWPlatform:: Unique name xilinx:::0.0
TRACE::2024-11-01.12:06:14::SCWPlatform::Trying to set the existing hwdb with name mb_usb_hdmi_top_6
TRACE::2024-11-01.12:06:14::SCWPlatform::Opened existing hwdb mb_usb_hdmi_top_6
TRACE::2024-11-01.12:06:14::SCWPlatform::Found the Hw Db part of the input DSA
TRACE::2024-11-01.12:06:14::SCWPlatform::Trying to open the hw design at C:/Users/curti/OneDrive/Documents/UIUC/ECE-385/Vivado_Projects/lab7_1/lab7_1_workspace/mb_usb_hdmi_top/hw/mb_usb_hdmi_top.xsa
TRACE::2024-11-01.12:06:14::SCWPlatform::DSA given C:/Users/curti/OneDrive/Documents/UIUC/ECE-385/Vivado_Projects/lab7_1/lab7_1_workspace/mb_usb_hdmi_top/hw/mb_usb_hdmi_top.xsa
TRACE::2024-11-01.12:06:14::SCWPlatform::DSA absoulate path C:/Users/curti/OneDrive/Documents/UIUC/ECE-385/Vivado_Projects/lab7_1/lab7_1_workspace/mb_usb_hdmi_top/hw/mb_usb_hdmi_top.xsa
TRACE::2024-11-01.12:06:14::SCWPlatform::DSA directory C:/Users/curti/OneDrive/Documents/UIUC/ECE-385/Vivado_Projects/lab7_1/lab7_1_workspace/mb_usb_hdmi_top/hw
TRACE::2024-11-01.12:06:14::SCWPlatform:: Platform Path C:/Users/curti/OneDrive/Documents/UIUC/ECE-385/Vivado_Projects/lab7_1/lab7_1_workspace/mb_usb_hdmi_top/hw/mb_usb_hdmi_top.xsa
TRACE::2024-11-01.12:06:14::SCWPlatform:: Unique name xilinx:::0.0
TRACE::2024-11-01.12:06:14::SCWPlatform::Trying to set the existing hwdb with name mb_usb_hdmi_top_6
TRACE::2024-11-01.12:06:14::SCWPlatform::Opened existing hwdb mb_usb_hdmi_top_6
TRACE::2024-11-01.12:06:14::SCWPlatform::Found the Hw Db part of the input DSA
TRACE::2024-11-01.12:06:14::SCWPlatform::Trying to open the hw design at C:/Users/curti/OneDrive/Documents/UIUC/ECE-385/Vivado_Projects/lab7_1/lab7_1_workspace/mb_usb_hdmi_top/hw/mb_usb_hdmi_top.xsa
TRACE::2024-11-01.12:06:14::SCWPlatform::DSA given C:/Users/curti/OneDrive/Documents/UIUC/ECE-385/Vivado_Projects/lab7_1/lab7_1_workspace/mb_usb_hdmi_top/hw/mb_usb_hdmi_top.xsa
TRACE::2024-11-01.12:06:14::SCWPlatform::DSA absoulate path C:/Users/curti/OneDrive/Documents/UIUC/ECE-385/Vivado_Projects/lab7_1/lab7_1_workspace/mb_usb_hdmi_top/hw/mb_usb_hdmi_top.xsa
TRACE::2024-11-01.12:06:14::SCWPlatform::DSA directory C:/Users/curti/OneDrive/Documents/UIUC/ECE-385/Vivado_Projects/lab7_1/lab7_1_workspace/mb_usb_hdmi_top/hw
TRACE::2024-11-01.12:06:14::SCWPlatform:: Platform Path C:/Users/curti/OneDrive/Documents/UIUC/ECE-385/Vivado_Projects/lab7_1/lab7_1_workspace/mb_usb_hdmi_top/hw/mb_usb_hdmi_top.xsa
TRACE::2024-11-01.12:06:14::SCWPlatform:: Unique name xilinx:::0.0
TRACE::2024-11-01.12:06:14::SCWPlatform::Trying to set the existing hwdb with name mb_usb_hdmi_top_6
TRACE::2024-11-01.12:06:14::SCWPlatform::Opened existing hwdb mb_usb_hdmi_top_6
TRACE::2024-11-01.12:06:14::SCWPlatform::Found the Hw Db part of the input DSA
TRACE::2024-11-01.12:06:14::SCWMssOS::Checking the sw design at  C:/Users/curti/OneDrive/Documents/UIUC/ECE-385/Vivado_Projects/lab7_1/lab7_1_workspace/mb_usb_hdmi_top/microblaze_0/standalone_microblaze_0/bsp/system.mss
TRACE::2024-11-01.12:06:14::SCWMssOS::DEBUG:  swdes dump  
TRACE::2024-11-01.12:06:14::SCWMssOS::No sw design opened at  C:/Users/curti/OneDrive/Documents/UIUC/ECE-385/Vivado_Projects/lab7_1/lab7_1_workspace/mb_usb_hdmi_top/microblaze_0/standalone_microblaze_0/bsp/system.mss
TRACE::2024-11-01.12:06:14::SCWMssOS::mss exists loading the mss file  C:/Users/curti/OneDrive/Documents/UIUC/ECE-385/Vivado_Projects/lab7_1/lab7_1_workspace/mb_usb_hdmi_top/microblaze_0/standalone_microblaze_0/bsp/system.mss
TRACE::2024-11-01.12:06:14::SCWMssOS::Opened the sw design from mss  C:/Users/curti/OneDrive/Documents/UIUC/ECE-385/Vivado_Projects/lab7_1/lab7_1_workspace/mb_usb_hdmi_top/microblaze_0/standalone_microblaze_0/bsp/system.mss
TRACE::2024-11-01.12:06:14::SCWMssOS::Adding the swdes entry C:/Users/curti/OneDrive/Documents/UIUC/ECE-385/Vivado_Projects/lab7_1/lab7_1_workspace/mb_usb_hdmi_top/microblaze_0/standalone_microblaze_0/bsp/system.mss with des name system
TRACE::2024-11-01.12:06:14::SCWMssOS::updating the scw layer about changes
TRACE::2024-11-01.12:06:14::SCWMssOS::Opened the sw design.  C:/Users/curti/OneDrive/Documents/UIUC/ECE-385/Vivado_Projects/lab7_1/lab7_1_workspace/mb_usb_hdmi_top/microblaze_0/standalone_microblaze_0/bsp/system.mss
TRACE::2024-11-01.12:06:14::SCWMssOS::Saving the mss changes C:/Users/curti/OneDrive/Documents/UIUC/ECE-385/Vivado_Projects/lab7_1/lab7_1_workspace/mb_usb_hdmi_top/microblaze_0/standalone_microblaze_0/bsp/system.mss
TRACE::2024-11-01.12:06:14::SCWMssOS::Found a swdesign opened with the mssfile.
TRACE::2024-11-01.12:06:14::SCWMssOS::Completed writemss as part of save.
TRACE::2024-11-01.12:06:14::SCWMssOS::Commit changes completed.
TRACE::2024-11-01.12:06:14::SCWReader::Adding prebuilt librarypaths as   
TRACE::2024-11-01.12:06:14::SCWReader::Adding prebuilt incpaths  as   
TRACE::2024-11-01.12:06:14::SCWPlatform::Trying to open the hw design at C:/Users/curti/OneDrive/Documents/UIUC/ECE-385/Vivado_Projects/lab7_1/lab7_1_workspace/mb_usb_hdmi_top/hw/mb_usb_hdmi_top.xsa
TRACE::2024-11-01.12:06:14::SCWPlatform::DSA given C:/Users/curti/OneDrive/Documents/UIUC/ECE-385/Vivado_Projects/lab7_1/lab7_1_workspace/mb_usb_hdmi_top/hw/mb_usb_hdmi_top.xsa
TRACE::2024-11-01.12:06:14::SCWPlatform::DSA absoulate path C:/Users/curti/OneDrive/Documents/UIUC/ECE-385/Vivado_Projects/lab7_1/lab7_1_workspace/mb_usb_hdmi_top/hw/mb_usb_hdmi_top.xsa
TRACE::2024-11-01.12:06:14::SCWPlatform::DSA directory C:/Users/curti/OneDrive/Documents/UIUC/ECE-385/Vivado_Projects/lab7_1/lab7_1_workspace/mb_usb_hdmi_top/hw
TRACE::2024-11-01.12:06:14::SCWPlatform:: Platform Path C:/Users/curti/OneDrive/Documents/UIUC/ECE-385/Vivado_Projects/lab7_1/lab7_1_workspace/mb_usb_hdmi_top/hw/mb_usb_hdmi_top.xsa
TRACE::2024-11-01.12:06:14::SCWPlatform:: Unique name xilinx:::0.0
TRACE::2024-11-01.12:06:14::SCWPlatform::Trying to set the existing hwdb with name mb_usb_hdmi_top_6
TRACE::2024-11-01.12:06:14::SCWPlatform::Opened existing hwdb mb_usb_hdmi_top_6
TRACE::2024-11-01.12:06:14::SCWPlatform::Found the Hw Db part of the input DSA
TRACE::2024-11-01.12:06:14::SCWMssOS::Checking the sw design at  C:/Users/curti/OneDrive/Documents/UIUC/ECE-385/Vivado_Projects/lab7_1/lab7_1_workspace/mb_usb_hdmi_top/microblaze_0/standalone_microblaze_0/bsp/system.mss
TRACE::2024-11-01.12:06:14::SCWMssOS::DEBUG:  swdes dump  C:/Users/curti/OneDrive/Documents/UIUC/ECE-385/Vivado_Projects/lab7_1/lab7_1_workspace/mb_usb_hdmi_top/microblaze_0/standalone_microblaze_0/bsp/system.mss|system||

TRACE::2024-11-01.12:06:14::SCWMssOS::Sw design exists and opened at  C:/Users/curti/OneDrive/Documents/UIUC/ECE-385/Vivado_Projects/lab7_1/lab7_1_workspace/mb_usb_hdmi_top/microblaze_0/standalone_microblaze_0/bsp/system.mss
TRACE::2024-11-01.12:06:14::SCWReader::No isolation master present  
TRACE::2024-11-01.12:06:16::SCWPlatform::DSA given C:/Users/curti/OneDrive/Documents/UIUC/ECE-385/Vivado_Projects/lab7_1/lab7_1_workspace/mb_usb_hdmi_top/tempdsa/mb_usb_hdmi_top.xsa
TRACE::2024-11-01.12:06:16::SCWPlatform::DSA absoulate path C:/Users/curti/OneDrive/Documents/UIUC/ECE-385/Vivado_Projects/lab7_1/lab7_1_workspace/mb_usb_hdmi_top/tempdsa/mb_usb_hdmi_top.xsa
TRACE::2024-11-01.12:06:16::SCWPlatform:: Platform location is C:/Users/curti/OneDrive/Documents/UIUC/ECE-385/Vivado_Projects/lab7_1/lab7_1_workspace/mb_usb_hdmi_top/tempdsa
TRACE::2024-11-01.12:06:16::SCWPlatform:: Platform Path C:/Users/curti/OneDrive/Documents/UIUC/ECE-385/Vivado_Projects/lab7_1/lab7_1_workspace/mb_usb_hdmi_top/tempdsa/mb_usb_hdmi_top.xsa
TRACE::2024-11-01.12:06:16::SCWPlatform:: Unique name xilinx:::0.0
TRACE::2024-11-01.12:06:16::SCWPlatform::Found the Hw Db part of the input DSA
TRACE::2024-11-01.12:06:16::SCWMssOS::Doing hw sync for the mss in domain: standalone_microblaze_0
TRACE::2024-11-01.12:06:16::SCWPlatform::Trying to open the hw design at C:/Users/curti/OneDrive/Documents/UIUC/ECE-385/Vivado_Projects/lab7_1/lab7_1_workspace/mb_usb_hdmi_top/hw/mb_usb_hdmi_top.xsa
TRACE::2024-11-01.12:06:16::SCWPlatform::DSA given C:/Users/curti/OneDrive/Documents/UIUC/ECE-385/Vivado_Projects/lab7_1/lab7_1_workspace/mb_usb_hdmi_top/hw/mb_usb_hdmi_top.xsa
TRACE::2024-11-01.12:06:16::SCWPlatform::DSA absoulate path C:/Users/curti/OneDrive/Documents/UIUC/ECE-385/Vivado_Projects/lab7_1/lab7_1_workspace/mb_usb_hdmi_top/hw/mb_usb_hdmi_top.xsa
TRACE::2024-11-01.12:06:16::SCWPlatform::DSA directory C:/Users/curti/OneDrive/Documents/UIUC/ECE-385/Vivado_Projects/lab7_1/lab7_1_workspace/mb_usb_hdmi_top/hw
TRACE::2024-11-01.12:06:16::SCWPlatform:: Platform Path C:/Users/curti/OneDrive/Documents/UIUC/ECE-385/Vivado_Projects/lab7_1/lab7_1_workspace/mb_usb_hdmi_top/hw/mb_usb_hdmi_top.xsa
TRACE::2024-11-01.12:06:16::SCWPlatform:: Unique name xilinx:::0.0
TRACE::2024-11-01.12:06:16::SCWPlatform::Trying to set the existing hwdb with name mb_usb_hdmi_top_6
TRACE::2024-11-01.12:06:16::SCWPlatform::Opened existing hwdb mb_usb_hdmi_top_6
TRACE::2024-11-01.12:06:16::SCWPlatform::Found the Hw Db part of the input DSA
TRACE::2024-11-01.12:06:16::SCWPlatform::Trying to open the hw design at C:/Users/curti/OneDrive/Documents/UIUC/ECE-385/Vivado_Projects/lab7_1/lab7_1_workspace/mb_usb_hdmi_top/hw/mb_usb_hdmi_top.xsa
TRACE::2024-11-01.12:06:16::SCWPlatform::DSA given C:/Users/curti/OneDrive/Documents/UIUC/ECE-385/Vivado_Projects/lab7_1/lab7_1_workspace/mb_usb_hdmi_top/hw/mb_usb_hdmi_top.xsa
TRACE::2024-11-01.12:06:16::SCWPlatform::DSA absoulate path C:/Users/curti/OneDrive/Documents/UIUC/ECE-385/Vivado_Projects/lab7_1/lab7_1_workspace/mb_usb_hdmi_top/hw/mb_usb_hdmi_top.xsa
TRACE::2024-11-01.12:06:16::SCWPlatform::DSA directory C:/Users/curti/OneDrive/Documents/UIUC/ECE-385/Vivado_Projects/lab7_1/lab7_1_workspace/mb_usb_hdmi_top/hw
TRACE::2024-11-01.12:06:16::SCWPlatform:: Platform Path C:/Users/curti/OneDrive/Documents/UIUC/ECE-385/Vivado_Projects/lab7_1/lab7_1_workspace/mb_usb_hdmi_top/hw/mb_usb_hdmi_top.xsa
TRACE::2024-11-01.12:06:16::SCWPlatform:: Unique name xilinx:::0.0
TRACE::2024-11-01.12:06:16::SCWPlatform::Trying to set the existing hwdb with name mb_usb_hdmi_top_6
TRACE::2024-11-01.12:06:16::SCWPlatform::Opened existing hwdb mb_usb_hdmi_top_6
TRACE::2024-11-01.12:06:16::SCWPlatform::Found the Hw Db part of the input DSA
TRACE::2024-11-01.12:06:16::SCWMssOS::Checking the sw design at  C:/Users/curti/OneDrive/Documents/UIUC/ECE-385/Vivado_Projects/lab7_1/lab7_1_workspace/mb_usb_hdmi_top/microblaze_0/standalone_microblaze_0/bsp/system.mss
TRACE::2024-11-01.12:06:16::SCWMssOS::DEBUG:  swdes dump  C:/Users/curti/OneDrive/Documents/UIUC/ECE-385/Vivado_Projects/lab7_1/lab7_1_workspace/mb_usb_hdmi_top/microblaze_0/standalone_microblaze_0/bsp/system.mss|system||

TRACE::2024-11-01.12:06:16::SCWMssOS::Sw design exists and opened at  C:/Users/curti/OneDrive/Documents/UIUC/ECE-385/Vivado_Projects/lab7_1/lab7_1_workspace/mb_usb_hdmi_top/microblaze_0/standalone_microblaze_0/bsp/system.mss
TRACE::2024-11-01.12:06:16::SCWPlatform::Trying to open the hw design at C:/Users/curti/OneDrive/Documents/UIUC/ECE-385/Vivado_Projects/lab7_1/lab7_1_workspace/mb_usb_hdmi_top/tempdsa/mb_usb_hdmi_top.xsa
TRACE::2024-11-01.12:06:16::SCWPlatform::DSA given C:/Users/curti/OneDrive/Documents/UIUC/ECE-385/Vivado_Projects/lab7_1/lab7_1_workspace/mb_usb_hdmi_top/tempdsa/mb_usb_hdmi_top.xsa
TRACE::2024-11-01.12:06:16::SCWPlatform::DSA absoulate path C:/Users/curti/OneDrive/Documents/UIUC/ECE-385/Vivado_Projects/lab7_1/lab7_1_workspace/mb_usb_hdmi_top/tempdsa/mb_usb_hdmi_top.xsa
TRACE::2024-11-01.12:06:16::SCWPlatform::DSA directory C:/Users/curti/OneDrive/Documents/UIUC/ECE-385/Vivado_Projects/lab7_1/lab7_1_workspace/mb_usb_hdmi_top/tempdsa
TRACE::2024-11-01.12:06:16::SCWPlatform:: Platform Path C:/Users/curti/OneDrive/Documents/UIUC/ECE-385/Vivado_Projects/lab7_1/lab7_1_workspace/mb_usb_hdmi_top/tempdsa/mb_usb_hdmi_top.xsa
TRACE::2024-11-01.12:06:16::SCWPlatform:: Unique name xilinx:::0.0
TRACE::2024-11-01.12:06:16::SCWPlatform::update - Opened existing hwdb mb_usb_hdmi_top_7
TRACE::2024-11-01.12:06:16::SCWPlatform::Found the Hw Db part of the input DSA
TRACE::2024-11-01.12:06:16::SCWMssOS::Saving the mss changes C:/Users/curti/OneDrive/Documents/UIUC/ECE-385/Vivado_Projects/lab7_1/lab7_1_workspace/mb_usb_hdmi_top/microblaze_0/standalone_microblaze_0/bsp/system.mss
TRACE::2024-11-01.12:06:16::SCWMssOS::Found a swdesign opened with the mssfile.
TRACE::2024-11-01.12:06:16::SCWMssOS::Completed writemss as part of save.
TRACE::2024-11-01.12:06:16::SCWMssOS::Commit changes completed.
TRACE::2024-11-01.12:06:16::SCWMssOS::Completed hw sync for the mss in domain: standalone_microblaze_0
TRACE::2024-11-01.12:06:16::SCWMssOS::Removing the swdes entry for  C:/Users/curti/OneDrive/Documents/UIUC/ECE-385/Vivado_Projects/lab7_1/lab7_1_workspace/mb_usb_hdmi_top/microblaze_0/standalone_microblaze_0/bsp/system.mss
TRACE::2024-11-01.12:06:16::SCWPlatform::Trying to open the hw design at C:/Users/curti/OneDrive/Documents/UIUC/ECE-385/Vivado_Projects/lab7_1/lab7_1_workspace/mb_usb_hdmi_top/hw/mb_usb_hdmi_top.xsa
TRACE::2024-11-01.12:06:16::SCWPlatform::DSA given C:/Users/curti/OneDrive/Documents/UIUC/ECE-385/Vivado_Projects/lab7_1/lab7_1_workspace/mb_usb_hdmi_top/hw/mb_usb_hdmi_top.xsa
TRACE::2024-11-01.12:06:16::SCWPlatform::DSA absoulate path C:/Users/curti/OneDrive/Documents/UIUC/ECE-385/Vivado_Projects/lab7_1/lab7_1_workspace/mb_usb_hdmi_top/hw/mb_usb_hdmi_top.xsa
TRACE::2024-11-01.12:06:16::SCWPlatform::DSA directory C:/Users/curti/OneDrive/Documents/UIUC/ECE-385/Vivado_Projects/lab7_1/lab7_1_workspace/mb_usb_hdmi_top/hw
TRACE::2024-11-01.12:06:16::SCWPlatform:: Platform Path C:/Users/curti/OneDrive/Documents/UIUC/ECE-385/Vivado_Projects/lab7_1/lab7_1_workspace/mb_usb_hdmi_top/hw/mb_usb_hdmi_top.xsa
TRACE::2024-11-01.12:06:16::SCWPlatform:: Unique name xilinx:::0.0
TRACE::2024-11-01.12:06:16::SCWPlatform::Do not have an existing db opened. 
TRACE::2024-11-01.12:06:16::SCWPlatform::Opened new HwDB with name mb_usb_hdmi_top_8
TRACE::2024-11-01.12:06:16::SCWMssOS::Saving the mss changes C:/Users/curti/OneDrive/Documents/UIUC/ECE-385/Vivado_Projects/lab7_1/lab7_1_workspace/mb_usb_hdmi_top/microblaze_0/standalone_microblaze_0/bsp/system.mss
TRACE::2024-11-01.12:06:16::SCWMssOS::Adding the swdes entry, mss present, able to open swdb C:/Users/curti/OneDrive/Documents/UIUC/ECE-385/Vivado_Projects/lab7_1/lab7_1_workspace/mb_usb_hdmi_top/microblaze_0/standalone_microblaze_0/bsp/system.mss with des name system
TRACE::2024-11-01.12:06:16::SCWMssOS::Writing the mss file completed C:/Users/curti/OneDrive/Documents/UIUC/ECE-385/Vivado_Projects/lab7_1/lab7_1_workspace/mb_usb_hdmi_top/microblaze_0/standalone_microblaze_0/bsp/system.mss
TRACE::2024-11-01.12:06:16::SCWMssOS::Commit changes completed.
TRACE::2024-11-01.12:06:16::SCWPlatform::Trying to open the hw design at C:/Users/curti/OneDrive/Documents/UIUC/ECE-385/Vivado_Projects/lab7_1/lab7_1_workspace/mb_usb_hdmi_top/hw/mb_usb_hdmi_top.xsa
TRACE::2024-11-01.12:06:16::SCWPlatform::DSA given C:/Users/curti/OneDrive/Documents/UIUC/ECE-385/Vivado_Projects/lab7_1/lab7_1_workspace/mb_usb_hdmi_top/hw/mb_usb_hdmi_top.xsa
TRACE::2024-11-01.12:06:16::SCWPlatform::DSA absoulate path C:/Users/curti/OneDrive/Documents/UIUC/ECE-385/Vivado_Projects/lab7_1/lab7_1_workspace/mb_usb_hdmi_top/hw/mb_usb_hdmi_top.xsa
TRACE::2024-11-01.12:06:16::SCWPlatform::DSA directory C:/Users/curti/OneDrive/Documents/UIUC/ECE-385/Vivado_Projects/lab7_1/lab7_1_workspace/mb_usb_hdmi_top/hw
TRACE::2024-11-01.12:06:16::SCWPlatform:: Platform Path C:/Users/curti/OneDrive/Documents/UIUC/ECE-385/Vivado_Projects/lab7_1/lab7_1_workspace/mb_usb_hdmi_top/hw/mb_usb_hdmi_top.xsa
TRACE::2024-11-01.12:06:16::SCWPlatform:: Unique name xilinx:::0.0
TRACE::2024-11-01.12:06:16::SCWPlatform::Trying to set the existing hwdb with name mb_usb_hdmi_top_8
TRACE::2024-11-01.12:06:16::SCWPlatform::Opened existing hwdb mb_usb_hdmi_top_8
TRACE::2024-11-01.12:06:16::SCWPlatform::Found the Hw Db part of the input DSA
TRACE::2024-11-01.12:06:16::SCWMssOS::Checking the sw design at  C:/Users/curti/OneDrive/Documents/UIUC/ECE-385/Vivado_Projects/lab7_1/lab7_1_workspace/mb_usb_hdmi_top/microblaze_0/standalone_microblaze_0/bsp/system.mss
TRACE::2024-11-01.12:06:16::SCWMssOS::DEBUG:  swdes dump  C:/Users/curti/OneDrive/Documents/UIUC/ECE-385/Vivado_Projects/lab7_1/lab7_1_workspace/mb_usb_hdmi_top/microblaze_0/standalone_microblaze_0/bsp/system.mss|system||

TRACE::2024-11-01.12:06:16::SCWMssOS::Sw design exists and opened at  C:/Users/curti/OneDrive/Documents/UIUC/ECE-385/Vivado_Projects/lab7_1/lab7_1_workspace/mb_usb_hdmi_top/microblaze_0/standalone_microblaze_0/bsp/system.mss
TRACE::2024-11-01.12:06:16::SCWWriter::formatted JSON is {
	"platformName":	"mb_usb_hdmi_top",
	"sprVersion":	"2.0",
	"mode":	"gui",
	"dsaType":	"Fixed",
	"platformDesc":	"mb_usb_hdmi_top",
	"platHandOff":	"C:/Users/curti/OneDrive/Documents/UIUC/ECE-385/Vivado_Projects/lab7_1/mb_usb_hdmi_top.xsa",
	"platIntHandOff":	"<platformDir>/hw/mb_usb_hdmi_top.xsa",
	"deviceType":	"FPGA",
	"platIsPrebuiltAutogen":	"false",
	"platIsNoBootBsp":	"false",
	"hasFsblMakeHasChanges":	"false",
	"hasPmufwMakeHasChanges":	"false",
	"platPreBuiltFlag":	false,
	"platformSamplesDir":	"",
	"platActiveSys":	"mb_usb_hdmi_top",
	"systems":	[{
			"systemName":	"mb_usb_hdmi_top",
			"systemDesc":	"mb_usb_hdmi_top",
			"sysIsBootAutoGen":	"true",
			"systemDispName":	"mb_usb_hdmi_top",
			"sysActiveDom":	"standalone_microblaze_0",
			"sysDefaultDom":	"standalone_microblaze_0",
			"domains":	[{
					"domainName":	"standalone_microblaze_0",
					"domainDispName":	"standalone_microblaze_0",
					"domainDesc":	"standalone_microblaze_0",
					"processors":	"microblaze_0",
					"os":	"standalone",
					"sdxOs":	"standalone",
					"debugEnable":	"False",
					"domRuntimes":	["cpp"],
					"swRepo":	"",
					"mssOsVer":	"8.0",
					"mssFile":	"",
					"md5Digest":	"5422c1e5be4ae93f4de8c50507402f2a1",
					"compatibleApp":	"",
					"domType":	"mssDomain",
					"arch":	"32-bit",
					"appSettings":	{
						"appCompilerFlags":	"",
						"appLinkerFlags":	""
					},
					"addedLibs":	[],
					"libOptions":	{
						"libsContainingOptions":	[]
					},
					"prebuiltLibs":	{
						"prebuiltIncPath":	[],
						"prebuiltLibPath":	[]
					},
					"isolation":	{
					}
				}]
		}]
}
TRACE::2024-11-01.12:06:23::SCWMssOS::cleaning the bsp 
TRACE::2024-11-01.12:06:23::SCWMssOS::System Command Ran  C: & cd  C:/Users/curti/OneDrive/Documents/UIUC/ECE-385/Vivado_Projects/lab7_1/lab7_1_workspace/mb_usb_hdmi_top/microblaze_0/standalone_microblaze_0/bsp & make clean 
TRACE::2024-11-01.12:06:23::SCWMssOS::make -C microblaze_0/libsrc/bram_v4_8/src -s clean 

TRACE::2024-11-01.12:06:23::SCWMssOS::make -C microblaze_0/libsrc/cpu_v2_16/src -s clean 

TRACE::2024-11-01.12:06:23::SCWMssOS::make -C microblaze_0/libsrc/intc_v3_15/src -s clean 

TRACE::2024-11-01.12:06:23::SCWMssOS::make -C microblaze_0/libsrc/standalone_v8_0/src -s clean 

TRACE::2024-11-01.12:06:23::SCWMssOS::make -C microblaze_0/libsrc/uartlite_v3_7/src -s clean 

TRACE::2024-11-01.12:06:24::SCWMssOS::rm -f microblaze_0/lib/libxil.a

TRACE::2024-11-01.12:06:27::SCWMssOS::cleaning the bsp 
TRACE::2024-11-01.12:06:27::SCWMssOS::System Command Ran  C: & cd  C:/Users/curti/OneDrive/Documents/UIUC/ECE-385/Vivado_Projects/lab7_1/lab7_1_workspace/mb_usb_hdmi_top/microblaze_0/standalone_microblaze_0/bsp & make clean 
TRACE::2024-11-01.12:06:27::SCWMssOS::make -C microblaze_0/libsrc/bram_v4_8/src -s clean 

TRACE::2024-11-01.12:06:27::SCWMssOS::make -C microblaze_0/libsrc/cpu_v2_16/src -s clean 

TRACE::2024-11-01.12:06:27::SCWMssOS::make -C microblaze_0/libsrc/intc_v3_15/src -s clean 

TRACE::2024-11-01.12:06:27::SCWMssOS::make -C microblaze_0/libsrc/standalone_v8_0/src -s clean 

TRACE::2024-11-01.12:06:27::SCWMssOS::make -C microblaze_0/libsrc/uartlite_v3_7/src -s clean 

TRACE::2024-11-01.12:06:27::SCWMssOS::rm -f microblaze_0/lib/libxil.a

LOG::2024-11-01.12:06:42::SCWPlatform::Started generating the artifacts platform mb_usb_hdmi_top
TRACE::2024-11-01.12:06:42::SCWPlatform::Sanity checking of platform is completed
LOG::2024-11-01.12:06:42::SCWPlatform::Started generating the artifacts for system configuration mb_usb_hdmi_top
LOG::2024-11-01.12:06:42::SCWSystem::Checking the domain standalone_microblaze_0
LOG::2024-11-01.12:06:42::SCWSystem::Not a boot domain 
LOG::2024-11-01.12:06:42::SCWSystem::Started Processing the domain standalone_microblaze_0
TRACE::2024-11-01.12:06:42::SCWDomain::Generating domain artifcats
TRACE::2024-11-01.12:06:42::SCWMssOS::Generating standalone artifcats
TRACE::2024-11-01.12:06:42::SCWMssOS:: Copying the user libraries. 
TRACE::2024-11-01.12:06:42::SCWPlatform::Trying to open the hw design at C:/Users/curti/OneDrive/Documents/UIUC/ECE-385/Vivado_Projects/lab7_1/lab7_1_workspace/mb_usb_hdmi_top/hw/mb_usb_hdmi_top.xsa
TRACE::2024-11-01.12:06:42::SCWPlatform::DSA given C:/Users/curti/OneDrive/Documents/UIUC/ECE-385/Vivado_Projects/lab7_1/lab7_1_workspace/mb_usb_hdmi_top/hw/mb_usb_hdmi_top.xsa
TRACE::2024-11-01.12:06:42::SCWPlatform::DSA absoulate path C:/Users/curti/OneDrive/Documents/UIUC/ECE-385/Vivado_Projects/lab7_1/lab7_1_workspace/mb_usb_hdmi_top/hw/mb_usb_hdmi_top.xsa
TRACE::2024-11-01.12:06:42::SCWPlatform::DSA directory C:/Users/curti/OneDrive/Documents/UIUC/ECE-385/Vivado_Projects/lab7_1/lab7_1_workspace/mb_usb_hdmi_top/hw
TRACE::2024-11-01.12:06:42::SCWPlatform:: Platform Path C:/Users/curti/OneDrive/Documents/UIUC/ECE-385/Vivado_Projects/lab7_1/lab7_1_workspace/mb_usb_hdmi_top/hw/mb_usb_hdmi_top.xsa
TRACE::2024-11-01.12:06:42::SCWPlatform:: Unique name xilinx:::0.0
TRACE::2024-11-01.12:06:42::SCWPlatform::Trying to set the existing hwdb with name mb_usb_hdmi_top_8
TRACE::2024-11-01.12:06:42::SCWPlatform::Opened existing hwdb mb_usb_hdmi_top_8
TRACE::2024-11-01.12:06:42::SCWPlatform::Found the Hw Db part of the input DSA
TRACE::2024-11-01.12:06:42::SCWMssOS::Checking the sw design at  C:/Users/curti/OneDrive/Documents/UIUC/ECE-385/Vivado_Projects/lab7_1/lab7_1_workspace/mb_usb_hdmi_top/microblaze_0/standalone_microblaze_0/bsp/system.mss
TRACE::2024-11-01.12:06:42::SCWMssOS::DEBUG:  swdes dump  C:/Users/curti/OneDrive/Documents/UIUC/ECE-385/Vivado_Projects/lab7_1/lab7_1_workspace/mb_usb_hdmi_top/microblaze_0/standalone_microblaze_0/bsp/system.mss|system||

TRACE::2024-11-01.12:06:42::SCWMssOS::Sw design exists and opened at  C:/Users/curti/OneDrive/Documents/UIUC/ECE-385/Vivado_Projects/lab7_1/lab7_1_workspace/mb_usb_hdmi_top/microblaze_0/standalone_microblaze_0/bsp/system.mss
TRACE::2024-11-01.12:06:42::SCWMssOS::Completed writing the mss file at C:/Users/curti/OneDrive/Documents/UIUC/ECE-385/Vivado_Projects/lab7_1/lab7_1_workspace/mb_usb_hdmi_top/microblaze_0/standalone_microblaze_0/bsp
TRACE::2024-11-01.12:06:42::SCWMssOS::Mss edits present, copying mssfile into export location C:/Users/curti/OneDrive/Documents/UIUC/ECE-385/Vivado_Projects/lab7_1/lab7_1_workspace/mb_usb_hdmi_top/microblaze_0/standalone_microblaze_0/bsp/system.mss
TRACE::2024-11-01.12:06:42::SCWMssOS::bsp generated is stale removing and regenerating. 
TRACE::2024-11-01.12:06:43::SCWMssOS::doing bsp build ... 
TRACE::2024-11-01.12:06:43::SCWMssOS::System Command Ran  C: & cd  C:/Users/curti/OneDrive/Documents/UIUC/ECE-385/Vivado_Projects/lab7_1/lab7_1_workspace/mb_usb_hdmi_top/microblaze_0/standalone_microblaze_0/bsp & make 
TRACE::2024-11-01.12:06:43::SCWMssOS::make --no-print-directory seq_libs

TRACE::2024-11-01.12:06:43::SCWMssOS::'Finished building libraries sequentially.'

TRACE::2024-11-01.12:06:43::SCWMssOS::make -j 18 --no-print-directory par_libs

TRACE::2024-11-01.12:06:43::SCWMssOS::"Running Make include in microblaze_0/libsrc/bram_v4_8/src"

TRACE::2024-11-01.12:06:43::SCWMssOS::make -C microblaze_0/libsrc/bram_v4_8/src -s include  "SHELL=CMD" "COMPILER=mb-gcc" "ASSEMBLER=mb-as" "ARCHIVER=mb-ar" "COMPILE
TRACE::2024-11-01.12:06:43::SCWMssOS::R_FLAGS=  -O2 -c -mcpu=v11.0 -mlittle-endian -mno-xl-reorder -mno-xl-soft-mul -mxl-barrel-shift -mxl-pattern-compare" "EXTRA_CO
TRACE::2024-11-01.12:06:43::SCWMssOS::MPILER_FLAGS=-g -ffunction-sections -fdata-sections -Wall -Wextra -fno-tree-loop-distribute-patterns"

TRACE::2024-11-01.12:06:43::SCWMssOS::"Running Make include in microblaze_0/libsrc/cpu_v2_16/src"

TRACE::2024-11-01.12:06:43::SCWMssOS::make -C microblaze_0/libsrc/cpu_v2_16/src -s include  "SHELL=CMD" "COMPILER=mb-gcc" "ASSEMBLER=mb-as" "ARCHIVER=mb-ar" "COMPILE
TRACE::2024-11-01.12:06:43::SCWMssOS::R_FLAGS=  -O2 -c -mcpu=v11.0 -mlittle-endian -mno-xl-reorder -mno-xl-soft-mul -mxl-barrel-shift -mxl-pattern-compare" "EXTRA_CO
TRACE::2024-11-01.12:06:43::SCWMssOS::MPILER_FLAGS=-g -ffunction-sections -fdata-sections -Wall -Wextra -fno-tree-loop-distribute-patterns"

TRACE::2024-11-01.12:06:44::SCWMssOS::"Running Make include in microblaze_0/libsrc/intc_v3_15/src"

TRACE::2024-11-01.12:06:44::SCWMssOS::make -C microblaze_0/libsrc/intc_v3_15/src -s include  "SHELL=CMD" "COMPILER=mb-gcc" "ASSEMBLER=mb-as" "ARCHIVER=mb-ar" "COMPIL
TRACE::2024-11-01.12:06:44::SCWMssOS::ER_FLAGS=  -O2 -c -mcpu=v11.0 -mlittle-endian -mno-xl-reorder -mno-xl-soft-mul -mxl-barrel-shift -mxl-pattern-compare" "EXTRA_C
TRACE::2024-11-01.12:06:44::SCWMssOS::OMPILER_FLAGS=-g -ffunction-sections -fdata-sections -Wall -Wextra -fno-tree-loop-distribute-patterns"

TRACE::2024-11-01.12:06:44::SCWMssOS::"Running Make include in microblaze_0/libsrc/standalone_v8_0/src"

TRACE::2024-11-01.12:06:44::SCWMssOS::make -C microblaze_0/libsrc/standalone_v8_0/src -s include  "SHELL=CMD" "COMPILER=mb-gcc" "ASSEMBLER=mb-as" "ARCHIVER=mb-ar" "C
TRACE::2024-11-01.12:06:44::SCWMssOS::OMPILER_FLAGS=  -O2 -c -mcpu=v11.0 -mlittle-endian -mno-xl-reorder -mno-xl-soft-mul -mxl-barrel-shift -mxl-pattern-compare" "EX
TRACE::2024-11-01.12:06:44::SCWMssOS::TRA_COMPILER_FLAGS=-g -ffunction-sections -fdata-sections -Wall -Wextra -fno-tree-loop-distribute-patterns"

TRACE::2024-11-01.12:06:44::SCWMssOS::"Running Make include in microblaze_0/libsrc/uartlite_v3_7/src"

TRACE::2024-11-01.12:06:44::SCWMssOS::make -C microblaze_0/libsrc/uartlite_v3_7/src -s include  "SHELL=CMD" "COMPILER=mb-gcc" "ASSEMBLER=mb-as" "ARCHIVER=mb-ar" "COM
TRACE::2024-11-01.12:06:44::SCWMssOS::PILER_FLAGS=  -O2 -c -mcpu=v11.0 -mlittle-endian -mno-xl-reorder -mno-xl-soft-mul -mxl-barrel-shift -mxl-pattern-compare" "EXTR
TRACE::2024-11-01.12:06:44::SCWMssOS::A_COMPILER_FLAGS=-g -ffunction-sections -fdata-sections -Wall -Wextra -fno-tree-loop-distribute-patterns"

TRACE::2024-11-01.12:06:44::SCWMssOS::"Running Make libs in microblaze_0/libsrc/bram_v4_8/src"

TRACE::2024-11-01.12:06:44::SCWMssOS::make -C microblaze_0/libsrc/bram_v4_8/src -s libs  "SHELL=CMD" "COMPILER=mb-gcc" "ASSEMBLER=mb-as" "ARCHIVER=mb-ar" "COMPILER_F
TRACE::2024-11-01.12:06:44::SCWMssOS::LAGS=  -O2 -c -mcpu=v11.0 -mlittle-endian -mno-xl-reorder -mno-xl-soft-mul -mxl-barrel-shift -mxl-pattern-compare" "EXTRA_COMPI
TRACE::2024-11-01.12:06:44::SCWMssOS::LER_FLAGS=-g -ffunction-sections -fdata-sections -Wall -Wextra -fno-tree-loop-distribute-patterns"

TRACE::2024-11-01.12:06:44::SCWMssOS::"Running Make libs in microblaze_0/libsrc/cpu_v2_16/src"

TRACE::2024-11-01.12:06:44::SCWMssOS::make -C microblaze_0/libsrc/cpu_v2_16/src -s libs  "SHELL=CMD" "COMPILER=mb-gcc" "ASSEMBLER=mb-as" "ARCHIVER=mb-ar" "COMPILER_F
TRACE::2024-11-01.12:06:44::SCWMssOS::LAGS=  -O2 -c -mcpu=v11.0 -mlittle-endian -mno-xl-reorder -mno-xl-soft-mul -mxl-barrel-shift -mxl-pattern-compare" "EXTRA_COMPI
TRACE::2024-11-01.12:06:44::SCWMssOS::LER_FLAGS=-g -ffunction-sections -fdata-sections -Wall -Wextra -fno-tree-loop-distribute-patterns"

TRACE::2024-11-01.12:06:44::SCWMssOS::"Running Make libs in microblaze_0/libsrc/intc_v3_15/src"

TRACE::2024-11-01.12:06:44::SCWMssOS::make -C microblaze_0/libsrc/intc_v3_15/src -s libs  "SHELL=CMD" "COMPILER=mb-gcc" "ASSEMBLER=mb-as" "ARCHIVER=mb-ar" "COMPILER_
TRACE::2024-11-01.12:06:44::SCWMssOS::FLAGS=  -O2 -c -mcpu=v11.0 -mlittle-endian -mno-xl-reorder -mno-xl-soft-mul -mxl-barrel-shift -mxl-pattern-compare" "EXTRA_COMP
TRACE::2024-11-01.12:06:44::SCWMssOS::ILER_FLAGS=-g -ffunction-sections -fdata-sections -Wall -Wextra -fno-tree-loop-distribute-patterns"

TRACE::2024-11-01.12:06:44::SCWMssOS::"Running Make libs in microblaze_0/libsrc/standalone_v8_0/src"

TRACE::2024-11-01.12:06:44::SCWMssOS::make -C microblaze_0/libsrc/standalone_v8_0/src -s libs  "SHELL=CMD" "COMPILER=mb-gcc" "ASSEMBLER=mb-as" "ARCHIVER=mb-ar" "COMP
TRACE::2024-11-01.12:06:44::SCWMssOS::ILER_FLAGS=  -O2 -c -mcpu=v11.0 -mlittle-endian -mno-xl-reorder -mno-xl-soft-mul -mxl-barrel-shift -mxl-pattern-compare" "EXTRA
TRACE::2024-11-01.12:06:44::SCWMssOS::_COMPILER_FLAGS=-g -ffunction-sections -fdata-sections -Wall -Wextra -fno-tree-loop-distribute-patterns"

TRACE::2024-11-01.12:06:44::SCWMssOS::"Running Make libs in microblaze_0/libsrc/uartlite_v3_7/src"

TRACE::2024-11-01.12:06:44::SCWMssOS::make -C microblaze_0/libsrc/uartlite_v3_7/src -s libs  "SHELL=CMD" "COMPILER=mb-gcc" "ASSEMBLER=mb-as" "ARCHIVER=mb-ar" "COMPIL
TRACE::2024-11-01.12:06:44::SCWMssOS::ER_FLAGS=  -O2 -c -mcpu=v11.0 -mlittle-endian -mno-xl-reorder -mno-xl-soft-mul -mxl-barrel-shift -mxl-pattern-compare" "EXTRA_C
TRACE::2024-11-01.12:06:44::SCWMssOS::OMPILER_FLAGS=-g -ffunction-sections -fdata-sections -Wall -Wextra -fno-tree-loop-distribute-patterns"

TRACE::2024-11-01.12:06:45::SCWMssOS::"DEBUG NON_LTO_OBJECTS is ../../../lib/microblaze_interrupt_handler.o"

TRACE::2024-11-01.12:06:45::SCWMssOS::'Finished building libraries parallelly.'

TRACE::2024-11-01.12:06:45::SCWMssOS::make --no-print-directory archive

TRACE::2024-11-01.12:06:45::SCWMssOS::mb-ar -r  microblaze_0/lib/libxil.a microblaze_0/lib/_exit.o microblaze_0/lib/errno.o microblaze_0/lib/fcntl.o microblaze_0/lib
TRACE::2024-11-01.12:06:45::SCWMssOS::/hw_exception_handler.o microblaze_0/lib/inbyte.o microblaze_0/lib/microblaze_disable_dcache.o microblaze_0/lib/microblaze_disa
TRACE::2024-11-01.12:06:45::SCWMssOS::ble_exceptions.o microblaze_0/lib/microblaze_disable_icache.o microblaze_0/lib/microblaze_disable_interrupts.o microblaze_0/lib
TRACE::2024-11-01.12:06:45::SCWMssOS::/microblaze_enable_dcache.o microblaze_0/lib/microblaze_enable_exceptions.o microblaze_0/lib/microblaze_enable_icache.o microbl
TRACE::2024-11-01.12:06:45::SCWMssOS::aze_0/lib/microblaze_enable_interrupts.o microblaze_0/lib/microblaze_exception_handler.o microblaze_0/lib/microblaze_flush_cach
TRACE::2024-11-01.12:06:45::SCWMssOS::e_ext.o microblaze_0/lib/microblaze_flush_cache_ext_range.o microblaze_0/lib/microblaze_flush_dcache.o microblaze_0/lib/microbl
TRACE::2024-11-01.12:06:45::SCWMssOS::aze_flush_dcache_range.o microblaze_0/lib/microblaze_init_dcache_range.o microblaze_0/lib/microblaze_init_icache_range.o microb
TRACE::2024-11-01.12:06:45::SCWMssOS::laze_0/lib/microblaze_interrupt_handler.o microblaze_0/lib/microblaze_interrupts_g.o microblaze_0/lib/microblaze_invalidate_cac
TRACE::2024-11-01.12:06:45::SCWMssOS::he_ext.o microblaze_0/lib/microblaze_invalidate_cache_ext_range.o microblaze_0/lib/microblaze_invalidate_dcache.o microblaze_0/
TRACE::2024-11-01.12:06:45::SCWMssOS::lib/microblaze_invalidate_dcache_range.o microblaze_0/lib/microblaze_invalidate_icache.o microblaze_0/lib/microblaze_invalidate
TRACE::2024-11-01.12:06:45::SCWMssOS::_icache_range.o microblaze_0/lib/microblaze_scrub.o microblaze_0/lib/microblaze_selftest.o microblaze_0/lib/microblaze_sleep.o 
TRACE::2024-11-01.12:06:45::SCWMssOS::microblaze_0/lib/microblaze_update_dcache.o microblaze_0/lib/microblaze_update_icache.o microblaze_0/lib/outbyte.o microblaze_0
TRACE::2024-11-01.12:06:45::SCWMssOS::/lib/print.o microblaze_0/lib/pvr.o microblaze_0/lib/xbram.o microblaze_0/lib/xbram_g.o microblaze_0/lib/xbram_intr.o microblaz
TRACE::2024-11-01.12:06:45::SCWMssOS::e_0/lib/xbram_selftest.o microblaze_0/lib/xbram_sinit.o microblaze_0/lib/xil_assert.o microblaze_0/lib/xil_cache.o microblaze_0
TRACE::2024-11-01.12:06:45::SCWMssOS::/lib/xil_clocking.o microblaze_0/lib/xil_exception.o microblaze_0/lib/xil_mem.o microblaze_0/lib/xil_misc_psreset_api.o microbl
TRACE::2024-11-01.12:06:45::SCWMssOS::aze_0/lib/xil_printf.o microblaze_0/lib/xil_sleepcommon.o microblaze_0/lib/xil_testcache.o microblaze_0/lib/xil_testio.o microb
TRACE::2024-11-01.12:06:45::SCWMssOS::laze_0/lib/xil_testmem.o microblaze_0/lib/xil_util.o microblaze_0/lib/xintc.o microblaze_0/lib/xintc_g.o microblaze_0/lib/xintc
TRACE::2024-11-01.12:06:45::SCWMssOS::_intr.o microblaze_0/lib/xintc_l.o microblaze_0/lib/xintc_options.o microblaze_0/lib/xintc_selftest.o microblaze_0/lib/xinterru
TRACE::2024-11-01.12:06:45::SCWMssOS::pt_wrap.o microblaze_0/lib/xio.o microblaze_0/lib/xplatform_info.o microblaze_0/lib/xuartlite.o microblaze_0/lib/xuartlite_g.o 
TRACE::2024-11-01.12:06:45::SCWMssOS::microblaze_0/lib/xuartlite_intr.o microblaze_0/lib/xuartlite_l.o microblaze_0/lib/xuartlite_selftest.o microblaze_0/lib/xuartli
TRACE::2024-11-01.12:06:45::SCWMssOS::te_sinit.o microblaze_0/lib/xuartlite_stats.o

TRACE::2024-11-01.12:06:45::SCWMssOS::'Finished building libraries'

TRACE::2024-11-01.12:06:45::SCWMssOS:: Checking if to create the Supporting Applications
TRACE::2024-11-01.12:06:45::SCWMssOS:: No Linux domain exists, trying to generate FSBL 
LOG::2024-11-01.12:06:45::SCWSystem::Completed Processing the domain standalone_microblaze_0
LOG::2024-11-01.12:06:45::SCWSystem::Completed Processing the sysconfig mb_usb_hdmi_top
LOG::2024-11-01.12:06:45::SCWPlatform::Completed generating the artifacts for system configuration mb_usb_hdmi_top
TRACE::2024-11-01.12:06:45::SCWPlatform::Started preparing the platform 
TRACE::2024-11-01.12:06:45::SCWSystem::Writing the bif file for system config mb_usb_hdmi_top
TRACE::2024-11-01.12:06:45::SCWSystem::dir created 
TRACE::2024-11-01.12:06:45::SCWSystem::Writing the bif 
TRACE::2024-11-01.12:06:45::SCWPlatform::Started writing the spfm file 
TRACE::2024-11-01.12:06:45::SCWPlatform::Started writing the xpfm file 
TRACE::2024-11-01.12:06:45::SCWPlatform::Completed generating the platform
TRACE::2024-11-01.12:06:45::SCWMssOS::Saving the mss changes C:/Users/curti/OneDrive/Documents/UIUC/ECE-385/Vivado_Projects/lab7_1/lab7_1_workspace/mb_usb_hdmi_top/microblaze_0/standalone_microblaze_0/bsp/system.mss
TRACE::2024-11-01.12:06:45::SCWMssOS::Adding the swdes entry, mss present, able to open swdb C:/Users/curti/OneDrive/Documents/UIUC/ECE-385/Vivado_Projects/lab7_1/lab7_1_workspace/mb_usb_hdmi_top/microblaze_0/standalone_microblaze_0/bsp/system.mss with des name system
TRACE::2024-11-01.12:06:45::SCWMssOS::Writing the mss file completed C:/Users/curti/OneDrive/Documents/UIUC/ECE-385/Vivado_Projects/lab7_1/lab7_1_workspace/mb_usb_hdmi_top/microblaze_0/standalone_microblaze_0/bsp/system.mss
TRACE::2024-11-01.12:06:45::SCWMssOS::Commit changes completed.
TRACE::2024-11-01.12:06:45::SCWPlatform::Trying to open the hw design at C:/Users/curti/OneDrive/Documents/UIUC/ECE-385/Vivado_Projects/lab7_1/lab7_1_workspace/mb_usb_hdmi_top/hw/mb_usb_hdmi_top.xsa
TRACE::2024-11-01.12:06:45::SCWPlatform::DSA given C:/Users/curti/OneDrive/Documents/UIUC/ECE-385/Vivado_Projects/lab7_1/lab7_1_workspace/mb_usb_hdmi_top/hw/mb_usb_hdmi_top.xsa
TRACE::2024-11-01.12:06:45::SCWPlatform::DSA absoulate path C:/Users/curti/OneDrive/Documents/UIUC/ECE-385/Vivado_Projects/lab7_1/lab7_1_workspace/mb_usb_hdmi_top/hw/mb_usb_hdmi_top.xsa
TRACE::2024-11-01.12:06:45::SCWPlatform::DSA directory C:/Users/curti/OneDrive/Documents/UIUC/ECE-385/Vivado_Projects/lab7_1/lab7_1_workspace/mb_usb_hdmi_top/hw
TRACE::2024-11-01.12:06:45::SCWPlatform:: Platform Path C:/Users/curti/OneDrive/Documents/UIUC/ECE-385/Vivado_Projects/lab7_1/lab7_1_workspace/mb_usb_hdmi_top/hw/mb_usb_hdmi_top.xsa
TRACE::2024-11-01.12:06:45::SCWPlatform:: Unique name xilinx:::0.0
TRACE::2024-11-01.12:06:45::SCWPlatform::Trying to set the existing hwdb with name mb_usb_hdmi_top_8
TRACE::2024-11-01.12:06:45::SCWPlatform::Opened existing hwdb mb_usb_hdmi_top_8
TRACE::2024-11-01.12:06:45::SCWPlatform::Found the Hw Db part of the input DSA
TRACE::2024-11-01.12:06:45::SCWMssOS::Checking the sw design at  C:/Users/curti/OneDrive/Documents/UIUC/ECE-385/Vivado_Projects/lab7_1/lab7_1_workspace/mb_usb_hdmi_top/microblaze_0/standalone_microblaze_0/bsp/system.mss
TRACE::2024-11-01.12:06:45::SCWMssOS::DEBUG:  swdes dump  C:/Users/curti/OneDrive/Documents/UIUC/ECE-385/Vivado_Projects/lab7_1/lab7_1_workspace/mb_usb_hdmi_top/microblaze_0/standalone_microblaze_0/bsp/system.mss|system||

TRACE::2024-11-01.12:06:45::SCWMssOS::Sw design exists and opened at  C:/Users/curti/OneDrive/Documents/UIUC/ECE-385/Vivado_Projects/lab7_1/lab7_1_workspace/mb_usb_hdmi_top/microblaze_0/standalone_microblaze_0/bsp/system.mss
TRACE::2024-11-01.12:06:45::SCWWriter::formatted JSON is {
	"platformName":	"mb_usb_hdmi_top",
	"sprVersion":	"2.0",
	"mode":	"gui",
	"dsaType":	"Fixed",
	"platformDesc":	"mb_usb_hdmi_top",
	"platHandOff":	"C:/Users/curti/OneDrive/Documents/UIUC/ECE-385/Vivado_Projects/lab7_1/mb_usb_hdmi_top.xsa",
	"platIntHandOff":	"<platformDir>/hw/mb_usb_hdmi_top.xsa",
	"deviceType":	"FPGA",
	"platIsPrebuiltAutogen":	"false",
	"platIsNoBootBsp":	"false",
	"hasFsblMakeHasChanges":	"false",
	"hasPmufwMakeHasChanges":	"false",
	"platPreBuiltFlag":	false,
	"platformSamplesDir":	"",
	"platActiveSys":	"mb_usb_hdmi_top",
	"systems":	[{
			"systemName":	"mb_usb_hdmi_top",
			"systemDesc":	"mb_usb_hdmi_top",
			"sysIsBootAutoGen":	"true",
			"systemDispName":	"mb_usb_hdmi_top",
			"sysActiveDom":	"standalone_microblaze_0",
			"sysDefaultDom":	"standalone_microblaze_0",
			"domains":	[{
					"domainName":	"standalone_microblaze_0",
					"domainDispName":	"standalone_microblaze_0",
					"domainDesc":	"standalone_microblaze_0",
					"processors":	"microblaze_0",
					"os":	"standalone",
					"sdxOs":	"standalone",
					"debugEnable":	"False",
					"domRuntimes":	["cpp"],
					"swRepo":	"",
					"mssOsVer":	"8.0",
					"mssFile":	"",
					"md5Digest":	"5422c1e5be4ae93f4de8c50507402f2a",
					"compatibleApp":	"",
					"domType":	"mssDomain",
					"arch":	"32-bit",
					"appSettings":	{
						"appCompilerFlags":	"",
						"appLinkerFlags":	""
					},
					"addedLibs":	[],
					"libOptions":	{
						"libsContainingOptions":	[]
					},
					"prebuiltLibs":	{
						"prebuiltIncPath":	[],
						"prebuiltLibPath":	[]
					},
					"isolation":	{
					}
				}]
		}]
}
KEYINFO::2024-11-01.12:06:45::SCWPlatform::updated the xpfm file.
TRACE::2024-11-01.12:06:45::SCWPlatform::Trying to open the hw design at C:/Users/curti/OneDrive/Documents/UIUC/ECE-385/Vivado_Projects/lab7_1/lab7_1_workspace/mb_usb_hdmi_top/hw/mb_usb_hdmi_top.xsa
TRACE::2024-11-01.12:06:45::SCWPlatform::DSA given C:/Users/curti/OneDrive/Documents/UIUC/ECE-385/Vivado_Projects/lab7_1/lab7_1_workspace/mb_usb_hdmi_top/hw/mb_usb_hdmi_top.xsa
TRACE::2024-11-01.12:06:45::SCWPlatform::DSA absoulate path C:/Users/curti/OneDrive/Documents/UIUC/ECE-385/Vivado_Projects/lab7_1/lab7_1_workspace/mb_usb_hdmi_top/hw/mb_usb_hdmi_top.xsa
TRACE::2024-11-01.12:06:45::SCWPlatform::DSA directory C:/Users/curti/OneDrive/Documents/UIUC/ECE-385/Vivado_Projects/lab7_1/lab7_1_workspace/mb_usb_hdmi_top/hw
TRACE::2024-11-01.12:06:45::SCWPlatform:: Platform Path C:/Users/curti/OneDrive/Documents/UIUC/ECE-385/Vivado_Projects/lab7_1/lab7_1_workspace/mb_usb_hdmi_top/hw/mb_usb_hdmi_top.xsa
TRACE::2024-11-01.12:06:45::SCWPlatform:: Unique name xilinx:::0.0
TRACE::2024-11-01.12:06:45::SCWPlatform::Trying to set the existing hwdb with name mb_usb_hdmi_top_8
TRACE::2024-11-01.12:06:45::SCWPlatform::Opened existing hwdb mb_usb_hdmi_top_8
TRACE::2024-11-01.12:06:45::SCWPlatform::Found the Hw Db part of the input DSA
TRACE::2024-11-01.12:06:45::SCWMssOS::Checking the sw design at  C:/Users/curti/OneDrive/Documents/UIUC/ECE-385/Vivado_Projects/lab7_1/lab7_1_workspace/mb_usb_hdmi_top/microblaze_0/standalone_microblaze_0/bsp/system.mss
TRACE::2024-11-01.12:06:45::SCWMssOS::DEBUG:  swdes dump  C:/Users/curti/OneDrive/Documents/UIUC/ECE-385/Vivado_Projects/lab7_1/lab7_1_workspace/mb_usb_hdmi_top/microblaze_0/standalone_microblaze_0/bsp/system.mss|system||

TRACE::2024-11-01.12:06:45::SCWMssOS::Sw design exists and opened at  C:/Users/curti/OneDrive/Documents/UIUC/ECE-385/Vivado_Projects/lab7_1/lab7_1_workspace/mb_usb_hdmi_top/microblaze_0/standalone_microblaze_0/bsp/system.mss
TRACE::2024-11-01.12:24:43::SCWPlatform::Trying to open the hw design at C:/Users/curti/OneDrive/Documents/UIUC/ECE-385/Vivado_Projects/lab7_1/lab7_1_workspace/mb_usb_hdmi_top/hw/mb_usb_hdmi_top.xsa
TRACE::2024-11-01.12:24:43::SCWPlatform::DSA given C:/Users/curti/OneDrive/Documents/UIUC/ECE-385/Vivado_Projects/lab7_1/lab7_1_workspace/mb_usb_hdmi_top/hw/mb_usb_hdmi_top.xsa
TRACE::2024-11-01.12:24:43::SCWPlatform::DSA absoulate path C:/Users/curti/OneDrive/Documents/UIUC/ECE-385/Vivado_Projects/lab7_1/lab7_1_workspace/mb_usb_hdmi_top/hw/mb_usb_hdmi_top.xsa
TRACE::2024-11-01.12:24:43::SCWPlatform::DSA directory C:/Users/curti/OneDrive/Documents/UIUC/ECE-385/Vivado_Projects/lab7_1/lab7_1_workspace/mb_usb_hdmi_top/hw
TRACE::2024-11-01.12:24:43::SCWPlatform:: Platform Path C:/Users/curti/OneDrive/Documents/UIUC/ECE-385/Vivado_Projects/lab7_1/lab7_1_workspace/mb_usb_hdmi_top/hw/mb_usb_hdmi_top.xsa
TRACE::2024-11-01.12:24:43::SCWPlatform:: Unique name xilinx:::0.0
TRACE::2024-11-01.12:24:43::SCWPlatform::Do not have an existing db opened. 
TRACE::2024-11-01.12:24:44::SCWPlatform::Opened new HwDB with name mb_usb_hdmi_top
TRACE::2024-11-01.12:24:44::SCWReader::Active system found as  mb_usb_hdmi_top
TRACE::2024-11-01.12:24:44::SCWReader::Handling sysconfig mb_usb_hdmi_top
TRACE::2024-11-01.12:24:44::SCWDomain::checking for install qemu data   : 
TRACE::2024-11-01.12:24:44::SCWPlatform::Trying to open the hw design at C:/Users/curti/OneDrive/Documents/UIUC/ECE-385/Vivado_Projects/lab7_1/lab7_1_workspace/mb_usb_hdmi_top/hw/mb_usb_hdmi_top.xsa
TRACE::2024-11-01.12:24:44::SCWPlatform::DSA given C:/Users/curti/OneDrive/Documents/UIUC/ECE-385/Vivado_Projects/lab7_1/lab7_1_workspace/mb_usb_hdmi_top/hw/mb_usb_hdmi_top.xsa
TRACE::2024-11-01.12:24:44::SCWPlatform::DSA absoulate path C:/Users/curti/OneDrive/Documents/UIUC/ECE-385/Vivado_Projects/lab7_1/lab7_1_workspace/mb_usb_hdmi_top/hw/mb_usb_hdmi_top.xsa
TRACE::2024-11-01.12:24:44::SCWPlatform::DSA directory C:/Users/curti/OneDrive/Documents/UIUC/ECE-385/Vivado_Projects/lab7_1/lab7_1_workspace/mb_usb_hdmi_top/hw
TRACE::2024-11-01.12:24:44::SCWPlatform:: Platform Path C:/Users/curti/OneDrive/Documents/UIUC/ECE-385/Vivado_Projects/lab7_1/lab7_1_workspace/mb_usb_hdmi_top/hw/mb_usb_hdmi_top.xsa
TRACE::2024-11-01.12:24:44::SCWPlatform:: Unique name xilinx:::0.0
TRACE::2024-11-01.12:24:44::SCWPlatform::Trying to set the existing hwdb with name mb_usb_hdmi_top
TRACE::2024-11-01.12:24:44::SCWPlatform::Opened existing hwdb mb_usb_hdmi_top
TRACE::2024-11-01.12:24:44::SCWPlatform::Found the Hw Db part of the input DSA
TRACE::2024-11-01.12:24:44::SCWPlatform::Trying to open the hw design at C:/Users/curti/OneDrive/Documents/UIUC/ECE-385/Vivado_Projects/lab7_1/lab7_1_workspace/mb_usb_hdmi_top/hw/mb_usb_hdmi_top.xsa
TRACE::2024-11-01.12:24:44::SCWPlatform::DSA given C:/Users/curti/OneDrive/Documents/UIUC/ECE-385/Vivado_Projects/lab7_1/lab7_1_workspace/mb_usb_hdmi_top/hw/mb_usb_hdmi_top.xsa
TRACE::2024-11-01.12:24:44::SCWPlatform::DSA absoulate path C:/Users/curti/OneDrive/Documents/UIUC/ECE-385/Vivado_Projects/lab7_1/lab7_1_workspace/mb_usb_hdmi_top/hw/mb_usb_hdmi_top.xsa
TRACE::2024-11-01.12:24:44::SCWPlatform::DSA directory C:/Users/curti/OneDrive/Documents/UIUC/ECE-385/Vivado_Projects/lab7_1/lab7_1_workspace/mb_usb_hdmi_top/hw
TRACE::2024-11-01.12:24:44::SCWPlatform:: Platform Path C:/Users/curti/OneDrive/Documents/UIUC/ECE-385/Vivado_Projects/lab7_1/lab7_1_workspace/mb_usb_hdmi_top/hw/mb_usb_hdmi_top.xsa
TRACE::2024-11-01.12:24:44::SCWPlatform:: Unique name xilinx:::0.0
TRACE::2024-11-01.12:24:44::SCWPlatform::Trying to set the existing hwdb with name mb_usb_hdmi_top
TRACE::2024-11-01.12:24:44::SCWPlatform::Opened existing hwdb mb_usb_hdmi_top
TRACE::2024-11-01.12:24:44::SCWPlatform::Found the Hw Db part of the input DSA
TRACE::2024-11-01.12:24:44::SCWPlatform::Trying to open the hw design at C:/Users/curti/OneDrive/Documents/UIUC/ECE-385/Vivado_Projects/lab7_1/lab7_1_workspace/mb_usb_hdmi_top/hw/mb_usb_hdmi_top.xsa
TRACE::2024-11-01.12:24:44::SCWPlatform::DSA given C:/Users/curti/OneDrive/Documents/UIUC/ECE-385/Vivado_Projects/lab7_1/lab7_1_workspace/mb_usb_hdmi_top/hw/mb_usb_hdmi_top.xsa
TRACE::2024-11-01.12:24:44::SCWPlatform::DSA absoulate path C:/Users/curti/OneDrive/Documents/UIUC/ECE-385/Vivado_Projects/lab7_1/lab7_1_workspace/mb_usb_hdmi_top/hw/mb_usb_hdmi_top.xsa
TRACE::2024-11-01.12:24:44::SCWPlatform::DSA directory C:/Users/curti/OneDrive/Documents/UIUC/ECE-385/Vivado_Projects/lab7_1/lab7_1_workspace/mb_usb_hdmi_top/hw
TRACE::2024-11-01.12:24:44::SCWPlatform:: Platform Path C:/Users/curti/OneDrive/Documents/UIUC/ECE-385/Vivado_Projects/lab7_1/lab7_1_workspace/mb_usb_hdmi_top/hw/mb_usb_hdmi_top.xsa
TRACE::2024-11-01.12:24:44::SCWPlatform:: Unique name xilinx:::0.0
TRACE::2024-11-01.12:24:44::SCWPlatform::Trying to set the existing hwdb with name mb_usb_hdmi_top
TRACE::2024-11-01.12:24:44::SCWPlatform::Opened existing hwdb mb_usb_hdmi_top
TRACE::2024-11-01.12:24:44::SCWPlatform::Found the Hw Db part of the input DSA
TRACE::2024-11-01.12:24:44::SCWPlatform::Trying to open the hw design at C:/Users/curti/OneDrive/Documents/UIUC/ECE-385/Vivado_Projects/lab7_1/lab7_1_workspace/mb_usb_hdmi_top/hw/mb_usb_hdmi_top.xsa
TRACE::2024-11-01.12:24:44::SCWPlatform::DSA given C:/Users/curti/OneDrive/Documents/UIUC/ECE-385/Vivado_Projects/lab7_1/lab7_1_workspace/mb_usb_hdmi_top/hw/mb_usb_hdmi_top.xsa
TRACE::2024-11-01.12:24:44::SCWPlatform::DSA absoulate path C:/Users/curti/OneDrive/Documents/UIUC/ECE-385/Vivado_Projects/lab7_1/lab7_1_workspace/mb_usb_hdmi_top/hw/mb_usb_hdmi_top.xsa
TRACE::2024-11-01.12:24:44::SCWPlatform::DSA directory C:/Users/curti/OneDrive/Documents/UIUC/ECE-385/Vivado_Projects/lab7_1/lab7_1_workspace/mb_usb_hdmi_top/hw
TRACE::2024-11-01.12:24:44::SCWPlatform:: Platform Path C:/Users/curti/OneDrive/Documents/UIUC/ECE-385/Vivado_Projects/lab7_1/lab7_1_workspace/mb_usb_hdmi_top/hw/mb_usb_hdmi_top.xsa
TRACE::2024-11-01.12:24:44::SCWPlatform:: Unique name xilinx:::0.0
TRACE::2024-11-01.12:24:44::SCWPlatform::Trying to set the existing hwdb with name mb_usb_hdmi_top
TRACE::2024-11-01.12:24:44::SCWPlatform::Opened existing hwdb mb_usb_hdmi_top
TRACE::2024-11-01.12:24:44::SCWPlatform::Found the Hw Db part of the input DSA
TRACE::2024-11-01.12:24:44::SCWMssOS::Checking the sw design at  C:/Users/curti/OneDrive/Documents/UIUC/ECE-385/Vivado_Projects/lab7_1/lab7_1_workspace/mb_usb_hdmi_top/microblaze_0/standalone_microblaze_0/bsp/system.mss
TRACE::2024-11-01.12:24:44::SCWMssOS::DEBUG:  swdes dump  
TRACE::2024-11-01.12:24:44::SCWMssOS::No sw design opened at  C:/Users/curti/OneDrive/Documents/UIUC/ECE-385/Vivado_Projects/lab7_1/lab7_1_workspace/mb_usb_hdmi_top/microblaze_0/standalone_microblaze_0/bsp/system.mss
TRACE::2024-11-01.12:24:44::SCWMssOS::mss exists loading the mss file  C:/Users/curti/OneDrive/Documents/UIUC/ECE-385/Vivado_Projects/lab7_1/lab7_1_workspace/mb_usb_hdmi_top/microblaze_0/standalone_microblaze_0/bsp/system.mss
TRACE::2024-11-01.12:24:44::SCWMssOS::Opened the sw design from mss  C:/Users/curti/OneDrive/Documents/UIUC/ECE-385/Vivado_Projects/lab7_1/lab7_1_workspace/mb_usb_hdmi_top/microblaze_0/standalone_microblaze_0/bsp/system.mss
TRACE::2024-11-01.12:24:44::SCWMssOS::Adding the swdes entry C:/Users/curti/OneDrive/Documents/UIUC/ECE-385/Vivado_Projects/lab7_1/lab7_1_workspace/mb_usb_hdmi_top/microblaze_0/standalone_microblaze_0/bsp/system.mss with des name system
TRACE::2024-11-01.12:24:44::SCWMssOS::updating the scw layer about changes
TRACE::2024-11-01.12:24:44::SCWMssOS::Opened the sw design.  C:/Users/curti/OneDrive/Documents/UIUC/ECE-385/Vivado_Projects/lab7_1/lab7_1_workspace/mb_usb_hdmi_top/microblaze_0/standalone_microblaze_0/bsp/system.mss
TRACE::2024-11-01.12:24:44::SCWMssOS::Saving the mss changes C:/Users/curti/OneDrive/Documents/UIUC/ECE-385/Vivado_Projects/lab7_1/lab7_1_workspace/mb_usb_hdmi_top/microblaze_0/standalone_microblaze_0/bsp/system.mss
TRACE::2024-11-01.12:24:44::SCWMssOS::Found a swdesign opened with the mssfile.
TRACE::2024-11-01.12:24:44::SCWMssOS::Completed writemss as part of save.
TRACE::2024-11-01.12:24:44::SCWMssOS::Commit changes completed.
TRACE::2024-11-01.12:24:44::SCWReader::Adding prebuilt librarypaths as   
TRACE::2024-11-01.12:24:44::SCWReader::Adding prebuilt incpaths  as   
TRACE::2024-11-01.12:24:44::SCWPlatform::Trying to open the hw design at C:/Users/curti/OneDrive/Documents/UIUC/ECE-385/Vivado_Projects/lab7_1/lab7_1_workspace/mb_usb_hdmi_top/hw/mb_usb_hdmi_top.xsa
TRACE::2024-11-01.12:24:44::SCWPlatform::DSA given C:/Users/curti/OneDrive/Documents/UIUC/ECE-385/Vivado_Projects/lab7_1/lab7_1_workspace/mb_usb_hdmi_top/hw/mb_usb_hdmi_top.xsa
TRACE::2024-11-01.12:24:44::SCWPlatform::DSA absoulate path C:/Users/curti/OneDrive/Documents/UIUC/ECE-385/Vivado_Projects/lab7_1/lab7_1_workspace/mb_usb_hdmi_top/hw/mb_usb_hdmi_top.xsa
TRACE::2024-11-01.12:24:44::SCWPlatform::DSA directory C:/Users/curti/OneDrive/Documents/UIUC/ECE-385/Vivado_Projects/lab7_1/lab7_1_workspace/mb_usb_hdmi_top/hw
TRACE::2024-11-01.12:24:44::SCWPlatform:: Platform Path C:/Users/curti/OneDrive/Documents/UIUC/ECE-385/Vivado_Projects/lab7_1/lab7_1_workspace/mb_usb_hdmi_top/hw/mb_usb_hdmi_top.xsa
TRACE::2024-11-01.12:24:44::SCWPlatform:: Unique name xilinx:::0.0
TRACE::2024-11-01.12:24:44::SCWPlatform::Trying to set the existing hwdb with name mb_usb_hdmi_top
TRACE::2024-11-01.12:24:44::SCWPlatform::Opened existing hwdb mb_usb_hdmi_top
TRACE::2024-11-01.12:24:44::SCWPlatform::Found the Hw Db part of the input DSA
TRACE::2024-11-01.12:24:44::SCWMssOS::Checking the sw design at  C:/Users/curti/OneDrive/Documents/UIUC/ECE-385/Vivado_Projects/lab7_1/lab7_1_workspace/mb_usb_hdmi_top/microblaze_0/standalone_microblaze_0/bsp/system.mss
TRACE::2024-11-01.12:24:44::SCWMssOS::DEBUG:  swdes dump  C:/Users/curti/OneDrive/Documents/UIUC/ECE-385/Vivado_Projects/lab7_1/lab7_1_workspace/mb_usb_hdmi_top/microblaze_0/standalone_microblaze_0/bsp/system.mss|system||

TRACE::2024-11-01.12:24:44::SCWMssOS::Sw design exists and opened at  C:/Users/curti/OneDrive/Documents/UIUC/ECE-385/Vivado_Projects/lab7_1/lab7_1_workspace/mb_usb_hdmi_top/microblaze_0/standalone_microblaze_0/bsp/system.mss
TRACE::2024-11-01.12:24:44::SCWReader::No isolation master present  
TRACE::2024-11-01.12:24:58::SCWPlatform::DSA given C:/Users/curti/OneDrive/Documents/UIUC/ECE-385/Vivado_Projects/lab7_1/lab7_1_workspace/mb_usb_hdmi_top/tempdsa/mb_usb_hdmi_top.xsa
TRACE::2024-11-01.12:24:58::SCWPlatform::DSA absoulate path C:/Users/curti/OneDrive/Documents/UIUC/ECE-385/Vivado_Projects/lab7_1/lab7_1_workspace/mb_usb_hdmi_top/tempdsa/mb_usb_hdmi_top.xsa
TRACE::2024-11-01.12:24:58::SCWPlatform:: Platform location is C:/Users/curti/OneDrive/Documents/UIUC/ECE-385/Vivado_Projects/lab7_1/lab7_1_workspace/mb_usb_hdmi_top/tempdsa
TRACE::2024-11-01.12:24:58::SCWPlatform:: Platform Path C:/Users/curti/OneDrive/Documents/UIUC/ECE-385/Vivado_Projects/lab7_1/lab7_1_workspace/mb_usb_hdmi_top/tempdsa/mb_usb_hdmi_top.xsa
TRACE::2024-11-01.12:24:58::SCWPlatform:: Unique name xilinx:::0.0
TRACE::2024-11-01.12:24:58::SCWPlatform::Found the Hw Db part of the input DSA
TRACE::2024-11-01.12:24:58::SCWMssOS::Doing hw sync for the mss in domain: standalone_microblaze_0
TRACE::2024-11-01.12:24:58::SCWPlatform::Trying to open the hw design at C:/Users/curti/OneDrive/Documents/UIUC/ECE-385/Vivado_Projects/lab7_1/lab7_1_workspace/mb_usb_hdmi_top/hw/mb_usb_hdmi_top.xsa
TRACE::2024-11-01.12:24:58::SCWPlatform::DSA given C:/Users/curti/OneDrive/Documents/UIUC/ECE-385/Vivado_Projects/lab7_1/lab7_1_workspace/mb_usb_hdmi_top/hw/mb_usb_hdmi_top.xsa
TRACE::2024-11-01.12:24:58::SCWPlatform::DSA absoulate path C:/Users/curti/OneDrive/Documents/UIUC/ECE-385/Vivado_Projects/lab7_1/lab7_1_workspace/mb_usb_hdmi_top/hw/mb_usb_hdmi_top.xsa
TRACE::2024-11-01.12:24:58::SCWPlatform::DSA directory C:/Users/curti/OneDrive/Documents/UIUC/ECE-385/Vivado_Projects/lab7_1/lab7_1_workspace/mb_usb_hdmi_top/hw
TRACE::2024-11-01.12:24:58::SCWPlatform:: Platform Path C:/Users/curti/OneDrive/Documents/UIUC/ECE-385/Vivado_Projects/lab7_1/lab7_1_workspace/mb_usb_hdmi_top/hw/mb_usb_hdmi_top.xsa
TRACE::2024-11-01.12:24:58::SCWPlatform:: Unique name xilinx:::0.0
TRACE::2024-11-01.12:24:58::SCWPlatform::Trying to set the existing hwdb with name mb_usb_hdmi_top
TRACE::2024-11-01.12:24:58::SCWPlatform::Opened existing hwdb mb_usb_hdmi_top
TRACE::2024-11-01.12:24:58::SCWPlatform::Found the Hw Db part of the input DSA
TRACE::2024-11-01.12:24:58::SCWPlatform::Trying to open the hw design at C:/Users/curti/OneDrive/Documents/UIUC/ECE-385/Vivado_Projects/lab7_1/lab7_1_workspace/mb_usb_hdmi_top/hw/mb_usb_hdmi_top.xsa
TRACE::2024-11-01.12:24:58::SCWPlatform::DSA given C:/Users/curti/OneDrive/Documents/UIUC/ECE-385/Vivado_Projects/lab7_1/lab7_1_workspace/mb_usb_hdmi_top/hw/mb_usb_hdmi_top.xsa
TRACE::2024-11-01.12:24:58::SCWPlatform::DSA absoulate path C:/Users/curti/OneDrive/Documents/UIUC/ECE-385/Vivado_Projects/lab7_1/lab7_1_workspace/mb_usb_hdmi_top/hw/mb_usb_hdmi_top.xsa
TRACE::2024-11-01.12:24:58::SCWPlatform::DSA directory C:/Users/curti/OneDrive/Documents/UIUC/ECE-385/Vivado_Projects/lab7_1/lab7_1_workspace/mb_usb_hdmi_top/hw
TRACE::2024-11-01.12:24:58::SCWPlatform:: Platform Path C:/Users/curti/OneDrive/Documents/UIUC/ECE-385/Vivado_Projects/lab7_1/lab7_1_workspace/mb_usb_hdmi_top/hw/mb_usb_hdmi_top.xsa
TRACE::2024-11-01.12:24:58::SCWPlatform:: Unique name xilinx:::0.0
TRACE::2024-11-01.12:24:58::SCWPlatform::Trying to set the existing hwdb with name mb_usb_hdmi_top
TRACE::2024-11-01.12:24:58::SCWPlatform::Opened existing hwdb mb_usb_hdmi_top
TRACE::2024-11-01.12:24:58::SCWPlatform::Found the Hw Db part of the input DSA
TRACE::2024-11-01.12:24:58::SCWMssOS::Checking the sw design at  C:/Users/curti/OneDrive/Documents/UIUC/ECE-385/Vivado_Projects/lab7_1/lab7_1_workspace/mb_usb_hdmi_top/microblaze_0/standalone_microblaze_0/bsp/system.mss
TRACE::2024-11-01.12:24:58::SCWMssOS::DEBUG:  swdes dump  C:/Users/curti/OneDrive/Documents/UIUC/ECE-385/Vivado_Projects/lab7_1/lab7_1_workspace/mb_usb_hdmi_top/microblaze_0/standalone_microblaze_0/bsp/system.mss|system||

TRACE::2024-11-01.12:24:58::SCWMssOS::Sw design exists and opened at  C:/Users/curti/OneDrive/Documents/UIUC/ECE-385/Vivado_Projects/lab7_1/lab7_1_workspace/mb_usb_hdmi_top/microblaze_0/standalone_microblaze_0/bsp/system.mss
TRACE::2024-11-01.12:24:58::SCWPlatform::Trying to open the hw design at C:/Users/curti/OneDrive/Documents/UIUC/ECE-385/Vivado_Projects/lab7_1/lab7_1_workspace/mb_usb_hdmi_top/tempdsa/mb_usb_hdmi_top.xsa
TRACE::2024-11-01.12:24:58::SCWPlatform::DSA given C:/Users/curti/OneDrive/Documents/UIUC/ECE-385/Vivado_Projects/lab7_1/lab7_1_workspace/mb_usb_hdmi_top/tempdsa/mb_usb_hdmi_top.xsa
TRACE::2024-11-01.12:24:58::SCWPlatform::DSA absoulate path C:/Users/curti/OneDrive/Documents/UIUC/ECE-385/Vivado_Projects/lab7_1/lab7_1_workspace/mb_usb_hdmi_top/tempdsa/mb_usb_hdmi_top.xsa
TRACE::2024-11-01.12:24:58::SCWPlatform::DSA directory C:/Users/curti/OneDrive/Documents/UIUC/ECE-385/Vivado_Projects/lab7_1/lab7_1_workspace/mb_usb_hdmi_top/tempdsa
TRACE::2024-11-01.12:24:58::SCWPlatform:: Platform Path C:/Users/curti/OneDrive/Documents/UIUC/ECE-385/Vivado_Projects/lab7_1/lab7_1_workspace/mb_usb_hdmi_top/tempdsa/mb_usb_hdmi_top.xsa
TRACE::2024-11-01.12:24:58::SCWPlatform:: Unique name xilinx:::0.0
TRACE::2024-11-01.12:24:58::SCWPlatform::update - Opened existing hwdb mb_usb_hdmi_top_0
TRACE::2024-11-01.12:24:58::SCWPlatform::Found the Hw Db part of the input DSA
TRACE::2024-11-01.12:24:58::SCWMssOS::Saving the mss changes C:/Users/curti/OneDrive/Documents/UIUC/ECE-385/Vivado_Projects/lab7_1/lab7_1_workspace/mb_usb_hdmi_top/microblaze_0/standalone_microblaze_0/bsp/system.mss
TRACE::2024-11-01.12:24:58::SCWMssOS::Found a swdesign opened with the mssfile.
TRACE::2024-11-01.12:24:58::SCWMssOS::Completed writemss as part of save.
TRACE::2024-11-01.12:24:58::SCWMssOS::Commit changes completed.
TRACE::2024-11-01.12:24:58::SCWMssOS::Completed hw sync for the mss in domain: standalone_microblaze_0
TRACE::2024-11-01.12:24:58::SCWMssOS::Removing the swdes entry for  C:/Users/curti/OneDrive/Documents/UIUC/ECE-385/Vivado_Projects/lab7_1/lab7_1_workspace/mb_usb_hdmi_top/microblaze_0/standalone_microblaze_0/bsp/system.mss
TRACE::2024-11-01.12:24:58::SCWPlatform::Trying to open the hw design at C:/Users/curti/OneDrive/Documents/UIUC/ECE-385/Vivado_Projects/lab7_1/lab7_1_workspace/mb_usb_hdmi_top/hw/mb_usb_hdmi_top.xsa
TRACE::2024-11-01.12:24:58::SCWPlatform::DSA given C:/Users/curti/OneDrive/Documents/UIUC/ECE-385/Vivado_Projects/lab7_1/lab7_1_workspace/mb_usb_hdmi_top/hw/mb_usb_hdmi_top.xsa
TRACE::2024-11-01.12:24:58::SCWPlatform::DSA absoulate path C:/Users/curti/OneDrive/Documents/UIUC/ECE-385/Vivado_Projects/lab7_1/lab7_1_workspace/mb_usb_hdmi_top/hw/mb_usb_hdmi_top.xsa
TRACE::2024-11-01.12:24:58::SCWPlatform::DSA directory C:/Users/curti/OneDrive/Documents/UIUC/ECE-385/Vivado_Projects/lab7_1/lab7_1_workspace/mb_usb_hdmi_top/hw
TRACE::2024-11-01.12:24:58::SCWPlatform:: Platform Path C:/Users/curti/OneDrive/Documents/UIUC/ECE-385/Vivado_Projects/lab7_1/lab7_1_workspace/mb_usb_hdmi_top/hw/mb_usb_hdmi_top.xsa
TRACE::2024-11-01.12:24:58::SCWPlatform:: Unique name xilinx:::0.0
TRACE::2024-11-01.12:24:58::SCWPlatform::Do not have an existing db opened. 
TRACE::2024-11-01.12:24:58::SCWPlatform::Opened new HwDB with name mb_usb_hdmi_top_1
TRACE::2024-11-01.12:24:58::SCWMssOS::Saving the mss changes C:/Users/curti/OneDrive/Documents/UIUC/ECE-385/Vivado_Projects/lab7_1/lab7_1_workspace/mb_usb_hdmi_top/microblaze_0/standalone_microblaze_0/bsp/system.mss
TRACE::2024-11-01.12:24:58::SCWMssOS::Adding the swdes entry, mss present, able to open swdb C:/Users/curti/OneDrive/Documents/UIUC/ECE-385/Vivado_Projects/lab7_1/lab7_1_workspace/mb_usb_hdmi_top/microblaze_0/standalone_microblaze_0/bsp/system.mss with des name system
TRACE::2024-11-01.12:24:58::SCWMssOS::Writing the mss file completed C:/Users/curti/OneDrive/Documents/UIUC/ECE-385/Vivado_Projects/lab7_1/lab7_1_workspace/mb_usb_hdmi_top/microblaze_0/standalone_microblaze_0/bsp/system.mss
TRACE::2024-11-01.12:24:58::SCWMssOS::Commit changes completed.
TRACE::2024-11-01.12:24:58::SCWPlatform::Trying to open the hw design at C:/Users/curti/OneDrive/Documents/UIUC/ECE-385/Vivado_Projects/lab7_1/lab7_1_workspace/mb_usb_hdmi_top/hw/mb_usb_hdmi_top.xsa
TRACE::2024-11-01.12:24:58::SCWPlatform::DSA given C:/Users/curti/OneDrive/Documents/UIUC/ECE-385/Vivado_Projects/lab7_1/lab7_1_workspace/mb_usb_hdmi_top/hw/mb_usb_hdmi_top.xsa
TRACE::2024-11-01.12:24:58::SCWPlatform::DSA absoulate path C:/Users/curti/OneDrive/Documents/UIUC/ECE-385/Vivado_Projects/lab7_1/lab7_1_workspace/mb_usb_hdmi_top/hw/mb_usb_hdmi_top.xsa
TRACE::2024-11-01.12:24:58::SCWPlatform::DSA directory C:/Users/curti/OneDrive/Documents/UIUC/ECE-385/Vivado_Projects/lab7_1/lab7_1_workspace/mb_usb_hdmi_top/hw
TRACE::2024-11-01.12:24:58::SCWPlatform:: Platform Path C:/Users/curti/OneDrive/Documents/UIUC/ECE-385/Vivado_Projects/lab7_1/lab7_1_workspace/mb_usb_hdmi_top/hw/mb_usb_hdmi_top.xsa
TRACE::2024-11-01.12:24:58::SCWPlatform:: Unique name xilinx:::0.0
TRACE::2024-11-01.12:24:58::SCWPlatform::Trying to set the existing hwdb with name mb_usb_hdmi_top_1
TRACE::2024-11-01.12:24:58::SCWPlatform::Opened existing hwdb mb_usb_hdmi_top_1
TRACE::2024-11-01.12:24:58::SCWPlatform::Found the Hw Db part of the input DSA
TRACE::2024-11-01.12:24:58::SCWMssOS::Checking the sw design at  C:/Users/curti/OneDrive/Documents/UIUC/ECE-385/Vivado_Projects/lab7_1/lab7_1_workspace/mb_usb_hdmi_top/microblaze_0/standalone_microblaze_0/bsp/system.mss
TRACE::2024-11-01.12:24:58::SCWMssOS::DEBUG:  swdes dump  C:/Users/curti/OneDrive/Documents/UIUC/ECE-385/Vivado_Projects/lab7_1/lab7_1_workspace/mb_usb_hdmi_top/microblaze_0/standalone_microblaze_0/bsp/system.mss|system||

TRACE::2024-11-01.12:24:58::SCWMssOS::Sw design exists and opened at  C:/Users/curti/OneDrive/Documents/UIUC/ECE-385/Vivado_Projects/lab7_1/lab7_1_workspace/mb_usb_hdmi_top/microblaze_0/standalone_microblaze_0/bsp/system.mss
TRACE::2024-11-01.12:24:58::SCWWriter::formatted JSON is {
	"platformName":	"mb_usb_hdmi_top",
	"sprVersion":	"2.0",
	"mode":	"gui",
	"dsaType":	"Fixed",
	"platformDesc":	"mb_usb_hdmi_top",
	"platHandOff":	"C:/Users/curti/Downloads/lab7_new (2)/lab7_new/lab_7_1/mb_usb_hdmi_top.xsa",
	"platIntHandOff":	"<platformDir>/hw/mb_usb_hdmi_top.xsa",
	"deviceType":	"FPGA",
	"platIsPrebuiltAutogen":	"false",
	"platIsNoBootBsp":	"false",
	"hasFsblMakeHasChanges":	"false",
	"hasPmufwMakeHasChanges":	"false",
	"platPreBuiltFlag":	false,
	"platformSamplesDir":	"",
	"platActiveSys":	"mb_usb_hdmi_top",
	"systems":	[{
			"systemName":	"mb_usb_hdmi_top",
			"systemDesc":	"mb_usb_hdmi_top",
			"sysIsBootAutoGen":	"true",
			"systemDispName":	"mb_usb_hdmi_top",
			"sysActiveDom":	"standalone_microblaze_0",
			"sysDefaultDom":	"standalone_microblaze_0",
			"domains":	[{
					"domainName":	"standalone_microblaze_0",
					"domainDispName":	"standalone_microblaze_0",
					"domainDesc":	"standalone_microblaze_0",
					"processors":	"microblaze_0",
					"os":	"standalone",
					"sdxOs":	"standalone",
					"debugEnable":	"False",
					"domRuntimes":	["cpp"],
					"swRepo":	"",
					"mssOsVer":	"8.0",
					"mssFile":	"",
					"md5Digest":	"5422c1e5be4ae93f4de8c50507402f2a1",
					"compatibleApp":	"",
					"domType":	"mssDomain",
					"arch":	"32-bit",
					"appSettings":	{
						"appCompilerFlags":	"",
						"appLinkerFlags":	""
					},
					"addedLibs":	[],
					"libOptions":	{
						"libsContainingOptions":	[]
					},
					"prebuiltLibs":	{
						"prebuiltIncPath":	[],
						"prebuiltLibPath":	[]
					},
					"isolation":	{
					}
				}]
		}]
}
TRACE::2024-11-01.12:25:05::SCWMssOS::cleaning the bsp 
TRACE::2024-11-01.12:25:05::SCWMssOS::System Command Ran  C: & cd  C:/Users/curti/OneDrive/Documents/UIUC/ECE-385/Vivado_Projects/lab7_1/lab7_1_workspace/mb_usb_hdmi_top/microblaze_0/standalone_microblaze_0/bsp & make clean 
TRACE::2024-11-01.12:25:05::SCWMssOS::make -C microblaze_0/libsrc/bram_v4_8/src -s clean 

TRACE::2024-11-01.12:25:05::SCWMssOS::make -C microblaze_0/libsrc/cpu_v2_16/src -s clean 

TRACE::2024-11-01.12:25:05::SCWMssOS::make -C microblaze_0/libsrc/intc_v3_15/src -s clean 

TRACE::2024-11-01.12:25:05::SCWMssOS::make -C microblaze_0/libsrc/standalone_v8_0/src -s clean 

TRACE::2024-11-01.12:25:06::SCWMssOS::make -C microblaze_0/libsrc/uartlite_v3_7/src -s clean 

TRACE::2024-11-01.12:25:06::SCWMssOS::rm -f microblaze_0/lib/libxil.a

TRACE::2024-11-01.12:25:08::SCWMssOS::cleaning the bsp 
TRACE::2024-11-01.12:25:08::SCWMssOS::System Command Ran  C: & cd  C:/Users/curti/OneDrive/Documents/UIUC/ECE-385/Vivado_Projects/lab7_1/lab7_1_workspace/mb_usb_hdmi_top/microblaze_0/standalone_microblaze_0/bsp & make clean 
TRACE::2024-11-01.12:25:08::SCWMssOS::make -C microblaze_0/libsrc/bram_v4_8/src -s clean 

TRACE::2024-11-01.12:25:08::SCWMssOS::make -C microblaze_0/libsrc/cpu_v2_16/src -s clean 

TRACE::2024-11-01.12:25:08::SCWMssOS::make -C microblaze_0/libsrc/intc_v3_15/src -s clean 

TRACE::2024-11-01.12:25:08::SCWMssOS::make -C microblaze_0/libsrc/standalone_v8_0/src -s clean 

TRACE::2024-11-01.12:25:08::SCWMssOS::make -C microblaze_0/libsrc/uartlite_v3_7/src -s clean 

TRACE::2024-11-01.12:25:08::SCWMssOS::rm -f microblaze_0/lib/libxil.a

TRACE::2024-11-01.12:26:16::SCWPlatform::Clearing the existing platform
TRACE::2024-11-01.12:26:16::SCWSystem::Clearing the existing sysconfig
TRACE::2024-11-01.12:26:16::SCWMssOS::Removing the swdes entry for  C:/Users/curti/OneDrive/Documents/UIUC/ECE-385/Vivado_Projects/lab7_1/lab7_1_workspace/mb_usb_hdmi_top/microblaze_0/standalone_microblaze_0/bsp/system.mss
TRACE::2024-11-01.12:26:16::SCWSystem::Clearing the domains completed.
TRACE::2024-11-01.12:26:16::SCWPlatform::Clearing the opened hw db.
TRACE::2024-11-01.12:26:16::SCWPlatform::DSA given C:/Users/curti/OneDrive/Documents/UIUC/ECE-385/Vivado_Projects/lab7_1/lab7_1_workspace/mb_usb_hdmi_top/hw/mb_usb_hdmi_top.xsa
TRACE::2024-11-01.12:26:16::SCWPlatform::DSA absoulate path C:/Users/curti/OneDrive/Documents/UIUC/ECE-385/Vivado_Projects/lab7_1/lab7_1_workspace/mb_usb_hdmi_top/hw/mb_usb_hdmi_top.xsa
TRACE::2024-11-01.12:26:16::SCWPlatform:: Platform location is C:/Users/curti/OneDrive/Documents/UIUC/ECE-385/Vivado_Projects/lab7_1/lab7_1_workspace/mb_usb_hdmi_top/hw
TRACE::2024-11-01.12:26:16::SCWPlatform:: Platform Path C:/Users/curti/OneDrive/Documents/UIUC/ECE-385/Vivado_Projects/lab7_1/lab7_1_workspace/mb_usb_hdmi_top/hw/mb_usb_hdmi_top.xsa
TRACE::2024-11-01.12:26:16::SCWPlatform:: Unique name xilinx:::0.0
TRACE::2024-11-01.12:26:16::SCWPlatform::Removing the HwDB with name C:/Users/curti/OneDrive/Documents/UIUC/ECE-385/Vivado_Projects/lab7_1/lab7_1_workspace/mb_usb_hdmi_top/hw/mb_usb_hdmi_top.xsa
TRACE::2024-11-01.12:26:16::SCWPlatform::Trying to open the hw design at C:/Users/curti/OneDrive/Documents/UIUC/ECE-385/Vivado_Projects/lab7_1/lab7_1_workspace/mb_usb_hdmi_top/hw/mb_usb_hdmi_top.xsa
TRACE::2024-11-01.12:26:16::SCWPlatform::DSA given C:/Users/curti/OneDrive/Documents/UIUC/ECE-385/Vivado_Projects/lab7_1/lab7_1_workspace/mb_usb_hdmi_top/hw/mb_usb_hdmi_top.xsa
TRACE::2024-11-01.12:26:16::SCWPlatform::DSA absoulate path C:/Users/curti/OneDrive/Documents/UIUC/ECE-385/Vivado_Projects/lab7_1/lab7_1_workspace/mb_usb_hdmi_top/hw/mb_usb_hdmi_top.xsa
TRACE::2024-11-01.12:26:16::SCWPlatform::DSA directory C:/Users/curti/OneDrive/Documents/UIUC/ECE-385/Vivado_Projects/lab7_1/lab7_1_workspace/mb_usb_hdmi_top/hw
TRACE::2024-11-01.12:26:16::SCWPlatform:: Platform Path C:/Users/curti/OneDrive/Documents/UIUC/ECE-385/Vivado_Projects/lab7_1/lab7_1_workspace/mb_usb_hdmi_top/hw/mb_usb_hdmi_top.xsa
TRACE::2024-11-01.12:26:16::SCWPlatform:: Unique name xilinx:::0.0
TRACE::2024-11-01.12:26:16::SCWPlatform::Do not have an existing db opened. 
TRACE::2024-11-01.12:26:16::SCWPlatform::Opened new HwDB with name mb_usb_hdmi_top_2
TRACE::2024-11-01.12:26:16::SCWReader::Active system found as  mb_usb_hdmi_top
TRACE::2024-11-01.12:26:16::SCWReader::Handling sysconfig mb_usb_hdmi_top
TRACE::2024-11-01.12:26:16::SCWDomain::checking for install qemu data   : 
TRACE::2024-11-01.12:26:16::SCWPlatform::Trying to open the hw design at C:/Users/curti/OneDrive/Documents/UIUC/ECE-385/Vivado_Projects/lab7_1/lab7_1_workspace/mb_usb_hdmi_top/hw/mb_usb_hdmi_top.xsa
TRACE::2024-11-01.12:26:16::SCWPlatform::DSA given C:/Users/curti/OneDrive/Documents/UIUC/ECE-385/Vivado_Projects/lab7_1/lab7_1_workspace/mb_usb_hdmi_top/hw/mb_usb_hdmi_top.xsa
TRACE::2024-11-01.12:26:16::SCWPlatform::DSA absoulate path C:/Users/curti/OneDrive/Documents/UIUC/ECE-385/Vivado_Projects/lab7_1/lab7_1_workspace/mb_usb_hdmi_top/hw/mb_usb_hdmi_top.xsa
TRACE::2024-11-01.12:26:16::SCWPlatform::DSA directory C:/Users/curti/OneDrive/Documents/UIUC/ECE-385/Vivado_Projects/lab7_1/lab7_1_workspace/mb_usb_hdmi_top/hw
TRACE::2024-11-01.12:26:16::SCWPlatform:: Platform Path C:/Users/curti/OneDrive/Documents/UIUC/ECE-385/Vivado_Projects/lab7_1/lab7_1_workspace/mb_usb_hdmi_top/hw/mb_usb_hdmi_top.xsa
TRACE::2024-11-01.12:26:16::SCWPlatform:: Unique name xilinx:::0.0
TRACE::2024-11-01.12:26:16::SCWPlatform::Trying to set the existing hwdb with name mb_usb_hdmi_top_2
TRACE::2024-11-01.12:26:16::SCWPlatform::Opened existing hwdb mb_usb_hdmi_top_2
TRACE::2024-11-01.12:26:16::SCWPlatform::Found the Hw Db part of the input DSA
TRACE::2024-11-01.12:26:16::SCWPlatform::Trying to open the hw design at C:/Users/curti/OneDrive/Documents/UIUC/ECE-385/Vivado_Projects/lab7_1/lab7_1_workspace/mb_usb_hdmi_top/hw/mb_usb_hdmi_top.xsa
TRACE::2024-11-01.12:26:16::SCWPlatform::DSA given C:/Users/curti/OneDrive/Documents/UIUC/ECE-385/Vivado_Projects/lab7_1/lab7_1_workspace/mb_usb_hdmi_top/hw/mb_usb_hdmi_top.xsa
TRACE::2024-11-01.12:26:16::SCWPlatform::DSA absoulate path C:/Users/curti/OneDrive/Documents/UIUC/ECE-385/Vivado_Projects/lab7_1/lab7_1_workspace/mb_usb_hdmi_top/hw/mb_usb_hdmi_top.xsa
TRACE::2024-11-01.12:26:16::SCWPlatform::DSA directory C:/Users/curti/OneDrive/Documents/UIUC/ECE-385/Vivado_Projects/lab7_1/lab7_1_workspace/mb_usb_hdmi_top/hw
TRACE::2024-11-01.12:26:16::SCWPlatform:: Platform Path C:/Users/curti/OneDrive/Documents/UIUC/ECE-385/Vivado_Projects/lab7_1/lab7_1_workspace/mb_usb_hdmi_top/hw/mb_usb_hdmi_top.xsa
TRACE::2024-11-01.12:26:16::SCWPlatform:: Unique name xilinx:::0.0
TRACE::2024-11-01.12:26:16::SCWPlatform::Trying to set the existing hwdb with name mb_usb_hdmi_top_2
TRACE::2024-11-01.12:26:16::SCWPlatform::Opened existing hwdb mb_usb_hdmi_top_2
TRACE::2024-11-01.12:26:16::SCWPlatform::Found the Hw Db part of the input DSA
TRACE::2024-11-01.12:26:16::SCWPlatform::Trying to open the hw design at C:/Users/curti/OneDrive/Documents/UIUC/ECE-385/Vivado_Projects/lab7_1/lab7_1_workspace/mb_usb_hdmi_top/hw/mb_usb_hdmi_top.xsa
TRACE::2024-11-01.12:26:16::SCWPlatform::DSA given C:/Users/curti/OneDrive/Documents/UIUC/ECE-385/Vivado_Projects/lab7_1/lab7_1_workspace/mb_usb_hdmi_top/hw/mb_usb_hdmi_top.xsa
TRACE::2024-11-01.12:26:16::SCWPlatform::DSA absoulate path C:/Users/curti/OneDrive/Documents/UIUC/ECE-385/Vivado_Projects/lab7_1/lab7_1_workspace/mb_usb_hdmi_top/hw/mb_usb_hdmi_top.xsa
TRACE::2024-11-01.12:26:16::SCWPlatform::DSA directory C:/Users/curti/OneDrive/Documents/UIUC/ECE-385/Vivado_Projects/lab7_1/lab7_1_workspace/mb_usb_hdmi_top/hw
TRACE::2024-11-01.12:26:16::SCWPlatform:: Platform Path C:/Users/curti/OneDrive/Documents/UIUC/ECE-385/Vivado_Projects/lab7_1/lab7_1_workspace/mb_usb_hdmi_top/hw/mb_usb_hdmi_top.xsa
TRACE::2024-11-01.12:26:16::SCWPlatform:: Unique name xilinx:::0.0
TRACE::2024-11-01.12:26:16::SCWPlatform::Trying to set the existing hwdb with name mb_usb_hdmi_top_2
TRACE::2024-11-01.12:26:16::SCWPlatform::Opened existing hwdb mb_usb_hdmi_top_2
TRACE::2024-11-01.12:26:16::SCWPlatform::Found the Hw Db part of the input DSA
TRACE::2024-11-01.12:26:16::SCWPlatform::Trying to open the hw design at C:/Users/curti/OneDrive/Documents/UIUC/ECE-385/Vivado_Projects/lab7_1/lab7_1_workspace/mb_usb_hdmi_top/hw/mb_usb_hdmi_top.xsa
TRACE::2024-11-01.12:26:16::SCWPlatform::DSA given C:/Users/curti/OneDrive/Documents/UIUC/ECE-385/Vivado_Projects/lab7_1/lab7_1_workspace/mb_usb_hdmi_top/hw/mb_usb_hdmi_top.xsa
TRACE::2024-11-01.12:26:16::SCWPlatform::DSA absoulate path C:/Users/curti/OneDrive/Documents/UIUC/ECE-385/Vivado_Projects/lab7_1/lab7_1_workspace/mb_usb_hdmi_top/hw/mb_usb_hdmi_top.xsa
TRACE::2024-11-01.12:26:16::SCWPlatform::DSA directory C:/Users/curti/OneDrive/Documents/UIUC/ECE-385/Vivado_Projects/lab7_1/lab7_1_workspace/mb_usb_hdmi_top/hw
TRACE::2024-11-01.12:26:16::SCWPlatform:: Platform Path C:/Users/curti/OneDrive/Documents/UIUC/ECE-385/Vivado_Projects/lab7_1/lab7_1_workspace/mb_usb_hdmi_top/hw/mb_usb_hdmi_top.xsa
TRACE::2024-11-01.12:26:16::SCWPlatform:: Unique name xilinx:::0.0
TRACE::2024-11-01.12:26:16::SCWPlatform::Trying to set the existing hwdb with name mb_usb_hdmi_top_2
TRACE::2024-11-01.12:26:16::SCWPlatform::Opened existing hwdb mb_usb_hdmi_top_2
TRACE::2024-11-01.12:26:16::SCWPlatform::Found the Hw Db part of the input DSA
TRACE::2024-11-01.12:26:16::SCWMssOS::Checking the sw design at  C:/Users/curti/OneDrive/Documents/UIUC/ECE-385/Vivado_Projects/lab7_1/lab7_1_workspace/mb_usb_hdmi_top/microblaze_0/standalone_microblaze_0/bsp/system.mss
TRACE::2024-11-01.12:26:16::SCWMssOS::DEBUG:  swdes dump  
TRACE::2024-11-01.12:26:16::SCWMssOS::No sw design opened at  C:/Users/curti/OneDrive/Documents/UIUC/ECE-385/Vivado_Projects/lab7_1/lab7_1_workspace/mb_usb_hdmi_top/microblaze_0/standalone_microblaze_0/bsp/system.mss
TRACE::2024-11-01.12:26:16::SCWMssOS::mss exists loading the mss file  C:/Users/curti/OneDrive/Documents/UIUC/ECE-385/Vivado_Projects/lab7_1/lab7_1_workspace/mb_usb_hdmi_top/microblaze_0/standalone_microblaze_0/bsp/system.mss
TRACE::2024-11-01.12:26:16::SCWMssOS::Opened the sw design from mss  C:/Users/curti/OneDrive/Documents/UIUC/ECE-385/Vivado_Projects/lab7_1/lab7_1_workspace/mb_usb_hdmi_top/microblaze_0/standalone_microblaze_0/bsp/system.mss
TRACE::2024-11-01.12:26:16::SCWMssOS::Adding the swdes entry C:/Users/curti/OneDrive/Documents/UIUC/ECE-385/Vivado_Projects/lab7_1/lab7_1_workspace/mb_usb_hdmi_top/microblaze_0/standalone_microblaze_0/bsp/system.mss with des name system
TRACE::2024-11-01.12:26:16::SCWMssOS::updating the scw layer about changes
TRACE::2024-11-01.12:26:16::SCWMssOS::Opened the sw design.  C:/Users/curti/OneDrive/Documents/UIUC/ECE-385/Vivado_Projects/lab7_1/lab7_1_workspace/mb_usb_hdmi_top/microblaze_0/standalone_microblaze_0/bsp/system.mss
TRACE::2024-11-01.12:26:16::SCWMssOS::Saving the mss changes C:/Users/curti/OneDrive/Documents/UIUC/ECE-385/Vivado_Projects/lab7_1/lab7_1_workspace/mb_usb_hdmi_top/microblaze_0/standalone_microblaze_0/bsp/system.mss
TRACE::2024-11-01.12:26:16::SCWMssOS::Found a swdesign opened with the mssfile.
TRACE::2024-11-01.12:26:16::SCWMssOS::Completed writemss as part of save.
TRACE::2024-11-01.12:26:16::SCWMssOS::Commit changes completed.
TRACE::2024-11-01.12:26:16::SCWReader::Adding prebuilt librarypaths as   
TRACE::2024-11-01.12:26:16::SCWReader::Adding prebuilt incpaths  as   
TRACE::2024-11-01.12:26:16::SCWPlatform::Trying to open the hw design at C:/Users/curti/OneDrive/Documents/UIUC/ECE-385/Vivado_Projects/lab7_1/lab7_1_workspace/mb_usb_hdmi_top/hw/mb_usb_hdmi_top.xsa
TRACE::2024-11-01.12:26:16::SCWPlatform::DSA given C:/Users/curti/OneDrive/Documents/UIUC/ECE-385/Vivado_Projects/lab7_1/lab7_1_workspace/mb_usb_hdmi_top/hw/mb_usb_hdmi_top.xsa
TRACE::2024-11-01.12:26:16::SCWPlatform::DSA absoulate path C:/Users/curti/OneDrive/Documents/UIUC/ECE-385/Vivado_Projects/lab7_1/lab7_1_workspace/mb_usb_hdmi_top/hw/mb_usb_hdmi_top.xsa
TRACE::2024-11-01.12:26:16::SCWPlatform::DSA directory C:/Users/curti/OneDrive/Documents/UIUC/ECE-385/Vivado_Projects/lab7_1/lab7_1_workspace/mb_usb_hdmi_top/hw
TRACE::2024-11-01.12:26:16::SCWPlatform:: Platform Path C:/Users/curti/OneDrive/Documents/UIUC/ECE-385/Vivado_Projects/lab7_1/lab7_1_workspace/mb_usb_hdmi_top/hw/mb_usb_hdmi_top.xsa
TRACE::2024-11-01.12:26:16::SCWPlatform:: Unique name xilinx:::0.0
TRACE::2024-11-01.12:26:16::SCWPlatform::Trying to set the existing hwdb with name mb_usb_hdmi_top_2
TRACE::2024-11-01.12:26:16::SCWPlatform::Opened existing hwdb mb_usb_hdmi_top_2
TRACE::2024-11-01.12:26:16::SCWPlatform::Found the Hw Db part of the input DSA
TRACE::2024-11-01.12:26:16::SCWMssOS::Checking the sw design at  C:/Users/curti/OneDrive/Documents/UIUC/ECE-385/Vivado_Projects/lab7_1/lab7_1_workspace/mb_usb_hdmi_top/microblaze_0/standalone_microblaze_0/bsp/system.mss
TRACE::2024-11-01.12:26:16::SCWMssOS::DEBUG:  swdes dump  C:/Users/curti/OneDrive/Documents/UIUC/ECE-385/Vivado_Projects/lab7_1/lab7_1_workspace/mb_usb_hdmi_top/microblaze_0/standalone_microblaze_0/bsp/system.mss|system||

TRACE::2024-11-01.12:26:16::SCWMssOS::Sw design exists and opened at  C:/Users/curti/OneDrive/Documents/UIUC/ECE-385/Vivado_Projects/lab7_1/lab7_1_workspace/mb_usb_hdmi_top/microblaze_0/standalone_microblaze_0/bsp/system.mss
TRACE::2024-11-01.12:26:16::SCWReader::No isolation master present  
TRACE::2024-11-01.12:26:20::SCWPlatform::DSA given C:/Users/curti/OneDrive/Documents/UIUC/ECE-385/Vivado_Projects/lab7_1/lab7_1_workspace/mb_usb_hdmi_top/tempdsa/mb_usb_hdmi_top.xsa
TRACE::2024-11-01.12:26:20::SCWPlatform::DSA absoulate path C:/Users/curti/OneDrive/Documents/UIUC/ECE-385/Vivado_Projects/lab7_1/lab7_1_workspace/mb_usb_hdmi_top/tempdsa/mb_usb_hdmi_top.xsa
TRACE::2024-11-01.12:26:20::SCWPlatform:: Platform location is C:/Users/curti/OneDrive/Documents/UIUC/ECE-385/Vivado_Projects/lab7_1/lab7_1_workspace/mb_usb_hdmi_top/tempdsa
TRACE::2024-11-01.12:26:20::SCWPlatform:: Platform Path C:/Users/curti/OneDrive/Documents/UIUC/ECE-385/Vivado_Projects/lab7_1/lab7_1_workspace/mb_usb_hdmi_top/tempdsa/mb_usb_hdmi_top.xsa
TRACE::2024-11-01.12:26:20::SCWPlatform:: Unique name xilinx:::0.0
TRACE::2024-11-01.12:26:20::SCWPlatform::Found the Hw Db part of the input DSA
TRACE::2024-11-01.12:26:20::SCWMssOS::Doing hw sync for the mss in domain: standalone_microblaze_0
TRACE::2024-11-01.12:26:20::SCWPlatform::Trying to open the hw design at C:/Users/curti/OneDrive/Documents/UIUC/ECE-385/Vivado_Projects/lab7_1/lab7_1_workspace/mb_usb_hdmi_top/hw/mb_usb_hdmi_top.xsa
TRACE::2024-11-01.12:26:20::SCWPlatform::DSA given C:/Users/curti/OneDrive/Documents/UIUC/ECE-385/Vivado_Projects/lab7_1/lab7_1_workspace/mb_usb_hdmi_top/hw/mb_usb_hdmi_top.xsa
TRACE::2024-11-01.12:26:20::SCWPlatform::DSA absoulate path C:/Users/curti/OneDrive/Documents/UIUC/ECE-385/Vivado_Projects/lab7_1/lab7_1_workspace/mb_usb_hdmi_top/hw/mb_usb_hdmi_top.xsa
TRACE::2024-11-01.12:26:20::SCWPlatform::DSA directory C:/Users/curti/OneDrive/Documents/UIUC/ECE-385/Vivado_Projects/lab7_1/lab7_1_workspace/mb_usb_hdmi_top/hw
TRACE::2024-11-01.12:26:20::SCWPlatform:: Platform Path C:/Users/curti/OneDrive/Documents/UIUC/ECE-385/Vivado_Projects/lab7_1/lab7_1_workspace/mb_usb_hdmi_top/hw/mb_usb_hdmi_top.xsa
TRACE::2024-11-01.12:26:20::SCWPlatform:: Unique name xilinx:::0.0
TRACE::2024-11-01.12:26:20::SCWPlatform::Trying to set the existing hwdb with name mb_usb_hdmi_top_2
TRACE::2024-11-01.12:26:20::SCWPlatform::Opened existing hwdb mb_usb_hdmi_top_2
TRACE::2024-11-01.12:26:20::SCWPlatform::Found the Hw Db part of the input DSA
TRACE::2024-11-01.12:26:20::SCWPlatform::Trying to open the hw design at C:/Users/curti/OneDrive/Documents/UIUC/ECE-385/Vivado_Projects/lab7_1/lab7_1_workspace/mb_usb_hdmi_top/hw/mb_usb_hdmi_top.xsa
TRACE::2024-11-01.12:26:20::SCWPlatform::DSA given C:/Users/curti/OneDrive/Documents/UIUC/ECE-385/Vivado_Projects/lab7_1/lab7_1_workspace/mb_usb_hdmi_top/hw/mb_usb_hdmi_top.xsa
TRACE::2024-11-01.12:26:20::SCWPlatform::DSA absoulate path C:/Users/curti/OneDrive/Documents/UIUC/ECE-385/Vivado_Projects/lab7_1/lab7_1_workspace/mb_usb_hdmi_top/hw/mb_usb_hdmi_top.xsa
TRACE::2024-11-01.12:26:20::SCWPlatform::DSA directory C:/Users/curti/OneDrive/Documents/UIUC/ECE-385/Vivado_Projects/lab7_1/lab7_1_workspace/mb_usb_hdmi_top/hw
TRACE::2024-11-01.12:26:20::SCWPlatform:: Platform Path C:/Users/curti/OneDrive/Documents/UIUC/ECE-385/Vivado_Projects/lab7_1/lab7_1_workspace/mb_usb_hdmi_top/hw/mb_usb_hdmi_top.xsa
TRACE::2024-11-01.12:26:20::SCWPlatform:: Unique name xilinx:::0.0
TRACE::2024-11-01.12:26:20::SCWPlatform::Trying to set the existing hwdb with name mb_usb_hdmi_top_2
TRACE::2024-11-01.12:26:20::SCWPlatform::Opened existing hwdb mb_usb_hdmi_top_2
TRACE::2024-11-01.12:26:20::SCWPlatform::Found the Hw Db part of the input DSA
TRACE::2024-11-01.12:26:20::SCWMssOS::Checking the sw design at  C:/Users/curti/OneDrive/Documents/UIUC/ECE-385/Vivado_Projects/lab7_1/lab7_1_workspace/mb_usb_hdmi_top/microblaze_0/standalone_microblaze_0/bsp/system.mss
TRACE::2024-11-01.12:26:20::SCWMssOS::DEBUG:  swdes dump  C:/Users/curti/OneDrive/Documents/UIUC/ECE-385/Vivado_Projects/lab7_1/lab7_1_workspace/mb_usb_hdmi_top/microblaze_0/standalone_microblaze_0/bsp/system.mss|system||

TRACE::2024-11-01.12:26:20::SCWMssOS::Sw design exists and opened at  C:/Users/curti/OneDrive/Documents/UIUC/ECE-385/Vivado_Projects/lab7_1/lab7_1_workspace/mb_usb_hdmi_top/microblaze_0/standalone_microblaze_0/bsp/system.mss
TRACE::2024-11-01.12:26:20::SCWPlatform::Trying to open the hw design at C:/Users/curti/OneDrive/Documents/UIUC/ECE-385/Vivado_Projects/lab7_1/lab7_1_workspace/mb_usb_hdmi_top/tempdsa/mb_usb_hdmi_top.xsa
TRACE::2024-11-01.12:26:20::SCWPlatform::DSA given C:/Users/curti/OneDrive/Documents/UIUC/ECE-385/Vivado_Projects/lab7_1/lab7_1_workspace/mb_usb_hdmi_top/tempdsa/mb_usb_hdmi_top.xsa
TRACE::2024-11-01.12:26:20::SCWPlatform::DSA absoulate path C:/Users/curti/OneDrive/Documents/UIUC/ECE-385/Vivado_Projects/lab7_1/lab7_1_workspace/mb_usb_hdmi_top/tempdsa/mb_usb_hdmi_top.xsa
TRACE::2024-11-01.12:26:20::SCWPlatform::DSA directory C:/Users/curti/OneDrive/Documents/UIUC/ECE-385/Vivado_Projects/lab7_1/lab7_1_workspace/mb_usb_hdmi_top/tempdsa
TRACE::2024-11-01.12:26:20::SCWPlatform:: Platform Path C:/Users/curti/OneDrive/Documents/UIUC/ECE-385/Vivado_Projects/lab7_1/lab7_1_workspace/mb_usb_hdmi_top/tempdsa/mb_usb_hdmi_top.xsa
TRACE::2024-11-01.12:26:20::SCWPlatform:: Unique name xilinx:::0.0
TRACE::2024-11-01.12:26:20::SCWPlatform::update - Opened existing hwdb mb_usb_hdmi_top_3
TRACE::2024-11-01.12:26:20::SCWPlatform::Found the Hw Db part of the input DSA
TRACE::2024-11-01.12:26:20::SCWMssOS::Saving the mss changes C:/Users/curti/OneDrive/Documents/UIUC/ECE-385/Vivado_Projects/lab7_1/lab7_1_workspace/mb_usb_hdmi_top/microblaze_0/standalone_microblaze_0/bsp/system.mss
TRACE::2024-11-01.12:26:20::SCWMssOS::Found a swdesign opened with the mssfile.
TRACE::2024-11-01.12:26:20::SCWMssOS::Completed writemss as part of save.
TRACE::2024-11-01.12:26:20::SCWMssOS::Commit changes completed.
TRACE::2024-11-01.12:26:20::SCWMssOS::Completed hw sync for the mss in domain: standalone_microblaze_0
TRACE::2024-11-01.12:26:20::SCWMssOS::Removing the swdes entry for  C:/Users/curti/OneDrive/Documents/UIUC/ECE-385/Vivado_Projects/lab7_1/lab7_1_workspace/mb_usb_hdmi_top/microblaze_0/standalone_microblaze_0/bsp/system.mss
TRACE::2024-11-01.12:26:20::SCWPlatform::Trying to open the hw design at C:/Users/curti/OneDrive/Documents/UIUC/ECE-385/Vivado_Projects/lab7_1/lab7_1_workspace/mb_usb_hdmi_top/hw/mb_usb_hdmi_top.xsa
TRACE::2024-11-01.12:26:20::SCWPlatform::DSA given C:/Users/curti/OneDrive/Documents/UIUC/ECE-385/Vivado_Projects/lab7_1/lab7_1_workspace/mb_usb_hdmi_top/hw/mb_usb_hdmi_top.xsa
TRACE::2024-11-01.12:26:20::SCWPlatform::DSA absoulate path C:/Users/curti/OneDrive/Documents/UIUC/ECE-385/Vivado_Projects/lab7_1/lab7_1_workspace/mb_usb_hdmi_top/hw/mb_usb_hdmi_top.xsa
TRACE::2024-11-01.12:26:20::SCWPlatform::DSA directory C:/Users/curti/OneDrive/Documents/UIUC/ECE-385/Vivado_Projects/lab7_1/lab7_1_workspace/mb_usb_hdmi_top/hw
TRACE::2024-11-01.12:26:20::SCWPlatform:: Platform Path C:/Users/curti/OneDrive/Documents/UIUC/ECE-385/Vivado_Projects/lab7_1/lab7_1_workspace/mb_usb_hdmi_top/hw/mb_usb_hdmi_top.xsa
TRACE::2024-11-01.12:26:20::SCWPlatform:: Unique name xilinx:::0.0
TRACE::2024-11-01.12:26:20::SCWPlatform::Do not have an existing db opened. 
TRACE::2024-11-01.12:26:20::SCWPlatform::Opened new HwDB with name mb_usb_hdmi_top_4
TRACE::2024-11-01.12:26:20::SCWMssOS::Saving the mss changes C:/Users/curti/OneDrive/Documents/UIUC/ECE-385/Vivado_Projects/lab7_1/lab7_1_workspace/mb_usb_hdmi_top/microblaze_0/standalone_microblaze_0/bsp/system.mss
TRACE::2024-11-01.12:26:20::SCWMssOS::Adding the swdes entry, mss present, able to open swdb C:/Users/curti/OneDrive/Documents/UIUC/ECE-385/Vivado_Projects/lab7_1/lab7_1_workspace/mb_usb_hdmi_top/microblaze_0/standalone_microblaze_0/bsp/system.mss with des name system
TRACE::2024-11-01.12:26:20::SCWMssOS::Writing the mss file completed C:/Users/curti/OneDrive/Documents/UIUC/ECE-385/Vivado_Projects/lab7_1/lab7_1_workspace/mb_usb_hdmi_top/microblaze_0/standalone_microblaze_0/bsp/system.mss
TRACE::2024-11-01.12:26:20::SCWMssOS::Commit changes completed.
TRACE::2024-11-01.12:26:20::SCWPlatform::Trying to open the hw design at C:/Users/curti/OneDrive/Documents/UIUC/ECE-385/Vivado_Projects/lab7_1/lab7_1_workspace/mb_usb_hdmi_top/hw/mb_usb_hdmi_top.xsa
TRACE::2024-11-01.12:26:20::SCWPlatform::DSA given C:/Users/curti/OneDrive/Documents/UIUC/ECE-385/Vivado_Projects/lab7_1/lab7_1_workspace/mb_usb_hdmi_top/hw/mb_usb_hdmi_top.xsa
TRACE::2024-11-01.12:26:20::SCWPlatform::DSA absoulate path C:/Users/curti/OneDrive/Documents/UIUC/ECE-385/Vivado_Projects/lab7_1/lab7_1_workspace/mb_usb_hdmi_top/hw/mb_usb_hdmi_top.xsa
TRACE::2024-11-01.12:26:20::SCWPlatform::DSA directory C:/Users/curti/OneDrive/Documents/UIUC/ECE-385/Vivado_Projects/lab7_1/lab7_1_workspace/mb_usb_hdmi_top/hw
TRACE::2024-11-01.12:26:20::SCWPlatform:: Platform Path C:/Users/curti/OneDrive/Documents/UIUC/ECE-385/Vivado_Projects/lab7_1/lab7_1_workspace/mb_usb_hdmi_top/hw/mb_usb_hdmi_top.xsa
TRACE::2024-11-01.12:26:20::SCWPlatform:: Unique name xilinx:::0.0
TRACE::2024-11-01.12:26:20::SCWPlatform::Trying to set the existing hwdb with name mb_usb_hdmi_top_4
TRACE::2024-11-01.12:26:20::SCWPlatform::Opened existing hwdb mb_usb_hdmi_top_4
TRACE::2024-11-01.12:26:20::SCWPlatform::Found the Hw Db part of the input DSA
TRACE::2024-11-01.12:26:20::SCWMssOS::Checking the sw design at  C:/Users/curti/OneDrive/Documents/UIUC/ECE-385/Vivado_Projects/lab7_1/lab7_1_workspace/mb_usb_hdmi_top/microblaze_0/standalone_microblaze_0/bsp/system.mss
TRACE::2024-11-01.12:26:20::SCWMssOS::DEBUG:  swdes dump  C:/Users/curti/OneDrive/Documents/UIUC/ECE-385/Vivado_Projects/lab7_1/lab7_1_workspace/mb_usb_hdmi_top/microblaze_0/standalone_microblaze_0/bsp/system.mss|system||

TRACE::2024-11-01.12:26:20::SCWMssOS::Sw design exists and opened at  C:/Users/curti/OneDrive/Documents/UIUC/ECE-385/Vivado_Projects/lab7_1/lab7_1_workspace/mb_usb_hdmi_top/microblaze_0/standalone_microblaze_0/bsp/system.mss
TRACE::2024-11-01.12:26:20::SCWWriter::formatted JSON is {
	"platformName":	"mb_usb_hdmi_top",
	"sprVersion":	"2.0",
	"mode":	"gui",
	"dsaType":	"Fixed",
	"platformDesc":	"mb_usb_hdmi_top",
	"platHandOff":	"C:/Users/curti/Downloads/lab7_new (2)/lab7_new/lab_7_1/mb_usb_hdmi_top.xsa",
	"platIntHandOff":	"<platformDir>/hw/mb_usb_hdmi_top.xsa",
	"deviceType":	"FPGA",
	"platIsPrebuiltAutogen":	"false",
	"platIsNoBootBsp":	"false",
	"hasFsblMakeHasChanges":	"false",
	"hasPmufwMakeHasChanges":	"false",
	"platPreBuiltFlag":	false,
	"platformSamplesDir":	"",
	"platActiveSys":	"mb_usb_hdmi_top",
	"systems":	[{
			"systemName":	"mb_usb_hdmi_top",
			"systemDesc":	"mb_usb_hdmi_top",
			"sysIsBootAutoGen":	"true",
			"systemDispName":	"mb_usb_hdmi_top",
			"sysActiveDom":	"standalone_microblaze_0",
			"sysDefaultDom":	"standalone_microblaze_0",
			"domains":	[{
					"domainName":	"standalone_microblaze_0",
					"domainDispName":	"standalone_microblaze_0",
					"domainDesc":	"standalone_microblaze_0",
					"processors":	"microblaze_0",
					"os":	"standalone",
					"sdxOs":	"standalone",
					"debugEnable":	"False",
					"domRuntimes":	["cpp"],
					"swRepo":	"",
					"mssOsVer":	"8.0",
					"mssFile":	"",
					"md5Digest":	"5422c1e5be4ae93f4de8c50507402f2a1",
					"compatibleApp":	"",
					"domType":	"mssDomain",
					"arch":	"32-bit",
					"appSettings":	{
						"appCompilerFlags":	"",
						"appLinkerFlags":	""
					},
					"addedLibs":	[],
					"libOptions":	{
						"libsContainingOptions":	[]
					},
					"prebuiltLibs":	{
						"prebuiltIncPath":	[],
						"prebuiltLibPath":	[]
					},
					"isolation":	{
					}
				}]
		}]
}
TRACE::2024-11-01.12:26:28::SCWMssOS::cleaning the bsp 
TRACE::2024-11-01.12:26:28::SCWMssOS::System Command Ran  C: & cd  C:/Users/curti/OneDrive/Documents/UIUC/ECE-385/Vivado_Projects/lab7_1/lab7_1_workspace/mb_usb_hdmi_top/microblaze_0/standalone_microblaze_0/bsp & make clean 
TRACE::2024-11-01.12:26:28::SCWMssOS::make -C microblaze_0/libsrc/bram_v4_8/src -s clean 

TRACE::2024-11-01.12:26:28::SCWMssOS::make -C microblaze_0/libsrc/cpu_v2_16/src -s clean 

TRACE::2024-11-01.12:26:28::SCWMssOS::make -C microblaze_0/libsrc/intc_v3_15/src -s clean 

TRACE::2024-11-01.12:26:28::SCWMssOS::make -C microblaze_0/libsrc/standalone_v8_0/src -s clean 

TRACE::2024-11-01.12:26:28::SCWMssOS::make -C microblaze_0/libsrc/uartlite_v3_7/src -s clean 

TRACE::2024-11-01.12:26:28::SCWMssOS::rm -f microblaze_0/lib/libxil.a

TRACE::2024-11-01.12:26:34::SCWMssOS::cleaning the bsp 
TRACE::2024-11-01.12:26:34::SCWMssOS::System Command Ran  C: & cd  C:/Users/curti/OneDrive/Documents/UIUC/ECE-385/Vivado_Projects/lab7_1/lab7_1_workspace/mb_usb_hdmi_top/microblaze_0/standalone_microblaze_0/bsp & make clean 
TRACE::2024-11-01.12:26:34::SCWMssOS::make -C microblaze_0/libsrc/bram_v4_8/src -s clean 

TRACE::2024-11-01.12:26:34::SCWMssOS::make -C microblaze_0/libsrc/cpu_v2_16/src -s clean 

TRACE::2024-11-01.12:26:34::SCWMssOS::make -C microblaze_0/libsrc/intc_v3_15/src -s clean 

TRACE::2024-11-01.12:26:34::SCWMssOS::make -C microblaze_0/libsrc/standalone_v8_0/src -s clean 

TRACE::2024-11-01.12:26:34::SCWMssOS::make -C microblaze_0/libsrc/uartlite_v3_7/src -s clean 

TRACE::2024-11-01.12:26:35::SCWMssOS::rm -f microblaze_0/lib/libxil.a

LOG::2024-11-01.12:26:39::SCWPlatform::Started generating the artifacts platform mb_usb_hdmi_top
TRACE::2024-11-01.12:26:39::SCWPlatform::Sanity checking of platform is completed
LOG::2024-11-01.12:26:39::SCWPlatform::Started generating the artifacts for system configuration mb_usb_hdmi_top
LOG::2024-11-01.12:26:39::SCWSystem::Checking the domain standalone_microblaze_0
LOG::2024-11-01.12:26:39::SCWSystem::Not a boot domain 
LOG::2024-11-01.12:26:39::SCWSystem::Started Processing the domain standalone_microblaze_0
TRACE::2024-11-01.12:26:39::SCWDomain::Generating domain artifcats
TRACE::2024-11-01.12:26:39::SCWMssOS::Generating standalone artifcats
TRACE::2024-11-01.12:26:39::SCWMssOS:: Copying the user libraries. 
TRACE::2024-11-01.12:26:39::SCWPlatform::Trying to open the hw design at C:/Users/curti/OneDrive/Documents/UIUC/ECE-385/Vivado_Projects/lab7_1/lab7_1_workspace/mb_usb_hdmi_top/hw/mb_usb_hdmi_top.xsa
TRACE::2024-11-01.12:26:39::SCWPlatform::DSA given C:/Users/curti/OneDrive/Documents/UIUC/ECE-385/Vivado_Projects/lab7_1/lab7_1_workspace/mb_usb_hdmi_top/hw/mb_usb_hdmi_top.xsa
TRACE::2024-11-01.12:26:39::SCWPlatform::DSA absoulate path C:/Users/curti/OneDrive/Documents/UIUC/ECE-385/Vivado_Projects/lab7_1/lab7_1_workspace/mb_usb_hdmi_top/hw/mb_usb_hdmi_top.xsa
TRACE::2024-11-01.12:26:39::SCWPlatform::DSA directory C:/Users/curti/OneDrive/Documents/UIUC/ECE-385/Vivado_Projects/lab7_1/lab7_1_workspace/mb_usb_hdmi_top/hw
TRACE::2024-11-01.12:26:39::SCWPlatform:: Platform Path C:/Users/curti/OneDrive/Documents/UIUC/ECE-385/Vivado_Projects/lab7_1/lab7_1_workspace/mb_usb_hdmi_top/hw/mb_usb_hdmi_top.xsa
TRACE::2024-11-01.12:26:39::SCWPlatform:: Unique name xilinx:::0.0
TRACE::2024-11-01.12:26:39::SCWPlatform::Trying to set the existing hwdb with name mb_usb_hdmi_top_4
TRACE::2024-11-01.12:26:39::SCWPlatform::Opened existing hwdb mb_usb_hdmi_top_4
TRACE::2024-11-01.12:26:39::SCWPlatform::Found the Hw Db part of the input DSA
TRACE::2024-11-01.12:26:39::SCWMssOS::Checking the sw design at  C:/Users/curti/OneDrive/Documents/UIUC/ECE-385/Vivado_Projects/lab7_1/lab7_1_workspace/mb_usb_hdmi_top/microblaze_0/standalone_microblaze_0/bsp/system.mss
TRACE::2024-11-01.12:26:39::SCWMssOS::DEBUG:  swdes dump  C:/Users/curti/OneDrive/Documents/UIUC/ECE-385/Vivado_Projects/lab7_1/lab7_1_workspace/mb_usb_hdmi_top/microblaze_0/standalone_microblaze_0/bsp/system.mss|system||

TRACE::2024-11-01.12:26:39::SCWMssOS::Sw design exists and opened at  C:/Users/curti/OneDrive/Documents/UIUC/ECE-385/Vivado_Projects/lab7_1/lab7_1_workspace/mb_usb_hdmi_top/microblaze_0/standalone_microblaze_0/bsp/system.mss
TRACE::2024-11-01.12:26:39::SCWMssOS::Completed writing the mss file at C:/Users/curti/OneDrive/Documents/UIUC/ECE-385/Vivado_Projects/lab7_1/lab7_1_workspace/mb_usb_hdmi_top/microblaze_0/standalone_microblaze_0/bsp
TRACE::2024-11-01.12:26:39::SCWMssOS::Mss edits present, copying mssfile into export location C:/Users/curti/OneDrive/Documents/UIUC/ECE-385/Vivado_Projects/lab7_1/lab7_1_workspace/mb_usb_hdmi_top/microblaze_0/standalone_microblaze_0/bsp/system.mss
TRACE::2024-11-01.12:26:39::SCWMssOS::bsp generated is stale removing and regenerating. 
TRACE::2024-11-01.12:26:40::SCWMssOS::doing bsp build ... 
TRACE::2024-11-01.12:26:40::SCWMssOS::System Command Ran  C: & cd  C:/Users/curti/OneDrive/Documents/UIUC/ECE-385/Vivado_Projects/lab7_1/lab7_1_workspace/mb_usb_hdmi_top/microblaze_0/standalone_microblaze_0/bsp & make 
TRACE::2024-11-01.12:26:40::SCWMssOS::make --no-print-directory seq_libs

TRACE::2024-11-01.12:26:40::SCWMssOS::'Finished building libraries sequentially.'

TRACE::2024-11-01.12:26:40::SCWMssOS::make -j 18 --no-print-directory par_libs

TRACE::2024-11-01.12:26:40::SCWMssOS::"Running Make include in microblaze_0/libsrc/bram_v4_8/src"

TRACE::2024-11-01.12:26:40::SCWMssOS::"Running Make include in microblaze_0/libsrc/cpu_v2_16/src"

TRACE::2024-11-01.12:26:40::SCWMssOS::make -C microblaze_0/libsrc/bram_v4_8/src -s include  "SHELL=CMD" "COMPILER=mb-gcc" "ASSEMBLER=mb-as" "ARCHIVER=mb-ar" "COMPILE
TRACE::2024-11-01.12:26:40::SCWMssOS::R_FLAGS=  -O2 -c -mcpu=v11.0 -mlittle-endian -mno-xl-reorder -mno-xl-soft-mul -mxl-barrel-shift -mxl-pattern-compare" "EXTRA_CO
TRACE::2024-11-01.12:26:40::SCWMssOS::MPILER_FLAGS=-g -ffunction-sections -fdata-sections -Wall -Wextra -fno-tree-loop-distribute-patterns"

TRACE::2024-11-01.12:26:40::SCWMssOS::make -C microblaze_0/libsrc/cpu_v2_16/src -s include  "SHELL=CMD" "COMPILER=mb-gcc" "ASSEMBLER=mb-as" "ARCHIVER=mb-ar" "COMPILE
TRACE::2024-11-01.12:26:40::SCWMssOS::R_FLAGS=  -O2 -c -mcpu=v11.0 -mlittle-endian -mno-xl-reorder -mno-xl-soft-mul -mxl-barrel-shift -mxl-pattern-compare" "EXTRA_CO
TRACE::2024-11-01.12:26:40::SCWMssOS::MPILER_FLAGS=-g -ffunction-sections -fdata-sections -Wall -Wextra -fno-tree-loop-distribute-patterns"

TRACE::2024-11-01.12:26:40::SCWMssOS::"Running Make include in microblaze_0/libsrc/intc_v3_15/src"

TRACE::2024-11-01.12:26:41::SCWMssOS::make -C microblaze_0/libsrc/intc_v3_15/src -s include  "SHELL=CMD" "COMPILER=mb-gcc" "ASSEMBLER=mb-as" "ARCHIVER=mb-ar" "COMPIL
TRACE::2024-11-01.12:26:41::SCWMssOS::ER_FLAGS=  -O2 -c -mcpu=v11.0 -mlittle-endian -mno-xl-reorder -mno-xl-soft-mul -mxl-barrel-shift -mxl-pattern-compare" "EXTRA_C
TRACE::2024-11-01.12:26:41::SCWMssOS::OMPILER_FLAGS=-g -ffunction-sections -fdata-sections -Wall -Wextra -fno-tree-loop-distribute-patterns"

TRACE::2024-11-01.12:26:41::SCWMssOS::"Running Make include in microblaze_0/libsrc/standalone_v8_0/src"

TRACE::2024-11-01.12:26:41::SCWMssOS::make -C microblaze_0/libsrc/standalone_v8_0/src -s include  "SHELL=CMD" "COMPILER=mb-gcc" "ASSEMBLER=mb-as" "ARCHIVER=mb-ar" "C
TRACE::2024-11-01.12:26:41::SCWMssOS::OMPILER_FLAGS=  -O2 -c -mcpu=v11.0 -mlittle-endian -mno-xl-reorder -mno-xl-soft-mul -mxl-barrel-shift -mxl-pattern-compare" "EX
TRACE::2024-11-01.12:26:41::SCWMssOS::TRA_COMPILER_FLAGS=-g -ffunction-sections -fdata-sections -Wall -Wextra -fno-tree-loop-distribute-patterns"

TRACE::2024-11-01.12:26:41::SCWMssOS::"Running Make include in microblaze_0/libsrc/uartlite_v3_7/src"

TRACE::2024-11-01.12:26:41::SCWMssOS::make -C microblaze_0/libsrc/uartlite_v3_7/src -s include  "SHELL=CMD" "COMPILER=mb-gcc" "ASSEMBLER=mb-as" "ARCHIVER=mb-ar" "COM
TRACE::2024-11-01.12:26:41::SCWMssOS::PILER_FLAGS=  -O2 -c -mcpu=v11.0 -mlittle-endian -mno-xl-reorder -mno-xl-soft-mul -mxl-barrel-shift -mxl-pattern-compare" "EXTR
TRACE::2024-11-01.12:26:41::SCWMssOS::A_COMPILER_FLAGS=-g -ffunction-sections -fdata-sections -Wall -Wextra -fno-tree-loop-distribute-patterns"

TRACE::2024-11-01.12:26:41::SCWMssOS::"Running Make libs in microblaze_0/libsrc/bram_v4_8/src"

TRACE::2024-11-01.12:26:41::SCWMssOS::"Running Make libs in microblaze_0/libsrc/cpu_v2_16/src"

TRACE::2024-11-01.12:26:41::SCWMssOS::make -C microblaze_0/libsrc/bram_v4_8/src -s libs  "SHELL=CMD" "COMPILER=mb-gcc" "ASSEMBLER=mb-as" "ARCHIVER=mb-ar" "COMPILER_F
TRACE::2024-11-01.12:26:41::SCWMssOS::LAGS=  -O2 -c -mcpu=v11.0 -mlittle-endian -mno-xl-reorder -mno-xl-soft-mul -mxl-barrel-shift -mxl-pattern-compare" "EXTRA_COMPI
TRACE::2024-11-01.12:26:41::SCWMssOS::LER_FLAGS=-g -ffunction-sections -fdata-sections -Wall -Wextra -fno-tree-loop-distribute-patterns"

TRACE::2024-11-01.12:26:41::SCWMssOS::make -C microblaze_0/libsrc/cpu_v2_16/src -s libs  "SHELL=CMD" "COMPILER=mb-gcc" "ASSEMBLER=mb-as" "ARCHIVER=mb-ar" "COMPILER_F
TRACE::2024-11-01.12:26:41::SCWMssOS::LAGS=  -O2 -c -mcpu=v11.0 -mlittle-endian -mno-xl-reorder -mno-xl-soft-mul -mxl-barrel-shift -mxl-pattern-compare" "EXTRA_COMPI
TRACE::2024-11-01.12:26:41::SCWMssOS::LER_FLAGS=-g -ffunction-sections -fdata-sections -Wall -Wextra -fno-tree-loop-distribute-patterns"

TRACE::2024-11-01.12:26:41::SCWMssOS::"Running Make libs in microblaze_0/libsrc/intc_v3_15/src"

TRACE::2024-11-01.12:26:41::SCWMssOS::make -C microblaze_0/libsrc/intc_v3_15/src -s libs  "SHELL=CMD" "COMPILER=mb-gcc" "ASSEMBLER=mb-as" "ARCHIVER=mb-ar" "COMPILER_
TRACE::2024-11-01.12:26:41::SCWMssOS::FLAGS=  -O2 -c -mcpu=v11.0 -mlittle-endian -mno-xl-reorder -mno-xl-soft-mul -mxl-barrel-shift -mxl-pattern-compare" "EXTRA_COMP
TRACE::2024-11-01.12:26:41::SCWMssOS::ILER_FLAGS=-g -ffunction-sections -fdata-sections -Wall -Wextra -fno-tree-loop-distribute-patterns"

TRACE::2024-11-01.12:26:41::SCWMssOS::"Running Make libs in microblaze_0/libsrc/standalone_v8_0/src"

TRACE::2024-11-01.12:26:41::SCWMssOS::make -C microblaze_0/libsrc/standalone_v8_0/src -s libs  "SHELL=CMD" "COMPILER=mb-gcc" "ASSEMBLER=mb-as" "ARCHIVER=mb-ar" "COMP
TRACE::2024-11-01.12:26:41::SCWMssOS::ILER_FLAGS=  -O2 -c -mcpu=v11.0 -mlittle-endian -mno-xl-reorder -mno-xl-soft-mul -mxl-barrel-shift -mxl-pattern-compare" "EXTRA
TRACE::2024-11-01.12:26:41::SCWMssOS::_COMPILER_FLAGS=-g -ffunction-sections -fdata-sections -Wall -Wextra -fno-tree-loop-distribute-patterns"

TRACE::2024-11-01.12:26:41::SCWMssOS::"Running Make libs in microblaze_0/libsrc/uartlite_v3_7/src"

TRACE::2024-11-01.12:26:41::SCWMssOS::make -C microblaze_0/libsrc/uartlite_v3_7/src -s libs  "SHELL=CMD" "COMPILER=mb-gcc" "ASSEMBLER=mb-as" "ARCHIVER=mb-ar" "COMPIL
TRACE::2024-11-01.12:26:41::SCWMssOS::ER_FLAGS=  -O2 -c -mcpu=v11.0 -mlittle-endian -mno-xl-reorder -mno-xl-soft-mul -mxl-barrel-shift -mxl-pattern-compare" "EXTRA_C
TRACE::2024-11-01.12:26:41::SCWMssOS::OMPILER_FLAGS=-g -ffunction-sections -fdata-sections -Wall -Wextra -fno-tree-loop-distribute-patterns"

TRACE::2024-11-01.12:26:42::SCWMssOS::"DEBUG NON_LTO_OBJECTS is ../../../lib/microblaze_interrupt_handler.o"

TRACE::2024-11-01.12:26:42::SCWMssOS::'Finished building libraries parallelly.'

TRACE::2024-11-01.12:26:42::SCWMssOS::make --no-print-directory archive

TRACE::2024-11-01.12:26:42::SCWMssOS::mb-ar -r  microblaze_0/lib/libxil.a microblaze_0/lib/_exit.o microblaze_0/lib/errno.o microblaze_0/lib/fcntl.o microblaze_0/lib
TRACE::2024-11-01.12:26:42::SCWMssOS::/hw_exception_handler.o microblaze_0/lib/inbyte.o microblaze_0/lib/microblaze_disable_dcache.o microblaze_0/lib/microblaze_disa
TRACE::2024-11-01.12:26:42::SCWMssOS::ble_exceptions.o microblaze_0/lib/microblaze_disable_icache.o microblaze_0/lib/microblaze_disable_interrupts.o microblaze_0/lib
TRACE::2024-11-01.12:26:42::SCWMssOS::/microblaze_enable_dcache.o microblaze_0/lib/microblaze_enable_exceptions.o microblaze_0/lib/microblaze_enable_icache.o microbl
TRACE::2024-11-01.12:26:42::SCWMssOS::aze_0/lib/microblaze_enable_interrupts.o microblaze_0/lib/microblaze_exception_handler.o microblaze_0/lib/microblaze_flush_cach
TRACE::2024-11-01.12:26:42::SCWMssOS::e_ext.o microblaze_0/lib/microblaze_flush_cache_ext_range.o microblaze_0/lib/microblaze_flush_dcache.o microblaze_0/lib/microbl
TRACE::2024-11-01.12:26:42::SCWMssOS::aze_flush_dcache_range.o microblaze_0/lib/microblaze_init_dcache_range.o microblaze_0/lib/microblaze_init_icache_range.o microb
TRACE::2024-11-01.12:26:42::SCWMssOS::laze_0/lib/microblaze_interrupt_handler.o microblaze_0/lib/microblaze_interrupts_g.o microblaze_0/lib/microblaze_invalidate_cac
TRACE::2024-11-01.12:26:42::SCWMssOS::he_ext.o microblaze_0/lib/microblaze_invalidate_cache_ext_range.o microblaze_0/lib/microblaze_invalidate_dcache.o microblaze_0/
TRACE::2024-11-01.12:26:42::SCWMssOS::lib/microblaze_invalidate_dcache_range.o microblaze_0/lib/microblaze_invalidate_icache.o microblaze_0/lib/microblaze_invalidate
TRACE::2024-11-01.12:26:42::SCWMssOS::_icache_range.o microblaze_0/lib/microblaze_scrub.o microblaze_0/lib/microblaze_selftest.o microblaze_0/lib/microblaze_sleep.o 
TRACE::2024-11-01.12:26:42::SCWMssOS::microblaze_0/lib/microblaze_update_dcache.o microblaze_0/lib/microblaze_update_icache.o microblaze_0/lib/outbyte.o microblaze_0
TRACE::2024-11-01.12:26:42::SCWMssOS::/lib/print.o microblaze_0/lib/pvr.o microblaze_0/lib/xbram.o microblaze_0/lib/xbram_g.o microblaze_0/lib/xbram_intr.o microblaz
TRACE::2024-11-01.12:26:42::SCWMssOS::e_0/lib/xbram_selftest.o microblaze_0/lib/xbram_sinit.o microblaze_0/lib/xil_assert.o microblaze_0/lib/xil_cache.o microblaze_0
TRACE::2024-11-01.12:26:42::SCWMssOS::/lib/xil_clocking.o microblaze_0/lib/xil_exception.o microblaze_0/lib/xil_mem.o microblaze_0/lib/xil_misc_psreset_api.o microbl
TRACE::2024-11-01.12:26:42::SCWMssOS::aze_0/lib/xil_printf.o microblaze_0/lib/xil_sleepcommon.o microblaze_0/lib/xil_testcache.o microblaze_0/lib/xil_testio.o microb
TRACE::2024-11-01.12:26:42::SCWMssOS::laze_0/lib/xil_testmem.o microblaze_0/lib/xil_util.o microblaze_0/lib/xintc.o microblaze_0/lib/xintc_g.o microblaze_0/lib/xintc
TRACE::2024-11-01.12:26:42::SCWMssOS::_intr.o microblaze_0/lib/xintc_l.o microblaze_0/lib/xintc_options.o microblaze_0/lib/xintc_selftest.o microblaze_0/lib/xinterru
TRACE::2024-11-01.12:26:42::SCWMssOS::pt_wrap.o microblaze_0/lib/xio.o microblaze_0/lib/xplatform_info.o microblaze_0/lib/xuartlite.o microblaze_0/lib/xuartlite_g.o 
TRACE::2024-11-01.12:26:42::SCWMssOS::microblaze_0/lib/xuartlite_intr.o microblaze_0/lib/xuartlite_l.o microblaze_0/lib/xuartlite_selftest.o microblaze_0/lib/xuartli
TRACE::2024-11-01.12:26:42::SCWMssOS::te_sinit.o microblaze_0/lib/xuartlite_stats.o

TRACE::2024-11-01.12:26:42::SCWMssOS::'Finished building libraries'

TRACE::2024-11-01.12:26:42::SCWMssOS:: Checking if to create the Supporting Applications
TRACE::2024-11-01.12:26:42::SCWMssOS:: No Linux domain exists, trying to generate FSBL 
LOG::2024-11-01.12:26:42::SCWSystem::Completed Processing the domain standalone_microblaze_0
LOG::2024-11-01.12:26:42::SCWSystem::Completed Processing the sysconfig mb_usb_hdmi_top
LOG::2024-11-01.12:26:42::SCWPlatform::Completed generating the artifacts for system configuration mb_usb_hdmi_top
TRACE::2024-11-01.12:26:42::SCWPlatform::Started preparing the platform 
TRACE::2024-11-01.12:26:42::SCWSystem::Writing the bif file for system config mb_usb_hdmi_top
TRACE::2024-11-01.12:26:42::SCWSystem::dir created 
TRACE::2024-11-01.12:26:42::SCWSystem::Writing the bif 
TRACE::2024-11-01.12:26:42::SCWPlatform::Started writing the spfm file 
TRACE::2024-11-01.12:26:42::SCWPlatform::Started writing the xpfm file 
TRACE::2024-11-01.12:26:42::SCWPlatform::Completed generating the platform
TRACE::2024-11-01.12:26:42::SCWMssOS::Saving the mss changes C:/Users/curti/OneDrive/Documents/UIUC/ECE-385/Vivado_Projects/lab7_1/lab7_1_workspace/mb_usb_hdmi_top/microblaze_0/standalone_microblaze_0/bsp/system.mss
TRACE::2024-11-01.12:26:42::SCWMssOS::Adding the swdes entry, mss present, able to open swdb C:/Users/curti/OneDrive/Documents/UIUC/ECE-385/Vivado_Projects/lab7_1/lab7_1_workspace/mb_usb_hdmi_top/microblaze_0/standalone_microblaze_0/bsp/system.mss with des name system
TRACE::2024-11-01.12:26:42::SCWMssOS::Writing the mss file completed C:/Users/curti/OneDrive/Documents/UIUC/ECE-385/Vivado_Projects/lab7_1/lab7_1_workspace/mb_usb_hdmi_top/microblaze_0/standalone_microblaze_0/bsp/system.mss
TRACE::2024-11-01.12:26:42::SCWMssOS::Commit changes completed.
TRACE::2024-11-01.12:26:42::SCWPlatform::Trying to open the hw design at C:/Users/curti/OneDrive/Documents/UIUC/ECE-385/Vivado_Projects/lab7_1/lab7_1_workspace/mb_usb_hdmi_top/hw/mb_usb_hdmi_top.xsa
TRACE::2024-11-01.12:26:42::SCWPlatform::DSA given C:/Users/curti/OneDrive/Documents/UIUC/ECE-385/Vivado_Projects/lab7_1/lab7_1_workspace/mb_usb_hdmi_top/hw/mb_usb_hdmi_top.xsa
TRACE::2024-11-01.12:26:42::SCWPlatform::DSA absoulate path C:/Users/curti/OneDrive/Documents/UIUC/ECE-385/Vivado_Projects/lab7_1/lab7_1_workspace/mb_usb_hdmi_top/hw/mb_usb_hdmi_top.xsa
TRACE::2024-11-01.12:26:42::SCWPlatform::DSA directory C:/Users/curti/OneDrive/Documents/UIUC/ECE-385/Vivado_Projects/lab7_1/lab7_1_workspace/mb_usb_hdmi_top/hw
TRACE::2024-11-01.12:26:42::SCWPlatform:: Platform Path C:/Users/curti/OneDrive/Documents/UIUC/ECE-385/Vivado_Projects/lab7_1/lab7_1_workspace/mb_usb_hdmi_top/hw/mb_usb_hdmi_top.xsa
TRACE::2024-11-01.12:26:42::SCWPlatform:: Unique name xilinx:::0.0
TRACE::2024-11-01.12:26:42::SCWPlatform::Trying to set the existing hwdb with name mb_usb_hdmi_top_4
TRACE::2024-11-01.12:26:42::SCWPlatform::Opened existing hwdb mb_usb_hdmi_top_4
TRACE::2024-11-01.12:26:42::SCWPlatform::Found the Hw Db part of the input DSA
TRACE::2024-11-01.12:26:42::SCWMssOS::Checking the sw design at  C:/Users/curti/OneDrive/Documents/UIUC/ECE-385/Vivado_Projects/lab7_1/lab7_1_workspace/mb_usb_hdmi_top/microblaze_0/standalone_microblaze_0/bsp/system.mss
TRACE::2024-11-01.12:26:42::SCWMssOS::DEBUG:  swdes dump  C:/Users/curti/OneDrive/Documents/UIUC/ECE-385/Vivado_Projects/lab7_1/lab7_1_workspace/mb_usb_hdmi_top/microblaze_0/standalone_microblaze_0/bsp/system.mss|system||

TRACE::2024-11-01.12:26:42::SCWMssOS::Sw design exists and opened at  C:/Users/curti/OneDrive/Documents/UIUC/ECE-385/Vivado_Projects/lab7_1/lab7_1_workspace/mb_usb_hdmi_top/microblaze_0/standalone_microblaze_0/bsp/system.mss
TRACE::2024-11-01.12:26:42::SCWWriter::formatted JSON is {
	"platformName":	"mb_usb_hdmi_top",
	"sprVersion":	"2.0",
	"mode":	"gui",
	"dsaType":	"Fixed",
	"platformDesc":	"mb_usb_hdmi_top",
	"platHandOff":	"C:/Users/curti/Downloads/lab7_new (2)/lab7_new/lab_7_1/mb_usb_hdmi_top.xsa",
	"platIntHandOff":	"<platformDir>/hw/mb_usb_hdmi_top.xsa",
	"deviceType":	"FPGA",
	"platIsPrebuiltAutogen":	"false",
	"platIsNoBootBsp":	"false",
	"hasFsblMakeHasChanges":	"false",
	"hasPmufwMakeHasChanges":	"false",
	"platPreBuiltFlag":	false,
	"platformSamplesDir":	"",
	"platActiveSys":	"mb_usb_hdmi_top",
	"systems":	[{
			"systemName":	"mb_usb_hdmi_top",
			"systemDesc":	"mb_usb_hdmi_top",
			"sysIsBootAutoGen":	"true",
			"systemDispName":	"mb_usb_hdmi_top",
			"sysActiveDom":	"standalone_microblaze_0",
			"sysDefaultDom":	"standalone_microblaze_0",
			"domains":	[{
					"domainName":	"standalone_microblaze_0",
					"domainDispName":	"standalone_microblaze_0",
					"domainDesc":	"standalone_microblaze_0",
					"processors":	"microblaze_0",
					"os":	"standalone",
					"sdxOs":	"standalone",
					"debugEnable":	"False",
					"domRuntimes":	["cpp"],
					"swRepo":	"",
					"mssOsVer":	"8.0",
					"mssFile":	"",
					"md5Digest":	"5422c1e5be4ae93f4de8c50507402f2a",
					"compatibleApp":	"",
					"domType":	"mssDomain",
					"arch":	"32-bit",
					"appSettings":	{
						"appCompilerFlags":	"",
						"appLinkerFlags":	""
					},
					"addedLibs":	[],
					"libOptions":	{
						"libsContainingOptions":	[]
					},
					"prebuiltLibs":	{
						"prebuiltIncPath":	[],
						"prebuiltLibPath":	[]
					},
					"isolation":	{
					}
				}]
		}]
}
KEYINFO::2024-11-01.12:26:42::SCWPlatform::updated the xpfm file.
TRACE::2024-11-01.12:26:42::SCWPlatform::Trying to open the hw design at C:/Users/curti/OneDrive/Documents/UIUC/ECE-385/Vivado_Projects/lab7_1/lab7_1_workspace/mb_usb_hdmi_top/hw/mb_usb_hdmi_top.xsa
TRACE::2024-11-01.12:26:42::SCWPlatform::DSA given C:/Users/curti/OneDrive/Documents/UIUC/ECE-385/Vivado_Projects/lab7_1/lab7_1_workspace/mb_usb_hdmi_top/hw/mb_usb_hdmi_top.xsa
TRACE::2024-11-01.12:26:42::SCWPlatform::DSA absoulate path C:/Users/curti/OneDrive/Documents/UIUC/ECE-385/Vivado_Projects/lab7_1/lab7_1_workspace/mb_usb_hdmi_top/hw/mb_usb_hdmi_top.xsa
TRACE::2024-11-01.12:26:42::SCWPlatform::DSA directory C:/Users/curti/OneDrive/Documents/UIUC/ECE-385/Vivado_Projects/lab7_1/lab7_1_workspace/mb_usb_hdmi_top/hw
TRACE::2024-11-01.12:26:42::SCWPlatform:: Platform Path C:/Users/curti/OneDrive/Documents/UIUC/ECE-385/Vivado_Projects/lab7_1/lab7_1_workspace/mb_usb_hdmi_top/hw/mb_usb_hdmi_top.xsa
TRACE::2024-11-01.12:26:42::SCWPlatform:: Unique name xilinx:::0.0
TRACE::2024-11-01.12:26:42::SCWPlatform::Trying to set the existing hwdb with name mb_usb_hdmi_top_4
TRACE::2024-11-01.12:26:42::SCWPlatform::Opened existing hwdb mb_usb_hdmi_top_4
TRACE::2024-11-01.12:26:42::SCWPlatform::Found the Hw Db part of the input DSA
TRACE::2024-11-01.12:26:42::SCWMssOS::Checking the sw design at  C:/Users/curti/OneDrive/Documents/UIUC/ECE-385/Vivado_Projects/lab7_1/lab7_1_workspace/mb_usb_hdmi_top/microblaze_0/standalone_microblaze_0/bsp/system.mss
TRACE::2024-11-01.12:26:42::SCWMssOS::DEBUG:  swdes dump  C:/Users/curti/OneDrive/Documents/UIUC/ECE-385/Vivado_Projects/lab7_1/lab7_1_workspace/mb_usb_hdmi_top/microblaze_0/standalone_microblaze_0/bsp/system.mss|system||

TRACE::2024-11-01.12:26:42::SCWMssOS::Sw design exists and opened at  C:/Users/curti/OneDrive/Documents/UIUC/ECE-385/Vivado_Projects/lab7_1/lab7_1_workspace/mb_usb_hdmi_top/microblaze_0/standalone_microblaze_0/bsp/system.mss
TRACE::2024-11-01.12:52:45::SCWPlatform::Clearing the existing platform
TRACE::2024-11-01.12:52:45::SCWSystem::Clearing the existing sysconfig
TRACE::2024-11-01.12:52:45::SCWMssOS::Removing the swdes entry for  C:/Users/curti/OneDrive/Documents/UIUC/ECE-385/Vivado_Projects/lab7_1/lab7_1_workspace/mb_usb_hdmi_top/microblaze_0/standalone_microblaze_0/bsp/system.mss
TRACE::2024-11-01.12:52:45::SCWSystem::Clearing the domains completed.
TRACE::2024-11-01.12:52:45::SCWPlatform::Clearing the opened hw db.
TRACE::2024-11-01.12:52:45::SCWPlatform::DSA given C:/Users/curti/OneDrive/Documents/UIUC/ECE-385/Vivado_Projects/lab7_1/lab7_1_workspace/mb_usb_hdmi_top/hw/mb_usb_hdmi_top.xsa
TRACE::2024-11-01.12:52:45::SCWPlatform::DSA absoulate path C:/Users/curti/OneDrive/Documents/UIUC/ECE-385/Vivado_Projects/lab7_1/lab7_1_workspace/mb_usb_hdmi_top/hw/mb_usb_hdmi_top.xsa
TRACE::2024-11-01.12:52:45::SCWPlatform:: Platform location is C:/Users/curti/OneDrive/Documents/UIUC/ECE-385/Vivado_Projects/lab7_1/lab7_1_workspace/mb_usb_hdmi_top/hw
TRACE::2024-11-01.12:52:45::SCWPlatform:: Platform Path C:/Users/curti/OneDrive/Documents/UIUC/ECE-385/Vivado_Projects/lab7_1/lab7_1_workspace/mb_usb_hdmi_top/hw/mb_usb_hdmi_top.xsa
TRACE::2024-11-01.12:52:45::SCWPlatform:: Unique name xilinx:::0.0
TRACE::2024-11-01.12:52:45::SCWPlatform::Removing the HwDB with name C:/Users/curti/OneDrive/Documents/UIUC/ECE-385/Vivado_Projects/lab7_1/lab7_1_workspace/mb_usb_hdmi_top/hw/mb_usb_hdmi_top.xsa
TRACE::2024-11-01.12:52:45::SCWPlatform::Trying to open the hw design at C:/Users/curti/OneDrive/Documents/UIUC/ECE-385/Vivado_Projects/lab7_1/lab7_1_workspace/mb_usb_hdmi_top/hw/mb_usb_hdmi_top.xsa
TRACE::2024-11-01.12:52:45::SCWPlatform::DSA given C:/Users/curti/OneDrive/Documents/UIUC/ECE-385/Vivado_Projects/lab7_1/lab7_1_workspace/mb_usb_hdmi_top/hw/mb_usb_hdmi_top.xsa
TRACE::2024-11-01.12:52:45::SCWPlatform::DSA absoulate path C:/Users/curti/OneDrive/Documents/UIUC/ECE-385/Vivado_Projects/lab7_1/lab7_1_workspace/mb_usb_hdmi_top/hw/mb_usb_hdmi_top.xsa
TRACE::2024-11-01.12:52:45::SCWPlatform::DSA directory C:/Users/curti/OneDrive/Documents/UIUC/ECE-385/Vivado_Projects/lab7_1/lab7_1_workspace/mb_usb_hdmi_top/hw
TRACE::2024-11-01.12:52:45::SCWPlatform:: Platform Path C:/Users/curti/OneDrive/Documents/UIUC/ECE-385/Vivado_Projects/lab7_1/lab7_1_workspace/mb_usb_hdmi_top/hw/mb_usb_hdmi_top.xsa
TRACE::2024-11-01.12:52:45::SCWPlatform:: Unique name xilinx:::0.0
TRACE::2024-11-01.12:52:45::SCWPlatform::Do not have an existing db opened. 
TRACE::2024-11-01.12:52:45::SCWPlatform::Opened new HwDB with name mb_usb_hdmi_top_6
TRACE::2024-11-01.12:52:45::SCWReader::Active system found as  mb_usb_hdmi_top
TRACE::2024-11-01.12:52:45::SCWReader::Handling sysconfig mb_usb_hdmi_top
TRACE::2024-11-01.12:52:45::SCWDomain::checking for install qemu data   : 
TRACE::2024-11-01.12:52:45::SCWPlatform::Trying to open the hw design at C:/Users/curti/OneDrive/Documents/UIUC/ECE-385/Vivado_Projects/lab7_1/lab7_1_workspace/mb_usb_hdmi_top/hw/mb_usb_hdmi_top.xsa
TRACE::2024-11-01.12:52:45::SCWPlatform::DSA given C:/Users/curti/OneDrive/Documents/UIUC/ECE-385/Vivado_Projects/lab7_1/lab7_1_workspace/mb_usb_hdmi_top/hw/mb_usb_hdmi_top.xsa
TRACE::2024-11-01.12:52:45::SCWPlatform::DSA absoulate path C:/Users/curti/OneDrive/Documents/UIUC/ECE-385/Vivado_Projects/lab7_1/lab7_1_workspace/mb_usb_hdmi_top/hw/mb_usb_hdmi_top.xsa
TRACE::2024-11-01.12:52:45::SCWPlatform::DSA directory C:/Users/curti/OneDrive/Documents/UIUC/ECE-385/Vivado_Projects/lab7_1/lab7_1_workspace/mb_usb_hdmi_top/hw
TRACE::2024-11-01.12:52:45::SCWPlatform:: Platform Path C:/Users/curti/OneDrive/Documents/UIUC/ECE-385/Vivado_Projects/lab7_1/lab7_1_workspace/mb_usb_hdmi_top/hw/mb_usb_hdmi_top.xsa
TRACE::2024-11-01.12:52:45::SCWPlatform:: Unique name xilinx:::0.0
TRACE::2024-11-01.12:52:45::SCWPlatform::Trying to set the existing hwdb with name mb_usb_hdmi_top_6
TRACE::2024-11-01.12:52:45::SCWPlatform::Opened existing hwdb mb_usb_hdmi_top_6
TRACE::2024-11-01.12:52:45::SCWPlatform::Found the Hw Db part of the input DSA
TRACE::2024-11-01.12:52:45::SCWPlatform::Trying to open the hw design at C:/Users/curti/OneDrive/Documents/UIUC/ECE-385/Vivado_Projects/lab7_1/lab7_1_workspace/mb_usb_hdmi_top/hw/mb_usb_hdmi_top.xsa
TRACE::2024-11-01.12:52:45::SCWPlatform::DSA given C:/Users/curti/OneDrive/Documents/UIUC/ECE-385/Vivado_Projects/lab7_1/lab7_1_workspace/mb_usb_hdmi_top/hw/mb_usb_hdmi_top.xsa
TRACE::2024-11-01.12:52:45::SCWPlatform::DSA absoulate path C:/Users/curti/OneDrive/Documents/UIUC/ECE-385/Vivado_Projects/lab7_1/lab7_1_workspace/mb_usb_hdmi_top/hw/mb_usb_hdmi_top.xsa
TRACE::2024-11-01.12:52:45::SCWPlatform::DSA directory C:/Users/curti/OneDrive/Documents/UIUC/ECE-385/Vivado_Projects/lab7_1/lab7_1_workspace/mb_usb_hdmi_top/hw
TRACE::2024-11-01.12:52:45::SCWPlatform:: Platform Path C:/Users/curti/OneDrive/Documents/UIUC/ECE-385/Vivado_Projects/lab7_1/lab7_1_workspace/mb_usb_hdmi_top/hw/mb_usb_hdmi_top.xsa
TRACE::2024-11-01.12:52:45::SCWPlatform:: Unique name xilinx:::0.0
TRACE::2024-11-01.12:52:45::SCWPlatform::Trying to set the existing hwdb with name mb_usb_hdmi_top_6
TRACE::2024-11-01.12:52:45::SCWPlatform::Opened existing hwdb mb_usb_hdmi_top_6
TRACE::2024-11-01.12:52:45::SCWPlatform::Found the Hw Db part of the input DSA
TRACE::2024-11-01.12:52:45::SCWPlatform::Trying to open the hw design at C:/Users/curti/OneDrive/Documents/UIUC/ECE-385/Vivado_Projects/lab7_1/lab7_1_workspace/mb_usb_hdmi_top/hw/mb_usb_hdmi_top.xsa
TRACE::2024-11-01.12:52:45::SCWPlatform::DSA given C:/Users/curti/OneDrive/Documents/UIUC/ECE-385/Vivado_Projects/lab7_1/lab7_1_workspace/mb_usb_hdmi_top/hw/mb_usb_hdmi_top.xsa
TRACE::2024-11-01.12:52:45::SCWPlatform::DSA absoulate path C:/Users/curti/OneDrive/Documents/UIUC/ECE-385/Vivado_Projects/lab7_1/lab7_1_workspace/mb_usb_hdmi_top/hw/mb_usb_hdmi_top.xsa
TRACE::2024-11-01.12:52:45::SCWPlatform::DSA directory C:/Users/curti/OneDrive/Documents/UIUC/ECE-385/Vivado_Projects/lab7_1/lab7_1_workspace/mb_usb_hdmi_top/hw
TRACE::2024-11-01.12:52:45::SCWPlatform:: Platform Path C:/Users/curti/OneDrive/Documents/UIUC/ECE-385/Vivado_Projects/lab7_1/lab7_1_workspace/mb_usb_hdmi_top/hw/mb_usb_hdmi_top.xsa
TRACE::2024-11-01.12:52:45::SCWPlatform:: Unique name xilinx:::0.0
TRACE::2024-11-01.12:52:45::SCWPlatform::Trying to set the existing hwdb with name mb_usb_hdmi_top_6
TRACE::2024-11-01.12:52:45::SCWPlatform::Opened existing hwdb mb_usb_hdmi_top_6
TRACE::2024-11-01.12:52:45::SCWPlatform::Found the Hw Db part of the input DSA
TRACE::2024-11-01.12:52:45::SCWPlatform::Trying to open the hw design at C:/Users/curti/OneDrive/Documents/UIUC/ECE-385/Vivado_Projects/lab7_1/lab7_1_workspace/mb_usb_hdmi_top/hw/mb_usb_hdmi_top.xsa
TRACE::2024-11-01.12:52:45::SCWPlatform::DSA given C:/Users/curti/OneDrive/Documents/UIUC/ECE-385/Vivado_Projects/lab7_1/lab7_1_workspace/mb_usb_hdmi_top/hw/mb_usb_hdmi_top.xsa
TRACE::2024-11-01.12:52:45::SCWPlatform::DSA absoulate path C:/Users/curti/OneDrive/Documents/UIUC/ECE-385/Vivado_Projects/lab7_1/lab7_1_workspace/mb_usb_hdmi_top/hw/mb_usb_hdmi_top.xsa
TRACE::2024-11-01.12:52:45::SCWPlatform::DSA directory C:/Users/curti/OneDrive/Documents/UIUC/ECE-385/Vivado_Projects/lab7_1/lab7_1_workspace/mb_usb_hdmi_top/hw
TRACE::2024-11-01.12:52:45::SCWPlatform:: Platform Path C:/Users/curti/OneDrive/Documents/UIUC/ECE-385/Vivado_Projects/lab7_1/lab7_1_workspace/mb_usb_hdmi_top/hw/mb_usb_hdmi_top.xsa
TRACE::2024-11-01.12:52:45::SCWPlatform:: Unique name xilinx:::0.0
TRACE::2024-11-01.12:52:45::SCWPlatform::Trying to set the existing hwdb with name mb_usb_hdmi_top_6
TRACE::2024-11-01.12:52:45::SCWPlatform::Opened existing hwdb mb_usb_hdmi_top_6
TRACE::2024-11-01.12:52:45::SCWPlatform::Found the Hw Db part of the input DSA
TRACE::2024-11-01.12:52:45::SCWMssOS::Checking the sw design at  C:/Users/curti/OneDrive/Documents/UIUC/ECE-385/Vivado_Projects/lab7_1/lab7_1_workspace/mb_usb_hdmi_top/microblaze_0/standalone_microblaze_0/bsp/system.mss
TRACE::2024-11-01.12:52:45::SCWMssOS::DEBUG:  swdes dump  
TRACE::2024-11-01.12:52:45::SCWMssOS::No sw design opened at  C:/Users/curti/OneDrive/Documents/UIUC/ECE-385/Vivado_Projects/lab7_1/lab7_1_workspace/mb_usb_hdmi_top/microblaze_0/standalone_microblaze_0/bsp/system.mss
TRACE::2024-11-01.12:52:45::SCWMssOS::mss exists loading the mss file  C:/Users/curti/OneDrive/Documents/UIUC/ECE-385/Vivado_Projects/lab7_1/lab7_1_workspace/mb_usb_hdmi_top/microblaze_0/standalone_microblaze_0/bsp/system.mss
TRACE::2024-11-01.12:52:45::SCWMssOS::Opened the sw design from mss  C:/Users/curti/OneDrive/Documents/UIUC/ECE-385/Vivado_Projects/lab7_1/lab7_1_workspace/mb_usb_hdmi_top/microblaze_0/standalone_microblaze_0/bsp/system.mss
TRACE::2024-11-01.12:52:45::SCWMssOS::Adding the swdes entry C:/Users/curti/OneDrive/Documents/UIUC/ECE-385/Vivado_Projects/lab7_1/lab7_1_workspace/mb_usb_hdmi_top/microblaze_0/standalone_microblaze_0/bsp/system.mss with des name system
TRACE::2024-11-01.12:52:45::SCWMssOS::updating the scw layer about changes
TRACE::2024-11-01.12:52:45::SCWMssOS::Opened the sw design.  C:/Users/curti/OneDrive/Documents/UIUC/ECE-385/Vivado_Projects/lab7_1/lab7_1_workspace/mb_usb_hdmi_top/microblaze_0/standalone_microblaze_0/bsp/system.mss
TRACE::2024-11-01.12:52:45::SCWMssOS::Saving the mss changes C:/Users/curti/OneDrive/Documents/UIUC/ECE-385/Vivado_Projects/lab7_1/lab7_1_workspace/mb_usb_hdmi_top/microblaze_0/standalone_microblaze_0/bsp/system.mss
TRACE::2024-11-01.12:52:45::SCWMssOS::Found a swdesign opened with the mssfile.
TRACE::2024-11-01.12:52:45::SCWMssOS::Completed writemss as part of save.
TRACE::2024-11-01.12:52:45::SCWMssOS::Commit changes completed.
TRACE::2024-11-01.12:52:45::SCWReader::Adding prebuilt librarypaths as   
TRACE::2024-11-01.12:52:45::SCWReader::Adding prebuilt incpaths  as   
TRACE::2024-11-01.12:52:45::SCWPlatform::Trying to open the hw design at C:/Users/curti/OneDrive/Documents/UIUC/ECE-385/Vivado_Projects/lab7_1/lab7_1_workspace/mb_usb_hdmi_top/hw/mb_usb_hdmi_top.xsa
TRACE::2024-11-01.12:52:45::SCWPlatform::DSA given C:/Users/curti/OneDrive/Documents/UIUC/ECE-385/Vivado_Projects/lab7_1/lab7_1_workspace/mb_usb_hdmi_top/hw/mb_usb_hdmi_top.xsa
TRACE::2024-11-01.12:52:45::SCWPlatform::DSA absoulate path C:/Users/curti/OneDrive/Documents/UIUC/ECE-385/Vivado_Projects/lab7_1/lab7_1_workspace/mb_usb_hdmi_top/hw/mb_usb_hdmi_top.xsa
TRACE::2024-11-01.12:52:45::SCWPlatform::DSA directory C:/Users/curti/OneDrive/Documents/UIUC/ECE-385/Vivado_Projects/lab7_1/lab7_1_workspace/mb_usb_hdmi_top/hw
TRACE::2024-11-01.12:52:45::SCWPlatform:: Platform Path C:/Users/curti/OneDrive/Documents/UIUC/ECE-385/Vivado_Projects/lab7_1/lab7_1_workspace/mb_usb_hdmi_top/hw/mb_usb_hdmi_top.xsa
TRACE::2024-11-01.12:52:45::SCWPlatform:: Unique name xilinx:::0.0
TRACE::2024-11-01.12:52:45::SCWPlatform::Trying to set the existing hwdb with name mb_usb_hdmi_top_6
TRACE::2024-11-01.12:52:45::SCWPlatform::Opened existing hwdb mb_usb_hdmi_top_6
TRACE::2024-11-01.12:52:45::SCWPlatform::Found the Hw Db part of the input DSA
TRACE::2024-11-01.12:52:45::SCWMssOS::Checking the sw design at  C:/Users/curti/OneDrive/Documents/UIUC/ECE-385/Vivado_Projects/lab7_1/lab7_1_workspace/mb_usb_hdmi_top/microblaze_0/standalone_microblaze_0/bsp/system.mss
TRACE::2024-11-01.12:52:45::SCWMssOS::DEBUG:  swdes dump  C:/Users/curti/OneDrive/Documents/UIUC/ECE-385/Vivado_Projects/lab7_1/lab7_1_workspace/mb_usb_hdmi_top/microblaze_0/standalone_microblaze_0/bsp/system.mss|system||

TRACE::2024-11-01.12:52:45::SCWMssOS::Sw design exists and opened at  C:/Users/curti/OneDrive/Documents/UIUC/ECE-385/Vivado_Projects/lab7_1/lab7_1_workspace/mb_usb_hdmi_top/microblaze_0/standalone_microblaze_0/bsp/system.mss
TRACE::2024-11-01.12:52:45::SCWReader::No isolation master present  
TRACE::2024-11-01.12:52:59::SCWPlatform::DSA given C:/Users/curti/OneDrive/Documents/UIUC/ECE-385/Vivado_Projects/lab7_1/lab7_1_workspace/mb_usb_hdmi_top/tempdsa/mb_usb_hdmi_top.xsa
TRACE::2024-11-01.12:52:59::SCWPlatform::DSA absoulate path C:/Users/curti/OneDrive/Documents/UIUC/ECE-385/Vivado_Projects/lab7_1/lab7_1_workspace/mb_usb_hdmi_top/tempdsa/mb_usb_hdmi_top.xsa
TRACE::2024-11-01.12:52:59::SCWPlatform:: Platform location is C:/Users/curti/OneDrive/Documents/UIUC/ECE-385/Vivado_Projects/lab7_1/lab7_1_workspace/mb_usb_hdmi_top/tempdsa
TRACE::2024-11-01.12:52:59::SCWPlatform:: Platform Path C:/Users/curti/OneDrive/Documents/UIUC/ECE-385/Vivado_Projects/lab7_1/lab7_1_workspace/mb_usb_hdmi_top/tempdsa/mb_usb_hdmi_top.xsa
TRACE::2024-11-01.12:52:59::SCWPlatform:: Unique name xilinx:::0.0
TRACE::2024-11-01.12:52:59::SCWPlatform::Found the Hw Db part of the input DSA
TRACE::2024-11-01.12:52:59::SCWMssOS::Doing hw sync for the mss in domain: standalone_microblaze_0
TRACE::2024-11-01.12:52:59::SCWPlatform::Trying to open the hw design at C:/Users/curti/OneDrive/Documents/UIUC/ECE-385/Vivado_Projects/lab7_1/lab7_1_workspace/mb_usb_hdmi_top/hw/mb_usb_hdmi_top.xsa
TRACE::2024-11-01.12:52:59::SCWPlatform::DSA given C:/Users/curti/OneDrive/Documents/UIUC/ECE-385/Vivado_Projects/lab7_1/lab7_1_workspace/mb_usb_hdmi_top/hw/mb_usb_hdmi_top.xsa
TRACE::2024-11-01.12:52:59::SCWPlatform::DSA absoulate path C:/Users/curti/OneDrive/Documents/UIUC/ECE-385/Vivado_Projects/lab7_1/lab7_1_workspace/mb_usb_hdmi_top/hw/mb_usb_hdmi_top.xsa
TRACE::2024-11-01.12:52:59::SCWPlatform::DSA directory C:/Users/curti/OneDrive/Documents/UIUC/ECE-385/Vivado_Projects/lab7_1/lab7_1_workspace/mb_usb_hdmi_top/hw
TRACE::2024-11-01.12:52:59::SCWPlatform:: Platform Path C:/Users/curti/OneDrive/Documents/UIUC/ECE-385/Vivado_Projects/lab7_1/lab7_1_workspace/mb_usb_hdmi_top/hw/mb_usb_hdmi_top.xsa
TRACE::2024-11-01.12:52:59::SCWPlatform:: Unique name xilinx:::0.0
TRACE::2024-11-01.12:52:59::SCWPlatform::Trying to set the existing hwdb with name mb_usb_hdmi_top_6
TRACE::2024-11-01.12:52:59::SCWPlatform::Opened existing hwdb mb_usb_hdmi_top_6
TRACE::2024-11-01.12:52:59::SCWPlatform::Found the Hw Db part of the input DSA
TRACE::2024-11-01.12:52:59::SCWPlatform::Trying to open the hw design at C:/Users/curti/OneDrive/Documents/UIUC/ECE-385/Vivado_Projects/lab7_1/lab7_1_workspace/mb_usb_hdmi_top/hw/mb_usb_hdmi_top.xsa
TRACE::2024-11-01.12:52:59::SCWPlatform::DSA given C:/Users/curti/OneDrive/Documents/UIUC/ECE-385/Vivado_Projects/lab7_1/lab7_1_workspace/mb_usb_hdmi_top/hw/mb_usb_hdmi_top.xsa
TRACE::2024-11-01.12:52:59::SCWPlatform::DSA absoulate path C:/Users/curti/OneDrive/Documents/UIUC/ECE-385/Vivado_Projects/lab7_1/lab7_1_workspace/mb_usb_hdmi_top/hw/mb_usb_hdmi_top.xsa
TRACE::2024-11-01.12:52:59::SCWPlatform::DSA directory C:/Users/curti/OneDrive/Documents/UIUC/ECE-385/Vivado_Projects/lab7_1/lab7_1_workspace/mb_usb_hdmi_top/hw
TRACE::2024-11-01.12:52:59::SCWPlatform:: Platform Path C:/Users/curti/OneDrive/Documents/UIUC/ECE-385/Vivado_Projects/lab7_1/lab7_1_workspace/mb_usb_hdmi_top/hw/mb_usb_hdmi_top.xsa
TRACE::2024-11-01.12:52:59::SCWPlatform:: Unique name xilinx:::0.0
TRACE::2024-11-01.12:52:59::SCWPlatform::Trying to set the existing hwdb with name mb_usb_hdmi_top_6
TRACE::2024-11-01.12:52:59::SCWPlatform::Opened existing hwdb mb_usb_hdmi_top_6
TRACE::2024-11-01.12:52:59::SCWPlatform::Found the Hw Db part of the input DSA
TRACE::2024-11-01.12:52:59::SCWMssOS::Checking the sw design at  C:/Users/curti/OneDrive/Documents/UIUC/ECE-385/Vivado_Projects/lab7_1/lab7_1_workspace/mb_usb_hdmi_top/microblaze_0/standalone_microblaze_0/bsp/system.mss
TRACE::2024-11-01.12:52:59::SCWMssOS::DEBUG:  swdes dump  C:/Users/curti/OneDrive/Documents/UIUC/ECE-385/Vivado_Projects/lab7_1/lab7_1_workspace/mb_usb_hdmi_top/microblaze_0/standalone_microblaze_0/bsp/system.mss|system||

TRACE::2024-11-01.12:52:59::SCWMssOS::Sw design exists and opened at  C:/Users/curti/OneDrive/Documents/UIUC/ECE-385/Vivado_Projects/lab7_1/lab7_1_workspace/mb_usb_hdmi_top/microblaze_0/standalone_microblaze_0/bsp/system.mss
TRACE::2024-11-01.12:52:59::SCWPlatform::Trying to open the hw design at C:/Users/curti/OneDrive/Documents/UIUC/ECE-385/Vivado_Projects/lab7_1/lab7_1_workspace/mb_usb_hdmi_top/tempdsa/mb_usb_hdmi_top.xsa
TRACE::2024-11-01.12:52:59::SCWPlatform::DSA given C:/Users/curti/OneDrive/Documents/UIUC/ECE-385/Vivado_Projects/lab7_1/lab7_1_workspace/mb_usb_hdmi_top/tempdsa/mb_usb_hdmi_top.xsa
TRACE::2024-11-01.12:52:59::SCWPlatform::DSA absoulate path C:/Users/curti/OneDrive/Documents/UIUC/ECE-385/Vivado_Projects/lab7_1/lab7_1_workspace/mb_usb_hdmi_top/tempdsa/mb_usb_hdmi_top.xsa
TRACE::2024-11-01.12:52:59::SCWPlatform::DSA directory C:/Users/curti/OneDrive/Documents/UIUC/ECE-385/Vivado_Projects/lab7_1/lab7_1_workspace/mb_usb_hdmi_top/tempdsa
TRACE::2024-11-01.12:52:59::SCWPlatform:: Platform Path C:/Users/curti/OneDrive/Documents/UIUC/ECE-385/Vivado_Projects/lab7_1/lab7_1_workspace/mb_usb_hdmi_top/tempdsa/mb_usb_hdmi_top.xsa
TRACE::2024-11-01.12:52:59::SCWPlatform:: Unique name xilinx:::0.0
TRACE::2024-11-01.12:52:59::SCWPlatform::update - Opened existing hwdb mb_usb_hdmi_top_7
TRACE::2024-11-01.12:52:59::SCWPlatform::Found the Hw Db part of the input DSA
TRACE::2024-11-01.12:52:59::SCWMssOS::Saving the mss changes C:/Users/curti/OneDrive/Documents/UIUC/ECE-385/Vivado_Projects/lab7_1/lab7_1_workspace/mb_usb_hdmi_top/microblaze_0/standalone_microblaze_0/bsp/system.mss
TRACE::2024-11-01.12:52:59::SCWMssOS::Found a swdesign opened with the mssfile.
TRACE::2024-11-01.12:52:59::SCWMssOS::Completed writemss as part of save.
TRACE::2024-11-01.12:52:59::SCWMssOS::Commit changes completed.
TRACE::2024-11-01.12:52:59::SCWMssOS::Completed hw sync for the mss in domain: standalone_microblaze_0
TRACE::2024-11-01.12:52:59::SCWMssOS::Removing the swdes entry for  C:/Users/curti/OneDrive/Documents/UIUC/ECE-385/Vivado_Projects/lab7_1/lab7_1_workspace/mb_usb_hdmi_top/microblaze_0/standalone_microblaze_0/bsp/system.mss
TRACE::2024-11-01.12:52:59::SCWPlatform::Trying to open the hw design at C:/Users/curti/OneDrive/Documents/UIUC/ECE-385/Vivado_Projects/lab7_1/lab7_1_workspace/mb_usb_hdmi_top/hw/mb_usb_hdmi_top.xsa
TRACE::2024-11-01.12:52:59::SCWPlatform::DSA given C:/Users/curti/OneDrive/Documents/UIUC/ECE-385/Vivado_Projects/lab7_1/lab7_1_workspace/mb_usb_hdmi_top/hw/mb_usb_hdmi_top.xsa
TRACE::2024-11-01.12:52:59::SCWPlatform::DSA absoulate path C:/Users/curti/OneDrive/Documents/UIUC/ECE-385/Vivado_Projects/lab7_1/lab7_1_workspace/mb_usb_hdmi_top/hw/mb_usb_hdmi_top.xsa
TRACE::2024-11-01.12:52:59::SCWPlatform::DSA directory C:/Users/curti/OneDrive/Documents/UIUC/ECE-385/Vivado_Projects/lab7_1/lab7_1_workspace/mb_usb_hdmi_top/hw
TRACE::2024-11-01.12:52:59::SCWPlatform:: Platform Path C:/Users/curti/OneDrive/Documents/UIUC/ECE-385/Vivado_Projects/lab7_1/lab7_1_workspace/mb_usb_hdmi_top/hw/mb_usb_hdmi_top.xsa
TRACE::2024-11-01.12:52:59::SCWPlatform:: Unique name xilinx:::0.0
TRACE::2024-11-01.12:52:59::SCWPlatform::Do not have an existing db opened. 
TRACE::2024-11-01.12:52:59::SCWPlatform::Opened new HwDB with name mb_usb_hdmi_top_8
TRACE::2024-11-01.12:52:59::SCWMssOS::Saving the mss changes C:/Users/curti/OneDrive/Documents/UIUC/ECE-385/Vivado_Projects/lab7_1/lab7_1_workspace/mb_usb_hdmi_top/microblaze_0/standalone_microblaze_0/bsp/system.mss
TRACE::2024-11-01.12:52:59::SCWMssOS::Adding the swdes entry, mss present, able to open swdb C:/Users/curti/OneDrive/Documents/UIUC/ECE-385/Vivado_Projects/lab7_1/lab7_1_workspace/mb_usb_hdmi_top/microblaze_0/standalone_microblaze_0/bsp/system.mss with des name system
TRACE::2024-11-01.12:52:59::SCWMssOS::Writing the mss file completed C:/Users/curti/OneDrive/Documents/UIUC/ECE-385/Vivado_Projects/lab7_1/lab7_1_workspace/mb_usb_hdmi_top/microblaze_0/standalone_microblaze_0/bsp/system.mss
TRACE::2024-11-01.12:52:59::SCWMssOS::Commit changes completed.
TRACE::2024-11-01.12:52:59::SCWPlatform::Trying to open the hw design at C:/Users/curti/OneDrive/Documents/UIUC/ECE-385/Vivado_Projects/lab7_1/lab7_1_workspace/mb_usb_hdmi_top/hw/mb_usb_hdmi_top.xsa
TRACE::2024-11-01.12:52:59::SCWPlatform::DSA given C:/Users/curti/OneDrive/Documents/UIUC/ECE-385/Vivado_Projects/lab7_1/lab7_1_workspace/mb_usb_hdmi_top/hw/mb_usb_hdmi_top.xsa
TRACE::2024-11-01.12:52:59::SCWPlatform::DSA absoulate path C:/Users/curti/OneDrive/Documents/UIUC/ECE-385/Vivado_Projects/lab7_1/lab7_1_workspace/mb_usb_hdmi_top/hw/mb_usb_hdmi_top.xsa
TRACE::2024-11-01.12:52:59::SCWPlatform::DSA directory C:/Users/curti/OneDrive/Documents/UIUC/ECE-385/Vivado_Projects/lab7_1/lab7_1_workspace/mb_usb_hdmi_top/hw
TRACE::2024-11-01.12:52:59::SCWPlatform:: Platform Path C:/Users/curti/OneDrive/Documents/UIUC/ECE-385/Vivado_Projects/lab7_1/lab7_1_workspace/mb_usb_hdmi_top/hw/mb_usb_hdmi_top.xsa
TRACE::2024-11-01.12:52:59::SCWPlatform:: Unique name xilinx:::0.0
TRACE::2024-11-01.12:52:59::SCWPlatform::Trying to set the existing hwdb with name mb_usb_hdmi_top_8
TRACE::2024-11-01.12:52:59::SCWPlatform::Opened existing hwdb mb_usb_hdmi_top_8
TRACE::2024-11-01.12:52:59::SCWPlatform::Found the Hw Db part of the input DSA
TRACE::2024-11-01.12:52:59::SCWMssOS::Checking the sw design at  C:/Users/curti/OneDrive/Documents/UIUC/ECE-385/Vivado_Projects/lab7_1/lab7_1_workspace/mb_usb_hdmi_top/microblaze_0/standalone_microblaze_0/bsp/system.mss
TRACE::2024-11-01.12:52:59::SCWMssOS::DEBUG:  swdes dump  C:/Users/curti/OneDrive/Documents/UIUC/ECE-385/Vivado_Projects/lab7_1/lab7_1_workspace/mb_usb_hdmi_top/microblaze_0/standalone_microblaze_0/bsp/system.mss|system||

TRACE::2024-11-01.12:52:59::SCWMssOS::Sw design exists and opened at  C:/Users/curti/OneDrive/Documents/UIUC/ECE-385/Vivado_Projects/lab7_1/lab7_1_workspace/mb_usb_hdmi_top/microblaze_0/standalone_microblaze_0/bsp/system.mss
TRACE::2024-11-01.12:52:59::SCWWriter::formatted JSON is {
	"platformName":	"mb_usb_hdmi_top",
	"sprVersion":	"2.0",
	"mode":	"gui",
	"dsaType":	"Fixed",
	"platformDesc":	"mb_usb_hdmi_top",
	"platHandOff":	"C:/Users/curti/OneDrive/Documents/UIUC/ECE-385/Vivado_Projects/lab7_1/mb_usb_hdmi_top.xsa",
	"platIntHandOff":	"<platformDir>/hw/mb_usb_hdmi_top.xsa",
	"deviceType":	"FPGA",
	"platIsPrebuiltAutogen":	"false",
	"platIsNoBootBsp":	"false",
	"hasFsblMakeHasChanges":	"false",
	"hasPmufwMakeHasChanges":	"false",
	"platPreBuiltFlag":	false,
	"platformSamplesDir":	"",
	"platActiveSys":	"mb_usb_hdmi_top",
	"systems":	[{
			"systemName":	"mb_usb_hdmi_top",
			"systemDesc":	"mb_usb_hdmi_top",
			"sysIsBootAutoGen":	"true",
			"systemDispName":	"mb_usb_hdmi_top",
			"sysActiveDom":	"standalone_microblaze_0",
			"sysDefaultDom":	"standalone_microblaze_0",
			"domains":	[{
					"domainName":	"standalone_microblaze_0",
					"domainDispName":	"standalone_microblaze_0",
					"domainDesc":	"standalone_microblaze_0",
					"processors":	"microblaze_0",
					"os":	"standalone",
					"sdxOs":	"standalone",
					"debugEnable":	"False",
					"domRuntimes":	["cpp"],
					"swRepo":	"",
					"mssOsVer":	"8.0",
					"mssFile":	"",
					"md5Digest":	"5422c1e5be4ae93f4de8c50507402f2a1",
					"compatibleApp":	"",
					"domType":	"mssDomain",
					"arch":	"32-bit",
					"appSettings":	{
						"appCompilerFlags":	"",
						"appLinkerFlags":	""
					},
					"addedLibs":	[],
					"libOptions":	{
						"libsContainingOptions":	[]
					},
					"prebuiltLibs":	{
						"prebuiltIncPath":	[],
						"prebuiltLibPath":	[]
					},
					"isolation":	{
					}
				}]
		}]
}
TRACE::2024-11-01.12:53:06::SCWMssOS::cleaning the bsp 
TRACE::2024-11-01.12:53:06::SCWMssOS::System Command Ran  C: & cd  C:/Users/curti/OneDrive/Documents/UIUC/ECE-385/Vivado_Projects/lab7_1/lab7_1_workspace/mb_usb_hdmi_top/microblaze_0/standalone_microblaze_0/bsp & make clean 
TRACE::2024-11-01.12:53:06::SCWMssOS::make -C microblaze_0/libsrc/bram_v4_8/src -s clean 

TRACE::2024-11-01.12:53:06::SCWMssOS::make -C microblaze_0/libsrc/cpu_v2_16/src -s clean 

TRACE::2024-11-01.12:53:06::SCWMssOS::make -C microblaze_0/libsrc/intc_v3_15/src -s clean 

TRACE::2024-11-01.12:53:06::SCWMssOS::make -C microblaze_0/libsrc/standalone_v8_0/src -s clean 

TRACE::2024-11-01.12:53:06::SCWMssOS::make -C microblaze_0/libsrc/uartlite_v3_7/src -s clean 

TRACE::2024-11-01.12:53:06::SCWMssOS::rm -f microblaze_0/lib/libxil.a

TRACE::2024-11-01.12:53:14::SCWMssOS::cleaning the bsp 
TRACE::2024-11-01.12:53:14::SCWMssOS::System Command Ran  C: & cd  C:/Users/curti/OneDrive/Documents/UIUC/ECE-385/Vivado_Projects/lab7_1/lab7_1_workspace/mb_usb_hdmi_top/microblaze_0/standalone_microblaze_0/bsp & make clean 
TRACE::2024-11-01.12:53:14::SCWMssOS::make -C microblaze_0/libsrc/bram_v4_8/src -s clean 

TRACE::2024-11-01.12:53:14::SCWMssOS::make -C microblaze_0/libsrc/cpu_v2_16/src -s clean 

TRACE::2024-11-01.12:53:14::SCWMssOS::make -C microblaze_0/libsrc/intc_v3_15/src -s clean 

TRACE::2024-11-01.12:53:14::SCWMssOS::make -C microblaze_0/libsrc/standalone_v8_0/src -s clean 

TRACE::2024-11-01.12:53:14::SCWMssOS::make -C microblaze_0/libsrc/uartlite_v3_7/src -s clean 

TRACE::2024-11-01.12:53:14::SCWMssOS::rm -f microblaze_0/lib/libxil.a

LOG::2024-11-01.12:53:17::SCWPlatform::Started generating the artifacts platform mb_usb_hdmi_top
TRACE::2024-11-01.12:53:17::SCWPlatform::Sanity checking of platform is completed
LOG::2024-11-01.12:53:17::SCWPlatform::Started generating the artifacts for system configuration mb_usb_hdmi_top
LOG::2024-11-01.12:53:17::SCWSystem::Checking the domain standalone_microblaze_0
LOG::2024-11-01.12:53:17::SCWSystem::Not a boot domain 
LOG::2024-11-01.12:53:17::SCWSystem::Started Processing the domain standalone_microblaze_0
TRACE::2024-11-01.12:53:17::SCWDomain::Generating domain artifcats
TRACE::2024-11-01.12:53:17::SCWMssOS::Generating standalone artifcats
TRACE::2024-11-01.12:53:17::SCWMssOS:: Copying the user libraries. 
TRACE::2024-11-01.12:53:17::SCWPlatform::Trying to open the hw design at C:/Users/curti/OneDrive/Documents/UIUC/ECE-385/Vivado_Projects/lab7_1/lab7_1_workspace/mb_usb_hdmi_top/hw/mb_usb_hdmi_top.xsa
TRACE::2024-11-01.12:53:17::SCWPlatform::DSA given C:/Users/curti/OneDrive/Documents/UIUC/ECE-385/Vivado_Projects/lab7_1/lab7_1_workspace/mb_usb_hdmi_top/hw/mb_usb_hdmi_top.xsa
TRACE::2024-11-01.12:53:17::SCWPlatform::DSA absoulate path C:/Users/curti/OneDrive/Documents/UIUC/ECE-385/Vivado_Projects/lab7_1/lab7_1_workspace/mb_usb_hdmi_top/hw/mb_usb_hdmi_top.xsa
TRACE::2024-11-01.12:53:17::SCWPlatform::DSA directory C:/Users/curti/OneDrive/Documents/UIUC/ECE-385/Vivado_Projects/lab7_1/lab7_1_workspace/mb_usb_hdmi_top/hw
TRACE::2024-11-01.12:53:17::SCWPlatform:: Platform Path C:/Users/curti/OneDrive/Documents/UIUC/ECE-385/Vivado_Projects/lab7_1/lab7_1_workspace/mb_usb_hdmi_top/hw/mb_usb_hdmi_top.xsa
TRACE::2024-11-01.12:53:17::SCWPlatform:: Unique name xilinx:::0.0
TRACE::2024-11-01.12:53:17::SCWPlatform::Trying to set the existing hwdb with name mb_usb_hdmi_top_8
TRACE::2024-11-01.12:53:17::SCWPlatform::Opened existing hwdb mb_usb_hdmi_top_8
TRACE::2024-11-01.12:53:17::SCWPlatform::Found the Hw Db part of the input DSA
TRACE::2024-11-01.12:53:17::SCWMssOS::Checking the sw design at  C:/Users/curti/OneDrive/Documents/UIUC/ECE-385/Vivado_Projects/lab7_1/lab7_1_workspace/mb_usb_hdmi_top/microblaze_0/standalone_microblaze_0/bsp/system.mss
TRACE::2024-11-01.12:53:17::SCWMssOS::DEBUG:  swdes dump  C:/Users/curti/OneDrive/Documents/UIUC/ECE-385/Vivado_Projects/lab7_1/lab7_1_workspace/mb_usb_hdmi_top/microblaze_0/standalone_microblaze_0/bsp/system.mss|system||

TRACE::2024-11-01.12:53:17::SCWMssOS::Sw design exists and opened at  C:/Users/curti/OneDrive/Documents/UIUC/ECE-385/Vivado_Projects/lab7_1/lab7_1_workspace/mb_usb_hdmi_top/microblaze_0/standalone_microblaze_0/bsp/system.mss
TRACE::2024-11-01.12:53:17::SCWMssOS::Completed writing the mss file at C:/Users/curti/OneDrive/Documents/UIUC/ECE-385/Vivado_Projects/lab7_1/lab7_1_workspace/mb_usb_hdmi_top/microblaze_0/standalone_microblaze_0/bsp
TRACE::2024-11-01.12:53:17::SCWMssOS::Mss edits present, copying mssfile into export location C:/Users/curti/OneDrive/Documents/UIUC/ECE-385/Vivado_Projects/lab7_1/lab7_1_workspace/mb_usb_hdmi_top/microblaze_0/standalone_microblaze_0/bsp/system.mss
TRACE::2024-11-01.12:53:17::SCWMssOS::bsp generated is stale removing and regenerating. 
TRACE::2024-11-01.12:53:19::SCWMssOS::doing bsp build ... 
TRACE::2024-11-01.12:53:19::SCWMssOS::System Command Ran  C: & cd  C:/Users/curti/OneDrive/Documents/UIUC/ECE-385/Vivado_Projects/lab7_1/lab7_1_workspace/mb_usb_hdmi_top/microblaze_0/standalone_microblaze_0/bsp & make 
TRACE::2024-11-01.12:53:19::SCWMssOS::make --no-print-directory seq_libs

TRACE::2024-11-01.12:53:19::SCWMssOS::'Finished building libraries sequentially.'

TRACE::2024-11-01.12:53:19::SCWMssOS::make -j 18 --no-print-directory par_libs

TRACE::2024-11-01.12:53:19::SCWMssOS::"Running Make include in microblaze_0/libsrc/bram_v4_8/src"

TRACE::2024-11-01.12:53:19::SCWMssOS::"Running Make include in microblaze_0/libsrc/cpu_v2_16/src"

TRACE::2024-11-01.12:53:19::SCWMssOS::make -C microblaze_0/libsrc/bram_v4_8/src -s include  "SHELL=CMD" "COMPILER=mb-gcc" "ASSEMBLER=mb-as" "ARCHIVER=mb-ar" "COMPILE
TRACE::2024-11-01.12:53:19::SCWMssOS::R_FLAGS=  -O2 -c -mcpu=v11.0 -mlittle-endian -mno-xl-reorder -mno-xl-soft-mul -mxl-barrel-shift -mxl-pattern-compare" "EXTRA_CO
TRACE::2024-11-01.12:53:19::SCWMssOS::MPILER_FLAGS=-g -ffunction-sections -fdata-sections -Wall -Wextra -fno-tree-loop-distribute-patterns"

TRACE::2024-11-01.12:53:19::SCWMssOS::make -C microblaze_0/libsrc/cpu_v2_16/src -s include  "SHELL=CMD" "COMPILER=mb-gcc" "ASSEMBLER=mb-as" "ARCHIVER=mb-ar" "COMPILE
TRACE::2024-11-01.12:53:19::SCWMssOS::R_FLAGS=  -O2 -c -mcpu=v11.0 -mlittle-endian -mno-xl-reorder -mno-xl-soft-mul -mxl-barrel-shift -mxl-pattern-compare" "EXTRA_CO
TRACE::2024-11-01.12:53:19::SCWMssOS::MPILER_FLAGS=-g -ffunction-sections -fdata-sections -Wall -Wextra -fno-tree-loop-distribute-patterns"

TRACE::2024-11-01.12:53:19::SCWMssOS::"Running Make include in microblaze_0/libsrc/intc_v3_15/src"

TRACE::2024-11-01.12:53:19::SCWMssOS::make -C microblaze_0/libsrc/intc_v3_15/src -s include  "SHELL=CMD" "COMPILER=mb-gcc" "ASSEMBLER=mb-as" "ARCHIVER=mb-ar" "COMPIL
TRACE::2024-11-01.12:53:19::SCWMssOS::ER_FLAGS=  -O2 -c -mcpu=v11.0 -mlittle-endian -mno-xl-reorder -mno-xl-soft-mul -mxl-barrel-shift -mxl-pattern-compare" "EXTRA_C
TRACE::2024-11-01.12:53:19::SCWMssOS::OMPILER_FLAGS=-g -ffunction-sections -fdata-sections -Wall -Wextra -fno-tree-loop-distribute-patterns"

TRACE::2024-11-01.12:53:19::SCWMssOS::"Running Make include in microblaze_0/libsrc/standalone_v8_0/src"

TRACE::2024-11-01.12:53:19::SCWMssOS::make -C microblaze_0/libsrc/standalone_v8_0/src -s include  "SHELL=CMD" "COMPILER=mb-gcc" "ASSEMBLER=mb-as" "ARCHIVER=mb-ar" "C
TRACE::2024-11-01.12:53:19::SCWMssOS::OMPILER_FLAGS=  -O2 -c -mcpu=v11.0 -mlittle-endian -mno-xl-reorder -mno-xl-soft-mul -mxl-barrel-shift -mxl-pattern-compare" "EX
TRACE::2024-11-01.12:53:19::SCWMssOS::TRA_COMPILER_FLAGS=-g -ffunction-sections -fdata-sections -Wall -Wextra -fno-tree-loop-distribute-patterns"

TRACE::2024-11-01.12:53:19::SCWMssOS::"Running Make include in microblaze_0/libsrc/uartlite_v3_7/src"

TRACE::2024-11-01.12:53:19::SCWMssOS::make -C microblaze_0/libsrc/uartlite_v3_7/src -s include  "SHELL=CMD" "COMPILER=mb-gcc" "ASSEMBLER=mb-as" "ARCHIVER=mb-ar" "COM
TRACE::2024-11-01.12:53:19::SCWMssOS::PILER_FLAGS=  -O2 -c -mcpu=v11.0 -mlittle-endian -mno-xl-reorder -mno-xl-soft-mul -mxl-barrel-shift -mxl-pattern-compare" "EXTR
TRACE::2024-11-01.12:53:19::SCWMssOS::A_COMPILER_FLAGS=-g -ffunction-sections -fdata-sections -Wall -Wextra -fno-tree-loop-distribute-patterns"

TRACE::2024-11-01.12:53:19::SCWMssOS::"Running Make libs in microblaze_0/libsrc/bram_v4_8/src"

TRACE::2024-11-01.12:53:19::SCWMssOS::make -C microblaze_0/libsrc/bram_v4_8/src -s libs  "SHELL=CMD" "COMPILER=mb-gcc" "ASSEMBLER=mb-as" "ARCHIVER=mb-ar" "COMPILER_F
TRACE::2024-11-01.12:53:19::SCWMssOS::LAGS=  -O2 -c -mcpu=v11.0 -mlittle-endian -mno-xl-reorder -mno-xl-soft-mul -mxl-barrel-shift -mxl-pattern-compare" "EXTRA_COMPI
TRACE::2024-11-01.12:53:19::SCWMssOS::LER_FLAGS=-g -ffunction-sections -fdata-sections -Wall -Wextra -fno-tree-loop-distribute-patterns"

TRACE::2024-11-01.12:53:19::SCWMssOS::"Running Make libs in microblaze_0/libsrc/cpu_v2_16/src"

TRACE::2024-11-01.12:53:19::SCWMssOS::make -C microblaze_0/libsrc/cpu_v2_16/src -s libs  "SHELL=CMD" "COMPILER=mb-gcc" "ASSEMBLER=mb-as" "ARCHIVER=mb-ar" "COMPILER_F
TRACE::2024-11-01.12:53:19::SCWMssOS::LAGS=  -O2 -c -mcpu=v11.0 -mlittle-endian -mno-xl-reorder -mno-xl-soft-mul -mxl-barrel-shift -mxl-pattern-compare" "EXTRA_COMPI
TRACE::2024-11-01.12:53:19::SCWMssOS::LER_FLAGS=-g -ffunction-sections -fdata-sections -Wall -Wextra -fno-tree-loop-distribute-patterns"

TRACE::2024-11-01.12:53:19::SCWMssOS::"Running Make libs in microblaze_0/libsrc/intc_v3_15/src"

TRACE::2024-11-01.12:53:19::SCWMssOS::make -C microblaze_0/libsrc/intc_v3_15/src -s libs  "SHELL=CMD" "COMPILER=mb-gcc" "ASSEMBLER=mb-as" "ARCHIVER=mb-ar" "COMPILER_
TRACE::2024-11-01.12:53:19::SCWMssOS::FLAGS=  -O2 -c -mcpu=v11.0 -mlittle-endian -mno-xl-reorder -mno-xl-soft-mul -mxl-barrel-shift -mxl-pattern-compare" "EXTRA_COMP
TRACE::2024-11-01.12:53:19::SCWMssOS::ILER_FLAGS=-g -ffunction-sections -fdata-sections -Wall -Wextra -fno-tree-loop-distribute-patterns"

TRACE::2024-11-01.12:53:19::SCWMssOS::"Running Make libs in microblaze_0/libsrc/standalone_v8_0/src"

TRACE::2024-11-01.12:53:19::SCWMssOS::make -C microblaze_0/libsrc/standalone_v8_0/src -s libs  "SHELL=CMD" "COMPILER=mb-gcc" "ASSEMBLER=mb-as" "ARCHIVER=mb-ar" "COMP
TRACE::2024-11-01.12:53:19::SCWMssOS::ILER_FLAGS=  -O2 -c -mcpu=v11.0 -mlittle-endian -mno-xl-reorder -mno-xl-soft-mul -mxl-barrel-shift -mxl-pattern-compare" "EXTRA
TRACE::2024-11-01.12:53:19::SCWMssOS::_COMPILER_FLAGS=-g -ffunction-sections -fdata-sections -Wall -Wextra -fno-tree-loop-distribute-patterns"

TRACE::2024-11-01.12:53:19::SCWMssOS::"Running Make libs in microblaze_0/libsrc/uartlite_v3_7/src"

TRACE::2024-11-01.12:53:19::SCWMssOS::make -C microblaze_0/libsrc/uartlite_v3_7/src -s libs  "SHELL=CMD" "COMPILER=mb-gcc" "ASSEMBLER=mb-as" "ARCHIVER=mb-ar" "COMPIL
TRACE::2024-11-01.12:53:19::SCWMssOS::ER_FLAGS=  -O2 -c -mcpu=v11.0 -mlittle-endian -mno-xl-reorder -mno-xl-soft-mul -mxl-barrel-shift -mxl-pattern-compare" "EXTRA_C
TRACE::2024-11-01.12:53:19::SCWMssOS::OMPILER_FLAGS=-g -ffunction-sections -fdata-sections -Wall -Wextra -fno-tree-loop-distribute-patterns"

TRACE::2024-11-01.12:53:20::SCWMssOS::"DEBUG NON_LTO_OBJECTS is ../../../lib/microblaze_interrupt_handler.o"

TRACE::2024-11-01.12:53:20::SCWMssOS::'Finished building libraries parallelly.'

TRACE::2024-11-01.12:53:20::SCWMssOS::make --no-print-directory archive

TRACE::2024-11-01.12:53:20::SCWMssOS::mb-ar -r  microblaze_0/lib/libxil.a microblaze_0/lib/_exit.o microblaze_0/lib/errno.o microblaze_0/lib/fcntl.o microblaze_0/lib
TRACE::2024-11-01.12:53:20::SCWMssOS::/hw_exception_handler.o microblaze_0/lib/inbyte.o microblaze_0/lib/microblaze_disable_dcache.o microblaze_0/lib/microblaze_disa
TRACE::2024-11-01.12:53:20::SCWMssOS::ble_exceptions.o microblaze_0/lib/microblaze_disable_icache.o microblaze_0/lib/microblaze_disable_interrupts.o microblaze_0/lib
TRACE::2024-11-01.12:53:20::SCWMssOS::/microblaze_enable_dcache.o microblaze_0/lib/microblaze_enable_exceptions.o microblaze_0/lib/microblaze_enable_icache.o microbl
TRACE::2024-11-01.12:53:20::SCWMssOS::aze_0/lib/microblaze_enable_interrupts.o microblaze_0/lib/microblaze_exception_handler.o microblaze_0/lib/microblaze_flush_cach
TRACE::2024-11-01.12:53:20::SCWMssOS::e_ext.o microblaze_0/lib/microblaze_flush_cache_ext_range.o microblaze_0/lib/microblaze_flush_dcache.o microblaze_0/lib/microbl
TRACE::2024-11-01.12:53:20::SCWMssOS::aze_flush_dcache_range.o microblaze_0/lib/microblaze_init_dcache_range.o microblaze_0/lib/microblaze_init_icache_range.o microb
TRACE::2024-11-01.12:53:20::SCWMssOS::laze_0/lib/microblaze_interrupt_handler.o microblaze_0/lib/microblaze_interrupts_g.o microblaze_0/lib/microblaze_invalidate_cac
TRACE::2024-11-01.12:53:20::SCWMssOS::he_ext.o microblaze_0/lib/microblaze_invalidate_cache_ext_range.o microblaze_0/lib/microblaze_invalidate_dcache.o microblaze_0/
TRACE::2024-11-01.12:53:20::SCWMssOS::lib/microblaze_invalidate_dcache_range.o microblaze_0/lib/microblaze_invalidate_icache.o microblaze_0/lib/microblaze_invalidate
TRACE::2024-11-01.12:53:20::SCWMssOS::_icache_range.o microblaze_0/lib/microblaze_scrub.o microblaze_0/lib/microblaze_selftest.o microblaze_0/lib/microblaze_sleep.o 
TRACE::2024-11-01.12:53:20::SCWMssOS::microblaze_0/lib/microblaze_update_dcache.o microblaze_0/lib/microblaze_update_icache.o microblaze_0/lib/outbyte.o microblaze_0
TRACE::2024-11-01.12:53:20::SCWMssOS::/lib/print.o microblaze_0/lib/pvr.o microblaze_0/lib/xbram.o microblaze_0/lib/xbram_g.o microblaze_0/lib/xbram_intr.o microblaz
TRACE::2024-11-01.12:53:20::SCWMssOS::e_0/lib/xbram_selftest.o microblaze_0/lib/xbram_sinit.o microblaze_0/lib/xil_assert.o microblaze_0/lib/xil_cache.o microblaze_0
TRACE::2024-11-01.12:53:20::SCWMssOS::/lib/xil_clocking.o microblaze_0/lib/xil_exception.o microblaze_0/lib/xil_mem.o microblaze_0/lib/xil_misc_psreset_api.o microbl
TRACE::2024-11-01.12:53:20::SCWMssOS::aze_0/lib/xil_printf.o microblaze_0/lib/xil_sleepcommon.o microblaze_0/lib/xil_testcache.o microblaze_0/lib/xil_testio.o microb
TRACE::2024-11-01.12:53:20::SCWMssOS::laze_0/lib/xil_testmem.o microblaze_0/lib/xil_util.o microblaze_0/lib/xintc.o microblaze_0/lib/xintc_g.o microblaze_0/lib/xintc
TRACE::2024-11-01.12:53:20::SCWMssOS::_intr.o microblaze_0/lib/xintc_l.o microblaze_0/lib/xintc_options.o microblaze_0/lib/xintc_selftest.o microblaze_0/lib/xinterru
TRACE::2024-11-01.12:53:20::SCWMssOS::pt_wrap.o microblaze_0/lib/xio.o microblaze_0/lib/xplatform_info.o microblaze_0/lib/xuartlite.o microblaze_0/lib/xuartlite_g.o 
TRACE::2024-11-01.12:53:20::SCWMssOS::microblaze_0/lib/xuartlite_intr.o microblaze_0/lib/xuartlite_l.o microblaze_0/lib/xuartlite_selftest.o microblaze_0/lib/xuartli
TRACE::2024-11-01.12:53:20::SCWMssOS::te_sinit.o microblaze_0/lib/xuartlite_stats.o

TRACE::2024-11-01.12:53:20::SCWMssOS::'Finished building libraries'

TRACE::2024-11-01.12:53:20::SCWMssOS:: Checking if to create the Supporting Applications
TRACE::2024-11-01.12:53:20::SCWMssOS:: No Linux domain exists, trying to generate FSBL 
LOG::2024-11-01.12:53:20::SCWSystem::Completed Processing the domain standalone_microblaze_0
LOG::2024-11-01.12:53:20::SCWSystem::Completed Processing the sysconfig mb_usb_hdmi_top
LOG::2024-11-01.12:53:20::SCWPlatform::Completed generating the artifacts for system configuration mb_usb_hdmi_top
TRACE::2024-11-01.12:53:20::SCWPlatform::Started preparing the platform 
TRACE::2024-11-01.12:53:20::SCWSystem::Writing the bif file for system config mb_usb_hdmi_top
TRACE::2024-11-01.12:53:20::SCWSystem::dir created 
TRACE::2024-11-01.12:53:20::SCWSystem::Writing the bif 
TRACE::2024-11-01.12:53:20::SCWPlatform::Started writing the spfm file 
TRACE::2024-11-01.12:53:20::SCWPlatform::Started writing the xpfm file 
TRACE::2024-11-01.12:53:20::SCWPlatform::Completed generating the platform
TRACE::2024-11-01.12:53:20::SCWMssOS::Saving the mss changes C:/Users/curti/OneDrive/Documents/UIUC/ECE-385/Vivado_Projects/lab7_1/lab7_1_workspace/mb_usb_hdmi_top/microblaze_0/standalone_microblaze_0/bsp/system.mss
TRACE::2024-11-01.12:53:20::SCWMssOS::Adding the swdes entry, mss present, able to open swdb C:/Users/curti/OneDrive/Documents/UIUC/ECE-385/Vivado_Projects/lab7_1/lab7_1_workspace/mb_usb_hdmi_top/microblaze_0/standalone_microblaze_0/bsp/system.mss with des name system
TRACE::2024-11-01.12:53:20::SCWMssOS::Writing the mss file completed C:/Users/curti/OneDrive/Documents/UIUC/ECE-385/Vivado_Projects/lab7_1/lab7_1_workspace/mb_usb_hdmi_top/microblaze_0/standalone_microblaze_0/bsp/system.mss
TRACE::2024-11-01.12:53:20::SCWMssOS::Commit changes completed.
TRACE::2024-11-01.12:53:20::SCWPlatform::Trying to open the hw design at C:/Users/curti/OneDrive/Documents/UIUC/ECE-385/Vivado_Projects/lab7_1/lab7_1_workspace/mb_usb_hdmi_top/hw/mb_usb_hdmi_top.xsa
TRACE::2024-11-01.12:53:20::SCWPlatform::DSA given C:/Users/curti/OneDrive/Documents/UIUC/ECE-385/Vivado_Projects/lab7_1/lab7_1_workspace/mb_usb_hdmi_top/hw/mb_usb_hdmi_top.xsa
TRACE::2024-11-01.12:53:20::SCWPlatform::DSA absoulate path C:/Users/curti/OneDrive/Documents/UIUC/ECE-385/Vivado_Projects/lab7_1/lab7_1_workspace/mb_usb_hdmi_top/hw/mb_usb_hdmi_top.xsa
TRACE::2024-11-01.12:53:20::SCWPlatform::DSA directory C:/Users/curti/OneDrive/Documents/UIUC/ECE-385/Vivado_Projects/lab7_1/lab7_1_workspace/mb_usb_hdmi_top/hw
TRACE::2024-11-01.12:53:20::SCWPlatform:: Platform Path C:/Users/curti/OneDrive/Documents/UIUC/ECE-385/Vivado_Projects/lab7_1/lab7_1_workspace/mb_usb_hdmi_top/hw/mb_usb_hdmi_top.xsa
TRACE::2024-11-01.12:53:20::SCWPlatform:: Unique name xilinx:::0.0
TRACE::2024-11-01.12:53:20::SCWPlatform::Trying to set the existing hwdb with name mb_usb_hdmi_top_8
TRACE::2024-11-01.12:53:20::SCWPlatform::Opened existing hwdb mb_usb_hdmi_top_8
TRACE::2024-11-01.12:53:20::SCWPlatform::Found the Hw Db part of the input DSA
TRACE::2024-11-01.12:53:20::SCWMssOS::Checking the sw design at  C:/Users/curti/OneDrive/Documents/UIUC/ECE-385/Vivado_Projects/lab7_1/lab7_1_workspace/mb_usb_hdmi_top/microblaze_0/standalone_microblaze_0/bsp/system.mss
TRACE::2024-11-01.12:53:20::SCWMssOS::DEBUG:  swdes dump  C:/Users/curti/OneDrive/Documents/UIUC/ECE-385/Vivado_Projects/lab7_1/lab7_1_workspace/mb_usb_hdmi_top/microblaze_0/standalone_microblaze_0/bsp/system.mss|system||

TRACE::2024-11-01.12:53:20::SCWMssOS::Sw design exists and opened at  C:/Users/curti/OneDrive/Documents/UIUC/ECE-385/Vivado_Projects/lab7_1/lab7_1_workspace/mb_usb_hdmi_top/microblaze_0/standalone_microblaze_0/bsp/system.mss
TRACE::2024-11-01.12:53:20::SCWWriter::formatted JSON is {
	"platformName":	"mb_usb_hdmi_top",
	"sprVersion":	"2.0",
	"mode":	"gui",
	"dsaType":	"Fixed",
	"platformDesc":	"mb_usb_hdmi_top",
	"platHandOff":	"C:/Users/curti/OneDrive/Documents/UIUC/ECE-385/Vivado_Projects/lab7_1/mb_usb_hdmi_top.xsa",
	"platIntHandOff":	"<platformDir>/hw/mb_usb_hdmi_top.xsa",
	"deviceType":	"FPGA",
	"platIsPrebuiltAutogen":	"false",
	"platIsNoBootBsp":	"false",
	"hasFsblMakeHasChanges":	"false",
	"hasPmufwMakeHasChanges":	"false",
	"platPreBuiltFlag":	false,
	"platformSamplesDir":	"",
	"platActiveSys":	"mb_usb_hdmi_top",
	"systems":	[{
			"systemName":	"mb_usb_hdmi_top",
			"systemDesc":	"mb_usb_hdmi_top",
			"sysIsBootAutoGen":	"true",
			"systemDispName":	"mb_usb_hdmi_top",
			"sysActiveDom":	"standalone_microblaze_0",
			"sysDefaultDom":	"standalone_microblaze_0",
			"domains":	[{
					"domainName":	"standalone_microblaze_0",
					"domainDispName":	"standalone_microblaze_0",
					"domainDesc":	"standalone_microblaze_0",
					"processors":	"microblaze_0",
					"os":	"standalone",
					"sdxOs":	"standalone",
					"debugEnable":	"False",
					"domRuntimes":	["cpp"],
					"swRepo":	"",
					"mssOsVer":	"8.0",
					"mssFile":	"",
					"md5Digest":	"5422c1e5be4ae93f4de8c50507402f2a",
					"compatibleApp":	"",
					"domType":	"mssDomain",
					"arch":	"32-bit",
					"appSettings":	{
						"appCompilerFlags":	"",
						"appLinkerFlags":	""
					},
					"addedLibs":	[],
					"libOptions":	{
						"libsContainingOptions":	[]
					},
					"prebuiltLibs":	{
						"prebuiltIncPath":	[],
						"prebuiltLibPath":	[]
					},
					"isolation":	{
					}
				}]
		}]
}
KEYINFO::2024-11-01.12:53:20::SCWPlatform::updated the xpfm file.
TRACE::2024-11-01.12:53:20::SCWPlatform::Trying to open the hw design at C:/Users/curti/OneDrive/Documents/UIUC/ECE-385/Vivado_Projects/lab7_1/lab7_1_workspace/mb_usb_hdmi_top/hw/mb_usb_hdmi_top.xsa
TRACE::2024-11-01.12:53:20::SCWPlatform::DSA given C:/Users/curti/OneDrive/Documents/UIUC/ECE-385/Vivado_Projects/lab7_1/lab7_1_workspace/mb_usb_hdmi_top/hw/mb_usb_hdmi_top.xsa
TRACE::2024-11-01.12:53:20::SCWPlatform::DSA absoulate path C:/Users/curti/OneDrive/Documents/UIUC/ECE-385/Vivado_Projects/lab7_1/lab7_1_workspace/mb_usb_hdmi_top/hw/mb_usb_hdmi_top.xsa
TRACE::2024-11-01.12:53:20::SCWPlatform::DSA directory C:/Users/curti/OneDrive/Documents/UIUC/ECE-385/Vivado_Projects/lab7_1/lab7_1_workspace/mb_usb_hdmi_top/hw
TRACE::2024-11-01.12:53:20::SCWPlatform:: Platform Path C:/Users/curti/OneDrive/Documents/UIUC/ECE-385/Vivado_Projects/lab7_1/lab7_1_workspace/mb_usb_hdmi_top/hw/mb_usb_hdmi_top.xsa
TRACE::2024-11-01.12:53:20::SCWPlatform:: Unique name xilinx:::0.0
TRACE::2024-11-01.12:53:20::SCWPlatform::Trying to set the existing hwdb with name mb_usb_hdmi_top_8
TRACE::2024-11-01.12:53:20::SCWPlatform::Opened existing hwdb mb_usb_hdmi_top_8
TRACE::2024-11-01.12:53:20::SCWPlatform::Found the Hw Db part of the input DSA
TRACE::2024-11-01.12:53:20::SCWMssOS::Checking the sw design at  C:/Users/curti/OneDrive/Documents/UIUC/ECE-385/Vivado_Projects/lab7_1/lab7_1_workspace/mb_usb_hdmi_top/microblaze_0/standalone_microblaze_0/bsp/system.mss
TRACE::2024-11-01.12:53:20::SCWMssOS::DEBUG:  swdes dump  C:/Users/curti/OneDrive/Documents/UIUC/ECE-385/Vivado_Projects/lab7_1/lab7_1_workspace/mb_usb_hdmi_top/microblaze_0/standalone_microblaze_0/bsp/system.mss|system||

TRACE::2024-11-01.12:53:20::SCWMssOS::Sw design exists and opened at  C:/Users/curti/OneDrive/Documents/UIUC/ECE-385/Vivado_Projects/lab7_1/lab7_1_workspace/mb_usb_hdmi_top/microblaze_0/standalone_microblaze_0/bsp/system.mss
TRACE::2024-11-01.12:54:07::SCWPlatform::Clearing the existing platform
TRACE::2024-11-01.12:54:07::SCWSystem::Clearing the existing sysconfig
TRACE::2024-11-01.12:54:07::SCWMssOS::Removing the swdes entry for  C:/Users/curti/OneDrive/Documents/UIUC/ECE-385/Vivado_Projects/lab7_1/lab7_1_workspace/mb_usb_hdmi_top/microblaze_0/standalone_microblaze_0/bsp/system.mss
TRACE::2024-11-01.12:54:07::SCWSystem::Clearing the domains completed.
TRACE::2024-11-01.12:54:07::SCWPlatform::Clearing the opened hw db.
TRACE::2024-11-01.12:54:07::SCWPlatform::DSA given C:/Users/curti/OneDrive/Documents/UIUC/ECE-385/Vivado_Projects/lab7_1/lab7_1_workspace/mb_usb_hdmi_top/hw/mb_usb_hdmi_top.xsa
TRACE::2024-11-01.12:54:07::SCWPlatform::DSA absoulate path C:/Users/curti/OneDrive/Documents/UIUC/ECE-385/Vivado_Projects/lab7_1/lab7_1_workspace/mb_usb_hdmi_top/hw/mb_usb_hdmi_top.xsa
TRACE::2024-11-01.12:54:07::SCWPlatform:: Platform location is C:/Users/curti/OneDrive/Documents/UIUC/ECE-385/Vivado_Projects/lab7_1/lab7_1_workspace/mb_usb_hdmi_top/hw
TRACE::2024-11-01.12:54:07::SCWPlatform:: Platform Path C:/Users/curti/OneDrive/Documents/UIUC/ECE-385/Vivado_Projects/lab7_1/lab7_1_workspace/mb_usb_hdmi_top/hw/mb_usb_hdmi_top.xsa
TRACE::2024-11-01.12:54:07::SCWPlatform:: Unique name xilinx:::0.0
TRACE::2024-11-01.12:54:07::SCWPlatform::Removing the HwDB with name C:/Users/curti/OneDrive/Documents/UIUC/ECE-385/Vivado_Projects/lab7_1/lab7_1_workspace/mb_usb_hdmi_top/hw/mb_usb_hdmi_top.xsa
TRACE::2024-11-01.12:54:07::SCWPlatform::Trying to open the hw design at C:/Users/curti/OneDrive/Documents/UIUC/ECE-385/Vivado_Projects/lab7_1/lab7_1_workspace/mb_usb_hdmi_top/hw/mb_usb_hdmi_top.xsa
TRACE::2024-11-01.12:54:07::SCWPlatform::DSA given C:/Users/curti/OneDrive/Documents/UIUC/ECE-385/Vivado_Projects/lab7_1/lab7_1_workspace/mb_usb_hdmi_top/hw/mb_usb_hdmi_top.xsa
TRACE::2024-11-01.12:54:07::SCWPlatform::DSA absoulate path C:/Users/curti/OneDrive/Documents/UIUC/ECE-385/Vivado_Projects/lab7_1/lab7_1_workspace/mb_usb_hdmi_top/hw/mb_usb_hdmi_top.xsa
TRACE::2024-11-01.12:54:07::SCWPlatform::DSA directory C:/Users/curti/OneDrive/Documents/UIUC/ECE-385/Vivado_Projects/lab7_1/lab7_1_workspace/mb_usb_hdmi_top/hw
TRACE::2024-11-01.12:54:07::SCWPlatform:: Platform Path C:/Users/curti/OneDrive/Documents/UIUC/ECE-385/Vivado_Projects/lab7_1/lab7_1_workspace/mb_usb_hdmi_top/hw/mb_usb_hdmi_top.xsa
TRACE::2024-11-01.12:54:07::SCWPlatform:: Unique name xilinx:::0.0
TRACE::2024-11-01.12:54:07::SCWPlatform::Do not have an existing db opened. 
TRACE::2024-11-01.12:54:07::SCWPlatform::Opened new HwDB with name mb_usb_hdmi_top_10
TRACE::2024-11-01.12:54:07::SCWReader::Active system found as  mb_usb_hdmi_top
TRACE::2024-11-01.12:54:07::SCWReader::Handling sysconfig mb_usb_hdmi_top
TRACE::2024-11-01.12:54:07::SCWDomain::checking for install qemu data   : 
TRACE::2024-11-01.12:54:07::SCWPlatform::Trying to open the hw design at C:/Users/curti/OneDrive/Documents/UIUC/ECE-385/Vivado_Projects/lab7_1/lab7_1_workspace/mb_usb_hdmi_top/hw/mb_usb_hdmi_top.xsa
TRACE::2024-11-01.12:54:07::SCWPlatform::DSA given C:/Users/curti/OneDrive/Documents/UIUC/ECE-385/Vivado_Projects/lab7_1/lab7_1_workspace/mb_usb_hdmi_top/hw/mb_usb_hdmi_top.xsa
TRACE::2024-11-01.12:54:07::SCWPlatform::DSA absoulate path C:/Users/curti/OneDrive/Documents/UIUC/ECE-385/Vivado_Projects/lab7_1/lab7_1_workspace/mb_usb_hdmi_top/hw/mb_usb_hdmi_top.xsa
TRACE::2024-11-01.12:54:07::SCWPlatform::DSA directory C:/Users/curti/OneDrive/Documents/UIUC/ECE-385/Vivado_Projects/lab7_1/lab7_1_workspace/mb_usb_hdmi_top/hw
TRACE::2024-11-01.12:54:07::SCWPlatform:: Platform Path C:/Users/curti/OneDrive/Documents/UIUC/ECE-385/Vivado_Projects/lab7_1/lab7_1_workspace/mb_usb_hdmi_top/hw/mb_usb_hdmi_top.xsa
TRACE::2024-11-01.12:54:07::SCWPlatform:: Unique name xilinx:::0.0
TRACE::2024-11-01.12:54:07::SCWPlatform::Trying to set the existing hwdb with name mb_usb_hdmi_top_10
TRACE::2024-11-01.12:54:07::SCWPlatform::Opened existing hwdb mb_usb_hdmi_top_10
TRACE::2024-11-01.12:54:07::SCWPlatform::Found the Hw Db part of the input DSA
TRACE::2024-11-01.12:54:07::SCWPlatform::Trying to open the hw design at C:/Users/curti/OneDrive/Documents/UIUC/ECE-385/Vivado_Projects/lab7_1/lab7_1_workspace/mb_usb_hdmi_top/hw/mb_usb_hdmi_top.xsa
TRACE::2024-11-01.12:54:07::SCWPlatform::DSA given C:/Users/curti/OneDrive/Documents/UIUC/ECE-385/Vivado_Projects/lab7_1/lab7_1_workspace/mb_usb_hdmi_top/hw/mb_usb_hdmi_top.xsa
TRACE::2024-11-01.12:54:07::SCWPlatform::DSA absoulate path C:/Users/curti/OneDrive/Documents/UIUC/ECE-385/Vivado_Projects/lab7_1/lab7_1_workspace/mb_usb_hdmi_top/hw/mb_usb_hdmi_top.xsa
TRACE::2024-11-01.12:54:07::SCWPlatform::DSA directory C:/Users/curti/OneDrive/Documents/UIUC/ECE-385/Vivado_Projects/lab7_1/lab7_1_workspace/mb_usb_hdmi_top/hw
TRACE::2024-11-01.12:54:07::SCWPlatform:: Platform Path C:/Users/curti/OneDrive/Documents/UIUC/ECE-385/Vivado_Projects/lab7_1/lab7_1_workspace/mb_usb_hdmi_top/hw/mb_usb_hdmi_top.xsa
TRACE::2024-11-01.12:54:07::SCWPlatform:: Unique name xilinx:::0.0
TRACE::2024-11-01.12:54:07::SCWPlatform::Trying to set the existing hwdb with name mb_usb_hdmi_top_10
TRACE::2024-11-01.12:54:07::SCWPlatform::Opened existing hwdb mb_usb_hdmi_top_10
TRACE::2024-11-01.12:54:07::SCWPlatform::Found the Hw Db part of the input DSA
TRACE::2024-11-01.12:54:07::SCWPlatform::Trying to open the hw design at C:/Users/curti/OneDrive/Documents/UIUC/ECE-385/Vivado_Projects/lab7_1/lab7_1_workspace/mb_usb_hdmi_top/hw/mb_usb_hdmi_top.xsa
TRACE::2024-11-01.12:54:07::SCWPlatform::DSA given C:/Users/curti/OneDrive/Documents/UIUC/ECE-385/Vivado_Projects/lab7_1/lab7_1_workspace/mb_usb_hdmi_top/hw/mb_usb_hdmi_top.xsa
TRACE::2024-11-01.12:54:07::SCWPlatform::DSA absoulate path C:/Users/curti/OneDrive/Documents/UIUC/ECE-385/Vivado_Projects/lab7_1/lab7_1_workspace/mb_usb_hdmi_top/hw/mb_usb_hdmi_top.xsa
TRACE::2024-11-01.12:54:07::SCWPlatform::DSA directory C:/Users/curti/OneDrive/Documents/UIUC/ECE-385/Vivado_Projects/lab7_1/lab7_1_workspace/mb_usb_hdmi_top/hw
TRACE::2024-11-01.12:54:07::SCWPlatform:: Platform Path C:/Users/curti/OneDrive/Documents/UIUC/ECE-385/Vivado_Projects/lab7_1/lab7_1_workspace/mb_usb_hdmi_top/hw/mb_usb_hdmi_top.xsa
TRACE::2024-11-01.12:54:07::SCWPlatform:: Unique name xilinx:::0.0
TRACE::2024-11-01.12:54:07::SCWPlatform::Trying to set the existing hwdb with name mb_usb_hdmi_top_10
TRACE::2024-11-01.12:54:07::SCWPlatform::Opened existing hwdb mb_usb_hdmi_top_10
TRACE::2024-11-01.12:54:07::SCWPlatform::Found the Hw Db part of the input DSA
TRACE::2024-11-01.12:54:07::SCWPlatform::Trying to open the hw design at C:/Users/curti/OneDrive/Documents/UIUC/ECE-385/Vivado_Projects/lab7_1/lab7_1_workspace/mb_usb_hdmi_top/hw/mb_usb_hdmi_top.xsa
TRACE::2024-11-01.12:54:07::SCWPlatform::DSA given C:/Users/curti/OneDrive/Documents/UIUC/ECE-385/Vivado_Projects/lab7_1/lab7_1_workspace/mb_usb_hdmi_top/hw/mb_usb_hdmi_top.xsa
TRACE::2024-11-01.12:54:07::SCWPlatform::DSA absoulate path C:/Users/curti/OneDrive/Documents/UIUC/ECE-385/Vivado_Projects/lab7_1/lab7_1_workspace/mb_usb_hdmi_top/hw/mb_usb_hdmi_top.xsa
TRACE::2024-11-01.12:54:07::SCWPlatform::DSA directory C:/Users/curti/OneDrive/Documents/UIUC/ECE-385/Vivado_Projects/lab7_1/lab7_1_workspace/mb_usb_hdmi_top/hw
TRACE::2024-11-01.12:54:07::SCWPlatform:: Platform Path C:/Users/curti/OneDrive/Documents/UIUC/ECE-385/Vivado_Projects/lab7_1/lab7_1_workspace/mb_usb_hdmi_top/hw/mb_usb_hdmi_top.xsa
TRACE::2024-11-01.12:54:07::SCWPlatform:: Unique name xilinx:::0.0
TRACE::2024-11-01.12:54:07::SCWPlatform::Trying to set the existing hwdb with name mb_usb_hdmi_top_10
TRACE::2024-11-01.12:54:07::SCWPlatform::Opened existing hwdb mb_usb_hdmi_top_10
TRACE::2024-11-01.12:54:07::SCWPlatform::Found the Hw Db part of the input DSA
TRACE::2024-11-01.12:54:07::SCWMssOS::Checking the sw design at  C:/Users/curti/OneDrive/Documents/UIUC/ECE-385/Vivado_Projects/lab7_1/lab7_1_workspace/mb_usb_hdmi_top/microblaze_0/standalone_microblaze_0/bsp/system.mss
TRACE::2024-11-01.12:54:07::SCWMssOS::DEBUG:  swdes dump  
TRACE::2024-11-01.12:54:07::SCWMssOS::No sw design opened at  C:/Users/curti/OneDrive/Documents/UIUC/ECE-385/Vivado_Projects/lab7_1/lab7_1_workspace/mb_usb_hdmi_top/microblaze_0/standalone_microblaze_0/bsp/system.mss
TRACE::2024-11-01.12:54:07::SCWMssOS::mss exists loading the mss file  C:/Users/curti/OneDrive/Documents/UIUC/ECE-385/Vivado_Projects/lab7_1/lab7_1_workspace/mb_usb_hdmi_top/microblaze_0/standalone_microblaze_0/bsp/system.mss
TRACE::2024-11-01.12:54:07::SCWMssOS::Opened the sw design from mss  C:/Users/curti/OneDrive/Documents/UIUC/ECE-385/Vivado_Projects/lab7_1/lab7_1_workspace/mb_usb_hdmi_top/microblaze_0/standalone_microblaze_0/bsp/system.mss
TRACE::2024-11-01.12:54:07::SCWMssOS::Adding the swdes entry C:/Users/curti/OneDrive/Documents/UIUC/ECE-385/Vivado_Projects/lab7_1/lab7_1_workspace/mb_usb_hdmi_top/microblaze_0/standalone_microblaze_0/bsp/system.mss with des name system
TRACE::2024-11-01.12:54:07::SCWMssOS::updating the scw layer about changes
TRACE::2024-11-01.12:54:07::SCWMssOS::Opened the sw design.  C:/Users/curti/OneDrive/Documents/UIUC/ECE-385/Vivado_Projects/lab7_1/lab7_1_workspace/mb_usb_hdmi_top/microblaze_0/standalone_microblaze_0/bsp/system.mss
TRACE::2024-11-01.12:54:07::SCWMssOS::Saving the mss changes C:/Users/curti/OneDrive/Documents/UIUC/ECE-385/Vivado_Projects/lab7_1/lab7_1_workspace/mb_usb_hdmi_top/microblaze_0/standalone_microblaze_0/bsp/system.mss
TRACE::2024-11-01.12:54:07::SCWMssOS::Found a swdesign opened with the mssfile.
TRACE::2024-11-01.12:54:07::SCWMssOS::Completed writemss as part of save.
TRACE::2024-11-01.12:54:07::SCWMssOS::Commit changes completed.
TRACE::2024-11-01.12:54:07::SCWReader::Adding prebuilt librarypaths as   
TRACE::2024-11-01.12:54:07::SCWReader::Adding prebuilt incpaths  as   
TRACE::2024-11-01.12:54:07::SCWPlatform::Trying to open the hw design at C:/Users/curti/OneDrive/Documents/UIUC/ECE-385/Vivado_Projects/lab7_1/lab7_1_workspace/mb_usb_hdmi_top/hw/mb_usb_hdmi_top.xsa
TRACE::2024-11-01.12:54:07::SCWPlatform::DSA given C:/Users/curti/OneDrive/Documents/UIUC/ECE-385/Vivado_Projects/lab7_1/lab7_1_workspace/mb_usb_hdmi_top/hw/mb_usb_hdmi_top.xsa
TRACE::2024-11-01.12:54:07::SCWPlatform::DSA absoulate path C:/Users/curti/OneDrive/Documents/UIUC/ECE-385/Vivado_Projects/lab7_1/lab7_1_workspace/mb_usb_hdmi_top/hw/mb_usb_hdmi_top.xsa
TRACE::2024-11-01.12:54:07::SCWPlatform::DSA directory C:/Users/curti/OneDrive/Documents/UIUC/ECE-385/Vivado_Projects/lab7_1/lab7_1_workspace/mb_usb_hdmi_top/hw
TRACE::2024-11-01.12:54:07::SCWPlatform:: Platform Path C:/Users/curti/OneDrive/Documents/UIUC/ECE-385/Vivado_Projects/lab7_1/lab7_1_workspace/mb_usb_hdmi_top/hw/mb_usb_hdmi_top.xsa
TRACE::2024-11-01.12:54:07::SCWPlatform:: Unique name xilinx:::0.0
TRACE::2024-11-01.12:54:07::SCWPlatform::Trying to set the existing hwdb with name mb_usb_hdmi_top_10
TRACE::2024-11-01.12:54:07::SCWPlatform::Opened existing hwdb mb_usb_hdmi_top_10
TRACE::2024-11-01.12:54:07::SCWPlatform::Found the Hw Db part of the input DSA
TRACE::2024-11-01.12:54:07::SCWMssOS::Checking the sw design at  C:/Users/curti/OneDrive/Documents/UIUC/ECE-385/Vivado_Projects/lab7_1/lab7_1_workspace/mb_usb_hdmi_top/microblaze_0/standalone_microblaze_0/bsp/system.mss
TRACE::2024-11-01.12:54:07::SCWMssOS::DEBUG:  swdes dump  C:/Users/curti/OneDrive/Documents/UIUC/ECE-385/Vivado_Projects/lab7_1/lab7_1_workspace/mb_usb_hdmi_top/microblaze_0/standalone_microblaze_0/bsp/system.mss|system||

TRACE::2024-11-01.12:54:07::SCWMssOS::Sw design exists and opened at  C:/Users/curti/OneDrive/Documents/UIUC/ECE-385/Vivado_Projects/lab7_1/lab7_1_workspace/mb_usb_hdmi_top/microblaze_0/standalone_microblaze_0/bsp/system.mss
TRACE::2024-11-01.12:54:07::SCWReader::No isolation master present  
TRACE::2024-11-01.12:54:25::SCWPlatform::DSA given C:/Users/curti/OneDrive/Documents/UIUC/ECE-385/Vivado_Projects/lab7_1/lab7_1_workspace/mb_usb_hdmi_top/tempdsa/mb_usb_hdmi_top.xsa
TRACE::2024-11-01.12:54:25::SCWPlatform::DSA absoulate path C:/Users/curti/OneDrive/Documents/UIUC/ECE-385/Vivado_Projects/lab7_1/lab7_1_workspace/mb_usb_hdmi_top/tempdsa/mb_usb_hdmi_top.xsa
TRACE::2024-11-01.12:54:25::SCWPlatform:: Platform location is C:/Users/curti/OneDrive/Documents/UIUC/ECE-385/Vivado_Projects/lab7_1/lab7_1_workspace/mb_usb_hdmi_top/tempdsa
TRACE::2024-11-01.12:54:25::SCWPlatform:: Platform Path C:/Users/curti/OneDrive/Documents/UIUC/ECE-385/Vivado_Projects/lab7_1/lab7_1_workspace/mb_usb_hdmi_top/tempdsa/mb_usb_hdmi_top.xsa
TRACE::2024-11-01.12:54:25::SCWPlatform:: Unique name xilinx:::0.0
TRACE::2024-11-01.12:54:25::SCWPlatform::Found the Hw Db part of the input DSA
TRACE::2024-11-01.12:54:25::SCWMssOS::Doing hw sync for the mss in domain: standalone_microblaze_0
TRACE::2024-11-01.12:54:25::SCWPlatform::Trying to open the hw design at C:/Users/curti/OneDrive/Documents/UIUC/ECE-385/Vivado_Projects/lab7_1/lab7_1_workspace/mb_usb_hdmi_top/hw/mb_usb_hdmi_top.xsa
TRACE::2024-11-01.12:54:25::SCWPlatform::DSA given C:/Users/curti/OneDrive/Documents/UIUC/ECE-385/Vivado_Projects/lab7_1/lab7_1_workspace/mb_usb_hdmi_top/hw/mb_usb_hdmi_top.xsa
TRACE::2024-11-01.12:54:25::SCWPlatform::DSA absoulate path C:/Users/curti/OneDrive/Documents/UIUC/ECE-385/Vivado_Projects/lab7_1/lab7_1_workspace/mb_usb_hdmi_top/hw/mb_usb_hdmi_top.xsa
TRACE::2024-11-01.12:54:25::SCWPlatform::DSA directory C:/Users/curti/OneDrive/Documents/UIUC/ECE-385/Vivado_Projects/lab7_1/lab7_1_workspace/mb_usb_hdmi_top/hw
TRACE::2024-11-01.12:54:25::SCWPlatform:: Platform Path C:/Users/curti/OneDrive/Documents/UIUC/ECE-385/Vivado_Projects/lab7_1/lab7_1_workspace/mb_usb_hdmi_top/hw/mb_usb_hdmi_top.xsa
TRACE::2024-11-01.12:54:25::SCWPlatform:: Unique name xilinx:::0.0
TRACE::2024-11-01.12:54:25::SCWPlatform::Trying to set the existing hwdb with name mb_usb_hdmi_top_10
TRACE::2024-11-01.12:54:25::SCWPlatform::Opened existing hwdb mb_usb_hdmi_top_10
TRACE::2024-11-01.12:54:25::SCWPlatform::Found the Hw Db part of the input DSA
TRACE::2024-11-01.12:54:25::SCWPlatform::Trying to open the hw design at C:/Users/curti/OneDrive/Documents/UIUC/ECE-385/Vivado_Projects/lab7_1/lab7_1_workspace/mb_usb_hdmi_top/hw/mb_usb_hdmi_top.xsa
TRACE::2024-11-01.12:54:25::SCWPlatform::DSA given C:/Users/curti/OneDrive/Documents/UIUC/ECE-385/Vivado_Projects/lab7_1/lab7_1_workspace/mb_usb_hdmi_top/hw/mb_usb_hdmi_top.xsa
TRACE::2024-11-01.12:54:25::SCWPlatform::DSA absoulate path C:/Users/curti/OneDrive/Documents/UIUC/ECE-385/Vivado_Projects/lab7_1/lab7_1_workspace/mb_usb_hdmi_top/hw/mb_usb_hdmi_top.xsa
TRACE::2024-11-01.12:54:25::SCWPlatform::DSA directory C:/Users/curti/OneDrive/Documents/UIUC/ECE-385/Vivado_Projects/lab7_1/lab7_1_workspace/mb_usb_hdmi_top/hw
TRACE::2024-11-01.12:54:25::SCWPlatform:: Platform Path C:/Users/curti/OneDrive/Documents/UIUC/ECE-385/Vivado_Projects/lab7_1/lab7_1_workspace/mb_usb_hdmi_top/hw/mb_usb_hdmi_top.xsa
TRACE::2024-11-01.12:54:25::SCWPlatform:: Unique name xilinx:::0.0
TRACE::2024-11-01.12:54:25::SCWPlatform::Trying to set the existing hwdb with name mb_usb_hdmi_top_10
TRACE::2024-11-01.12:54:25::SCWPlatform::Opened existing hwdb mb_usb_hdmi_top_10
TRACE::2024-11-01.12:54:25::SCWPlatform::Found the Hw Db part of the input DSA
TRACE::2024-11-01.12:54:25::SCWMssOS::Checking the sw design at  C:/Users/curti/OneDrive/Documents/UIUC/ECE-385/Vivado_Projects/lab7_1/lab7_1_workspace/mb_usb_hdmi_top/microblaze_0/standalone_microblaze_0/bsp/system.mss
TRACE::2024-11-01.12:54:25::SCWMssOS::DEBUG:  swdes dump  C:/Users/curti/OneDrive/Documents/UIUC/ECE-385/Vivado_Projects/lab7_1/lab7_1_workspace/mb_usb_hdmi_top/microblaze_0/standalone_microblaze_0/bsp/system.mss|system||

TRACE::2024-11-01.12:54:25::SCWMssOS::Sw design exists and opened at  C:/Users/curti/OneDrive/Documents/UIUC/ECE-385/Vivado_Projects/lab7_1/lab7_1_workspace/mb_usb_hdmi_top/microblaze_0/standalone_microblaze_0/bsp/system.mss
TRACE::2024-11-01.12:54:25::SCWPlatform::Trying to open the hw design at C:/Users/curti/OneDrive/Documents/UIUC/ECE-385/Vivado_Projects/lab7_1/lab7_1_workspace/mb_usb_hdmi_top/tempdsa/mb_usb_hdmi_top.xsa
TRACE::2024-11-01.12:54:25::SCWPlatform::DSA given C:/Users/curti/OneDrive/Documents/UIUC/ECE-385/Vivado_Projects/lab7_1/lab7_1_workspace/mb_usb_hdmi_top/tempdsa/mb_usb_hdmi_top.xsa
TRACE::2024-11-01.12:54:25::SCWPlatform::DSA absoulate path C:/Users/curti/OneDrive/Documents/UIUC/ECE-385/Vivado_Projects/lab7_1/lab7_1_workspace/mb_usb_hdmi_top/tempdsa/mb_usb_hdmi_top.xsa
TRACE::2024-11-01.12:54:25::SCWPlatform::DSA directory C:/Users/curti/OneDrive/Documents/UIUC/ECE-385/Vivado_Projects/lab7_1/lab7_1_workspace/mb_usb_hdmi_top/tempdsa
TRACE::2024-11-01.12:54:25::SCWPlatform:: Platform Path C:/Users/curti/OneDrive/Documents/UIUC/ECE-385/Vivado_Projects/lab7_1/lab7_1_workspace/mb_usb_hdmi_top/tempdsa/mb_usb_hdmi_top.xsa
TRACE::2024-11-01.12:54:25::SCWPlatform:: Unique name xilinx:::0.0
TRACE::2024-11-01.12:54:25::SCWPlatform::update - Opened existing hwdb mb_usb_hdmi_top_11
TRACE::2024-11-01.12:54:25::SCWPlatform::Found the Hw Db part of the input DSA
TRACE::2024-11-01.12:54:25::SCWMssOS::Saving the mss changes C:/Users/curti/OneDrive/Documents/UIUC/ECE-385/Vivado_Projects/lab7_1/lab7_1_workspace/mb_usb_hdmi_top/microblaze_0/standalone_microblaze_0/bsp/system.mss
TRACE::2024-11-01.12:54:25::SCWMssOS::Found a swdesign opened with the mssfile.
TRACE::2024-11-01.12:54:25::SCWMssOS::Completed writemss as part of save.
TRACE::2024-11-01.12:54:25::SCWMssOS::Commit changes completed.
TRACE::2024-11-01.12:54:25::SCWMssOS::Completed hw sync for the mss in domain: standalone_microblaze_0
TRACE::2024-11-01.12:54:25::SCWMssOS::Removing the swdes entry for  C:/Users/curti/OneDrive/Documents/UIUC/ECE-385/Vivado_Projects/lab7_1/lab7_1_workspace/mb_usb_hdmi_top/microblaze_0/standalone_microblaze_0/bsp/system.mss
TRACE::2024-11-01.12:54:25::SCWPlatform::Trying to open the hw design at C:/Users/curti/OneDrive/Documents/UIUC/ECE-385/Vivado_Projects/lab7_1/lab7_1_workspace/mb_usb_hdmi_top/hw/mb_usb_hdmi_top.xsa
TRACE::2024-11-01.12:54:25::SCWPlatform::DSA given C:/Users/curti/OneDrive/Documents/UIUC/ECE-385/Vivado_Projects/lab7_1/lab7_1_workspace/mb_usb_hdmi_top/hw/mb_usb_hdmi_top.xsa
TRACE::2024-11-01.12:54:25::SCWPlatform::DSA absoulate path C:/Users/curti/OneDrive/Documents/UIUC/ECE-385/Vivado_Projects/lab7_1/lab7_1_workspace/mb_usb_hdmi_top/hw/mb_usb_hdmi_top.xsa
TRACE::2024-11-01.12:54:25::SCWPlatform::DSA directory C:/Users/curti/OneDrive/Documents/UIUC/ECE-385/Vivado_Projects/lab7_1/lab7_1_workspace/mb_usb_hdmi_top/hw
TRACE::2024-11-01.12:54:25::SCWPlatform:: Platform Path C:/Users/curti/OneDrive/Documents/UIUC/ECE-385/Vivado_Projects/lab7_1/lab7_1_workspace/mb_usb_hdmi_top/hw/mb_usb_hdmi_top.xsa
TRACE::2024-11-01.12:54:25::SCWPlatform:: Unique name xilinx:::0.0
TRACE::2024-11-01.12:54:25::SCWPlatform::Do not have an existing db opened. 
TRACE::2024-11-01.12:54:26::SCWPlatform::Opened new HwDB with name mb_usb_hdmi_top_12
TRACE::2024-11-01.12:54:26::SCWMssOS::Saving the mss changes C:/Users/curti/OneDrive/Documents/UIUC/ECE-385/Vivado_Projects/lab7_1/lab7_1_workspace/mb_usb_hdmi_top/microblaze_0/standalone_microblaze_0/bsp/system.mss
TRACE::2024-11-01.12:54:26::SCWMssOS::Adding the swdes entry, mss present, able to open swdb C:/Users/curti/OneDrive/Documents/UIUC/ECE-385/Vivado_Projects/lab7_1/lab7_1_workspace/mb_usb_hdmi_top/microblaze_0/standalone_microblaze_0/bsp/system.mss with des name system
TRACE::2024-11-01.12:54:26::SCWMssOS::Writing the mss file completed C:/Users/curti/OneDrive/Documents/UIUC/ECE-385/Vivado_Projects/lab7_1/lab7_1_workspace/mb_usb_hdmi_top/microblaze_0/standalone_microblaze_0/bsp/system.mss
TRACE::2024-11-01.12:54:26::SCWMssOS::Commit changes completed.
TRACE::2024-11-01.12:54:26::SCWPlatform::Trying to open the hw design at C:/Users/curti/OneDrive/Documents/UIUC/ECE-385/Vivado_Projects/lab7_1/lab7_1_workspace/mb_usb_hdmi_top/hw/mb_usb_hdmi_top.xsa
TRACE::2024-11-01.12:54:26::SCWPlatform::DSA given C:/Users/curti/OneDrive/Documents/UIUC/ECE-385/Vivado_Projects/lab7_1/lab7_1_workspace/mb_usb_hdmi_top/hw/mb_usb_hdmi_top.xsa
TRACE::2024-11-01.12:54:26::SCWPlatform::DSA absoulate path C:/Users/curti/OneDrive/Documents/UIUC/ECE-385/Vivado_Projects/lab7_1/lab7_1_workspace/mb_usb_hdmi_top/hw/mb_usb_hdmi_top.xsa
TRACE::2024-11-01.12:54:26::SCWPlatform::DSA directory C:/Users/curti/OneDrive/Documents/UIUC/ECE-385/Vivado_Projects/lab7_1/lab7_1_workspace/mb_usb_hdmi_top/hw
TRACE::2024-11-01.12:54:26::SCWPlatform:: Platform Path C:/Users/curti/OneDrive/Documents/UIUC/ECE-385/Vivado_Projects/lab7_1/lab7_1_workspace/mb_usb_hdmi_top/hw/mb_usb_hdmi_top.xsa
TRACE::2024-11-01.12:54:26::SCWPlatform:: Unique name xilinx:::0.0
TRACE::2024-11-01.12:54:26::SCWPlatform::Trying to set the existing hwdb with name mb_usb_hdmi_top_12
TRACE::2024-11-01.12:54:26::SCWPlatform::Opened existing hwdb mb_usb_hdmi_top_12
TRACE::2024-11-01.12:54:26::SCWPlatform::Found the Hw Db part of the input DSA
TRACE::2024-11-01.12:54:26::SCWMssOS::Checking the sw design at  C:/Users/curti/OneDrive/Documents/UIUC/ECE-385/Vivado_Projects/lab7_1/lab7_1_workspace/mb_usb_hdmi_top/microblaze_0/standalone_microblaze_0/bsp/system.mss
TRACE::2024-11-01.12:54:26::SCWMssOS::DEBUG:  swdes dump  C:/Users/curti/OneDrive/Documents/UIUC/ECE-385/Vivado_Projects/lab7_1/lab7_1_workspace/mb_usb_hdmi_top/microblaze_0/standalone_microblaze_0/bsp/system.mss|system||

TRACE::2024-11-01.12:54:26::SCWMssOS::Sw design exists and opened at  C:/Users/curti/OneDrive/Documents/UIUC/ECE-385/Vivado_Projects/lab7_1/lab7_1_workspace/mb_usb_hdmi_top/microblaze_0/standalone_microblaze_0/bsp/system.mss
TRACE::2024-11-01.12:54:26::SCWWriter::formatted JSON is {
	"platformName":	"mb_usb_hdmi_top",
	"sprVersion":	"2.0",
	"mode":	"gui",
	"dsaType":	"Fixed",
	"platformDesc":	"mb_usb_hdmi_top",
	"platHandOff":	"C:/Users/curti/Downloads/lab7_new (2)/lab7_new/lab_7_1/mb_usb_hdmi_top.xsa",
	"platIntHandOff":	"<platformDir>/hw/mb_usb_hdmi_top.xsa",
	"deviceType":	"FPGA",
	"platIsPrebuiltAutogen":	"false",
	"platIsNoBootBsp":	"false",
	"hasFsblMakeHasChanges":	"false",
	"hasPmufwMakeHasChanges":	"false",
	"platPreBuiltFlag":	false,
	"platformSamplesDir":	"",
	"platActiveSys":	"mb_usb_hdmi_top",
	"systems":	[{
			"systemName":	"mb_usb_hdmi_top",
			"systemDesc":	"mb_usb_hdmi_top",
			"sysIsBootAutoGen":	"true",
			"systemDispName":	"mb_usb_hdmi_top",
			"sysActiveDom":	"standalone_microblaze_0",
			"sysDefaultDom":	"standalone_microblaze_0",
			"domains":	[{
					"domainName":	"standalone_microblaze_0",
					"domainDispName":	"standalone_microblaze_0",
					"domainDesc":	"standalone_microblaze_0",
					"processors":	"microblaze_0",
					"os":	"standalone",
					"sdxOs":	"standalone",
					"debugEnable":	"False",
					"domRuntimes":	["cpp"],
					"swRepo":	"",
					"mssOsVer":	"8.0",
					"mssFile":	"",
					"md5Digest":	"5422c1e5be4ae93f4de8c50507402f2a1",
					"compatibleApp":	"",
					"domType":	"mssDomain",
					"arch":	"32-bit",
					"appSettings":	{
						"appCompilerFlags":	"",
						"appLinkerFlags":	""
					},
					"addedLibs":	[],
					"libOptions":	{
						"libsContainingOptions":	[]
					},
					"prebuiltLibs":	{
						"prebuiltIncPath":	[],
						"prebuiltLibPath":	[]
					},
					"isolation":	{
					}
				}]
		}]
}
TRACE::2024-11-01.12:54:32::SCWMssOS::cleaning the bsp 
TRACE::2024-11-01.12:54:32::SCWMssOS::System Command Ran  C: & cd  C:/Users/curti/OneDrive/Documents/UIUC/ECE-385/Vivado_Projects/lab7_1/lab7_1_workspace/mb_usb_hdmi_top/microblaze_0/standalone_microblaze_0/bsp & make clean 
TRACE::2024-11-01.12:54:32::SCWMssOS::make -C microblaze_0/libsrc/bram_v4_8/src -s clean 

TRACE::2024-11-01.12:54:33::SCWMssOS::make -C microblaze_0/libsrc/cpu_v2_16/src -s clean 

TRACE::2024-11-01.12:54:33::SCWMssOS::make -C microblaze_0/libsrc/intc_v3_15/src -s clean 

TRACE::2024-11-01.12:54:33::SCWMssOS::make -C microblaze_0/libsrc/standalone_v8_0/src -s clean 

TRACE::2024-11-01.12:54:33::SCWMssOS::make -C microblaze_0/libsrc/uartlite_v3_7/src -s clean 

TRACE::2024-11-01.12:54:33::SCWMssOS::rm -f microblaze_0/lib/libxil.a

TRACE::2024-11-01.12:54:36::SCWMssOS::cleaning the bsp 
TRACE::2024-11-01.12:54:36::SCWMssOS::System Command Ran  C: & cd  C:/Users/curti/OneDrive/Documents/UIUC/ECE-385/Vivado_Projects/lab7_1/lab7_1_workspace/mb_usb_hdmi_top/microblaze_0/standalone_microblaze_0/bsp & make clean 
TRACE::2024-11-01.12:54:36::SCWMssOS::make -C microblaze_0/libsrc/bram_v4_8/src -s clean 

TRACE::2024-11-01.12:54:36::SCWMssOS::make -C microblaze_0/libsrc/cpu_v2_16/src -s clean 

TRACE::2024-11-01.12:54:36::SCWMssOS::make -C microblaze_0/libsrc/intc_v3_15/src -s clean 

TRACE::2024-11-01.12:54:36::SCWMssOS::make -C microblaze_0/libsrc/standalone_v8_0/src -s clean 

TRACE::2024-11-01.12:54:36::SCWMssOS::make -C microblaze_0/libsrc/uartlite_v3_7/src -s clean 

TRACE::2024-11-01.12:54:36::SCWMssOS::rm -f microblaze_0/lib/libxil.a

TRACE::2024-11-01.12:54:46::SCWMssOS::cleaning the bsp 
TRACE::2024-11-01.12:54:46::SCWMssOS::System Command Ran  C: & cd  C:/Users/curti/OneDrive/Documents/UIUC/ECE-385/Vivado_Projects/lab7_1/lab7_1_workspace/mb_usb_hdmi_top/microblaze_0/standalone_microblaze_0/bsp & make clean 
TRACE::2024-11-01.12:54:47::SCWMssOS::make -C microblaze_0/libsrc/bram_v4_8/src -s clean 

TRACE::2024-11-01.12:54:47::SCWMssOS::make -C microblaze_0/libsrc/cpu_v2_16/src -s clean 

TRACE::2024-11-01.12:54:47::SCWMssOS::make -C microblaze_0/libsrc/intc_v3_15/src -s clean 

TRACE::2024-11-01.12:54:47::SCWMssOS::make -C microblaze_0/libsrc/standalone_v8_0/src -s clean 

TRACE::2024-11-01.12:54:47::SCWMssOS::make -C microblaze_0/libsrc/uartlite_v3_7/src -s clean 

TRACE::2024-11-01.12:54:47::SCWMssOS::rm -f microblaze_0/lib/libxil.a

LOG::2024-11-01.12:54:50::SCWPlatform::Started generating the artifacts platform mb_usb_hdmi_top
TRACE::2024-11-01.12:54:50::SCWPlatform::Sanity checking of platform is completed
LOG::2024-11-01.12:54:50::SCWPlatform::Started generating the artifacts for system configuration mb_usb_hdmi_top
LOG::2024-11-01.12:54:50::SCWSystem::Checking the domain standalone_microblaze_0
LOG::2024-11-01.12:54:50::SCWSystem::Not a boot domain 
LOG::2024-11-01.12:54:50::SCWSystem::Started Processing the domain standalone_microblaze_0
TRACE::2024-11-01.12:54:50::SCWDomain::Generating domain artifcats
TRACE::2024-11-01.12:54:50::SCWMssOS::Generating standalone artifcats
TRACE::2024-11-01.12:54:50::SCWMssOS:: Copying the user libraries. 
TRACE::2024-11-01.12:54:50::SCWPlatform::Trying to open the hw design at C:/Users/curti/OneDrive/Documents/UIUC/ECE-385/Vivado_Projects/lab7_1/lab7_1_workspace/mb_usb_hdmi_top/hw/mb_usb_hdmi_top.xsa
TRACE::2024-11-01.12:54:50::SCWPlatform::DSA given C:/Users/curti/OneDrive/Documents/UIUC/ECE-385/Vivado_Projects/lab7_1/lab7_1_workspace/mb_usb_hdmi_top/hw/mb_usb_hdmi_top.xsa
TRACE::2024-11-01.12:54:50::SCWPlatform::DSA absoulate path C:/Users/curti/OneDrive/Documents/UIUC/ECE-385/Vivado_Projects/lab7_1/lab7_1_workspace/mb_usb_hdmi_top/hw/mb_usb_hdmi_top.xsa
TRACE::2024-11-01.12:54:50::SCWPlatform::DSA directory C:/Users/curti/OneDrive/Documents/UIUC/ECE-385/Vivado_Projects/lab7_1/lab7_1_workspace/mb_usb_hdmi_top/hw
TRACE::2024-11-01.12:54:50::SCWPlatform:: Platform Path C:/Users/curti/OneDrive/Documents/UIUC/ECE-385/Vivado_Projects/lab7_1/lab7_1_workspace/mb_usb_hdmi_top/hw/mb_usb_hdmi_top.xsa
TRACE::2024-11-01.12:54:50::SCWPlatform:: Unique name xilinx:::0.0
TRACE::2024-11-01.12:54:50::SCWPlatform::Trying to set the existing hwdb with name mb_usb_hdmi_top_12
TRACE::2024-11-01.12:54:50::SCWPlatform::Opened existing hwdb mb_usb_hdmi_top_12
TRACE::2024-11-01.12:54:50::SCWPlatform::Found the Hw Db part of the input DSA
TRACE::2024-11-01.12:54:50::SCWMssOS::Checking the sw design at  C:/Users/curti/OneDrive/Documents/UIUC/ECE-385/Vivado_Projects/lab7_1/lab7_1_workspace/mb_usb_hdmi_top/microblaze_0/standalone_microblaze_0/bsp/system.mss
TRACE::2024-11-01.12:54:50::SCWMssOS::DEBUG:  swdes dump  C:/Users/curti/OneDrive/Documents/UIUC/ECE-385/Vivado_Projects/lab7_1/lab7_1_workspace/mb_usb_hdmi_top/microblaze_0/standalone_microblaze_0/bsp/system.mss|system||

TRACE::2024-11-01.12:54:50::SCWMssOS::Sw design exists and opened at  C:/Users/curti/OneDrive/Documents/UIUC/ECE-385/Vivado_Projects/lab7_1/lab7_1_workspace/mb_usb_hdmi_top/microblaze_0/standalone_microblaze_0/bsp/system.mss
TRACE::2024-11-01.12:54:50::SCWMssOS::Completed writing the mss file at C:/Users/curti/OneDrive/Documents/UIUC/ECE-385/Vivado_Projects/lab7_1/lab7_1_workspace/mb_usb_hdmi_top/microblaze_0/standalone_microblaze_0/bsp
TRACE::2024-11-01.12:54:50::SCWMssOS::Mss edits present, copying mssfile into export location C:/Users/curti/OneDrive/Documents/UIUC/ECE-385/Vivado_Projects/lab7_1/lab7_1_workspace/mb_usb_hdmi_top/microblaze_0/standalone_microblaze_0/bsp/system.mss
TRACE::2024-11-01.12:54:50::SCWMssOS::bsp generated is stale removing and regenerating. 
TRACE::2024-11-01.12:54:51::SCWMssOS::doing bsp build ... 
TRACE::2024-11-01.12:54:51::SCWMssOS::System Command Ran  C: & cd  C:/Users/curti/OneDrive/Documents/UIUC/ECE-385/Vivado_Projects/lab7_1/lab7_1_workspace/mb_usb_hdmi_top/microblaze_0/standalone_microblaze_0/bsp & make 
TRACE::2024-11-01.12:54:51::SCWMssOS::make --no-print-directory seq_libs

TRACE::2024-11-01.12:54:51::SCWMssOS::'Finished building libraries sequentially.'

TRACE::2024-11-01.12:54:51::SCWMssOS::make -j 18 --no-print-directory par_libs

TRACE::2024-11-01.12:54:51::SCWMssOS::"Running Make include in microblaze_0/libsrc/bram_v4_8/src"

TRACE::2024-11-01.12:54:51::SCWMssOS::"Running Make include in microblaze_0/libsrc/cpu_v2_16/src"

TRACE::2024-11-01.12:54:51::SCWMssOS::make -C microblaze_0/libsrc/bram_v4_8/src -s include  "SHELL=CMD" "COMPILER=mb-gcc" "ASSEMBLER=mb-as" "ARCHIVER=mb-ar" "COMPILE
TRACE::2024-11-01.12:54:51::SCWMssOS::R_FLAGS=  -O2 -c -mcpu=v11.0 -mlittle-endian -mno-xl-reorder -mno-xl-soft-mul -mxl-barrel-shift -mxl-pattern-compare" "EXTRA_CO
TRACE::2024-11-01.12:54:51::SCWMssOS::MPILER_FLAGS=-g -ffunction-sections -fdata-sections -Wall -Wextra -fno-tree-loop-distribute-patterns"

TRACE::2024-11-01.12:54:51::SCWMssOS::make -C microblaze_0/libsrc/cpu_v2_16/src -s include  "SHELL=CMD" "COMPILER=mb-gcc" "ASSEMBLER=mb-as" "ARCHIVER=mb-ar" "COMPILE
TRACE::2024-11-01.12:54:51::SCWMssOS::R_FLAGS=  -O2 -c -mcpu=v11.0 -mlittle-endian -mno-xl-reorder -mno-xl-soft-mul -mxl-barrel-shift -mxl-pattern-compare" "EXTRA_CO
TRACE::2024-11-01.12:54:51::SCWMssOS::MPILER_FLAGS=-g -ffunction-sections -fdata-sections -Wall -Wextra -fno-tree-loop-distribute-patterns"

TRACE::2024-11-01.12:54:51::SCWMssOS::"Running Make include in microblaze_0/libsrc/intc_v3_15/src"

TRACE::2024-11-01.12:54:51::SCWMssOS::make -C microblaze_0/libsrc/intc_v3_15/src -s include  "SHELL=CMD" "COMPILER=mb-gcc" "ASSEMBLER=mb-as" "ARCHIVER=mb-ar" "COMPIL
TRACE::2024-11-01.12:54:51::SCWMssOS::ER_FLAGS=  -O2 -c -mcpu=v11.0 -mlittle-endian -mno-xl-reorder -mno-xl-soft-mul -mxl-barrel-shift -mxl-pattern-compare" "EXTRA_C
TRACE::2024-11-01.12:54:51::SCWMssOS::OMPILER_FLAGS=-g -ffunction-sections -fdata-sections -Wall -Wextra -fno-tree-loop-distribute-patterns"

TRACE::2024-11-01.12:54:51::SCWMssOS::"Running Make include in microblaze_0/libsrc/standalone_v8_0/src"

TRACE::2024-11-01.12:54:51::SCWMssOS::make -C microblaze_0/libsrc/standalone_v8_0/src -s include  "SHELL=CMD" "COMPILER=mb-gcc" "ASSEMBLER=mb-as" "ARCHIVER=mb-ar" "C
TRACE::2024-11-01.12:54:51::SCWMssOS::OMPILER_FLAGS=  -O2 -c -mcpu=v11.0 -mlittle-endian -mno-xl-reorder -mno-xl-soft-mul -mxl-barrel-shift -mxl-pattern-compare" "EX
TRACE::2024-11-01.12:54:51::SCWMssOS::TRA_COMPILER_FLAGS=-g -ffunction-sections -fdata-sections -Wall -Wextra -fno-tree-loop-distribute-patterns"

TRACE::2024-11-01.12:54:51::SCWMssOS::"Running Make include in microblaze_0/libsrc/uartlite_v3_7/src"

TRACE::2024-11-01.12:54:51::SCWMssOS::make -C microblaze_0/libsrc/uartlite_v3_7/src -s include  "SHELL=CMD" "COMPILER=mb-gcc" "ASSEMBLER=mb-as" "ARCHIVER=mb-ar" "COM
TRACE::2024-11-01.12:54:51::SCWMssOS::PILER_FLAGS=  -O2 -c -mcpu=v11.0 -mlittle-endian -mno-xl-reorder -mno-xl-soft-mul -mxl-barrel-shift -mxl-pattern-compare" "EXTR
TRACE::2024-11-01.12:54:51::SCWMssOS::A_COMPILER_FLAGS=-g -ffunction-sections -fdata-sections -Wall -Wextra -fno-tree-loop-distribute-patterns"

TRACE::2024-11-01.12:54:52::SCWMssOS::"Running Make libs in microblaze_0/libsrc/bram_v4_8/src"

TRACE::2024-11-01.12:54:52::SCWMssOS::"Running Make libs in microblaze_0/libsrc/cpu_v2_16/src"

TRACE::2024-11-01.12:54:52::SCWMssOS::make -C microblaze_0/libsrc/bram_v4_8/src -s libs  "SHELL=CMD" "COMPILER=mb-gcc" "ASSEMBLER=mb-as" "ARCHIVER=mb-ar" "COMPILER_F
TRACE::2024-11-01.12:54:52::SCWMssOS::LAGS=  -O2 -c -mcpu=v11.0 -mlittle-endian -mno-xl-reorder -mno-xl-soft-mul -mxl-barrel-shift -mxl-pattern-compare" "EXTRA_COMPI
TRACE::2024-11-01.12:54:52::SCWMssOS::LER_FLAGS=-g -ffunction-sections -fdata-sections -Wall -Wextra -fno-tree-loop-distribute-patterns"

TRACE::2024-11-01.12:54:52::SCWMssOS::make -C microblaze_0/libsrc/cpu_v2_16/src -s libs  "SHELL=CMD" "COMPILER=mb-gcc" "ASSEMBLER=mb-as" "ARCHIVER=mb-ar" "COMPILER_F
TRACE::2024-11-01.12:54:52::SCWMssOS::LAGS=  -O2 -c -mcpu=v11.0 -mlittle-endian -mno-xl-reorder -mno-xl-soft-mul -mxl-barrel-shift -mxl-pattern-compare" "EXTRA_COMPI
TRACE::2024-11-01.12:54:52::SCWMssOS::LER_FLAGS=-g -ffunction-sections -fdata-sections -Wall -Wextra -fno-tree-loop-distribute-patterns"

TRACE::2024-11-01.12:54:52::SCWMssOS::"Running Make libs in microblaze_0/libsrc/intc_v3_15/src"

TRACE::2024-11-01.12:54:52::SCWMssOS::make -C microblaze_0/libsrc/intc_v3_15/src -s libs  "SHELL=CMD" "COMPILER=mb-gcc" "ASSEMBLER=mb-as" "ARCHIVER=mb-ar" "COMPILER_
TRACE::2024-11-01.12:54:52::SCWMssOS::FLAGS=  -O2 -c -mcpu=v11.0 -mlittle-endian -mno-xl-reorder -mno-xl-soft-mul -mxl-barrel-shift -mxl-pattern-compare" "EXTRA_COMP
TRACE::2024-11-01.12:54:52::SCWMssOS::ILER_FLAGS=-g -ffunction-sections -fdata-sections -Wall -Wextra -fno-tree-loop-distribute-patterns"

TRACE::2024-11-01.12:54:52::SCWMssOS::"Running Make libs in microblaze_0/libsrc/standalone_v8_0/src"

TRACE::2024-11-01.12:54:52::SCWMssOS::make -C microblaze_0/libsrc/standalone_v8_0/src -s libs  "SHELL=CMD" "COMPILER=mb-gcc" "ASSEMBLER=mb-as" "ARCHIVER=mb-ar" "COMP
TRACE::2024-11-01.12:54:52::SCWMssOS::ILER_FLAGS=  -O2 -c -mcpu=v11.0 -mlittle-endian -mno-xl-reorder -mno-xl-soft-mul -mxl-barrel-shift -mxl-pattern-compare" "EXTRA
TRACE::2024-11-01.12:54:52::SCWMssOS::_COMPILER_FLAGS=-g -ffunction-sections -fdata-sections -Wall -Wextra -fno-tree-loop-distribute-patterns"

TRACE::2024-11-01.12:54:52::SCWMssOS::"Running Make libs in microblaze_0/libsrc/uartlite_v3_7/src"

TRACE::2024-11-01.12:54:52::SCWMssOS::make -C microblaze_0/libsrc/uartlite_v3_7/src -s libs  "SHELL=CMD" "COMPILER=mb-gcc" "ASSEMBLER=mb-as" "ARCHIVER=mb-ar" "COMPIL
TRACE::2024-11-01.12:54:52::SCWMssOS::ER_FLAGS=  -O2 -c -mcpu=v11.0 -mlittle-endian -mno-xl-reorder -mno-xl-soft-mul -mxl-barrel-shift -mxl-pattern-compare" "EXTRA_C
TRACE::2024-11-01.12:54:52::SCWMssOS::OMPILER_FLAGS=-g -ffunction-sections -fdata-sections -Wall -Wextra -fno-tree-loop-distribute-patterns"

TRACE::2024-11-01.12:54:52::SCWMssOS::"DEBUG NON_LTO_OBJECTS is ../../../lib/microblaze_interrupt_handler.o"

TRACE::2024-11-01.12:54:52::SCWMssOS::'Finished building libraries parallelly.'

TRACE::2024-11-01.12:54:52::SCWMssOS::make --no-print-directory archive

TRACE::2024-11-01.12:54:52::SCWMssOS::mb-ar -r  microblaze_0/lib/libxil.a microblaze_0/lib/_exit.o microblaze_0/lib/errno.o microblaze_0/lib/fcntl.o microblaze_0/lib
TRACE::2024-11-01.12:54:52::SCWMssOS::/hw_exception_handler.o microblaze_0/lib/inbyte.o microblaze_0/lib/microblaze_disable_dcache.o microblaze_0/lib/microblaze_disa
TRACE::2024-11-01.12:54:52::SCWMssOS::ble_exceptions.o microblaze_0/lib/microblaze_disable_icache.o microblaze_0/lib/microblaze_disable_interrupts.o microblaze_0/lib
TRACE::2024-11-01.12:54:52::SCWMssOS::/microblaze_enable_dcache.o microblaze_0/lib/microblaze_enable_exceptions.o microblaze_0/lib/microblaze_enable_icache.o microbl
TRACE::2024-11-01.12:54:52::SCWMssOS::aze_0/lib/microblaze_enable_interrupts.o microblaze_0/lib/microblaze_exception_handler.o microblaze_0/lib/microblaze_flush_cach
TRACE::2024-11-01.12:54:52::SCWMssOS::e_ext.o microblaze_0/lib/microblaze_flush_cache_ext_range.o microblaze_0/lib/microblaze_flush_dcache.o microblaze_0/lib/microbl
TRACE::2024-11-01.12:54:52::SCWMssOS::aze_flush_dcache_range.o microblaze_0/lib/microblaze_init_dcache_range.o microblaze_0/lib/microblaze_init_icache_range.o microb
TRACE::2024-11-01.12:54:52::SCWMssOS::laze_0/lib/microblaze_interrupt_handler.o microblaze_0/lib/microblaze_interrupts_g.o microblaze_0/lib/microblaze_invalidate_cac
TRACE::2024-11-01.12:54:52::SCWMssOS::he_ext.o microblaze_0/lib/microblaze_invalidate_cache_ext_range.o microblaze_0/lib/microblaze_invalidate_dcache.o microblaze_0/
TRACE::2024-11-01.12:54:52::SCWMssOS::lib/microblaze_invalidate_dcache_range.o microblaze_0/lib/microblaze_invalidate_icache.o microblaze_0/lib/microblaze_invalidate
TRACE::2024-11-01.12:54:52::SCWMssOS::_icache_range.o microblaze_0/lib/microblaze_scrub.o microblaze_0/lib/microblaze_selftest.o microblaze_0/lib/microblaze_sleep.o 
TRACE::2024-11-01.12:54:52::SCWMssOS::microblaze_0/lib/microblaze_update_dcache.o microblaze_0/lib/microblaze_update_icache.o microblaze_0/lib/outbyte.o microblaze_0
TRACE::2024-11-01.12:54:52::SCWMssOS::/lib/print.o microblaze_0/lib/pvr.o microblaze_0/lib/xbram.o microblaze_0/lib/xbram_g.o microblaze_0/lib/xbram_intr.o microblaz
TRACE::2024-11-01.12:54:52::SCWMssOS::e_0/lib/xbram_selftest.o microblaze_0/lib/xbram_sinit.o microblaze_0/lib/xil_assert.o microblaze_0/lib/xil_cache.o microblaze_0
TRACE::2024-11-01.12:54:52::SCWMssOS::/lib/xil_clocking.o microblaze_0/lib/xil_exception.o microblaze_0/lib/xil_mem.o microblaze_0/lib/xil_misc_psreset_api.o microbl
TRACE::2024-11-01.12:54:52::SCWMssOS::aze_0/lib/xil_printf.o microblaze_0/lib/xil_sleepcommon.o microblaze_0/lib/xil_testcache.o microblaze_0/lib/xil_testio.o microb
TRACE::2024-11-01.12:54:52::SCWMssOS::laze_0/lib/xil_testmem.o microblaze_0/lib/xil_util.o microblaze_0/lib/xintc.o microblaze_0/lib/xintc_g.o microblaze_0/lib/xintc
TRACE::2024-11-01.12:54:52::SCWMssOS::_intr.o microblaze_0/lib/xintc_l.o microblaze_0/lib/xintc_options.o microblaze_0/lib/xintc_selftest.o microblaze_0/lib/xinterru
TRACE::2024-11-01.12:54:52::SCWMssOS::pt_wrap.o microblaze_0/lib/xio.o microblaze_0/lib/xplatform_info.o microblaze_0/lib/xuartlite.o microblaze_0/lib/xuartlite_g.o 
TRACE::2024-11-01.12:54:52::SCWMssOS::microblaze_0/lib/xuartlite_intr.o microblaze_0/lib/xuartlite_l.o microblaze_0/lib/xuartlite_selftest.o microblaze_0/lib/xuartli
TRACE::2024-11-01.12:54:52::SCWMssOS::te_sinit.o microblaze_0/lib/xuartlite_stats.o

TRACE::2024-11-01.12:54:52::SCWMssOS::'Finished building libraries'

TRACE::2024-11-01.12:54:53::SCWMssOS:: Checking if to create the Supporting Applications
TRACE::2024-11-01.12:54:53::SCWMssOS:: No Linux domain exists, trying to generate FSBL 
LOG::2024-11-01.12:54:53::SCWSystem::Completed Processing the domain standalone_microblaze_0
LOG::2024-11-01.12:54:53::SCWSystem::Completed Processing the sysconfig mb_usb_hdmi_top
LOG::2024-11-01.12:54:53::SCWPlatform::Completed generating the artifacts for system configuration mb_usb_hdmi_top
TRACE::2024-11-01.12:54:53::SCWPlatform::Started preparing the platform 
TRACE::2024-11-01.12:54:53::SCWSystem::Writing the bif file for system config mb_usb_hdmi_top
TRACE::2024-11-01.12:54:53::SCWSystem::dir created 
TRACE::2024-11-01.12:54:53::SCWSystem::Writing the bif 
TRACE::2024-11-01.12:54:53::SCWPlatform::Started writing the spfm file 
TRACE::2024-11-01.12:54:53::SCWPlatform::Started writing the xpfm file 
TRACE::2024-11-01.12:54:53::SCWPlatform::Completed generating the platform
TRACE::2024-11-01.12:54:53::SCWMssOS::Saving the mss changes C:/Users/curti/OneDrive/Documents/UIUC/ECE-385/Vivado_Projects/lab7_1/lab7_1_workspace/mb_usb_hdmi_top/microblaze_0/standalone_microblaze_0/bsp/system.mss
TRACE::2024-11-01.12:54:53::SCWMssOS::Adding the swdes entry, mss present, able to open swdb C:/Users/curti/OneDrive/Documents/UIUC/ECE-385/Vivado_Projects/lab7_1/lab7_1_workspace/mb_usb_hdmi_top/microblaze_0/standalone_microblaze_0/bsp/system.mss with des name system
TRACE::2024-11-01.12:54:53::SCWMssOS::Writing the mss file completed C:/Users/curti/OneDrive/Documents/UIUC/ECE-385/Vivado_Projects/lab7_1/lab7_1_workspace/mb_usb_hdmi_top/microblaze_0/standalone_microblaze_0/bsp/system.mss
TRACE::2024-11-01.12:54:53::SCWMssOS::Commit changes completed.
TRACE::2024-11-01.12:54:53::SCWPlatform::Trying to open the hw design at C:/Users/curti/OneDrive/Documents/UIUC/ECE-385/Vivado_Projects/lab7_1/lab7_1_workspace/mb_usb_hdmi_top/hw/mb_usb_hdmi_top.xsa
TRACE::2024-11-01.12:54:53::SCWPlatform::DSA given C:/Users/curti/OneDrive/Documents/UIUC/ECE-385/Vivado_Projects/lab7_1/lab7_1_workspace/mb_usb_hdmi_top/hw/mb_usb_hdmi_top.xsa
TRACE::2024-11-01.12:54:53::SCWPlatform::DSA absoulate path C:/Users/curti/OneDrive/Documents/UIUC/ECE-385/Vivado_Projects/lab7_1/lab7_1_workspace/mb_usb_hdmi_top/hw/mb_usb_hdmi_top.xsa
TRACE::2024-11-01.12:54:53::SCWPlatform::DSA directory C:/Users/curti/OneDrive/Documents/UIUC/ECE-385/Vivado_Projects/lab7_1/lab7_1_workspace/mb_usb_hdmi_top/hw
TRACE::2024-11-01.12:54:53::SCWPlatform:: Platform Path C:/Users/curti/OneDrive/Documents/UIUC/ECE-385/Vivado_Projects/lab7_1/lab7_1_workspace/mb_usb_hdmi_top/hw/mb_usb_hdmi_top.xsa
TRACE::2024-11-01.12:54:53::SCWPlatform:: Unique name xilinx:::0.0
TRACE::2024-11-01.12:54:53::SCWPlatform::Trying to set the existing hwdb with name mb_usb_hdmi_top_12
TRACE::2024-11-01.12:54:53::SCWPlatform::Opened existing hwdb mb_usb_hdmi_top_12
TRACE::2024-11-01.12:54:53::SCWPlatform::Found the Hw Db part of the input DSA
TRACE::2024-11-01.12:54:53::SCWMssOS::Checking the sw design at  C:/Users/curti/OneDrive/Documents/UIUC/ECE-385/Vivado_Projects/lab7_1/lab7_1_workspace/mb_usb_hdmi_top/microblaze_0/standalone_microblaze_0/bsp/system.mss
TRACE::2024-11-01.12:54:53::SCWMssOS::DEBUG:  swdes dump  C:/Users/curti/OneDrive/Documents/UIUC/ECE-385/Vivado_Projects/lab7_1/lab7_1_workspace/mb_usb_hdmi_top/microblaze_0/standalone_microblaze_0/bsp/system.mss|system||

TRACE::2024-11-01.12:54:53::SCWMssOS::Sw design exists and opened at  C:/Users/curti/OneDrive/Documents/UIUC/ECE-385/Vivado_Projects/lab7_1/lab7_1_workspace/mb_usb_hdmi_top/microblaze_0/standalone_microblaze_0/bsp/system.mss
TRACE::2024-11-01.12:54:53::SCWWriter::formatted JSON is {
	"platformName":	"mb_usb_hdmi_top",
	"sprVersion":	"2.0",
	"mode":	"gui",
	"dsaType":	"Fixed",
	"platformDesc":	"mb_usb_hdmi_top",
	"platHandOff":	"C:/Users/curti/Downloads/lab7_new (2)/lab7_new/lab_7_1/mb_usb_hdmi_top.xsa",
	"platIntHandOff":	"<platformDir>/hw/mb_usb_hdmi_top.xsa",
	"deviceType":	"FPGA",
	"platIsPrebuiltAutogen":	"false",
	"platIsNoBootBsp":	"false",
	"hasFsblMakeHasChanges":	"false",
	"hasPmufwMakeHasChanges":	"false",
	"platPreBuiltFlag":	false,
	"platformSamplesDir":	"",
	"platActiveSys":	"mb_usb_hdmi_top",
	"systems":	[{
			"systemName":	"mb_usb_hdmi_top",
			"systemDesc":	"mb_usb_hdmi_top",
			"sysIsBootAutoGen":	"true",
			"systemDispName":	"mb_usb_hdmi_top",
			"sysActiveDom":	"standalone_microblaze_0",
			"sysDefaultDom":	"standalone_microblaze_0",
			"domains":	[{
					"domainName":	"standalone_microblaze_0",
					"domainDispName":	"standalone_microblaze_0",
					"domainDesc":	"standalone_microblaze_0",
					"processors":	"microblaze_0",
					"os":	"standalone",
					"sdxOs":	"standalone",
					"debugEnable":	"False",
					"domRuntimes":	["cpp"],
					"swRepo":	"",
					"mssOsVer":	"8.0",
					"mssFile":	"",
					"md5Digest":	"5422c1e5be4ae93f4de8c50507402f2a",
					"compatibleApp":	"",
					"domType":	"mssDomain",
					"arch":	"32-bit",
					"appSettings":	{
						"appCompilerFlags":	"",
						"appLinkerFlags":	""
					},
					"addedLibs":	[],
					"libOptions":	{
						"libsContainingOptions":	[]
					},
					"prebuiltLibs":	{
						"prebuiltIncPath":	[],
						"prebuiltLibPath":	[]
					},
					"isolation":	{
					}
				}]
		}]
}
KEYINFO::2024-11-01.12:54:53::SCWPlatform::updated the xpfm file.
TRACE::2024-11-01.12:54:53::SCWPlatform::Trying to open the hw design at C:/Users/curti/OneDrive/Documents/UIUC/ECE-385/Vivado_Projects/lab7_1/lab7_1_workspace/mb_usb_hdmi_top/hw/mb_usb_hdmi_top.xsa
TRACE::2024-11-01.12:54:53::SCWPlatform::DSA given C:/Users/curti/OneDrive/Documents/UIUC/ECE-385/Vivado_Projects/lab7_1/lab7_1_workspace/mb_usb_hdmi_top/hw/mb_usb_hdmi_top.xsa
TRACE::2024-11-01.12:54:53::SCWPlatform::DSA absoulate path C:/Users/curti/OneDrive/Documents/UIUC/ECE-385/Vivado_Projects/lab7_1/lab7_1_workspace/mb_usb_hdmi_top/hw/mb_usb_hdmi_top.xsa
TRACE::2024-11-01.12:54:53::SCWPlatform::DSA directory C:/Users/curti/OneDrive/Documents/UIUC/ECE-385/Vivado_Projects/lab7_1/lab7_1_workspace/mb_usb_hdmi_top/hw
TRACE::2024-11-01.12:54:53::SCWPlatform:: Platform Path C:/Users/curti/OneDrive/Documents/UIUC/ECE-385/Vivado_Projects/lab7_1/lab7_1_workspace/mb_usb_hdmi_top/hw/mb_usb_hdmi_top.xsa
TRACE::2024-11-01.12:54:53::SCWPlatform:: Unique name xilinx:::0.0
TRACE::2024-11-01.12:54:53::SCWPlatform::Trying to set the existing hwdb with name mb_usb_hdmi_top_12
TRACE::2024-11-01.12:54:53::SCWPlatform::Opened existing hwdb mb_usb_hdmi_top_12
TRACE::2024-11-01.12:54:53::SCWPlatform::Found the Hw Db part of the input DSA
TRACE::2024-11-01.12:54:53::SCWMssOS::Checking the sw design at  C:/Users/curti/OneDrive/Documents/UIUC/ECE-385/Vivado_Projects/lab7_1/lab7_1_workspace/mb_usb_hdmi_top/microblaze_0/standalone_microblaze_0/bsp/system.mss
TRACE::2024-11-01.12:54:53::SCWMssOS::DEBUG:  swdes dump  C:/Users/curti/OneDrive/Documents/UIUC/ECE-385/Vivado_Projects/lab7_1/lab7_1_workspace/mb_usb_hdmi_top/microblaze_0/standalone_microblaze_0/bsp/system.mss|system||

TRACE::2024-11-01.12:54:53::SCWMssOS::Sw design exists and opened at  C:/Users/curti/OneDrive/Documents/UIUC/ECE-385/Vivado_Projects/lab7_1/lab7_1_workspace/mb_usb_hdmi_top/microblaze_0/standalone_microblaze_0/bsp/system.mss
TRACE::2024-11-07.13:39:20::SCWPlatform::Trying to open the hw design at C:/Users/curti/OneDrive/Documents/UIUC/ECE-385/Vivado_Projects/lab7_2/lab7_2_workspace/mb_usb_hdmi_top/hw/mb_usb_hdmi_top.xsa
TRACE::2024-11-07.13:39:20::SCWPlatform::DSA given C:/Users/curti/OneDrive/Documents/UIUC/ECE-385/Vivado_Projects/lab7_2/lab7_2_workspace/mb_usb_hdmi_top/hw/mb_usb_hdmi_top.xsa
TRACE::2024-11-07.13:39:20::SCWPlatform::DSA absoulate path C:/Users/curti/OneDrive/Documents/UIUC/ECE-385/Vivado_Projects/lab7_2/lab7_2_workspace/mb_usb_hdmi_top/hw/mb_usb_hdmi_top.xsa
TRACE::2024-11-07.13:39:20::SCWPlatform::DSA directory C:/Users/curti/OneDrive/Documents/UIUC/ECE-385/Vivado_Projects/lab7_2/lab7_2_workspace/mb_usb_hdmi_top/hw
TRACE::2024-11-07.13:39:20::SCWPlatform:: Platform Path C:/Users/curti/OneDrive/Documents/UIUC/ECE-385/Vivado_Projects/lab7_2/lab7_2_workspace/mb_usb_hdmi_top/hw/mb_usb_hdmi_top.xsa
TRACE::2024-11-07.13:39:20::SCWPlatform:: Unique name xilinx:::0.0
TRACE::2024-11-07.13:39:20::SCWPlatform::Do not have an existing db opened. 
TRACE::2024-11-07.13:39:20::SCWPlatform::Opened new HwDB with name mb_usb_hdmi_top
TRACE::2024-11-07.13:39:20::SCWReader::Active system found as  mb_usb_hdmi_top
TRACE::2024-11-07.13:39:20::SCWReader::Handling sysconfig mb_usb_hdmi_top
TRACE::2024-11-07.13:39:20::SCWDomain::checking for install qemu data   : 
TRACE::2024-11-07.13:39:20::SCWPlatform::Trying to open the hw design at C:/Users/curti/OneDrive/Documents/UIUC/ECE-385/Vivado_Projects/lab7_2/lab7_2_workspace/mb_usb_hdmi_top/hw/mb_usb_hdmi_top.xsa
TRACE::2024-11-07.13:39:20::SCWPlatform::DSA given C:/Users/curti/OneDrive/Documents/UIUC/ECE-385/Vivado_Projects/lab7_2/lab7_2_workspace/mb_usb_hdmi_top/hw/mb_usb_hdmi_top.xsa
TRACE::2024-11-07.13:39:20::SCWPlatform::DSA absoulate path C:/Users/curti/OneDrive/Documents/UIUC/ECE-385/Vivado_Projects/lab7_2/lab7_2_workspace/mb_usb_hdmi_top/hw/mb_usb_hdmi_top.xsa
TRACE::2024-11-07.13:39:20::SCWPlatform::DSA directory C:/Users/curti/OneDrive/Documents/UIUC/ECE-385/Vivado_Projects/lab7_2/lab7_2_workspace/mb_usb_hdmi_top/hw
TRACE::2024-11-07.13:39:20::SCWPlatform:: Platform Path C:/Users/curti/OneDrive/Documents/UIUC/ECE-385/Vivado_Projects/lab7_2/lab7_2_workspace/mb_usb_hdmi_top/hw/mb_usb_hdmi_top.xsa
TRACE::2024-11-07.13:39:20::SCWPlatform:: Unique name xilinx:::0.0
TRACE::2024-11-07.13:39:20::SCWPlatform::Trying to set the existing hwdb with name mb_usb_hdmi_top
TRACE::2024-11-07.13:39:20::SCWPlatform::Opened existing hwdb mb_usb_hdmi_top
TRACE::2024-11-07.13:39:20::SCWPlatform::Found the Hw Db part of the input DSA
TRACE::2024-11-07.13:39:20::SCWPlatform::Trying to open the hw design at C:/Users/curti/OneDrive/Documents/UIUC/ECE-385/Vivado_Projects/lab7_2/lab7_2_workspace/mb_usb_hdmi_top/hw/mb_usb_hdmi_top.xsa
TRACE::2024-11-07.13:39:20::SCWPlatform::DSA given C:/Users/curti/OneDrive/Documents/UIUC/ECE-385/Vivado_Projects/lab7_2/lab7_2_workspace/mb_usb_hdmi_top/hw/mb_usb_hdmi_top.xsa
TRACE::2024-11-07.13:39:20::SCWPlatform::DSA absoulate path C:/Users/curti/OneDrive/Documents/UIUC/ECE-385/Vivado_Projects/lab7_2/lab7_2_workspace/mb_usb_hdmi_top/hw/mb_usb_hdmi_top.xsa
TRACE::2024-11-07.13:39:20::SCWPlatform::DSA directory C:/Users/curti/OneDrive/Documents/UIUC/ECE-385/Vivado_Projects/lab7_2/lab7_2_workspace/mb_usb_hdmi_top/hw
TRACE::2024-11-07.13:39:20::SCWPlatform:: Platform Path C:/Users/curti/OneDrive/Documents/UIUC/ECE-385/Vivado_Projects/lab7_2/lab7_2_workspace/mb_usb_hdmi_top/hw/mb_usb_hdmi_top.xsa
TRACE::2024-11-07.13:39:20::SCWPlatform:: Unique name xilinx:::0.0
TRACE::2024-11-07.13:39:20::SCWPlatform::Trying to set the existing hwdb with name mb_usb_hdmi_top
TRACE::2024-11-07.13:39:20::SCWPlatform::Opened existing hwdb mb_usb_hdmi_top
TRACE::2024-11-07.13:39:20::SCWPlatform::Found the Hw Db part of the input DSA
TRACE::2024-11-07.13:39:20::SCWPlatform::Trying to open the hw design at C:/Users/curti/OneDrive/Documents/UIUC/ECE-385/Vivado_Projects/lab7_2/lab7_2_workspace/mb_usb_hdmi_top/hw/mb_usb_hdmi_top.xsa
TRACE::2024-11-07.13:39:20::SCWPlatform::DSA given C:/Users/curti/OneDrive/Documents/UIUC/ECE-385/Vivado_Projects/lab7_2/lab7_2_workspace/mb_usb_hdmi_top/hw/mb_usb_hdmi_top.xsa
TRACE::2024-11-07.13:39:20::SCWPlatform::DSA absoulate path C:/Users/curti/OneDrive/Documents/UIUC/ECE-385/Vivado_Projects/lab7_2/lab7_2_workspace/mb_usb_hdmi_top/hw/mb_usb_hdmi_top.xsa
TRACE::2024-11-07.13:39:20::SCWPlatform::DSA directory C:/Users/curti/OneDrive/Documents/UIUC/ECE-385/Vivado_Projects/lab7_2/lab7_2_workspace/mb_usb_hdmi_top/hw
TRACE::2024-11-07.13:39:20::SCWPlatform:: Platform Path C:/Users/curti/OneDrive/Documents/UIUC/ECE-385/Vivado_Projects/lab7_2/lab7_2_workspace/mb_usb_hdmi_top/hw/mb_usb_hdmi_top.xsa
TRACE::2024-11-07.13:39:20::SCWPlatform:: Unique name xilinx:::0.0
TRACE::2024-11-07.13:39:20::SCWPlatform::Trying to set the existing hwdb with name mb_usb_hdmi_top
TRACE::2024-11-07.13:39:20::SCWPlatform::Opened existing hwdb mb_usb_hdmi_top
TRACE::2024-11-07.13:39:20::SCWPlatform::Found the Hw Db part of the input DSA
TRACE::2024-11-07.13:39:20::SCWPlatform::Trying to open the hw design at C:/Users/curti/OneDrive/Documents/UIUC/ECE-385/Vivado_Projects/lab7_2/lab7_2_workspace/mb_usb_hdmi_top/hw/mb_usb_hdmi_top.xsa
TRACE::2024-11-07.13:39:20::SCWPlatform::DSA given C:/Users/curti/OneDrive/Documents/UIUC/ECE-385/Vivado_Projects/lab7_2/lab7_2_workspace/mb_usb_hdmi_top/hw/mb_usb_hdmi_top.xsa
TRACE::2024-11-07.13:39:20::SCWPlatform::DSA absoulate path C:/Users/curti/OneDrive/Documents/UIUC/ECE-385/Vivado_Projects/lab7_2/lab7_2_workspace/mb_usb_hdmi_top/hw/mb_usb_hdmi_top.xsa
TRACE::2024-11-07.13:39:20::SCWPlatform::DSA directory C:/Users/curti/OneDrive/Documents/UIUC/ECE-385/Vivado_Projects/lab7_2/lab7_2_workspace/mb_usb_hdmi_top/hw
TRACE::2024-11-07.13:39:20::SCWPlatform:: Platform Path C:/Users/curti/OneDrive/Documents/UIUC/ECE-385/Vivado_Projects/lab7_2/lab7_2_workspace/mb_usb_hdmi_top/hw/mb_usb_hdmi_top.xsa
TRACE::2024-11-07.13:39:20::SCWPlatform:: Unique name xilinx:::0.0
TRACE::2024-11-07.13:39:20::SCWPlatform::Trying to set the existing hwdb with name mb_usb_hdmi_top
TRACE::2024-11-07.13:39:20::SCWPlatform::Opened existing hwdb mb_usb_hdmi_top
TRACE::2024-11-07.13:39:20::SCWPlatform::Found the Hw Db part of the input DSA
TRACE::2024-11-07.13:39:20::SCWMssOS::Checking the sw design at  C:/Users/curti/OneDrive/Documents/UIUC/ECE-385/Vivado_Projects/lab7_2/lab7_2_workspace/mb_usb_hdmi_top/microblaze_0/standalone_microblaze_0/bsp/system.mss
TRACE::2024-11-07.13:39:20::SCWMssOS::DEBUG:  swdes dump  
TRACE::2024-11-07.13:39:20::SCWMssOS::No sw design opened at  C:/Users/curti/OneDrive/Documents/UIUC/ECE-385/Vivado_Projects/lab7_2/lab7_2_workspace/mb_usb_hdmi_top/microblaze_0/standalone_microblaze_0/bsp/system.mss
TRACE::2024-11-07.13:39:20::SCWMssOS::mss exists loading the mss file  C:/Users/curti/OneDrive/Documents/UIUC/ECE-385/Vivado_Projects/lab7_2/lab7_2_workspace/mb_usb_hdmi_top/microblaze_0/standalone_microblaze_0/bsp/system.mss
TRACE::2024-11-07.13:39:20::SCWMssOS::Opened the sw design from mss  C:/Users/curti/OneDrive/Documents/UIUC/ECE-385/Vivado_Projects/lab7_2/lab7_2_workspace/mb_usb_hdmi_top/microblaze_0/standalone_microblaze_0/bsp/system.mss
TRACE::2024-11-07.13:39:20::SCWMssOS::Adding the swdes entry C:/Users/curti/OneDrive/Documents/UIUC/ECE-385/Vivado_Projects/lab7_2/lab7_2_workspace/mb_usb_hdmi_top/microblaze_0/standalone_microblaze_0/bsp/system.mss with des name system
TRACE::2024-11-07.13:39:20::SCWMssOS::updating the scw layer about changes
TRACE::2024-11-07.13:39:20::SCWMssOS::Opened the sw design.  C:/Users/curti/OneDrive/Documents/UIUC/ECE-385/Vivado_Projects/lab7_2/lab7_2_workspace/mb_usb_hdmi_top/microblaze_0/standalone_microblaze_0/bsp/system.mss
TRACE::2024-11-07.13:39:20::SCWMssOS::Saving the mss changes C:/Users/curti/OneDrive/Documents/UIUC/ECE-385/Vivado_Projects/lab7_2/lab7_2_workspace/mb_usb_hdmi_top/microblaze_0/standalone_microblaze_0/bsp/system.mss
TRACE::2024-11-07.13:39:20::SCWMssOS::Found a swdesign opened with the mssfile.
TRACE::2024-11-07.13:39:20::SCWMssOS::Completed writemss as part of save.
TRACE::2024-11-07.13:39:20::SCWMssOS::Commit changes completed.
TRACE::2024-11-07.13:39:20::SCWReader::Adding prebuilt librarypaths as   
TRACE::2024-11-07.13:39:20::SCWReader::Adding prebuilt incpaths  as   
TRACE::2024-11-07.13:39:20::SCWPlatform::Trying to open the hw design at C:/Users/curti/OneDrive/Documents/UIUC/ECE-385/Vivado_Projects/lab7_2/lab7_2_workspace/mb_usb_hdmi_top/hw/mb_usb_hdmi_top.xsa
TRACE::2024-11-07.13:39:20::SCWPlatform::DSA given C:/Users/curti/OneDrive/Documents/UIUC/ECE-385/Vivado_Projects/lab7_2/lab7_2_workspace/mb_usb_hdmi_top/hw/mb_usb_hdmi_top.xsa
TRACE::2024-11-07.13:39:20::SCWPlatform::DSA absoulate path C:/Users/curti/OneDrive/Documents/UIUC/ECE-385/Vivado_Projects/lab7_2/lab7_2_workspace/mb_usb_hdmi_top/hw/mb_usb_hdmi_top.xsa
TRACE::2024-11-07.13:39:20::SCWPlatform::DSA directory C:/Users/curti/OneDrive/Documents/UIUC/ECE-385/Vivado_Projects/lab7_2/lab7_2_workspace/mb_usb_hdmi_top/hw
TRACE::2024-11-07.13:39:20::SCWPlatform:: Platform Path C:/Users/curti/OneDrive/Documents/UIUC/ECE-385/Vivado_Projects/lab7_2/lab7_2_workspace/mb_usb_hdmi_top/hw/mb_usb_hdmi_top.xsa
TRACE::2024-11-07.13:39:20::SCWPlatform:: Unique name xilinx:::0.0
TRACE::2024-11-07.13:39:20::SCWPlatform::Trying to set the existing hwdb with name mb_usb_hdmi_top
TRACE::2024-11-07.13:39:20::SCWPlatform::Opened existing hwdb mb_usb_hdmi_top
TRACE::2024-11-07.13:39:20::SCWPlatform::Found the Hw Db part of the input DSA
TRACE::2024-11-07.13:39:20::SCWMssOS::Checking the sw design at  C:/Users/curti/OneDrive/Documents/UIUC/ECE-385/Vivado_Projects/lab7_2/lab7_2_workspace/mb_usb_hdmi_top/microblaze_0/standalone_microblaze_0/bsp/system.mss
TRACE::2024-11-07.13:39:20::SCWMssOS::DEBUG:  swdes dump  C:/Users/curti/OneDrive/Documents/UIUC/ECE-385/Vivado_Projects/lab7_2/lab7_2_workspace/mb_usb_hdmi_top/microblaze_0/standalone_microblaze_0/bsp/system.mss|system||

TRACE::2024-11-07.13:39:20::SCWMssOS::Sw design exists and opened at  C:/Users/curti/OneDrive/Documents/UIUC/ECE-385/Vivado_Projects/lab7_2/lab7_2_workspace/mb_usb_hdmi_top/microblaze_0/standalone_microblaze_0/bsp/system.mss
TRACE::2024-11-07.13:39:20::SCWReader::No isolation master present  
TRACE::2024-11-07.13:39:29::SCWPlatform::DSA given C:/Users/curti/OneDrive/Documents/UIUC/ECE-385/Vivado_Projects/lab7_2/lab7_2_workspace/mb_usb_hdmi_top/tempdsa/week2finished.xsa
TRACE::2024-11-07.13:39:29::SCWPlatform::DSA absoulate path C:/Users/curti/OneDrive/Documents/UIUC/ECE-385/Vivado_Projects/lab7_2/lab7_2_workspace/mb_usb_hdmi_top/tempdsa/week2finished.xsa
TRACE::2024-11-07.13:39:29::SCWPlatform:: Platform location is C:/Users/curti/OneDrive/Documents/UIUC/ECE-385/Vivado_Projects/lab7_2/lab7_2_workspace/mb_usb_hdmi_top/tempdsa
TRACE::2024-11-07.13:39:29::SCWPlatform:: Platform Path C:/Users/curti/OneDrive/Documents/UIUC/ECE-385/Vivado_Projects/lab7_2/lab7_2_workspace/mb_usb_hdmi_top/tempdsa/week2finished.xsa
TRACE::2024-11-07.13:39:29::SCWPlatform:: Unique name xilinx:::0.0
TRACE::2024-11-07.13:39:29::SCWPlatform::Found the Hw Db part of the input DSA
TRACE::2024-11-07.13:39:29::SCWMssOS::Doing hw sync for the mss in domain: standalone_microblaze_0
TRACE::2024-11-07.13:39:29::SCWPlatform::Trying to open the hw design at C:/Users/curti/OneDrive/Documents/UIUC/ECE-385/Vivado_Projects/lab7_2/lab7_2_workspace/mb_usb_hdmi_top/hw/mb_usb_hdmi_top.xsa
TRACE::2024-11-07.13:39:29::SCWPlatform::DSA given C:/Users/curti/OneDrive/Documents/UIUC/ECE-385/Vivado_Projects/lab7_2/lab7_2_workspace/mb_usb_hdmi_top/hw/mb_usb_hdmi_top.xsa
TRACE::2024-11-07.13:39:29::SCWPlatform::DSA absoulate path C:/Users/curti/OneDrive/Documents/UIUC/ECE-385/Vivado_Projects/lab7_2/lab7_2_workspace/mb_usb_hdmi_top/hw/mb_usb_hdmi_top.xsa
TRACE::2024-11-07.13:39:29::SCWPlatform::DSA directory C:/Users/curti/OneDrive/Documents/UIUC/ECE-385/Vivado_Projects/lab7_2/lab7_2_workspace/mb_usb_hdmi_top/hw
TRACE::2024-11-07.13:39:29::SCWPlatform:: Platform Path C:/Users/curti/OneDrive/Documents/UIUC/ECE-385/Vivado_Projects/lab7_2/lab7_2_workspace/mb_usb_hdmi_top/hw/mb_usb_hdmi_top.xsa
TRACE::2024-11-07.13:39:29::SCWPlatform:: Unique name xilinx:::0.0
TRACE::2024-11-07.13:39:29::SCWPlatform::Trying to set the existing hwdb with name mb_usb_hdmi_top
TRACE::2024-11-07.13:39:29::SCWPlatform::Opened existing hwdb mb_usb_hdmi_top
TRACE::2024-11-07.13:39:29::SCWPlatform::Found the Hw Db part of the input DSA
TRACE::2024-11-07.13:39:29::SCWPlatform::Trying to open the hw design at C:/Users/curti/OneDrive/Documents/UIUC/ECE-385/Vivado_Projects/lab7_2/lab7_2_workspace/mb_usb_hdmi_top/hw/mb_usb_hdmi_top.xsa
TRACE::2024-11-07.13:39:29::SCWPlatform::DSA given C:/Users/curti/OneDrive/Documents/UIUC/ECE-385/Vivado_Projects/lab7_2/lab7_2_workspace/mb_usb_hdmi_top/hw/mb_usb_hdmi_top.xsa
TRACE::2024-11-07.13:39:29::SCWPlatform::DSA absoulate path C:/Users/curti/OneDrive/Documents/UIUC/ECE-385/Vivado_Projects/lab7_2/lab7_2_workspace/mb_usb_hdmi_top/hw/mb_usb_hdmi_top.xsa
TRACE::2024-11-07.13:39:29::SCWPlatform::DSA directory C:/Users/curti/OneDrive/Documents/UIUC/ECE-385/Vivado_Projects/lab7_2/lab7_2_workspace/mb_usb_hdmi_top/hw
TRACE::2024-11-07.13:39:29::SCWPlatform:: Platform Path C:/Users/curti/OneDrive/Documents/UIUC/ECE-385/Vivado_Projects/lab7_2/lab7_2_workspace/mb_usb_hdmi_top/hw/mb_usb_hdmi_top.xsa
TRACE::2024-11-07.13:39:29::SCWPlatform:: Unique name xilinx:::0.0
TRACE::2024-11-07.13:39:29::SCWPlatform::Trying to set the existing hwdb with name mb_usb_hdmi_top
TRACE::2024-11-07.13:39:29::SCWPlatform::Opened existing hwdb mb_usb_hdmi_top
TRACE::2024-11-07.13:39:29::SCWPlatform::Found the Hw Db part of the input DSA
TRACE::2024-11-07.13:39:29::SCWMssOS::Checking the sw design at  C:/Users/curti/OneDrive/Documents/UIUC/ECE-385/Vivado_Projects/lab7_2/lab7_2_workspace/mb_usb_hdmi_top/microblaze_0/standalone_microblaze_0/bsp/system.mss
TRACE::2024-11-07.13:39:29::SCWMssOS::DEBUG:  swdes dump  C:/Users/curti/OneDrive/Documents/UIUC/ECE-385/Vivado_Projects/lab7_2/lab7_2_workspace/mb_usb_hdmi_top/microblaze_0/standalone_microblaze_0/bsp/system.mss|system||

TRACE::2024-11-07.13:39:29::SCWMssOS::Sw design exists and opened at  C:/Users/curti/OneDrive/Documents/UIUC/ECE-385/Vivado_Projects/lab7_2/lab7_2_workspace/mb_usb_hdmi_top/microblaze_0/standalone_microblaze_0/bsp/system.mss
TRACE::2024-11-07.13:39:29::SCWPlatform::Trying to open the hw design at C:/Users/curti/OneDrive/Documents/UIUC/ECE-385/Vivado_Projects/lab7_2/lab7_2_workspace/mb_usb_hdmi_top/tempdsa/week2finished.xsa
TRACE::2024-11-07.13:39:29::SCWPlatform::DSA given C:/Users/curti/OneDrive/Documents/UIUC/ECE-385/Vivado_Projects/lab7_2/lab7_2_workspace/mb_usb_hdmi_top/tempdsa/week2finished.xsa
TRACE::2024-11-07.13:39:29::SCWPlatform::DSA absoulate path C:/Users/curti/OneDrive/Documents/UIUC/ECE-385/Vivado_Projects/lab7_2/lab7_2_workspace/mb_usb_hdmi_top/tempdsa/week2finished.xsa
TRACE::2024-11-07.13:39:29::SCWPlatform::DSA directory C:/Users/curti/OneDrive/Documents/UIUC/ECE-385/Vivado_Projects/lab7_2/lab7_2_workspace/mb_usb_hdmi_top/tempdsa
TRACE::2024-11-07.13:39:29::SCWPlatform:: Platform Path C:/Users/curti/OneDrive/Documents/UIUC/ECE-385/Vivado_Projects/lab7_2/lab7_2_workspace/mb_usb_hdmi_top/tempdsa/week2finished.xsa
TRACE::2024-11-07.13:39:29::SCWPlatform:: Unique name xilinx:::0.0
TRACE::2024-11-07.13:39:29::SCWPlatform::update - Opened existing hwdb mb_usb_hdmi_top_0
TRACE::2024-11-07.13:39:29::SCWPlatform::Found the Hw Db part of the input DSA
TRACE::2024-11-07.13:39:29::SCWMssOS::Saving the mss changes C:/Users/curti/OneDrive/Documents/UIUC/ECE-385/Vivado_Projects/lab7_2/lab7_2_workspace/mb_usb_hdmi_top/microblaze_0/standalone_microblaze_0/bsp/system.mss
TRACE::2024-11-07.13:39:29::SCWMssOS::Found a swdesign opened with the mssfile.
TRACE::2024-11-07.13:39:29::SCWMssOS::Completed writemss as part of save.
TRACE::2024-11-07.13:39:29::SCWMssOS::Commit changes completed.
TRACE::2024-11-07.13:39:29::SCWMssOS::Completed hw sync for the mss in domain: standalone_microblaze_0
TRACE::2024-11-07.13:39:29::SCWMssOS::Removing the swdes entry for  C:/Users/curti/OneDrive/Documents/UIUC/ECE-385/Vivado_Projects/lab7_2/lab7_2_workspace/mb_usb_hdmi_top/microblaze_0/standalone_microblaze_0/bsp/system.mss
TRACE::2024-11-07.13:39:29::SCWPlatform::Trying to open the hw design at C:/Users/curti/OneDrive/Documents/UIUC/ECE-385/Vivado_Projects/lab7_2/lab7_2_workspace/mb_usb_hdmi_top/hw/week2finished.xsa
TRACE::2024-11-07.13:39:29::SCWPlatform::DSA given C:/Users/curti/OneDrive/Documents/UIUC/ECE-385/Vivado_Projects/lab7_2/lab7_2_workspace/mb_usb_hdmi_top/hw/week2finished.xsa
TRACE::2024-11-07.13:39:29::SCWPlatform::DSA absoulate path C:/Users/curti/OneDrive/Documents/UIUC/ECE-385/Vivado_Projects/lab7_2/lab7_2_workspace/mb_usb_hdmi_top/hw/week2finished.xsa
TRACE::2024-11-07.13:39:29::SCWPlatform::DSA directory C:/Users/curti/OneDrive/Documents/UIUC/ECE-385/Vivado_Projects/lab7_2/lab7_2_workspace/mb_usb_hdmi_top/hw
TRACE::2024-11-07.13:39:29::SCWPlatform:: Platform Path C:/Users/curti/OneDrive/Documents/UIUC/ECE-385/Vivado_Projects/lab7_2/lab7_2_workspace/mb_usb_hdmi_top/hw/week2finished.xsa
TRACE::2024-11-07.13:39:29::SCWPlatform:: Unique name xilinx:::0.0
TRACE::2024-11-07.13:39:29::SCWPlatform::Do not have an existing db opened. 
TRACE::2024-11-07.13:39:30::SCWPlatform::Opened new HwDB with name mb_usb_hdmi_top_1
TRACE::2024-11-07.13:39:30::SCWMssOS::Saving the mss changes C:/Users/curti/OneDrive/Documents/UIUC/ECE-385/Vivado_Projects/lab7_2/lab7_2_workspace/mb_usb_hdmi_top/microblaze_0/standalone_microblaze_0/bsp/system.mss
TRACE::2024-11-07.13:39:30::SCWMssOS::Adding the swdes entry, mss present, able to open swdb C:/Users/curti/OneDrive/Documents/UIUC/ECE-385/Vivado_Projects/lab7_2/lab7_2_workspace/mb_usb_hdmi_top/microblaze_0/standalone_microblaze_0/bsp/system.mss with des name system
TRACE::2024-11-07.13:39:30::SCWMssOS::Writing the mss file completed C:/Users/curti/OneDrive/Documents/UIUC/ECE-385/Vivado_Projects/lab7_2/lab7_2_workspace/mb_usb_hdmi_top/microblaze_0/standalone_microblaze_0/bsp/system.mss
TRACE::2024-11-07.13:39:30::SCWMssOS::Commit changes completed.
TRACE::2024-11-07.13:39:30::SCWPlatform::Trying to open the hw design at C:/Users/curti/OneDrive/Documents/UIUC/ECE-385/Vivado_Projects/lab7_2/lab7_2_workspace/mb_usb_hdmi_top/hw/week2finished.xsa
TRACE::2024-11-07.13:39:30::SCWPlatform::DSA given C:/Users/curti/OneDrive/Documents/UIUC/ECE-385/Vivado_Projects/lab7_2/lab7_2_workspace/mb_usb_hdmi_top/hw/week2finished.xsa
TRACE::2024-11-07.13:39:30::SCWPlatform::DSA absoulate path C:/Users/curti/OneDrive/Documents/UIUC/ECE-385/Vivado_Projects/lab7_2/lab7_2_workspace/mb_usb_hdmi_top/hw/week2finished.xsa
TRACE::2024-11-07.13:39:30::SCWPlatform::DSA directory C:/Users/curti/OneDrive/Documents/UIUC/ECE-385/Vivado_Projects/lab7_2/lab7_2_workspace/mb_usb_hdmi_top/hw
TRACE::2024-11-07.13:39:30::SCWPlatform:: Platform Path C:/Users/curti/OneDrive/Documents/UIUC/ECE-385/Vivado_Projects/lab7_2/lab7_2_workspace/mb_usb_hdmi_top/hw/week2finished.xsa
TRACE::2024-11-07.13:39:30::SCWPlatform:: Unique name xilinx:::0.0
TRACE::2024-11-07.13:39:30::SCWPlatform::Trying to set the existing hwdb with name mb_usb_hdmi_top_1
TRACE::2024-11-07.13:39:30::SCWPlatform::Opened existing hwdb mb_usb_hdmi_top_1
TRACE::2024-11-07.13:39:30::SCWPlatform::Found the Hw Db part of the input DSA
TRACE::2024-11-07.13:39:30::SCWMssOS::Checking the sw design at  C:/Users/curti/OneDrive/Documents/UIUC/ECE-385/Vivado_Projects/lab7_2/lab7_2_workspace/mb_usb_hdmi_top/microblaze_0/standalone_microblaze_0/bsp/system.mss
TRACE::2024-11-07.13:39:30::SCWMssOS::DEBUG:  swdes dump  C:/Users/curti/OneDrive/Documents/UIUC/ECE-385/Vivado_Projects/lab7_2/lab7_2_workspace/mb_usb_hdmi_top/microblaze_0/standalone_microblaze_0/bsp/system.mss|system||

TRACE::2024-11-07.13:39:30::SCWMssOS::Sw design exists and opened at  C:/Users/curti/OneDrive/Documents/UIUC/ECE-385/Vivado_Projects/lab7_2/lab7_2_workspace/mb_usb_hdmi_top/microblaze_0/standalone_microblaze_0/bsp/system.mss
TRACE::2024-11-07.13:39:30::SCWWriter::formatted JSON is {
	"platformName":	"mb_usb_hdmi_top",
	"sprVersion":	"2.0",
	"mode":	"gui",
	"dsaType":	"Fixed",
	"platformDesc":	"mb_usb_hdmi_top",
	"platHandOff":	"C:/Users/curti/Downloads/week2finished.xsa",
	"platIntHandOff":	"<platformDir>/hw/week2finished.xsa",
	"deviceType":	"FPGA",
	"platIsPrebuiltAutogen":	"false",
	"platIsNoBootBsp":	"false",
	"hasFsblMakeHasChanges":	"false",
	"hasPmufwMakeHasChanges":	"false",
	"platPreBuiltFlag":	false,
	"platformSamplesDir":	"",
	"platActiveSys":	"mb_usb_hdmi_top",
	"systems":	[{
			"systemName":	"mb_usb_hdmi_top",
			"systemDesc":	"mb_usb_hdmi_top",
			"sysIsBootAutoGen":	"true",
			"systemDispName":	"mb_usb_hdmi_top",
			"sysActiveDom":	"standalone_microblaze_0",
			"sysDefaultDom":	"standalone_microblaze_0",
			"domains":	[{
					"domainName":	"standalone_microblaze_0",
					"domainDispName":	"standalone_microblaze_0",
					"domainDesc":	"standalone_microblaze_0",
					"processors":	"microblaze_0",
					"os":	"standalone",
					"sdxOs":	"standalone",
					"debugEnable":	"False",
					"domRuntimes":	["cpp"],
					"swRepo":	"",
					"mssOsVer":	"8.0",
					"mssFile":	"",
					"md5Digest":	"5422c1e5be4ae93f4de8c50507402f2a1",
					"compatibleApp":	"",
					"domType":	"mssDomain",
					"arch":	"32-bit",
					"appSettings":	{
						"appCompilerFlags":	"",
						"appLinkerFlags":	""
					},
					"addedLibs":	[],
					"libOptions":	{
						"libsContainingOptions":	[]
					},
					"prebuiltLibs":	{
						"prebuiltIncPath":	[],
						"prebuiltLibPath":	[]
					},
					"isolation":	{
					}
				}]
		}]
}
TRACE::2024-11-07.13:39:40::SCWMssOS::cleaning the bsp 
TRACE::2024-11-07.13:39:40::SCWMssOS::System Command Ran  C: & cd  C:/Users/curti/OneDrive/Documents/UIUC/ECE-385/Vivado_Projects/lab7_2/lab7_2_workspace/mb_usb_hdmi_top/microblaze_0/standalone_microblaze_0/bsp & make clean 
TRACE::2024-11-07.13:39:40::SCWMssOS::make -C microblaze_0/libsrc/bram_v4_8/src -s clean 

TRACE::2024-11-07.13:39:41::SCWMssOS::make -C microblaze_0/libsrc/cpu_v2_16/src -s clean 

TRACE::2024-11-07.13:39:41::SCWMssOS::make -C microblaze_0/libsrc/intc_v3_15/src -s clean 

TRACE::2024-11-07.13:39:41::SCWMssOS::make -C microblaze_0/libsrc/standalone_v8_0/src -s clean 

TRACE::2024-11-07.13:39:41::SCWMssOS::make -C microblaze_0/libsrc/uartlite_v3_7/src -s clean 

TRACE::2024-11-07.13:39:42::SCWMssOS::rm -f microblaze_0/lib/libxil.a

LOG::2024-11-07.13:39:52::SCWPlatform::Started generating the artifacts platform mb_usb_hdmi_top
TRACE::2024-11-07.13:39:52::SCWPlatform::Sanity checking of platform is completed
LOG::2024-11-07.13:39:52::SCWPlatform::Started generating the artifacts for system configuration mb_usb_hdmi_top
LOG::2024-11-07.13:39:52::SCWSystem::Checking the domain standalone_microblaze_0
LOG::2024-11-07.13:39:52::SCWSystem::Not a boot domain 
LOG::2024-11-07.13:39:52::SCWSystem::Started Processing the domain standalone_microblaze_0
TRACE::2024-11-07.13:39:52::SCWDomain::Generating domain artifcats
TRACE::2024-11-07.13:39:52::SCWMssOS::Generating standalone artifcats
TRACE::2024-11-07.13:39:52::SCWMssOS:: Copying the user libraries. 
TRACE::2024-11-07.13:39:52::SCWPlatform::Trying to open the hw design at C:/Users/curti/OneDrive/Documents/UIUC/ECE-385/Vivado_Projects/lab7_2/lab7_2_workspace/mb_usb_hdmi_top/hw/week2finished.xsa
TRACE::2024-11-07.13:39:52::SCWPlatform::DSA given C:/Users/curti/OneDrive/Documents/UIUC/ECE-385/Vivado_Projects/lab7_2/lab7_2_workspace/mb_usb_hdmi_top/hw/week2finished.xsa
TRACE::2024-11-07.13:39:52::SCWPlatform::DSA absoulate path C:/Users/curti/OneDrive/Documents/UIUC/ECE-385/Vivado_Projects/lab7_2/lab7_2_workspace/mb_usb_hdmi_top/hw/week2finished.xsa
TRACE::2024-11-07.13:39:52::SCWPlatform::DSA directory C:/Users/curti/OneDrive/Documents/UIUC/ECE-385/Vivado_Projects/lab7_2/lab7_2_workspace/mb_usb_hdmi_top/hw
TRACE::2024-11-07.13:39:52::SCWPlatform:: Platform Path C:/Users/curti/OneDrive/Documents/UIUC/ECE-385/Vivado_Projects/lab7_2/lab7_2_workspace/mb_usb_hdmi_top/hw/week2finished.xsa
TRACE::2024-11-07.13:39:52::SCWPlatform:: Unique name xilinx:::0.0
TRACE::2024-11-07.13:39:52::SCWPlatform::Trying to set the existing hwdb with name mb_usb_hdmi_top_1
TRACE::2024-11-07.13:39:52::SCWPlatform::Opened existing hwdb mb_usb_hdmi_top_1
TRACE::2024-11-07.13:39:52::SCWPlatform::Found the Hw Db part of the input DSA
TRACE::2024-11-07.13:39:52::SCWMssOS::Checking the sw design at  C:/Users/curti/OneDrive/Documents/UIUC/ECE-385/Vivado_Projects/lab7_2/lab7_2_workspace/mb_usb_hdmi_top/microblaze_0/standalone_microblaze_0/bsp/system.mss
TRACE::2024-11-07.13:39:52::SCWMssOS::DEBUG:  swdes dump  C:/Users/curti/OneDrive/Documents/UIUC/ECE-385/Vivado_Projects/lab7_2/lab7_2_workspace/mb_usb_hdmi_top/microblaze_0/standalone_microblaze_0/bsp/system.mss|system||

TRACE::2024-11-07.13:39:52::SCWMssOS::Sw design exists and opened at  C:/Users/curti/OneDrive/Documents/UIUC/ECE-385/Vivado_Projects/lab7_2/lab7_2_workspace/mb_usb_hdmi_top/microblaze_0/standalone_microblaze_0/bsp/system.mss
TRACE::2024-11-07.13:39:52::SCWMssOS::Completed writing the mss file at C:/Users/curti/OneDrive/Documents/UIUC/ECE-385/Vivado_Projects/lab7_2/lab7_2_workspace/mb_usb_hdmi_top/microblaze_0/standalone_microblaze_0/bsp
TRACE::2024-11-07.13:39:52::SCWMssOS::Mss edits present, copying mssfile into export location C:/Users/curti/OneDrive/Documents/UIUC/ECE-385/Vivado_Projects/lab7_2/lab7_2_workspace/mb_usb_hdmi_top/microblaze_0/standalone_microblaze_0/bsp/system.mss
TRACE::2024-11-07.13:39:52::SCWMssOS::bsp generated is stale removing and regenerating. 
TRACE::2024-11-07.13:39:54::SCWMssOS::doing bsp build ... 
TRACE::2024-11-07.13:39:54::SCWMssOS::System Command Ran  C: & cd  C:/Users/curti/OneDrive/Documents/UIUC/ECE-385/Vivado_Projects/lab7_2/lab7_2_workspace/mb_usb_hdmi_top/microblaze_0/standalone_microblaze_0/bsp & make 
TRACE::2024-11-07.13:39:54::SCWMssOS::make --no-print-directory seq_libs

TRACE::2024-11-07.13:39:55::SCWMssOS::'Finished building libraries sequentially.'

TRACE::2024-11-07.13:39:55::SCWMssOS::make -j 18 --no-print-directory par_libs

TRACE::2024-11-07.13:39:55::SCWMssOS::"Running Make include in microblaze_0/libsrc/bram_v4_8/src"

TRACE::2024-11-07.13:39:55::SCWMssOS::make -C microblaze_0/libsrc/bram_v4_8/src -s include  "SHELL=CMD" "COMPILER=mb-gcc" "ASSEMBLER=mb-as" "ARCHIVER=mb-ar" "COMPILE
TRACE::2024-11-07.13:39:55::SCWMssOS::R_FLAGS=  -O2 -c -mcpu=v11.0 -mlittle-endian -mno-xl-reorder -mno-xl-soft-mul -mxl-barrel-shift -mxl-pattern-compare" "EXTRA_CO
TRACE::2024-11-07.13:39:55::SCWMssOS::MPILER_FLAGS=-g -ffunction-sections -fdata-sections -Wall -Wextra -fno-tree-loop-distribute-patterns"

TRACE::2024-11-07.13:39:55::SCWMssOS::"Running Make include in microblaze_0/libsrc/cpu_v2_16/src"

TRACE::2024-11-07.13:39:55::SCWMssOS::make -C microblaze_0/libsrc/cpu_v2_16/src -s include  "SHELL=CMD" "COMPILER=mb-gcc" "ASSEMBLER=mb-as" "ARCHIVER=mb-ar" "COMPILE
TRACE::2024-11-07.13:39:55::SCWMssOS::R_FLAGS=  -O2 -c -mcpu=v11.0 -mlittle-endian -mno-xl-reorder -mno-xl-soft-mul -mxl-barrel-shift -mxl-pattern-compare" "EXTRA_CO
TRACE::2024-11-07.13:39:55::SCWMssOS::MPILER_FLAGS=-g -ffunction-sections -fdata-sections -Wall -Wextra -fno-tree-loop-distribute-patterns"

TRACE::2024-11-07.13:39:55::SCWMssOS::"Running Make include in microblaze_0/libsrc/intc_v3_15/src"

TRACE::2024-11-07.13:39:55::SCWMssOS::make -C microblaze_0/libsrc/intc_v3_15/src -s include  "SHELL=CMD" "COMPILER=mb-gcc" "ASSEMBLER=mb-as" "ARCHIVER=mb-ar" "COMPIL
TRACE::2024-11-07.13:39:55::SCWMssOS::ER_FLAGS=  -O2 -c -mcpu=v11.0 -mlittle-endian -mno-xl-reorder -mno-xl-soft-mul -mxl-barrel-shift -mxl-pattern-compare" "EXTRA_C
TRACE::2024-11-07.13:39:55::SCWMssOS::OMPILER_FLAGS=-g -ffunction-sections -fdata-sections -Wall -Wextra -fno-tree-loop-distribute-patterns"

TRACE::2024-11-07.13:39:55::SCWMssOS::"Running Make include in microblaze_0/libsrc/standalone_v8_0/src"

TRACE::2024-11-07.13:39:55::SCWMssOS::make -C microblaze_0/libsrc/standalone_v8_0/src -s include  "SHELL=CMD" "COMPILER=mb-gcc" "ASSEMBLER=mb-as" "ARCHIVER=mb-ar" "C
TRACE::2024-11-07.13:39:55::SCWMssOS::OMPILER_FLAGS=  -O2 -c -mcpu=v11.0 -mlittle-endian -mno-xl-reorder -mno-xl-soft-mul -mxl-barrel-shift -mxl-pattern-compare" "EX
TRACE::2024-11-07.13:39:55::SCWMssOS::TRA_COMPILER_FLAGS=-g -ffunction-sections -fdata-sections -Wall -Wextra -fno-tree-loop-distribute-patterns"

TRACE::2024-11-07.13:39:55::SCWMssOS::"Running Make include in microblaze_0/libsrc/uartlite_v3_7/src"

TRACE::2024-11-07.13:39:55::SCWMssOS::make -C microblaze_0/libsrc/uartlite_v3_7/src -s include  "SHELL=CMD" "COMPILER=mb-gcc" "ASSEMBLER=mb-as" "ARCHIVER=mb-ar" "COM
TRACE::2024-11-07.13:39:55::SCWMssOS::PILER_FLAGS=  -O2 -c -mcpu=v11.0 -mlittle-endian -mno-xl-reorder -mno-xl-soft-mul -mxl-barrel-shift -mxl-pattern-compare" "EXTR
TRACE::2024-11-07.13:39:55::SCWMssOS::A_COMPILER_FLAGS=-g -ffunction-sections -fdata-sections -Wall -Wextra -fno-tree-loop-distribute-patterns"

TRACE::2024-11-07.13:39:55::SCWMssOS::"Running Make libs in microblaze_0/libsrc/bram_v4_8/src"

TRACE::2024-11-07.13:39:55::SCWMssOS::make -C microblaze_0/libsrc/bram_v4_8/src -s libs  "SHELL=CMD" "COMPILER=mb-gcc" "ASSEMBLER=mb-as" "ARCHIVER=mb-ar" "COMPILER_F
TRACE::2024-11-07.13:39:55::SCWMssOS::LAGS=  -O2 -c -mcpu=v11.0 -mlittle-endian -mno-xl-reorder -mno-xl-soft-mul -mxl-barrel-shift -mxl-pattern-compare" "EXTRA_COMPI
TRACE::2024-11-07.13:39:55::SCWMssOS::LER_FLAGS=-g -ffunction-sections -fdata-sections -Wall -Wextra -fno-tree-loop-distribute-patterns"

TRACE::2024-11-07.13:39:55::SCWMssOS::"Running Make libs in microblaze_0/libsrc/cpu_v2_16/src"

TRACE::2024-11-07.13:39:55::SCWMssOS::make -C microblaze_0/libsrc/cpu_v2_16/src -s libs  "SHELL=CMD" "COMPILER=mb-gcc" "ASSEMBLER=mb-as" "ARCHIVER=mb-ar" "COMPILER_F
TRACE::2024-11-07.13:39:55::SCWMssOS::LAGS=  -O2 -c -mcpu=v11.0 -mlittle-endian -mno-xl-reorder -mno-xl-soft-mul -mxl-barrel-shift -mxl-pattern-compare" "EXTRA_COMPI
TRACE::2024-11-07.13:39:55::SCWMssOS::LER_FLAGS=-g -ffunction-sections -fdata-sections -Wall -Wextra -fno-tree-loop-distribute-patterns"

TRACE::2024-11-07.13:39:55::SCWMssOS::"Running Make libs in microblaze_0/libsrc/intc_v3_15/src"

TRACE::2024-11-07.13:39:55::SCWMssOS::make -C microblaze_0/libsrc/intc_v3_15/src -s libs  "SHELL=CMD" "COMPILER=mb-gcc" "ASSEMBLER=mb-as" "ARCHIVER=mb-ar" "COMPILER_
TRACE::2024-11-07.13:39:55::SCWMssOS::FLAGS=  -O2 -c -mcpu=v11.0 -mlittle-endian -mno-xl-reorder -mno-xl-soft-mul -mxl-barrel-shift -mxl-pattern-compare" "EXTRA_COMP
TRACE::2024-11-07.13:39:55::SCWMssOS::ILER_FLAGS=-g -ffunction-sections -fdata-sections -Wall -Wextra -fno-tree-loop-distribute-patterns"

TRACE::2024-11-07.13:39:55::SCWMssOS::"Running Make libs in microblaze_0/libsrc/standalone_v8_0/src"

TRACE::2024-11-07.13:39:55::SCWMssOS::make -C microblaze_0/libsrc/standalone_v8_0/src -s libs  "SHELL=CMD" "COMPILER=mb-gcc" "ASSEMBLER=mb-as" "ARCHIVER=mb-ar" "COMP
TRACE::2024-11-07.13:39:55::SCWMssOS::ILER_FLAGS=  -O2 -c -mcpu=v11.0 -mlittle-endian -mno-xl-reorder -mno-xl-soft-mul -mxl-barrel-shift -mxl-pattern-compare" "EXTRA
TRACE::2024-11-07.13:39:55::SCWMssOS::_COMPILER_FLAGS=-g -ffunction-sections -fdata-sections -Wall -Wextra -fno-tree-loop-distribute-patterns"

TRACE::2024-11-07.13:39:55::SCWMssOS::"Running Make libs in microblaze_0/libsrc/uartlite_v3_7/src"

TRACE::2024-11-07.13:39:55::SCWMssOS::make -C microblaze_0/libsrc/uartlite_v3_7/src -s libs  "SHELL=CMD" "COMPILER=mb-gcc" "ASSEMBLER=mb-as" "ARCHIVER=mb-ar" "COMPIL
TRACE::2024-11-07.13:39:55::SCWMssOS::ER_FLAGS=  -O2 -c -mcpu=v11.0 -mlittle-endian -mno-xl-reorder -mno-xl-soft-mul -mxl-barrel-shift -mxl-pattern-compare" "EXTRA_C
TRACE::2024-11-07.13:39:55::SCWMssOS::OMPILER_FLAGS=-g -ffunction-sections -fdata-sections -Wall -Wextra -fno-tree-loop-distribute-patterns"

TRACE::2024-11-07.13:39:56::SCWMssOS::"DEBUG NON_LTO_OBJECTS is ../../../lib/microblaze_interrupt_handler.o"

TRACE::2024-11-07.13:39:56::SCWMssOS::'Finished building libraries parallelly.'

TRACE::2024-11-07.13:39:56::SCWMssOS::make --no-print-directory archive

TRACE::2024-11-07.13:39:56::SCWMssOS::mb-ar -r  microblaze_0/lib/libxil.a microblaze_0/lib/_exit.o microblaze_0/lib/errno.o microblaze_0/lib/fcntl.o microblaze_0/lib
TRACE::2024-11-07.13:39:56::SCWMssOS::/hw_exception_handler.o microblaze_0/lib/inbyte.o microblaze_0/lib/microblaze_disable_dcache.o microblaze_0/lib/microblaze_disa
TRACE::2024-11-07.13:39:56::SCWMssOS::ble_exceptions.o microblaze_0/lib/microblaze_disable_icache.o microblaze_0/lib/microblaze_disable_interrupts.o microblaze_0/lib
TRACE::2024-11-07.13:39:56::SCWMssOS::/microblaze_enable_dcache.o microblaze_0/lib/microblaze_enable_exceptions.o microblaze_0/lib/microblaze_enable_icache.o microbl
TRACE::2024-11-07.13:39:56::SCWMssOS::aze_0/lib/microblaze_enable_interrupts.o microblaze_0/lib/microblaze_exception_handler.o microblaze_0/lib/microblaze_flush_cach
TRACE::2024-11-07.13:39:56::SCWMssOS::e_ext.o microblaze_0/lib/microblaze_flush_cache_ext_range.o microblaze_0/lib/microblaze_flush_dcache.o microblaze_0/lib/microbl
TRACE::2024-11-07.13:39:56::SCWMssOS::aze_flush_dcache_range.o microblaze_0/lib/microblaze_init_dcache_range.o microblaze_0/lib/microblaze_init_icache_range.o microb
TRACE::2024-11-07.13:39:56::SCWMssOS::laze_0/lib/microblaze_interrupt_handler.o microblaze_0/lib/microblaze_interrupts_g.o microblaze_0/lib/microblaze_invalidate_cac
TRACE::2024-11-07.13:39:56::SCWMssOS::he_ext.o microblaze_0/lib/microblaze_invalidate_cache_ext_range.o microblaze_0/lib/microblaze_invalidate_dcache.o microblaze_0/
TRACE::2024-11-07.13:39:56::SCWMssOS::lib/microblaze_invalidate_dcache_range.o microblaze_0/lib/microblaze_invalidate_icache.o microblaze_0/lib/microblaze_invalidate
TRACE::2024-11-07.13:39:56::SCWMssOS::_icache_range.o microblaze_0/lib/microblaze_scrub.o microblaze_0/lib/microblaze_selftest.o microblaze_0/lib/microblaze_sleep.o 
TRACE::2024-11-07.13:39:56::SCWMssOS::microblaze_0/lib/microblaze_update_dcache.o microblaze_0/lib/microblaze_update_icache.o microblaze_0/lib/outbyte.o microblaze_0
TRACE::2024-11-07.13:39:56::SCWMssOS::/lib/print.o microblaze_0/lib/pvr.o microblaze_0/lib/xbram.o microblaze_0/lib/xbram_g.o microblaze_0/lib/xbram_intr.o microblaz
TRACE::2024-11-07.13:39:56::SCWMssOS::e_0/lib/xbram_selftest.o microblaze_0/lib/xbram_sinit.o microblaze_0/lib/xil_assert.o microblaze_0/lib/xil_cache.o microblaze_0
TRACE::2024-11-07.13:39:56::SCWMssOS::/lib/xil_clocking.o microblaze_0/lib/xil_exception.o microblaze_0/lib/xil_mem.o microblaze_0/lib/xil_misc_psreset_api.o microbl
TRACE::2024-11-07.13:39:56::SCWMssOS::aze_0/lib/xil_printf.o microblaze_0/lib/xil_sleepcommon.o microblaze_0/lib/xil_testcache.o microblaze_0/lib/xil_testio.o microb
TRACE::2024-11-07.13:39:56::SCWMssOS::laze_0/lib/xil_testmem.o microblaze_0/lib/xil_util.o microblaze_0/lib/xintc.o microblaze_0/lib/xintc_g.o microblaze_0/lib/xintc
TRACE::2024-11-07.13:39:56::SCWMssOS::_intr.o microblaze_0/lib/xintc_l.o microblaze_0/lib/xintc_options.o microblaze_0/lib/xintc_selftest.o microblaze_0/lib/xinterru
TRACE::2024-11-07.13:39:56::SCWMssOS::pt_wrap.o microblaze_0/lib/xio.o microblaze_0/lib/xplatform_info.o microblaze_0/lib/xuartlite.o microblaze_0/lib/xuartlite_g.o 
TRACE::2024-11-07.13:39:56::SCWMssOS::microblaze_0/lib/xuartlite_intr.o microblaze_0/lib/xuartlite_l.o microblaze_0/lib/xuartlite_selftest.o microblaze_0/lib/xuartli
TRACE::2024-11-07.13:39:56::SCWMssOS::te_sinit.o microblaze_0/lib/xuartlite_stats.o

TRACE::2024-11-07.13:39:56::SCWMssOS::'Finished building libraries'

TRACE::2024-11-07.13:39:56::SCWMssOS:: Checking if to create the Supporting Applications
TRACE::2024-11-07.13:39:56::SCWMssOS:: No Linux domain exists, trying to generate FSBL 
LOG::2024-11-07.13:39:56::SCWSystem::Completed Processing the domain standalone_microblaze_0
LOG::2024-11-07.13:39:56::SCWSystem::Completed Processing the sysconfig mb_usb_hdmi_top
LOG::2024-11-07.13:39:56::SCWPlatform::Completed generating the artifacts for system configuration mb_usb_hdmi_top
TRACE::2024-11-07.13:39:56::SCWPlatform::Started preparing the platform 
TRACE::2024-11-07.13:39:56::SCWSystem::Writing the bif file for system config mb_usb_hdmi_top
TRACE::2024-11-07.13:39:56::SCWSystem::dir created 
TRACE::2024-11-07.13:39:56::SCWSystem::Writing the bif 
TRACE::2024-11-07.13:39:56::SCWPlatform::Started writing the spfm file 
TRACE::2024-11-07.13:39:56::SCWPlatform::Started writing the xpfm file 
TRACE::2024-11-07.13:39:56::SCWPlatform::Completed generating the platform
TRACE::2024-11-07.13:39:56::SCWMssOS::Saving the mss changes C:/Users/curti/OneDrive/Documents/UIUC/ECE-385/Vivado_Projects/lab7_2/lab7_2_workspace/mb_usb_hdmi_top/microblaze_0/standalone_microblaze_0/bsp/system.mss
TRACE::2024-11-07.13:39:56::SCWMssOS::Adding the swdes entry, mss present, able to open swdb C:/Users/curti/OneDrive/Documents/UIUC/ECE-385/Vivado_Projects/lab7_2/lab7_2_workspace/mb_usb_hdmi_top/microblaze_0/standalone_microblaze_0/bsp/system.mss with des name system
TRACE::2024-11-07.13:39:56::SCWMssOS::Writing the mss file completed C:/Users/curti/OneDrive/Documents/UIUC/ECE-385/Vivado_Projects/lab7_2/lab7_2_workspace/mb_usb_hdmi_top/microblaze_0/standalone_microblaze_0/bsp/system.mss
TRACE::2024-11-07.13:39:56::SCWMssOS::Commit changes completed.
TRACE::2024-11-07.13:39:56::SCWPlatform::Trying to open the hw design at C:/Users/curti/OneDrive/Documents/UIUC/ECE-385/Vivado_Projects/lab7_2/lab7_2_workspace/mb_usb_hdmi_top/hw/week2finished.xsa
TRACE::2024-11-07.13:39:56::SCWPlatform::DSA given C:/Users/curti/OneDrive/Documents/UIUC/ECE-385/Vivado_Projects/lab7_2/lab7_2_workspace/mb_usb_hdmi_top/hw/week2finished.xsa
TRACE::2024-11-07.13:39:56::SCWPlatform::DSA absoulate path C:/Users/curti/OneDrive/Documents/UIUC/ECE-385/Vivado_Projects/lab7_2/lab7_2_workspace/mb_usb_hdmi_top/hw/week2finished.xsa
TRACE::2024-11-07.13:39:56::SCWPlatform::DSA directory C:/Users/curti/OneDrive/Documents/UIUC/ECE-385/Vivado_Projects/lab7_2/lab7_2_workspace/mb_usb_hdmi_top/hw
TRACE::2024-11-07.13:39:56::SCWPlatform:: Platform Path C:/Users/curti/OneDrive/Documents/UIUC/ECE-385/Vivado_Projects/lab7_2/lab7_2_workspace/mb_usb_hdmi_top/hw/week2finished.xsa
TRACE::2024-11-07.13:39:56::SCWPlatform:: Unique name xilinx:::0.0
TRACE::2024-11-07.13:39:56::SCWPlatform::Trying to set the existing hwdb with name mb_usb_hdmi_top_1
TRACE::2024-11-07.13:39:56::SCWPlatform::Opened existing hwdb mb_usb_hdmi_top_1
TRACE::2024-11-07.13:39:56::SCWPlatform::Found the Hw Db part of the input DSA
TRACE::2024-11-07.13:39:56::SCWMssOS::Checking the sw design at  C:/Users/curti/OneDrive/Documents/UIUC/ECE-385/Vivado_Projects/lab7_2/lab7_2_workspace/mb_usb_hdmi_top/microblaze_0/standalone_microblaze_0/bsp/system.mss
TRACE::2024-11-07.13:39:56::SCWMssOS::DEBUG:  swdes dump  C:/Users/curti/OneDrive/Documents/UIUC/ECE-385/Vivado_Projects/lab7_2/lab7_2_workspace/mb_usb_hdmi_top/microblaze_0/standalone_microblaze_0/bsp/system.mss|system||

TRACE::2024-11-07.13:39:56::SCWMssOS::Sw design exists and opened at  C:/Users/curti/OneDrive/Documents/UIUC/ECE-385/Vivado_Projects/lab7_2/lab7_2_workspace/mb_usb_hdmi_top/microblaze_0/standalone_microblaze_0/bsp/system.mss
TRACE::2024-11-07.13:39:56::SCWWriter::formatted JSON is {
	"platformName":	"mb_usb_hdmi_top",
	"sprVersion":	"2.0",
	"mode":	"gui",
	"dsaType":	"Fixed",
	"platformDesc":	"mb_usb_hdmi_top",
	"platHandOff":	"C:/Users/curti/Downloads/week2finished.xsa",
	"platIntHandOff":	"<platformDir>/hw/week2finished.xsa",
	"deviceType":	"FPGA",
	"platIsPrebuiltAutogen":	"false",
	"platIsNoBootBsp":	"false",
	"hasFsblMakeHasChanges":	"false",
	"hasPmufwMakeHasChanges":	"false",
	"platPreBuiltFlag":	false,
	"platformSamplesDir":	"",
	"platActiveSys":	"mb_usb_hdmi_top",
	"systems":	[{
			"systemName":	"mb_usb_hdmi_top",
			"systemDesc":	"mb_usb_hdmi_top",
			"sysIsBootAutoGen":	"true",
			"systemDispName":	"mb_usb_hdmi_top",
			"sysActiveDom":	"standalone_microblaze_0",
			"sysDefaultDom":	"standalone_microblaze_0",
			"domains":	[{
					"domainName":	"standalone_microblaze_0",
					"domainDispName":	"standalone_microblaze_0",
					"domainDesc":	"standalone_microblaze_0",
					"processors":	"microblaze_0",
					"os":	"standalone",
					"sdxOs":	"standalone",
					"debugEnable":	"False",
					"domRuntimes":	["cpp"],
					"swRepo":	"",
					"mssOsVer":	"8.0",
					"mssFile":	"",
					"md5Digest":	"5422c1e5be4ae93f4de8c50507402f2a",
					"compatibleApp":	"",
					"domType":	"mssDomain",
					"arch":	"32-bit",
					"appSettings":	{
						"appCompilerFlags":	"",
						"appLinkerFlags":	""
					},
					"addedLibs":	[],
					"libOptions":	{
						"libsContainingOptions":	[]
					},
					"prebuiltLibs":	{
						"prebuiltIncPath":	[],
						"prebuiltLibPath":	[]
					},
					"isolation":	{
					}
				}]
		}]
}
KEYINFO::2024-11-07.13:39:56::SCWPlatform::updated the xpfm file.
TRACE::2024-11-07.13:39:57::SCWPlatform::Trying to open the hw design at C:/Users/curti/OneDrive/Documents/UIUC/ECE-385/Vivado_Projects/lab7_2/lab7_2_workspace/mb_usb_hdmi_top/hw/week2finished.xsa
TRACE::2024-11-07.13:39:57::SCWPlatform::DSA given C:/Users/curti/OneDrive/Documents/UIUC/ECE-385/Vivado_Projects/lab7_2/lab7_2_workspace/mb_usb_hdmi_top/hw/week2finished.xsa
TRACE::2024-11-07.13:39:57::SCWPlatform::DSA absoulate path C:/Users/curti/OneDrive/Documents/UIUC/ECE-385/Vivado_Projects/lab7_2/lab7_2_workspace/mb_usb_hdmi_top/hw/week2finished.xsa
TRACE::2024-11-07.13:39:57::SCWPlatform::DSA directory C:/Users/curti/OneDrive/Documents/UIUC/ECE-385/Vivado_Projects/lab7_2/lab7_2_workspace/mb_usb_hdmi_top/hw
TRACE::2024-11-07.13:39:57::SCWPlatform:: Platform Path C:/Users/curti/OneDrive/Documents/UIUC/ECE-385/Vivado_Projects/lab7_2/lab7_2_workspace/mb_usb_hdmi_top/hw/week2finished.xsa
TRACE::2024-11-07.13:39:57::SCWPlatform:: Unique name xilinx:::0.0
TRACE::2024-11-07.13:39:57::SCWPlatform::Trying to set the existing hwdb with name mb_usb_hdmi_top_1
TRACE::2024-11-07.13:39:57::SCWPlatform::Opened existing hwdb mb_usb_hdmi_top_1
TRACE::2024-11-07.13:39:57::SCWPlatform::Found the Hw Db part of the input DSA
TRACE::2024-11-07.13:39:57::SCWMssOS::Checking the sw design at  C:/Users/curti/OneDrive/Documents/UIUC/ECE-385/Vivado_Projects/lab7_2/lab7_2_workspace/mb_usb_hdmi_top/microblaze_0/standalone_microblaze_0/bsp/system.mss
TRACE::2024-11-07.13:39:57::SCWMssOS::DEBUG:  swdes dump  C:/Users/curti/OneDrive/Documents/UIUC/ECE-385/Vivado_Projects/lab7_2/lab7_2_workspace/mb_usb_hdmi_top/microblaze_0/standalone_microblaze_0/bsp/system.mss|system||

TRACE::2024-11-07.13:39:57::SCWMssOS::Sw design exists and opened at  C:/Users/curti/OneDrive/Documents/UIUC/ECE-385/Vivado_Projects/lab7_2/lab7_2_workspace/mb_usb_hdmi_top/microblaze_0/standalone_microblaze_0/bsp/system.mss
TRACE::2024-11-07.22:39:55::SCWPlatform::Trying to open the hw design at C:/Users/curti/OneDrive/Documents/UIUC/ECE-385/Vivado_Projects/lab7_2/lab7_2_workspace/mb_usb_hdmi_top/hw/week2finished.xsa
TRACE::2024-11-07.22:39:55::SCWPlatform::DSA given C:/Users/curti/OneDrive/Documents/UIUC/ECE-385/Vivado_Projects/lab7_2/lab7_2_workspace/mb_usb_hdmi_top/hw/week2finished.xsa
TRACE::2024-11-07.22:39:55::SCWPlatform::DSA absoulate path C:/Users/curti/OneDrive/Documents/UIUC/ECE-385/Vivado_Projects/lab7_2/lab7_2_workspace/mb_usb_hdmi_top/hw/week2finished.xsa
TRACE::2024-11-07.22:39:55::SCWPlatform::DSA directory C:/Users/curti/OneDrive/Documents/UIUC/ECE-385/Vivado_Projects/lab7_2/lab7_2_workspace/mb_usb_hdmi_top/hw
TRACE::2024-11-07.22:39:55::SCWPlatform:: Platform Path C:/Users/curti/OneDrive/Documents/UIUC/ECE-385/Vivado_Projects/lab7_2/lab7_2_workspace/mb_usb_hdmi_top/hw/week2finished.xsa
TRACE::2024-11-07.22:39:55::SCWPlatform:: Unique name xilinx:::0.0
TRACE::2024-11-07.22:39:55::SCWPlatform::Do not have an existing db opened. 
TRACE::2024-11-07.22:39:55::SCWPlatform::Opened new HwDB with name mb_usb_hdmi_top
TRACE::2024-11-07.22:39:55::SCWReader::Active system found as  mb_usb_hdmi_top
TRACE::2024-11-07.22:39:55::SCWReader::Handling sysconfig mb_usb_hdmi_top
TRACE::2024-11-07.22:39:55::SCWDomain::checking for install qemu data   : 
TRACE::2024-11-07.22:39:55::SCWPlatform::Trying to open the hw design at C:/Users/curti/OneDrive/Documents/UIUC/ECE-385/Vivado_Projects/lab7_2/lab7_2_workspace/mb_usb_hdmi_top/hw/week2finished.xsa
TRACE::2024-11-07.22:39:55::SCWPlatform::DSA given C:/Users/curti/OneDrive/Documents/UIUC/ECE-385/Vivado_Projects/lab7_2/lab7_2_workspace/mb_usb_hdmi_top/hw/week2finished.xsa
TRACE::2024-11-07.22:39:55::SCWPlatform::DSA absoulate path C:/Users/curti/OneDrive/Documents/UIUC/ECE-385/Vivado_Projects/lab7_2/lab7_2_workspace/mb_usb_hdmi_top/hw/week2finished.xsa
TRACE::2024-11-07.22:39:55::SCWPlatform::DSA directory C:/Users/curti/OneDrive/Documents/UIUC/ECE-385/Vivado_Projects/lab7_2/lab7_2_workspace/mb_usb_hdmi_top/hw
TRACE::2024-11-07.22:39:55::SCWPlatform:: Platform Path C:/Users/curti/OneDrive/Documents/UIUC/ECE-385/Vivado_Projects/lab7_2/lab7_2_workspace/mb_usb_hdmi_top/hw/week2finished.xsa
TRACE::2024-11-07.22:39:55::SCWPlatform:: Unique name xilinx:::0.0
TRACE::2024-11-07.22:39:55::SCWPlatform::Trying to set the existing hwdb with name mb_usb_hdmi_top
TRACE::2024-11-07.22:39:55::SCWPlatform::Opened existing hwdb mb_usb_hdmi_top
TRACE::2024-11-07.22:39:55::SCWPlatform::Found the Hw Db part of the input DSA
TRACE::2024-11-07.22:39:55::SCWPlatform::Trying to open the hw design at C:/Users/curti/OneDrive/Documents/UIUC/ECE-385/Vivado_Projects/lab7_2/lab7_2_workspace/mb_usb_hdmi_top/hw/week2finished.xsa
TRACE::2024-11-07.22:39:55::SCWPlatform::DSA given C:/Users/curti/OneDrive/Documents/UIUC/ECE-385/Vivado_Projects/lab7_2/lab7_2_workspace/mb_usb_hdmi_top/hw/week2finished.xsa
TRACE::2024-11-07.22:39:55::SCWPlatform::DSA absoulate path C:/Users/curti/OneDrive/Documents/UIUC/ECE-385/Vivado_Projects/lab7_2/lab7_2_workspace/mb_usb_hdmi_top/hw/week2finished.xsa
TRACE::2024-11-07.22:39:55::SCWPlatform::DSA directory C:/Users/curti/OneDrive/Documents/UIUC/ECE-385/Vivado_Projects/lab7_2/lab7_2_workspace/mb_usb_hdmi_top/hw
TRACE::2024-11-07.22:39:55::SCWPlatform:: Platform Path C:/Users/curti/OneDrive/Documents/UIUC/ECE-385/Vivado_Projects/lab7_2/lab7_2_workspace/mb_usb_hdmi_top/hw/week2finished.xsa
TRACE::2024-11-07.22:39:55::SCWPlatform:: Unique name xilinx:::0.0
TRACE::2024-11-07.22:39:55::SCWPlatform::Trying to set the existing hwdb with name mb_usb_hdmi_top
TRACE::2024-11-07.22:39:55::SCWPlatform::Opened existing hwdb mb_usb_hdmi_top
TRACE::2024-11-07.22:39:55::SCWPlatform::Found the Hw Db part of the input DSA
TRACE::2024-11-07.22:39:55::SCWPlatform::Trying to open the hw design at C:/Users/curti/OneDrive/Documents/UIUC/ECE-385/Vivado_Projects/lab7_2/lab7_2_workspace/mb_usb_hdmi_top/hw/week2finished.xsa
TRACE::2024-11-07.22:39:55::SCWPlatform::DSA given C:/Users/curti/OneDrive/Documents/UIUC/ECE-385/Vivado_Projects/lab7_2/lab7_2_workspace/mb_usb_hdmi_top/hw/week2finished.xsa
TRACE::2024-11-07.22:39:55::SCWPlatform::DSA absoulate path C:/Users/curti/OneDrive/Documents/UIUC/ECE-385/Vivado_Projects/lab7_2/lab7_2_workspace/mb_usb_hdmi_top/hw/week2finished.xsa
TRACE::2024-11-07.22:39:55::SCWPlatform::DSA directory C:/Users/curti/OneDrive/Documents/UIUC/ECE-385/Vivado_Projects/lab7_2/lab7_2_workspace/mb_usb_hdmi_top/hw
TRACE::2024-11-07.22:39:55::SCWPlatform:: Platform Path C:/Users/curti/OneDrive/Documents/UIUC/ECE-385/Vivado_Projects/lab7_2/lab7_2_workspace/mb_usb_hdmi_top/hw/week2finished.xsa
TRACE::2024-11-07.22:39:55::SCWPlatform:: Unique name xilinx:::0.0
TRACE::2024-11-07.22:39:55::SCWPlatform::Trying to set the existing hwdb with name mb_usb_hdmi_top
TRACE::2024-11-07.22:39:55::SCWPlatform::Opened existing hwdb mb_usb_hdmi_top
TRACE::2024-11-07.22:39:55::SCWPlatform::Found the Hw Db part of the input DSA
TRACE::2024-11-07.22:39:55::SCWPlatform::Trying to open the hw design at C:/Users/curti/OneDrive/Documents/UIUC/ECE-385/Vivado_Projects/lab7_2/lab7_2_workspace/mb_usb_hdmi_top/hw/week2finished.xsa
TRACE::2024-11-07.22:39:55::SCWPlatform::DSA given C:/Users/curti/OneDrive/Documents/UIUC/ECE-385/Vivado_Projects/lab7_2/lab7_2_workspace/mb_usb_hdmi_top/hw/week2finished.xsa
TRACE::2024-11-07.22:39:55::SCWPlatform::DSA absoulate path C:/Users/curti/OneDrive/Documents/UIUC/ECE-385/Vivado_Projects/lab7_2/lab7_2_workspace/mb_usb_hdmi_top/hw/week2finished.xsa
TRACE::2024-11-07.22:39:55::SCWPlatform::DSA directory C:/Users/curti/OneDrive/Documents/UIUC/ECE-385/Vivado_Projects/lab7_2/lab7_2_workspace/mb_usb_hdmi_top/hw
TRACE::2024-11-07.22:39:55::SCWPlatform:: Platform Path C:/Users/curti/OneDrive/Documents/UIUC/ECE-385/Vivado_Projects/lab7_2/lab7_2_workspace/mb_usb_hdmi_top/hw/week2finished.xsa
TRACE::2024-11-07.22:39:55::SCWPlatform:: Unique name xilinx:::0.0
TRACE::2024-11-07.22:39:55::SCWPlatform::Trying to set the existing hwdb with name mb_usb_hdmi_top
TRACE::2024-11-07.22:39:55::SCWPlatform::Opened existing hwdb mb_usb_hdmi_top
TRACE::2024-11-07.22:39:55::SCWPlatform::Found the Hw Db part of the input DSA
TRACE::2024-11-07.22:39:55::SCWMssOS::Checking the sw design at  C:/Users/curti/OneDrive/Documents/UIUC/ECE-385/Vivado_Projects/lab7_2/lab7_2_workspace/mb_usb_hdmi_top/microblaze_0/standalone_microblaze_0/bsp/system.mss
TRACE::2024-11-07.22:39:55::SCWMssOS::DEBUG:  swdes dump  
TRACE::2024-11-07.22:39:55::SCWMssOS::No sw design opened at  C:/Users/curti/OneDrive/Documents/UIUC/ECE-385/Vivado_Projects/lab7_2/lab7_2_workspace/mb_usb_hdmi_top/microblaze_0/standalone_microblaze_0/bsp/system.mss
TRACE::2024-11-07.22:39:55::SCWMssOS::mss exists loading the mss file  C:/Users/curti/OneDrive/Documents/UIUC/ECE-385/Vivado_Projects/lab7_2/lab7_2_workspace/mb_usb_hdmi_top/microblaze_0/standalone_microblaze_0/bsp/system.mss
TRACE::2024-11-07.22:39:55::SCWMssOS::Opened the sw design from mss  C:/Users/curti/OneDrive/Documents/UIUC/ECE-385/Vivado_Projects/lab7_2/lab7_2_workspace/mb_usb_hdmi_top/microblaze_0/standalone_microblaze_0/bsp/system.mss
TRACE::2024-11-07.22:39:55::SCWMssOS::Adding the swdes entry C:/Users/curti/OneDrive/Documents/UIUC/ECE-385/Vivado_Projects/lab7_2/lab7_2_workspace/mb_usb_hdmi_top/microblaze_0/standalone_microblaze_0/bsp/system.mss with des name system
TRACE::2024-11-07.22:39:55::SCWMssOS::updating the scw layer about changes
TRACE::2024-11-07.22:39:55::SCWMssOS::Opened the sw design.  C:/Users/curti/OneDrive/Documents/UIUC/ECE-385/Vivado_Projects/lab7_2/lab7_2_workspace/mb_usb_hdmi_top/microblaze_0/standalone_microblaze_0/bsp/system.mss
TRACE::2024-11-07.22:39:55::SCWMssOS::Saving the mss changes C:/Users/curti/OneDrive/Documents/UIUC/ECE-385/Vivado_Projects/lab7_2/lab7_2_workspace/mb_usb_hdmi_top/microblaze_0/standalone_microblaze_0/bsp/system.mss
TRACE::2024-11-07.22:39:55::SCWMssOS::Found a swdesign opened with the mssfile.
TRACE::2024-11-07.22:39:55::SCWMssOS::Completed writemss as part of save.
TRACE::2024-11-07.22:39:55::SCWMssOS::Commit changes completed.
TRACE::2024-11-07.22:39:55::SCWReader::Adding prebuilt librarypaths as   
TRACE::2024-11-07.22:39:55::SCWReader::Adding prebuilt incpaths  as   
TRACE::2024-11-07.22:39:55::SCWPlatform::Trying to open the hw design at C:/Users/curti/OneDrive/Documents/UIUC/ECE-385/Vivado_Projects/lab7_2/lab7_2_workspace/mb_usb_hdmi_top/hw/week2finished.xsa
TRACE::2024-11-07.22:39:55::SCWPlatform::DSA given C:/Users/curti/OneDrive/Documents/UIUC/ECE-385/Vivado_Projects/lab7_2/lab7_2_workspace/mb_usb_hdmi_top/hw/week2finished.xsa
TRACE::2024-11-07.22:39:55::SCWPlatform::DSA absoulate path C:/Users/curti/OneDrive/Documents/UIUC/ECE-385/Vivado_Projects/lab7_2/lab7_2_workspace/mb_usb_hdmi_top/hw/week2finished.xsa
TRACE::2024-11-07.22:39:55::SCWPlatform::DSA directory C:/Users/curti/OneDrive/Documents/UIUC/ECE-385/Vivado_Projects/lab7_2/lab7_2_workspace/mb_usb_hdmi_top/hw
TRACE::2024-11-07.22:39:55::SCWPlatform:: Platform Path C:/Users/curti/OneDrive/Documents/UIUC/ECE-385/Vivado_Projects/lab7_2/lab7_2_workspace/mb_usb_hdmi_top/hw/week2finished.xsa
TRACE::2024-11-07.22:39:55::SCWPlatform:: Unique name xilinx:::0.0
TRACE::2024-11-07.22:39:55::SCWPlatform::Trying to set the existing hwdb with name mb_usb_hdmi_top
TRACE::2024-11-07.22:39:55::SCWPlatform::Opened existing hwdb mb_usb_hdmi_top
TRACE::2024-11-07.22:39:55::SCWPlatform::Found the Hw Db part of the input DSA
TRACE::2024-11-07.22:39:55::SCWMssOS::Checking the sw design at  C:/Users/curti/OneDrive/Documents/UIUC/ECE-385/Vivado_Projects/lab7_2/lab7_2_workspace/mb_usb_hdmi_top/microblaze_0/standalone_microblaze_0/bsp/system.mss
TRACE::2024-11-07.22:39:55::SCWMssOS::DEBUG:  swdes dump  C:/Users/curti/OneDrive/Documents/UIUC/ECE-385/Vivado_Projects/lab7_2/lab7_2_workspace/mb_usb_hdmi_top/microblaze_0/standalone_microblaze_0/bsp/system.mss|system||

TRACE::2024-11-07.22:39:55::SCWMssOS::Sw design exists and opened at  C:/Users/curti/OneDrive/Documents/UIUC/ECE-385/Vivado_Projects/lab7_2/lab7_2_workspace/mb_usb_hdmi_top/microblaze_0/standalone_microblaze_0/bsp/system.mss
TRACE::2024-11-07.22:39:55::SCWReader::No isolation master present  
TRACE::2024-11-07.22:40:00::SCWPlatform::DSA given C:/Users/curti/OneDrive/Documents/UIUC/ECE-385/Vivado_Projects/lab7_2/lab7_2_workspace/mb_usb_hdmi_top/tempdsa/week2finished.xsa
TRACE::2024-11-07.22:40:00::SCWPlatform::DSA absoulate path C:/Users/curti/OneDrive/Documents/UIUC/ECE-385/Vivado_Projects/lab7_2/lab7_2_workspace/mb_usb_hdmi_top/tempdsa/week2finished.xsa
TRACE::2024-11-07.22:40:00::SCWPlatform:: Platform location is C:/Users/curti/OneDrive/Documents/UIUC/ECE-385/Vivado_Projects/lab7_2/lab7_2_workspace/mb_usb_hdmi_top/tempdsa
TRACE::2024-11-07.22:40:00::SCWPlatform:: Platform Path C:/Users/curti/OneDrive/Documents/UIUC/ECE-385/Vivado_Projects/lab7_2/lab7_2_workspace/mb_usb_hdmi_top/tempdsa/week2finished.xsa
TRACE::2024-11-07.22:40:00::SCWPlatform:: Unique name xilinx:::0.0
TRACE::2024-11-07.22:40:00::SCWPlatform::Found the Hw Db part of the input DSA
TRACE::2024-11-07.22:40:00::SCWMssOS::Doing hw sync for the mss in domain: standalone_microblaze_0
TRACE::2024-11-07.22:40:00::SCWPlatform::Trying to open the hw design at C:/Users/curti/OneDrive/Documents/UIUC/ECE-385/Vivado_Projects/lab7_2/lab7_2_workspace/mb_usb_hdmi_top/hw/week2finished.xsa
TRACE::2024-11-07.22:40:00::SCWPlatform::DSA given C:/Users/curti/OneDrive/Documents/UIUC/ECE-385/Vivado_Projects/lab7_2/lab7_2_workspace/mb_usb_hdmi_top/hw/week2finished.xsa
TRACE::2024-11-07.22:40:00::SCWPlatform::DSA absoulate path C:/Users/curti/OneDrive/Documents/UIUC/ECE-385/Vivado_Projects/lab7_2/lab7_2_workspace/mb_usb_hdmi_top/hw/week2finished.xsa
TRACE::2024-11-07.22:40:00::SCWPlatform::DSA directory C:/Users/curti/OneDrive/Documents/UIUC/ECE-385/Vivado_Projects/lab7_2/lab7_2_workspace/mb_usb_hdmi_top/hw
TRACE::2024-11-07.22:40:00::SCWPlatform:: Platform Path C:/Users/curti/OneDrive/Documents/UIUC/ECE-385/Vivado_Projects/lab7_2/lab7_2_workspace/mb_usb_hdmi_top/hw/week2finished.xsa
TRACE::2024-11-07.22:40:00::SCWPlatform:: Unique name xilinx:::0.0
TRACE::2024-11-07.22:40:00::SCWPlatform::Trying to set the existing hwdb with name mb_usb_hdmi_top
TRACE::2024-11-07.22:40:00::SCWPlatform::Opened existing hwdb mb_usb_hdmi_top
TRACE::2024-11-07.22:40:00::SCWPlatform::Found the Hw Db part of the input DSA
TRACE::2024-11-07.22:40:00::SCWPlatform::Trying to open the hw design at C:/Users/curti/OneDrive/Documents/UIUC/ECE-385/Vivado_Projects/lab7_2/lab7_2_workspace/mb_usb_hdmi_top/hw/week2finished.xsa
TRACE::2024-11-07.22:40:00::SCWPlatform::DSA given C:/Users/curti/OneDrive/Documents/UIUC/ECE-385/Vivado_Projects/lab7_2/lab7_2_workspace/mb_usb_hdmi_top/hw/week2finished.xsa
TRACE::2024-11-07.22:40:00::SCWPlatform::DSA absoulate path C:/Users/curti/OneDrive/Documents/UIUC/ECE-385/Vivado_Projects/lab7_2/lab7_2_workspace/mb_usb_hdmi_top/hw/week2finished.xsa
TRACE::2024-11-07.22:40:00::SCWPlatform::DSA directory C:/Users/curti/OneDrive/Documents/UIUC/ECE-385/Vivado_Projects/lab7_2/lab7_2_workspace/mb_usb_hdmi_top/hw
TRACE::2024-11-07.22:40:00::SCWPlatform:: Platform Path C:/Users/curti/OneDrive/Documents/UIUC/ECE-385/Vivado_Projects/lab7_2/lab7_2_workspace/mb_usb_hdmi_top/hw/week2finished.xsa
TRACE::2024-11-07.22:40:00::SCWPlatform:: Unique name xilinx:::0.0
TRACE::2024-11-07.22:40:00::SCWPlatform::Trying to set the existing hwdb with name mb_usb_hdmi_top
TRACE::2024-11-07.22:40:00::SCWPlatform::Opened existing hwdb mb_usb_hdmi_top
TRACE::2024-11-07.22:40:00::SCWPlatform::Found the Hw Db part of the input DSA
TRACE::2024-11-07.22:40:00::SCWMssOS::Checking the sw design at  C:/Users/curti/OneDrive/Documents/UIUC/ECE-385/Vivado_Projects/lab7_2/lab7_2_workspace/mb_usb_hdmi_top/microblaze_0/standalone_microblaze_0/bsp/system.mss
TRACE::2024-11-07.22:40:00::SCWMssOS::DEBUG:  swdes dump  C:/Users/curti/OneDrive/Documents/UIUC/ECE-385/Vivado_Projects/lab7_2/lab7_2_workspace/mb_usb_hdmi_top/microblaze_0/standalone_microblaze_0/bsp/system.mss|system||

TRACE::2024-11-07.22:40:00::SCWMssOS::Sw design exists and opened at  C:/Users/curti/OneDrive/Documents/UIUC/ECE-385/Vivado_Projects/lab7_2/lab7_2_workspace/mb_usb_hdmi_top/microblaze_0/standalone_microblaze_0/bsp/system.mss
TRACE::2024-11-07.22:40:00::SCWPlatform::Trying to open the hw design at C:/Users/curti/OneDrive/Documents/UIUC/ECE-385/Vivado_Projects/lab7_2/lab7_2_workspace/mb_usb_hdmi_top/tempdsa/week2finished.xsa
TRACE::2024-11-07.22:40:00::SCWPlatform::DSA given C:/Users/curti/OneDrive/Documents/UIUC/ECE-385/Vivado_Projects/lab7_2/lab7_2_workspace/mb_usb_hdmi_top/tempdsa/week2finished.xsa
TRACE::2024-11-07.22:40:00::SCWPlatform::DSA absoulate path C:/Users/curti/OneDrive/Documents/UIUC/ECE-385/Vivado_Projects/lab7_2/lab7_2_workspace/mb_usb_hdmi_top/tempdsa/week2finished.xsa
TRACE::2024-11-07.22:40:00::SCWPlatform::DSA directory C:/Users/curti/OneDrive/Documents/UIUC/ECE-385/Vivado_Projects/lab7_2/lab7_2_workspace/mb_usb_hdmi_top/tempdsa
TRACE::2024-11-07.22:40:00::SCWPlatform:: Platform Path C:/Users/curti/OneDrive/Documents/UIUC/ECE-385/Vivado_Projects/lab7_2/lab7_2_workspace/mb_usb_hdmi_top/tempdsa/week2finished.xsa
TRACE::2024-11-07.22:40:00::SCWPlatform:: Unique name xilinx:::0.0
TRACE::2024-11-07.22:40:00::SCWPlatform::update - Opened existing hwdb mb_usb_hdmi_top_0
TRACE::2024-11-07.22:40:00::SCWPlatform::Found the Hw Db part of the input DSA
TRACE::2024-11-07.22:40:00::SCWMssOS::Saving the mss changes C:/Users/curti/OneDrive/Documents/UIUC/ECE-385/Vivado_Projects/lab7_2/lab7_2_workspace/mb_usb_hdmi_top/microblaze_0/standalone_microblaze_0/bsp/system.mss
TRACE::2024-11-07.22:40:00::SCWMssOS::Found a swdesign opened with the mssfile.
TRACE::2024-11-07.22:40:00::SCWMssOS::Completed writemss as part of save.
TRACE::2024-11-07.22:40:00::SCWMssOS::Commit changes completed.
TRACE::2024-11-07.22:40:00::SCWMssOS::Completed hw sync for the mss in domain: standalone_microblaze_0
TRACE::2024-11-07.22:40:00::SCWMssOS::Removing the swdes entry for  C:/Users/curti/OneDrive/Documents/UIUC/ECE-385/Vivado_Projects/lab7_2/lab7_2_workspace/mb_usb_hdmi_top/microblaze_0/standalone_microblaze_0/bsp/system.mss
TRACE::2024-11-07.22:40:00::SCWPlatform::Trying to open the hw design at C:/Users/curti/OneDrive/Documents/UIUC/ECE-385/Vivado_Projects/lab7_2/lab7_2_workspace/mb_usb_hdmi_top/hw/week2finished.xsa
TRACE::2024-11-07.22:40:00::SCWPlatform::DSA given C:/Users/curti/OneDrive/Documents/UIUC/ECE-385/Vivado_Projects/lab7_2/lab7_2_workspace/mb_usb_hdmi_top/hw/week2finished.xsa
TRACE::2024-11-07.22:40:00::SCWPlatform::DSA absoulate path C:/Users/curti/OneDrive/Documents/UIUC/ECE-385/Vivado_Projects/lab7_2/lab7_2_workspace/mb_usb_hdmi_top/hw/week2finished.xsa
TRACE::2024-11-07.22:40:00::SCWPlatform::DSA directory C:/Users/curti/OneDrive/Documents/UIUC/ECE-385/Vivado_Projects/lab7_2/lab7_2_workspace/mb_usb_hdmi_top/hw
TRACE::2024-11-07.22:40:00::SCWPlatform:: Platform Path C:/Users/curti/OneDrive/Documents/UIUC/ECE-385/Vivado_Projects/lab7_2/lab7_2_workspace/mb_usb_hdmi_top/hw/week2finished.xsa
TRACE::2024-11-07.22:40:00::SCWPlatform:: Unique name xilinx:::0.0
TRACE::2024-11-07.22:40:00::SCWPlatform::Do not have an existing db opened. 
TRACE::2024-11-07.22:40:00::SCWPlatform::Opened new HwDB with name mb_usb_hdmi_top_1
TRACE::2024-11-07.22:40:00::SCWMssOS::Saving the mss changes C:/Users/curti/OneDrive/Documents/UIUC/ECE-385/Vivado_Projects/lab7_2/lab7_2_workspace/mb_usb_hdmi_top/microblaze_0/standalone_microblaze_0/bsp/system.mss
TRACE::2024-11-07.22:40:00::SCWMssOS::Adding the swdes entry, mss present, able to open swdb C:/Users/curti/OneDrive/Documents/UIUC/ECE-385/Vivado_Projects/lab7_2/lab7_2_workspace/mb_usb_hdmi_top/microblaze_0/standalone_microblaze_0/bsp/system.mss with des name system
TRACE::2024-11-07.22:40:00::SCWMssOS::Writing the mss file completed C:/Users/curti/OneDrive/Documents/UIUC/ECE-385/Vivado_Projects/lab7_2/lab7_2_workspace/mb_usb_hdmi_top/microblaze_0/standalone_microblaze_0/bsp/system.mss
TRACE::2024-11-07.22:40:00::SCWMssOS::Commit changes completed.
TRACE::2024-11-07.22:40:00::SCWPlatform::Trying to open the hw design at C:/Users/curti/OneDrive/Documents/UIUC/ECE-385/Vivado_Projects/lab7_2/lab7_2_workspace/mb_usb_hdmi_top/hw/week2finished.xsa
TRACE::2024-11-07.22:40:00::SCWPlatform::DSA given C:/Users/curti/OneDrive/Documents/UIUC/ECE-385/Vivado_Projects/lab7_2/lab7_2_workspace/mb_usb_hdmi_top/hw/week2finished.xsa
TRACE::2024-11-07.22:40:00::SCWPlatform::DSA absoulate path C:/Users/curti/OneDrive/Documents/UIUC/ECE-385/Vivado_Projects/lab7_2/lab7_2_workspace/mb_usb_hdmi_top/hw/week2finished.xsa
TRACE::2024-11-07.22:40:00::SCWPlatform::DSA directory C:/Users/curti/OneDrive/Documents/UIUC/ECE-385/Vivado_Projects/lab7_2/lab7_2_workspace/mb_usb_hdmi_top/hw
TRACE::2024-11-07.22:40:00::SCWPlatform:: Platform Path C:/Users/curti/OneDrive/Documents/UIUC/ECE-385/Vivado_Projects/lab7_2/lab7_2_workspace/mb_usb_hdmi_top/hw/week2finished.xsa
TRACE::2024-11-07.22:40:00::SCWPlatform:: Unique name xilinx:::0.0
TRACE::2024-11-07.22:40:00::SCWPlatform::Trying to set the existing hwdb with name mb_usb_hdmi_top_1
TRACE::2024-11-07.22:40:00::SCWPlatform::Opened existing hwdb mb_usb_hdmi_top_1
TRACE::2024-11-07.22:40:00::SCWPlatform::Found the Hw Db part of the input DSA
TRACE::2024-11-07.22:40:00::SCWMssOS::Checking the sw design at  C:/Users/curti/OneDrive/Documents/UIUC/ECE-385/Vivado_Projects/lab7_2/lab7_2_workspace/mb_usb_hdmi_top/microblaze_0/standalone_microblaze_0/bsp/system.mss
TRACE::2024-11-07.22:40:00::SCWMssOS::DEBUG:  swdes dump  C:/Users/curti/OneDrive/Documents/UIUC/ECE-385/Vivado_Projects/lab7_2/lab7_2_workspace/mb_usb_hdmi_top/microblaze_0/standalone_microblaze_0/bsp/system.mss|system||

TRACE::2024-11-07.22:40:00::SCWMssOS::Sw design exists and opened at  C:/Users/curti/OneDrive/Documents/UIUC/ECE-385/Vivado_Projects/lab7_2/lab7_2_workspace/mb_usb_hdmi_top/microblaze_0/standalone_microblaze_0/bsp/system.mss
TRACE::2024-11-07.22:40:00::SCWWriter::formatted JSON is {
	"platformName":	"mb_usb_hdmi_top",
	"sprVersion":	"2.0",
	"mode":	"gui",
	"dsaType":	"Fixed",
	"platformDesc":	"mb_usb_hdmi_top",
	"platHandOff":	"C:/Users/curti/Downloads/week2finished.xsa",
	"platIntHandOff":	"<platformDir>/hw/week2finished.xsa",
	"deviceType":	"FPGA",
	"platIsPrebuiltAutogen":	"false",
	"platIsNoBootBsp":	"false",
	"hasFsblMakeHasChanges":	"false",
	"hasPmufwMakeHasChanges":	"false",
	"platPreBuiltFlag":	false,
	"platformSamplesDir":	"",
	"platActiveSys":	"mb_usb_hdmi_top",
	"systems":	[{
			"systemName":	"mb_usb_hdmi_top",
			"systemDesc":	"mb_usb_hdmi_top",
			"sysIsBootAutoGen":	"true",
			"systemDispName":	"mb_usb_hdmi_top",
			"sysActiveDom":	"standalone_microblaze_0",
			"sysDefaultDom":	"standalone_microblaze_0",
			"domains":	[{
					"domainName":	"standalone_microblaze_0",
					"domainDispName":	"standalone_microblaze_0",
					"domainDesc":	"standalone_microblaze_0",
					"processors":	"microblaze_0",
					"os":	"standalone",
					"sdxOs":	"standalone",
					"debugEnable":	"False",
					"domRuntimes":	["cpp"],
					"swRepo":	"",
					"mssOsVer":	"8.0",
					"mssFile":	"",
					"md5Digest":	"5422c1e5be4ae93f4de8c50507402f2a1",
					"compatibleApp":	"",
					"domType":	"mssDomain",
					"arch":	"32-bit",
					"appSettings":	{
						"appCompilerFlags":	"",
						"appLinkerFlags":	""
					},
					"addedLibs":	[],
					"libOptions":	{
						"libsContainingOptions":	[]
					},
					"prebuiltLibs":	{
						"prebuiltIncPath":	[],
						"prebuiltLibPath":	[]
					},
					"isolation":	{
					}
				}]
		}]
}
TRACE::2024-11-07.22:40:09::SCWMssOS::cleaning the bsp 
TRACE::2024-11-07.22:40:09::SCWMssOS::System Command Ran  C: & cd  C:/Users/curti/OneDrive/Documents/UIUC/ECE-385/Vivado_Projects/lab7_2/lab7_2_workspace/mb_usb_hdmi_top/microblaze_0/standalone_microblaze_0/bsp & make clean 
TRACE::2024-11-07.22:40:09::SCWMssOS::make -C microblaze_0/libsrc/bram_v4_8/src -s clean 

TRACE::2024-11-07.22:40:10::SCWMssOS::make -C microblaze_0/libsrc/cpu_v2_16/src -s clean 

TRACE::2024-11-07.22:40:10::SCWMssOS::make -C microblaze_0/libsrc/intc_v3_15/src -s clean 

TRACE::2024-11-07.22:40:10::SCWMssOS::make -C microblaze_0/libsrc/standalone_v8_0/src -s clean 

TRACE::2024-11-07.22:40:10::SCWMssOS::make -C microblaze_0/libsrc/uartlite_v3_7/src -s clean 

TRACE::2024-11-07.22:40:10::SCWMssOS::rm -f microblaze_0/lib/libxil.a

TRACE::2024-11-07.22:40:13::SCWMssOS::cleaning the bsp 
TRACE::2024-11-07.22:40:13::SCWMssOS::System Command Ran  C: & cd  C:/Users/curti/OneDrive/Documents/UIUC/ECE-385/Vivado_Projects/lab7_2/lab7_2_workspace/mb_usb_hdmi_top/microblaze_0/standalone_microblaze_0/bsp & make clean 
TRACE::2024-11-07.22:40:13::SCWMssOS::make -C microblaze_0/libsrc/bram_v4_8/src -s clean 

TRACE::2024-11-07.22:40:13::SCWMssOS::make -C microblaze_0/libsrc/cpu_v2_16/src -s clean 

TRACE::2024-11-07.22:40:13::SCWMssOS::make -C microblaze_0/libsrc/intc_v3_15/src -s clean 

TRACE::2024-11-07.22:40:13::SCWMssOS::make -C microblaze_0/libsrc/standalone_v8_0/src -s clean 

TRACE::2024-11-07.22:40:13::SCWMssOS::make -C microblaze_0/libsrc/uartlite_v3_7/src -s clean 

TRACE::2024-11-07.22:40:13::SCWMssOS::rm -f microblaze_0/lib/libxil.a

LOG::2024-11-07.22:40:26::SCWPlatform::Started generating the artifacts platform mb_usb_hdmi_top
TRACE::2024-11-07.22:40:26::SCWPlatform::Sanity checking of platform is completed
LOG::2024-11-07.22:40:26::SCWPlatform::Started generating the artifacts for system configuration mb_usb_hdmi_top
LOG::2024-11-07.22:40:26::SCWSystem::Checking the domain standalone_microblaze_0
LOG::2024-11-07.22:40:26::SCWSystem::Not a boot domain 
LOG::2024-11-07.22:40:26::SCWSystem::Started Processing the domain standalone_microblaze_0
TRACE::2024-11-07.22:40:26::SCWDomain::Generating domain artifcats
TRACE::2024-11-07.22:40:26::SCWMssOS::Generating standalone artifcats
TRACE::2024-11-07.22:40:26::SCWMssOS:: Copying the user libraries. 
TRACE::2024-11-07.22:40:26::SCWPlatform::Trying to open the hw design at C:/Users/curti/OneDrive/Documents/UIUC/ECE-385/Vivado_Projects/lab7_2/lab7_2_workspace/mb_usb_hdmi_top/hw/week2finished.xsa
TRACE::2024-11-07.22:40:26::SCWPlatform::DSA given C:/Users/curti/OneDrive/Documents/UIUC/ECE-385/Vivado_Projects/lab7_2/lab7_2_workspace/mb_usb_hdmi_top/hw/week2finished.xsa
TRACE::2024-11-07.22:40:26::SCWPlatform::DSA absoulate path C:/Users/curti/OneDrive/Documents/UIUC/ECE-385/Vivado_Projects/lab7_2/lab7_2_workspace/mb_usb_hdmi_top/hw/week2finished.xsa
TRACE::2024-11-07.22:40:26::SCWPlatform::DSA directory C:/Users/curti/OneDrive/Documents/UIUC/ECE-385/Vivado_Projects/lab7_2/lab7_2_workspace/mb_usb_hdmi_top/hw
TRACE::2024-11-07.22:40:26::SCWPlatform:: Platform Path C:/Users/curti/OneDrive/Documents/UIUC/ECE-385/Vivado_Projects/lab7_2/lab7_2_workspace/mb_usb_hdmi_top/hw/week2finished.xsa
TRACE::2024-11-07.22:40:26::SCWPlatform:: Unique name xilinx:::0.0
TRACE::2024-11-07.22:40:26::SCWPlatform::Trying to set the existing hwdb with name mb_usb_hdmi_top_1
TRACE::2024-11-07.22:40:26::SCWPlatform::Opened existing hwdb mb_usb_hdmi_top_1
TRACE::2024-11-07.22:40:26::SCWPlatform::Found the Hw Db part of the input DSA
TRACE::2024-11-07.22:40:26::SCWMssOS::Checking the sw design at  C:/Users/curti/OneDrive/Documents/UIUC/ECE-385/Vivado_Projects/lab7_2/lab7_2_workspace/mb_usb_hdmi_top/microblaze_0/standalone_microblaze_0/bsp/system.mss
TRACE::2024-11-07.22:40:26::SCWMssOS::DEBUG:  swdes dump  C:/Users/curti/OneDrive/Documents/UIUC/ECE-385/Vivado_Projects/lab7_2/lab7_2_workspace/mb_usb_hdmi_top/microblaze_0/standalone_microblaze_0/bsp/system.mss|system||

TRACE::2024-11-07.22:40:26::SCWMssOS::Sw design exists and opened at  C:/Users/curti/OneDrive/Documents/UIUC/ECE-385/Vivado_Projects/lab7_2/lab7_2_workspace/mb_usb_hdmi_top/microblaze_0/standalone_microblaze_0/bsp/system.mss
TRACE::2024-11-07.22:40:26::SCWMssOS::Completed writing the mss file at C:/Users/curti/OneDrive/Documents/UIUC/ECE-385/Vivado_Projects/lab7_2/lab7_2_workspace/mb_usb_hdmi_top/microblaze_0/standalone_microblaze_0/bsp
TRACE::2024-11-07.22:40:26::SCWMssOS::Mss edits present, copying mssfile into export location C:/Users/curti/OneDrive/Documents/UIUC/ECE-385/Vivado_Projects/lab7_2/lab7_2_workspace/mb_usb_hdmi_top/microblaze_0/standalone_microblaze_0/bsp/system.mss
TRACE::2024-11-07.22:40:26::SCWMssOS::bsp generated is stale removing and regenerating. 
TRACE::2024-11-07.22:40:28::SCWMssOS::doing bsp build ... 
TRACE::2024-11-07.22:40:28::SCWMssOS::System Command Ran  C: & cd  C:/Users/curti/OneDrive/Documents/UIUC/ECE-385/Vivado_Projects/lab7_2/lab7_2_workspace/mb_usb_hdmi_top/microblaze_0/standalone_microblaze_0/bsp & make 
TRACE::2024-11-07.22:40:28::SCWMssOS::make --no-print-directory seq_libs

TRACE::2024-11-07.22:40:28::SCWMssOS::'Finished building libraries sequentially.'

TRACE::2024-11-07.22:40:28::SCWMssOS::make -j 18 --no-print-directory par_libs

TRACE::2024-11-07.22:40:28::SCWMssOS::"Running Make include in microblaze_0/libsrc/bram_v4_8/src"

TRACE::2024-11-07.22:40:28::SCWMssOS::make -C microblaze_0/libsrc/bram_v4_8/src -s include  "SHELL=CMD" "COMPILER=mb-gcc" "ASSEMBLER=mb-as" "ARCHIVER=mb-ar" "COMPILE
TRACE::2024-11-07.22:40:28::SCWMssOS::R_FLAGS=  -O2 -c -mcpu=v11.0 -mlittle-endian -mno-xl-reorder -mno-xl-soft-mul -mxl-barrel-shift -mxl-pattern-compare" "EXTRA_CO
TRACE::2024-11-07.22:40:28::SCWMssOS::MPILER_FLAGS=-g -ffunction-sections -fdata-sections -Wall -Wextra -fno-tree-loop-distribute-patterns"

TRACE::2024-11-07.22:40:28::SCWMssOS::"Running Make include in microblaze_0/libsrc/cpu_v2_16/src"

TRACE::2024-11-07.22:40:28::SCWMssOS::make -C microblaze_0/libsrc/cpu_v2_16/src -s include  "SHELL=CMD" "COMPILER=mb-gcc" "ASSEMBLER=mb-as" "ARCHIVER=mb-ar" "COMPILE
TRACE::2024-11-07.22:40:28::SCWMssOS::R_FLAGS=  -O2 -c -mcpu=v11.0 -mlittle-endian -mno-xl-reorder -mno-xl-soft-mul -mxl-barrel-shift -mxl-pattern-compare" "EXTRA_CO
TRACE::2024-11-07.22:40:28::SCWMssOS::MPILER_FLAGS=-g -ffunction-sections -fdata-sections -Wall -Wextra -fno-tree-loop-distribute-patterns"

TRACE::2024-11-07.22:40:28::SCWMssOS::"Running Make include in microblaze_0/libsrc/intc_v3_15/src"

TRACE::2024-11-07.22:40:28::SCWMssOS::make -C microblaze_0/libsrc/intc_v3_15/src -s include  "SHELL=CMD" "COMPILER=mb-gcc" "ASSEMBLER=mb-as" "ARCHIVER=mb-ar" "COMPIL
TRACE::2024-11-07.22:40:28::SCWMssOS::ER_FLAGS=  -O2 -c -mcpu=v11.0 -mlittle-endian -mno-xl-reorder -mno-xl-soft-mul -mxl-barrel-shift -mxl-pattern-compare" "EXTRA_C
TRACE::2024-11-07.22:40:28::SCWMssOS::OMPILER_FLAGS=-g -ffunction-sections -fdata-sections -Wall -Wextra -fno-tree-loop-distribute-patterns"

TRACE::2024-11-07.22:40:28::SCWMssOS::"Running Make include in microblaze_0/libsrc/standalone_v8_0/src"

TRACE::2024-11-07.22:40:28::SCWMssOS::make -C microblaze_0/libsrc/standalone_v8_0/src -s include  "SHELL=CMD" "COMPILER=mb-gcc" "ASSEMBLER=mb-as" "ARCHIVER=mb-ar" "C
TRACE::2024-11-07.22:40:28::SCWMssOS::OMPILER_FLAGS=  -O2 -c -mcpu=v11.0 -mlittle-endian -mno-xl-reorder -mno-xl-soft-mul -mxl-barrel-shift -mxl-pattern-compare" "EX
TRACE::2024-11-07.22:40:28::SCWMssOS::TRA_COMPILER_FLAGS=-g -ffunction-sections -fdata-sections -Wall -Wextra -fno-tree-loop-distribute-patterns"

TRACE::2024-11-07.22:40:28::SCWMssOS::"Running Make include in microblaze_0/libsrc/uartlite_v3_7/src"

TRACE::2024-11-07.22:40:28::SCWMssOS::make -C microblaze_0/libsrc/uartlite_v3_7/src -s include  "SHELL=CMD" "COMPILER=mb-gcc" "ASSEMBLER=mb-as" "ARCHIVER=mb-ar" "COM
TRACE::2024-11-07.22:40:28::SCWMssOS::PILER_FLAGS=  -O2 -c -mcpu=v11.0 -mlittle-endian -mno-xl-reorder -mno-xl-soft-mul -mxl-barrel-shift -mxl-pattern-compare" "EXTR
TRACE::2024-11-07.22:40:28::SCWMssOS::A_COMPILER_FLAGS=-g -ffunction-sections -fdata-sections -Wall -Wextra -fno-tree-loop-distribute-patterns"

TRACE::2024-11-07.22:40:28::SCWMssOS::"Running Make libs in microblaze_0/libsrc/bram_v4_8/src"

TRACE::2024-11-07.22:40:28::SCWMssOS::make -C microblaze_0/libsrc/bram_v4_8/src -s libs  "SHELL=CMD" "COMPILER=mb-gcc" "ASSEMBLER=mb-as" "ARCHIVER=mb-ar" "COMPILER_F
TRACE::2024-11-07.22:40:28::SCWMssOS::LAGS=  -O2 -c -mcpu=v11.0 -mlittle-endian -mno-xl-reorder -mno-xl-soft-mul -mxl-barrel-shift -mxl-pattern-compare" "EXTRA_COMPI
TRACE::2024-11-07.22:40:28::SCWMssOS::LER_FLAGS=-g -ffunction-sections -fdata-sections -Wall -Wextra -fno-tree-loop-distribute-patterns"

TRACE::2024-11-07.22:40:28::SCWMssOS::"Running Make libs in microblaze_0/libsrc/cpu_v2_16/src"

TRACE::2024-11-07.22:40:28::SCWMssOS::make -C microblaze_0/libsrc/cpu_v2_16/src -s libs  "SHELL=CMD" "COMPILER=mb-gcc" "ASSEMBLER=mb-as" "ARCHIVER=mb-ar" "COMPILER_F
TRACE::2024-11-07.22:40:28::SCWMssOS::LAGS=  -O2 -c -mcpu=v11.0 -mlittle-endian -mno-xl-reorder -mno-xl-soft-mul -mxl-barrel-shift -mxl-pattern-compare" "EXTRA_COMPI
TRACE::2024-11-07.22:40:28::SCWMssOS::LER_FLAGS=-g -ffunction-sections -fdata-sections -Wall -Wextra -fno-tree-loop-distribute-patterns"

TRACE::2024-11-07.22:40:28::SCWMssOS::"Running Make libs in microblaze_0/libsrc/intc_v3_15/src"

TRACE::2024-11-07.22:40:28::SCWMssOS::make -C microblaze_0/libsrc/intc_v3_15/src -s libs  "SHELL=CMD" "COMPILER=mb-gcc" "ASSEMBLER=mb-as" "ARCHIVER=mb-ar" "COMPILER_
TRACE::2024-11-07.22:40:28::SCWMssOS::FLAGS=  -O2 -c -mcpu=v11.0 -mlittle-endian -mno-xl-reorder -mno-xl-soft-mul -mxl-barrel-shift -mxl-pattern-compare" "EXTRA_COMP
TRACE::2024-11-07.22:40:28::SCWMssOS::ILER_FLAGS=-g -ffunction-sections -fdata-sections -Wall -Wextra -fno-tree-loop-distribute-patterns"

TRACE::2024-11-07.22:40:28::SCWMssOS::"Running Make libs in microblaze_0/libsrc/standalone_v8_0/src"

TRACE::2024-11-07.22:40:28::SCWMssOS::make -C microblaze_0/libsrc/standalone_v8_0/src -s libs  "SHELL=CMD" "COMPILER=mb-gcc" "ASSEMBLER=mb-as" "ARCHIVER=mb-ar" "COMP
TRACE::2024-11-07.22:40:28::SCWMssOS::ILER_FLAGS=  -O2 -c -mcpu=v11.0 -mlittle-endian -mno-xl-reorder -mno-xl-soft-mul -mxl-barrel-shift -mxl-pattern-compare" "EXTRA
TRACE::2024-11-07.22:40:28::SCWMssOS::_COMPILER_FLAGS=-g -ffunction-sections -fdata-sections -Wall -Wextra -fno-tree-loop-distribute-patterns"

TRACE::2024-11-07.22:40:28::SCWMssOS::"Running Make libs in microblaze_0/libsrc/uartlite_v3_7/src"

TRACE::2024-11-07.22:40:28::SCWMssOS::make -C microblaze_0/libsrc/uartlite_v3_7/src -s libs  "SHELL=CMD" "COMPILER=mb-gcc" "ASSEMBLER=mb-as" "ARCHIVER=mb-ar" "COMPIL
TRACE::2024-11-07.22:40:28::SCWMssOS::ER_FLAGS=  -O2 -c -mcpu=v11.0 -mlittle-endian -mno-xl-reorder -mno-xl-soft-mul -mxl-barrel-shift -mxl-pattern-compare" "EXTRA_C
TRACE::2024-11-07.22:40:28::SCWMssOS::OMPILER_FLAGS=-g -ffunction-sections -fdata-sections -Wall -Wextra -fno-tree-loop-distribute-patterns"

TRACE::2024-11-07.22:40:29::SCWMssOS::"DEBUG NON_LTO_OBJECTS is ../../../lib/microblaze_interrupt_handler.o"

TRACE::2024-11-07.22:40:29::SCWMssOS::'Finished building libraries parallelly.'

TRACE::2024-11-07.22:40:29::SCWMssOS::make --no-print-directory archive

TRACE::2024-11-07.22:40:29::SCWMssOS::mb-ar -r  microblaze_0/lib/libxil.a microblaze_0/lib/_exit.o microblaze_0/lib/errno.o microblaze_0/lib/fcntl.o microblaze_0/lib
TRACE::2024-11-07.22:40:29::SCWMssOS::/hw_exception_handler.o microblaze_0/lib/inbyte.o microblaze_0/lib/microblaze_disable_dcache.o microblaze_0/lib/microblaze_disa
TRACE::2024-11-07.22:40:29::SCWMssOS::ble_exceptions.o microblaze_0/lib/microblaze_disable_icache.o microblaze_0/lib/microblaze_disable_interrupts.o microblaze_0/lib
TRACE::2024-11-07.22:40:29::SCWMssOS::/microblaze_enable_dcache.o microblaze_0/lib/microblaze_enable_exceptions.o microblaze_0/lib/microblaze_enable_icache.o microbl
TRACE::2024-11-07.22:40:29::SCWMssOS::aze_0/lib/microblaze_enable_interrupts.o microblaze_0/lib/microblaze_exception_handler.o microblaze_0/lib/microblaze_flush_cach
TRACE::2024-11-07.22:40:29::SCWMssOS::e_ext.o microblaze_0/lib/microblaze_flush_cache_ext_range.o microblaze_0/lib/microblaze_flush_dcache.o microblaze_0/lib/microbl
TRACE::2024-11-07.22:40:29::SCWMssOS::aze_flush_dcache_range.o microblaze_0/lib/microblaze_init_dcache_range.o microblaze_0/lib/microblaze_init_icache_range.o microb
TRACE::2024-11-07.22:40:29::SCWMssOS::laze_0/lib/microblaze_interrupt_handler.o microblaze_0/lib/microblaze_interrupts_g.o microblaze_0/lib/microblaze_invalidate_cac
TRACE::2024-11-07.22:40:29::SCWMssOS::he_ext.o microblaze_0/lib/microblaze_invalidate_cache_ext_range.o microblaze_0/lib/microblaze_invalidate_dcache.o microblaze_0/
TRACE::2024-11-07.22:40:29::SCWMssOS::lib/microblaze_invalidate_dcache_range.o microblaze_0/lib/microblaze_invalidate_icache.o microblaze_0/lib/microblaze_invalidate
TRACE::2024-11-07.22:40:29::SCWMssOS::_icache_range.o microblaze_0/lib/microblaze_scrub.o microblaze_0/lib/microblaze_selftest.o microblaze_0/lib/microblaze_sleep.o 
TRACE::2024-11-07.22:40:29::SCWMssOS::microblaze_0/lib/microblaze_update_dcache.o microblaze_0/lib/microblaze_update_icache.o microblaze_0/lib/outbyte.o microblaze_0
TRACE::2024-11-07.22:40:29::SCWMssOS::/lib/print.o microblaze_0/lib/pvr.o microblaze_0/lib/xbram.o microblaze_0/lib/xbram_g.o microblaze_0/lib/xbram_intr.o microblaz
TRACE::2024-11-07.22:40:29::SCWMssOS::e_0/lib/xbram_selftest.o microblaze_0/lib/xbram_sinit.o microblaze_0/lib/xil_assert.o microblaze_0/lib/xil_cache.o microblaze_0
TRACE::2024-11-07.22:40:29::SCWMssOS::/lib/xil_clocking.o microblaze_0/lib/xil_exception.o microblaze_0/lib/xil_mem.o microblaze_0/lib/xil_misc_psreset_api.o microbl
TRACE::2024-11-07.22:40:29::SCWMssOS::aze_0/lib/xil_printf.o microblaze_0/lib/xil_sleepcommon.o microblaze_0/lib/xil_testcache.o microblaze_0/lib/xil_testio.o microb
TRACE::2024-11-07.22:40:29::SCWMssOS::laze_0/lib/xil_testmem.o microblaze_0/lib/xil_util.o microblaze_0/lib/xintc.o microblaze_0/lib/xintc_g.o microblaze_0/lib/xintc
TRACE::2024-11-07.22:40:29::SCWMssOS::_intr.o microblaze_0/lib/xintc_l.o microblaze_0/lib/xintc_options.o microblaze_0/lib/xintc_selftest.o microblaze_0/lib/xinterru
TRACE::2024-11-07.22:40:29::SCWMssOS::pt_wrap.o microblaze_0/lib/xio.o microblaze_0/lib/xplatform_info.o microblaze_0/lib/xuartlite.o microblaze_0/lib/xuartlite_g.o 
TRACE::2024-11-07.22:40:29::SCWMssOS::microblaze_0/lib/xuartlite_intr.o microblaze_0/lib/xuartlite_l.o microblaze_0/lib/xuartlite_selftest.o microblaze_0/lib/xuartli
TRACE::2024-11-07.22:40:29::SCWMssOS::te_sinit.o microblaze_0/lib/xuartlite_stats.o

TRACE::2024-11-07.22:40:30::SCWMssOS::'Finished building libraries'

TRACE::2024-11-07.22:40:30::SCWMssOS:: Checking if to create the Supporting Applications
TRACE::2024-11-07.22:40:30::SCWMssOS:: No Linux domain exists, trying to generate FSBL 
LOG::2024-11-07.22:40:30::SCWSystem::Completed Processing the domain standalone_microblaze_0
LOG::2024-11-07.22:40:30::SCWSystem::Completed Processing the sysconfig mb_usb_hdmi_top
LOG::2024-11-07.22:40:30::SCWPlatform::Completed generating the artifacts for system configuration mb_usb_hdmi_top
TRACE::2024-11-07.22:40:30::SCWPlatform::Started preparing the platform 
TRACE::2024-11-07.22:40:30::SCWSystem::Writing the bif file for system config mb_usb_hdmi_top
TRACE::2024-11-07.22:40:30::SCWSystem::dir created 
TRACE::2024-11-07.22:40:30::SCWSystem::Writing the bif 
TRACE::2024-11-07.22:40:30::SCWPlatform::Started writing the spfm file 
TRACE::2024-11-07.22:40:30::SCWPlatform::Started writing the xpfm file 
TRACE::2024-11-07.22:40:30::SCWPlatform::Completed generating the platform
TRACE::2024-11-07.22:40:30::SCWMssOS::Saving the mss changes C:/Users/curti/OneDrive/Documents/UIUC/ECE-385/Vivado_Projects/lab7_2/lab7_2_workspace/mb_usb_hdmi_top/microblaze_0/standalone_microblaze_0/bsp/system.mss
TRACE::2024-11-07.22:40:30::SCWMssOS::Adding the swdes entry, mss present, able to open swdb C:/Users/curti/OneDrive/Documents/UIUC/ECE-385/Vivado_Projects/lab7_2/lab7_2_workspace/mb_usb_hdmi_top/microblaze_0/standalone_microblaze_0/bsp/system.mss with des name system
TRACE::2024-11-07.22:40:30::SCWMssOS::Writing the mss file completed C:/Users/curti/OneDrive/Documents/UIUC/ECE-385/Vivado_Projects/lab7_2/lab7_2_workspace/mb_usb_hdmi_top/microblaze_0/standalone_microblaze_0/bsp/system.mss
TRACE::2024-11-07.22:40:30::SCWMssOS::Commit changes completed.
TRACE::2024-11-07.22:40:30::SCWPlatform::Trying to open the hw design at C:/Users/curti/OneDrive/Documents/UIUC/ECE-385/Vivado_Projects/lab7_2/lab7_2_workspace/mb_usb_hdmi_top/hw/week2finished.xsa
TRACE::2024-11-07.22:40:30::SCWPlatform::DSA given C:/Users/curti/OneDrive/Documents/UIUC/ECE-385/Vivado_Projects/lab7_2/lab7_2_workspace/mb_usb_hdmi_top/hw/week2finished.xsa
TRACE::2024-11-07.22:40:30::SCWPlatform::DSA absoulate path C:/Users/curti/OneDrive/Documents/UIUC/ECE-385/Vivado_Projects/lab7_2/lab7_2_workspace/mb_usb_hdmi_top/hw/week2finished.xsa
TRACE::2024-11-07.22:40:30::SCWPlatform::DSA directory C:/Users/curti/OneDrive/Documents/UIUC/ECE-385/Vivado_Projects/lab7_2/lab7_2_workspace/mb_usb_hdmi_top/hw
TRACE::2024-11-07.22:40:30::SCWPlatform:: Platform Path C:/Users/curti/OneDrive/Documents/UIUC/ECE-385/Vivado_Projects/lab7_2/lab7_2_workspace/mb_usb_hdmi_top/hw/week2finished.xsa
TRACE::2024-11-07.22:40:30::SCWPlatform:: Unique name xilinx:::0.0
TRACE::2024-11-07.22:40:30::SCWPlatform::Trying to set the existing hwdb with name mb_usb_hdmi_top_1
TRACE::2024-11-07.22:40:30::SCWPlatform::Opened existing hwdb mb_usb_hdmi_top_1
TRACE::2024-11-07.22:40:30::SCWPlatform::Found the Hw Db part of the input DSA
TRACE::2024-11-07.22:40:30::SCWMssOS::Checking the sw design at  C:/Users/curti/OneDrive/Documents/UIUC/ECE-385/Vivado_Projects/lab7_2/lab7_2_workspace/mb_usb_hdmi_top/microblaze_0/standalone_microblaze_0/bsp/system.mss
TRACE::2024-11-07.22:40:30::SCWMssOS::DEBUG:  swdes dump  C:/Users/curti/OneDrive/Documents/UIUC/ECE-385/Vivado_Projects/lab7_2/lab7_2_workspace/mb_usb_hdmi_top/microblaze_0/standalone_microblaze_0/bsp/system.mss|system||

TRACE::2024-11-07.22:40:30::SCWMssOS::Sw design exists and opened at  C:/Users/curti/OneDrive/Documents/UIUC/ECE-385/Vivado_Projects/lab7_2/lab7_2_workspace/mb_usb_hdmi_top/microblaze_0/standalone_microblaze_0/bsp/system.mss
TRACE::2024-11-07.22:40:30::SCWWriter::formatted JSON is {
	"platformName":	"mb_usb_hdmi_top",
	"sprVersion":	"2.0",
	"mode":	"gui",
	"dsaType":	"Fixed",
	"platformDesc":	"mb_usb_hdmi_top",
	"platHandOff":	"C:/Users/curti/Downloads/week2finished.xsa",
	"platIntHandOff":	"<platformDir>/hw/week2finished.xsa",
	"deviceType":	"FPGA",
	"platIsPrebuiltAutogen":	"false",
	"platIsNoBootBsp":	"false",
	"hasFsblMakeHasChanges":	"false",
	"hasPmufwMakeHasChanges":	"false",
	"platPreBuiltFlag":	false,
	"platformSamplesDir":	"",
	"platActiveSys":	"mb_usb_hdmi_top",
	"systems":	[{
			"systemName":	"mb_usb_hdmi_top",
			"systemDesc":	"mb_usb_hdmi_top",
			"sysIsBootAutoGen":	"true",
			"systemDispName":	"mb_usb_hdmi_top",
			"sysActiveDom":	"standalone_microblaze_0",
			"sysDefaultDom":	"standalone_microblaze_0",
			"domains":	[{
					"domainName":	"standalone_microblaze_0",
					"domainDispName":	"standalone_microblaze_0",
					"domainDesc":	"standalone_microblaze_0",
					"processors":	"microblaze_0",
					"os":	"standalone",
					"sdxOs":	"standalone",
					"debugEnable":	"False",
					"domRuntimes":	["cpp"],
					"swRepo":	"",
					"mssOsVer":	"8.0",
					"mssFile":	"",
					"md5Digest":	"5422c1e5be4ae93f4de8c50507402f2a",
					"compatibleApp":	"",
					"domType":	"mssDomain",
					"arch":	"32-bit",
					"appSettings":	{
						"appCompilerFlags":	"",
						"appLinkerFlags":	""
					},
					"addedLibs":	[],
					"libOptions":	{
						"libsContainingOptions":	[]
					},
					"prebuiltLibs":	{
						"prebuiltIncPath":	[],
						"prebuiltLibPath":	[]
					},
					"isolation":	{
					}
				}]
		}]
}
KEYINFO::2024-11-07.22:40:30::SCWPlatform::updated the xpfm file.
TRACE::2024-11-07.22:40:30::SCWPlatform::Trying to open the hw design at C:/Users/curti/OneDrive/Documents/UIUC/ECE-385/Vivado_Projects/lab7_2/lab7_2_workspace/mb_usb_hdmi_top/hw/week2finished.xsa
TRACE::2024-11-07.22:40:30::SCWPlatform::DSA given C:/Users/curti/OneDrive/Documents/UIUC/ECE-385/Vivado_Projects/lab7_2/lab7_2_workspace/mb_usb_hdmi_top/hw/week2finished.xsa
TRACE::2024-11-07.22:40:30::SCWPlatform::DSA absoulate path C:/Users/curti/OneDrive/Documents/UIUC/ECE-385/Vivado_Projects/lab7_2/lab7_2_workspace/mb_usb_hdmi_top/hw/week2finished.xsa
TRACE::2024-11-07.22:40:30::SCWPlatform::DSA directory C:/Users/curti/OneDrive/Documents/UIUC/ECE-385/Vivado_Projects/lab7_2/lab7_2_workspace/mb_usb_hdmi_top/hw
TRACE::2024-11-07.22:40:30::SCWPlatform:: Platform Path C:/Users/curti/OneDrive/Documents/UIUC/ECE-385/Vivado_Projects/lab7_2/lab7_2_workspace/mb_usb_hdmi_top/hw/week2finished.xsa
TRACE::2024-11-07.22:40:30::SCWPlatform:: Unique name xilinx:::0.0
TRACE::2024-11-07.22:40:30::SCWPlatform::Trying to set the existing hwdb with name mb_usb_hdmi_top_1
TRACE::2024-11-07.22:40:30::SCWPlatform::Opened existing hwdb mb_usb_hdmi_top_1
TRACE::2024-11-07.22:40:30::SCWPlatform::Found the Hw Db part of the input DSA
TRACE::2024-11-07.22:40:30::SCWMssOS::Checking the sw design at  C:/Users/curti/OneDrive/Documents/UIUC/ECE-385/Vivado_Projects/lab7_2/lab7_2_workspace/mb_usb_hdmi_top/microblaze_0/standalone_microblaze_0/bsp/system.mss
TRACE::2024-11-07.22:40:30::SCWMssOS::DEBUG:  swdes dump  C:/Users/curti/OneDrive/Documents/UIUC/ECE-385/Vivado_Projects/lab7_2/lab7_2_workspace/mb_usb_hdmi_top/microblaze_0/standalone_microblaze_0/bsp/system.mss|system||

TRACE::2024-11-07.22:40:30::SCWMssOS::Sw design exists and opened at  C:/Users/curti/OneDrive/Documents/UIUC/ECE-385/Vivado_Projects/lab7_2/lab7_2_workspace/mb_usb_hdmi_top/microblaze_0/standalone_microblaze_0/bsp/system.mss
TRACE::2024-11-07.22:45:47::SCWPlatform::Trying to open the hw design at C:/Users/curti/OneDrive/Documents/UIUC/ECE-385/Vivado_Projects/lab7_2/lab7_2_workspace/mb_usb_hdmi_top/hw/week2finished.xsa
TRACE::2024-11-07.22:45:47::SCWPlatform::DSA given C:/Users/curti/OneDrive/Documents/UIUC/ECE-385/Vivado_Projects/lab7_2/lab7_2_workspace/mb_usb_hdmi_top/hw/week2finished.xsa
TRACE::2024-11-07.22:45:47::SCWPlatform::DSA absoulate path C:/Users/curti/OneDrive/Documents/UIUC/ECE-385/Vivado_Projects/lab7_2/lab7_2_workspace/mb_usb_hdmi_top/hw/week2finished.xsa
TRACE::2024-11-07.22:45:47::SCWPlatform::DSA directory C:/Users/curti/OneDrive/Documents/UIUC/ECE-385/Vivado_Projects/lab7_2/lab7_2_workspace/mb_usb_hdmi_top/hw
TRACE::2024-11-07.22:45:47::SCWPlatform:: Platform Path C:/Users/curti/OneDrive/Documents/UIUC/ECE-385/Vivado_Projects/lab7_2/lab7_2_workspace/mb_usb_hdmi_top/hw/week2finished.xsa
TRACE::2024-11-07.22:45:47::SCWPlatform:: Unique name xilinx:::0.0
TRACE::2024-11-07.22:45:47::SCWPlatform::Do not have an existing db opened. 
TRACE::2024-11-07.22:45:47::SCWPlatform::Opened new HwDB with name mb_usb_hdmi_top_1
TRACE::2024-11-07.22:45:47::SCWReader::Active system found as  mb_usb_hdmi_top
TRACE::2024-11-07.22:45:47::SCWReader::Handling sysconfig mb_usb_hdmi_top
TRACE::2024-11-07.22:45:47::SCWDomain::checking for install qemu data   : 
TRACE::2024-11-07.22:45:47::SCWPlatform::Trying to open the hw design at C:/Users/curti/OneDrive/Documents/UIUC/ECE-385/Vivado_Projects/lab7_2/lab7_2_workspace/mb_usb_hdmi_top/hw/week2finished.xsa
TRACE::2024-11-07.22:45:47::SCWPlatform::DSA given C:/Users/curti/OneDrive/Documents/UIUC/ECE-385/Vivado_Projects/lab7_2/lab7_2_workspace/mb_usb_hdmi_top/hw/week2finished.xsa
TRACE::2024-11-07.22:45:47::SCWPlatform::DSA absoulate path C:/Users/curti/OneDrive/Documents/UIUC/ECE-385/Vivado_Projects/lab7_2/lab7_2_workspace/mb_usb_hdmi_top/hw/week2finished.xsa
TRACE::2024-11-07.22:45:47::SCWPlatform::DSA directory C:/Users/curti/OneDrive/Documents/UIUC/ECE-385/Vivado_Projects/lab7_2/lab7_2_workspace/mb_usb_hdmi_top/hw
TRACE::2024-11-07.22:45:47::SCWPlatform:: Platform Path C:/Users/curti/OneDrive/Documents/UIUC/ECE-385/Vivado_Projects/lab7_2/lab7_2_workspace/mb_usb_hdmi_top/hw/week2finished.xsa
TRACE::2024-11-07.22:45:47::SCWPlatform:: Unique name xilinx:::0.0
TRACE::2024-11-07.22:45:47::SCWPlatform::Trying to set the existing hwdb with name mb_usb_hdmi_top_1
TRACE::2024-11-07.22:45:47::SCWPlatform::Opened existing hwdb mb_usb_hdmi_top_1
TRACE::2024-11-07.22:45:47::SCWPlatform::Found the Hw Db part of the input DSA
TRACE::2024-11-07.22:45:47::SCWPlatform::Trying to open the hw design at C:/Users/curti/OneDrive/Documents/UIUC/ECE-385/Vivado_Projects/lab7_2/lab7_2_workspace/mb_usb_hdmi_top/hw/week2finished.xsa
TRACE::2024-11-07.22:45:47::SCWPlatform::DSA given C:/Users/curti/OneDrive/Documents/UIUC/ECE-385/Vivado_Projects/lab7_2/lab7_2_workspace/mb_usb_hdmi_top/hw/week2finished.xsa
TRACE::2024-11-07.22:45:47::SCWPlatform::DSA absoulate path C:/Users/curti/OneDrive/Documents/UIUC/ECE-385/Vivado_Projects/lab7_2/lab7_2_workspace/mb_usb_hdmi_top/hw/week2finished.xsa
TRACE::2024-11-07.22:45:47::SCWPlatform::DSA directory C:/Users/curti/OneDrive/Documents/UIUC/ECE-385/Vivado_Projects/lab7_2/lab7_2_workspace/mb_usb_hdmi_top/hw
TRACE::2024-11-07.22:45:47::SCWPlatform:: Platform Path C:/Users/curti/OneDrive/Documents/UIUC/ECE-385/Vivado_Projects/lab7_2/lab7_2_workspace/mb_usb_hdmi_top/hw/week2finished.xsa
TRACE::2024-11-07.22:45:47::SCWPlatform:: Unique name xilinx:::0.0
TRACE::2024-11-07.22:45:47::SCWPlatform::Trying to set the existing hwdb with name mb_usb_hdmi_top_1
TRACE::2024-11-07.22:45:47::SCWPlatform::Opened existing hwdb mb_usb_hdmi_top_1
TRACE::2024-11-07.22:45:47::SCWPlatform::Found the Hw Db part of the input DSA
TRACE::2024-11-07.22:45:47::SCWPlatform::Trying to open the hw design at C:/Users/curti/OneDrive/Documents/UIUC/ECE-385/Vivado_Projects/lab7_2/lab7_2_workspace/mb_usb_hdmi_top/hw/week2finished.xsa
TRACE::2024-11-07.22:45:47::SCWPlatform::DSA given C:/Users/curti/OneDrive/Documents/UIUC/ECE-385/Vivado_Projects/lab7_2/lab7_2_workspace/mb_usb_hdmi_top/hw/week2finished.xsa
TRACE::2024-11-07.22:45:47::SCWPlatform::DSA absoulate path C:/Users/curti/OneDrive/Documents/UIUC/ECE-385/Vivado_Projects/lab7_2/lab7_2_workspace/mb_usb_hdmi_top/hw/week2finished.xsa
TRACE::2024-11-07.22:45:47::SCWPlatform::DSA directory C:/Users/curti/OneDrive/Documents/UIUC/ECE-385/Vivado_Projects/lab7_2/lab7_2_workspace/mb_usb_hdmi_top/hw
TRACE::2024-11-07.22:45:47::SCWPlatform:: Platform Path C:/Users/curti/OneDrive/Documents/UIUC/ECE-385/Vivado_Projects/lab7_2/lab7_2_workspace/mb_usb_hdmi_top/hw/week2finished.xsa
TRACE::2024-11-07.22:45:47::SCWPlatform:: Unique name xilinx:::0.0
TRACE::2024-11-07.22:45:47::SCWPlatform::Trying to set the existing hwdb with name mb_usb_hdmi_top_1
TRACE::2024-11-07.22:45:47::SCWPlatform::Opened existing hwdb mb_usb_hdmi_top_1
TRACE::2024-11-07.22:45:47::SCWPlatform::Found the Hw Db part of the input DSA
TRACE::2024-11-07.22:45:47::SCWPlatform::Trying to open the hw design at C:/Users/curti/OneDrive/Documents/UIUC/ECE-385/Vivado_Projects/lab7_2/lab7_2_workspace/mb_usb_hdmi_top/hw/week2finished.xsa
TRACE::2024-11-07.22:45:47::SCWPlatform::DSA given C:/Users/curti/OneDrive/Documents/UIUC/ECE-385/Vivado_Projects/lab7_2/lab7_2_workspace/mb_usb_hdmi_top/hw/week2finished.xsa
TRACE::2024-11-07.22:45:47::SCWPlatform::DSA absoulate path C:/Users/curti/OneDrive/Documents/UIUC/ECE-385/Vivado_Projects/lab7_2/lab7_2_workspace/mb_usb_hdmi_top/hw/week2finished.xsa
TRACE::2024-11-07.22:45:47::SCWPlatform::DSA directory C:/Users/curti/OneDrive/Documents/UIUC/ECE-385/Vivado_Projects/lab7_2/lab7_2_workspace/mb_usb_hdmi_top/hw
TRACE::2024-11-07.22:45:47::SCWPlatform:: Platform Path C:/Users/curti/OneDrive/Documents/UIUC/ECE-385/Vivado_Projects/lab7_2/lab7_2_workspace/mb_usb_hdmi_top/hw/week2finished.xsa
TRACE::2024-11-07.22:45:47::SCWPlatform:: Unique name xilinx:::0.0
TRACE::2024-11-07.22:45:47::SCWPlatform::Trying to set the existing hwdb with name mb_usb_hdmi_top_1
TRACE::2024-11-07.22:45:47::SCWPlatform::Opened existing hwdb mb_usb_hdmi_top_1
TRACE::2024-11-07.22:45:47::SCWPlatform::Found the Hw Db part of the input DSA
TRACE::2024-11-07.22:45:47::SCWMssOS::Checking the sw design at  C:/Users/curti/OneDrive/Documents/UIUC/ECE-385/Vivado_Projects/lab7_2/lab7_2_workspace/mb_usb_hdmi_top/microblaze_0/standalone_microblaze_0/bsp/system.mss
TRACE::2024-11-07.22:45:47::SCWMssOS::DEBUG:  swdes dump  
TRACE::2024-11-07.22:45:47::SCWMssOS::No sw design opened at  C:/Users/curti/OneDrive/Documents/UIUC/ECE-385/Vivado_Projects/lab7_2/lab7_2_workspace/mb_usb_hdmi_top/microblaze_0/standalone_microblaze_0/bsp/system.mss
TRACE::2024-11-07.22:45:47::SCWMssOS::mss exists loading the mss file  C:/Users/curti/OneDrive/Documents/UIUC/ECE-385/Vivado_Projects/lab7_2/lab7_2_workspace/mb_usb_hdmi_top/microblaze_0/standalone_microblaze_0/bsp/system.mss
TRACE::2024-11-07.22:45:47::SCWMssOS::Opened the sw design from mss  C:/Users/curti/OneDrive/Documents/UIUC/ECE-385/Vivado_Projects/lab7_2/lab7_2_workspace/mb_usb_hdmi_top/microblaze_0/standalone_microblaze_0/bsp/system.mss
TRACE::2024-11-07.22:45:47::SCWMssOS::Adding the swdes entry C:/Users/curti/OneDrive/Documents/UIUC/ECE-385/Vivado_Projects/lab7_2/lab7_2_workspace/mb_usb_hdmi_top/microblaze_0/standalone_microblaze_0/bsp/system.mss with des name system
TRACE::2024-11-07.22:45:47::SCWMssOS::updating the scw layer about changes
TRACE::2024-11-07.22:45:47::SCWMssOS::Opened the sw design.  C:/Users/curti/OneDrive/Documents/UIUC/ECE-385/Vivado_Projects/lab7_2/lab7_2_workspace/mb_usb_hdmi_top/microblaze_0/standalone_microblaze_0/bsp/system.mss
TRACE::2024-11-07.22:45:47::SCWMssOS::Saving the mss changes C:/Users/curti/OneDrive/Documents/UIUC/ECE-385/Vivado_Projects/lab7_2/lab7_2_workspace/mb_usb_hdmi_top/microblaze_0/standalone_microblaze_0/bsp/system.mss
TRACE::2024-11-07.22:45:47::SCWMssOS::Found a swdesign opened with the mssfile.
TRACE::2024-11-07.22:45:47::SCWMssOS::Completed writemss as part of save.
TRACE::2024-11-07.22:45:47::SCWMssOS::Commit changes completed.
TRACE::2024-11-07.22:45:47::SCWReader::Adding prebuilt librarypaths as   
TRACE::2024-11-07.22:45:47::SCWReader::Adding prebuilt incpaths  as   
TRACE::2024-11-07.22:45:47::SCWPlatform::Trying to open the hw design at C:/Users/curti/OneDrive/Documents/UIUC/ECE-385/Vivado_Projects/lab7_2/lab7_2_workspace/mb_usb_hdmi_top/hw/week2finished.xsa
TRACE::2024-11-07.22:45:47::SCWPlatform::DSA given C:/Users/curti/OneDrive/Documents/UIUC/ECE-385/Vivado_Projects/lab7_2/lab7_2_workspace/mb_usb_hdmi_top/hw/week2finished.xsa
TRACE::2024-11-07.22:45:47::SCWPlatform::DSA absoulate path C:/Users/curti/OneDrive/Documents/UIUC/ECE-385/Vivado_Projects/lab7_2/lab7_2_workspace/mb_usb_hdmi_top/hw/week2finished.xsa
TRACE::2024-11-07.22:45:47::SCWPlatform::DSA directory C:/Users/curti/OneDrive/Documents/UIUC/ECE-385/Vivado_Projects/lab7_2/lab7_2_workspace/mb_usb_hdmi_top/hw
TRACE::2024-11-07.22:45:47::SCWPlatform:: Platform Path C:/Users/curti/OneDrive/Documents/UIUC/ECE-385/Vivado_Projects/lab7_2/lab7_2_workspace/mb_usb_hdmi_top/hw/week2finished.xsa
TRACE::2024-11-07.22:45:47::SCWPlatform:: Unique name xilinx:::0.0
TRACE::2024-11-07.22:45:47::SCWPlatform::Trying to set the existing hwdb with name mb_usb_hdmi_top_1
TRACE::2024-11-07.22:45:47::SCWPlatform::Opened existing hwdb mb_usb_hdmi_top_1
TRACE::2024-11-07.22:45:47::SCWPlatform::Found the Hw Db part of the input DSA
TRACE::2024-11-07.22:45:47::SCWMssOS::Checking the sw design at  C:/Users/curti/OneDrive/Documents/UIUC/ECE-385/Vivado_Projects/lab7_2/lab7_2_workspace/mb_usb_hdmi_top/microblaze_0/standalone_microblaze_0/bsp/system.mss
TRACE::2024-11-07.22:45:47::SCWMssOS::DEBUG:  swdes dump  C:/Users/curti/OneDrive/Documents/UIUC/ECE-385/Vivado_Projects/lab7_2/lab7_2_workspace/mb_usb_hdmi_top/microblaze_0/standalone_microblaze_0/bsp/system.mss|system||

TRACE::2024-11-07.22:45:47::SCWMssOS::Sw design exists and opened at  C:/Users/curti/OneDrive/Documents/UIUC/ECE-385/Vivado_Projects/lab7_2/lab7_2_workspace/mb_usb_hdmi_top/microblaze_0/standalone_microblaze_0/bsp/system.mss
TRACE::2024-11-07.22:45:47::SCWReader::No isolation master present  
TRACE::2024-11-07.22:45:58::SCWPlatform::DSA given C:/Users/curti/OneDrive/Documents/UIUC/ECE-385/Vivado_Projects/lab7_2/lab7_2_workspace/mb_usb_hdmi_top/tempdsa/mb_usb_hdmi_top_v3 (1).xsa
TRACE::2024-11-07.22:45:58::SCWPlatform::DSA absoulate path C:/Users/curti/OneDrive/Documents/UIUC/ECE-385/Vivado_Projects/lab7_2/lab7_2_workspace/mb_usb_hdmi_top/tempdsa/mb_usb_hdmi_top_v3 (1).xsa
TRACE::2024-11-07.22:45:58::SCWPlatform:: Platform location is C:/Users/curti/OneDrive/Documents/UIUC/ECE-385/Vivado_Projects/lab7_2/lab7_2_workspace/mb_usb_hdmi_top/tempdsa
TRACE::2024-11-07.22:45:58::SCWPlatform:: Platform Path C:/Users/curti/OneDrive/Documents/UIUC/ECE-385/Vivado_Projects/lab7_2/lab7_2_workspace/mb_usb_hdmi_top/tempdsa/mb_usb_hdmi_top_v3 (1).xsa
TRACE::2024-11-07.22:45:58::SCWPlatform:: Unique name xilinx:::0.0
TRACE::2024-11-07.22:45:58::SCWPlatform::Found the Hw Db part of the input DSA
TRACE::2024-11-07.22:45:58::SCWMssOS::Doing hw sync for the mss in domain: standalone_microblaze_0
TRACE::2024-11-07.22:45:58::SCWPlatform::Trying to open the hw design at C:/Users/curti/OneDrive/Documents/UIUC/ECE-385/Vivado_Projects/lab7_2/lab7_2_workspace/mb_usb_hdmi_top/hw/week2finished.xsa
TRACE::2024-11-07.22:45:58::SCWPlatform::DSA given C:/Users/curti/OneDrive/Documents/UIUC/ECE-385/Vivado_Projects/lab7_2/lab7_2_workspace/mb_usb_hdmi_top/hw/week2finished.xsa
TRACE::2024-11-07.22:45:58::SCWPlatform::DSA absoulate path C:/Users/curti/OneDrive/Documents/UIUC/ECE-385/Vivado_Projects/lab7_2/lab7_2_workspace/mb_usb_hdmi_top/hw/week2finished.xsa
TRACE::2024-11-07.22:45:58::SCWPlatform::DSA directory C:/Users/curti/OneDrive/Documents/UIUC/ECE-385/Vivado_Projects/lab7_2/lab7_2_workspace/mb_usb_hdmi_top/hw
TRACE::2024-11-07.22:45:58::SCWPlatform:: Platform Path C:/Users/curti/OneDrive/Documents/UIUC/ECE-385/Vivado_Projects/lab7_2/lab7_2_workspace/mb_usb_hdmi_top/hw/week2finished.xsa
TRACE::2024-11-07.22:45:58::SCWPlatform:: Unique name xilinx:::0.0
TRACE::2024-11-07.22:45:58::SCWPlatform::Trying to set the existing hwdb with name mb_usb_hdmi_top_1
TRACE::2024-11-07.22:45:58::SCWPlatform::Opened existing hwdb mb_usb_hdmi_top_1
TRACE::2024-11-07.22:45:58::SCWPlatform::Found the Hw Db part of the input DSA
TRACE::2024-11-07.22:45:58::SCWPlatform::Trying to open the hw design at C:/Users/curti/OneDrive/Documents/UIUC/ECE-385/Vivado_Projects/lab7_2/lab7_2_workspace/mb_usb_hdmi_top/hw/week2finished.xsa
TRACE::2024-11-07.22:45:58::SCWPlatform::DSA given C:/Users/curti/OneDrive/Documents/UIUC/ECE-385/Vivado_Projects/lab7_2/lab7_2_workspace/mb_usb_hdmi_top/hw/week2finished.xsa
TRACE::2024-11-07.22:45:58::SCWPlatform::DSA absoulate path C:/Users/curti/OneDrive/Documents/UIUC/ECE-385/Vivado_Projects/lab7_2/lab7_2_workspace/mb_usb_hdmi_top/hw/week2finished.xsa
TRACE::2024-11-07.22:45:58::SCWPlatform::DSA directory C:/Users/curti/OneDrive/Documents/UIUC/ECE-385/Vivado_Projects/lab7_2/lab7_2_workspace/mb_usb_hdmi_top/hw
TRACE::2024-11-07.22:45:58::SCWPlatform:: Platform Path C:/Users/curti/OneDrive/Documents/UIUC/ECE-385/Vivado_Projects/lab7_2/lab7_2_workspace/mb_usb_hdmi_top/hw/week2finished.xsa
TRACE::2024-11-07.22:45:58::SCWPlatform:: Unique name xilinx:::0.0
TRACE::2024-11-07.22:45:58::SCWPlatform::Trying to set the existing hwdb with name mb_usb_hdmi_top_1
TRACE::2024-11-07.22:45:58::SCWPlatform::Opened existing hwdb mb_usb_hdmi_top_1
TRACE::2024-11-07.22:45:58::SCWPlatform::Found the Hw Db part of the input DSA
TRACE::2024-11-07.22:45:58::SCWMssOS::Checking the sw design at  C:/Users/curti/OneDrive/Documents/UIUC/ECE-385/Vivado_Projects/lab7_2/lab7_2_workspace/mb_usb_hdmi_top/microblaze_0/standalone_microblaze_0/bsp/system.mss
TRACE::2024-11-07.22:45:58::SCWMssOS::DEBUG:  swdes dump  C:/Users/curti/OneDrive/Documents/UIUC/ECE-385/Vivado_Projects/lab7_2/lab7_2_workspace/mb_usb_hdmi_top/microblaze_0/standalone_microblaze_0/bsp/system.mss|system||

TRACE::2024-11-07.22:45:58::SCWMssOS::Sw design exists and opened at  C:/Users/curti/OneDrive/Documents/UIUC/ECE-385/Vivado_Projects/lab7_2/lab7_2_workspace/mb_usb_hdmi_top/microblaze_0/standalone_microblaze_0/bsp/system.mss
TRACE::2024-11-07.22:45:58::SCWPlatform::Trying to open the hw design at C:/Users/curti/OneDrive/Documents/UIUC/ECE-385/Vivado_Projects/lab7_2/lab7_2_workspace/mb_usb_hdmi_top/tempdsa/mb_usb_hdmi_top_v3 (1).xsa
TRACE::2024-11-07.22:45:58::SCWPlatform::DSA given C:/Users/curti/OneDrive/Documents/UIUC/ECE-385/Vivado_Projects/lab7_2/lab7_2_workspace/mb_usb_hdmi_top/tempdsa/mb_usb_hdmi_top_v3 (1).xsa
TRACE::2024-11-07.22:45:58::SCWPlatform::DSA absoulate path C:/Users/curti/OneDrive/Documents/UIUC/ECE-385/Vivado_Projects/lab7_2/lab7_2_workspace/mb_usb_hdmi_top/tempdsa/mb_usb_hdmi_top_v3 (1).xsa
TRACE::2024-11-07.22:45:58::SCWPlatform::DSA directory C:/Users/curti/OneDrive/Documents/UIUC/ECE-385/Vivado_Projects/lab7_2/lab7_2_workspace/mb_usb_hdmi_top/tempdsa
TRACE::2024-11-07.22:45:58::SCWPlatform:: Platform Path C:/Users/curti/OneDrive/Documents/UIUC/ECE-385/Vivado_Projects/lab7_2/lab7_2_workspace/mb_usb_hdmi_top/tempdsa/mb_usb_hdmi_top_v3 (1).xsa
TRACE::2024-11-07.22:45:58::SCWPlatform:: Unique name xilinx:::0.0
TRACE::2024-11-07.22:45:58::SCWPlatform::update - Opened existing hwdb mb_usb_hdmi_top_2
TRACE::2024-11-07.22:45:58::SCWPlatform::Found the Hw Db part of the input DSA
TRACE::2024-11-07.22:45:58::SCWMssOS::Saving the mss changes C:/Users/curti/OneDrive/Documents/UIUC/ECE-385/Vivado_Projects/lab7_2/lab7_2_workspace/mb_usb_hdmi_top/microblaze_0/standalone_microblaze_0/bsp/system.mss
TRACE::2024-11-07.22:45:58::SCWMssOS::Found a swdesign opened with the mssfile.
TRACE::2024-11-07.22:45:58::SCWMssOS::Completed writemss as part of save.
TRACE::2024-11-07.22:45:58::SCWMssOS::Commit changes completed.
TRACE::2024-11-07.22:45:58::SCWMssOS::Completed hw sync for the mss in domain: standalone_microblaze_0
TRACE::2024-11-07.22:45:58::SCWMssOS::Removing the swdes entry for  C:/Users/curti/OneDrive/Documents/UIUC/ECE-385/Vivado_Projects/lab7_2/lab7_2_workspace/mb_usb_hdmi_top/microblaze_0/standalone_microblaze_0/bsp/system.mss
TRACE::2024-11-07.22:45:58::SCWPlatform::Trying to open the hw design at C:/Users/curti/OneDrive/Documents/UIUC/ECE-385/Vivado_Projects/lab7_2/lab7_2_workspace/mb_usb_hdmi_top/hw/mb_usb_hdmi_top_v3 (1).xsa
TRACE::2024-11-07.22:45:58::SCWPlatform::DSA given C:/Users/curti/OneDrive/Documents/UIUC/ECE-385/Vivado_Projects/lab7_2/lab7_2_workspace/mb_usb_hdmi_top/hw/mb_usb_hdmi_top_v3 (1).xsa
TRACE::2024-11-07.22:45:58::SCWPlatform::DSA absoulate path C:/Users/curti/OneDrive/Documents/UIUC/ECE-385/Vivado_Projects/lab7_2/lab7_2_workspace/mb_usb_hdmi_top/hw/mb_usb_hdmi_top_v3 (1).xsa
TRACE::2024-11-07.22:45:58::SCWPlatform::DSA directory C:/Users/curti/OneDrive/Documents/UIUC/ECE-385/Vivado_Projects/lab7_2/lab7_2_workspace/mb_usb_hdmi_top/hw
TRACE::2024-11-07.22:45:58::SCWPlatform:: Platform Path C:/Users/curti/OneDrive/Documents/UIUC/ECE-385/Vivado_Projects/lab7_2/lab7_2_workspace/mb_usb_hdmi_top/hw/mb_usb_hdmi_top_v3 (1).xsa
TRACE::2024-11-07.22:45:58::SCWPlatform:: Unique name xilinx:::0.0
TRACE::2024-11-07.22:45:58::SCWPlatform::Do not have an existing db opened. 
TRACE::2024-11-07.22:45:58::SCWPlatform::Opened new HwDB with name mb_usb_hdmi_top_3
TRACE::2024-11-07.22:45:58::SCWMssOS::Saving the mss changes C:/Users/curti/OneDrive/Documents/UIUC/ECE-385/Vivado_Projects/lab7_2/lab7_2_workspace/mb_usb_hdmi_top/microblaze_0/standalone_microblaze_0/bsp/system.mss
TRACE::2024-11-07.22:45:58::SCWMssOS::Adding the swdes entry, mss present, able to open swdb C:/Users/curti/OneDrive/Documents/UIUC/ECE-385/Vivado_Projects/lab7_2/lab7_2_workspace/mb_usb_hdmi_top/microblaze_0/standalone_microblaze_0/bsp/system.mss with des name system
TRACE::2024-11-07.22:45:58::SCWMssOS::Writing the mss file completed C:/Users/curti/OneDrive/Documents/UIUC/ECE-385/Vivado_Projects/lab7_2/lab7_2_workspace/mb_usb_hdmi_top/microblaze_0/standalone_microblaze_0/bsp/system.mss
TRACE::2024-11-07.22:45:58::SCWMssOS::Commit changes completed.
TRACE::2024-11-07.22:45:58::SCWPlatform::Trying to open the hw design at C:/Users/curti/OneDrive/Documents/UIUC/ECE-385/Vivado_Projects/lab7_2/lab7_2_workspace/mb_usb_hdmi_top/hw/mb_usb_hdmi_top_v3 (1).xsa
TRACE::2024-11-07.22:45:58::SCWPlatform::DSA given C:/Users/curti/OneDrive/Documents/UIUC/ECE-385/Vivado_Projects/lab7_2/lab7_2_workspace/mb_usb_hdmi_top/hw/mb_usb_hdmi_top_v3 (1).xsa
TRACE::2024-11-07.22:45:58::SCWPlatform::DSA absoulate path C:/Users/curti/OneDrive/Documents/UIUC/ECE-385/Vivado_Projects/lab7_2/lab7_2_workspace/mb_usb_hdmi_top/hw/mb_usb_hdmi_top_v3 (1).xsa
TRACE::2024-11-07.22:45:58::SCWPlatform::DSA directory C:/Users/curti/OneDrive/Documents/UIUC/ECE-385/Vivado_Projects/lab7_2/lab7_2_workspace/mb_usb_hdmi_top/hw
TRACE::2024-11-07.22:45:58::SCWPlatform:: Platform Path C:/Users/curti/OneDrive/Documents/UIUC/ECE-385/Vivado_Projects/lab7_2/lab7_2_workspace/mb_usb_hdmi_top/hw/mb_usb_hdmi_top_v3 (1).xsa
TRACE::2024-11-07.22:45:58::SCWPlatform:: Unique name xilinx:::0.0
TRACE::2024-11-07.22:45:58::SCWPlatform::Trying to set the existing hwdb with name mb_usb_hdmi_top_3
TRACE::2024-11-07.22:45:58::SCWPlatform::Opened existing hwdb mb_usb_hdmi_top_3
TRACE::2024-11-07.22:45:58::SCWPlatform::Found the Hw Db part of the input DSA
TRACE::2024-11-07.22:45:58::SCWMssOS::Checking the sw design at  C:/Users/curti/OneDrive/Documents/UIUC/ECE-385/Vivado_Projects/lab7_2/lab7_2_workspace/mb_usb_hdmi_top/microblaze_0/standalone_microblaze_0/bsp/system.mss
TRACE::2024-11-07.22:45:58::SCWMssOS::DEBUG:  swdes dump  C:/Users/curti/OneDrive/Documents/UIUC/ECE-385/Vivado_Projects/lab7_2/lab7_2_workspace/mb_usb_hdmi_top/microblaze_0/standalone_microblaze_0/bsp/system.mss|system||

TRACE::2024-11-07.22:45:58::SCWMssOS::Sw design exists and opened at  C:/Users/curti/OneDrive/Documents/UIUC/ECE-385/Vivado_Projects/lab7_2/lab7_2_workspace/mb_usb_hdmi_top/microblaze_0/standalone_microblaze_0/bsp/system.mss
TRACE::2024-11-07.22:45:58::SCWWriter::formatted JSON is {
	"platformName":	"mb_usb_hdmi_top",
	"sprVersion":	"2.0",
	"mode":	"gui",
	"dsaType":	"Fixed",
	"platformDesc":	"mb_usb_hdmi_top",
	"platHandOff":	"C:/Users/curti/Downloads/mb_usb_hdmi_top_v3 (1).xsa",
	"platIntHandOff":	"<platformDir>/hw/mb_usb_hdmi_top_v3 (1).xsa",
	"deviceType":	"FPGA",
	"platIsPrebuiltAutogen":	"false",
	"platIsNoBootBsp":	"false",
	"hasFsblMakeHasChanges":	"false",
	"hasPmufwMakeHasChanges":	"false",
	"platPreBuiltFlag":	false,
	"platformSamplesDir":	"",
	"platActiveSys":	"mb_usb_hdmi_top",
	"systems":	[{
			"systemName":	"mb_usb_hdmi_top",
			"systemDesc":	"mb_usb_hdmi_top",
			"sysIsBootAutoGen":	"true",
			"systemDispName":	"mb_usb_hdmi_top",
			"sysActiveDom":	"standalone_microblaze_0",
			"sysDefaultDom":	"standalone_microblaze_0",
			"domains":	[{
					"domainName":	"standalone_microblaze_0",
					"domainDispName":	"standalone_microblaze_0",
					"domainDesc":	"standalone_microblaze_0",
					"processors":	"microblaze_0",
					"os":	"standalone",
					"sdxOs":	"standalone",
					"debugEnable":	"False",
					"domRuntimes":	["cpp"],
					"swRepo":	"",
					"mssOsVer":	"8.0",
					"mssFile":	"",
					"md5Digest":	"5422c1e5be4ae93f4de8c50507402f2a1",
					"compatibleApp":	"",
					"domType":	"mssDomain",
					"arch":	"32-bit",
					"appSettings":	{
						"appCompilerFlags":	"",
						"appLinkerFlags":	""
					},
					"addedLibs":	[],
					"libOptions":	{
						"libsContainingOptions":	[]
					},
					"prebuiltLibs":	{
						"prebuiltIncPath":	[],
						"prebuiltLibPath":	[]
					},
					"isolation":	{
					}
				}]
		}]
}
TRACE::2024-11-07.22:46:04::SCWMssOS::cleaning the bsp 
TRACE::2024-11-07.22:46:04::SCWMssOS::System Command Ran  C: & cd  C:/Users/curti/OneDrive/Documents/UIUC/ECE-385/Vivado_Projects/lab7_2/lab7_2_workspace/mb_usb_hdmi_top/microblaze_0/standalone_microblaze_0/bsp & make clean 
TRACE::2024-11-07.22:46:04::SCWMssOS::make -C microblaze_0/libsrc/bram_v4_8/src -s clean 

TRACE::2024-11-07.22:46:04::SCWMssOS::make -C microblaze_0/libsrc/cpu_v2_16/src -s clean 

TRACE::2024-11-07.22:46:04::SCWMssOS::make -C microblaze_0/libsrc/intc_v3_15/src -s clean 

TRACE::2024-11-07.22:46:04::SCWMssOS::make -C microblaze_0/libsrc/standalone_v8_0/src -s clean 

TRACE::2024-11-07.22:46:05::SCWMssOS::make -C microblaze_0/libsrc/uartlite_v3_7/src -s clean 

TRACE::2024-11-07.22:46:05::SCWMssOS::rm -f microblaze_0/lib/libxil.a

TRACE::2024-11-07.22:46:07::SCWMssOS::cleaning the bsp 
TRACE::2024-11-07.22:46:07::SCWMssOS::System Command Ran  C: & cd  C:/Users/curti/OneDrive/Documents/UIUC/ECE-385/Vivado_Projects/lab7_2/lab7_2_workspace/mb_usb_hdmi_top/microblaze_0/standalone_microblaze_0/bsp & make clean 
TRACE::2024-11-07.22:46:07::SCWMssOS::make -C microblaze_0/libsrc/bram_v4_8/src -s clean 

TRACE::2024-11-07.22:46:07::SCWMssOS::make -C microblaze_0/libsrc/cpu_v2_16/src -s clean 

TRACE::2024-11-07.22:46:07::SCWMssOS::make -C microblaze_0/libsrc/intc_v3_15/src -s clean 

TRACE::2024-11-07.22:46:07::SCWMssOS::make -C microblaze_0/libsrc/standalone_v8_0/src -s clean 

TRACE::2024-11-07.22:46:07::SCWMssOS::make -C microblaze_0/libsrc/uartlite_v3_7/src -s clean 

TRACE::2024-11-07.22:46:07::SCWMssOS::rm -f microblaze_0/lib/libxil.a

LOG::2024-11-07.22:46:12::SCWPlatform::Started generating the artifacts platform mb_usb_hdmi_top
TRACE::2024-11-07.22:46:12::SCWPlatform::Sanity checking of platform is completed
LOG::2024-11-07.22:46:12::SCWPlatform::Started generating the artifacts for system configuration mb_usb_hdmi_top
LOG::2024-11-07.22:46:12::SCWSystem::Checking the domain standalone_microblaze_0
LOG::2024-11-07.22:46:12::SCWSystem::Not a boot domain 
LOG::2024-11-07.22:46:12::SCWSystem::Started Processing the domain standalone_microblaze_0
TRACE::2024-11-07.22:46:12::SCWDomain::Generating domain artifcats
TRACE::2024-11-07.22:46:12::SCWMssOS::Generating standalone artifcats
TRACE::2024-11-07.22:46:12::SCWMssOS:: Copying the user libraries. 
TRACE::2024-11-07.22:46:12::SCWPlatform::Trying to open the hw design at C:/Users/curti/OneDrive/Documents/UIUC/ECE-385/Vivado_Projects/lab7_2/lab7_2_workspace/mb_usb_hdmi_top/hw/mb_usb_hdmi_top_v3 (1).xsa
TRACE::2024-11-07.22:46:12::SCWPlatform::DSA given C:/Users/curti/OneDrive/Documents/UIUC/ECE-385/Vivado_Projects/lab7_2/lab7_2_workspace/mb_usb_hdmi_top/hw/mb_usb_hdmi_top_v3 (1).xsa
TRACE::2024-11-07.22:46:12::SCWPlatform::DSA absoulate path C:/Users/curti/OneDrive/Documents/UIUC/ECE-385/Vivado_Projects/lab7_2/lab7_2_workspace/mb_usb_hdmi_top/hw/mb_usb_hdmi_top_v3 (1).xsa
TRACE::2024-11-07.22:46:12::SCWPlatform::DSA directory C:/Users/curti/OneDrive/Documents/UIUC/ECE-385/Vivado_Projects/lab7_2/lab7_2_workspace/mb_usb_hdmi_top/hw
TRACE::2024-11-07.22:46:12::SCWPlatform:: Platform Path C:/Users/curti/OneDrive/Documents/UIUC/ECE-385/Vivado_Projects/lab7_2/lab7_2_workspace/mb_usb_hdmi_top/hw/mb_usb_hdmi_top_v3 (1).xsa
TRACE::2024-11-07.22:46:12::SCWPlatform:: Unique name xilinx:::0.0
TRACE::2024-11-07.22:46:12::SCWPlatform::Trying to set the existing hwdb with name mb_usb_hdmi_top_3
TRACE::2024-11-07.22:46:12::SCWPlatform::Opened existing hwdb mb_usb_hdmi_top_3
TRACE::2024-11-07.22:46:12::SCWPlatform::Found the Hw Db part of the input DSA
TRACE::2024-11-07.22:46:12::SCWMssOS::Checking the sw design at  C:/Users/curti/OneDrive/Documents/UIUC/ECE-385/Vivado_Projects/lab7_2/lab7_2_workspace/mb_usb_hdmi_top/microblaze_0/standalone_microblaze_0/bsp/system.mss
TRACE::2024-11-07.22:46:12::SCWMssOS::DEBUG:  swdes dump  C:/Users/curti/OneDrive/Documents/UIUC/ECE-385/Vivado_Projects/lab7_2/lab7_2_workspace/mb_usb_hdmi_top/microblaze_0/standalone_microblaze_0/bsp/system.mss|system||

TRACE::2024-11-07.22:46:12::SCWMssOS::Sw design exists and opened at  C:/Users/curti/OneDrive/Documents/UIUC/ECE-385/Vivado_Projects/lab7_2/lab7_2_workspace/mb_usb_hdmi_top/microblaze_0/standalone_microblaze_0/bsp/system.mss
TRACE::2024-11-07.22:46:12::SCWMssOS::Completed writing the mss file at C:/Users/curti/OneDrive/Documents/UIUC/ECE-385/Vivado_Projects/lab7_2/lab7_2_workspace/mb_usb_hdmi_top/microblaze_0/standalone_microblaze_0/bsp
TRACE::2024-11-07.22:46:12::SCWMssOS::Mss edits present, copying mssfile into export location C:/Users/curti/OneDrive/Documents/UIUC/ECE-385/Vivado_Projects/lab7_2/lab7_2_workspace/mb_usb_hdmi_top/microblaze_0/standalone_microblaze_0/bsp/system.mss
TRACE::2024-11-07.22:46:12::SCWMssOS::bsp generated is stale removing and regenerating. 
TRACE::2024-11-07.22:46:13::SCWMssOS::doing bsp build ... 
TRACE::2024-11-07.22:46:13::SCWMssOS::System Command Ran  C: & cd  C:/Users/curti/OneDrive/Documents/UIUC/ECE-385/Vivado_Projects/lab7_2/lab7_2_workspace/mb_usb_hdmi_top/microblaze_0/standalone_microblaze_0/bsp & make 
TRACE::2024-11-07.22:46:13::SCWMssOS::make --no-print-directory seq_libs

TRACE::2024-11-07.22:46:13::SCWMssOS::'Finished building libraries sequentially.'

TRACE::2024-11-07.22:46:13::SCWMssOS::make -j 18 --no-print-directory par_libs

TRACE::2024-11-07.22:46:14::SCWMssOS::"Running Make include in microblaze_0/libsrc/bram_v4_8/src"

TRACE::2024-11-07.22:46:14::SCWMssOS::make -C microblaze_0/libsrc/bram_v4_8/src -s include  "SHELL=CMD" "COMPILER=mb-gcc" "ASSEMBLER=mb-as" "ARCHIVER=mb-ar" "COMPILE
TRACE::2024-11-07.22:46:14::SCWMssOS::R_FLAGS=  -O2 -c -mcpu=v11.0 -mlittle-endian -mno-xl-reorder -mno-xl-soft-mul -mxl-barrel-shift -mxl-pattern-compare" "EXTRA_CO
TRACE::2024-11-07.22:46:14::SCWMssOS::MPILER_FLAGS=-g -ffunction-sections -fdata-sections -Wall -Wextra -fno-tree-loop-distribute-patterns"

TRACE::2024-11-07.22:46:14::SCWMssOS::"Running Make include in microblaze_0/libsrc/cpu_v2_16/src"

TRACE::2024-11-07.22:46:14::SCWMssOS::make -C microblaze_0/libsrc/cpu_v2_16/src -s include  "SHELL=CMD" "COMPILER=mb-gcc" "ASSEMBLER=mb-as" "ARCHIVER=mb-ar" "COMPILE
TRACE::2024-11-07.22:46:14::SCWMssOS::R_FLAGS=  -O2 -c -mcpu=v11.0 -mlittle-endian -mno-xl-reorder -mno-xl-soft-mul -mxl-barrel-shift -mxl-pattern-compare" "EXTRA_CO
TRACE::2024-11-07.22:46:14::SCWMssOS::MPILER_FLAGS=-g -ffunction-sections -fdata-sections -Wall -Wextra -fno-tree-loop-distribute-patterns"

TRACE::2024-11-07.22:46:14::SCWMssOS::"Running Make include in microblaze_0/libsrc/intc_v3_15/src"

TRACE::2024-11-07.22:46:14::SCWMssOS::make -C microblaze_0/libsrc/intc_v3_15/src -s include  "SHELL=CMD" "COMPILER=mb-gcc" "ASSEMBLER=mb-as" "ARCHIVER=mb-ar" "COMPIL
TRACE::2024-11-07.22:46:14::SCWMssOS::ER_FLAGS=  -O2 -c -mcpu=v11.0 -mlittle-endian -mno-xl-reorder -mno-xl-soft-mul -mxl-barrel-shift -mxl-pattern-compare" "EXTRA_C
TRACE::2024-11-07.22:46:14::SCWMssOS::OMPILER_FLAGS=-g -ffunction-sections -fdata-sections -Wall -Wextra -fno-tree-loop-distribute-patterns"

TRACE::2024-11-07.22:46:14::SCWMssOS::"Running Make include in microblaze_0/libsrc/standalone_v8_0/src"

TRACE::2024-11-07.22:46:14::SCWMssOS::make -C microblaze_0/libsrc/standalone_v8_0/src -s include  "SHELL=CMD" "COMPILER=mb-gcc" "ASSEMBLER=mb-as" "ARCHIVER=mb-ar" "C
TRACE::2024-11-07.22:46:14::SCWMssOS::OMPILER_FLAGS=  -O2 -c -mcpu=v11.0 -mlittle-endian -mno-xl-reorder -mno-xl-soft-mul -mxl-barrel-shift -mxl-pattern-compare" "EX
TRACE::2024-11-07.22:46:14::SCWMssOS::TRA_COMPILER_FLAGS=-g -ffunction-sections -fdata-sections -Wall -Wextra -fno-tree-loop-distribute-patterns"

TRACE::2024-11-07.22:46:14::SCWMssOS::"Running Make include in microblaze_0/libsrc/uartlite_v3_7/src"

TRACE::2024-11-07.22:46:14::SCWMssOS::make -C microblaze_0/libsrc/uartlite_v3_7/src -s include  "SHELL=CMD" "COMPILER=mb-gcc" "ASSEMBLER=mb-as" "ARCHIVER=mb-ar" "COM
TRACE::2024-11-07.22:46:14::SCWMssOS::PILER_FLAGS=  -O2 -c -mcpu=v11.0 -mlittle-endian -mno-xl-reorder -mno-xl-soft-mul -mxl-barrel-shift -mxl-pattern-compare" "EXTR
TRACE::2024-11-07.22:46:14::SCWMssOS::A_COMPILER_FLAGS=-g -ffunction-sections -fdata-sections -Wall -Wextra -fno-tree-loop-distribute-patterns"

TRACE::2024-11-07.22:46:14::SCWMssOS::"Running Make libs in microblaze_0/libsrc/bram_v4_8/src"

TRACE::2024-11-07.22:46:14::SCWMssOS::"Running Make libs in microblaze_0/libsrc/cpu_v2_16/src"

TRACE::2024-11-07.22:46:14::SCWMssOS::make -C microblaze_0/libsrc/bram_v4_8/src -s libs  "SHELL=CMD" "COMPILER=mb-gcc" "ASSEMBLER=mb-as" "ARCHIVER=mb-ar" "COMPILER_F
TRACE::2024-11-07.22:46:14::SCWMssOS::LAGS=  -O2 -c -mcpu=v11.0 -mlittle-endian -mno-xl-reorder -mno-xl-soft-mul -mxl-barrel-shift -mxl-pattern-compare" "EXTRA_COMPI
TRACE::2024-11-07.22:46:14::SCWMssOS::LER_FLAGS=-g -ffunction-sections -fdata-sections -Wall -Wextra -fno-tree-loop-distribute-patterns"

TRACE::2024-11-07.22:46:14::SCWMssOS::make -C microblaze_0/libsrc/cpu_v2_16/src -s libs  "SHELL=CMD" "COMPILER=mb-gcc" "ASSEMBLER=mb-as" "ARCHIVER=mb-ar" "COMPILER_F
TRACE::2024-11-07.22:46:14::SCWMssOS::LAGS=  -O2 -c -mcpu=v11.0 -mlittle-endian -mno-xl-reorder -mno-xl-soft-mul -mxl-barrel-shift -mxl-pattern-compare" "EXTRA_COMPI
TRACE::2024-11-07.22:46:14::SCWMssOS::LER_FLAGS=-g -ffunction-sections -fdata-sections -Wall -Wextra -fno-tree-loop-distribute-patterns"

TRACE::2024-11-07.22:46:14::SCWMssOS::"Running Make libs in microblaze_0/libsrc/intc_v3_15/src"

TRACE::2024-11-07.22:46:14::SCWMssOS::make -C microblaze_0/libsrc/intc_v3_15/src -s libs  "SHELL=CMD" "COMPILER=mb-gcc" "ASSEMBLER=mb-as" "ARCHIVER=mb-ar" "COMPILER_
TRACE::2024-11-07.22:46:14::SCWMssOS::FLAGS=  -O2 -c -mcpu=v11.0 -mlittle-endian -mno-xl-reorder -mno-xl-soft-mul -mxl-barrel-shift -mxl-pattern-compare" "EXTRA_COMP
TRACE::2024-11-07.22:46:14::SCWMssOS::ILER_FLAGS=-g -ffunction-sections -fdata-sections -Wall -Wextra -fno-tree-loop-distribute-patterns"

TRACE::2024-11-07.22:46:14::SCWMssOS::"Running Make libs in microblaze_0/libsrc/standalone_v8_0/src"

TRACE::2024-11-07.22:46:14::SCWMssOS::make -C microblaze_0/libsrc/standalone_v8_0/src -s libs  "SHELL=CMD" "COMPILER=mb-gcc" "ASSEMBLER=mb-as" "ARCHIVER=mb-ar" "COMP
TRACE::2024-11-07.22:46:14::SCWMssOS::ILER_FLAGS=  -O2 -c -mcpu=v11.0 -mlittle-endian -mno-xl-reorder -mno-xl-soft-mul -mxl-barrel-shift -mxl-pattern-compare" "EXTRA
TRACE::2024-11-07.22:46:14::SCWMssOS::_COMPILER_FLAGS=-g -ffunction-sections -fdata-sections -Wall -Wextra -fno-tree-loop-distribute-patterns"

TRACE::2024-11-07.22:46:14::SCWMssOS::"Running Make libs in microblaze_0/libsrc/uartlite_v3_7/src"

TRACE::2024-11-07.22:46:14::SCWMssOS::make -C microblaze_0/libsrc/uartlite_v3_7/src -s libs  "SHELL=CMD" "COMPILER=mb-gcc" "ASSEMBLER=mb-as" "ARCHIVER=mb-ar" "COMPIL
TRACE::2024-11-07.22:46:14::SCWMssOS::ER_FLAGS=  -O2 -c -mcpu=v11.0 -mlittle-endian -mno-xl-reorder -mno-xl-soft-mul -mxl-barrel-shift -mxl-pattern-compare" "EXTRA_C
TRACE::2024-11-07.22:46:14::SCWMssOS::OMPILER_FLAGS=-g -ffunction-sections -fdata-sections -Wall -Wextra -fno-tree-loop-distribute-patterns"

TRACE::2024-11-07.22:46:14::SCWMssOS::"DEBUG NON_LTO_OBJECTS is ../../../lib/microblaze_interrupt_handler.o"

TRACE::2024-11-07.22:46:14::SCWMssOS::'Finished building libraries parallelly.'

TRACE::2024-11-07.22:46:14::SCWMssOS::make --no-print-directory archive

TRACE::2024-11-07.22:46:15::SCWMssOS::mb-ar -r  microblaze_0/lib/libxil.a microblaze_0/lib/_exit.o microblaze_0/lib/errno.o microblaze_0/lib/fcntl.o microblaze_0/lib
TRACE::2024-11-07.22:46:15::SCWMssOS::/hw_exception_handler.o microblaze_0/lib/inbyte.o microblaze_0/lib/microblaze_disable_dcache.o microblaze_0/lib/microblaze_disa
TRACE::2024-11-07.22:46:15::SCWMssOS::ble_exceptions.o microblaze_0/lib/microblaze_disable_icache.o microblaze_0/lib/microblaze_disable_interrupts.o microblaze_0/lib
TRACE::2024-11-07.22:46:15::SCWMssOS::/microblaze_enable_dcache.o microblaze_0/lib/microblaze_enable_exceptions.o microblaze_0/lib/microblaze_enable_icache.o microbl
TRACE::2024-11-07.22:46:15::SCWMssOS::aze_0/lib/microblaze_enable_interrupts.o microblaze_0/lib/microblaze_exception_handler.o microblaze_0/lib/microblaze_flush_cach
TRACE::2024-11-07.22:46:15::SCWMssOS::e_ext.o microblaze_0/lib/microblaze_flush_cache_ext_range.o microblaze_0/lib/microblaze_flush_dcache.o microblaze_0/lib/microbl
TRACE::2024-11-07.22:46:15::SCWMssOS::aze_flush_dcache_range.o microblaze_0/lib/microblaze_init_dcache_range.o microblaze_0/lib/microblaze_init_icache_range.o microb
TRACE::2024-11-07.22:46:15::SCWMssOS::laze_0/lib/microblaze_interrupt_handler.o microblaze_0/lib/microblaze_interrupts_g.o microblaze_0/lib/microblaze_invalidate_cac
TRACE::2024-11-07.22:46:15::SCWMssOS::he_ext.o microblaze_0/lib/microblaze_invalidate_cache_ext_range.o microblaze_0/lib/microblaze_invalidate_dcache.o microblaze_0/
TRACE::2024-11-07.22:46:15::SCWMssOS::lib/microblaze_invalidate_dcache_range.o microblaze_0/lib/microblaze_invalidate_icache.o microblaze_0/lib/microblaze_invalidate
TRACE::2024-11-07.22:46:15::SCWMssOS::_icache_range.o microblaze_0/lib/microblaze_scrub.o microblaze_0/lib/microblaze_selftest.o microblaze_0/lib/microblaze_sleep.o 
TRACE::2024-11-07.22:46:15::SCWMssOS::microblaze_0/lib/microblaze_update_dcache.o microblaze_0/lib/microblaze_update_icache.o microblaze_0/lib/outbyte.o microblaze_0
TRACE::2024-11-07.22:46:15::SCWMssOS::/lib/print.o microblaze_0/lib/pvr.o microblaze_0/lib/xbram.o microblaze_0/lib/xbram_g.o microblaze_0/lib/xbram_intr.o microblaz
TRACE::2024-11-07.22:46:15::SCWMssOS::e_0/lib/xbram_selftest.o microblaze_0/lib/xbram_sinit.o microblaze_0/lib/xil_assert.o microblaze_0/lib/xil_cache.o microblaze_0
TRACE::2024-11-07.22:46:15::SCWMssOS::/lib/xil_clocking.o microblaze_0/lib/xil_exception.o microblaze_0/lib/xil_mem.o microblaze_0/lib/xil_misc_psreset_api.o microbl
TRACE::2024-11-07.22:46:15::SCWMssOS::aze_0/lib/xil_printf.o microblaze_0/lib/xil_sleepcommon.o microblaze_0/lib/xil_testcache.o microblaze_0/lib/xil_testio.o microb
TRACE::2024-11-07.22:46:15::SCWMssOS::laze_0/lib/xil_testmem.o microblaze_0/lib/xil_util.o microblaze_0/lib/xintc.o microblaze_0/lib/xintc_g.o microblaze_0/lib/xintc
TRACE::2024-11-07.22:46:15::SCWMssOS::_intr.o microblaze_0/lib/xintc_l.o microblaze_0/lib/xintc_options.o microblaze_0/lib/xintc_selftest.o microblaze_0/lib/xinterru
TRACE::2024-11-07.22:46:15::SCWMssOS::pt_wrap.o microblaze_0/lib/xio.o microblaze_0/lib/xplatform_info.o microblaze_0/lib/xuartlite.o microblaze_0/lib/xuartlite_g.o 
TRACE::2024-11-07.22:46:15::SCWMssOS::microblaze_0/lib/xuartlite_intr.o microblaze_0/lib/xuartlite_l.o microblaze_0/lib/xuartlite_selftest.o microblaze_0/lib/xuartli
TRACE::2024-11-07.22:46:15::SCWMssOS::te_sinit.o microblaze_0/lib/xuartlite_stats.o

TRACE::2024-11-07.22:46:15::SCWMssOS::'Finished building libraries'

TRACE::2024-11-07.22:46:15::SCWMssOS:: Checking if to create the Supporting Applications
TRACE::2024-11-07.22:46:15::SCWMssOS:: No Linux domain exists, trying to generate FSBL 
LOG::2024-11-07.22:46:15::SCWSystem::Completed Processing the domain standalone_microblaze_0
LOG::2024-11-07.22:46:15::SCWSystem::Completed Processing the sysconfig mb_usb_hdmi_top
LOG::2024-11-07.22:46:15::SCWPlatform::Completed generating the artifacts for system configuration mb_usb_hdmi_top
TRACE::2024-11-07.22:46:15::SCWPlatform::Started preparing the platform 
TRACE::2024-11-07.22:46:15::SCWSystem::Writing the bif file for system config mb_usb_hdmi_top
TRACE::2024-11-07.22:46:15::SCWSystem::dir created 
TRACE::2024-11-07.22:46:15::SCWSystem::Writing the bif 
TRACE::2024-11-07.22:46:15::SCWPlatform::Started writing the spfm file 
TRACE::2024-11-07.22:46:15::SCWPlatform::Started writing the xpfm file 
TRACE::2024-11-07.22:46:15::SCWPlatform::Completed generating the platform
TRACE::2024-11-07.22:46:15::SCWMssOS::Saving the mss changes C:/Users/curti/OneDrive/Documents/UIUC/ECE-385/Vivado_Projects/lab7_2/lab7_2_workspace/mb_usb_hdmi_top/microblaze_0/standalone_microblaze_0/bsp/system.mss
TRACE::2024-11-07.22:46:15::SCWMssOS::Adding the swdes entry, mss present, able to open swdb C:/Users/curti/OneDrive/Documents/UIUC/ECE-385/Vivado_Projects/lab7_2/lab7_2_workspace/mb_usb_hdmi_top/microblaze_0/standalone_microblaze_0/bsp/system.mss with des name system
TRACE::2024-11-07.22:46:15::SCWMssOS::Writing the mss file completed C:/Users/curti/OneDrive/Documents/UIUC/ECE-385/Vivado_Projects/lab7_2/lab7_2_workspace/mb_usb_hdmi_top/microblaze_0/standalone_microblaze_0/bsp/system.mss
TRACE::2024-11-07.22:46:15::SCWMssOS::Commit changes completed.
TRACE::2024-11-07.22:46:15::SCWPlatform::Trying to open the hw design at C:/Users/curti/OneDrive/Documents/UIUC/ECE-385/Vivado_Projects/lab7_2/lab7_2_workspace/mb_usb_hdmi_top/hw/mb_usb_hdmi_top_v3 (1).xsa
TRACE::2024-11-07.22:46:15::SCWPlatform::DSA given C:/Users/curti/OneDrive/Documents/UIUC/ECE-385/Vivado_Projects/lab7_2/lab7_2_workspace/mb_usb_hdmi_top/hw/mb_usb_hdmi_top_v3 (1).xsa
TRACE::2024-11-07.22:46:15::SCWPlatform::DSA absoulate path C:/Users/curti/OneDrive/Documents/UIUC/ECE-385/Vivado_Projects/lab7_2/lab7_2_workspace/mb_usb_hdmi_top/hw/mb_usb_hdmi_top_v3 (1).xsa
TRACE::2024-11-07.22:46:15::SCWPlatform::DSA directory C:/Users/curti/OneDrive/Documents/UIUC/ECE-385/Vivado_Projects/lab7_2/lab7_2_workspace/mb_usb_hdmi_top/hw
TRACE::2024-11-07.22:46:15::SCWPlatform:: Platform Path C:/Users/curti/OneDrive/Documents/UIUC/ECE-385/Vivado_Projects/lab7_2/lab7_2_workspace/mb_usb_hdmi_top/hw/mb_usb_hdmi_top_v3 (1).xsa
TRACE::2024-11-07.22:46:15::SCWPlatform:: Unique name xilinx:::0.0
TRACE::2024-11-07.22:46:15::SCWPlatform::Trying to set the existing hwdb with name mb_usb_hdmi_top_3
TRACE::2024-11-07.22:46:15::SCWPlatform::Opened existing hwdb mb_usb_hdmi_top_3
TRACE::2024-11-07.22:46:15::SCWPlatform::Found the Hw Db part of the input DSA
TRACE::2024-11-07.22:46:15::SCWMssOS::Checking the sw design at  C:/Users/curti/OneDrive/Documents/UIUC/ECE-385/Vivado_Projects/lab7_2/lab7_2_workspace/mb_usb_hdmi_top/microblaze_0/standalone_microblaze_0/bsp/system.mss
TRACE::2024-11-07.22:46:15::SCWMssOS::DEBUG:  swdes dump  C:/Users/curti/OneDrive/Documents/UIUC/ECE-385/Vivado_Projects/lab7_2/lab7_2_workspace/mb_usb_hdmi_top/microblaze_0/standalone_microblaze_0/bsp/system.mss|system||

TRACE::2024-11-07.22:46:15::SCWMssOS::Sw design exists and opened at  C:/Users/curti/OneDrive/Documents/UIUC/ECE-385/Vivado_Projects/lab7_2/lab7_2_workspace/mb_usb_hdmi_top/microblaze_0/standalone_microblaze_0/bsp/system.mss
TRACE::2024-11-07.22:46:15::SCWWriter::formatted JSON is {
	"platformName":	"mb_usb_hdmi_top",
	"sprVersion":	"2.0",
	"mode":	"gui",
	"dsaType":	"Fixed",
	"platformDesc":	"mb_usb_hdmi_top",
	"platHandOff":	"C:/Users/curti/Downloads/mb_usb_hdmi_top_v3 (1).xsa",
	"platIntHandOff":	"<platformDir>/hw/mb_usb_hdmi_top_v3 (1).xsa",
	"deviceType":	"FPGA",
	"platIsPrebuiltAutogen":	"false",
	"platIsNoBootBsp":	"false",
	"hasFsblMakeHasChanges":	"false",
	"hasPmufwMakeHasChanges":	"false",
	"platPreBuiltFlag":	false,
	"platformSamplesDir":	"",
	"platActiveSys":	"mb_usb_hdmi_top",
	"systems":	[{
			"systemName":	"mb_usb_hdmi_top",
			"systemDesc":	"mb_usb_hdmi_top",
			"sysIsBootAutoGen":	"true",
			"systemDispName":	"mb_usb_hdmi_top",
			"sysActiveDom":	"standalone_microblaze_0",
			"sysDefaultDom":	"standalone_microblaze_0",
			"domains":	[{
					"domainName":	"standalone_microblaze_0",
					"domainDispName":	"standalone_microblaze_0",
					"domainDesc":	"standalone_microblaze_0",
					"processors":	"microblaze_0",
					"os":	"standalone",
					"sdxOs":	"standalone",
					"debugEnable":	"False",
					"domRuntimes":	["cpp"],
					"swRepo":	"",
					"mssOsVer":	"8.0",
					"mssFile":	"",
					"md5Digest":	"5422c1e5be4ae93f4de8c50507402f2a",
					"compatibleApp":	"",
					"domType":	"mssDomain",
					"arch":	"32-bit",
					"appSettings":	{
						"appCompilerFlags":	"",
						"appLinkerFlags":	""
					},
					"addedLibs":	[],
					"libOptions":	{
						"libsContainingOptions":	[]
					},
					"prebuiltLibs":	{
						"prebuiltIncPath":	[],
						"prebuiltLibPath":	[]
					},
					"isolation":	{
					}
				}]
		}]
}
KEYINFO::2024-11-07.22:46:15::SCWPlatform::updated the xpfm file.
TRACE::2024-11-07.22:46:15::SCWPlatform::Trying to open the hw design at C:/Users/curti/OneDrive/Documents/UIUC/ECE-385/Vivado_Projects/lab7_2/lab7_2_workspace/mb_usb_hdmi_top/hw/mb_usb_hdmi_top_v3 (1).xsa
TRACE::2024-11-07.22:46:15::SCWPlatform::DSA given C:/Users/curti/OneDrive/Documents/UIUC/ECE-385/Vivado_Projects/lab7_2/lab7_2_workspace/mb_usb_hdmi_top/hw/mb_usb_hdmi_top_v3 (1).xsa
TRACE::2024-11-07.22:46:15::SCWPlatform::DSA absoulate path C:/Users/curti/OneDrive/Documents/UIUC/ECE-385/Vivado_Projects/lab7_2/lab7_2_workspace/mb_usb_hdmi_top/hw/mb_usb_hdmi_top_v3 (1).xsa
TRACE::2024-11-07.22:46:15::SCWPlatform::DSA directory C:/Users/curti/OneDrive/Documents/UIUC/ECE-385/Vivado_Projects/lab7_2/lab7_2_workspace/mb_usb_hdmi_top/hw
TRACE::2024-11-07.22:46:15::SCWPlatform:: Platform Path C:/Users/curti/OneDrive/Documents/UIUC/ECE-385/Vivado_Projects/lab7_2/lab7_2_workspace/mb_usb_hdmi_top/hw/mb_usb_hdmi_top_v3 (1).xsa
TRACE::2024-11-07.22:46:15::SCWPlatform:: Unique name xilinx:::0.0
TRACE::2024-11-07.22:46:15::SCWPlatform::Trying to set the existing hwdb with name mb_usb_hdmi_top_3
TRACE::2024-11-07.22:46:15::SCWPlatform::Opened existing hwdb mb_usb_hdmi_top_3
TRACE::2024-11-07.22:46:15::SCWPlatform::Found the Hw Db part of the input DSA
TRACE::2024-11-07.22:46:15::SCWMssOS::Checking the sw design at  C:/Users/curti/OneDrive/Documents/UIUC/ECE-385/Vivado_Projects/lab7_2/lab7_2_workspace/mb_usb_hdmi_top/microblaze_0/standalone_microblaze_0/bsp/system.mss
TRACE::2024-11-07.22:46:15::SCWMssOS::DEBUG:  swdes dump  C:/Users/curti/OneDrive/Documents/UIUC/ECE-385/Vivado_Projects/lab7_2/lab7_2_workspace/mb_usb_hdmi_top/microblaze_0/standalone_microblaze_0/bsp/system.mss|system||

TRACE::2024-11-07.22:46:15::SCWMssOS::Sw design exists and opened at  C:/Users/curti/OneDrive/Documents/UIUC/ECE-385/Vivado_Projects/lab7_2/lab7_2_workspace/mb_usb_hdmi_top/microblaze_0/standalone_microblaze_0/bsp/system.mss
TRACE::2024-11-07.22:51:29::SCWPlatform::Trying to open the hw design at C:/Users/curti/OneDrive/Documents/UIUC/ECE-385/Vivado_Projects/lab7_2/lab7_2_workspace/mb_usb_hdmi_top/hw/mb_usb_hdmi_top_v3 (1).xsa
TRACE::2024-11-07.22:51:29::SCWPlatform::DSA given C:/Users/curti/OneDrive/Documents/UIUC/ECE-385/Vivado_Projects/lab7_2/lab7_2_workspace/mb_usb_hdmi_top/hw/mb_usb_hdmi_top_v3 (1).xsa
TRACE::2024-11-07.22:51:29::SCWPlatform::DSA absoulate path C:/Users/curti/OneDrive/Documents/UIUC/ECE-385/Vivado_Projects/lab7_2/lab7_2_workspace/mb_usb_hdmi_top/hw/mb_usb_hdmi_top_v3 (1).xsa
TRACE::2024-11-07.22:51:29::SCWPlatform::DSA directory C:/Users/curti/OneDrive/Documents/UIUC/ECE-385/Vivado_Projects/lab7_2/lab7_2_workspace/mb_usb_hdmi_top/hw
TRACE::2024-11-07.22:51:29::SCWPlatform:: Platform Path C:/Users/curti/OneDrive/Documents/UIUC/ECE-385/Vivado_Projects/lab7_2/lab7_2_workspace/mb_usb_hdmi_top/hw/mb_usb_hdmi_top_v3 (1).xsa
TRACE::2024-11-07.22:51:29::SCWPlatform:: Unique name xilinx:::0.0
TRACE::2024-11-07.22:51:29::SCWPlatform::Do not have an existing db opened. 
TRACE::2024-11-07.22:51:29::SCWPlatform::Opened new HwDB with name mb_usb_hdmi_top
TRACE::2024-11-07.22:51:29::SCWReader::Active system found as  mb_usb_hdmi_top
TRACE::2024-11-07.22:51:29::SCWReader::Handling sysconfig mb_usb_hdmi_top
TRACE::2024-11-07.22:51:29::SCWDomain::checking for install qemu data   : 
TRACE::2024-11-07.22:51:29::SCWPlatform::Trying to open the hw design at C:/Users/curti/OneDrive/Documents/UIUC/ECE-385/Vivado_Projects/lab7_2/lab7_2_workspace/mb_usb_hdmi_top/hw/mb_usb_hdmi_top_v3 (1).xsa
TRACE::2024-11-07.22:51:29::SCWPlatform::DSA given C:/Users/curti/OneDrive/Documents/UIUC/ECE-385/Vivado_Projects/lab7_2/lab7_2_workspace/mb_usb_hdmi_top/hw/mb_usb_hdmi_top_v3 (1).xsa
TRACE::2024-11-07.22:51:29::SCWPlatform::DSA absoulate path C:/Users/curti/OneDrive/Documents/UIUC/ECE-385/Vivado_Projects/lab7_2/lab7_2_workspace/mb_usb_hdmi_top/hw/mb_usb_hdmi_top_v3 (1).xsa
TRACE::2024-11-07.22:51:29::SCWPlatform::DSA directory C:/Users/curti/OneDrive/Documents/UIUC/ECE-385/Vivado_Projects/lab7_2/lab7_2_workspace/mb_usb_hdmi_top/hw
TRACE::2024-11-07.22:51:29::SCWPlatform:: Platform Path C:/Users/curti/OneDrive/Documents/UIUC/ECE-385/Vivado_Projects/lab7_2/lab7_2_workspace/mb_usb_hdmi_top/hw/mb_usb_hdmi_top_v3 (1).xsa
TRACE::2024-11-07.22:51:29::SCWPlatform:: Unique name xilinx:::0.0
TRACE::2024-11-07.22:51:29::SCWPlatform::Trying to set the existing hwdb with name mb_usb_hdmi_top
TRACE::2024-11-07.22:51:29::SCWPlatform::Opened existing hwdb mb_usb_hdmi_top
TRACE::2024-11-07.22:51:29::SCWPlatform::Found the Hw Db part of the input DSA
TRACE::2024-11-07.22:51:29::SCWPlatform::Trying to open the hw design at C:/Users/curti/OneDrive/Documents/UIUC/ECE-385/Vivado_Projects/lab7_2/lab7_2_workspace/mb_usb_hdmi_top/hw/mb_usb_hdmi_top_v3 (1).xsa
TRACE::2024-11-07.22:51:29::SCWPlatform::DSA given C:/Users/curti/OneDrive/Documents/UIUC/ECE-385/Vivado_Projects/lab7_2/lab7_2_workspace/mb_usb_hdmi_top/hw/mb_usb_hdmi_top_v3 (1).xsa
TRACE::2024-11-07.22:51:29::SCWPlatform::DSA absoulate path C:/Users/curti/OneDrive/Documents/UIUC/ECE-385/Vivado_Projects/lab7_2/lab7_2_workspace/mb_usb_hdmi_top/hw/mb_usb_hdmi_top_v3 (1).xsa
TRACE::2024-11-07.22:51:29::SCWPlatform::DSA directory C:/Users/curti/OneDrive/Documents/UIUC/ECE-385/Vivado_Projects/lab7_2/lab7_2_workspace/mb_usb_hdmi_top/hw
TRACE::2024-11-07.22:51:29::SCWPlatform:: Platform Path C:/Users/curti/OneDrive/Documents/UIUC/ECE-385/Vivado_Projects/lab7_2/lab7_2_workspace/mb_usb_hdmi_top/hw/mb_usb_hdmi_top_v3 (1).xsa
TRACE::2024-11-07.22:51:29::SCWPlatform:: Unique name xilinx:::0.0
TRACE::2024-11-07.22:51:29::SCWPlatform::Trying to set the existing hwdb with name mb_usb_hdmi_top
TRACE::2024-11-07.22:51:29::SCWPlatform::Opened existing hwdb mb_usb_hdmi_top
TRACE::2024-11-07.22:51:29::SCWPlatform::Found the Hw Db part of the input DSA
TRACE::2024-11-07.22:51:29::SCWPlatform::Trying to open the hw design at C:/Users/curti/OneDrive/Documents/UIUC/ECE-385/Vivado_Projects/lab7_2/lab7_2_workspace/mb_usb_hdmi_top/hw/mb_usb_hdmi_top_v3 (1).xsa
TRACE::2024-11-07.22:51:29::SCWPlatform::DSA given C:/Users/curti/OneDrive/Documents/UIUC/ECE-385/Vivado_Projects/lab7_2/lab7_2_workspace/mb_usb_hdmi_top/hw/mb_usb_hdmi_top_v3 (1).xsa
TRACE::2024-11-07.22:51:29::SCWPlatform::DSA absoulate path C:/Users/curti/OneDrive/Documents/UIUC/ECE-385/Vivado_Projects/lab7_2/lab7_2_workspace/mb_usb_hdmi_top/hw/mb_usb_hdmi_top_v3 (1).xsa
TRACE::2024-11-07.22:51:29::SCWPlatform::DSA directory C:/Users/curti/OneDrive/Documents/UIUC/ECE-385/Vivado_Projects/lab7_2/lab7_2_workspace/mb_usb_hdmi_top/hw
TRACE::2024-11-07.22:51:29::SCWPlatform:: Platform Path C:/Users/curti/OneDrive/Documents/UIUC/ECE-385/Vivado_Projects/lab7_2/lab7_2_workspace/mb_usb_hdmi_top/hw/mb_usb_hdmi_top_v3 (1).xsa
TRACE::2024-11-07.22:51:29::SCWPlatform:: Unique name xilinx:::0.0
TRACE::2024-11-07.22:51:29::SCWPlatform::Trying to set the existing hwdb with name mb_usb_hdmi_top
TRACE::2024-11-07.22:51:29::SCWPlatform::Opened existing hwdb mb_usb_hdmi_top
TRACE::2024-11-07.22:51:29::SCWPlatform::Found the Hw Db part of the input DSA
TRACE::2024-11-07.22:51:29::SCWPlatform::Trying to open the hw design at C:/Users/curti/OneDrive/Documents/UIUC/ECE-385/Vivado_Projects/lab7_2/lab7_2_workspace/mb_usb_hdmi_top/hw/mb_usb_hdmi_top_v3 (1).xsa
TRACE::2024-11-07.22:51:29::SCWPlatform::DSA given C:/Users/curti/OneDrive/Documents/UIUC/ECE-385/Vivado_Projects/lab7_2/lab7_2_workspace/mb_usb_hdmi_top/hw/mb_usb_hdmi_top_v3 (1).xsa
TRACE::2024-11-07.22:51:29::SCWPlatform::DSA absoulate path C:/Users/curti/OneDrive/Documents/UIUC/ECE-385/Vivado_Projects/lab7_2/lab7_2_workspace/mb_usb_hdmi_top/hw/mb_usb_hdmi_top_v3 (1).xsa
TRACE::2024-11-07.22:51:29::SCWPlatform::DSA directory C:/Users/curti/OneDrive/Documents/UIUC/ECE-385/Vivado_Projects/lab7_2/lab7_2_workspace/mb_usb_hdmi_top/hw
TRACE::2024-11-07.22:51:29::SCWPlatform:: Platform Path C:/Users/curti/OneDrive/Documents/UIUC/ECE-385/Vivado_Projects/lab7_2/lab7_2_workspace/mb_usb_hdmi_top/hw/mb_usb_hdmi_top_v3 (1).xsa
TRACE::2024-11-07.22:51:29::SCWPlatform:: Unique name xilinx:::0.0
TRACE::2024-11-07.22:51:29::SCWPlatform::Trying to set the existing hwdb with name mb_usb_hdmi_top
TRACE::2024-11-07.22:51:29::SCWPlatform::Opened existing hwdb mb_usb_hdmi_top
TRACE::2024-11-07.22:51:29::SCWPlatform::Found the Hw Db part of the input DSA
TRACE::2024-11-07.22:51:29::SCWMssOS::Checking the sw design at  C:/Users/curti/OneDrive/Documents/UIUC/ECE-385/Vivado_Projects/lab7_2/lab7_2_workspace/mb_usb_hdmi_top/microblaze_0/standalone_microblaze_0/bsp/system.mss
TRACE::2024-11-07.22:51:29::SCWMssOS::DEBUG:  swdes dump  
TRACE::2024-11-07.22:51:29::SCWMssOS::No sw design opened at  C:/Users/curti/OneDrive/Documents/UIUC/ECE-385/Vivado_Projects/lab7_2/lab7_2_workspace/mb_usb_hdmi_top/microblaze_0/standalone_microblaze_0/bsp/system.mss
TRACE::2024-11-07.22:51:29::SCWMssOS::mss exists loading the mss file  C:/Users/curti/OneDrive/Documents/UIUC/ECE-385/Vivado_Projects/lab7_2/lab7_2_workspace/mb_usb_hdmi_top/microblaze_0/standalone_microblaze_0/bsp/system.mss
TRACE::2024-11-07.22:51:29::SCWMssOS::Opened the sw design from mss  C:/Users/curti/OneDrive/Documents/UIUC/ECE-385/Vivado_Projects/lab7_2/lab7_2_workspace/mb_usb_hdmi_top/microblaze_0/standalone_microblaze_0/bsp/system.mss
TRACE::2024-11-07.22:51:29::SCWMssOS::Adding the swdes entry C:/Users/curti/OneDrive/Documents/UIUC/ECE-385/Vivado_Projects/lab7_2/lab7_2_workspace/mb_usb_hdmi_top/microblaze_0/standalone_microblaze_0/bsp/system.mss with des name system
TRACE::2024-11-07.22:51:29::SCWMssOS::updating the scw layer about changes
TRACE::2024-11-07.22:51:29::SCWMssOS::Opened the sw design.  C:/Users/curti/OneDrive/Documents/UIUC/ECE-385/Vivado_Projects/lab7_2/lab7_2_workspace/mb_usb_hdmi_top/microblaze_0/standalone_microblaze_0/bsp/system.mss
TRACE::2024-11-07.22:51:29::SCWMssOS::Saving the mss changes C:/Users/curti/OneDrive/Documents/UIUC/ECE-385/Vivado_Projects/lab7_2/lab7_2_workspace/mb_usb_hdmi_top/microblaze_0/standalone_microblaze_0/bsp/system.mss
TRACE::2024-11-07.22:51:29::SCWMssOS::Found a swdesign opened with the mssfile.
TRACE::2024-11-07.22:51:29::SCWMssOS::Completed writemss as part of save.
TRACE::2024-11-07.22:51:29::SCWMssOS::Commit changes completed.
TRACE::2024-11-07.22:51:29::SCWReader::Adding prebuilt librarypaths as   
TRACE::2024-11-07.22:51:29::SCWReader::Adding prebuilt incpaths  as   
TRACE::2024-11-07.22:51:29::SCWPlatform::Trying to open the hw design at C:/Users/curti/OneDrive/Documents/UIUC/ECE-385/Vivado_Projects/lab7_2/lab7_2_workspace/mb_usb_hdmi_top/hw/mb_usb_hdmi_top_v3 (1).xsa
TRACE::2024-11-07.22:51:29::SCWPlatform::DSA given C:/Users/curti/OneDrive/Documents/UIUC/ECE-385/Vivado_Projects/lab7_2/lab7_2_workspace/mb_usb_hdmi_top/hw/mb_usb_hdmi_top_v3 (1).xsa
TRACE::2024-11-07.22:51:29::SCWPlatform::DSA absoulate path C:/Users/curti/OneDrive/Documents/UIUC/ECE-385/Vivado_Projects/lab7_2/lab7_2_workspace/mb_usb_hdmi_top/hw/mb_usb_hdmi_top_v3 (1).xsa
TRACE::2024-11-07.22:51:29::SCWPlatform::DSA directory C:/Users/curti/OneDrive/Documents/UIUC/ECE-385/Vivado_Projects/lab7_2/lab7_2_workspace/mb_usb_hdmi_top/hw
TRACE::2024-11-07.22:51:29::SCWPlatform:: Platform Path C:/Users/curti/OneDrive/Documents/UIUC/ECE-385/Vivado_Projects/lab7_2/lab7_2_workspace/mb_usb_hdmi_top/hw/mb_usb_hdmi_top_v3 (1).xsa
TRACE::2024-11-07.22:51:29::SCWPlatform:: Unique name xilinx:::0.0
TRACE::2024-11-07.22:51:29::SCWPlatform::Trying to set the existing hwdb with name mb_usb_hdmi_top
TRACE::2024-11-07.22:51:29::SCWPlatform::Opened existing hwdb mb_usb_hdmi_top
TRACE::2024-11-07.22:51:29::SCWPlatform::Found the Hw Db part of the input DSA
TRACE::2024-11-07.22:51:29::SCWMssOS::Checking the sw design at  C:/Users/curti/OneDrive/Documents/UIUC/ECE-385/Vivado_Projects/lab7_2/lab7_2_workspace/mb_usb_hdmi_top/microblaze_0/standalone_microblaze_0/bsp/system.mss
TRACE::2024-11-07.22:51:29::SCWMssOS::DEBUG:  swdes dump  C:/Users/curti/OneDrive/Documents/UIUC/ECE-385/Vivado_Projects/lab7_2/lab7_2_workspace/mb_usb_hdmi_top/microblaze_0/standalone_microblaze_0/bsp/system.mss|system||

TRACE::2024-11-07.22:51:29::SCWMssOS::Sw design exists and opened at  C:/Users/curti/OneDrive/Documents/UIUC/ECE-385/Vivado_Projects/lab7_2/lab7_2_workspace/mb_usb_hdmi_top/microblaze_0/standalone_microblaze_0/bsp/system.mss
TRACE::2024-11-07.22:51:29::SCWReader::No isolation master present  
TRACE::2024-11-07.22:51:41::SCWPlatform::DSA given C:/Users/curti/OneDrive/Documents/UIUC/ECE-385/Vivado_Projects/lab7_2/lab7_2_workspace/mb_usb_hdmi_top/tempdsa/week2finished.xsa
TRACE::2024-11-07.22:51:41::SCWPlatform::DSA absoulate path C:/Users/curti/OneDrive/Documents/UIUC/ECE-385/Vivado_Projects/lab7_2/lab7_2_workspace/mb_usb_hdmi_top/tempdsa/week2finished.xsa
TRACE::2024-11-07.22:51:41::SCWPlatform:: Platform location is C:/Users/curti/OneDrive/Documents/UIUC/ECE-385/Vivado_Projects/lab7_2/lab7_2_workspace/mb_usb_hdmi_top/tempdsa
TRACE::2024-11-07.22:51:41::SCWPlatform:: Platform Path C:/Users/curti/OneDrive/Documents/UIUC/ECE-385/Vivado_Projects/lab7_2/lab7_2_workspace/mb_usb_hdmi_top/tempdsa/week2finished.xsa
TRACE::2024-11-07.22:51:41::SCWPlatform:: Unique name xilinx:::0.0
TRACE::2024-11-07.22:51:41::SCWPlatform::Found the Hw Db part of the input DSA
TRACE::2024-11-07.22:51:41::SCWMssOS::Doing hw sync for the mss in domain: standalone_microblaze_0
TRACE::2024-11-07.22:51:41::SCWPlatform::Trying to open the hw design at C:/Users/curti/OneDrive/Documents/UIUC/ECE-385/Vivado_Projects/lab7_2/lab7_2_workspace/mb_usb_hdmi_top/hw/mb_usb_hdmi_top_v3 (1).xsa
TRACE::2024-11-07.22:51:41::SCWPlatform::DSA given C:/Users/curti/OneDrive/Documents/UIUC/ECE-385/Vivado_Projects/lab7_2/lab7_2_workspace/mb_usb_hdmi_top/hw/mb_usb_hdmi_top_v3 (1).xsa
TRACE::2024-11-07.22:51:41::SCWPlatform::DSA absoulate path C:/Users/curti/OneDrive/Documents/UIUC/ECE-385/Vivado_Projects/lab7_2/lab7_2_workspace/mb_usb_hdmi_top/hw/mb_usb_hdmi_top_v3 (1).xsa
TRACE::2024-11-07.22:51:41::SCWPlatform::DSA directory C:/Users/curti/OneDrive/Documents/UIUC/ECE-385/Vivado_Projects/lab7_2/lab7_2_workspace/mb_usb_hdmi_top/hw
TRACE::2024-11-07.22:51:41::SCWPlatform:: Platform Path C:/Users/curti/OneDrive/Documents/UIUC/ECE-385/Vivado_Projects/lab7_2/lab7_2_workspace/mb_usb_hdmi_top/hw/mb_usb_hdmi_top_v3 (1).xsa
TRACE::2024-11-07.22:51:41::SCWPlatform:: Unique name xilinx:::0.0
TRACE::2024-11-07.22:51:41::SCWPlatform::Trying to set the existing hwdb with name mb_usb_hdmi_top
TRACE::2024-11-07.22:51:41::SCWPlatform::Opened existing hwdb mb_usb_hdmi_top
TRACE::2024-11-07.22:51:41::SCWPlatform::Found the Hw Db part of the input DSA
TRACE::2024-11-07.22:51:41::SCWPlatform::Trying to open the hw design at C:/Users/curti/OneDrive/Documents/UIUC/ECE-385/Vivado_Projects/lab7_2/lab7_2_workspace/mb_usb_hdmi_top/hw/mb_usb_hdmi_top_v3 (1).xsa
TRACE::2024-11-07.22:51:41::SCWPlatform::DSA given C:/Users/curti/OneDrive/Documents/UIUC/ECE-385/Vivado_Projects/lab7_2/lab7_2_workspace/mb_usb_hdmi_top/hw/mb_usb_hdmi_top_v3 (1).xsa
TRACE::2024-11-07.22:51:41::SCWPlatform::DSA absoulate path C:/Users/curti/OneDrive/Documents/UIUC/ECE-385/Vivado_Projects/lab7_2/lab7_2_workspace/mb_usb_hdmi_top/hw/mb_usb_hdmi_top_v3 (1).xsa
TRACE::2024-11-07.22:51:41::SCWPlatform::DSA directory C:/Users/curti/OneDrive/Documents/UIUC/ECE-385/Vivado_Projects/lab7_2/lab7_2_workspace/mb_usb_hdmi_top/hw
TRACE::2024-11-07.22:51:41::SCWPlatform:: Platform Path C:/Users/curti/OneDrive/Documents/UIUC/ECE-385/Vivado_Projects/lab7_2/lab7_2_workspace/mb_usb_hdmi_top/hw/mb_usb_hdmi_top_v3 (1).xsa
TRACE::2024-11-07.22:51:41::SCWPlatform:: Unique name xilinx:::0.0
TRACE::2024-11-07.22:51:41::SCWPlatform::Trying to set the existing hwdb with name mb_usb_hdmi_top
TRACE::2024-11-07.22:51:41::SCWPlatform::Opened existing hwdb mb_usb_hdmi_top
TRACE::2024-11-07.22:51:41::SCWPlatform::Found the Hw Db part of the input DSA
TRACE::2024-11-07.22:51:41::SCWMssOS::Checking the sw design at  C:/Users/curti/OneDrive/Documents/UIUC/ECE-385/Vivado_Projects/lab7_2/lab7_2_workspace/mb_usb_hdmi_top/microblaze_0/standalone_microblaze_0/bsp/system.mss
TRACE::2024-11-07.22:51:41::SCWMssOS::DEBUG:  swdes dump  C:/Users/curti/OneDrive/Documents/UIUC/ECE-385/Vivado_Projects/lab7_2/lab7_2_workspace/mb_usb_hdmi_top/microblaze_0/standalone_microblaze_0/bsp/system.mss|system||

TRACE::2024-11-07.22:51:41::SCWMssOS::Sw design exists and opened at  C:/Users/curti/OneDrive/Documents/UIUC/ECE-385/Vivado_Projects/lab7_2/lab7_2_workspace/mb_usb_hdmi_top/microblaze_0/standalone_microblaze_0/bsp/system.mss
TRACE::2024-11-07.22:51:41::SCWPlatform::Trying to open the hw design at C:/Users/curti/OneDrive/Documents/UIUC/ECE-385/Vivado_Projects/lab7_2/lab7_2_workspace/mb_usb_hdmi_top/tempdsa/week2finished.xsa
TRACE::2024-11-07.22:51:41::SCWPlatform::DSA given C:/Users/curti/OneDrive/Documents/UIUC/ECE-385/Vivado_Projects/lab7_2/lab7_2_workspace/mb_usb_hdmi_top/tempdsa/week2finished.xsa
TRACE::2024-11-07.22:51:41::SCWPlatform::DSA absoulate path C:/Users/curti/OneDrive/Documents/UIUC/ECE-385/Vivado_Projects/lab7_2/lab7_2_workspace/mb_usb_hdmi_top/tempdsa/week2finished.xsa
TRACE::2024-11-07.22:51:41::SCWPlatform::DSA directory C:/Users/curti/OneDrive/Documents/UIUC/ECE-385/Vivado_Projects/lab7_2/lab7_2_workspace/mb_usb_hdmi_top/tempdsa
TRACE::2024-11-07.22:51:41::SCWPlatform:: Platform Path C:/Users/curti/OneDrive/Documents/UIUC/ECE-385/Vivado_Projects/lab7_2/lab7_2_workspace/mb_usb_hdmi_top/tempdsa/week2finished.xsa
TRACE::2024-11-07.22:51:41::SCWPlatform:: Unique name xilinx:::0.0
TRACE::2024-11-07.22:51:41::SCWPlatform::update - Opened existing hwdb mb_usb_hdmi_top_0
TRACE::2024-11-07.22:51:41::SCWPlatform::Found the Hw Db part of the input DSA
TRACE::2024-11-07.22:51:41::SCWMssOS::Saving the mss changes C:/Users/curti/OneDrive/Documents/UIUC/ECE-385/Vivado_Projects/lab7_2/lab7_2_workspace/mb_usb_hdmi_top/microblaze_0/standalone_microblaze_0/bsp/system.mss
TRACE::2024-11-07.22:51:41::SCWMssOS::Found a swdesign opened with the mssfile.
TRACE::2024-11-07.22:51:41::SCWMssOS::Completed writemss as part of save.
TRACE::2024-11-07.22:51:41::SCWMssOS::Commit changes completed.
TRACE::2024-11-07.22:51:41::SCWMssOS::Completed hw sync for the mss in domain: standalone_microblaze_0
TRACE::2024-11-07.22:51:41::SCWMssOS::Removing the swdes entry for  C:/Users/curti/OneDrive/Documents/UIUC/ECE-385/Vivado_Projects/lab7_2/lab7_2_workspace/mb_usb_hdmi_top/microblaze_0/standalone_microblaze_0/bsp/system.mss
TRACE::2024-11-07.22:51:41::SCWPlatform::Trying to open the hw design at C:/Users/curti/OneDrive/Documents/UIUC/ECE-385/Vivado_Projects/lab7_2/lab7_2_workspace/mb_usb_hdmi_top/hw/week2finished.xsa
TRACE::2024-11-07.22:51:41::SCWPlatform::DSA given C:/Users/curti/OneDrive/Documents/UIUC/ECE-385/Vivado_Projects/lab7_2/lab7_2_workspace/mb_usb_hdmi_top/hw/week2finished.xsa
TRACE::2024-11-07.22:51:41::SCWPlatform::DSA absoulate path C:/Users/curti/OneDrive/Documents/UIUC/ECE-385/Vivado_Projects/lab7_2/lab7_2_workspace/mb_usb_hdmi_top/hw/week2finished.xsa
TRACE::2024-11-07.22:51:41::SCWPlatform::DSA directory C:/Users/curti/OneDrive/Documents/UIUC/ECE-385/Vivado_Projects/lab7_2/lab7_2_workspace/mb_usb_hdmi_top/hw
TRACE::2024-11-07.22:51:41::SCWPlatform:: Platform Path C:/Users/curti/OneDrive/Documents/UIUC/ECE-385/Vivado_Projects/lab7_2/lab7_2_workspace/mb_usb_hdmi_top/hw/week2finished.xsa
TRACE::2024-11-07.22:51:41::SCWPlatform:: Unique name xilinx:::0.0
TRACE::2024-11-07.22:51:41::SCWPlatform::Do not have an existing db opened. 
TRACE::2024-11-07.22:51:41::SCWPlatform::Opened new HwDB with name mb_usb_hdmi_top_1
TRACE::2024-11-07.22:51:41::SCWMssOS::Saving the mss changes C:/Users/curti/OneDrive/Documents/UIUC/ECE-385/Vivado_Projects/lab7_2/lab7_2_workspace/mb_usb_hdmi_top/microblaze_0/standalone_microblaze_0/bsp/system.mss
TRACE::2024-11-07.22:51:41::SCWMssOS::Adding the swdes entry, mss present, able to open swdb C:/Users/curti/OneDrive/Documents/UIUC/ECE-385/Vivado_Projects/lab7_2/lab7_2_workspace/mb_usb_hdmi_top/microblaze_0/standalone_microblaze_0/bsp/system.mss with des name system
TRACE::2024-11-07.22:51:41::SCWMssOS::Writing the mss file completed C:/Users/curti/OneDrive/Documents/UIUC/ECE-385/Vivado_Projects/lab7_2/lab7_2_workspace/mb_usb_hdmi_top/microblaze_0/standalone_microblaze_0/bsp/system.mss
TRACE::2024-11-07.22:51:41::SCWMssOS::Commit changes completed.
TRACE::2024-11-07.22:51:41::SCWPlatform::Trying to open the hw design at C:/Users/curti/OneDrive/Documents/UIUC/ECE-385/Vivado_Projects/lab7_2/lab7_2_workspace/mb_usb_hdmi_top/hw/week2finished.xsa
TRACE::2024-11-07.22:51:41::SCWPlatform::DSA given C:/Users/curti/OneDrive/Documents/UIUC/ECE-385/Vivado_Projects/lab7_2/lab7_2_workspace/mb_usb_hdmi_top/hw/week2finished.xsa
TRACE::2024-11-07.22:51:41::SCWPlatform::DSA absoulate path C:/Users/curti/OneDrive/Documents/UIUC/ECE-385/Vivado_Projects/lab7_2/lab7_2_workspace/mb_usb_hdmi_top/hw/week2finished.xsa
TRACE::2024-11-07.22:51:41::SCWPlatform::DSA directory C:/Users/curti/OneDrive/Documents/UIUC/ECE-385/Vivado_Projects/lab7_2/lab7_2_workspace/mb_usb_hdmi_top/hw
TRACE::2024-11-07.22:51:41::SCWPlatform:: Platform Path C:/Users/curti/OneDrive/Documents/UIUC/ECE-385/Vivado_Projects/lab7_2/lab7_2_workspace/mb_usb_hdmi_top/hw/week2finished.xsa
TRACE::2024-11-07.22:51:41::SCWPlatform:: Unique name xilinx:::0.0
TRACE::2024-11-07.22:51:41::SCWPlatform::Trying to set the existing hwdb with name mb_usb_hdmi_top_1
TRACE::2024-11-07.22:51:41::SCWPlatform::Opened existing hwdb mb_usb_hdmi_top_1
TRACE::2024-11-07.22:51:41::SCWPlatform::Found the Hw Db part of the input DSA
TRACE::2024-11-07.22:51:41::SCWMssOS::Checking the sw design at  C:/Users/curti/OneDrive/Documents/UIUC/ECE-385/Vivado_Projects/lab7_2/lab7_2_workspace/mb_usb_hdmi_top/microblaze_0/standalone_microblaze_0/bsp/system.mss
TRACE::2024-11-07.22:51:41::SCWMssOS::DEBUG:  swdes dump  C:/Users/curti/OneDrive/Documents/UIUC/ECE-385/Vivado_Projects/lab7_2/lab7_2_workspace/mb_usb_hdmi_top/microblaze_0/standalone_microblaze_0/bsp/system.mss|system||

TRACE::2024-11-07.22:51:41::SCWMssOS::Sw design exists and opened at  C:/Users/curti/OneDrive/Documents/UIUC/ECE-385/Vivado_Projects/lab7_2/lab7_2_workspace/mb_usb_hdmi_top/microblaze_0/standalone_microblaze_0/bsp/system.mss
TRACE::2024-11-07.22:51:41::SCWWriter::formatted JSON is {
	"platformName":	"mb_usb_hdmi_top",
	"sprVersion":	"2.0",
	"mode":	"gui",
	"dsaType":	"Fixed",
	"platformDesc":	"mb_usb_hdmi_top",
	"platHandOff":	"C:/Users/curti/Downloads/week2finished.xsa",
	"platIntHandOff":	"<platformDir>/hw/week2finished.xsa",
	"deviceType":	"FPGA",
	"platIsPrebuiltAutogen":	"false",
	"platIsNoBootBsp":	"false",
	"hasFsblMakeHasChanges":	"false",
	"hasPmufwMakeHasChanges":	"false",
	"platPreBuiltFlag":	false,
	"platformSamplesDir":	"",
	"platActiveSys":	"mb_usb_hdmi_top",
	"systems":	[{
			"systemName":	"mb_usb_hdmi_top",
			"systemDesc":	"mb_usb_hdmi_top",
			"sysIsBootAutoGen":	"true",
			"systemDispName":	"mb_usb_hdmi_top",
			"sysActiveDom":	"standalone_microblaze_0",
			"sysDefaultDom":	"standalone_microblaze_0",
			"domains":	[{
					"domainName":	"standalone_microblaze_0",
					"domainDispName":	"standalone_microblaze_0",
					"domainDesc":	"standalone_microblaze_0",
					"processors":	"microblaze_0",
					"os":	"standalone",
					"sdxOs":	"standalone",
					"debugEnable":	"False",
					"domRuntimes":	["cpp"],
					"swRepo":	"",
					"mssOsVer":	"8.0",
					"mssFile":	"",
					"md5Digest":	"5422c1e5be4ae93f4de8c50507402f2a1",
					"compatibleApp":	"",
					"domType":	"mssDomain",
					"arch":	"32-bit",
					"appSettings":	{
						"appCompilerFlags":	"",
						"appLinkerFlags":	""
					},
					"addedLibs":	[],
					"libOptions":	{
						"libsContainingOptions":	[]
					},
					"prebuiltLibs":	{
						"prebuiltIncPath":	[],
						"prebuiltLibPath":	[]
					},
					"isolation":	{
					}
				}]
		}]
}
TRACE::2024-11-07.22:51:48::SCWMssOS::cleaning the bsp 
TRACE::2024-11-07.22:51:48::SCWMssOS::System Command Ran  C: & cd  C:/Users/curti/OneDrive/Documents/UIUC/ECE-385/Vivado_Projects/lab7_2/lab7_2_workspace/mb_usb_hdmi_top/microblaze_0/standalone_microblaze_0/bsp & make clean 
TRACE::2024-11-07.22:51:49::SCWMssOS::make -C microblaze_0/libsrc/bram_v4_8/src -s clean 

TRACE::2024-11-07.22:51:49::SCWMssOS::make -C microblaze_0/libsrc/cpu_v2_16/src -s clean 

TRACE::2024-11-07.22:51:49::SCWMssOS::make -C microblaze_0/libsrc/intc_v3_15/src -s clean 

TRACE::2024-11-07.22:51:49::SCWMssOS::make -C microblaze_0/libsrc/standalone_v8_0/src -s clean 

TRACE::2024-11-07.22:51:49::SCWMssOS::make -C microblaze_0/libsrc/uartlite_v3_7/src -s clean 

TRACE::2024-11-07.22:51:50::SCWMssOS::rm -f microblaze_0/lib/libxil.a

TRACE::2024-11-07.22:51:51::SCWMssOS::cleaning the bsp 
TRACE::2024-11-07.22:51:51::SCWMssOS::System Command Ran  C: & cd  C:/Users/curti/OneDrive/Documents/UIUC/ECE-385/Vivado_Projects/lab7_2/lab7_2_workspace/mb_usb_hdmi_top/microblaze_0/standalone_microblaze_0/bsp & make clean 
TRACE::2024-11-07.22:51:51::SCWMssOS::make -C microblaze_0/libsrc/bram_v4_8/src -s clean 

TRACE::2024-11-07.22:51:51::SCWMssOS::make -C microblaze_0/libsrc/cpu_v2_16/src -s clean 

TRACE::2024-11-07.22:51:51::SCWMssOS::make -C microblaze_0/libsrc/intc_v3_15/src -s clean 

TRACE::2024-11-07.22:51:51::SCWMssOS::make -C microblaze_0/libsrc/standalone_v8_0/src -s clean 

TRACE::2024-11-07.22:51:52::SCWMssOS::make -C microblaze_0/libsrc/uartlite_v3_7/src -s clean 

TRACE::2024-11-07.22:51:52::SCWMssOS::rm -f microblaze_0/lib/libxil.a

LOG::2024-11-07.22:51:56::SCWPlatform::Started generating the artifacts platform mb_usb_hdmi_top
TRACE::2024-11-07.22:51:56::SCWPlatform::Sanity checking of platform is completed
LOG::2024-11-07.22:51:56::SCWPlatform::Started generating the artifacts for system configuration mb_usb_hdmi_top
LOG::2024-11-07.22:51:56::SCWSystem::Checking the domain standalone_microblaze_0
LOG::2024-11-07.22:51:56::SCWSystem::Not a boot domain 
LOG::2024-11-07.22:51:56::SCWSystem::Started Processing the domain standalone_microblaze_0
TRACE::2024-11-07.22:51:56::SCWDomain::Generating domain artifcats
TRACE::2024-11-07.22:51:56::SCWMssOS::Generating standalone artifcats
TRACE::2024-11-07.22:51:56::SCWMssOS:: Copying the user libraries. 
TRACE::2024-11-07.22:51:56::SCWPlatform::Trying to open the hw design at C:/Users/curti/OneDrive/Documents/UIUC/ECE-385/Vivado_Projects/lab7_2/lab7_2_workspace/mb_usb_hdmi_top/hw/week2finished.xsa
TRACE::2024-11-07.22:51:56::SCWPlatform::DSA given C:/Users/curti/OneDrive/Documents/UIUC/ECE-385/Vivado_Projects/lab7_2/lab7_2_workspace/mb_usb_hdmi_top/hw/week2finished.xsa
TRACE::2024-11-07.22:51:56::SCWPlatform::DSA absoulate path C:/Users/curti/OneDrive/Documents/UIUC/ECE-385/Vivado_Projects/lab7_2/lab7_2_workspace/mb_usb_hdmi_top/hw/week2finished.xsa
TRACE::2024-11-07.22:51:56::SCWPlatform::DSA directory C:/Users/curti/OneDrive/Documents/UIUC/ECE-385/Vivado_Projects/lab7_2/lab7_2_workspace/mb_usb_hdmi_top/hw
TRACE::2024-11-07.22:51:56::SCWPlatform:: Platform Path C:/Users/curti/OneDrive/Documents/UIUC/ECE-385/Vivado_Projects/lab7_2/lab7_2_workspace/mb_usb_hdmi_top/hw/week2finished.xsa
TRACE::2024-11-07.22:51:56::SCWPlatform:: Unique name xilinx:::0.0
TRACE::2024-11-07.22:51:56::SCWPlatform::Trying to set the existing hwdb with name mb_usb_hdmi_top_1
TRACE::2024-11-07.22:51:56::SCWPlatform::Opened existing hwdb mb_usb_hdmi_top_1
TRACE::2024-11-07.22:51:56::SCWPlatform::Found the Hw Db part of the input DSA
TRACE::2024-11-07.22:51:56::SCWMssOS::Checking the sw design at  C:/Users/curti/OneDrive/Documents/UIUC/ECE-385/Vivado_Projects/lab7_2/lab7_2_workspace/mb_usb_hdmi_top/microblaze_0/standalone_microblaze_0/bsp/system.mss
TRACE::2024-11-07.22:51:56::SCWMssOS::DEBUG:  swdes dump  C:/Users/curti/OneDrive/Documents/UIUC/ECE-385/Vivado_Projects/lab7_2/lab7_2_workspace/mb_usb_hdmi_top/microblaze_0/standalone_microblaze_0/bsp/system.mss|system||

TRACE::2024-11-07.22:51:56::SCWMssOS::Sw design exists and opened at  C:/Users/curti/OneDrive/Documents/UIUC/ECE-385/Vivado_Projects/lab7_2/lab7_2_workspace/mb_usb_hdmi_top/microblaze_0/standalone_microblaze_0/bsp/system.mss
TRACE::2024-11-07.22:51:56::SCWMssOS::Completed writing the mss file at C:/Users/curti/OneDrive/Documents/UIUC/ECE-385/Vivado_Projects/lab7_2/lab7_2_workspace/mb_usb_hdmi_top/microblaze_0/standalone_microblaze_0/bsp
TRACE::2024-11-07.22:51:56::SCWMssOS::Mss edits present, copying mssfile into export location C:/Users/curti/OneDrive/Documents/UIUC/ECE-385/Vivado_Projects/lab7_2/lab7_2_workspace/mb_usb_hdmi_top/microblaze_0/standalone_microblaze_0/bsp/system.mss
TRACE::2024-11-07.22:51:56::SCWMssOS::bsp generated is stale removing and regenerating. 
TRACE::2024-11-07.22:51:58::SCWMssOS::doing bsp build ... 
TRACE::2024-11-07.22:51:58::SCWMssOS::System Command Ran  C: & cd  C:/Users/curti/OneDrive/Documents/UIUC/ECE-385/Vivado_Projects/lab7_2/lab7_2_workspace/mb_usb_hdmi_top/microblaze_0/standalone_microblaze_0/bsp & make 
TRACE::2024-11-07.22:51:58::SCWMssOS::make --no-print-directory seq_libs

TRACE::2024-11-07.22:51:58::SCWMssOS::'Finished building libraries sequentially.'

TRACE::2024-11-07.22:51:58::SCWMssOS::make -j 18 --no-print-directory par_libs

TRACE::2024-11-07.22:51:58::SCWMssOS::"Running Make include in microblaze_0/libsrc/bram_v4_8/src"

TRACE::2024-11-07.22:51:58::SCWMssOS::make -C microblaze_0/libsrc/bram_v4_8/src -s include  "SHELL=CMD" "COMPILER=mb-gcc" "ASSEMBLER=mb-as" "ARCHIVER=mb-ar" "COMPILE
TRACE::2024-11-07.22:51:58::SCWMssOS::R_FLAGS=  -O2 -c -mcpu=v11.0 -mlittle-endian -mno-xl-reorder -mno-xl-soft-mul -mxl-barrel-shift -mxl-pattern-compare" "EXTRA_CO
TRACE::2024-11-07.22:51:58::SCWMssOS::MPILER_FLAGS=-g -ffunction-sections -fdata-sections -Wall -Wextra -fno-tree-loop-distribute-patterns"

TRACE::2024-11-07.22:51:58::SCWMssOS::"Running Make include in microblaze_0/libsrc/cpu_v2_16/src"

TRACE::2024-11-07.22:51:58::SCWMssOS::make -C microblaze_0/libsrc/cpu_v2_16/src -s include  "SHELL=CMD" "COMPILER=mb-gcc" "ASSEMBLER=mb-as" "ARCHIVER=mb-ar" "COMPILE
TRACE::2024-11-07.22:51:58::SCWMssOS::R_FLAGS=  -O2 -c -mcpu=v11.0 -mlittle-endian -mno-xl-reorder -mno-xl-soft-mul -mxl-barrel-shift -mxl-pattern-compare" "EXTRA_CO
TRACE::2024-11-07.22:51:58::SCWMssOS::MPILER_FLAGS=-g -ffunction-sections -fdata-sections -Wall -Wextra -fno-tree-loop-distribute-patterns"

TRACE::2024-11-07.22:51:58::SCWMssOS::"Running Make include in microblaze_0/libsrc/intc_v3_15/src"

TRACE::2024-11-07.22:51:58::SCWMssOS::make -C microblaze_0/libsrc/intc_v3_15/src -s include  "SHELL=CMD" "COMPILER=mb-gcc" "ASSEMBLER=mb-as" "ARCHIVER=mb-ar" "COMPIL
TRACE::2024-11-07.22:51:58::SCWMssOS::ER_FLAGS=  -O2 -c -mcpu=v11.0 -mlittle-endian -mno-xl-reorder -mno-xl-soft-mul -mxl-barrel-shift -mxl-pattern-compare" "EXTRA_C
TRACE::2024-11-07.22:51:58::SCWMssOS::OMPILER_FLAGS=-g -ffunction-sections -fdata-sections -Wall -Wextra -fno-tree-loop-distribute-patterns"

TRACE::2024-11-07.22:51:58::SCWMssOS::"Running Make include in microblaze_0/libsrc/standalone_v8_0/src"

TRACE::2024-11-07.22:51:58::SCWMssOS::make -C microblaze_0/libsrc/standalone_v8_0/src -s include  "SHELL=CMD" "COMPILER=mb-gcc" "ASSEMBLER=mb-as" "ARCHIVER=mb-ar" "C
TRACE::2024-11-07.22:51:58::SCWMssOS::OMPILER_FLAGS=  -O2 -c -mcpu=v11.0 -mlittle-endian -mno-xl-reorder -mno-xl-soft-mul -mxl-barrel-shift -mxl-pattern-compare" "EX
TRACE::2024-11-07.22:51:58::SCWMssOS::TRA_COMPILER_FLAGS=-g -ffunction-sections -fdata-sections -Wall -Wextra -fno-tree-loop-distribute-patterns"

TRACE::2024-11-07.22:51:58::SCWMssOS::"Running Make include in microblaze_0/libsrc/uartlite_v3_7/src"

TRACE::2024-11-07.22:51:58::SCWMssOS::make -C microblaze_0/libsrc/uartlite_v3_7/src -s include  "SHELL=CMD" "COMPILER=mb-gcc" "ASSEMBLER=mb-as" "ARCHIVER=mb-ar" "COM
TRACE::2024-11-07.22:51:58::SCWMssOS::PILER_FLAGS=  -O2 -c -mcpu=v11.0 -mlittle-endian -mno-xl-reorder -mno-xl-soft-mul -mxl-barrel-shift -mxl-pattern-compare" "EXTR
TRACE::2024-11-07.22:51:58::SCWMssOS::A_COMPILER_FLAGS=-g -ffunction-sections -fdata-sections -Wall -Wextra -fno-tree-loop-distribute-patterns"

TRACE::2024-11-07.22:51:58::SCWMssOS::"Running Make libs in microblaze_0/libsrc/bram_v4_8/src"

TRACE::2024-11-07.22:51:58::SCWMssOS::make -C microblaze_0/libsrc/bram_v4_8/src -s libs  "SHELL=CMD" "COMPILER=mb-gcc" "ASSEMBLER=mb-as" "ARCHIVER=mb-ar" "COMPILER_F
TRACE::2024-11-07.22:51:58::SCWMssOS::LAGS=  -O2 -c -mcpu=v11.0 -mlittle-endian -mno-xl-reorder -mno-xl-soft-mul -mxl-barrel-shift -mxl-pattern-compare" "EXTRA_COMPI
TRACE::2024-11-07.22:51:58::SCWMssOS::LER_FLAGS=-g -ffunction-sections -fdata-sections -Wall -Wextra -fno-tree-loop-distribute-patterns"

TRACE::2024-11-07.22:51:58::SCWMssOS::"Running Make libs in microblaze_0/libsrc/cpu_v2_16/src"

TRACE::2024-11-07.22:51:58::SCWMssOS::make -C microblaze_0/libsrc/cpu_v2_16/src -s libs  "SHELL=CMD" "COMPILER=mb-gcc" "ASSEMBLER=mb-as" "ARCHIVER=mb-ar" "COMPILER_F
TRACE::2024-11-07.22:51:58::SCWMssOS::LAGS=  -O2 -c -mcpu=v11.0 -mlittle-endian -mno-xl-reorder -mno-xl-soft-mul -mxl-barrel-shift -mxl-pattern-compare" "EXTRA_COMPI
TRACE::2024-11-07.22:51:58::SCWMssOS::LER_FLAGS=-g -ffunction-sections -fdata-sections -Wall -Wextra -fno-tree-loop-distribute-patterns"

TRACE::2024-11-07.22:51:58::SCWMssOS::"Running Make libs in microblaze_0/libsrc/intc_v3_15/src"

TRACE::2024-11-07.22:51:58::SCWMssOS::make -C microblaze_0/libsrc/intc_v3_15/src -s libs  "SHELL=CMD" "COMPILER=mb-gcc" "ASSEMBLER=mb-as" "ARCHIVER=mb-ar" "COMPILER_
TRACE::2024-11-07.22:51:58::SCWMssOS::FLAGS=  -O2 -c -mcpu=v11.0 -mlittle-endian -mno-xl-reorder -mno-xl-soft-mul -mxl-barrel-shift -mxl-pattern-compare" "EXTRA_COMP
TRACE::2024-11-07.22:51:58::SCWMssOS::ILER_FLAGS=-g -ffunction-sections -fdata-sections -Wall -Wextra -fno-tree-loop-distribute-patterns"

TRACE::2024-11-07.22:51:58::SCWMssOS::"Running Make libs in microblaze_0/libsrc/standalone_v8_0/src"

TRACE::2024-11-07.22:51:58::SCWMssOS::make -C microblaze_0/libsrc/standalone_v8_0/src -s libs  "SHELL=CMD" "COMPILER=mb-gcc" "ASSEMBLER=mb-as" "ARCHIVER=mb-ar" "COMP
TRACE::2024-11-07.22:51:58::SCWMssOS::ILER_FLAGS=  -O2 -c -mcpu=v11.0 -mlittle-endian -mno-xl-reorder -mno-xl-soft-mul -mxl-barrel-shift -mxl-pattern-compare" "EXTRA
TRACE::2024-11-07.22:51:58::SCWMssOS::_COMPILER_FLAGS=-g -ffunction-sections -fdata-sections -Wall -Wextra -fno-tree-loop-distribute-patterns"

TRACE::2024-11-07.22:51:58::SCWMssOS::"Running Make libs in microblaze_0/libsrc/uartlite_v3_7/src"

TRACE::2024-11-07.22:51:58::SCWMssOS::make -C microblaze_0/libsrc/uartlite_v3_7/src -s libs  "SHELL=CMD" "COMPILER=mb-gcc" "ASSEMBLER=mb-as" "ARCHIVER=mb-ar" "COMPIL
TRACE::2024-11-07.22:51:58::SCWMssOS::ER_FLAGS=  -O2 -c -mcpu=v11.0 -mlittle-endian -mno-xl-reorder -mno-xl-soft-mul -mxl-barrel-shift -mxl-pattern-compare" "EXTRA_C
TRACE::2024-11-07.22:51:58::SCWMssOS::OMPILER_FLAGS=-g -ffunction-sections -fdata-sections -Wall -Wextra -fno-tree-loop-distribute-patterns"

TRACE::2024-11-07.22:51:59::SCWMssOS::"DEBUG NON_LTO_OBJECTS is ../../../lib/microblaze_interrupt_handler.o"

TRACE::2024-11-07.22:51:59::SCWMssOS::'Finished building libraries parallelly.'

TRACE::2024-11-07.22:51:59::SCWMssOS::make --no-print-directory archive

TRACE::2024-11-07.22:51:59::SCWMssOS::mb-ar -r  microblaze_0/lib/libxil.a microblaze_0/lib/_exit.o microblaze_0/lib/errno.o microblaze_0/lib/fcntl.o microblaze_0/lib
TRACE::2024-11-07.22:51:59::SCWMssOS::/hw_exception_handler.o microblaze_0/lib/inbyte.o microblaze_0/lib/microblaze_disable_dcache.o microblaze_0/lib/microblaze_disa
TRACE::2024-11-07.22:51:59::SCWMssOS::ble_exceptions.o microblaze_0/lib/microblaze_disable_icache.o microblaze_0/lib/microblaze_disable_interrupts.o microblaze_0/lib
TRACE::2024-11-07.22:51:59::SCWMssOS::/microblaze_enable_dcache.o microblaze_0/lib/microblaze_enable_exceptions.o microblaze_0/lib/microblaze_enable_icache.o microbl
TRACE::2024-11-07.22:51:59::SCWMssOS::aze_0/lib/microblaze_enable_interrupts.o microblaze_0/lib/microblaze_exception_handler.o microblaze_0/lib/microblaze_flush_cach
TRACE::2024-11-07.22:51:59::SCWMssOS::e_ext.o microblaze_0/lib/microblaze_flush_cache_ext_range.o microblaze_0/lib/microblaze_flush_dcache.o microblaze_0/lib/microbl
TRACE::2024-11-07.22:51:59::SCWMssOS::aze_flush_dcache_range.o microblaze_0/lib/microblaze_init_dcache_range.o microblaze_0/lib/microblaze_init_icache_range.o microb
TRACE::2024-11-07.22:51:59::SCWMssOS::laze_0/lib/microblaze_interrupt_handler.o microblaze_0/lib/microblaze_interrupts_g.o microblaze_0/lib/microblaze_invalidate_cac
TRACE::2024-11-07.22:51:59::SCWMssOS::he_ext.o microblaze_0/lib/microblaze_invalidate_cache_ext_range.o microblaze_0/lib/microblaze_invalidate_dcache.o microblaze_0/
TRACE::2024-11-07.22:51:59::SCWMssOS::lib/microblaze_invalidate_dcache_range.o microblaze_0/lib/microblaze_invalidate_icache.o microblaze_0/lib/microblaze_invalidate
TRACE::2024-11-07.22:51:59::SCWMssOS::_icache_range.o microblaze_0/lib/microblaze_scrub.o microblaze_0/lib/microblaze_selftest.o microblaze_0/lib/microblaze_sleep.o 
TRACE::2024-11-07.22:51:59::SCWMssOS::microblaze_0/lib/microblaze_update_dcache.o microblaze_0/lib/microblaze_update_icache.o microblaze_0/lib/outbyte.o microblaze_0
TRACE::2024-11-07.22:51:59::SCWMssOS::/lib/print.o microblaze_0/lib/pvr.o microblaze_0/lib/xbram.o microblaze_0/lib/xbram_g.o microblaze_0/lib/xbram_intr.o microblaz
TRACE::2024-11-07.22:51:59::SCWMssOS::e_0/lib/xbram_selftest.o microblaze_0/lib/xbram_sinit.o microblaze_0/lib/xil_assert.o microblaze_0/lib/xil_cache.o microblaze_0
TRACE::2024-11-07.22:51:59::SCWMssOS::/lib/xil_clocking.o microblaze_0/lib/xil_exception.o microblaze_0/lib/xil_mem.o microblaze_0/lib/xil_misc_psreset_api.o microbl
TRACE::2024-11-07.22:51:59::SCWMssOS::aze_0/lib/xil_printf.o microblaze_0/lib/xil_sleepcommon.o microblaze_0/lib/xil_testcache.o microblaze_0/lib/xil_testio.o microb
TRACE::2024-11-07.22:51:59::SCWMssOS::laze_0/lib/xil_testmem.o microblaze_0/lib/xil_util.o microblaze_0/lib/xintc.o microblaze_0/lib/xintc_g.o microblaze_0/lib/xintc
TRACE::2024-11-07.22:51:59::SCWMssOS::_intr.o microblaze_0/lib/xintc_l.o microblaze_0/lib/xintc_options.o microblaze_0/lib/xintc_selftest.o microblaze_0/lib/xinterru
TRACE::2024-11-07.22:51:59::SCWMssOS::pt_wrap.o microblaze_0/lib/xio.o microblaze_0/lib/xplatform_info.o microblaze_0/lib/xuartlite.o microblaze_0/lib/xuartlite_g.o 
TRACE::2024-11-07.22:51:59::SCWMssOS::microblaze_0/lib/xuartlite_intr.o microblaze_0/lib/xuartlite_l.o microblaze_0/lib/xuartlite_selftest.o microblaze_0/lib/xuartli
TRACE::2024-11-07.22:51:59::SCWMssOS::te_sinit.o microblaze_0/lib/xuartlite_stats.o

TRACE::2024-11-07.22:51:59::SCWMssOS::'Finished building libraries'

TRACE::2024-11-07.22:52:00::SCWMssOS:: Checking if to create the Supporting Applications
TRACE::2024-11-07.22:52:00::SCWMssOS:: No Linux domain exists, trying to generate FSBL 
LOG::2024-11-07.22:52:00::SCWSystem::Completed Processing the domain standalone_microblaze_0
LOG::2024-11-07.22:52:00::SCWSystem::Completed Processing the sysconfig mb_usb_hdmi_top
LOG::2024-11-07.22:52:00::SCWPlatform::Completed generating the artifacts for system configuration mb_usb_hdmi_top
TRACE::2024-11-07.22:52:00::SCWPlatform::Started preparing the platform 
TRACE::2024-11-07.22:52:00::SCWSystem::Writing the bif file for system config mb_usb_hdmi_top
TRACE::2024-11-07.22:52:00::SCWSystem::dir created 
TRACE::2024-11-07.22:52:00::SCWSystem::Writing the bif 
TRACE::2024-11-07.22:52:00::SCWPlatform::Started writing the spfm file 
TRACE::2024-11-07.22:52:00::SCWPlatform::Started writing the xpfm file 
TRACE::2024-11-07.22:52:00::SCWPlatform::Completed generating the platform
TRACE::2024-11-07.22:52:00::SCWMssOS::Saving the mss changes C:/Users/curti/OneDrive/Documents/UIUC/ECE-385/Vivado_Projects/lab7_2/lab7_2_workspace/mb_usb_hdmi_top/microblaze_0/standalone_microblaze_0/bsp/system.mss
TRACE::2024-11-07.22:52:00::SCWMssOS::Adding the swdes entry, mss present, able to open swdb C:/Users/curti/OneDrive/Documents/UIUC/ECE-385/Vivado_Projects/lab7_2/lab7_2_workspace/mb_usb_hdmi_top/microblaze_0/standalone_microblaze_0/bsp/system.mss with des name system
TRACE::2024-11-07.22:52:00::SCWMssOS::Writing the mss file completed C:/Users/curti/OneDrive/Documents/UIUC/ECE-385/Vivado_Projects/lab7_2/lab7_2_workspace/mb_usb_hdmi_top/microblaze_0/standalone_microblaze_0/bsp/system.mss
TRACE::2024-11-07.22:52:00::SCWMssOS::Commit changes completed.
TRACE::2024-11-07.22:52:00::SCWPlatform::Trying to open the hw design at C:/Users/curti/OneDrive/Documents/UIUC/ECE-385/Vivado_Projects/lab7_2/lab7_2_workspace/mb_usb_hdmi_top/hw/week2finished.xsa
TRACE::2024-11-07.22:52:00::SCWPlatform::DSA given C:/Users/curti/OneDrive/Documents/UIUC/ECE-385/Vivado_Projects/lab7_2/lab7_2_workspace/mb_usb_hdmi_top/hw/week2finished.xsa
TRACE::2024-11-07.22:52:00::SCWPlatform::DSA absoulate path C:/Users/curti/OneDrive/Documents/UIUC/ECE-385/Vivado_Projects/lab7_2/lab7_2_workspace/mb_usb_hdmi_top/hw/week2finished.xsa
TRACE::2024-11-07.22:52:00::SCWPlatform::DSA directory C:/Users/curti/OneDrive/Documents/UIUC/ECE-385/Vivado_Projects/lab7_2/lab7_2_workspace/mb_usb_hdmi_top/hw
TRACE::2024-11-07.22:52:00::SCWPlatform:: Platform Path C:/Users/curti/OneDrive/Documents/UIUC/ECE-385/Vivado_Projects/lab7_2/lab7_2_workspace/mb_usb_hdmi_top/hw/week2finished.xsa
TRACE::2024-11-07.22:52:00::SCWPlatform:: Unique name xilinx:::0.0
TRACE::2024-11-07.22:52:00::SCWPlatform::Trying to set the existing hwdb with name mb_usb_hdmi_top_1
TRACE::2024-11-07.22:52:00::SCWPlatform::Opened existing hwdb mb_usb_hdmi_top_1
TRACE::2024-11-07.22:52:00::SCWPlatform::Found the Hw Db part of the input DSA
TRACE::2024-11-07.22:52:00::SCWMssOS::Checking the sw design at  C:/Users/curti/OneDrive/Documents/UIUC/ECE-385/Vivado_Projects/lab7_2/lab7_2_workspace/mb_usb_hdmi_top/microblaze_0/standalone_microblaze_0/bsp/system.mss
TRACE::2024-11-07.22:52:00::SCWMssOS::DEBUG:  swdes dump  C:/Users/curti/OneDrive/Documents/UIUC/ECE-385/Vivado_Projects/lab7_2/lab7_2_workspace/mb_usb_hdmi_top/microblaze_0/standalone_microblaze_0/bsp/system.mss|system||

TRACE::2024-11-07.22:52:00::SCWMssOS::Sw design exists and opened at  C:/Users/curti/OneDrive/Documents/UIUC/ECE-385/Vivado_Projects/lab7_2/lab7_2_workspace/mb_usb_hdmi_top/microblaze_0/standalone_microblaze_0/bsp/system.mss
TRACE::2024-11-07.22:52:00::SCWWriter::formatted JSON is {
	"platformName":	"mb_usb_hdmi_top",
	"sprVersion":	"2.0",
	"mode":	"gui",
	"dsaType":	"Fixed",
	"platformDesc":	"mb_usb_hdmi_top",
	"platHandOff":	"C:/Users/curti/Downloads/week2finished.xsa",
	"platIntHandOff":	"<platformDir>/hw/week2finished.xsa",
	"deviceType":	"FPGA",
	"platIsPrebuiltAutogen":	"false",
	"platIsNoBootBsp":	"false",
	"hasFsblMakeHasChanges":	"false",
	"hasPmufwMakeHasChanges":	"false",
	"platPreBuiltFlag":	false,
	"platformSamplesDir":	"",
	"platActiveSys":	"mb_usb_hdmi_top",
	"systems":	[{
			"systemName":	"mb_usb_hdmi_top",
			"systemDesc":	"mb_usb_hdmi_top",
			"sysIsBootAutoGen":	"true",
			"systemDispName":	"mb_usb_hdmi_top",
			"sysActiveDom":	"standalone_microblaze_0",
			"sysDefaultDom":	"standalone_microblaze_0",
			"domains":	[{
					"domainName":	"standalone_microblaze_0",
					"domainDispName":	"standalone_microblaze_0",
					"domainDesc":	"standalone_microblaze_0",
					"processors":	"microblaze_0",
					"os":	"standalone",
					"sdxOs":	"standalone",
					"debugEnable":	"False",
					"domRuntimes":	["cpp"],
					"swRepo":	"",
					"mssOsVer":	"8.0",
					"mssFile":	"",
					"md5Digest":	"5422c1e5be4ae93f4de8c50507402f2a",
					"compatibleApp":	"",
					"domType":	"mssDomain",
					"arch":	"32-bit",
					"appSettings":	{
						"appCompilerFlags":	"",
						"appLinkerFlags":	""
					},
					"addedLibs":	[],
					"libOptions":	{
						"libsContainingOptions":	[]
					},
					"prebuiltLibs":	{
						"prebuiltIncPath":	[],
						"prebuiltLibPath":	[]
					},
					"isolation":	{
					}
				}]
		}]
}
KEYINFO::2024-11-07.22:52:00::SCWPlatform::updated the xpfm file.
TRACE::2024-11-07.22:52:00::SCWPlatform::Trying to open the hw design at C:/Users/curti/OneDrive/Documents/UIUC/ECE-385/Vivado_Projects/lab7_2/lab7_2_workspace/mb_usb_hdmi_top/hw/week2finished.xsa
TRACE::2024-11-07.22:52:00::SCWPlatform::DSA given C:/Users/curti/OneDrive/Documents/UIUC/ECE-385/Vivado_Projects/lab7_2/lab7_2_workspace/mb_usb_hdmi_top/hw/week2finished.xsa
TRACE::2024-11-07.22:52:00::SCWPlatform::DSA absoulate path C:/Users/curti/OneDrive/Documents/UIUC/ECE-385/Vivado_Projects/lab7_2/lab7_2_workspace/mb_usb_hdmi_top/hw/week2finished.xsa
TRACE::2024-11-07.22:52:00::SCWPlatform::DSA directory C:/Users/curti/OneDrive/Documents/UIUC/ECE-385/Vivado_Projects/lab7_2/lab7_2_workspace/mb_usb_hdmi_top/hw
TRACE::2024-11-07.22:52:00::SCWPlatform:: Platform Path C:/Users/curti/OneDrive/Documents/UIUC/ECE-385/Vivado_Projects/lab7_2/lab7_2_workspace/mb_usb_hdmi_top/hw/week2finished.xsa
TRACE::2024-11-07.22:52:00::SCWPlatform:: Unique name xilinx:::0.0
TRACE::2024-11-07.22:52:00::SCWPlatform::Trying to set the existing hwdb with name mb_usb_hdmi_top_1
TRACE::2024-11-07.22:52:00::SCWPlatform::Opened existing hwdb mb_usb_hdmi_top_1
TRACE::2024-11-07.22:52:00::SCWPlatform::Found the Hw Db part of the input DSA
TRACE::2024-11-07.22:52:00::SCWMssOS::Checking the sw design at  C:/Users/curti/OneDrive/Documents/UIUC/ECE-385/Vivado_Projects/lab7_2/lab7_2_workspace/mb_usb_hdmi_top/microblaze_0/standalone_microblaze_0/bsp/system.mss
TRACE::2024-11-07.22:52:00::SCWMssOS::DEBUG:  swdes dump  C:/Users/curti/OneDrive/Documents/UIUC/ECE-385/Vivado_Projects/lab7_2/lab7_2_workspace/mb_usb_hdmi_top/microblaze_0/standalone_microblaze_0/bsp/system.mss|system||

TRACE::2024-11-07.22:52:00::SCWMssOS::Sw design exists and opened at  C:/Users/curti/OneDrive/Documents/UIUC/ECE-385/Vivado_Projects/lab7_2/lab7_2_workspace/mb_usb_hdmi_top/microblaze_0/standalone_microblaze_0/bsp/system.mss
TRACE::2024-11-07.22:55:41::SCWPlatform::Trying to open the hw design at C:/Users/curti/OneDrive/Documents/UIUC/ECE-385/Vivado_Projects/lab7_2/lab7_2_workspace/mb_usb_hdmi_top/hw/week2finished.xsa
TRACE::2024-11-07.22:55:41::SCWPlatform::DSA given C:/Users/curti/OneDrive/Documents/UIUC/ECE-385/Vivado_Projects/lab7_2/lab7_2_workspace/mb_usb_hdmi_top/hw/week2finished.xsa
TRACE::2024-11-07.22:55:41::SCWPlatform::DSA absoulate path C:/Users/curti/OneDrive/Documents/UIUC/ECE-385/Vivado_Projects/lab7_2/lab7_2_workspace/mb_usb_hdmi_top/hw/week2finished.xsa
TRACE::2024-11-07.22:55:41::SCWPlatform::DSA directory C:/Users/curti/OneDrive/Documents/UIUC/ECE-385/Vivado_Projects/lab7_2/lab7_2_workspace/mb_usb_hdmi_top/hw
TRACE::2024-11-07.22:55:41::SCWPlatform:: Platform Path C:/Users/curti/OneDrive/Documents/UIUC/ECE-385/Vivado_Projects/lab7_2/lab7_2_workspace/mb_usb_hdmi_top/hw/week2finished.xsa
TRACE::2024-11-07.22:55:41::SCWPlatform:: Unique name xilinx:::0.0
TRACE::2024-11-07.22:55:41::SCWPlatform::Do not have an existing db opened. 
TRACE::2024-11-07.22:55:41::SCWPlatform::Opened new HwDB with name mb_usb_hdmi_top_1
TRACE::2024-11-07.22:55:41::SCWReader::Active system found as  mb_usb_hdmi_top
TRACE::2024-11-07.22:55:41::SCWReader::Handling sysconfig mb_usb_hdmi_top
TRACE::2024-11-07.22:55:41::SCWDomain::checking for install qemu data   : 
TRACE::2024-11-07.22:55:41::SCWPlatform::Trying to open the hw design at C:/Users/curti/OneDrive/Documents/UIUC/ECE-385/Vivado_Projects/lab7_2/lab7_2_workspace/mb_usb_hdmi_top/hw/week2finished.xsa
TRACE::2024-11-07.22:55:41::SCWPlatform::DSA given C:/Users/curti/OneDrive/Documents/UIUC/ECE-385/Vivado_Projects/lab7_2/lab7_2_workspace/mb_usb_hdmi_top/hw/week2finished.xsa
TRACE::2024-11-07.22:55:41::SCWPlatform::DSA absoulate path C:/Users/curti/OneDrive/Documents/UIUC/ECE-385/Vivado_Projects/lab7_2/lab7_2_workspace/mb_usb_hdmi_top/hw/week2finished.xsa
TRACE::2024-11-07.22:55:41::SCWPlatform::DSA directory C:/Users/curti/OneDrive/Documents/UIUC/ECE-385/Vivado_Projects/lab7_2/lab7_2_workspace/mb_usb_hdmi_top/hw
TRACE::2024-11-07.22:55:41::SCWPlatform:: Platform Path C:/Users/curti/OneDrive/Documents/UIUC/ECE-385/Vivado_Projects/lab7_2/lab7_2_workspace/mb_usb_hdmi_top/hw/week2finished.xsa
TRACE::2024-11-07.22:55:41::SCWPlatform:: Unique name xilinx:::0.0
TRACE::2024-11-07.22:55:41::SCWPlatform::Trying to set the existing hwdb with name mb_usb_hdmi_top_1
TRACE::2024-11-07.22:55:41::SCWPlatform::Opened existing hwdb mb_usb_hdmi_top_1
TRACE::2024-11-07.22:55:41::SCWPlatform::Found the Hw Db part of the input DSA
TRACE::2024-11-07.22:55:41::SCWPlatform::Trying to open the hw design at C:/Users/curti/OneDrive/Documents/UIUC/ECE-385/Vivado_Projects/lab7_2/lab7_2_workspace/mb_usb_hdmi_top/hw/week2finished.xsa
TRACE::2024-11-07.22:55:41::SCWPlatform::DSA given C:/Users/curti/OneDrive/Documents/UIUC/ECE-385/Vivado_Projects/lab7_2/lab7_2_workspace/mb_usb_hdmi_top/hw/week2finished.xsa
TRACE::2024-11-07.22:55:41::SCWPlatform::DSA absoulate path C:/Users/curti/OneDrive/Documents/UIUC/ECE-385/Vivado_Projects/lab7_2/lab7_2_workspace/mb_usb_hdmi_top/hw/week2finished.xsa
TRACE::2024-11-07.22:55:41::SCWPlatform::DSA directory C:/Users/curti/OneDrive/Documents/UIUC/ECE-385/Vivado_Projects/lab7_2/lab7_2_workspace/mb_usb_hdmi_top/hw
TRACE::2024-11-07.22:55:41::SCWPlatform:: Platform Path C:/Users/curti/OneDrive/Documents/UIUC/ECE-385/Vivado_Projects/lab7_2/lab7_2_workspace/mb_usb_hdmi_top/hw/week2finished.xsa
TRACE::2024-11-07.22:55:41::SCWPlatform:: Unique name xilinx:::0.0
TRACE::2024-11-07.22:55:41::SCWPlatform::Trying to set the existing hwdb with name mb_usb_hdmi_top_1
TRACE::2024-11-07.22:55:41::SCWPlatform::Opened existing hwdb mb_usb_hdmi_top_1
TRACE::2024-11-07.22:55:41::SCWPlatform::Found the Hw Db part of the input DSA
TRACE::2024-11-07.22:55:41::SCWPlatform::Trying to open the hw design at C:/Users/curti/OneDrive/Documents/UIUC/ECE-385/Vivado_Projects/lab7_2/lab7_2_workspace/mb_usb_hdmi_top/hw/week2finished.xsa
TRACE::2024-11-07.22:55:41::SCWPlatform::DSA given C:/Users/curti/OneDrive/Documents/UIUC/ECE-385/Vivado_Projects/lab7_2/lab7_2_workspace/mb_usb_hdmi_top/hw/week2finished.xsa
TRACE::2024-11-07.22:55:41::SCWPlatform::DSA absoulate path C:/Users/curti/OneDrive/Documents/UIUC/ECE-385/Vivado_Projects/lab7_2/lab7_2_workspace/mb_usb_hdmi_top/hw/week2finished.xsa
TRACE::2024-11-07.22:55:41::SCWPlatform::DSA directory C:/Users/curti/OneDrive/Documents/UIUC/ECE-385/Vivado_Projects/lab7_2/lab7_2_workspace/mb_usb_hdmi_top/hw
TRACE::2024-11-07.22:55:41::SCWPlatform:: Platform Path C:/Users/curti/OneDrive/Documents/UIUC/ECE-385/Vivado_Projects/lab7_2/lab7_2_workspace/mb_usb_hdmi_top/hw/week2finished.xsa
TRACE::2024-11-07.22:55:41::SCWPlatform:: Unique name xilinx:::0.0
TRACE::2024-11-07.22:55:41::SCWPlatform::Trying to set the existing hwdb with name mb_usb_hdmi_top_1
TRACE::2024-11-07.22:55:41::SCWPlatform::Opened existing hwdb mb_usb_hdmi_top_1
TRACE::2024-11-07.22:55:41::SCWPlatform::Found the Hw Db part of the input DSA
TRACE::2024-11-07.22:55:41::SCWPlatform::Trying to open the hw design at C:/Users/curti/OneDrive/Documents/UIUC/ECE-385/Vivado_Projects/lab7_2/lab7_2_workspace/mb_usb_hdmi_top/hw/week2finished.xsa
TRACE::2024-11-07.22:55:41::SCWPlatform::DSA given C:/Users/curti/OneDrive/Documents/UIUC/ECE-385/Vivado_Projects/lab7_2/lab7_2_workspace/mb_usb_hdmi_top/hw/week2finished.xsa
TRACE::2024-11-07.22:55:41::SCWPlatform::DSA absoulate path C:/Users/curti/OneDrive/Documents/UIUC/ECE-385/Vivado_Projects/lab7_2/lab7_2_workspace/mb_usb_hdmi_top/hw/week2finished.xsa
TRACE::2024-11-07.22:55:41::SCWPlatform::DSA directory C:/Users/curti/OneDrive/Documents/UIUC/ECE-385/Vivado_Projects/lab7_2/lab7_2_workspace/mb_usb_hdmi_top/hw
TRACE::2024-11-07.22:55:41::SCWPlatform:: Platform Path C:/Users/curti/OneDrive/Documents/UIUC/ECE-385/Vivado_Projects/lab7_2/lab7_2_workspace/mb_usb_hdmi_top/hw/week2finished.xsa
TRACE::2024-11-07.22:55:41::SCWPlatform:: Unique name xilinx:::0.0
TRACE::2024-11-07.22:55:41::SCWPlatform::Trying to set the existing hwdb with name mb_usb_hdmi_top_1
TRACE::2024-11-07.22:55:41::SCWPlatform::Opened existing hwdb mb_usb_hdmi_top_1
TRACE::2024-11-07.22:55:41::SCWPlatform::Found the Hw Db part of the input DSA
TRACE::2024-11-07.22:55:41::SCWMssOS::Checking the sw design at  C:/Users/curti/OneDrive/Documents/UIUC/ECE-385/Vivado_Projects/lab7_2/lab7_2_workspace/mb_usb_hdmi_top/microblaze_0/standalone_microblaze_0/bsp/system.mss
TRACE::2024-11-07.22:55:41::SCWMssOS::DEBUG:  swdes dump  
TRACE::2024-11-07.22:55:41::SCWMssOS::No sw design opened at  C:/Users/curti/OneDrive/Documents/UIUC/ECE-385/Vivado_Projects/lab7_2/lab7_2_workspace/mb_usb_hdmi_top/microblaze_0/standalone_microblaze_0/bsp/system.mss
TRACE::2024-11-07.22:55:41::SCWMssOS::mss exists loading the mss file  C:/Users/curti/OneDrive/Documents/UIUC/ECE-385/Vivado_Projects/lab7_2/lab7_2_workspace/mb_usb_hdmi_top/microblaze_0/standalone_microblaze_0/bsp/system.mss
TRACE::2024-11-07.22:55:41::SCWMssOS::Opened the sw design from mss  C:/Users/curti/OneDrive/Documents/UIUC/ECE-385/Vivado_Projects/lab7_2/lab7_2_workspace/mb_usb_hdmi_top/microblaze_0/standalone_microblaze_0/bsp/system.mss
TRACE::2024-11-07.22:55:41::SCWMssOS::Adding the swdes entry C:/Users/curti/OneDrive/Documents/UIUC/ECE-385/Vivado_Projects/lab7_2/lab7_2_workspace/mb_usb_hdmi_top/microblaze_0/standalone_microblaze_0/bsp/system.mss with des name system
TRACE::2024-11-07.22:55:41::SCWMssOS::updating the scw layer about changes
TRACE::2024-11-07.22:55:41::SCWMssOS::Opened the sw design.  C:/Users/curti/OneDrive/Documents/UIUC/ECE-385/Vivado_Projects/lab7_2/lab7_2_workspace/mb_usb_hdmi_top/microblaze_0/standalone_microblaze_0/bsp/system.mss
TRACE::2024-11-07.22:55:41::SCWMssOS::Saving the mss changes C:/Users/curti/OneDrive/Documents/UIUC/ECE-385/Vivado_Projects/lab7_2/lab7_2_workspace/mb_usb_hdmi_top/microblaze_0/standalone_microblaze_0/bsp/system.mss
TRACE::2024-11-07.22:55:41::SCWMssOS::Found a swdesign opened with the mssfile.
TRACE::2024-11-07.22:55:41::SCWMssOS::Completed writemss as part of save.
TRACE::2024-11-07.22:55:41::SCWMssOS::Commit changes completed.
TRACE::2024-11-07.22:55:41::SCWReader::Adding prebuilt librarypaths as   
TRACE::2024-11-07.22:55:41::SCWReader::Adding prebuilt incpaths  as   
TRACE::2024-11-07.22:55:41::SCWPlatform::Trying to open the hw design at C:/Users/curti/OneDrive/Documents/UIUC/ECE-385/Vivado_Projects/lab7_2/lab7_2_workspace/mb_usb_hdmi_top/hw/week2finished.xsa
TRACE::2024-11-07.22:55:41::SCWPlatform::DSA given C:/Users/curti/OneDrive/Documents/UIUC/ECE-385/Vivado_Projects/lab7_2/lab7_2_workspace/mb_usb_hdmi_top/hw/week2finished.xsa
TRACE::2024-11-07.22:55:41::SCWPlatform::DSA absoulate path C:/Users/curti/OneDrive/Documents/UIUC/ECE-385/Vivado_Projects/lab7_2/lab7_2_workspace/mb_usb_hdmi_top/hw/week2finished.xsa
TRACE::2024-11-07.22:55:41::SCWPlatform::DSA directory C:/Users/curti/OneDrive/Documents/UIUC/ECE-385/Vivado_Projects/lab7_2/lab7_2_workspace/mb_usb_hdmi_top/hw
TRACE::2024-11-07.22:55:41::SCWPlatform:: Platform Path C:/Users/curti/OneDrive/Documents/UIUC/ECE-385/Vivado_Projects/lab7_2/lab7_2_workspace/mb_usb_hdmi_top/hw/week2finished.xsa
TRACE::2024-11-07.22:55:41::SCWPlatform:: Unique name xilinx:::0.0
TRACE::2024-11-07.22:55:41::SCWPlatform::Trying to set the existing hwdb with name mb_usb_hdmi_top_1
TRACE::2024-11-07.22:55:41::SCWPlatform::Opened existing hwdb mb_usb_hdmi_top_1
TRACE::2024-11-07.22:55:41::SCWPlatform::Found the Hw Db part of the input DSA
TRACE::2024-11-07.22:55:41::SCWMssOS::Checking the sw design at  C:/Users/curti/OneDrive/Documents/UIUC/ECE-385/Vivado_Projects/lab7_2/lab7_2_workspace/mb_usb_hdmi_top/microblaze_0/standalone_microblaze_0/bsp/system.mss
TRACE::2024-11-07.22:55:41::SCWMssOS::DEBUG:  swdes dump  C:/Users/curti/OneDrive/Documents/UIUC/ECE-385/Vivado_Projects/lab7_2/lab7_2_workspace/mb_usb_hdmi_top/microblaze_0/standalone_microblaze_0/bsp/system.mss|system||

TRACE::2024-11-07.22:55:41::SCWMssOS::Sw design exists and opened at  C:/Users/curti/OneDrive/Documents/UIUC/ECE-385/Vivado_Projects/lab7_2/lab7_2_workspace/mb_usb_hdmi_top/microblaze_0/standalone_microblaze_0/bsp/system.mss
TRACE::2024-11-07.22:55:41::SCWReader::No isolation master present  
TRACE::2024-11-07.22:55:49::SCWPlatform::DSA given C:/Users/curti/OneDrive/Documents/UIUC/ECE-385/Vivado_Projects/lab7_2/lab7_2_workspace/mb_usb_hdmi_top/tempdsa/mb_usb_hdmi_top_v3.xsa
TRACE::2024-11-07.22:55:49::SCWPlatform::DSA absoulate path C:/Users/curti/OneDrive/Documents/UIUC/ECE-385/Vivado_Projects/lab7_2/lab7_2_workspace/mb_usb_hdmi_top/tempdsa/mb_usb_hdmi_top_v3.xsa
TRACE::2024-11-07.22:55:49::SCWPlatform:: Platform location is C:/Users/curti/OneDrive/Documents/UIUC/ECE-385/Vivado_Projects/lab7_2/lab7_2_workspace/mb_usb_hdmi_top/tempdsa
TRACE::2024-11-07.22:55:49::SCWPlatform:: Platform Path C:/Users/curti/OneDrive/Documents/UIUC/ECE-385/Vivado_Projects/lab7_2/lab7_2_workspace/mb_usb_hdmi_top/tempdsa/mb_usb_hdmi_top_v3.xsa
TRACE::2024-11-07.22:55:49::SCWPlatform:: Unique name xilinx:::0.0
TRACE::2024-11-07.22:55:49::SCWPlatform::Found the Hw Db part of the input DSA
TRACE::2024-11-07.22:55:49::SCWMssOS::Doing hw sync for the mss in domain: standalone_microblaze_0
TRACE::2024-11-07.22:55:49::SCWPlatform::Trying to open the hw design at C:/Users/curti/OneDrive/Documents/UIUC/ECE-385/Vivado_Projects/lab7_2/lab7_2_workspace/mb_usb_hdmi_top/hw/week2finished.xsa
TRACE::2024-11-07.22:55:49::SCWPlatform::DSA given C:/Users/curti/OneDrive/Documents/UIUC/ECE-385/Vivado_Projects/lab7_2/lab7_2_workspace/mb_usb_hdmi_top/hw/week2finished.xsa
TRACE::2024-11-07.22:55:49::SCWPlatform::DSA absoulate path C:/Users/curti/OneDrive/Documents/UIUC/ECE-385/Vivado_Projects/lab7_2/lab7_2_workspace/mb_usb_hdmi_top/hw/week2finished.xsa
TRACE::2024-11-07.22:55:49::SCWPlatform::DSA directory C:/Users/curti/OneDrive/Documents/UIUC/ECE-385/Vivado_Projects/lab7_2/lab7_2_workspace/mb_usb_hdmi_top/hw
TRACE::2024-11-07.22:55:49::SCWPlatform:: Platform Path C:/Users/curti/OneDrive/Documents/UIUC/ECE-385/Vivado_Projects/lab7_2/lab7_2_workspace/mb_usb_hdmi_top/hw/week2finished.xsa
TRACE::2024-11-07.22:55:49::SCWPlatform:: Unique name xilinx:::0.0
TRACE::2024-11-07.22:55:49::SCWPlatform::Trying to set the existing hwdb with name mb_usb_hdmi_top_1
TRACE::2024-11-07.22:55:49::SCWPlatform::Opened existing hwdb mb_usb_hdmi_top_1
TRACE::2024-11-07.22:55:49::SCWPlatform::Found the Hw Db part of the input DSA
TRACE::2024-11-07.22:55:49::SCWPlatform::Trying to open the hw design at C:/Users/curti/OneDrive/Documents/UIUC/ECE-385/Vivado_Projects/lab7_2/lab7_2_workspace/mb_usb_hdmi_top/hw/week2finished.xsa
TRACE::2024-11-07.22:55:49::SCWPlatform::DSA given C:/Users/curti/OneDrive/Documents/UIUC/ECE-385/Vivado_Projects/lab7_2/lab7_2_workspace/mb_usb_hdmi_top/hw/week2finished.xsa
TRACE::2024-11-07.22:55:49::SCWPlatform::DSA absoulate path C:/Users/curti/OneDrive/Documents/UIUC/ECE-385/Vivado_Projects/lab7_2/lab7_2_workspace/mb_usb_hdmi_top/hw/week2finished.xsa
TRACE::2024-11-07.22:55:49::SCWPlatform::DSA directory C:/Users/curti/OneDrive/Documents/UIUC/ECE-385/Vivado_Projects/lab7_2/lab7_2_workspace/mb_usb_hdmi_top/hw
TRACE::2024-11-07.22:55:49::SCWPlatform:: Platform Path C:/Users/curti/OneDrive/Documents/UIUC/ECE-385/Vivado_Projects/lab7_2/lab7_2_workspace/mb_usb_hdmi_top/hw/week2finished.xsa
TRACE::2024-11-07.22:55:49::SCWPlatform:: Unique name xilinx:::0.0
TRACE::2024-11-07.22:55:49::SCWPlatform::Trying to set the existing hwdb with name mb_usb_hdmi_top_1
TRACE::2024-11-07.22:55:49::SCWPlatform::Opened existing hwdb mb_usb_hdmi_top_1
TRACE::2024-11-07.22:55:49::SCWPlatform::Found the Hw Db part of the input DSA
TRACE::2024-11-07.22:55:49::SCWMssOS::Checking the sw design at  C:/Users/curti/OneDrive/Documents/UIUC/ECE-385/Vivado_Projects/lab7_2/lab7_2_workspace/mb_usb_hdmi_top/microblaze_0/standalone_microblaze_0/bsp/system.mss
TRACE::2024-11-07.22:55:49::SCWMssOS::DEBUG:  swdes dump  C:/Users/curti/OneDrive/Documents/UIUC/ECE-385/Vivado_Projects/lab7_2/lab7_2_workspace/mb_usb_hdmi_top/microblaze_0/standalone_microblaze_0/bsp/system.mss|system||

TRACE::2024-11-07.22:55:49::SCWMssOS::Sw design exists and opened at  C:/Users/curti/OneDrive/Documents/UIUC/ECE-385/Vivado_Projects/lab7_2/lab7_2_workspace/mb_usb_hdmi_top/microblaze_0/standalone_microblaze_0/bsp/system.mss
TRACE::2024-11-07.22:55:49::SCWPlatform::Trying to open the hw design at C:/Users/curti/OneDrive/Documents/UIUC/ECE-385/Vivado_Projects/lab7_2/lab7_2_workspace/mb_usb_hdmi_top/tempdsa/mb_usb_hdmi_top_v3.xsa
TRACE::2024-11-07.22:55:49::SCWPlatform::DSA given C:/Users/curti/OneDrive/Documents/UIUC/ECE-385/Vivado_Projects/lab7_2/lab7_2_workspace/mb_usb_hdmi_top/tempdsa/mb_usb_hdmi_top_v3.xsa
TRACE::2024-11-07.22:55:49::SCWPlatform::DSA absoulate path C:/Users/curti/OneDrive/Documents/UIUC/ECE-385/Vivado_Projects/lab7_2/lab7_2_workspace/mb_usb_hdmi_top/tempdsa/mb_usb_hdmi_top_v3.xsa
TRACE::2024-11-07.22:55:49::SCWPlatform::DSA directory C:/Users/curti/OneDrive/Documents/UIUC/ECE-385/Vivado_Projects/lab7_2/lab7_2_workspace/mb_usb_hdmi_top/tempdsa
TRACE::2024-11-07.22:55:49::SCWPlatform:: Platform Path C:/Users/curti/OneDrive/Documents/UIUC/ECE-385/Vivado_Projects/lab7_2/lab7_2_workspace/mb_usb_hdmi_top/tempdsa/mb_usb_hdmi_top_v3.xsa
TRACE::2024-11-07.22:55:49::SCWPlatform:: Unique name xilinx:::0.0
TRACE::2024-11-07.22:55:49::SCWPlatform::update - Opened existing hwdb mb_usb_hdmi_top_2
TRACE::2024-11-07.22:55:49::SCWPlatform::Found the Hw Db part of the input DSA
TRACE::2024-11-07.22:55:49::SCWMssOS::Saving the mss changes C:/Users/curti/OneDrive/Documents/UIUC/ECE-385/Vivado_Projects/lab7_2/lab7_2_workspace/mb_usb_hdmi_top/microblaze_0/standalone_microblaze_0/bsp/system.mss
TRACE::2024-11-07.22:55:49::SCWMssOS::Found a swdesign opened with the mssfile.
TRACE::2024-11-07.22:55:49::SCWMssOS::Completed writemss as part of save.
TRACE::2024-11-07.22:55:49::SCWMssOS::Commit changes completed.
TRACE::2024-11-07.22:55:49::SCWMssOS::Completed hw sync for the mss in domain: standalone_microblaze_0
TRACE::2024-11-07.22:55:49::SCWMssOS::Removing the swdes entry for  C:/Users/curti/OneDrive/Documents/UIUC/ECE-385/Vivado_Projects/lab7_2/lab7_2_workspace/mb_usb_hdmi_top/microblaze_0/standalone_microblaze_0/bsp/system.mss
TRACE::2024-11-07.22:55:49::SCWPlatform::Trying to open the hw design at C:/Users/curti/OneDrive/Documents/UIUC/ECE-385/Vivado_Projects/lab7_2/lab7_2_workspace/mb_usb_hdmi_top/hw/mb_usb_hdmi_top_v3.xsa
TRACE::2024-11-07.22:55:49::SCWPlatform::DSA given C:/Users/curti/OneDrive/Documents/UIUC/ECE-385/Vivado_Projects/lab7_2/lab7_2_workspace/mb_usb_hdmi_top/hw/mb_usb_hdmi_top_v3.xsa
TRACE::2024-11-07.22:55:49::SCWPlatform::DSA absoulate path C:/Users/curti/OneDrive/Documents/UIUC/ECE-385/Vivado_Projects/lab7_2/lab7_2_workspace/mb_usb_hdmi_top/hw/mb_usb_hdmi_top_v3.xsa
TRACE::2024-11-07.22:55:49::SCWPlatform::DSA directory C:/Users/curti/OneDrive/Documents/UIUC/ECE-385/Vivado_Projects/lab7_2/lab7_2_workspace/mb_usb_hdmi_top/hw
TRACE::2024-11-07.22:55:50::SCWPlatform:: Platform Path C:/Users/curti/OneDrive/Documents/UIUC/ECE-385/Vivado_Projects/lab7_2/lab7_2_workspace/mb_usb_hdmi_top/hw/mb_usb_hdmi_top_v3.xsa
TRACE::2024-11-07.22:55:50::SCWPlatform:: Unique name xilinx:::0.0
TRACE::2024-11-07.22:55:50::SCWPlatform::Do not have an existing db opened. 
TRACE::2024-11-07.22:55:50::SCWPlatform::Opened new HwDB with name mb_usb_hdmi_top_3
TRACE::2024-11-07.22:55:50::SCWMssOS::Saving the mss changes C:/Users/curti/OneDrive/Documents/UIUC/ECE-385/Vivado_Projects/lab7_2/lab7_2_workspace/mb_usb_hdmi_top/microblaze_0/standalone_microblaze_0/bsp/system.mss
TRACE::2024-11-07.22:55:50::SCWMssOS::Adding the swdes entry, mss present, able to open swdb C:/Users/curti/OneDrive/Documents/UIUC/ECE-385/Vivado_Projects/lab7_2/lab7_2_workspace/mb_usb_hdmi_top/microblaze_0/standalone_microblaze_0/bsp/system.mss with des name system
TRACE::2024-11-07.22:55:50::SCWMssOS::Writing the mss file completed C:/Users/curti/OneDrive/Documents/UIUC/ECE-385/Vivado_Projects/lab7_2/lab7_2_workspace/mb_usb_hdmi_top/microblaze_0/standalone_microblaze_0/bsp/system.mss
TRACE::2024-11-07.22:55:50::SCWMssOS::Commit changes completed.
TRACE::2024-11-07.22:55:50::SCWPlatform::Trying to open the hw design at C:/Users/curti/OneDrive/Documents/UIUC/ECE-385/Vivado_Projects/lab7_2/lab7_2_workspace/mb_usb_hdmi_top/hw/mb_usb_hdmi_top_v3.xsa
TRACE::2024-11-07.22:55:50::SCWPlatform::DSA given C:/Users/curti/OneDrive/Documents/UIUC/ECE-385/Vivado_Projects/lab7_2/lab7_2_workspace/mb_usb_hdmi_top/hw/mb_usb_hdmi_top_v3.xsa
TRACE::2024-11-07.22:55:50::SCWPlatform::DSA absoulate path C:/Users/curti/OneDrive/Documents/UIUC/ECE-385/Vivado_Projects/lab7_2/lab7_2_workspace/mb_usb_hdmi_top/hw/mb_usb_hdmi_top_v3.xsa
TRACE::2024-11-07.22:55:50::SCWPlatform::DSA directory C:/Users/curti/OneDrive/Documents/UIUC/ECE-385/Vivado_Projects/lab7_2/lab7_2_workspace/mb_usb_hdmi_top/hw
TRACE::2024-11-07.22:55:50::SCWPlatform:: Platform Path C:/Users/curti/OneDrive/Documents/UIUC/ECE-385/Vivado_Projects/lab7_2/lab7_2_workspace/mb_usb_hdmi_top/hw/mb_usb_hdmi_top_v3.xsa
TRACE::2024-11-07.22:55:50::SCWPlatform:: Unique name xilinx:::0.0
TRACE::2024-11-07.22:55:50::SCWPlatform::Trying to set the existing hwdb with name mb_usb_hdmi_top_3
TRACE::2024-11-07.22:55:50::SCWPlatform::Opened existing hwdb mb_usb_hdmi_top_3
TRACE::2024-11-07.22:55:50::SCWPlatform::Found the Hw Db part of the input DSA
TRACE::2024-11-07.22:55:50::SCWMssOS::Checking the sw design at  C:/Users/curti/OneDrive/Documents/UIUC/ECE-385/Vivado_Projects/lab7_2/lab7_2_workspace/mb_usb_hdmi_top/microblaze_0/standalone_microblaze_0/bsp/system.mss
TRACE::2024-11-07.22:55:50::SCWMssOS::DEBUG:  swdes dump  C:/Users/curti/OneDrive/Documents/UIUC/ECE-385/Vivado_Projects/lab7_2/lab7_2_workspace/mb_usb_hdmi_top/microblaze_0/standalone_microblaze_0/bsp/system.mss|system||

TRACE::2024-11-07.22:55:50::SCWMssOS::Sw design exists and opened at  C:/Users/curti/OneDrive/Documents/UIUC/ECE-385/Vivado_Projects/lab7_2/lab7_2_workspace/mb_usb_hdmi_top/microblaze_0/standalone_microblaze_0/bsp/system.mss
TRACE::2024-11-07.22:55:50::SCWWriter::formatted JSON is {
	"platformName":	"mb_usb_hdmi_top",
	"sprVersion":	"2.0",
	"mode":	"gui",
	"dsaType":	"Fixed",
	"platformDesc":	"mb_usb_hdmi_top",
	"platHandOff":	"C:/Users/curti/Downloads/mb_usb_hdmi_top_v3.xsa",
	"platIntHandOff":	"<platformDir>/hw/mb_usb_hdmi_top_v3.xsa",
	"deviceType":	"FPGA",
	"platIsPrebuiltAutogen":	"false",
	"platIsNoBootBsp":	"false",
	"hasFsblMakeHasChanges":	"false",
	"hasPmufwMakeHasChanges":	"false",
	"platPreBuiltFlag":	false,
	"platformSamplesDir":	"",
	"platActiveSys":	"mb_usb_hdmi_top",
	"systems":	[{
			"systemName":	"mb_usb_hdmi_top",
			"systemDesc":	"mb_usb_hdmi_top",
			"sysIsBootAutoGen":	"true",
			"systemDispName":	"mb_usb_hdmi_top",
			"sysActiveDom":	"standalone_microblaze_0",
			"sysDefaultDom":	"standalone_microblaze_0",
			"domains":	[{
					"domainName":	"standalone_microblaze_0",
					"domainDispName":	"standalone_microblaze_0",
					"domainDesc":	"standalone_microblaze_0",
					"processors":	"microblaze_0",
					"os":	"standalone",
					"sdxOs":	"standalone",
					"debugEnable":	"False",
					"domRuntimes":	["cpp"],
					"swRepo":	"",
					"mssOsVer":	"8.0",
					"mssFile":	"",
					"md5Digest":	"5422c1e5be4ae93f4de8c50507402f2a1",
					"compatibleApp":	"",
					"domType":	"mssDomain",
					"arch":	"32-bit",
					"appSettings":	{
						"appCompilerFlags":	"",
						"appLinkerFlags":	""
					},
					"addedLibs":	[],
					"libOptions":	{
						"libsContainingOptions":	[]
					},
					"prebuiltLibs":	{
						"prebuiltIncPath":	[],
						"prebuiltLibPath":	[]
					},
					"isolation":	{
					}
				}]
		}]
}
TRACE::2024-11-07.22:55:58::SCWMssOS::cleaning the bsp 
TRACE::2024-11-07.22:55:58::SCWMssOS::System Command Ran  C: & cd  C:/Users/curti/OneDrive/Documents/UIUC/ECE-385/Vivado_Projects/lab7_2/lab7_2_workspace/mb_usb_hdmi_top/microblaze_0/standalone_microblaze_0/bsp & make clean 
TRACE::2024-11-07.22:55:59::SCWMssOS::make -C microblaze_0/libsrc/bram_v4_8/src -s clean 

TRACE::2024-11-07.22:55:59::SCWMssOS::make -C microblaze_0/libsrc/cpu_v2_16/src -s clean 

TRACE::2024-11-07.22:55:59::SCWMssOS::make -C microblaze_0/libsrc/intc_v3_15/src -s clean 

TRACE::2024-11-07.22:55:59::SCWMssOS::make -C microblaze_0/libsrc/standalone_v8_0/src -s clean 

TRACE::2024-11-07.22:55:59::SCWMssOS::make -C microblaze_0/libsrc/uartlite_v3_7/src -s clean 

TRACE::2024-11-07.22:55:59::SCWMssOS::rm -f microblaze_0/lib/libxil.a

TRACE::2024-11-07.22:56:01::SCWMssOS::cleaning the bsp 
TRACE::2024-11-07.22:56:01::SCWMssOS::System Command Ran  C: & cd  C:/Users/curti/OneDrive/Documents/UIUC/ECE-385/Vivado_Projects/lab7_2/lab7_2_workspace/mb_usb_hdmi_top/microblaze_0/standalone_microblaze_0/bsp & make clean 
TRACE::2024-11-07.22:56:01::SCWMssOS::make -C microblaze_0/libsrc/bram_v4_8/src -s clean 

TRACE::2024-11-07.22:56:01::SCWMssOS::make -C microblaze_0/libsrc/cpu_v2_16/src -s clean 

TRACE::2024-11-07.22:56:01::SCWMssOS::make -C microblaze_0/libsrc/intc_v3_15/src -s clean 

TRACE::2024-11-07.22:56:01::SCWMssOS::make -C microblaze_0/libsrc/standalone_v8_0/src -s clean 

TRACE::2024-11-07.22:56:01::SCWMssOS::make -C microblaze_0/libsrc/uartlite_v3_7/src -s clean 

TRACE::2024-11-07.22:56:01::SCWMssOS::rm -f microblaze_0/lib/libxil.a

LOG::2024-11-07.22:56:05::SCWPlatform::Started generating the artifacts platform mb_usb_hdmi_top
TRACE::2024-11-07.22:56:05::SCWPlatform::Sanity checking of platform is completed
LOG::2024-11-07.22:56:05::SCWPlatform::Started generating the artifacts for system configuration mb_usb_hdmi_top
LOG::2024-11-07.22:56:05::SCWSystem::Checking the domain standalone_microblaze_0
LOG::2024-11-07.22:56:05::SCWSystem::Not a boot domain 
LOG::2024-11-07.22:56:05::SCWSystem::Started Processing the domain standalone_microblaze_0
TRACE::2024-11-07.22:56:05::SCWDomain::Generating domain artifcats
TRACE::2024-11-07.22:56:05::SCWMssOS::Generating standalone artifcats
TRACE::2024-11-07.22:56:05::SCWMssOS:: Copying the user libraries. 
TRACE::2024-11-07.22:56:05::SCWPlatform::Trying to open the hw design at C:/Users/curti/OneDrive/Documents/UIUC/ECE-385/Vivado_Projects/lab7_2/lab7_2_workspace/mb_usb_hdmi_top/hw/mb_usb_hdmi_top_v3.xsa
TRACE::2024-11-07.22:56:05::SCWPlatform::DSA given C:/Users/curti/OneDrive/Documents/UIUC/ECE-385/Vivado_Projects/lab7_2/lab7_2_workspace/mb_usb_hdmi_top/hw/mb_usb_hdmi_top_v3.xsa
TRACE::2024-11-07.22:56:05::SCWPlatform::DSA absoulate path C:/Users/curti/OneDrive/Documents/UIUC/ECE-385/Vivado_Projects/lab7_2/lab7_2_workspace/mb_usb_hdmi_top/hw/mb_usb_hdmi_top_v3.xsa
TRACE::2024-11-07.22:56:05::SCWPlatform::DSA directory C:/Users/curti/OneDrive/Documents/UIUC/ECE-385/Vivado_Projects/lab7_2/lab7_2_workspace/mb_usb_hdmi_top/hw
TRACE::2024-11-07.22:56:05::SCWPlatform:: Platform Path C:/Users/curti/OneDrive/Documents/UIUC/ECE-385/Vivado_Projects/lab7_2/lab7_2_workspace/mb_usb_hdmi_top/hw/mb_usb_hdmi_top_v3.xsa
TRACE::2024-11-07.22:56:05::SCWPlatform:: Unique name xilinx:::0.0
TRACE::2024-11-07.22:56:05::SCWPlatform::Trying to set the existing hwdb with name mb_usb_hdmi_top_3
TRACE::2024-11-07.22:56:05::SCWPlatform::Opened existing hwdb mb_usb_hdmi_top_3
TRACE::2024-11-07.22:56:05::SCWPlatform::Found the Hw Db part of the input DSA
TRACE::2024-11-07.22:56:05::SCWMssOS::Checking the sw design at  C:/Users/curti/OneDrive/Documents/UIUC/ECE-385/Vivado_Projects/lab7_2/lab7_2_workspace/mb_usb_hdmi_top/microblaze_0/standalone_microblaze_0/bsp/system.mss
TRACE::2024-11-07.22:56:05::SCWMssOS::DEBUG:  swdes dump  C:/Users/curti/OneDrive/Documents/UIUC/ECE-385/Vivado_Projects/lab7_2/lab7_2_workspace/mb_usb_hdmi_top/microblaze_0/standalone_microblaze_0/bsp/system.mss|system||

TRACE::2024-11-07.22:56:05::SCWMssOS::Sw design exists and opened at  C:/Users/curti/OneDrive/Documents/UIUC/ECE-385/Vivado_Projects/lab7_2/lab7_2_workspace/mb_usb_hdmi_top/microblaze_0/standalone_microblaze_0/bsp/system.mss
TRACE::2024-11-07.22:56:05::SCWMssOS::Completed writing the mss file at C:/Users/curti/OneDrive/Documents/UIUC/ECE-385/Vivado_Projects/lab7_2/lab7_2_workspace/mb_usb_hdmi_top/microblaze_0/standalone_microblaze_0/bsp
TRACE::2024-11-07.22:56:05::SCWMssOS::Mss edits present, copying mssfile into export location C:/Users/curti/OneDrive/Documents/UIUC/ECE-385/Vivado_Projects/lab7_2/lab7_2_workspace/mb_usb_hdmi_top/microblaze_0/standalone_microblaze_0/bsp/system.mss
TRACE::2024-11-07.22:56:05::SCWMssOS::bsp generated is stale removing and regenerating. 
TRACE::2024-11-07.22:56:06::SCWMssOS::doing bsp build ... 
TRACE::2024-11-07.22:56:06::SCWMssOS::System Command Ran  C: & cd  C:/Users/curti/OneDrive/Documents/UIUC/ECE-385/Vivado_Projects/lab7_2/lab7_2_workspace/mb_usb_hdmi_top/microblaze_0/standalone_microblaze_0/bsp & make 
TRACE::2024-11-07.22:56:06::SCWMssOS::make --no-print-directory seq_libs

TRACE::2024-11-07.22:56:06::SCWMssOS::'Finished building libraries sequentially.'

TRACE::2024-11-07.22:56:06::SCWMssOS::make -j 18 --no-print-directory par_libs

TRACE::2024-11-07.22:56:06::SCWMssOS::"Running Make include in microblaze_0/libsrc/bram_v4_8/src"

TRACE::2024-11-07.22:56:06::SCWMssOS::make -C microblaze_0/libsrc/bram_v4_8/src -s include  "SHELL=CMD" "COMPILER=mb-gcc" "ASSEMBLER=mb-as" "ARCHIVER=mb-ar" "COMPILE
TRACE::2024-11-07.22:56:06::SCWMssOS::R_FLAGS=  -O2 -c -mcpu=v11.0 -mlittle-endian -mno-xl-reorder -mno-xl-soft-mul -mxl-barrel-shift -mxl-pattern-compare" "EXTRA_CO
TRACE::2024-11-07.22:56:06::SCWMssOS::MPILER_FLAGS=-g -ffunction-sections -fdata-sections -Wall -Wextra -fno-tree-loop-distribute-patterns"

TRACE::2024-11-07.22:56:06::SCWMssOS::"Running Make include in microblaze_0/libsrc/cpu_v2_16/src"

TRACE::2024-11-07.22:56:06::SCWMssOS::make -C microblaze_0/libsrc/cpu_v2_16/src -s include  "SHELL=CMD" "COMPILER=mb-gcc" "ASSEMBLER=mb-as" "ARCHIVER=mb-ar" "COMPILE
TRACE::2024-11-07.22:56:06::SCWMssOS::R_FLAGS=  -O2 -c -mcpu=v11.0 -mlittle-endian -mno-xl-reorder -mno-xl-soft-mul -mxl-barrel-shift -mxl-pattern-compare" "EXTRA_CO
TRACE::2024-11-07.22:56:06::SCWMssOS::MPILER_FLAGS=-g -ffunction-sections -fdata-sections -Wall -Wextra -fno-tree-loop-distribute-patterns"

TRACE::2024-11-07.22:56:06::SCWMssOS::"Running Make include in microblaze_0/libsrc/intc_v3_15/src"

TRACE::2024-11-07.22:56:06::SCWMssOS::make -C microblaze_0/libsrc/intc_v3_15/src -s include  "SHELL=CMD" "COMPILER=mb-gcc" "ASSEMBLER=mb-as" "ARCHIVER=mb-ar" "COMPIL
TRACE::2024-11-07.22:56:06::SCWMssOS::ER_FLAGS=  -O2 -c -mcpu=v11.0 -mlittle-endian -mno-xl-reorder -mno-xl-soft-mul -mxl-barrel-shift -mxl-pattern-compare" "EXTRA_C
TRACE::2024-11-07.22:56:06::SCWMssOS::OMPILER_FLAGS=-g -ffunction-sections -fdata-sections -Wall -Wextra -fno-tree-loop-distribute-patterns"

TRACE::2024-11-07.22:56:06::SCWMssOS::"Running Make include in microblaze_0/libsrc/standalone_v8_0/src"

TRACE::2024-11-07.22:56:06::SCWMssOS::make -C microblaze_0/libsrc/standalone_v8_0/src -s include  "SHELL=CMD" "COMPILER=mb-gcc" "ASSEMBLER=mb-as" "ARCHIVER=mb-ar" "C
TRACE::2024-11-07.22:56:06::SCWMssOS::OMPILER_FLAGS=  -O2 -c -mcpu=v11.0 -mlittle-endian -mno-xl-reorder -mno-xl-soft-mul -mxl-barrel-shift -mxl-pattern-compare" "EX
TRACE::2024-11-07.22:56:06::SCWMssOS::TRA_COMPILER_FLAGS=-g -ffunction-sections -fdata-sections -Wall -Wextra -fno-tree-loop-distribute-patterns"

TRACE::2024-11-07.22:56:06::SCWMssOS::"Running Make include in microblaze_0/libsrc/uartlite_v3_7/src"

TRACE::2024-11-07.22:56:06::SCWMssOS::make -C microblaze_0/libsrc/uartlite_v3_7/src -s include  "SHELL=CMD" "COMPILER=mb-gcc" "ASSEMBLER=mb-as" "ARCHIVER=mb-ar" "COM
TRACE::2024-11-07.22:56:06::SCWMssOS::PILER_FLAGS=  -O2 -c -mcpu=v11.0 -mlittle-endian -mno-xl-reorder -mno-xl-soft-mul -mxl-barrel-shift -mxl-pattern-compare" "EXTR
TRACE::2024-11-07.22:56:06::SCWMssOS::A_COMPILER_FLAGS=-g -ffunction-sections -fdata-sections -Wall -Wextra -fno-tree-loop-distribute-patterns"

TRACE::2024-11-07.22:56:07::SCWMssOS::"Running Make libs in microblaze_0/libsrc/bram_v4_8/src"

TRACE::2024-11-07.22:56:07::SCWMssOS::make -C microblaze_0/libsrc/bram_v4_8/src -s libs  "SHELL=CMD" "COMPILER=mb-gcc" "ASSEMBLER=mb-as" "ARCHIVER=mb-ar" "COMPILER_F
TRACE::2024-11-07.22:56:07::SCWMssOS::LAGS=  -O2 -c -mcpu=v11.0 -mlittle-endian -mno-xl-reorder -mno-xl-soft-mul -mxl-barrel-shift -mxl-pattern-compare" "EXTRA_COMPI
TRACE::2024-11-07.22:56:07::SCWMssOS::LER_FLAGS=-g -ffunction-sections -fdata-sections -Wall -Wextra -fno-tree-loop-distribute-patterns"

TRACE::2024-11-07.22:56:07::SCWMssOS::"Running Make libs in microblaze_0/libsrc/cpu_v2_16/src"

TRACE::2024-11-07.22:56:07::SCWMssOS::make -C microblaze_0/libsrc/cpu_v2_16/src -s libs  "SHELL=CMD" "COMPILER=mb-gcc" "ASSEMBLER=mb-as" "ARCHIVER=mb-ar" "COMPILER_F
TRACE::2024-11-07.22:56:07::SCWMssOS::LAGS=  -O2 -c -mcpu=v11.0 -mlittle-endian -mno-xl-reorder -mno-xl-soft-mul -mxl-barrel-shift -mxl-pattern-compare" "EXTRA_COMPI
TRACE::2024-11-07.22:56:07::SCWMssOS::LER_FLAGS=-g -ffunction-sections -fdata-sections -Wall -Wextra -fno-tree-loop-distribute-patterns"

TRACE::2024-11-07.22:56:07::SCWMssOS::"Running Make libs in microblaze_0/libsrc/intc_v3_15/src"

TRACE::2024-11-07.22:56:07::SCWMssOS::make -C microblaze_0/libsrc/intc_v3_15/src -s libs  "SHELL=CMD" "COMPILER=mb-gcc" "ASSEMBLER=mb-as" "ARCHIVER=mb-ar" "COMPILER_
TRACE::2024-11-07.22:56:07::SCWMssOS::FLAGS=  -O2 -c -mcpu=v11.0 -mlittle-endian -mno-xl-reorder -mno-xl-soft-mul -mxl-barrel-shift -mxl-pattern-compare" "EXTRA_COMP
TRACE::2024-11-07.22:56:07::SCWMssOS::ILER_FLAGS=-g -ffunction-sections -fdata-sections -Wall -Wextra -fno-tree-loop-distribute-patterns"

TRACE::2024-11-07.22:56:07::SCWMssOS::"Running Make libs in microblaze_0/libsrc/standalone_v8_0/src"

TRACE::2024-11-07.22:56:07::SCWMssOS::make -C microblaze_0/libsrc/standalone_v8_0/src -s libs  "SHELL=CMD" "COMPILER=mb-gcc" "ASSEMBLER=mb-as" "ARCHIVER=mb-ar" "COMP
TRACE::2024-11-07.22:56:07::SCWMssOS::ILER_FLAGS=  -O2 -c -mcpu=v11.0 -mlittle-endian -mno-xl-reorder -mno-xl-soft-mul -mxl-barrel-shift -mxl-pattern-compare" "EXTRA
TRACE::2024-11-07.22:56:07::SCWMssOS::_COMPILER_FLAGS=-g -ffunction-sections -fdata-sections -Wall -Wextra -fno-tree-loop-distribute-patterns"

TRACE::2024-11-07.22:56:07::SCWMssOS::"Running Make libs in microblaze_0/libsrc/uartlite_v3_7/src"

TRACE::2024-11-07.22:56:07::SCWMssOS::make -C microblaze_0/libsrc/uartlite_v3_7/src -s libs  "SHELL=CMD" "COMPILER=mb-gcc" "ASSEMBLER=mb-as" "ARCHIVER=mb-ar" "COMPIL
TRACE::2024-11-07.22:56:07::SCWMssOS::ER_FLAGS=  -O2 -c -mcpu=v11.0 -mlittle-endian -mno-xl-reorder -mno-xl-soft-mul -mxl-barrel-shift -mxl-pattern-compare" "EXTRA_C
TRACE::2024-11-07.22:56:07::SCWMssOS::OMPILER_FLAGS=-g -ffunction-sections -fdata-sections -Wall -Wextra -fno-tree-loop-distribute-patterns"

TRACE::2024-11-07.22:56:07::SCWMssOS::"DEBUG NON_LTO_OBJECTS is ../../../lib/microblaze_interrupt_handler.o"

TRACE::2024-11-07.22:56:07::SCWMssOS::'Finished building libraries parallelly.'

TRACE::2024-11-07.22:56:07::SCWMssOS::make --no-print-directory archive

TRACE::2024-11-07.22:56:07::SCWMssOS::mb-ar -r  microblaze_0/lib/libxil.a microblaze_0/lib/_exit.o microblaze_0/lib/errno.o microblaze_0/lib/fcntl.o microblaze_0/lib
TRACE::2024-11-07.22:56:07::SCWMssOS::/hw_exception_handler.o microblaze_0/lib/inbyte.o microblaze_0/lib/microblaze_disable_dcache.o microblaze_0/lib/microblaze_disa
TRACE::2024-11-07.22:56:07::SCWMssOS::ble_exceptions.o microblaze_0/lib/microblaze_disable_icache.o microblaze_0/lib/microblaze_disable_interrupts.o microblaze_0/lib
TRACE::2024-11-07.22:56:07::SCWMssOS::/microblaze_enable_dcache.o microblaze_0/lib/microblaze_enable_exceptions.o microblaze_0/lib/microblaze_enable_icache.o microbl
TRACE::2024-11-07.22:56:07::SCWMssOS::aze_0/lib/microblaze_enable_interrupts.o microblaze_0/lib/microblaze_exception_handler.o microblaze_0/lib/microblaze_flush_cach
TRACE::2024-11-07.22:56:07::SCWMssOS::e_ext.o microblaze_0/lib/microblaze_flush_cache_ext_range.o microblaze_0/lib/microblaze_flush_dcache.o microblaze_0/lib/microbl
TRACE::2024-11-07.22:56:07::SCWMssOS::aze_flush_dcache_range.o microblaze_0/lib/microblaze_init_dcache_range.o microblaze_0/lib/microblaze_init_icache_range.o microb
TRACE::2024-11-07.22:56:07::SCWMssOS::laze_0/lib/microblaze_interrupt_handler.o microblaze_0/lib/microblaze_interrupts_g.o microblaze_0/lib/microblaze_invalidate_cac
TRACE::2024-11-07.22:56:07::SCWMssOS::he_ext.o microblaze_0/lib/microblaze_invalidate_cache_ext_range.o microblaze_0/lib/microblaze_invalidate_dcache.o microblaze_0/
TRACE::2024-11-07.22:56:07::SCWMssOS::lib/microblaze_invalidate_dcache_range.o microblaze_0/lib/microblaze_invalidate_icache.o microblaze_0/lib/microblaze_invalidate
TRACE::2024-11-07.22:56:07::SCWMssOS::_icache_range.o microblaze_0/lib/microblaze_scrub.o microblaze_0/lib/microblaze_selftest.o microblaze_0/lib/microblaze_sleep.o 
TRACE::2024-11-07.22:56:07::SCWMssOS::microblaze_0/lib/microblaze_update_dcache.o microblaze_0/lib/microblaze_update_icache.o microblaze_0/lib/outbyte.o microblaze_0
TRACE::2024-11-07.22:56:07::SCWMssOS::/lib/print.o microblaze_0/lib/pvr.o microblaze_0/lib/xbram.o microblaze_0/lib/xbram_g.o microblaze_0/lib/xbram_intr.o microblaz
TRACE::2024-11-07.22:56:07::SCWMssOS::e_0/lib/xbram_selftest.o microblaze_0/lib/xbram_sinit.o microblaze_0/lib/xil_assert.o microblaze_0/lib/xil_cache.o microblaze_0
TRACE::2024-11-07.22:56:07::SCWMssOS::/lib/xil_clocking.o microblaze_0/lib/xil_exception.o microblaze_0/lib/xil_mem.o microblaze_0/lib/xil_misc_psreset_api.o microbl
TRACE::2024-11-07.22:56:07::SCWMssOS::aze_0/lib/xil_printf.o microblaze_0/lib/xil_sleepcommon.o microblaze_0/lib/xil_testcache.o microblaze_0/lib/xil_testio.o microb
TRACE::2024-11-07.22:56:07::SCWMssOS::laze_0/lib/xil_testmem.o microblaze_0/lib/xil_util.o microblaze_0/lib/xintc.o microblaze_0/lib/xintc_g.o microblaze_0/lib/xintc
TRACE::2024-11-07.22:56:07::SCWMssOS::_intr.o microblaze_0/lib/xintc_l.o microblaze_0/lib/xintc_options.o microblaze_0/lib/xintc_selftest.o microblaze_0/lib/xinterru
TRACE::2024-11-07.22:56:07::SCWMssOS::pt_wrap.o microblaze_0/lib/xio.o microblaze_0/lib/xplatform_info.o microblaze_0/lib/xuartlite.o microblaze_0/lib/xuartlite_g.o 
TRACE::2024-11-07.22:56:07::SCWMssOS::microblaze_0/lib/xuartlite_intr.o microblaze_0/lib/xuartlite_l.o microblaze_0/lib/xuartlite_selftest.o microblaze_0/lib/xuartli
TRACE::2024-11-07.22:56:07::SCWMssOS::te_sinit.o microblaze_0/lib/xuartlite_stats.o

TRACE::2024-11-07.22:56:07::SCWMssOS::'Finished building libraries'

TRACE::2024-11-07.22:56:08::SCWMssOS:: Checking if to create the Supporting Applications
TRACE::2024-11-07.22:56:08::SCWMssOS:: No Linux domain exists, trying to generate FSBL 
LOG::2024-11-07.22:56:08::SCWSystem::Completed Processing the domain standalone_microblaze_0
LOG::2024-11-07.22:56:08::SCWSystem::Completed Processing the sysconfig mb_usb_hdmi_top
LOG::2024-11-07.22:56:08::SCWPlatform::Completed generating the artifacts for system configuration mb_usb_hdmi_top
TRACE::2024-11-07.22:56:08::SCWPlatform::Started preparing the platform 
TRACE::2024-11-07.22:56:08::SCWSystem::Writing the bif file for system config mb_usb_hdmi_top
TRACE::2024-11-07.22:56:08::SCWSystem::dir created 
TRACE::2024-11-07.22:56:08::SCWSystem::Writing the bif 
TRACE::2024-11-07.22:56:08::SCWPlatform::Started writing the spfm file 
TRACE::2024-11-07.22:56:08::SCWPlatform::Started writing the xpfm file 
TRACE::2024-11-07.22:56:08::SCWPlatform::Completed generating the platform
TRACE::2024-11-07.22:56:08::SCWMssOS::Saving the mss changes C:/Users/curti/OneDrive/Documents/UIUC/ECE-385/Vivado_Projects/lab7_2/lab7_2_workspace/mb_usb_hdmi_top/microblaze_0/standalone_microblaze_0/bsp/system.mss
TRACE::2024-11-07.22:56:08::SCWMssOS::Adding the swdes entry, mss present, able to open swdb C:/Users/curti/OneDrive/Documents/UIUC/ECE-385/Vivado_Projects/lab7_2/lab7_2_workspace/mb_usb_hdmi_top/microblaze_0/standalone_microblaze_0/bsp/system.mss with des name system
TRACE::2024-11-07.22:56:08::SCWMssOS::Writing the mss file completed C:/Users/curti/OneDrive/Documents/UIUC/ECE-385/Vivado_Projects/lab7_2/lab7_2_workspace/mb_usb_hdmi_top/microblaze_0/standalone_microblaze_0/bsp/system.mss
TRACE::2024-11-07.22:56:08::SCWMssOS::Commit changes completed.
TRACE::2024-11-07.22:56:08::SCWPlatform::Trying to open the hw design at C:/Users/curti/OneDrive/Documents/UIUC/ECE-385/Vivado_Projects/lab7_2/lab7_2_workspace/mb_usb_hdmi_top/hw/mb_usb_hdmi_top_v3.xsa
TRACE::2024-11-07.22:56:08::SCWPlatform::DSA given C:/Users/curti/OneDrive/Documents/UIUC/ECE-385/Vivado_Projects/lab7_2/lab7_2_workspace/mb_usb_hdmi_top/hw/mb_usb_hdmi_top_v3.xsa
TRACE::2024-11-07.22:56:08::SCWPlatform::DSA absoulate path C:/Users/curti/OneDrive/Documents/UIUC/ECE-385/Vivado_Projects/lab7_2/lab7_2_workspace/mb_usb_hdmi_top/hw/mb_usb_hdmi_top_v3.xsa
TRACE::2024-11-07.22:56:08::SCWPlatform::DSA directory C:/Users/curti/OneDrive/Documents/UIUC/ECE-385/Vivado_Projects/lab7_2/lab7_2_workspace/mb_usb_hdmi_top/hw
TRACE::2024-11-07.22:56:08::SCWPlatform:: Platform Path C:/Users/curti/OneDrive/Documents/UIUC/ECE-385/Vivado_Projects/lab7_2/lab7_2_workspace/mb_usb_hdmi_top/hw/mb_usb_hdmi_top_v3.xsa
TRACE::2024-11-07.22:56:08::SCWPlatform:: Unique name xilinx:::0.0
TRACE::2024-11-07.22:56:08::SCWPlatform::Trying to set the existing hwdb with name mb_usb_hdmi_top_3
TRACE::2024-11-07.22:56:08::SCWPlatform::Opened existing hwdb mb_usb_hdmi_top_3
TRACE::2024-11-07.22:56:08::SCWPlatform::Found the Hw Db part of the input DSA
TRACE::2024-11-07.22:56:08::SCWMssOS::Checking the sw design at  C:/Users/curti/OneDrive/Documents/UIUC/ECE-385/Vivado_Projects/lab7_2/lab7_2_workspace/mb_usb_hdmi_top/microblaze_0/standalone_microblaze_0/bsp/system.mss
TRACE::2024-11-07.22:56:08::SCWMssOS::DEBUG:  swdes dump  C:/Users/curti/OneDrive/Documents/UIUC/ECE-385/Vivado_Projects/lab7_2/lab7_2_workspace/mb_usb_hdmi_top/microblaze_0/standalone_microblaze_0/bsp/system.mss|system||

TRACE::2024-11-07.22:56:08::SCWMssOS::Sw design exists and opened at  C:/Users/curti/OneDrive/Documents/UIUC/ECE-385/Vivado_Projects/lab7_2/lab7_2_workspace/mb_usb_hdmi_top/microblaze_0/standalone_microblaze_0/bsp/system.mss
TRACE::2024-11-07.22:56:08::SCWWriter::formatted JSON is {
	"platformName":	"mb_usb_hdmi_top",
	"sprVersion":	"2.0",
	"mode":	"gui",
	"dsaType":	"Fixed",
	"platformDesc":	"mb_usb_hdmi_top",
	"platHandOff":	"C:/Users/curti/Downloads/mb_usb_hdmi_top_v3.xsa",
	"platIntHandOff":	"<platformDir>/hw/mb_usb_hdmi_top_v3.xsa",
	"deviceType":	"FPGA",
	"platIsPrebuiltAutogen":	"false",
	"platIsNoBootBsp":	"false",
	"hasFsblMakeHasChanges":	"false",
	"hasPmufwMakeHasChanges":	"false",
	"platPreBuiltFlag":	false,
	"platformSamplesDir":	"",
	"platActiveSys":	"mb_usb_hdmi_top",
	"systems":	[{
			"systemName":	"mb_usb_hdmi_top",
			"systemDesc":	"mb_usb_hdmi_top",
			"sysIsBootAutoGen":	"true",
			"systemDispName":	"mb_usb_hdmi_top",
			"sysActiveDom":	"standalone_microblaze_0",
			"sysDefaultDom":	"standalone_microblaze_0",
			"domains":	[{
					"domainName":	"standalone_microblaze_0",
					"domainDispName":	"standalone_microblaze_0",
					"domainDesc":	"standalone_microblaze_0",
					"processors":	"microblaze_0",
					"os":	"standalone",
					"sdxOs":	"standalone",
					"debugEnable":	"False",
					"domRuntimes":	["cpp"],
					"swRepo":	"",
					"mssOsVer":	"8.0",
					"mssFile":	"",
					"md5Digest":	"5422c1e5be4ae93f4de8c50507402f2a",
					"compatibleApp":	"",
					"domType":	"mssDomain",
					"arch":	"32-bit",
					"appSettings":	{
						"appCompilerFlags":	"",
						"appLinkerFlags":	""
					},
					"addedLibs":	[],
					"libOptions":	{
						"libsContainingOptions":	[]
					},
					"prebuiltLibs":	{
						"prebuiltIncPath":	[],
						"prebuiltLibPath":	[]
					},
					"isolation":	{
					}
				}]
		}]
}
KEYINFO::2024-11-07.22:56:08::SCWPlatform::updated the xpfm file.
TRACE::2024-11-07.22:56:08::SCWPlatform::Trying to open the hw design at C:/Users/curti/OneDrive/Documents/UIUC/ECE-385/Vivado_Projects/lab7_2/lab7_2_workspace/mb_usb_hdmi_top/hw/mb_usb_hdmi_top_v3.xsa
TRACE::2024-11-07.22:56:08::SCWPlatform::DSA given C:/Users/curti/OneDrive/Documents/UIUC/ECE-385/Vivado_Projects/lab7_2/lab7_2_workspace/mb_usb_hdmi_top/hw/mb_usb_hdmi_top_v3.xsa
TRACE::2024-11-07.22:56:08::SCWPlatform::DSA absoulate path C:/Users/curti/OneDrive/Documents/UIUC/ECE-385/Vivado_Projects/lab7_2/lab7_2_workspace/mb_usb_hdmi_top/hw/mb_usb_hdmi_top_v3.xsa
TRACE::2024-11-07.22:56:08::SCWPlatform::DSA directory C:/Users/curti/OneDrive/Documents/UIUC/ECE-385/Vivado_Projects/lab7_2/lab7_2_workspace/mb_usb_hdmi_top/hw
TRACE::2024-11-07.22:56:08::SCWPlatform:: Platform Path C:/Users/curti/OneDrive/Documents/UIUC/ECE-385/Vivado_Projects/lab7_2/lab7_2_workspace/mb_usb_hdmi_top/hw/mb_usb_hdmi_top_v3.xsa
TRACE::2024-11-07.22:56:08::SCWPlatform:: Unique name xilinx:::0.0
TRACE::2024-11-07.22:56:08::SCWPlatform::Trying to set the existing hwdb with name mb_usb_hdmi_top_3
TRACE::2024-11-07.22:56:08::SCWPlatform::Opened existing hwdb mb_usb_hdmi_top_3
TRACE::2024-11-07.22:56:08::SCWPlatform::Found the Hw Db part of the input DSA
TRACE::2024-11-07.22:56:08::SCWMssOS::Checking the sw design at  C:/Users/curti/OneDrive/Documents/UIUC/ECE-385/Vivado_Projects/lab7_2/lab7_2_workspace/mb_usb_hdmi_top/microblaze_0/standalone_microblaze_0/bsp/system.mss
TRACE::2024-11-07.22:56:08::SCWMssOS::DEBUG:  swdes dump  C:/Users/curti/OneDrive/Documents/UIUC/ECE-385/Vivado_Projects/lab7_2/lab7_2_workspace/mb_usb_hdmi_top/microblaze_0/standalone_microblaze_0/bsp/system.mss|system||

TRACE::2024-11-07.22:56:08::SCWMssOS::Sw design exists and opened at  C:/Users/curti/OneDrive/Documents/UIUC/ECE-385/Vivado_Projects/lab7_2/lab7_2_workspace/mb_usb_hdmi_top/microblaze_0/standalone_microblaze_0/bsp/system.mss
TRACE::2024-11-07.23:02:41::SCWPlatform::Clearing the existing platform
TRACE::2024-11-07.23:02:41::SCWSystem::Clearing the existing sysconfig
TRACE::2024-11-07.23:02:41::SCWMssOS::Removing the swdes entry for  C:/Users/curti/OneDrive/Documents/UIUC/ECE-385/Vivado_Projects/lab7_2/lab7_2_workspace/mb_usb_hdmi_top/microblaze_0/standalone_microblaze_0/bsp/system.mss
TRACE::2024-11-07.23:02:41::SCWSystem::Clearing the domains completed.
TRACE::2024-11-07.23:02:41::SCWPlatform::Clearing the opened hw db.
TRACE::2024-11-07.23:02:41::SCWPlatform::DSA given C:/Users/curti/OneDrive/Documents/UIUC/ECE-385/Vivado_Projects/lab7_2/lab7_2_workspace/mb_usb_hdmi_top/hw/mb_usb_hdmi_top_v3.xsa
TRACE::2024-11-07.23:02:41::SCWPlatform::DSA absoulate path C:/Users/curti/OneDrive/Documents/UIUC/ECE-385/Vivado_Projects/lab7_2/lab7_2_workspace/mb_usb_hdmi_top/hw/mb_usb_hdmi_top_v3.xsa
TRACE::2024-11-07.23:02:41::SCWPlatform:: Platform location is C:/Users/curti/OneDrive/Documents/UIUC/ECE-385/Vivado_Projects/lab7_2/lab7_2_workspace/mb_usb_hdmi_top/hw
TRACE::2024-11-07.23:02:41::SCWPlatform:: Platform Path C:/Users/curti/OneDrive/Documents/UIUC/ECE-385/Vivado_Projects/lab7_2/lab7_2_workspace/mb_usb_hdmi_top/hw/mb_usb_hdmi_top_v3.xsa
TRACE::2024-11-07.23:02:41::SCWPlatform:: Unique name xilinx:::0.0
TRACE::2024-11-07.23:02:41::SCWPlatform::Removing the HwDB with name C:/Users/curti/OneDrive/Documents/UIUC/ECE-385/Vivado_Projects/lab7_2/lab7_2_workspace/mb_usb_hdmi_top/hw/mb_usb_hdmi_top_v3.xsa
TRACE::2024-11-07.23:02:41::SCWPlatform::Trying to open the hw design at C:/Users/curti/OneDrive/Documents/UIUC/ECE-385/Vivado_Projects/lab7_2/lab7_2_workspace/mb_usb_hdmi_top/hw/mb_usb_hdmi_top_v3.xsa
TRACE::2024-11-07.23:02:41::SCWPlatform::DSA given C:/Users/curti/OneDrive/Documents/UIUC/ECE-385/Vivado_Projects/lab7_2/lab7_2_workspace/mb_usb_hdmi_top/hw/mb_usb_hdmi_top_v3.xsa
TRACE::2024-11-07.23:02:41::SCWPlatform::DSA absoulate path C:/Users/curti/OneDrive/Documents/UIUC/ECE-385/Vivado_Projects/lab7_2/lab7_2_workspace/mb_usb_hdmi_top/hw/mb_usb_hdmi_top_v3.xsa
TRACE::2024-11-07.23:02:41::SCWPlatform::DSA directory C:/Users/curti/OneDrive/Documents/UIUC/ECE-385/Vivado_Projects/lab7_2/lab7_2_workspace/mb_usb_hdmi_top/hw
TRACE::2024-11-07.23:02:41::SCWPlatform:: Platform Path C:/Users/curti/OneDrive/Documents/UIUC/ECE-385/Vivado_Projects/lab7_2/lab7_2_workspace/mb_usb_hdmi_top/hw/mb_usb_hdmi_top_v3.xsa
TRACE::2024-11-07.23:02:41::SCWPlatform:: Unique name xilinx:::0.0
TRACE::2024-11-07.23:02:41::SCWPlatform::Do not have an existing db opened. 
TRACE::2024-11-07.23:02:41::SCWPlatform::Opened new HwDB with name mb_usb_hdmi_top_5
TRACE::2024-11-07.23:02:41::SCWReader::Active system found as  mb_usb_hdmi_top
TRACE::2024-11-07.23:02:41::SCWReader::Handling sysconfig mb_usb_hdmi_top
TRACE::2024-11-07.23:02:41::SCWDomain::checking for install qemu data   : 
TRACE::2024-11-07.23:02:41::SCWPlatform::Trying to open the hw design at C:/Users/curti/OneDrive/Documents/UIUC/ECE-385/Vivado_Projects/lab7_2/lab7_2_workspace/mb_usb_hdmi_top/hw/mb_usb_hdmi_top_v3.xsa
TRACE::2024-11-07.23:02:41::SCWPlatform::DSA given C:/Users/curti/OneDrive/Documents/UIUC/ECE-385/Vivado_Projects/lab7_2/lab7_2_workspace/mb_usb_hdmi_top/hw/mb_usb_hdmi_top_v3.xsa
TRACE::2024-11-07.23:02:41::SCWPlatform::DSA absoulate path C:/Users/curti/OneDrive/Documents/UIUC/ECE-385/Vivado_Projects/lab7_2/lab7_2_workspace/mb_usb_hdmi_top/hw/mb_usb_hdmi_top_v3.xsa
TRACE::2024-11-07.23:02:41::SCWPlatform::DSA directory C:/Users/curti/OneDrive/Documents/UIUC/ECE-385/Vivado_Projects/lab7_2/lab7_2_workspace/mb_usb_hdmi_top/hw
TRACE::2024-11-07.23:02:41::SCWPlatform:: Platform Path C:/Users/curti/OneDrive/Documents/UIUC/ECE-385/Vivado_Projects/lab7_2/lab7_2_workspace/mb_usb_hdmi_top/hw/mb_usb_hdmi_top_v3.xsa
TRACE::2024-11-07.23:02:41::SCWPlatform:: Unique name xilinx:::0.0
TRACE::2024-11-07.23:02:41::SCWPlatform::Trying to set the existing hwdb with name mb_usb_hdmi_top_5
TRACE::2024-11-07.23:02:41::SCWPlatform::Opened existing hwdb mb_usb_hdmi_top_5
TRACE::2024-11-07.23:02:41::SCWPlatform::Found the Hw Db part of the input DSA
TRACE::2024-11-07.23:02:41::SCWPlatform::Trying to open the hw design at C:/Users/curti/OneDrive/Documents/UIUC/ECE-385/Vivado_Projects/lab7_2/lab7_2_workspace/mb_usb_hdmi_top/hw/mb_usb_hdmi_top_v3.xsa
TRACE::2024-11-07.23:02:41::SCWPlatform::DSA given C:/Users/curti/OneDrive/Documents/UIUC/ECE-385/Vivado_Projects/lab7_2/lab7_2_workspace/mb_usb_hdmi_top/hw/mb_usb_hdmi_top_v3.xsa
TRACE::2024-11-07.23:02:41::SCWPlatform::DSA absoulate path C:/Users/curti/OneDrive/Documents/UIUC/ECE-385/Vivado_Projects/lab7_2/lab7_2_workspace/mb_usb_hdmi_top/hw/mb_usb_hdmi_top_v3.xsa
TRACE::2024-11-07.23:02:41::SCWPlatform::DSA directory C:/Users/curti/OneDrive/Documents/UIUC/ECE-385/Vivado_Projects/lab7_2/lab7_2_workspace/mb_usb_hdmi_top/hw
TRACE::2024-11-07.23:02:41::SCWPlatform:: Platform Path C:/Users/curti/OneDrive/Documents/UIUC/ECE-385/Vivado_Projects/lab7_2/lab7_2_workspace/mb_usb_hdmi_top/hw/mb_usb_hdmi_top_v3.xsa
TRACE::2024-11-07.23:02:41::SCWPlatform:: Unique name xilinx:::0.0
TRACE::2024-11-07.23:02:41::SCWPlatform::Trying to set the existing hwdb with name mb_usb_hdmi_top_5
TRACE::2024-11-07.23:02:41::SCWPlatform::Opened existing hwdb mb_usb_hdmi_top_5
TRACE::2024-11-07.23:02:41::SCWPlatform::Found the Hw Db part of the input DSA
TRACE::2024-11-07.23:02:41::SCWPlatform::Trying to open the hw design at C:/Users/curti/OneDrive/Documents/UIUC/ECE-385/Vivado_Projects/lab7_2/lab7_2_workspace/mb_usb_hdmi_top/hw/mb_usb_hdmi_top_v3.xsa
TRACE::2024-11-07.23:02:41::SCWPlatform::DSA given C:/Users/curti/OneDrive/Documents/UIUC/ECE-385/Vivado_Projects/lab7_2/lab7_2_workspace/mb_usb_hdmi_top/hw/mb_usb_hdmi_top_v3.xsa
TRACE::2024-11-07.23:02:41::SCWPlatform::DSA absoulate path C:/Users/curti/OneDrive/Documents/UIUC/ECE-385/Vivado_Projects/lab7_2/lab7_2_workspace/mb_usb_hdmi_top/hw/mb_usb_hdmi_top_v3.xsa
TRACE::2024-11-07.23:02:41::SCWPlatform::DSA directory C:/Users/curti/OneDrive/Documents/UIUC/ECE-385/Vivado_Projects/lab7_2/lab7_2_workspace/mb_usb_hdmi_top/hw
TRACE::2024-11-07.23:02:41::SCWPlatform:: Platform Path C:/Users/curti/OneDrive/Documents/UIUC/ECE-385/Vivado_Projects/lab7_2/lab7_2_workspace/mb_usb_hdmi_top/hw/mb_usb_hdmi_top_v3.xsa
TRACE::2024-11-07.23:02:41::SCWPlatform:: Unique name xilinx:::0.0
TRACE::2024-11-07.23:02:41::SCWPlatform::Trying to set the existing hwdb with name mb_usb_hdmi_top_5
TRACE::2024-11-07.23:02:41::SCWPlatform::Opened existing hwdb mb_usb_hdmi_top_5
TRACE::2024-11-07.23:02:41::SCWPlatform::Found the Hw Db part of the input DSA
TRACE::2024-11-07.23:02:41::SCWPlatform::Trying to open the hw design at C:/Users/curti/OneDrive/Documents/UIUC/ECE-385/Vivado_Projects/lab7_2/lab7_2_workspace/mb_usb_hdmi_top/hw/mb_usb_hdmi_top_v3.xsa
TRACE::2024-11-07.23:02:41::SCWPlatform::DSA given C:/Users/curti/OneDrive/Documents/UIUC/ECE-385/Vivado_Projects/lab7_2/lab7_2_workspace/mb_usb_hdmi_top/hw/mb_usb_hdmi_top_v3.xsa
TRACE::2024-11-07.23:02:41::SCWPlatform::DSA absoulate path C:/Users/curti/OneDrive/Documents/UIUC/ECE-385/Vivado_Projects/lab7_2/lab7_2_workspace/mb_usb_hdmi_top/hw/mb_usb_hdmi_top_v3.xsa
TRACE::2024-11-07.23:02:41::SCWPlatform::DSA directory C:/Users/curti/OneDrive/Documents/UIUC/ECE-385/Vivado_Projects/lab7_2/lab7_2_workspace/mb_usb_hdmi_top/hw
TRACE::2024-11-07.23:02:41::SCWPlatform:: Platform Path C:/Users/curti/OneDrive/Documents/UIUC/ECE-385/Vivado_Projects/lab7_2/lab7_2_workspace/mb_usb_hdmi_top/hw/mb_usb_hdmi_top_v3.xsa
TRACE::2024-11-07.23:02:41::SCWPlatform:: Unique name xilinx:::0.0
TRACE::2024-11-07.23:02:41::SCWPlatform::Trying to set the existing hwdb with name mb_usb_hdmi_top_5
TRACE::2024-11-07.23:02:41::SCWPlatform::Opened existing hwdb mb_usb_hdmi_top_5
TRACE::2024-11-07.23:02:41::SCWPlatform::Found the Hw Db part of the input DSA
TRACE::2024-11-07.23:02:41::SCWMssOS::Checking the sw design at  C:/Users/curti/OneDrive/Documents/UIUC/ECE-385/Vivado_Projects/lab7_2/lab7_2_workspace/mb_usb_hdmi_top/microblaze_0/standalone_microblaze_0/bsp/system.mss
TRACE::2024-11-07.23:02:41::SCWMssOS::DEBUG:  swdes dump  
TRACE::2024-11-07.23:02:41::SCWMssOS::No sw design opened at  C:/Users/curti/OneDrive/Documents/UIUC/ECE-385/Vivado_Projects/lab7_2/lab7_2_workspace/mb_usb_hdmi_top/microblaze_0/standalone_microblaze_0/bsp/system.mss
TRACE::2024-11-07.23:02:41::SCWMssOS::mss exists loading the mss file  C:/Users/curti/OneDrive/Documents/UIUC/ECE-385/Vivado_Projects/lab7_2/lab7_2_workspace/mb_usb_hdmi_top/microblaze_0/standalone_microblaze_0/bsp/system.mss
TRACE::2024-11-07.23:02:41::SCWMssOS::Opened the sw design from mss  C:/Users/curti/OneDrive/Documents/UIUC/ECE-385/Vivado_Projects/lab7_2/lab7_2_workspace/mb_usb_hdmi_top/microblaze_0/standalone_microblaze_0/bsp/system.mss
TRACE::2024-11-07.23:02:41::SCWMssOS::Adding the swdes entry C:/Users/curti/OneDrive/Documents/UIUC/ECE-385/Vivado_Projects/lab7_2/lab7_2_workspace/mb_usb_hdmi_top/microblaze_0/standalone_microblaze_0/bsp/system.mss with des name system
TRACE::2024-11-07.23:02:41::SCWMssOS::updating the scw layer about changes
TRACE::2024-11-07.23:02:41::SCWMssOS::Opened the sw design.  C:/Users/curti/OneDrive/Documents/UIUC/ECE-385/Vivado_Projects/lab7_2/lab7_2_workspace/mb_usb_hdmi_top/microblaze_0/standalone_microblaze_0/bsp/system.mss
TRACE::2024-11-07.23:02:41::SCWMssOS::Saving the mss changes C:/Users/curti/OneDrive/Documents/UIUC/ECE-385/Vivado_Projects/lab7_2/lab7_2_workspace/mb_usb_hdmi_top/microblaze_0/standalone_microblaze_0/bsp/system.mss
TRACE::2024-11-07.23:02:41::SCWMssOS::Found a swdesign opened with the mssfile.
TRACE::2024-11-07.23:02:41::SCWMssOS::Completed writemss as part of save.
TRACE::2024-11-07.23:02:41::SCWMssOS::Commit changes completed.
TRACE::2024-11-07.23:02:41::SCWReader::Adding prebuilt librarypaths as   
TRACE::2024-11-07.23:02:41::SCWReader::Adding prebuilt incpaths  as   
TRACE::2024-11-07.23:02:41::SCWPlatform::Trying to open the hw design at C:/Users/curti/OneDrive/Documents/UIUC/ECE-385/Vivado_Projects/lab7_2/lab7_2_workspace/mb_usb_hdmi_top/hw/mb_usb_hdmi_top_v3.xsa
TRACE::2024-11-07.23:02:41::SCWPlatform::DSA given C:/Users/curti/OneDrive/Documents/UIUC/ECE-385/Vivado_Projects/lab7_2/lab7_2_workspace/mb_usb_hdmi_top/hw/mb_usb_hdmi_top_v3.xsa
TRACE::2024-11-07.23:02:41::SCWPlatform::DSA absoulate path C:/Users/curti/OneDrive/Documents/UIUC/ECE-385/Vivado_Projects/lab7_2/lab7_2_workspace/mb_usb_hdmi_top/hw/mb_usb_hdmi_top_v3.xsa
TRACE::2024-11-07.23:02:41::SCWPlatform::DSA directory C:/Users/curti/OneDrive/Documents/UIUC/ECE-385/Vivado_Projects/lab7_2/lab7_2_workspace/mb_usb_hdmi_top/hw
TRACE::2024-11-07.23:02:41::SCWPlatform:: Platform Path C:/Users/curti/OneDrive/Documents/UIUC/ECE-385/Vivado_Projects/lab7_2/lab7_2_workspace/mb_usb_hdmi_top/hw/mb_usb_hdmi_top_v3.xsa
TRACE::2024-11-07.23:02:41::SCWPlatform:: Unique name xilinx:::0.0
TRACE::2024-11-07.23:02:41::SCWPlatform::Trying to set the existing hwdb with name mb_usb_hdmi_top_5
TRACE::2024-11-07.23:02:41::SCWPlatform::Opened existing hwdb mb_usb_hdmi_top_5
TRACE::2024-11-07.23:02:41::SCWPlatform::Found the Hw Db part of the input DSA
TRACE::2024-11-07.23:02:41::SCWMssOS::Checking the sw design at  C:/Users/curti/OneDrive/Documents/UIUC/ECE-385/Vivado_Projects/lab7_2/lab7_2_workspace/mb_usb_hdmi_top/microblaze_0/standalone_microblaze_0/bsp/system.mss
TRACE::2024-11-07.23:02:41::SCWMssOS::DEBUG:  swdes dump  C:/Users/curti/OneDrive/Documents/UIUC/ECE-385/Vivado_Projects/lab7_2/lab7_2_workspace/mb_usb_hdmi_top/microblaze_0/standalone_microblaze_0/bsp/system.mss|system||

TRACE::2024-11-07.23:02:41::SCWMssOS::Sw design exists and opened at  C:/Users/curti/OneDrive/Documents/UIUC/ECE-385/Vivado_Projects/lab7_2/lab7_2_workspace/mb_usb_hdmi_top/microblaze_0/standalone_microblaze_0/bsp/system.mss
TRACE::2024-11-07.23:02:41::SCWReader::No isolation master present  
TRACE::2024-11-07.23:04:38::SCWPlatform::DSA given C:/Users/curti/OneDrive/Documents/UIUC/ECE-385/Vivado_Projects/lab7_2/lab7_2_workspace/mb_usb_hdmi_top/tempdsa/mb_usb_hdmi_top_new.xsa
TRACE::2024-11-07.23:04:38::SCWPlatform::DSA absoulate path C:/Users/curti/OneDrive/Documents/UIUC/ECE-385/Vivado_Projects/lab7_2/lab7_2_workspace/mb_usb_hdmi_top/tempdsa/mb_usb_hdmi_top_new.xsa
TRACE::2024-11-07.23:04:38::SCWPlatform:: Platform location is C:/Users/curti/OneDrive/Documents/UIUC/ECE-385/Vivado_Projects/lab7_2/lab7_2_workspace/mb_usb_hdmi_top/tempdsa
TRACE::2024-11-07.23:04:38::SCWPlatform:: Platform Path C:/Users/curti/OneDrive/Documents/UIUC/ECE-385/Vivado_Projects/lab7_2/lab7_2_workspace/mb_usb_hdmi_top/tempdsa/mb_usb_hdmi_top_new.xsa
TRACE::2024-11-07.23:04:38::SCWPlatform:: Unique name xilinx:::0.0
TRACE::2024-11-07.23:04:38::SCWPlatform::Found the Hw Db part of the input DSA
TRACE::2024-11-07.23:04:38::SCWMssOS::Doing hw sync for the mss in domain: standalone_microblaze_0
TRACE::2024-11-07.23:04:38::SCWPlatform::Trying to open the hw design at C:/Users/curti/OneDrive/Documents/UIUC/ECE-385/Vivado_Projects/lab7_2/lab7_2_workspace/mb_usb_hdmi_top/hw/mb_usb_hdmi_top_v3.xsa
TRACE::2024-11-07.23:04:38::SCWPlatform::DSA given C:/Users/curti/OneDrive/Documents/UIUC/ECE-385/Vivado_Projects/lab7_2/lab7_2_workspace/mb_usb_hdmi_top/hw/mb_usb_hdmi_top_v3.xsa
TRACE::2024-11-07.23:04:38::SCWPlatform::DSA absoulate path C:/Users/curti/OneDrive/Documents/UIUC/ECE-385/Vivado_Projects/lab7_2/lab7_2_workspace/mb_usb_hdmi_top/hw/mb_usb_hdmi_top_v3.xsa
TRACE::2024-11-07.23:04:38::SCWPlatform::DSA directory C:/Users/curti/OneDrive/Documents/UIUC/ECE-385/Vivado_Projects/lab7_2/lab7_2_workspace/mb_usb_hdmi_top/hw
TRACE::2024-11-07.23:04:38::SCWPlatform:: Platform Path C:/Users/curti/OneDrive/Documents/UIUC/ECE-385/Vivado_Projects/lab7_2/lab7_2_workspace/mb_usb_hdmi_top/hw/mb_usb_hdmi_top_v3.xsa
TRACE::2024-11-07.23:04:38::SCWPlatform:: Unique name xilinx:::0.0
TRACE::2024-11-07.23:04:38::SCWPlatform::Trying to set the existing hwdb with name mb_usb_hdmi_top_5
TRACE::2024-11-07.23:04:38::SCWPlatform::Opened existing hwdb mb_usb_hdmi_top_5
TRACE::2024-11-07.23:04:38::SCWPlatform::Found the Hw Db part of the input DSA
TRACE::2024-11-07.23:04:38::SCWPlatform::Trying to open the hw design at C:/Users/curti/OneDrive/Documents/UIUC/ECE-385/Vivado_Projects/lab7_2/lab7_2_workspace/mb_usb_hdmi_top/hw/mb_usb_hdmi_top_v3.xsa
TRACE::2024-11-07.23:04:38::SCWPlatform::DSA given C:/Users/curti/OneDrive/Documents/UIUC/ECE-385/Vivado_Projects/lab7_2/lab7_2_workspace/mb_usb_hdmi_top/hw/mb_usb_hdmi_top_v3.xsa
TRACE::2024-11-07.23:04:38::SCWPlatform::DSA absoulate path C:/Users/curti/OneDrive/Documents/UIUC/ECE-385/Vivado_Projects/lab7_2/lab7_2_workspace/mb_usb_hdmi_top/hw/mb_usb_hdmi_top_v3.xsa
TRACE::2024-11-07.23:04:38::SCWPlatform::DSA directory C:/Users/curti/OneDrive/Documents/UIUC/ECE-385/Vivado_Projects/lab7_2/lab7_2_workspace/mb_usb_hdmi_top/hw
TRACE::2024-11-07.23:04:38::SCWPlatform:: Platform Path C:/Users/curti/OneDrive/Documents/UIUC/ECE-385/Vivado_Projects/lab7_2/lab7_2_workspace/mb_usb_hdmi_top/hw/mb_usb_hdmi_top_v3.xsa
TRACE::2024-11-07.23:04:38::SCWPlatform:: Unique name xilinx:::0.0
TRACE::2024-11-07.23:04:38::SCWPlatform::Trying to set the existing hwdb with name mb_usb_hdmi_top_5
TRACE::2024-11-07.23:04:38::SCWPlatform::Opened existing hwdb mb_usb_hdmi_top_5
TRACE::2024-11-07.23:04:38::SCWPlatform::Found the Hw Db part of the input DSA
TRACE::2024-11-07.23:04:38::SCWMssOS::Checking the sw design at  C:/Users/curti/OneDrive/Documents/UIUC/ECE-385/Vivado_Projects/lab7_2/lab7_2_workspace/mb_usb_hdmi_top/microblaze_0/standalone_microblaze_0/bsp/system.mss
TRACE::2024-11-07.23:04:38::SCWMssOS::DEBUG:  swdes dump  C:/Users/curti/OneDrive/Documents/UIUC/ECE-385/Vivado_Projects/lab7_2/lab7_2_workspace/mb_usb_hdmi_top/microblaze_0/standalone_microblaze_0/bsp/system.mss|system||

TRACE::2024-11-07.23:04:38::SCWMssOS::Sw design exists and opened at  C:/Users/curti/OneDrive/Documents/UIUC/ECE-385/Vivado_Projects/lab7_2/lab7_2_workspace/mb_usb_hdmi_top/microblaze_0/standalone_microblaze_0/bsp/system.mss
TRACE::2024-11-07.23:04:38::SCWPlatform::Trying to open the hw design at C:/Users/curti/OneDrive/Documents/UIUC/ECE-385/Vivado_Projects/lab7_2/lab7_2_workspace/mb_usb_hdmi_top/tempdsa/mb_usb_hdmi_top_new.xsa
TRACE::2024-11-07.23:04:38::SCWPlatform::DSA given C:/Users/curti/OneDrive/Documents/UIUC/ECE-385/Vivado_Projects/lab7_2/lab7_2_workspace/mb_usb_hdmi_top/tempdsa/mb_usb_hdmi_top_new.xsa
TRACE::2024-11-07.23:04:38::SCWPlatform::DSA absoulate path C:/Users/curti/OneDrive/Documents/UIUC/ECE-385/Vivado_Projects/lab7_2/lab7_2_workspace/mb_usb_hdmi_top/tempdsa/mb_usb_hdmi_top_new.xsa
TRACE::2024-11-07.23:04:38::SCWPlatform::DSA directory C:/Users/curti/OneDrive/Documents/UIUC/ECE-385/Vivado_Projects/lab7_2/lab7_2_workspace/mb_usb_hdmi_top/tempdsa
TRACE::2024-11-07.23:04:38::SCWPlatform:: Platform Path C:/Users/curti/OneDrive/Documents/UIUC/ECE-385/Vivado_Projects/lab7_2/lab7_2_workspace/mb_usb_hdmi_top/tempdsa/mb_usb_hdmi_top_new.xsa
TRACE::2024-11-07.23:04:38::SCWPlatform:: Unique name xilinx:::0.0
TRACE::2024-11-07.23:04:38::SCWPlatform::update - Opened existing hwdb mb_usb_hdmi_top_6
TRACE::2024-11-07.23:04:38::SCWPlatform::Found the Hw Db part of the input DSA
TRACE::2024-11-07.23:04:38::SCWMssOS::Saving the mss changes C:/Users/curti/OneDrive/Documents/UIUC/ECE-385/Vivado_Projects/lab7_2/lab7_2_workspace/mb_usb_hdmi_top/microblaze_0/standalone_microblaze_0/bsp/system.mss
TRACE::2024-11-07.23:04:38::SCWMssOS::Found a swdesign opened with the mssfile.
TRACE::2024-11-07.23:04:38::SCWMssOS::Completed writemss as part of save.
TRACE::2024-11-07.23:04:38::SCWMssOS::Commit changes completed.
TRACE::2024-11-07.23:04:38::SCWMssOS::Completed hw sync for the mss in domain: standalone_microblaze_0
TRACE::2024-11-07.23:04:38::SCWMssOS::Removing the swdes entry for  C:/Users/curti/OneDrive/Documents/UIUC/ECE-385/Vivado_Projects/lab7_2/lab7_2_workspace/mb_usb_hdmi_top/microblaze_0/standalone_microblaze_0/bsp/system.mss
TRACE::2024-11-07.23:04:38::SCWPlatform::Trying to open the hw design at C:/Users/curti/OneDrive/Documents/UIUC/ECE-385/Vivado_Projects/lab7_2/lab7_2_workspace/mb_usb_hdmi_top/hw/mb_usb_hdmi_top_new.xsa
TRACE::2024-11-07.23:04:38::SCWPlatform::DSA given C:/Users/curti/OneDrive/Documents/UIUC/ECE-385/Vivado_Projects/lab7_2/lab7_2_workspace/mb_usb_hdmi_top/hw/mb_usb_hdmi_top_new.xsa
TRACE::2024-11-07.23:04:38::SCWPlatform::DSA absoulate path C:/Users/curti/OneDrive/Documents/UIUC/ECE-385/Vivado_Projects/lab7_2/lab7_2_workspace/mb_usb_hdmi_top/hw/mb_usb_hdmi_top_new.xsa
TRACE::2024-11-07.23:04:38::SCWPlatform::DSA directory C:/Users/curti/OneDrive/Documents/UIUC/ECE-385/Vivado_Projects/lab7_2/lab7_2_workspace/mb_usb_hdmi_top/hw
TRACE::2024-11-07.23:04:38::SCWPlatform:: Platform Path C:/Users/curti/OneDrive/Documents/UIUC/ECE-385/Vivado_Projects/lab7_2/lab7_2_workspace/mb_usb_hdmi_top/hw/mb_usb_hdmi_top_new.xsa
TRACE::2024-11-07.23:04:38::SCWPlatform:: Unique name xilinx:::0.0
TRACE::2024-11-07.23:04:38::SCWPlatform::Do not have an existing db opened. 
TRACE::2024-11-07.23:04:38::SCWPlatform::Opened new HwDB with name mb_usb_hdmi_top_7
TRACE::2024-11-07.23:04:38::SCWMssOS::Saving the mss changes C:/Users/curti/OneDrive/Documents/UIUC/ECE-385/Vivado_Projects/lab7_2/lab7_2_workspace/mb_usb_hdmi_top/microblaze_0/standalone_microblaze_0/bsp/system.mss
TRACE::2024-11-07.23:04:38::SCWMssOS::Adding the swdes entry, mss present, able to open swdb C:/Users/curti/OneDrive/Documents/UIUC/ECE-385/Vivado_Projects/lab7_2/lab7_2_workspace/mb_usb_hdmi_top/microblaze_0/standalone_microblaze_0/bsp/system.mss with des name system
TRACE::2024-11-07.23:04:38::SCWMssOS::Writing the mss file completed C:/Users/curti/OneDrive/Documents/UIUC/ECE-385/Vivado_Projects/lab7_2/lab7_2_workspace/mb_usb_hdmi_top/microblaze_0/standalone_microblaze_0/bsp/system.mss
TRACE::2024-11-07.23:04:38::SCWMssOS::Commit changes completed.
TRACE::2024-11-07.23:04:38::SCWPlatform::Trying to open the hw design at C:/Users/curti/OneDrive/Documents/UIUC/ECE-385/Vivado_Projects/lab7_2/lab7_2_workspace/mb_usb_hdmi_top/hw/mb_usb_hdmi_top_new.xsa
TRACE::2024-11-07.23:04:38::SCWPlatform::DSA given C:/Users/curti/OneDrive/Documents/UIUC/ECE-385/Vivado_Projects/lab7_2/lab7_2_workspace/mb_usb_hdmi_top/hw/mb_usb_hdmi_top_new.xsa
TRACE::2024-11-07.23:04:38::SCWPlatform::DSA absoulate path C:/Users/curti/OneDrive/Documents/UIUC/ECE-385/Vivado_Projects/lab7_2/lab7_2_workspace/mb_usb_hdmi_top/hw/mb_usb_hdmi_top_new.xsa
TRACE::2024-11-07.23:04:38::SCWPlatform::DSA directory C:/Users/curti/OneDrive/Documents/UIUC/ECE-385/Vivado_Projects/lab7_2/lab7_2_workspace/mb_usb_hdmi_top/hw
TRACE::2024-11-07.23:04:38::SCWPlatform:: Platform Path C:/Users/curti/OneDrive/Documents/UIUC/ECE-385/Vivado_Projects/lab7_2/lab7_2_workspace/mb_usb_hdmi_top/hw/mb_usb_hdmi_top_new.xsa
TRACE::2024-11-07.23:04:38::SCWPlatform:: Unique name xilinx:::0.0
TRACE::2024-11-07.23:04:38::SCWPlatform::Trying to set the existing hwdb with name mb_usb_hdmi_top_7
TRACE::2024-11-07.23:04:38::SCWPlatform::Opened existing hwdb mb_usb_hdmi_top_7
TRACE::2024-11-07.23:04:38::SCWPlatform::Found the Hw Db part of the input DSA
TRACE::2024-11-07.23:04:38::SCWMssOS::Checking the sw design at  C:/Users/curti/OneDrive/Documents/UIUC/ECE-385/Vivado_Projects/lab7_2/lab7_2_workspace/mb_usb_hdmi_top/microblaze_0/standalone_microblaze_0/bsp/system.mss
TRACE::2024-11-07.23:04:38::SCWMssOS::DEBUG:  swdes dump  C:/Users/curti/OneDrive/Documents/UIUC/ECE-385/Vivado_Projects/lab7_2/lab7_2_workspace/mb_usb_hdmi_top/microblaze_0/standalone_microblaze_0/bsp/system.mss|system||

TRACE::2024-11-07.23:04:38::SCWMssOS::Sw design exists and opened at  C:/Users/curti/OneDrive/Documents/UIUC/ECE-385/Vivado_Projects/lab7_2/lab7_2_workspace/mb_usb_hdmi_top/microblaze_0/standalone_microblaze_0/bsp/system.mss
TRACE::2024-11-07.23:04:38::SCWWriter::formatted JSON is {
	"platformName":	"mb_usb_hdmi_top",
	"sprVersion":	"2.0",
	"mode":	"gui",
	"dsaType":	"Fixed",
	"platformDesc":	"mb_usb_hdmi_top",
	"platHandOff":	"C:/Users/curti/Downloads/mb_usb_hdmi_top_new.xsa",
	"platIntHandOff":	"<platformDir>/hw/mb_usb_hdmi_top_new.xsa",
	"deviceType":	"FPGA",
	"platIsPrebuiltAutogen":	"false",
	"platIsNoBootBsp":	"false",
	"hasFsblMakeHasChanges":	"false",
	"hasPmufwMakeHasChanges":	"false",
	"platPreBuiltFlag":	false,
	"platformSamplesDir":	"",
	"platActiveSys":	"mb_usb_hdmi_top",
	"systems":	[{
			"systemName":	"mb_usb_hdmi_top",
			"systemDesc":	"mb_usb_hdmi_top",
			"sysIsBootAutoGen":	"true",
			"systemDispName":	"mb_usb_hdmi_top",
			"sysActiveDom":	"standalone_microblaze_0",
			"sysDefaultDom":	"standalone_microblaze_0",
			"domains":	[{
					"domainName":	"standalone_microblaze_0",
					"domainDispName":	"standalone_microblaze_0",
					"domainDesc":	"standalone_microblaze_0",
					"processors":	"microblaze_0",
					"os":	"standalone",
					"sdxOs":	"standalone",
					"debugEnable":	"False",
					"domRuntimes":	["cpp"],
					"swRepo":	"",
					"mssOsVer":	"8.0",
					"mssFile":	"",
					"md5Digest":	"5422c1e5be4ae93f4de8c50507402f2a1",
					"compatibleApp":	"",
					"domType":	"mssDomain",
					"arch":	"32-bit",
					"appSettings":	{
						"appCompilerFlags":	"",
						"appLinkerFlags":	""
					},
					"addedLibs":	[],
					"libOptions":	{
						"libsContainingOptions":	[]
					},
					"prebuiltLibs":	{
						"prebuiltIncPath":	[],
						"prebuiltLibPath":	[]
					},
					"isolation":	{
					}
				}]
		}]
}
TRACE::2024-11-07.23:04:44::SCWPlatform::Clearing the existing platform
TRACE::2024-11-07.23:04:44::SCWSystem::Clearing the existing sysconfig
TRACE::2024-11-07.23:04:44::SCWMssOS::Removing the swdes entry for  C:/Users/curti/OneDrive/Documents/UIUC/ECE-385/Vivado_Projects/lab7_2/lab7_2_workspace/mb_usb_hdmi_top/microblaze_0/standalone_microblaze_0/bsp/system.mss
TRACE::2024-11-07.23:04:44::SCWSystem::Clearing the domains completed.
TRACE::2024-11-07.23:04:44::SCWPlatform::Clearing the opened hw db.
TRACE::2024-11-07.23:04:44::SCWPlatform::DSA given C:/Users/curti/OneDrive/Documents/UIUC/ECE-385/Vivado_Projects/lab7_2/lab7_2_workspace/mb_usb_hdmi_top/hw/mb_usb_hdmi_top_new.xsa
TRACE::2024-11-07.23:04:44::SCWPlatform::DSA absoulate path C:/Users/curti/OneDrive/Documents/UIUC/ECE-385/Vivado_Projects/lab7_2/lab7_2_workspace/mb_usb_hdmi_top/hw/mb_usb_hdmi_top_new.xsa
TRACE::2024-11-07.23:04:44::SCWPlatform:: Platform location is C:/Users/curti/OneDrive/Documents/UIUC/ECE-385/Vivado_Projects/lab7_2/lab7_2_workspace/mb_usb_hdmi_top/hw
TRACE::2024-11-07.23:04:44::SCWPlatform:: Platform Path C:/Users/curti/OneDrive/Documents/UIUC/ECE-385/Vivado_Projects/lab7_2/lab7_2_workspace/mb_usb_hdmi_top/hw/mb_usb_hdmi_top_new.xsa
TRACE::2024-11-07.23:04:44::SCWPlatform:: Unique name xilinx:::0.0
TRACE::2024-11-07.23:04:44::SCWPlatform::Removing the HwDB with name C:/Users/curti/OneDrive/Documents/UIUC/ECE-385/Vivado_Projects/lab7_2/lab7_2_workspace/mb_usb_hdmi_top/hw/mb_usb_hdmi_top_new.xsa
TRACE::2024-11-07.23:04:44::SCWPlatform::Trying to open the hw design at C:/Users/curti/OneDrive/Documents/UIUC/ECE-385/Vivado_Projects/lab7_2/lab7_2_workspace/mb_usb_hdmi_top/hw/mb_usb_hdmi_top_new.xsa
TRACE::2024-11-07.23:04:44::SCWPlatform::DSA given C:/Users/curti/OneDrive/Documents/UIUC/ECE-385/Vivado_Projects/lab7_2/lab7_2_workspace/mb_usb_hdmi_top/hw/mb_usb_hdmi_top_new.xsa
TRACE::2024-11-07.23:04:44::SCWPlatform::DSA absoulate path C:/Users/curti/OneDrive/Documents/UIUC/ECE-385/Vivado_Projects/lab7_2/lab7_2_workspace/mb_usb_hdmi_top/hw/mb_usb_hdmi_top_new.xsa
TRACE::2024-11-07.23:04:44::SCWPlatform::DSA directory C:/Users/curti/OneDrive/Documents/UIUC/ECE-385/Vivado_Projects/lab7_2/lab7_2_workspace/mb_usb_hdmi_top/hw
TRACE::2024-11-07.23:04:44::SCWPlatform:: Platform Path C:/Users/curti/OneDrive/Documents/UIUC/ECE-385/Vivado_Projects/lab7_2/lab7_2_workspace/mb_usb_hdmi_top/hw/mb_usb_hdmi_top_new.xsa
TRACE::2024-11-07.23:04:44::SCWPlatform:: Unique name xilinx:::0.0
TRACE::2024-11-07.23:04:44::SCWPlatform::Do not have an existing db opened. 
TRACE::2024-11-07.23:04:44::SCWPlatform::Opened new HwDB with name mb_usb_hdmi_top_8
TRACE::2024-11-07.23:04:44::SCWReader::Active system found as  mb_usb_hdmi_top
TRACE::2024-11-07.23:04:44::SCWReader::Handling sysconfig mb_usb_hdmi_top
TRACE::2024-11-07.23:04:44::SCWDomain::checking for install qemu data   : 
TRACE::2024-11-07.23:04:44::SCWPlatform::Trying to open the hw design at C:/Users/curti/OneDrive/Documents/UIUC/ECE-385/Vivado_Projects/lab7_2/lab7_2_workspace/mb_usb_hdmi_top/hw/mb_usb_hdmi_top_new.xsa
TRACE::2024-11-07.23:04:44::SCWPlatform::DSA given C:/Users/curti/OneDrive/Documents/UIUC/ECE-385/Vivado_Projects/lab7_2/lab7_2_workspace/mb_usb_hdmi_top/hw/mb_usb_hdmi_top_new.xsa
TRACE::2024-11-07.23:04:44::SCWPlatform::DSA absoulate path C:/Users/curti/OneDrive/Documents/UIUC/ECE-385/Vivado_Projects/lab7_2/lab7_2_workspace/mb_usb_hdmi_top/hw/mb_usb_hdmi_top_new.xsa
TRACE::2024-11-07.23:04:44::SCWPlatform::DSA directory C:/Users/curti/OneDrive/Documents/UIUC/ECE-385/Vivado_Projects/lab7_2/lab7_2_workspace/mb_usb_hdmi_top/hw
TRACE::2024-11-07.23:04:44::SCWPlatform:: Platform Path C:/Users/curti/OneDrive/Documents/UIUC/ECE-385/Vivado_Projects/lab7_2/lab7_2_workspace/mb_usb_hdmi_top/hw/mb_usb_hdmi_top_new.xsa
TRACE::2024-11-07.23:04:44::SCWPlatform:: Unique name xilinx:::0.0
TRACE::2024-11-07.23:04:44::SCWPlatform::Trying to set the existing hwdb with name mb_usb_hdmi_top_8
TRACE::2024-11-07.23:04:44::SCWPlatform::Opened existing hwdb mb_usb_hdmi_top_8
TRACE::2024-11-07.23:04:44::SCWPlatform::Found the Hw Db part of the input DSA
TRACE::2024-11-07.23:04:44::SCWPlatform::Trying to open the hw design at C:/Users/curti/OneDrive/Documents/UIUC/ECE-385/Vivado_Projects/lab7_2/lab7_2_workspace/mb_usb_hdmi_top/hw/mb_usb_hdmi_top_new.xsa
TRACE::2024-11-07.23:04:44::SCWPlatform::DSA given C:/Users/curti/OneDrive/Documents/UIUC/ECE-385/Vivado_Projects/lab7_2/lab7_2_workspace/mb_usb_hdmi_top/hw/mb_usb_hdmi_top_new.xsa
TRACE::2024-11-07.23:04:44::SCWPlatform::DSA absoulate path C:/Users/curti/OneDrive/Documents/UIUC/ECE-385/Vivado_Projects/lab7_2/lab7_2_workspace/mb_usb_hdmi_top/hw/mb_usb_hdmi_top_new.xsa
TRACE::2024-11-07.23:04:44::SCWPlatform::DSA directory C:/Users/curti/OneDrive/Documents/UIUC/ECE-385/Vivado_Projects/lab7_2/lab7_2_workspace/mb_usb_hdmi_top/hw
TRACE::2024-11-07.23:04:44::SCWPlatform:: Platform Path C:/Users/curti/OneDrive/Documents/UIUC/ECE-385/Vivado_Projects/lab7_2/lab7_2_workspace/mb_usb_hdmi_top/hw/mb_usb_hdmi_top_new.xsa
TRACE::2024-11-07.23:04:44::SCWPlatform:: Unique name xilinx:::0.0
TRACE::2024-11-07.23:04:44::SCWPlatform::Trying to set the existing hwdb with name mb_usb_hdmi_top_8
TRACE::2024-11-07.23:04:44::SCWPlatform::Opened existing hwdb mb_usb_hdmi_top_8
TRACE::2024-11-07.23:04:44::SCWPlatform::Found the Hw Db part of the input DSA
TRACE::2024-11-07.23:04:44::SCWPlatform::Trying to open the hw design at C:/Users/curti/OneDrive/Documents/UIUC/ECE-385/Vivado_Projects/lab7_2/lab7_2_workspace/mb_usb_hdmi_top/hw/mb_usb_hdmi_top_new.xsa
TRACE::2024-11-07.23:04:44::SCWPlatform::DSA given C:/Users/curti/OneDrive/Documents/UIUC/ECE-385/Vivado_Projects/lab7_2/lab7_2_workspace/mb_usb_hdmi_top/hw/mb_usb_hdmi_top_new.xsa
TRACE::2024-11-07.23:04:44::SCWPlatform::DSA absoulate path C:/Users/curti/OneDrive/Documents/UIUC/ECE-385/Vivado_Projects/lab7_2/lab7_2_workspace/mb_usb_hdmi_top/hw/mb_usb_hdmi_top_new.xsa
TRACE::2024-11-07.23:04:44::SCWPlatform::DSA directory C:/Users/curti/OneDrive/Documents/UIUC/ECE-385/Vivado_Projects/lab7_2/lab7_2_workspace/mb_usb_hdmi_top/hw
TRACE::2024-11-07.23:04:44::SCWPlatform:: Platform Path C:/Users/curti/OneDrive/Documents/UIUC/ECE-385/Vivado_Projects/lab7_2/lab7_2_workspace/mb_usb_hdmi_top/hw/mb_usb_hdmi_top_new.xsa
TRACE::2024-11-07.23:04:44::SCWPlatform:: Unique name xilinx:::0.0
TRACE::2024-11-07.23:04:44::SCWPlatform::Trying to set the existing hwdb with name mb_usb_hdmi_top_8
TRACE::2024-11-07.23:04:44::SCWPlatform::Opened existing hwdb mb_usb_hdmi_top_8
TRACE::2024-11-07.23:04:44::SCWPlatform::Found the Hw Db part of the input DSA
TRACE::2024-11-07.23:04:44::SCWPlatform::Trying to open the hw design at C:/Users/curti/OneDrive/Documents/UIUC/ECE-385/Vivado_Projects/lab7_2/lab7_2_workspace/mb_usb_hdmi_top/hw/mb_usb_hdmi_top_new.xsa
TRACE::2024-11-07.23:04:44::SCWPlatform::DSA given C:/Users/curti/OneDrive/Documents/UIUC/ECE-385/Vivado_Projects/lab7_2/lab7_2_workspace/mb_usb_hdmi_top/hw/mb_usb_hdmi_top_new.xsa
TRACE::2024-11-07.23:04:44::SCWPlatform::DSA absoulate path C:/Users/curti/OneDrive/Documents/UIUC/ECE-385/Vivado_Projects/lab7_2/lab7_2_workspace/mb_usb_hdmi_top/hw/mb_usb_hdmi_top_new.xsa
TRACE::2024-11-07.23:04:44::SCWPlatform::DSA directory C:/Users/curti/OneDrive/Documents/UIUC/ECE-385/Vivado_Projects/lab7_2/lab7_2_workspace/mb_usb_hdmi_top/hw
TRACE::2024-11-07.23:04:44::SCWPlatform:: Platform Path C:/Users/curti/OneDrive/Documents/UIUC/ECE-385/Vivado_Projects/lab7_2/lab7_2_workspace/mb_usb_hdmi_top/hw/mb_usb_hdmi_top_new.xsa
TRACE::2024-11-07.23:04:44::SCWPlatform:: Unique name xilinx:::0.0
TRACE::2024-11-07.23:04:44::SCWPlatform::Trying to set the existing hwdb with name mb_usb_hdmi_top_8
TRACE::2024-11-07.23:04:44::SCWPlatform::Opened existing hwdb mb_usb_hdmi_top_8
TRACE::2024-11-07.23:04:44::SCWPlatform::Found the Hw Db part of the input DSA
TRACE::2024-11-07.23:04:44::SCWMssOS::Checking the sw design at  C:/Users/curti/OneDrive/Documents/UIUC/ECE-385/Vivado_Projects/lab7_2/lab7_2_workspace/mb_usb_hdmi_top/microblaze_0/standalone_microblaze_0/bsp/system.mss
TRACE::2024-11-07.23:04:44::SCWMssOS::DEBUG:  swdes dump  
TRACE::2024-11-07.23:04:44::SCWMssOS::No sw design opened at  C:/Users/curti/OneDrive/Documents/UIUC/ECE-385/Vivado_Projects/lab7_2/lab7_2_workspace/mb_usb_hdmi_top/microblaze_0/standalone_microblaze_0/bsp/system.mss
TRACE::2024-11-07.23:04:44::SCWMssOS::mss exists loading the mss file  C:/Users/curti/OneDrive/Documents/UIUC/ECE-385/Vivado_Projects/lab7_2/lab7_2_workspace/mb_usb_hdmi_top/microblaze_0/standalone_microblaze_0/bsp/system.mss
TRACE::2024-11-07.23:04:44::SCWMssOS::Opened the sw design from mss  C:/Users/curti/OneDrive/Documents/UIUC/ECE-385/Vivado_Projects/lab7_2/lab7_2_workspace/mb_usb_hdmi_top/microblaze_0/standalone_microblaze_0/bsp/system.mss
TRACE::2024-11-07.23:04:44::SCWMssOS::Adding the swdes entry C:/Users/curti/OneDrive/Documents/UIUC/ECE-385/Vivado_Projects/lab7_2/lab7_2_workspace/mb_usb_hdmi_top/microblaze_0/standalone_microblaze_0/bsp/system.mss with des name system
TRACE::2024-11-07.23:04:44::SCWMssOS::updating the scw layer about changes
TRACE::2024-11-07.23:04:44::SCWMssOS::Opened the sw design.  C:/Users/curti/OneDrive/Documents/UIUC/ECE-385/Vivado_Projects/lab7_2/lab7_2_workspace/mb_usb_hdmi_top/microblaze_0/standalone_microblaze_0/bsp/system.mss
TRACE::2024-11-07.23:04:44::SCWMssOS::Saving the mss changes C:/Users/curti/OneDrive/Documents/UIUC/ECE-385/Vivado_Projects/lab7_2/lab7_2_workspace/mb_usb_hdmi_top/microblaze_0/standalone_microblaze_0/bsp/system.mss
TRACE::2024-11-07.23:04:44::SCWMssOS::Found a swdesign opened with the mssfile.
TRACE::2024-11-07.23:04:44::SCWMssOS::Completed writemss as part of save.
TRACE::2024-11-07.23:04:44::SCWMssOS::Commit changes completed.
TRACE::2024-11-07.23:04:44::SCWReader::Adding prebuilt librarypaths as   
TRACE::2024-11-07.23:04:44::SCWReader::Adding prebuilt incpaths  as   
TRACE::2024-11-07.23:04:44::SCWPlatform::Trying to open the hw design at C:/Users/curti/OneDrive/Documents/UIUC/ECE-385/Vivado_Projects/lab7_2/lab7_2_workspace/mb_usb_hdmi_top/hw/mb_usb_hdmi_top_new.xsa
TRACE::2024-11-07.23:04:44::SCWPlatform::DSA given C:/Users/curti/OneDrive/Documents/UIUC/ECE-385/Vivado_Projects/lab7_2/lab7_2_workspace/mb_usb_hdmi_top/hw/mb_usb_hdmi_top_new.xsa
TRACE::2024-11-07.23:04:44::SCWPlatform::DSA absoulate path C:/Users/curti/OneDrive/Documents/UIUC/ECE-385/Vivado_Projects/lab7_2/lab7_2_workspace/mb_usb_hdmi_top/hw/mb_usb_hdmi_top_new.xsa
TRACE::2024-11-07.23:04:44::SCWPlatform::DSA directory C:/Users/curti/OneDrive/Documents/UIUC/ECE-385/Vivado_Projects/lab7_2/lab7_2_workspace/mb_usb_hdmi_top/hw
TRACE::2024-11-07.23:04:44::SCWPlatform:: Platform Path C:/Users/curti/OneDrive/Documents/UIUC/ECE-385/Vivado_Projects/lab7_2/lab7_2_workspace/mb_usb_hdmi_top/hw/mb_usb_hdmi_top_new.xsa
TRACE::2024-11-07.23:04:44::SCWPlatform:: Unique name xilinx:::0.0
TRACE::2024-11-07.23:04:44::SCWPlatform::Trying to set the existing hwdb with name mb_usb_hdmi_top_8
TRACE::2024-11-07.23:04:44::SCWPlatform::Opened existing hwdb mb_usb_hdmi_top_8
TRACE::2024-11-07.23:04:44::SCWPlatform::Found the Hw Db part of the input DSA
TRACE::2024-11-07.23:04:44::SCWMssOS::Checking the sw design at  C:/Users/curti/OneDrive/Documents/UIUC/ECE-385/Vivado_Projects/lab7_2/lab7_2_workspace/mb_usb_hdmi_top/microblaze_0/standalone_microblaze_0/bsp/system.mss
TRACE::2024-11-07.23:04:44::SCWMssOS::DEBUG:  swdes dump  C:/Users/curti/OneDrive/Documents/UIUC/ECE-385/Vivado_Projects/lab7_2/lab7_2_workspace/mb_usb_hdmi_top/microblaze_0/standalone_microblaze_0/bsp/system.mss|system||

TRACE::2024-11-07.23:04:44::SCWMssOS::Sw design exists and opened at  C:/Users/curti/OneDrive/Documents/UIUC/ECE-385/Vivado_Projects/lab7_2/lab7_2_workspace/mb_usb_hdmi_top/microblaze_0/standalone_microblaze_0/bsp/system.mss
TRACE::2024-11-07.23:04:44::SCWReader::No isolation master present  
TRACE::2024-11-07.23:04:50::SCWMssOS::cleaning the bsp 
TRACE::2024-11-07.23:04:50::SCWMssOS::System Command Ran  C: & cd  C:/Users/curti/OneDrive/Documents/UIUC/ECE-385/Vivado_Projects/lab7_2/lab7_2_workspace/mb_usb_hdmi_top/microblaze_0/standalone_microblaze_0/bsp & make clean 
TRACE::2024-11-07.23:04:50::SCWMssOS::make -C microblaze_0/libsrc/bram_v4_8/src -s clean 

TRACE::2024-11-07.23:04:50::SCWMssOS::make -C microblaze_0/libsrc/cpu_v2_16/src -s clean 

TRACE::2024-11-07.23:04:50::SCWMssOS::make -C microblaze_0/libsrc/intc_v3_15/src -s clean 

TRACE::2024-11-07.23:04:50::SCWMssOS::make -C microblaze_0/libsrc/standalone_v8_0/src -s clean 

TRACE::2024-11-07.23:04:50::SCWMssOS::make -C microblaze_0/libsrc/uartlite_v3_7/src -s clean 

TRACE::2024-11-07.23:04:50::SCWMssOS::rm -f microblaze_0/lib/libxil.a

TRACE::2024-11-07.23:04:52::SCWMssOS::cleaning the bsp 
TRACE::2024-11-07.23:04:52::SCWMssOS::System Command Ran  C: & cd  C:/Users/curti/OneDrive/Documents/UIUC/ECE-385/Vivado_Projects/lab7_2/lab7_2_workspace/mb_usb_hdmi_top/microblaze_0/standalone_microblaze_0/bsp & make clean 
TRACE::2024-11-07.23:04:53::SCWMssOS::make -C microblaze_0/libsrc/bram_v4_8/src -s clean 

TRACE::2024-11-07.23:04:53::SCWMssOS::make -C microblaze_0/libsrc/cpu_v2_16/src -s clean 

TRACE::2024-11-07.23:04:53::SCWMssOS::make -C microblaze_0/libsrc/intc_v3_15/src -s clean 

TRACE::2024-11-07.23:04:53::SCWMssOS::make -C microblaze_0/libsrc/standalone_v8_0/src -s clean 

TRACE::2024-11-07.23:04:53::SCWMssOS::make -C microblaze_0/libsrc/uartlite_v3_7/src -s clean 

TRACE::2024-11-07.23:04:53::SCWMssOS::rm -f microblaze_0/lib/libxil.a

LOG::2024-11-07.23:04:59::SCWPlatform::Started generating the artifacts platform mb_usb_hdmi_top
TRACE::2024-11-07.23:04:59::SCWPlatform::Sanity checking of platform is completed
LOG::2024-11-07.23:04:59::SCWPlatform::Started generating the artifacts for system configuration mb_usb_hdmi_top
LOG::2024-11-07.23:04:59::SCWSystem::Checking the domain standalone_microblaze_0
LOG::2024-11-07.23:04:59::SCWSystem::Not a boot domain 
LOG::2024-11-07.23:04:59::SCWSystem::Started Processing the domain standalone_microblaze_0
TRACE::2024-11-07.23:04:59::SCWDomain::Generating domain artifcats
TRACE::2024-11-07.23:04:59::SCWMssOS::Generating standalone artifcats
TRACE::2024-11-07.23:04:59::SCWMssOS:: Copying the user libraries. 
TRACE::2024-11-07.23:04:59::SCWPlatform::Trying to open the hw design at C:/Users/curti/OneDrive/Documents/UIUC/ECE-385/Vivado_Projects/lab7_2/lab7_2_workspace/mb_usb_hdmi_top/hw/mb_usb_hdmi_top_new.xsa
TRACE::2024-11-07.23:04:59::SCWPlatform::DSA given C:/Users/curti/OneDrive/Documents/UIUC/ECE-385/Vivado_Projects/lab7_2/lab7_2_workspace/mb_usb_hdmi_top/hw/mb_usb_hdmi_top_new.xsa
TRACE::2024-11-07.23:04:59::SCWPlatform::DSA absoulate path C:/Users/curti/OneDrive/Documents/UIUC/ECE-385/Vivado_Projects/lab7_2/lab7_2_workspace/mb_usb_hdmi_top/hw/mb_usb_hdmi_top_new.xsa
TRACE::2024-11-07.23:04:59::SCWPlatform::DSA directory C:/Users/curti/OneDrive/Documents/UIUC/ECE-385/Vivado_Projects/lab7_2/lab7_2_workspace/mb_usb_hdmi_top/hw
TRACE::2024-11-07.23:04:59::SCWPlatform:: Platform Path C:/Users/curti/OneDrive/Documents/UIUC/ECE-385/Vivado_Projects/lab7_2/lab7_2_workspace/mb_usb_hdmi_top/hw/mb_usb_hdmi_top_new.xsa
TRACE::2024-11-07.23:04:59::SCWPlatform:: Unique name xilinx:::0.0
TRACE::2024-11-07.23:04:59::SCWPlatform::Trying to set the existing hwdb with name mb_usb_hdmi_top_8
TRACE::2024-11-07.23:04:59::SCWPlatform::Opened existing hwdb mb_usb_hdmi_top_8
TRACE::2024-11-07.23:04:59::SCWPlatform::Found the Hw Db part of the input DSA
TRACE::2024-11-07.23:04:59::SCWMssOS::Checking the sw design at  C:/Users/curti/OneDrive/Documents/UIUC/ECE-385/Vivado_Projects/lab7_2/lab7_2_workspace/mb_usb_hdmi_top/microblaze_0/standalone_microblaze_0/bsp/system.mss
TRACE::2024-11-07.23:04:59::SCWMssOS::DEBUG:  swdes dump  C:/Users/curti/OneDrive/Documents/UIUC/ECE-385/Vivado_Projects/lab7_2/lab7_2_workspace/mb_usb_hdmi_top/microblaze_0/standalone_microblaze_0/bsp/system.mss|system||

TRACE::2024-11-07.23:04:59::SCWMssOS::Sw design exists and opened at  C:/Users/curti/OneDrive/Documents/UIUC/ECE-385/Vivado_Projects/lab7_2/lab7_2_workspace/mb_usb_hdmi_top/microblaze_0/standalone_microblaze_0/bsp/system.mss
TRACE::2024-11-07.23:04:59::SCWMssOS::Completed writing the mss file at C:/Users/curti/OneDrive/Documents/UIUC/ECE-385/Vivado_Projects/lab7_2/lab7_2_workspace/mb_usb_hdmi_top/microblaze_0/standalone_microblaze_0/bsp
TRACE::2024-11-07.23:04:59::SCWMssOS::Mss edits present, copying mssfile into export location C:/Users/curti/OneDrive/Documents/UIUC/ECE-385/Vivado_Projects/lab7_2/lab7_2_workspace/mb_usb_hdmi_top/microblaze_0/standalone_microblaze_0/bsp/system.mss
TRACE::2024-11-07.23:04:59::SCWMssOS::bsp generated is stale removing and regenerating. 
TRACE::2024-11-07.23:05:00::SCWMssOS::doing bsp build ... 
TRACE::2024-11-07.23:05:00::SCWMssOS::System Command Ran  C: & cd  C:/Users/curti/OneDrive/Documents/UIUC/ECE-385/Vivado_Projects/lab7_2/lab7_2_workspace/mb_usb_hdmi_top/microblaze_0/standalone_microblaze_0/bsp & make 
TRACE::2024-11-07.23:05:00::SCWMssOS::make --no-print-directory seq_libs

TRACE::2024-11-07.23:05:00::SCWMssOS::'Finished building libraries sequentially.'

TRACE::2024-11-07.23:05:00::SCWMssOS::make -j 18 --no-print-directory par_libs

TRACE::2024-11-07.23:05:00::SCWMssOS::"Running Make include in microblaze_0/libsrc/bram_v4_8/src"

TRACE::2024-11-07.23:05:00::SCWMssOS::make -C microblaze_0/libsrc/bram_v4_8/src -s include  "SHELL=CMD" "COMPILER=mb-gcc" "ASSEMBLER=mb-as" "ARCHIVER=mb-ar" "COMPILE
TRACE::2024-11-07.23:05:00::SCWMssOS::R_FLAGS=  -O2 -c -mcpu=v11.0 -mlittle-endian -mno-xl-reorder -mno-xl-soft-mul -mxl-barrel-shift -mxl-pattern-compare" "EXTRA_CO
TRACE::2024-11-07.23:05:00::SCWMssOS::MPILER_FLAGS=-g -ffunction-sections -fdata-sections -Wall -Wextra -fno-tree-loop-distribute-patterns"

TRACE::2024-11-07.23:05:00::SCWMssOS::"Running Make include in microblaze_0/libsrc/cpu_v2_16/src"

TRACE::2024-11-07.23:05:00::SCWMssOS::make -C microblaze_0/libsrc/cpu_v2_16/src -s include  "SHELL=CMD" "COMPILER=mb-gcc" "ASSEMBLER=mb-as" "ARCHIVER=mb-ar" "COMPILE
TRACE::2024-11-07.23:05:00::SCWMssOS::R_FLAGS=  -O2 -c -mcpu=v11.0 -mlittle-endian -mno-xl-reorder -mno-xl-soft-mul -mxl-barrel-shift -mxl-pattern-compare" "EXTRA_CO
TRACE::2024-11-07.23:05:00::SCWMssOS::MPILER_FLAGS=-g -ffunction-sections -fdata-sections -Wall -Wextra -fno-tree-loop-distribute-patterns"

TRACE::2024-11-07.23:05:00::SCWMssOS::"Running Make include in microblaze_0/libsrc/intc_v3_15/src"

TRACE::2024-11-07.23:05:00::SCWMssOS::make -C microblaze_0/libsrc/intc_v3_15/src -s include  "SHELL=CMD" "COMPILER=mb-gcc" "ASSEMBLER=mb-as" "ARCHIVER=mb-ar" "COMPIL
TRACE::2024-11-07.23:05:00::SCWMssOS::ER_FLAGS=  -O2 -c -mcpu=v11.0 -mlittle-endian -mno-xl-reorder -mno-xl-soft-mul -mxl-barrel-shift -mxl-pattern-compare" "EXTRA_C
TRACE::2024-11-07.23:05:00::SCWMssOS::OMPILER_FLAGS=-g -ffunction-sections -fdata-sections -Wall -Wextra -fno-tree-loop-distribute-patterns"

TRACE::2024-11-07.23:05:00::SCWMssOS::"Running Make include in microblaze_0/libsrc/standalone_v8_0/src"

TRACE::2024-11-07.23:05:00::SCWMssOS::make -C microblaze_0/libsrc/standalone_v8_0/src -s include  "SHELL=CMD" "COMPILER=mb-gcc" "ASSEMBLER=mb-as" "ARCHIVER=mb-ar" "C
TRACE::2024-11-07.23:05:00::SCWMssOS::OMPILER_FLAGS=  -O2 -c -mcpu=v11.0 -mlittle-endian -mno-xl-reorder -mno-xl-soft-mul -mxl-barrel-shift -mxl-pattern-compare" "EX
TRACE::2024-11-07.23:05:00::SCWMssOS::TRA_COMPILER_FLAGS=-g -ffunction-sections -fdata-sections -Wall -Wextra -fno-tree-loop-distribute-patterns"

TRACE::2024-11-07.23:05:00::SCWMssOS::"Running Make include in microblaze_0/libsrc/uartlite_v3_7/src"

TRACE::2024-11-07.23:05:00::SCWMssOS::make -C microblaze_0/libsrc/uartlite_v3_7/src -s include  "SHELL=CMD" "COMPILER=mb-gcc" "ASSEMBLER=mb-as" "ARCHIVER=mb-ar" "COM
TRACE::2024-11-07.23:05:00::SCWMssOS::PILER_FLAGS=  -O2 -c -mcpu=v11.0 -mlittle-endian -mno-xl-reorder -mno-xl-soft-mul -mxl-barrel-shift -mxl-pattern-compare" "EXTR
TRACE::2024-11-07.23:05:00::SCWMssOS::A_COMPILER_FLAGS=-g -ffunction-sections -fdata-sections -Wall -Wextra -fno-tree-loop-distribute-patterns"

TRACE::2024-11-07.23:05:01::SCWMssOS::"Running Make libs in microblaze_0/libsrc/bram_v4_8/src"

TRACE::2024-11-07.23:05:01::SCWMssOS::make -C microblaze_0/libsrc/bram_v4_8/src -s libs  "SHELL=CMD" "COMPILER=mb-gcc" "ASSEMBLER=mb-as" "ARCHIVER=mb-ar" "COMPILER_F
TRACE::2024-11-07.23:05:01::SCWMssOS::LAGS=  -O2 -c -mcpu=v11.0 -mlittle-endian -mno-xl-reorder -mno-xl-soft-mul -mxl-barrel-shift -mxl-pattern-compare" "EXTRA_COMPI
TRACE::2024-11-07.23:05:01::SCWMssOS::LER_FLAGS=-g -ffunction-sections -fdata-sections -Wall -Wextra -fno-tree-loop-distribute-patterns"

TRACE::2024-11-07.23:05:01::SCWMssOS::"Running Make libs in microblaze_0/libsrc/cpu_v2_16/src"

TRACE::2024-11-07.23:05:01::SCWMssOS::make -C microblaze_0/libsrc/cpu_v2_16/src -s libs  "SHELL=CMD" "COMPILER=mb-gcc" "ASSEMBLER=mb-as" "ARCHIVER=mb-ar" "COMPILER_F
TRACE::2024-11-07.23:05:01::SCWMssOS::LAGS=  -O2 -c -mcpu=v11.0 -mlittle-endian -mno-xl-reorder -mno-xl-soft-mul -mxl-barrel-shift -mxl-pattern-compare" "EXTRA_COMPI
TRACE::2024-11-07.23:05:01::SCWMssOS::LER_FLAGS=-g -ffunction-sections -fdata-sections -Wall -Wextra -fno-tree-loop-distribute-patterns"

TRACE::2024-11-07.23:05:01::SCWMssOS::"Running Make libs in microblaze_0/libsrc/intc_v3_15/src"

TRACE::2024-11-07.23:05:01::SCWMssOS::make -C microblaze_0/libsrc/intc_v3_15/src -s libs  "SHELL=CMD" "COMPILER=mb-gcc" "ASSEMBLER=mb-as" "ARCHIVER=mb-ar" "COMPILER_
TRACE::2024-11-07.23:05:01::SCWMssOS::FLAGS=  -O2 -c -mcpu=v11.0 -mlittle-endian -mno-xl-reorder -mno-xl-soft-mul -mxl-barrel-shift -mxl-pattern-compare" "EXTRA_COMP
TRACE::2024-11-07.23:05:01::SCWMssOS::ILER_FLAGS=-g -ffunction-sections -fdata-sections -Wall -Wextra -fno-tree-loop-distribute-patterns"

TRACE::2024-11-07.23:05:01::SCWMssOS::"Running Make libs in microblaze_0/libsrc/standalone_v8_0/src"

TRACE::2024-11-07.23:05:01::SCWMssOS::make -C microblaze_0/libsrc/standalone_v8_0/src -s libs  "SHELL=CMD" "COMPILER=mb-gcc" "ASSEMBLER=mb-as" "ARCHIVER=mb-ar" "COMP
TRACE::2024-11-07.23:05:01::SCWMssOS::ILER_FLAGS=  -O2 -c -mcpu=v11.0 -mlittle-endian -mno-xl-reorder -mno-xl-soft-mul -mxl-barrel-shift -mxl-pattern-compare" "EXTRA
TRACE::2024-11-07.23:05:01::SCWMssOS::_COMPILER_FLAGS=-g -ffunction-sections -fdata-sections -Wall -Wextra -fno-tree-loop-distribute-patterns"

TRACE::2024-11-07.23:05:01::SCWMssOS::"Running Make libs in microblaze_0/libsrc/uartlite_v3_7/src"

TRACE::2024-11-07.23:05:01::SCWMssOS::make -C microblaze_0/libsrc/uartlite_v3_7/src -s libs  "SHELL=CMD" "COMPILER=mb-gcc" "ASSEMBLER=mb-as" "ARCHIVER=mb-ar" "COMPIL
TRACE::2024-11-07.23:05:01::SCWMssOS::ER_FLAGS=  -O2 -c -mcpu=v11.0 -mlittle-endian -mno-xl-reorder -mno-xl-soft-mul -mxl-barrel-shift -mxl-pattern-compare" "EXTRA_C
TRACE::2024-11-07.23:05:01::SCWMssOS::OMPILER_FLAGS=-g -ffunction-sections -fdata-sections -Wall -Wextra -fno-tree-loop-distribute-patterns"

TRACE::2024-11-07.23:05:01::SCWMssOS::"DEBUG NON_LTO_OBJECTS is ../../../lib/microblaze_interrupt_handler.o"

TRACE::2024-11-07.23:05:01::SCWMssOS::'Finished building libraries parallelly.'

TRACE::2024-11-07.23:05:01::SCWMssOS::make --no-print-directory archive

TRACE::2024-11-07.23:05:01::SCWMssOS::mb-ar -r  microblaze_0/lib/libxil.a microblaze_0/lib/_exit.o microblaze_0/lib/errno.o microblaze_0/lib/fcntl.o microblaze_0/lib
TRACE::2024-11-07.23:05:01::SCWMssOS::/hw_exception_handler.o microblaze_0/lib/inbyte.o microblaze_0/lib/microblaze_disable_dcache.o microblaze_0/lib/microblaze_disa
TRACE::2024-11-07.23:05:01::SCWMssOS::ble_exceptions.o microblaze_0/lib/microblaze_disable_icache.o microblaze_0/lib/microblaze_disable_interrupts.o microblaze_0/lib
TRACE::2024-11-07.23:05:01::SCWMssOS::/microblaze_enable_dcache.o microblaze_0/lib/microblaze_enable_exceptions.o microblaze_0/lib/microblaze_enable_icache.o microbl
TRACE::2024-11-07.23:05:01::SCWMssOS::aze_0/lib/microblaze_enable_interrupts.o microblaze_0/lib/microblaze_exception_handler.o microblaze_0/lib/microblaze_flush_cach
TRACE::2024-11-07.23:05:01::SCWMssOS::e_ext.o microblaze_0/lib/microblaze_flush_cache_ext_range.o microblaze_0/lib/microblaze_flush_dcache.o microblaze_0/lib/microbl
TRACE::2024-11-07.23:05:01::SCWMssOS::aze_flush_dcache_range.o microblaze_0/lib/microblaze_init_dcache_range.o microblaze_0/lib/microblaze_init_icache_range.o microb
TRACE::2024-11-07.23:05:01::SCWMssOS::laze_0/lib/microblaze_interrupt_handler.o microblaze_0/lib/microblaze_interrupts_g.o microblaze_0/lib/microblaze_invalidate_cac
TRACE::2024-11-07.23:05:01::SCWMssOS::he_ext.o microblaze_0/lib/microblaze_invalidate_cache_ext_range.o microblaze_0/lib/microblaze_invalidate_dcache.o microblaze_0/
TRACE::2024-11-07.23:05:01::SCWMssOS::lib/microblaze_invalidate_dcache_range.o microblaze_0/lib/microblaze_invalidate_icache.o microblaze_0/lib/microblaze_invalidate
TRACE::2024-11-07.23:05:01::SCWMssOS::_icache_range.o microblaze_0/lib/microblaze_scrub.o microblaze_0/lib/microblaze_selftest.o microblaze_0/lib/microblaze_sleep.o 
TRACE::2024-11-07.23:05:01::SCWMssOS::microblaze_0/lib/microblaze_update_dcache.o microblaze_0/lib/microblaze_update_icache.o microblaze_0/lib/outbyte.o microblaze_0
TRACE::2024-11-07.23:05:01::SCWMssOS::/lib/print.o microblaze_0/lib/pvr.o microblaze_0/lib/xbram.o microblaze_0/lib/xbram_g.o microblaze_0/lib/xbram_intr.o microblaz
TRACE::2024-11-07.23:05:01::SCWMssOS::e_0/lib/xbram_selftest.o microblaze_0/lib/xbram_sinit.o microblaze_0/lib/xil_assert.o microblaze_0/lib/xil_cache.o microblaze_0
TRACE::2024-11-07.23:05:01::SCWMssOS::/lib/xil_clocking.o microblaze_0/lib/xil_exception.o microblaze_0/lib/xil_mem.o microblaze_0/lib/xil_misc_psreset_api.o microbl
TRACE::2024-11-07.23:05:01::SCWMssOS::aze_0/lib/xil_printf.o microblaze_0/lib/xil_sleepcommon.o microblaze_0/lib/xil_testcache.o microblaze_0/lib/xil_testio.o microb
TRACE::2024-11-07.23:05:01::SCWMssOS::laze_0/lib/xil_testmem.o microblaze_0/lib/xil_util.o microblaze_0/lib/xintc.o microblaze_0/lib/xintc_g.o microblaze_0/lib/xintc
TRACE::2024-11-07.23:05:01::SCWMssOS::_intr.o microblaze_0/lib/xintc_l.o microblaze_0/lib/xintc_options.o microblaze_0/lib/xintc_selftest.o microblaze_0/lib/xinterru
TRACE::2024-11-07.23:05:01::SCWMssOS::pt_wrap.o microblaze_0/lib/xio.o microblaze_0/lib/xplatform_info.o microblaze_0/lib/xuartlite.o microblaze_0/lib/xuartlite_g.o 
TRACE::2024-11-07.23:05:01::SCWMssOS::microblaze_0/lib/xuartlite_intr.o microblaze_0/lib/xuartlite_l.o microblaze_0/lib/xuartlite_selftest.o microblaze_0/lib/xuartli
TRACE::2024-11-07.23:05:01::SCWMssOS::te_sinit.o microblaze_0/lib/xuartlite_stats.o

TRACE::2024-11-07.23:05:01::SCWMssOS::'Finished building libraries'

TRACE::2024-11-07.23:05:01::SCWMssOS:: Checking if to create the Supporting Applications
TRACE::2024-11-07.23:05:01::SCWMssOS:: No Linux domain exists, trying to generate FSBL 
LOG::2024-11-07.23:05:01::SCWSystem::Completed Processing the domain standalone_microblaze_0
LOG::2024-11-07.23:05:01::SCWSystem::Completed Processing the sysconfig mb_usb_hdmi_top
LOG::2024-11-07.23:05:01::SCWPlatform::Completed generating the artifacts for system configuration mb_usb_hdmi_top
TRACE::2024-11-07.23:05:01::SCWPlatform::Started preparing the platform 
TRACE::2024-11-07.23:05:01::SCWSystem::Writing the bif file for system config mb_usb_hdmi_top
TRACE::2024-11-07.23:05:01::SCWSystem::dir created 
TRACE::2024-11-07.23:05:01::SCWSystem::Writing the bif 
TRACE::2024-11-07.23:05:01::SCWPlatform::Started writing the spfm file 
TRACE::2024-11-07.23:05:01::SCWPlatform::Started writing the xpfm file 
TRACE::2024-11-07.23:05:01::SCWPlatform::Completed generating the platform
TRACE::2024-11-07.23:05:01::SCWMssOS::Saving the mss changes C:/Users/curti/OneDrive/Documents/UIUC/ECE-385/Vivado_Projects/lab7_2/lab7_2_workspace/mb_usb_hdmi_top/microblaze_0/standalone_microblaze_0/bsp/system.mss
TRACE::2024-11-07.23:05:01::SCWMssOS::Adding the swdes entry, mss present, able to open swdb C:/Users/curti/OneDrive/Documents/UIUC/ECE-385/Vivado_Projects/lab7_2/lab7_2_workspace/mb_usb_hdmi_top/microblaze_0/standalone_microblaze_0/bsp/system.mss with des name system
TRACE::2024-11-07.23:05:01::SCWMssOS::Writing the mss file completed C:/Users/curti/OneDrive/Documents/UIUC/ECE-385/Vivado_Projects/lab7_2/lab7_2_workspace/mb_usb_hdmi_top/microblaze_0/standalone_microblaze_0/bsp/system.mss
TRACE::2024-11-07.23:05:01::SCWMssOS::Commit changes completed.
TRACE::2024-11-07.23:05:01::SCWPlatform::Trying to open the hw design at C:/Users/curti/OneDrive/Documents/UIUC/ECE-385/Vivado_Projects/lab7_2/lab7_2_workspace/mb_usb_hdmi_top/hw/mb_usb_hdmi_top_new.xsa
TRACE::2024-11-07.23:05:01::SCWPlatform::DSA given C:/Users/curti/OneDrive/Documents/UIUC/ECE-385/Vivado_Projects/lab7_2/lab7_2_workspace/mb_usb_hdmi_top/hw/mb_usb_hdmi_top_new.xsa
TRACE::2024-11-07.23:05:01::SCWPlatform::DSA absoulate path C:/Users/curti/OneDrive/Documents/UIUC/ECE-385/Vivado_Projects/lab7_2/lab7_2_workspace/mb_usb_hdmi_top/hw/mb_usb_hdmi_top_new.xsa
TRACE::2024-11-07.23:05:01::SCWPlatform::DSA directory C:/Users/curti/OneDrive/Documents/UIUC/ECE-385/Vivado_Projects/lab7_2/lab7_2_workspace/mb_usb_hdmi_top/hw
TRACE::2024-11-07.23:05:01::SCWPlatform:: Platform Path C:/Users/curti/OneDrive/Documents/UIUC/ECE-385/Vivado_Projects/lab7_2/lab7_2_workspace/mb_usb_hdmi_top/hw/mb_usb_hdmi_top_new.xsa
TRACE::2024-11-07.23:05:01::SCWPlatform:: Unique name xilinx:::0.0
TRACE::2024-11-07.23:05:01::SCWPlatform::Trying to set the existing hwdb with name mb_usb_hdmi_top_8
TRACE::2024-11-07.23:05:01::SCWPlatform::Opened existing hwdb mb_usb_hdmi_top_8
TRACE::2024-11-07.23:05:01::SCWPlatform::Found the Hw Db part of the input DSA
TRACE::2024-11-07.23:05:01::SCWMssOS::Checking the sw design at  C:/Users/curti/OneDrive/Documents/UIUC/ECE-385/Vivado_Projects/lab7_2/lab7_2_workspace/mb_usb_hdmi_top/microblaze_0/standalone_microblaze_0/bsp/system.mss
TRACE::2024-11-07.23:05:01::SCWMssOS::DEBUG:  swdes dump  C:/Users/curti/OneDrive/Documents/UIUC/ECE-385/Vivado_Projects/lab7_2/lab7_2_workspace/mb_usb_hdmi_top/microblaze_0/standalone_microblaze_0/bsp/system.mss|system||

TRACE::2024-11-07.23:05:01::SCWMssOS::Sw design exists and opened at  C:/Users/curti/OneDrive/Documents/UIUC/ECE-385/Vivado_Projects/lab7_2/lab7_2_workspace/mb_usb_hdmi_top/microblaze_0/standalone_microblaze_0/bsp/system.mss
TRACE::2024-11-07.23:05:01::SCWWriter::formatted JSON is {
	"platformName":	"mb_usb_hdmi_top",
	"sprVersion":	"2.0",
	"mode":	"gui",
	"dsaType":	"Fixed",
	"platformDesc":	"mb_usb_hdmi_top",
	"platHandOff":	"C:/Users/curti/Downloads/mb_usb_hdmi_top_new.xsa",
	"platIntHandOff":	"<platformDir>/hw/mb_usb_hdmi_top_new.xsa",
	"deviceType":	"FPGA",
	"platIsPrebuiltAutogen":	"false",
	"platIsNoBootBsp":	"false",
	"hasFsblMakeHasChanges":	"false",
	"hasPmufwMakeHasChanges":	"false",
	"platPreBuiltFlag":	false,
	"platformSamplesDir":	"",
	"platActiveSys":	"mb_usb_hdmi_top",
	"systems":	[{
			"systemName":	"mb_usb_hdmi_top",
			"systemDesc":	"mb_usb_hdmi_top",
			"sysIsBootAutoGen":	"true",
			"systemDispName":	"mb_usb_hdmi_top",
			"sysActiveDom":	"standalone_microblaze_0",
			"sysDefaultDom":	"standalone_microblaze_0",
			"domains":	[{
					"domainName":	"standalone_microblaze_0",
					"domainDispName":	"standalone_microblaze_0",
					"domainDesc":	"standalone_microblaze_0",
					"processors":	"microblaze_0",
					"os":	"standalone",
					"sdxOs":	"standalone",
					"debugEnable":	"False",
					"domRuntimes":	["cpp"],
					"swRepo":	"",
					"mssOsVer":	"8.0",
					"mssFile":	"",
					"md5Digest":	"5422c1e5be4ae93f4de8c50507402f2a",
					"compatibleApp":	"",
					"domType":	"mssDomain",
					"arch":	"32-bit",
					"appSettings":	{
						"appCompilerFlags":	"",
						"appLinkerFlags":	""
					},
					"addedLibs":	[],
					"libOptions":	{
						"libsContainingOptions":	[]
					},
					"prebuiltLibs":	{
						"prebuiltIncPath":	[],
						"prebuiltLibPath":	[]
					},
					"isolation":	{
					}
				}]
		}]
}
KEYINFO::2024-11-07.23:05:01::SCWPlatform::updated the xpfm file.
TRACE::2024-11-07.23:05:01::SCWPlatform::Trying to open the hw design at C:/Users/curti/OneDrive/Documents/UIUC/ECE-385/Vivado_Projects/lab7_2/lab7_2_workspace/mb_usb_hdmi_top/hw/mb_usb_hdmi_top_new.xsa
TRACE::2024-11-07.23:05:01::SCWPlatform::DSA given C:/Users/curti/OneDrive/Documents/UIUC/ECE-385/Vivado_Projects/lab7_2/lab7_2_workspace/mb_usb_hdmi_top/hw/mb_usb_hdmi_top_new.xsa
TRACE::2024-11-07.23:05:01::SCWPlatform::DSA absoulate path C:/Users/curti/OneDrive/Documents/UIUC/ECE-385/Vivado_Projects/lab7_2/lab7_2_workspace/mb_usb_hdmi_top/hw/mb_usb_hdmi_top_new.xsa
TRACE::2024-11-07.23:05:01::SCWPlatform::DSA directory C:/Users/curti/OneDrive/Documents/UIUC/ECE-385/Vivado_Projects/lab7_2/lab7_2_workspace/mb_usb_hdmi_top/hw
TRACE::2024-11-07.23:05:01::SCWPlatform:: Platform Path C:/Users/curti/OneDrive/Documents/UIUC/ECE-385/Vivado_Projects/lab7_2/lab7_2_workspace/mb_usb_hdmi_top/hw/mb_usb_hdmi_top_new.xsa
TRACE::2024-11-07.23:05:01::SCWPlatform:: Unique name xilinx:::0.0
TRACE::2024-11-07.23:05:01::SCWPlatform::Trying to set the existing hwdb with name mb_usb_hdmi_top_8
TRACE::2024-11-07.23:05:01::SCWPlatform::Opened existing hwdb mb_usb_hdmi_top_8
TRACE::2024-11-07.23:05:01::SCWPlatform::Found the Hw Db part of the input DSA
TRACE::2024-11-07.23:05:01::SCWMssOS::Checking the sw design at  C:/Users/curti/OneDrive/Documents/UIUC/ECE-385/Vivado_Projects/lab7_2/lab7_2_workspace/mb_usb_hdmi_top/microblaze_0/standalone_microblaze_0/bsp/system.mss
TRACE::2024-11-07.23:05:01::SCWMssOS::DEBUG:  swdes dump  C:/Users/curti/OneDrive/Documents/UIUC/ECE-385/Vivado_Projects/lab7_2/lab7_2_workspace/mb_usb_hdmi_top/microblaze_0/standalone_microblaze_0/bsp/system.mss|system||

TRACE::2024-11-07.23:05:01::SCWMssOS::Sw design exists and opened at  C:/Users/curti/OneDrive/Documents/UIUC/ECE-385/Vivado_Projects/lab7_2/lab7_2_workspace/mb_usb_hdmi_top/microblaze_0/standalone_microblaze_0/bsp/system.mss
TRACE::2024-11-07.23:18:27::SCWPlatform::Clearing the existing platform
TRACE::2024-11-07.23:18:27::SCWSystem::Clearing the existing sysconfig
TRACE::2024-11-07.23:18:27::SCWMssOS::Removing the swdes entry for  C:/Users/curti/OneDrive/Documents/UIUC/ECE-385/Vivado_Projects/lab7_2/lab7_2_workspace/mb_usb_hdmi_top/microblaze_0/standalone_microblaze_0/bsp/system.mss
TRACE::2024-11-07.23:18:27::SCWSystem::Clearing the domains completed.
TRACE::2024-11-07.23:18:27::SCWPlatform::Clearing the opened hw db.
TRACE::2024-11-07.23:18:27::SCWPlatform::DSA given C:/Users/curti/OneDrive/Documents/UIUC/ECE-385/Vivado_Projects/lab7_2/lab7_2_workspace/mb_usb_hdmi_top/hw/mb_usb_hdmi_top_new.xsa
TRACE::2024-11-07.23:18:27::SCWPlatform::DSA absoulate path C:/Users/curti/OneDrive/Documents/UIUC/ECE-385/Vivado_Projects/lab7_2/lab7_2_workspace/mb_usb_hdmi_top/hw/mb_usb_hdmi_top_new.xsa
TRACE::2024-11-07.23:18:27::SCWPlatform:: Platform location is C:/Users/curti/OneDrive/Documents/UIUC/ECE-385/Vivado_Projects/lab7_2/lab7_2_workspace/mb_usb_hdmi_top/hw
TRACE::2024-11-07.23:18:27::SCWPlatform:: Platform Path C:/Users/curti/OneDrive/Documents/UIUC/ECE-385/Vivado_Projects/lab7_2/lab7_2_workspace/mb_usb_hdmi_top/hw/mb_usb_hdmi_top_new.xsa
TRACE::2024-11-07.23:18:27::SCWPlatform:: Unique name xilinx:::0.0
TRACE::2024-11-07.23:18:27::SCWPlatform::Removing the HwDB with name C:/Users/curti/OneDrive/Documents/UIUC/ECE-385/Vivado_Projects/lab7_2/lab7_2_workspace/mb_usb_hdmi_top/hw/mb_usb_hdmi_top_new.xsa
TRACE::2024-11-07.23:18:27::SCWPlatform::Trying to open the hw design at C:/Users/curti/OneDrive/Documents/UIUC/ECE-385/Vivado_Projects/lab7_2/lab7_2_workspace/mb_usb_hdmi_top/hw/mb_usb_hdmi_top_new.xsa
TRACE::2024-11-07.23:18:27::SCWPlatform::DSA given C:/Users/curti/OneDrive/Documents/UIUC/ECE-385/Vivado_Projects/lab7_2/lab7_2_workspace/mb_usb_hdmi_top/hw/mb_usb_hdmi_top_new.xsa
TRACE::2024-11-07.23:18:27::SCWPlatform::DSA absoulate path C:/Users/curti/OneDrive/Documents/UIUC/ECE-385/Vivado_Projects/lab7_2/lab7_2_workspace/mb_usb_hdmi_top/hw/mb_usb_hdmi_top_new.xsa
TRACE::2024-11-07.23:18:27::SCWPlatform::DSA directory C:/Users/curti/OneDrive/Documents/UIUC/ECE-385/Vivado_Projects/lab7_2/lab7_2_workspace/mb_usb_hdmi_top/hw
TRACE::2024-11-07.23:18:27::SCWPlatform:: Platform Path C:/Users/curti/OneDrive/Documents/UIUC/ECE-385/Vivado_Projects/lab7_2/lab7_2_workspace/mb_usb_hdmi_top/hw/mb_usb_hdmi_top_new.xsa
TRACE::2024-11-07.23:18:27::SCWPlatform:: Unique name xilinx:::0.0
TRACE::2024-11-07.23:18:27::SCWPlatform::Do not have an existing db opened. 
TRACE::2024-11-07.23:18:27::SCWPlatform::Opened new HwDB with name mb_usb_hdmi_top_9
TRACE::2024-11-07.23:18:27::SCWReader::Active system found as  mb_usb_hdmi_top
TRACE::2024-11-07.23:18:27::SCWReader::Handling sysconfig mb_usb_hdmi_top
TRACE::2024-11-07.23:18:27::SCWDomain::checking for install qemu data   : 
TRACE::2024-11-07.23:18:27::SCWPlatform::Trying to open the hw design at C:/Users/curti/OneDrive/Documents/UIUC/ECE-385/Vivado_Projects/lab7_2/lab7_2_workspace/mb_usb_hdmi_top/hw/mb_usb_hdmi_top_new.xsa
TRACE::2024-11-07.23:18:27::SCWPlatform::DSA given C:/Users/curti/OneDrive/Documents/UIUC/ECE-385/Vivado_Projects/lab7_2/lab7_2_workspace/mb_usb_hdmi_top/hw/mb_usb_hdmi_top_new.xsa
TRACE::2024-11-07.23:18:27::SCWPlatform::DSA absoulate path C:/Users/curti/OneDrive/Documents/UIUC/ECE-385/Vivado_Projects/lab7_2/lab7_2_workspace/mb_usb_hdmi_top/hw/mb_usb_hdmi_top_new.xsa
TRACE::2024-11-07.23:18:27::SCWPlatform::DSA directory C:/Users/curti/OneDrive/Documents/UIUC/ECE-385/Vivado_Projects/lab7_2/lab7_2_workspace/mb_usb_hdmi_top/hw
TRACE::2024-11-07.23:18:27::SCWPlatform:: Platform Path C:/Users/curti/OneDrive/Documents/UIUC/ECE-385/Vivado_Projects/lab7_2/lab7_2_workspace/mb_usb_hdmi_top/hw/mb_usb_hdmi_top_new.xsa
TRACE::2024-11-07.23:18:27::SCWPlatform:: Unique name xilinx:::0.0
TRACE::2024-11-07.23:18:27::SCWPlatform::Trying to set the existing hwdb with name mb_usb_hdmi_top_9
TRACE::2024-11-07.23:18:27::SCWPlatform::Opened existing hwdb mb_usb_hdmi_top_9
TRACE::2024-11-07.23:18:27::SCWPlatform::Found the Hw Db part of the input DSA
TRACE::2024-11-07.23:18:27::SCWPlatform::Trying to open the hw design at C:/Users/curti/OneDrive/Documents/UIUC/ECE-385/Vivado_Projects/lab7_2/lab7_2_workspace/mb_usb_hdmi_top/hw/mb_usb_hdmi_top_new.xsa
TRACE::2024-11-07.23:18:27::SCWPlatform::DSA given C:/Users/curti/OneDrive/Documents/UIUC/ECE-385/Vivado_Projects/lab7_2/lab7_2_workspace/mb_usb_hdmi_top/hw/mb_usb_hdmi_top_new.xsa
TRACE::2024-11-07.23:18:27::SCWPlatform::DSA absoulate path C:/Users/curti/OneDrive/Documents/UIUC/ECE-385/Vivado_Projects/lab7_2/lab7_2_workspace/mb_usb_hdmi_top/hw/mb_usb_hdmi_top_new.xsa
TRACE::2024-11-07.23:18:27::SCWPlatform::DSA directory C:/Users/curti/OneDrive/Documents/UIUC/ECE-385/Vivado_Projects/lab7_2/lab7_2_workspace/mb_usb_hdmi_top/hw
TRACE::2024-11-07.23:18:27::SCWPlatform:: Platform Path C:/Users/curti/OneDrive/Documents/UIUC/ECE-385/Vivado_Projects/lab7_2/lab7_2_workspace/mb_usb_hdmi_top/hw/mb_usb_hdmi_top_new.xsa
TRACE::2024-11-07.23:18:27::SCWPlatform:: Unique name xilinx:::0.0
TRACE::2024-11-07.23:18:27::SCWPlatform::Trying to set the existing hwdb with name mb_usb_hdmi_top_9
TRACE::2024-11-07.23:18:27::SCWPlatform::Opened existing hwdb mb_usb_hdmi_top_9
TRACE::2024-11-07.23:18:27::SCWPlatform::Found the Hw Db part of the input DSA
TRACE::2024-11-07.23:18:27::SCWPlatform::Trying to open the hw design at C:/Users/curti/OneDrive/Documents/UIUC/ECE-385/Vivado_Projects/lab7_2/lab7_2_workspace/mb_usb_hdmi_top/hw/mb_usb_hdmi_top_new.xsa
TRACE::2024-11-07.23:18:27::SCWPlatform::DSA given C:/Users/curti/OneDrive/Documents/UIUC/ECE-385/Vivado_Projects/lab7_2/lab7_2_workspace/mb_usb_hdmi_top/hw/mb_usb_hdmi_top_new.xsa
TRACE::2024-11-07.23:18:27::SCWPlatform::DSA absoulate path C:/Users/curti/OneDrive/Documents/UIUC/ECE-385/Vivado_Projects/lab7_2/lab7_2_workspace/mb_usb_hdmi_top/hw/mb_usb_hdmi_top_new.xsa
TRACE::2024-11-07.23:18:27::SCWPlatform::DSA directory C:/Users/curti/OneDrive/Documents/UIUC/ECE-385/Vivado_Projects/lab7_2/lab7_2_workspace/mb_usb_hdmi_top/hw
TRACE::2024-11-07.23:18:27::SCWPlatform:: Platform Path C:/Users/curti/OneDrive/Documents/UIUC/ECE-385/Vivado_Projects/lab7_2/lab7_2_workspace/mb_usb_hdmi_top/hw/mb_usb_hdmi_top_new.xsa
TRACE::2024-11-07.23:18:27::SCWPlatform:: Unique name xilinx:::0.0
TRACE::2024-11-07.23:18:27::SCWPlatform::Trying to set the existing hwdb with name mb_usb_hdmi_top_9
TRACE::2024-11-07.23:18:27::SCWPlatform::Opened existing hwdb mb_usb_hdmi_top_9
TRACE::2024-11-07.23:18:27::SCWPlatform::Found the Hw Db part of the input DSA
TRACE::2024-11-07.23:18:27::SCWPlatform::Trying to open the hw design at C:/Users/curti/OneDrive/Documents/UIUC/ECE-385/Vivado_Projects/lab7_2/lab7_2_workspace/mb_usb_hdmi_top/hw/mb_usb_hdmi_top_new.xsa
TRACE::2024-11-07.23:18:27::SCWPlatform::DSA given C:/Users/curti/OneDrive/Documents/UIUC/ECE-385/Vivado_Projects/lab7_2/lab7_2_workspace/mb_usb_hdmi_top/hw/mb_usb_hdmi_top_new.xsa
TRACE::2024-11-07.23:18:27::SCWPlatform::DSA absoulate path C:/Users/curti/OneDrive/Documents/UIUC/ECE-385/Vivado_Projects/lab7_2/lab7_2_workspace/mb_usb_hdmi_top/hw/mb_usb_hdmi_top_new.xsa
TRACE::2024-11-07.23:18:27::SCWPlatform::DSA directory C:/Users/curti/OneDrive/Documents/UIUC/ECE-385/Vivado_Projects/lab7_2/lab7_2_workspace/mb_usb_hdmi_top/hw
TRACE::2024-11-07.23:18:27::SCWPlatform:: Platform Path C:/Users/curti/OneDrive/Documents/UIUC/ECE-385/Vivado_Projects/lab7_2/lab7_2_workspace/mb_usb_hdmi_top/hw/mb_usb_hdmi_top_new.xsa
TRACE::2024-11-07.23:18:27::SCWPlatform:: Unique name xilinx:::0.0
TRACE::2024-11-07.23:18:27::SCWPlatform::Trying to set the existing hwdb with name mb_usb_hdmi_top_9
TRACE::2024-11-07.23:18:27::SCWPlatform::Opened existing hwdb mb_usb_hdmi_top_9
TRACE::2024-11-07.23:18:27::SCWPlatform::Found the Hw Db part of the input DSA
TRACE::2024-11-07.23:18:27::SCWMssOS::Checking the sw design at  C:/Users/curti/OneDrive/Documents/UIUC/ECE-385/Vivado_Projects/lab7_2/lab7_2_workspace/mb_usb_hdmi_top/microblaze_0/standalone_microblaze_0/bsp/system.mss
TRACE::2024-11-07.23:18:27::SCWMssOS::DEBUG:  swdes dump  
TRACE::2024-11-07.23:18:27::SCWMssOS::No sw design opened at  C:/Users/curti/OneDrive/Documents/UIUC/ECE-385/Vivado_Projects/lab7_2/lab7_2_workspace/mb_usb_hdmi_top/microblaze_0/standalone_microblaze_0/bsp/system.mss
TRACE::2024-11-07.23:18:27::SCWMssOS::mss exists loading the mss file  C:/Users/curti/OneDrive/Documents/UIUC/ECE-385/Vivado_Projects/lab7_2/lab7_2_workspace/mb_usb_hdmi_top/microblaze_0/standalone_microblaze_0/bsp/system.mss
TRACE::2024-11-07.23:18:27::SCWMssOS::Opened the sw design from mss  C:/Users/curti/OneDrive/Documents/UIUC/ECE-385/Vivado_Projects/lab7_2/lab7_2_workspace/mb_usb_hdmi_top/microblaze_0/standalone_microblaze_0/bsp/system.mss
TRACE::2024-11-07.23:18:27::SCWMssOS::Adding the swdes entry C:/Users/curti/OneDrive/Documents/UIUC/ECE-385/Vivado_Projects/lab7_2/lab7_2_workspace/mb_usb_hdmi_top/microblaze_0/standalone_microblaze_0/bsp/system.mss with des name system
TRACE::2024-11-07.23:18:27::SCWMssOS::updating the scw layer about changes
TRACE::2024-11-07.23:18:27::SCWMssOS::Opened the sw design.  C:/Users/curti/OneDrive/Documents/UIUC/ECE-385/Vivado_Projects/lab7_2/lab7_2_workspace/mb_usb_hdmi_top/microblaze_0/standalone_microblaze_0/bsp/system.mss
TRACE::2024-11-07.23:18:27::SCWMssOS::Saving the mss changes C:/Users/curti/OneDrive/Documents/UIUC/ECE-385/Vivado_Projects/lab7_2/lab7_2_workspace/mb_usb_hdmi_top/microblaze_0/standalone_microblaze_0/bsp/system.mss
TRACE::2024-11-07.23:18:27::SCWMssOS::Found a swdesign opened with the mssfile.
TRACE::2024-11-07.23:18:27::SCWMssOS::Completed writemss as part of save.
TRACE::2024-11-07.23:18:27::SCWMssOS::Commit changes completed.
TRACE::2024-11-07.23:18:27::SCWReader::Adding prebuilt librarypaths as   
TRACE::2024-11-07.23:18:27::SCWReader::Adding prebuilt incpaths  as   
TRACE::2024-11-07.23:18:27::SCWPlatform::Trying to open the hw design at C:/Users/curti/OneDrive/Documents/UIUC/ECE-385/Vivado_Projects/lab7_2/lab7_2_workspace/mb_usb_hdmi_top/hw/mb_usb_hdmi_top_new.xsa
TRACE::2024-11-07.23:18:27::SCWPlatform::DSA given C:/Users/curti/OneDrive/Documents/UIUC/ECE-385/Vivado_Projects/lab7_2/lab7_2_workspace/mb_usb_hdmi_top/hw/mb_usb_hdmi_top_new.xsa
TRACE::2024-11-07.23:18:27::SCWPlatform::DSA absoulate path C:/Users/curti/OneDrive/Documents/UIUC/ECE-385/Vivado_Projects/lab7_2/lab7_2_workspace/mb_usb_hdmi_top/hw/mb_usb_hdmi_top_new.xsa
TRACE::2024-11-07.23:18:27::SCWPlatform::DSA directory C:/Users/curti/OneDrive/Documents/UIUC/ECE-385/Vivado_Projects/lab7_2/lab7_2_workspace/mb_usb_hdmi_top/hw
TRACE::2024-11-07.23:18:27::SCWPlatform:: Platform Path C:/Users/curti/OneDrive/Documents/UIUC/ECE-385/Vivado_Projects/lab7_2/lab7_2_workspace/mb_usb_hdmi_top/hw/mb_usb_hdmi_top_new.xsa
TRACE::2024-11-07.23:18:27::SCWPlatform:: Unique name xilinx:::0.0
TRACE::2024-11-07.23:18:27::SCWPlatform::Trying to set the existing hwdb with name mb_usb_hdmi_top_9
TRACE::2024-11-07.23:18:27::SCWPlatform::Opened existing hwdb mb_usb_hdmi_top_9
TRACE::2024-11-07.23:18:27::SCWPlatform::Found the Hw Db part of the input DSA
TRACE::2024-11-07.23:18:27::SCWMssOS::Checking the sw design at  C:/Users/curti/OneDrive/Documents/UIUC/ECE-385/Vivado_Projects/lab7_2/lab7_2_workspace/mb_usb_hdmi_top/microblaze_0/standalone_microblaze_0/bsp/system.mss
TRACE::2024-11-07.23:18:27::SCWMssOS::DEBUG:  swdes dump  C:/Users/curti/OneDrive/Documents/UIUC/ECE-385/Vivado_Projects/lab7_2/lab7_2_workspace/mb_usb_hdmi_top/microblaze_0/standalone_microblaze_0/bsp/system.mss|system||

TRACE::2024-11-07.23:18:27::SCWMssOS::Sw design exists and opened at  C:/Users/curti/OneDrive/Documents/UIUC/ECE-385/Vivado_Projects/lab7_2/lab7_2_workspace/mb_usb_hdmi_top/microblaze_0/standalone_microblaze_0/bsp/system.mss
TRACE::2024-11-07.23:18:27::SCWReader::No isolation master present  
TRACE::2024-11-07.23:18:37::SCWPlatform::DSA given C:/Users/curti/OneDrive/Documents/UIUC/ECE-385/Vivado_Projects/lab7_2/lab7_2_workspace/mb_usb_hdmi_top/tempdsa/mb_usb_hdmi_top.xsa
TRACE::2024-11-07.23:18:37::SCWPlatform::DSA absoulate path C:/Users/curti/OneDrive/Documents/UIUC/ECE-385/Vivado_Projects/lab7_2/lab7_2_workspace/mb_usb_hdmi_top/tempdsa/mb_usb_hdmi_top.xsa
TRACE::2024-11-07.23:18:37::SCWPlatform:: Platform location is C:/Users/curti/OneDrive/Documents/UIUC/ECE-385/Vivado_Projects/lab7_2/lab7_2_workspace/mb_usb_hdmi_top/tempdsa
TRACE::2024-11-07.23:18:37::SCWPlatform:: Platform Path C:/Users/curti/OneDrive/Documents/UIUC/ECE-385/Vivado_Projects/lab7_2/lab7_2_workspace/mb_usb_hdmi_top/tempdsa/mb_usb_hdmi_top.xsa
TRACE::2024-11-07.23:18:37::SCWPlatform:: Unique name xilinx:::0.0
TRACE::2024-11-07.23:18:37::SCWPlatform::Found the Hw Db part of the input DSA
TRACE::2024-11-07.23:18:37::SCWMssOS::Doing hw sync for the mss in domain: standalone_microblaze_0
TRACE::2024-11-07.23:18:37::SCWPlatform::Trying to open the hw design at C:/Users/curti/OneDrive/Documents/UIUC/ECE-385/Vivado_Projects/lab7_2/lab7_2_workspace/mb_usb_hdmi_top/hw/mb_usb_hdmi_top_new.xsa
TRACE::2024-11-07.23:18:37::SCWPlatform::DSA given C:/Users/curti/OneDrive/Documents/UIUC/ECE-385/Vivado_Projects/lab7_2/lab7_2_workspace/mb_usb_hdmi_top/hw/mb_usb_hdmi_top_new.xsa
TRACE::2024-11-07.23:18:37::SCWPlatform::DSA absoulate path C:/Users/curti/OneDrive/Documents/UIUC/ECE-385/Vivado_Projects/lab7_2/lab7_2_workspace/mb_usb_hdmi_top/hw/mb_usb_hdmi_top_new.xsa
TRACE::2024-11-07.23:18:37::SCWPlatform::DSA directory C:/Users/curti/OneDrive/Documents/UIUC/ECE-385/Vivado_Projects/lab7_2/lab7_2_workspace/mb_usb_hdmi_top/hw
TRACE::2024-11-07.23:18:37::SCWPlatform:: Platform Path C:/Users/curti/OneDrive/Documents/UIUC/ECE-385/Vivado_Projects/lab7_2/lab7_2_workspace/mb_usb_hdmi_top/hw/mb_usb_hdmi_top_new.xsa
TRACE::2024-11-07.23:18:37::SCWPlatform:: Unique name xilinx:::0.0
TRACE::2024-11-07.23:18:37::SCWPlatform::Trying to set the existing hwdb with name mb_usb_hdmi_top_9
TRACE::2024-11-07.23:18:37::SCWPlatform::Opened existing hwdb mb_usb_hdmi_top_9
TRACE::2024-11-07.23:18:37::SCWPlatform::Found the Hw Db part of the input DSA
TRACE::2024-11-07.23:18:37::SCWPlatform::Trying to open the hw design at C:/Users/curti/OneDrive/Documents/UIUC/ECE-385/Vivado_Projects/lab7_2/lab7_2_workspace/mb_usb_hdmi_top/hw/mb_usb_hdmi_top_new.xsa
TRACE::2024-11-07.23:18:37::SCWPlatform::DSA given C:/Users/curti/OneDrive/Documents/UIUC/ECE-385/Vivado_Projects/lab7_2/lab7_2_workspace/mb_usb_hdmi_top/hw/mb_usb_hdmi_top_new.xsa
TRACE::2024-11-07.23:18:37::SCWPlatform::DSA absoulate path C:/Users/curti/OneDrive/Documents/UIUC/ECE-385/Vivado_Projects/lab7_2/lab7_2_workspace/mb_usb_hdmi_top/hw/mb_usb_hdmi_top_new.xsa
TRACE::2024-11-07.23:18:37::SCWPlatform::DSA directory C:/Users/curti/OneDrive/Documents/UIUC/ECE-385/Vivado_Projects/lab7_2/lab7_2_workspace/mb_usb_hdmi_top/hw
TRACE::2024-11-07.23:18:37::SCWPlatform:: Platform Path C:/Users/curti/OneDrive/Documents/UIUC/ECE-385/Vivado_Projects/lab7_2/lab7_2_workspace/mb_usb_hdmi_top/hw/mb_usb_hdmi_top_new.xsa
TRACE::2024-11-07.23:18:37::SCWPlatform:: Unique name xilinx:::0.0
TRACE::2024-11-07.23:18:37::SCWPlatform::Trying to set the existing hwdb with name mb_usb_hdmi_top_9
TRACE::2024-11-07.23:18:37::SCWPlatform::Opened existing hwdb mb_usb_hdmi_top_9
TRACE::2024-11-07.23:18:37::SCWPlatform::Found the Hw Db part of the input DSA
TRACE::2024-11-07.23:18:37::SCWMssOS::Checking the sw design at  C:/Users/curti/OneDrive/Documents/UIUC/ECE-385/Vivado_Projects/lab7_2/lab7_2_workspace/mb_usb_hdmi_top/microblaze_0/standalone_microblaze_0/bsp/system.mss
TRACE::2024-11-07.23:18:37::SCWMssOS::DEBUG:  swdes dump  C:/Users/curti/OneDrive/Documents/UIUC/ECE-385/Vivado_Projects/lab7_2/lab7_2_workspace/mb_usb_hdmi_top/microblaze_0/standalone_microblaze_0/bsp/system.mss|system||

TRACE::2024-11-07.23:18:37::SCWMssOS::Sw design exists and opened at  C:/Users/curti/OneDrive/Documents/UIUC/ECE-385/Vivado_Projects/lab7_2/lab7_2_workspace/mb_usb_hdmi_top/microblaze_0/standalone_microblaze_0/bsp/system.mss
TRACE::2024-11-07.23:18:37::SCWPlatform::Trying to open the hw design at C:/Users/curti/OneDrive/Documents/UIUC/ECE-385/Vivado_Projects/lab7_2/lab7_2_workspace/mb_usb_hdmi_top/tempdsa/mb_usb_hdmi_top.xsa
TRACE::2024-11-07.23:18:37::SCWPlatform::DSA given C:/Users/curti/OneDrive/Documents/UIUC/ECE-385/Vivado_Projects/lab7_2/lab7_2_workspace/mb_usb_hdmi_top/tempdsa/mb_usb_hdmi_top.xsa
TRACE::2024-11-07.23:18:37::SCWPlatform::DSA absoulate path C:/Users/curti/OneDrive/Documents/UIUC/ECE-385/Vivado_Projects/lab7_2/lab7_2_workspace/mb_usb_hdmi_top/tempdsa/mb_usb_hdmi_top.xsa
TRACE::2024-11-07.23:18:37::SCWPlatform::DSA directory C:/Users/curti/OneDrive/Documents/UIUC/ECE-385/Vivado_Projects/lab7_2/lab7_2_workspace/mb_usb_hdmi_top/tempdsa
TRACE::2024-11-07.23:18:37::SCWPlatform:: Platform Path C:/Users/curti/OneDrive/Documents/UIUC/ECE-385/Vivado_Projects/lab7_2/lab7_2_workspace/mb_usb_hdmi_top/tempdsa/mb_usb_hdmi_top.xsa
TRACE::2024-11-07.23:18:37::SCWPlatform:: Unique name xilinx:::0.0
TRACE::2024-11-07.23:18:37::SCWPlatform::update - Opened existing hwdb mb_usb_hdmi_top_10
TRACE::2024-11-07.23:18:37::SCWPlatform::Found the Hw Db part of the input DSA
TRACE::2024-11-07.23:18:37::SCWMssOS::Saving the mss changes C:/Users/curti/OneDrive/Documents/UIUC/ECE-385/Vivado_Projects/lab7_2/lab7_2_workspace/mb_usb_hdmi_top/microblaze_0/standalone_microblaze_0/bsp/system.mss
TRACE::2024-11-07.23:18:37::SCWMssOS::Found a swdesign opened with the mssfile.
TRACE::2024-11-07.23:18:37::SCWMssOS::Completed writemss as part of save.
TRACE::2024-11-07.23:18:37::SCWMssOS::Commit changes completed.
TRACE::2024-11-07.23:18:37::SCWMssOS::Completed hw sync for the mss in domain: standalone_microblaze_0
TRACE::2024-11-07.23:18:37::SCWMssOS::Removing the swdes entry for  C:/Users/curti/OneDrive/Documents/UIUC/ECE-385/Vivado_Projects/lab7_2/lab7_2_workspace/mb_usb_hdmi_top/microblaze_0/standalone_microblaze_0/bsp/system.mss
TRACE::2024-11-07.23:18:37::SCWPlatform::Trying to open the hw design at C:/Users/curti/OneDrive/Documents/UIUC/ECE-385/Vivado_Projects/lab7_2/lab7_2_workspace/mb_usb_hdmi_top/hw/mb_usb_hdmi_top.xsa
TRACE::2024-11-07.23:18:37::SCWPlatform::DSA given C:/Users/curti/OneDrive/Documents/UIUC/ECE-385/Vivado_Projects/lab7_2/lab7_2_workspace/mb_usb_hdmi_top/hw/mb_usb_hdmi_top.xsa
TRACE::2024-11-07.23:18:37::SCWPlatform::DSA absoulate path C:/Users/curti/OneDrive/Documents/UIUC/ECE-385/Vivado_Projects/lab7_2/lab7_2_workspace/mb_usb_hdmi_top/hw/mb_usb_hdmi_top.xsa
TRACE::2024-11-07.23:18:37::SCWPlatform::DSA directory C:/Users/curti/OneDrive/Documents/UIUC/ECE-385/Vivado_Projects/lab7_2/lab7_2_workspace/mb_usb_hdmi_top/hw
TRACE::2024-11-07.23:18:37::SCWPlatform:: Platform Path C:/Users/curti/OneDrive/Documents/UIUC/ECE-385/Vivado_Projects/lab7_2/lab7_2_workspace/mb_usb_hdmi_top/hw/mb_usb_hdmi_top.xsa
TRACE::2024-11-07.23:18:37::SCWPlatform:: Unique name xilinx:::0.0
TRACE::2024-11-07.23:18:37::SCWPlatform::Do not have an existing db opened. 
TRACE::2024-11-07.23:18:38::SCWPlatform::Opened new HwDB with name mb_usb_hdmi_top_11
TRACE::2024-11-07.23:18:38::SCWMssOS::Saving the mss changes C:/Users/curti/OneDrive/Documents/UIUC/ECE-385/Vivado_Projects/lab7_2/lab7_2_workspace/mb_usb_hdmi_top/microblaze_0/standalone_microblaze_0/bsp/system.mss
TRACE::2024-11-07.23:18:38::SCWMssOS::Adding the swdes entry, mss present, able to open swdb C:/Users/curti/OneDrive/Documents/UIUC/ECE-385/Vivado_Projects/lab7_2/lab7_2_workspace/mb_usb_hdmi_top/microblaze_0/standalone_microblaze_0/bsp/system.mss with des name system
TRACE::2024-11-07.23:18:38::SCWMssOS::Writing the mss file completed C:/Users/curti/OneDrive/Documents/UIUC/ECE-385/Vivado_Projects/lab7_2/lab7_2_workspace/mb_usb_hdmi_top/microblaze_0/standalone_microblaze_0/bsp/system.mss
TRACE::2024-11-07.23:18:38::SCWMssOS::Commit changes completed.
TRACE::2024-11-07.23:18:38::SCWPlatform::Trying to open the hw design at C:/Users/curti/OneDrive/Documents/UIUC/ECE-385/Vivado_Projects/lab7_2/lab7_2_workspace/mb_usb_hdmi_top/hw/mb_usb_hdmi_top.xsa
TRACE::2024-11-07.23:18:38::SCWPlatform::DSA given C:/Users/curti/OneDrive/Documents/UIUC/ECE-385/Vivado_Projects/lab7_2/lab7_2_workspace/mb_usb_hdmi_top/hw/mb_usb_hdmi_top.xsa
TRACE::2024-11-07.23:18:38::SCWPlatform::DSA absoulate path C:/Users/curti/OneDrive/Documents/UIUC/ECE-385/Vivado_Projects/lab7_2/lab7_2_workspace/mb_usb_hdmi_top/hw/mb_usb_hdmi_top.xsa
TRACE::2024-11-07.23:18:38::SCWPlatform::DSA directory C:/Users/curti/OneDrive/Documents/UIUC/ECE-385/Vivado_Projects/lab7_2/lab7_2_workspace/mb_usb_hdmi_top/hw
TRACE::2024-11-07.23:18:38::SCWPlatform:: Platform Path C:/Users/curti/OneDrive/Documents/UIUC/ECE-385/Vivado_Projects/lab7_2/lab7_2_workspace/mb_usb_hdmi_top/hw/mb_usb_hdmi_top.xsa
TRACE::2024-11-07.23:18:38::SCWPlatform:: Unique name xilinx:::0.0
TRACE::2024-11-07.23:18:38::SCWPlatform::Trying to set the existing hwdb with name mb_usb_hdmi_top_11
TRACE::2024-11-07.23:18:38::SCWPlatform::Opened existing hwdb mb_usb_hdmi_top_11
TRACE::2024-11-07.23:18:38::SCWPlatform::Found the Hw Db part of the input DSA
TRACE::2024-11-07.23:18:38::SCWMssOS::Checking the sw design at  C:/Users/curti/OneDrive/Documents/UIUC/ECE-385/Vivado_Projects/lab7_2/lab7_2_workspace/mb_usb_hdmi_top/microblaze_0/standalone_microblaze_0/bsp/system.mss
TRACE::2024-11-07.23:18:38::SCWMssOS::DEBUG:  swdes dump  C:/Users/curti/OneDrive/Documents/UIUC/ECE-385/Vivado_Projects/lab7_2/lab7_2_workspace/mb_usb_hdmi_top/microblaze_0/standalone_microblaze_0/bsp/system.mss|system||

TRACE::2024-11-07.23:18:38::SCWMssOS::Sw design exists and opened at  C:/Users/curti/OneDrive/Documents/UIUC/ECE-385/Vivado_Projects/lab7_2/lab7_2_workspace/mb_usb_hdmi_top/microblaze_0/standalone_microblaze_0/bsp/system.mss
TRACE::2024-11-07.23:18:38::SCWWriter::formatted JSON is {
	"platformName":	"mb_usb_hdmi_top",
	"sprVersion":	"2.0",
	"mode":	"gui",
	"dsaType":	"Fixed",
	"platformDesc":	"mb_usb_hdmi_top",
	"platHandOff":	"C:/Users/curti/Downloads/mb_usb_hdmi_top.xsa",
	"platIntHandOff":	"<platformDir>/hw/mb_usb_hdmi_top.xsa",
	"deviceType":	"FPGA",
	"platIsPrebuiltAutogen":	"false",
	"platIsNoBootBsp":	"false",
	"hasFsblMakeHasChanges":	"false",
	"hasPmufwMakeHasChanges":	"false",
	"platPreBuiltFlag":	false,
	"platformSamplesDir":	"",
	"platActiveSys":	"mb_usb_hdmi_top",
	"systems":	[{
			"systemName":	"mb_usb_hdmi_top",
			"systemDesc":	"mb_usb_hdmi_top",
			"sysIsBootAutoGen":	"true",
			"systemDispName":	"mb_usb_hdmi_top",
			"sysActiveDom":	"standalone_microblaze_0",
			"sysDefaultDom":	"standalone_microblaze_0",
			"domains":	[{
					"domainName":	"standalone_microblaze_0",
					"domainDispName":	"standalone_microblaze_0",
					"domainDesc":	"standalone_microblaze_0",
					"processors":	"microblaze_0",
					"os":	"standalone",
					"sdxOs":	"standalone",
					"debugEnable":	"False",
					"domRuntimes":	["cpp"],
					"swRepo":	"",
					"mssOsVer":	"8.0",
					"mssFile":	"",
					"md5Digest":	"5422c1e5be4ae93f4de8c50507402f2a1",
					"compatibleApp":	"",
					"domType":	"mssDomain",
					"arch":	"32-bit",
					"appSettings":	{
						"appCompilerFlags":	"",
						"appLinkerFlags":	""
					},
					"addedLibs":	[],
					"libOptions":	{
						"libsContainingOptions":	[]
					},
					"prebuiltLibs":	{
						"prebuiltIncPath":	[],
						"prebuiltLibPath":	[]
					},
					"isolation":	{
					}
				}]
		}]
}
TRACE::2024-11-07.23:18:45::SCWMssOS::cleaning the bsp 
TRACE::2024-11-07.23:18:45::SCWMssOS::System Command Ran  C: & cd  C:/Users/curti/OneDrive/Documents/UIUC/ECE-385/Vivado_Projects/lab7_2/lab7_2_workspace/mb_usb_hdmi_top/microblaze_0/standalone_microblaze_0/bsp & make clean 
TRACE::2024-11-07.23:18:45::SCWMssOS::make -C microblaze_0/libsrc/bram_v4_8/src -s clean 

TRACE::2024-11-07.23:18:45::SCWMssOS::make -C microblaze_0/libsrc/cpu_v2_16/src -s clean 

TRACE::2024-11-07.23:18:45::SCWMssOS::make -C microblaze_0/libsrc/intc_v3_15/src -s clean 

TRACE::2024-11-07.23:18:46::SCWMssOS::make -C microblaze_0/libsrc/standalone_v8_0/src -s clean 

TRACE::2024-11-07.23:18:46::SCWMssOS::make -C microblaze_0/libsrc/uartlite_v3_7/src -s clean 

TRACE::2024-11-07.23:18:46::SCWMssOS::rm -f microblaze_0/lib/libxil.a

TRACE::2024-11-07.23:18:50::SCWMssOS::cleaning the bsp 
TRACE::2024-11-07.23:18:50::SCWMssOS::System Command Ran  C: & cd  C:/Users/curti/OneDrive/Documents/UIUC/ECE-385/Vivado_Projects/lab7_2/lab7_2_workspace/mb_usb_hdmi_top/microblaze_0/standalone_microblaze_0/bsp & make clean 
TRACE::2024-11-07.23:18:50::SCWMssOS::make -C microblaze_0/libsrc/bram_v4_8/src -s clean 

TRACE::2024-11-07.23:18:50::SCWMssOS::make -C microblaze_0/libsrc/cpu_v2_16/src -s clean 

TRACE::2024-11-07.23:18:50::SCWMssOS::make -C microblaze_0/libsrc/intc_v3_15/src -s clean 

TRACE::2024-11-07.23:18:50::SCWMssOS::make -C microblaze_0/libsrc/standalone_v8_0/src -s clean 

TRACE::2024-11-07.23:18:50::SCWMssOS::make -C microblaze_0/libsrc/uartlite_v3_7/src -s clean 

TRACE::2024-11-07.23:18:50::SCWMssOS::rm -f microblaze_0/lib/libxil.a

LOG::2024-11-07.23:18:56::SCWPlatform::Started generating the artifacts platform mb_usb_hdmi_top
TRACE::2024-11-07.23:18:56::SCWPlatform::Sanity checking of platform is completed
LOG::2024-11-07.23:18:56::SCWPlatform::Started generating the artifacts for system configuration mb_usb_hdmi_top
LOG::2024-11-07.23:18:56::SCWSystem::Checking the domain standalone_microblaze_0
LOG::2024-11-07.23:18:56::SCWSystem::Not a boot domain 
LOG::2024-11-07.23:18:56::SCWSystem::Started Processing the domain standalone_microblaze_0
TRACE::2024-11-07.23:18:56::SCWDomain::Generating domain artifcats
TRACE::2024-11-07.23:18:56::SCWMssOS::Generating standalone artifcats
TRACE::2024-11-07.23:18:56::SCWMssOS:: Copying the user libraries. 
TRACE::2024-11-07.23:18:56::SCWPlatform::Trying to open the hw design at C:/Users/curti/OneDrive/Documents/UIUC/ECE-385/Vivado_Projects/lab7_2/lab7_2_workspace/mb_usb_hdmi_top/hw/mb_usb_hdmi_top.xsa
TRACE::2024-11-07.23:18:56::SCWPlatform::DSA given C:/Users/curti/OneDrive/Documents/UIUC/ECE-385/Vivado_Projects/lab7_2/lab7_2_workspace/mb_usb_hdmi_top/hw/mb_usb_hdmi_top.xsa
TRACE::2024-11-07.23:18:56::SCWPlatform::DSA absoulate path C:/Users/curti/OneDrive/Documents/UIUC/ECE-385/Vivado_Projects/lab7_2/lab7_2_workspace/mb_usb_hdmi_top/hw/mb_usb_hdmi_top.xsa
TRACE::2024-11-07.23:18:56::SCWPlatform::DSA directory C:/Users/curti/OneDrive/Documents/UIUC/ECE-385/Vivado_Projects/lab7_2/lab7_2_workspace/mb_usb_hdmi_top/hw
TRACE::2024-11-07.23:18:56::SCWPlatform:: Platform Path C:/Users/curti/OneDrive/Documents/UIUC/ECE-385/Vivado_Projects/lab7_2/lab7_2_workspace/mb_usb_hdmi_top/hw/mb_usb_hdmi_top.xsa
TRACE::2024-11-07.23:18:56::SCWPlatform:: Unique name xilinx:::0.0
TRACE::2024-11-07.23:18:56::SCWPlatform::Trying to set the existing hwdb with name mb_usb_hdmi_top_11
TRACE::2024-11-07.23:18:56::SCWPlatform::Opened existing hwdb mb_usb_hdmi_top_11
TRACE::2024-11-07.23:18:56::SCWPlatform::Found the Hw Db part of the input DSA
TRACE::2024-11-07.23:18:56::SCWMssOS::Checking the sw design at  C:/Users/curti/OneDrive/Documents/UIUC/ECE-385/Vivado_Projects/lab7_2/lab7_2_workspace/mb_usb_hdmi_top/microblaze_0/standalone_microblaze_0/bsp/system.mss
TRACE::2024-11-07.23:18:56::SCWMssOS::DEBUG:  swdes dump  C:/Users/curti/OneDrive/Documents/UIUC/ECE-385/Vivado_Projects/lab7_2/lab7_2_workspace/mb_usb_hdmi_top/microblaze_0/standalone_microblaze_0/bsp/system.mss|system||

TRACE::2024-11-07.23:18:56::SCWMssOS::Sw design exists and opened at  C:/Users/curti/OneDrive/Documents/UIUC/ECE-385/Vivado_Projects/lab7_2/lab7_2_workspace/mb_usb_hdmi_top/microblaze_0/standalone_microblaze_0/bsp/system.mss
TRACE::2024-11-07.23:18:56::SCWMssOS::Completed writing the mss file at C:/Users/curti/OneDrive/Documents/UIUC/ECE-385/Vivado_Projects/lab7_2/lab7_2_workspace/mb_usb_hdmi_top/microblaze_0/standalone_microblaze_0/bsp
TRACE::2024-11-07.23:18:56::SCWMssOS::Mss edits present, copying mssfile into export location C:/Users/curti/OneDrive/Documents/UIUC/ECE-385/Vivado_Projects/lab7_2/lab7_2_workspace/mb_usb_hdmi_top/microblaze_0/standalone_microblaze_0/bsp/system.mss
TRACE::2024-11-07.23:18:56::SCWMssOS::bsp generated is stale removing and regenerating. 
TRACE::2024-11-07.23:18:58::SCWMssOS::doing bsp build ... 
TRACE::2024-11-07.23:18:58::SCWMssOS::System Command Ran  C: & cd  C:/Users/curti/OneDrive/Documents/UIUC/ECE-385/Vivado_Projects/lab7_2/lab7_2_workspace/mb_usb_hdmi_top/microblaze_0/standalone_microblaze_0/bsp & make 
TRACE::2024-11-07.23:18:58::SCWMssOS::make --no-print-directory seq_libs

TRACE::2024-11-07.23:18:58::SCWMssOS::'Finished building libraries sequentially.'

TRACE::2024-11-07.23:18:58::SCWMssOS::make -j 18 --no-print-directory par_libs

TRACE::2024-11-07.23:18:58::SCWMssOS::"Running Make include in microblaze_0/libsrc/bram_v4_8/src"

TRACE::2024-11-07.23:18:58::SCWMssOS::make -C microblaze_0/libsrc/bram_v4_8/src -s include  "SHELL=CMD" "COMPILER=mb-gcc" "ASSEMBLER=mb-as" "ARCHIVER=mb-ar" "COMPILE
TRACE::2024-11-07.23:18:58::SCWMssOS::R_FLAGS=  -O2 -c -mcpu=v11.0 -mlittle-endian -mno-xl-reorder -mno-xl-soft-mul -mxl-barrel-shift -mxl-pattern-compare" "EXTRA_CO
TRACE::2024-11-07.23:18:58::SCWMssOS::MPILER_FLAGS=-g -ffunction-sections -fdata-sections -Wall -Wextra -fno-tree-loop-distribute-patterns"

TRACE::2024-11-07.23:18:58::SCWMssOS::"Running Make include in microblaze_0/libsrc/cpu_v2_16/src"

TRACE::2024-11-07.23:18:58::SCWMssOS::make -C microblaze_0/libsrc/cpu_v2_16/src -s include  "SHELL=CMD" "COMPILER=mb-gcc" "ASSEMBLER=mb-as" "ARCHIVER=mb-ar" "COMPILE
TRACE::2024-11-07.23:18:58::SCWMssOS::R_FLAGS=  -O2 -c -mcpu=v11.0 -mlittle-endian -mno-xl-reorder -mno-xl-soft-mul -mxl-barrel-shift -mxl-pattern-compare" "EXTRA_CO
TRACE::2024-11-07.23:18:58::SCWMssOS::MPILER_FLAGS=-g -ffunction-sections -fdata-sections -Wall -Wextra -fno-tree-loop-distribute-patterns"

TRACE::2024-11-07.23:18:58::SCWMssOS::"Running Make include in microblaze_0/libsrc/intc_v3_15/src"

TRACE::2024-11-07.23:18:58::SCWMssOS::"Running Make include in microblaze_0/libsrc/standalone_v8_0/src"

TRACE::2024-11-07.23:18:58::SCWMssOS::make -C microblaze_0/libsrc/intc_v3_15/src -s include  "SHELL=CMD" "COMPILER=mb-gcc" "ASSEMBLER=mb-as" "ARCHIVER=mb-ar" "COMPIL
TRACE::2024-11-07.23:18:58::SCWMssOS::ER_FLAGS=  -O2 -c -mcpu=v11.0 -mlittle-endian -mno-xl-reorder -mno-xl-soft-mul -mxl-barrel-shift -mxl-pattern-compare" "EXTRA_C
TRACE::2024-11-07.23:18:58::SCWMssOS::OMPILER_FLAGS=-g -ffunction-sections -fdata-sections -Wall -Wextra -fno-tree-loop-distribute-patterns"

TRACE::2024-11-07.23:18:58::SCWMssOS::make -C microblaze_0/libsrc/standalone_v8_0/src -s include  "SHELL=CMD" "COMPILER=mb-gcc" "ASSEMBLER=mb-as" "ARCHIVER=mb-ar" "C
TRACE::2024-11-07.23:18:58::SCWMssOS::OMPILER_FLAGS=  -O2 -c -mcpu=v11.0 -mlittle-endian -mno-xl-reorder -mno-xl-soft-mul -mxl-barrel-shift -mxl-pattern-compare" "EX
TRACE::2024-11-07.23:18:58::SCWMssOS::TRA_COMPILER_FLAGS=-g -ffunction-sections -fdata-sections -Wall -Wextra -fno-tree-loop-distribute-patterns"

TRACE::2024-11-07.23:18:58::SCWMssOS::"Running Make include in microblaze_0/libsrc/uartlite_v3_7/src"

TRACE::2024-11-07.23:18:58::SCWMssOS::make -C microblaze_0/libsrc/uartlite_v3_7/src -s include  "SHELL=CMD" "COMPILER=mb-gcc" "ASSEMBLER=mb-as" "ARCHIVER=mb-ar" "COM
TRACE::2024-11-07.23:18:58::SCWMssOS::PILER_FLAGS=  -O2 -c -mcpu=v11.0 -mlittle-endian -mno-xl-reorder -mno-xl-soft-mul -mxl-barrel-shift -mxl-pattern-compare" "EXTR
TRACE::2024-11-07.23:18:58::SCWMssOS::A_COMPILER_FLAGS=-g -ffunction-sections -fdata-sections -Wall -Wextra -fno-tree-loop-distribute-patterns"

TRACE::2024-11-07.23:18:59::SCWMssOS::"Running Make libs in microblaze_0/libsrc/bram_v4_8/src"

TRACE::2024-11-07.23:18:59::SCWMssOS::make -C microblaze_0/libsrc/bram_v4_8/src -s libs  "SHELL=CMD" "COMPILER=mb-gcc" "ASSEMBLER=mb-as" "ARCHIVER=mb-ar" "COMPILER_F
TRACE::2024-11-07.23:18:59::SCWMssOS::LAGS=  -O2 -c -mcpu=v11.0 -mlittle-endian -mno-xl-reorder -mno-xl-soft-mul -mxl-barrel-shift -mxl-pattern-compare" "EXTRA_COMPI
TRACE::2024-11-07.23:18:59::SCWMssOS::LER_FLAGS=-g -ffunction-sections -fdata-sections -Wall -Wextra -fno-tree-loop-distribute-patterns"

TRACE::2024-11-07.23:18:59::SCWMssOS::"Running Make libs in microblaze_0/libsrc/cpu_v2_16/src"

TRACE::2024-11-07.23:18:59::SCWMssOS::make -C microblaze_0/libsrc/cpu_v2_16/src -s libs  "SHELL=CMD" "COMPILER=mb-gcc" "ASSEMBLER=mb-as" "ARCHIVER=mb-ar" "COMPILER_F
TRACE::2024-11-07.23:18:59::SCWMssOS::LAGS=  -O2 -c -mcpu=v11.0 -mlittle-endian -mno-xl-reorder -mno-xl-soft-mul -mxl-barrel-shift -mxl-pattern-compare" "EXTRA_COMPI
TRACE::2024-11-07.23:18:59::SCWMssOS::LER_FLAGS=-g -ffunction-sections -fdata-sections -Wall -Wextra -fno-tree-loop-distribute-patterns"

TRACE::2024-11-07.23:18:59::SCWMssOS::"Running Make libs in microblaze_0/libsrc/intc_v3_15/src"

TRACE::2024-11-07.23:18:59::SCWMssOS::make -C microblaze_0/libsrc/intc_v3_15/src -s libs  "SHELL=CMD" "COMPILER=mb-gcc" "ASSEMBLER=mb-as" "ARCHIVER=mb-ar" "COMPILER_
TRACE::2024-11-07.23:18:59::SCWMssOS::FLAGS=  -O2 -c -mcpu=v11.0 -mlittle-endian -mno-xl-reorder -mno-xl-soft-mul -mxl-barrel-shift -mxl-pattern-compare" "EXTRA_COMP
TRACE::2024-11-07.23:18:59::SCWMssOS::ILER_FLAGS=-g -ffunction-sections -fdata-sections -Wall -Wextra -fno-tree-loop-distribute-patterns"

TRACE::2024-11-07.23:18:59::SCWMssOS::"Running Make libs in microblaze_0/libsrc/standalone_v8_0/src"

TRACE::2024-11-07.23:18:59::SCWMssOS::make -C microblaze_0/libsrc/standalone_v8_0/src -s libs  "SHELL=CMD" "COMPILER=mb-gcc" "ASSEMBLER=mb-as" "ARCHIVER=mb-ar" "COMP
TRACE::2024-11-07.23:18:59::SCWMssOS::ILER_FLAGS=  -O2 -c -mcpu=v11.0 -mlittle-endian -mno-xl-reorder -mno-xl-soft-mul -mxl-barrel-shift -mxl-pattern-compare" "EXTRA
TRACE::2024-11-07.23:18:59::SCWMssOS::_COMPILER_FLAGS=-g -ffunction-sections -fdata-sections -Wall -Wextra -fno-tree-loop-distribute-patterns"

TRACE::2024-11-07.23:18:59::SCWMssOS::"Running Make libs in microblaze_0/libsrc/uartlite_v3_7/src"

TRACE::2024-11-07.23:18:59::SCWMssOS::make -C microblaze_0/libsrc/uartlite_v3_7/src -s libs  "SHELL=CMD" "COMPILER=mb-gcc" "ASSEMBLER=mb-as" "ARCHIVER=mb-ar" "COMPIL
TRACE::2024-11-07.23:18:59::SCWMssOS::ER_FLAGS=  -O2 -c -mcpu=v11.0 -mlittle-endian -mno-xl-reorder -mno-xl-soft-mul -mxl-barrel-shift -mxl-pattern-compare" "EXTRA_C
TRACE::2024-11-07.23:18:59::SCWMssOS::OMPILER_FLAGS=-g -ffunction-sections -fdata-sections -Wall -Wextra -fno-tree-loop-distribute-patterns"

TRACE::2024-11-07.23:19:01::SCWMssOS::"DEBUG NON_LTO_OBJECTS is ../../../lib/microblaze_interrupt_handler.o"

TRACE::2024-11-07.23:19:01::SCWMssOS::'Finished building libraries parallelly.'

TRACE::2024-11-07.23:19:01::SCWMssOS::make --no-print-directory archive

TRACE::2024-11-07.23:19:01::SCWMssOS::mb-ar -r  microblaze_0/lib/libxil.a microblaze_0/lib/_exit.o microblaze_0/lib/errno.o microblaze_0/lib/fcntl.o microblaze_0/lib
TRACE::2024-11-07.23:19:01::SCWMssOS::/hw_exception_handler.o microblaze_0/lib/inbyte.o microblaze_0/lib/microblaze_disable_dcache.o microblaze_0/lib/microblaze_disa
TRACE::2024-11-07.23:19:01::SCWMssOS::ble_exceptions.o microblaze_0/lib/microblaze_disable_icache.o microblaze_0/lib/microblaze_disable_interrupts.o microblaze_0/lib
TRACE::2024-11-07.23:19:01::SCWMssOS::/microblaze_enable_dcache.o microblaze_0/lib/microblaze_enable_exceptions.o microblaze_0/lib/microblaze_enable_icache.o microbl
TRACE::2024-11-07.23:19:01::SCWMssOS::aze_0/lib/microblaze_enable_interrupts.o microblaze_0/lib/microblaze_exception_handler.o microblaze_0/lib/microblaze_flush_cach
TRACE::2024-11-07.23:19:01::SCWMssOS::e_ext.o microblaze_0/lib/microblaze_flush_cache_ext_range.o microblaze_0/lib/microblaze_flush_dcache.o microblaze_0/lib/microbl
TRACE::2024-11-07.23:19:01::SCWMssOS::aze_flush_dcache_range.o microblaze_0/lib/microblaze_init_dcache_range.o microblaze_0/lib/microblaze_init_icache_range.o microb
TRACE::2024-11-07.23:19:01::SCWMssOS::laze_0/lib/microblaze_interrupt_handler.o microblaze_0/lib/microblaze_interrupts_g.o microblaze_0/lib/microblaze_invalidate_cac
TRACE::2024-11-07.23:19:01::SCWMssOS::he_ext.o microblaze_0/lib/microblaze_invalidate_cache_ext_range.o microblaze_0/lib/microblaze_invalidate_dcache.o microblaze_0/
TRACE::2024-11-07.23:19:01::SCWMssOS::lib/microblaze_invalidate_dcache_range.o microblaze_0/lib/microblaze_invalidate_icache.o microblaze_0/lib/microblaze_invalidate
TRACE::2024-11-07.23:19:01::SCWMssOS::_icache_range.o microblaze_0/lib/microblaze_scrub.o microblaze_0/lib/microblaze_selftest.o microblaze_0/lib/microblaze_sleep.o 
TRACE::2024-11-07.23:19:01::SCWMssOS::microblaze_0/lib/microblaze_update_dcache.o microblaze_0/lib/microblaze_update_icache.o microblaze_0/lib/outbyte.o microblaze_0
TRACE::2024-11-07.23:19:01::SCWMssOS::/lib/print.o microblaze_0/lib/pvr.o microblaze_0/lib/xbram.o microblaze_0/lib/xbram_g.o microblaze_0/lib/xbram_intr.o microblaz
TRACE::2024-11-07.23:19:01::SCWMssOS::e_0/lib/xbram_selftest.o microblaze_0/lib/xbram_sinit.o microblaze_0/lib/xil_assert.o microblaze_0/lib/xil_cache.o microblaze_0
TRACE::2024-11-07.23:19:01::SCWMssOS::/lib/xil_clocking.o microblaze_0/lib/xil_exception.o microblaze_0/lib/xil_mem.o microblaze_0/lib/xil_misc_psreset_api.o microbl
TRACE::2024-11-07.23:19:01::SCWMssOS::aze_0/lib/xil_printf.o microblaze_0/lib/xil_sleepcommon.o microblaze_0/lib/xil_testcache.o microblaze_0/lib/xil_testio.o microb
TRACE::2024-11-07.23:19:01::SCWMssOS::laze_0/lib/xil_testmem.o microblaze_0/lib/xil_util.o microblaze_0/lib/xintc.o microblaze_0/lib/xintc_g.o microblaze_0/lib/xintc
TRACE::2024-11-07.23:19:01::SCWMssOS::_intr.o microblaze_0/lib/xintc_l.o microblaze_0/lib/xintc_options.o microblaze_0/lib/xintc_selftest.o microblaze_0/lib/xinterru
TRACE::2024-11-07.23:19:01::SCWMssOS::pt_wrap.o microblaze_0/lib/xio.o microblaze_0/lib/xplatform_info.o microblaze_0/lib/xuartlite.o microblaze_0/lib/xuartlite_g.o 
TRACE::2024-11-07.23:19:01::SCWMssOS::microblaze_0/lib/xuartlite_intr.o microblaze_0/lib/xuartlite_l.o microblaze_0/lib/xuartlite_selftest.o microblaze_0/lib/xuartli
TRACE::2024-11-07.23:19:01::SCWMssOS::te_sinit.o microblaze_0/lib/xuartlite_stats.o

TRACE::2024-11-07.23:19:01::SCWMssOS::'Finished building libraries'

TRACE::2024-11-07.23:19:01::SCWMssOS:: Checking if to create the Supporting Applications
TRACE::2024-11-07.23:19:01::SCWMssOS:: No Linux domain exists, trying to generate FSBL 
LOG::2024-11-07.23:19:01::SCWSystem::Completed Processing the domain standalone_microblaze_0
LOG::2024-11-07.23:19:01::SCWSystem::Completed Processing the sysconfig mb_usb_hdmi_top
LOG::2024-11-07.23:19:01::SCWPlatform::Completed generating the artifacts for system configuration mb_usb_hdmi_top
TRACE::2024-11-07.23:19:01::SCWPlatform::Started preparing the platform 
TRACE::2024-11-07.23:19:01::SCWSystem::Writing the bif file for system config mb_usb_hdmi_top
TRACE::2024-11-07.23:19:01::SCWSystem::dir created 
TRACE::2024-11-07.23:19:01::SCWSystem::Writing the bif 
TRACE::2024-11-07.23:19:01::SCWPlatform::Started writing the spfm file 
TRACE::2024-11-07.23:19:01::SCWPlatform::Started writing the xpfm file 
TRACE::2024-11-07.23:19:01::SCWPlatform::Completed generating the platform
TRACE::2024-11-07.23:19:01::SCWMssOS::Saving the mss changes C:/Users/curti/OneDrive/Documents/UIUC/ECE-385/Vivado_Projects/lab7_2/lab7_2_workspace/mb_usb_hdmi_top/microblaze_0/standalone_microblaze_0/bsp/system.mss
TRACE::2024-11-07.23:19:01::SCWMssOS::Adding the swdes entry, mss present, able to open swdb C:/Users/curti/OneDrive/Documents/UIUC/ECE-385/Vivado_Projects/lab7_2/lab7_2_workspace/mb_usb_hdmi_top/microblaze_0/standalone_microblaze_0/bsp/system.mss with des name system
TRACE::2024-11-07.23:19:01::SCWMssOS::Writing the mss file completed C:/Users/curti/OneDrive/Documents/UIUC/ECE-385/Vivado_Projects/lab7_2/lab7_2_workspace/mb_usb_hdmi_top/microblaze_0/standalone_microblaze_0/bsp/system.mss
TRACE::2024-11-07.23:19:01::SCWMssOS::Commit changes completed.
TRACE::2024-11-07.23:19:01::SCWPlatform::Trying to open the hw design at C:/Users/curti/OneDrive/Documents/UIUC/ECE-385/Vivado_Projects/lab7_2/lab7_2_workspace/mb_usb_hdmi_top/hw/mb_usb_hdmi_top.xsa
TRACE::2024-11-07.23:19:01::SCWPlatform::DSA given C:/Users/curti/OneDrive/Documents/UIUC/ECE-385/Vivado_Projects/lab7_2/lab7_2_workspace/mb_usb_hdmi_top/hw/mb_usb_hdmi_top.xsa
TRACE::2024-11-07.23:19:01::SCWPlatform::DSA absoulate path C:/Users/curti/OneDrive/Documents/UIUC/ECE-385/Vivado_Projects/lab7_2/lab7_2_workspace/mb_usb_hdmi_top/hw/mb_usb_hdmi_top.xsa
TRACE::2024-11-07.23:19:01::SCWPlatform::DSA directory C:/Users/curti/OneDrive/Documents/UIUC/ECE-385/Vivado_Projects/lab7_2/lab7_2_workspace/mb_usb_hdmi_top/hw
TRACE::2024-11-07.23:19:01::SCWPlatform:: Platform Path C:/Users/curti/OneDrive/Documents/UIUC/ECE-385/Vivado_Projects/lab7_2/lab7_2_workspace/mb_usb_hdmi_top/hw/mb_usb_hdmi_top.xsa
TRACE::2024-11-07.23:19:01::SCWPlatform:: Unique name xilinx:::0.0
TRACE::2024-11-07.23:19:01::SCWPlatform::Trying to set the existing hwdb with name mb_usb_hdmi_top_11
TRACE::2024-11-07.23:19:01::SCWPlatform::Opened existing hwdb mb_usb_hdmi_top_11
TRACE::2024-11-07.23:19:01::SCWPlatform::Found the Hw Db part of the input DSA
TRACE::2024-11-07.23:19:01::SCWMssOS::Checking the sw design at  C:/Users/curti/OneDrive/Documents/UIUC/ECE-385/Vivado_Projects/lab7_2/lab7_2_workspace/mb_usb_hdmi_top/microblaze_0/standalone_microblaze_0/bsp/system.mss
TRACE::2024-11-07.23:19:01::SCWMssOS::DEBUG:  swdes dump  C:/Users/curti/OneDrive/Documents/UIUC/ECE-385/Vivado_Projects/lab7_2/lab7_2_workspace/mb_usb_hdmi_top/microblaze_0/standalone_microblaze_0/bsp/system.mss|system||

TRACE::2024-11-07.23:19:01::SCWMssOS::Sw design exists and opened at  C:/Users/curti/OneDrive/Documents/UIUC/ECE-385/Vivado_Projects/lab7_2/lab7_2_workspace/mb_usb_hdmi_top/microblaze_0/standalone_microblaze_0/bsp/system.mss
TRACE::2024-11-07.23:19:01::SCWWriter::formatted JSON is {
	"platformName":	"mb_usb_hdmi_top",
	"sprVersion":	"2.0",
	"mode":	"gui",
	"dsaType":	"Fixed",
	"platformDesc":	"mb_usb_hdmi_top",
	"platHandOff":	"C:/Users/curti/Downloads/mb_usb_hdmi_top.xsa",
	"platIntHandOff":	"<platformDir>/hw/mb_usb_hdmi_top.xsa",
	"deviceType":	"FPGA",
	"platIsPrebuiltAutogen":	"false",
	"platIsNoBootBsp":	"false",
	"hasFsblMakeHasChanges":	"false",
	"hasPmufwMakeHasChanges":	"false",
	"platPreBuiltFlag":	false,
	"platformSamplesDir":	"",
	"platActiveSys":	"mb_usb_hdmi_top",
	"systems":	[{
			"systemName":	"mb_usb_hdmi_top",
			"systemDesc":	"mb_usb_hdmi_top",
			"sysIsBootAutoGen":	"true",
			"systemDispName":	"mb_usb_hdmi_top",
			"sysActiveDom":	"standalone_microblaze_0",
			"sysDefaultDom":	"standalone_microblaze_0",
			"domains":	[{
					"domainName":	"standalone_microblaze_0",
					"domainDispName":	"standalone_microblaze_0",
					"domainDesc":	"standalone_microblaze_0",
					"processors":	"microblaze_0",
					"os":	"standalone",
					"sdxOs":	"standalone",
					"debugEnable":	"False",
					"domRuntimes":	["cpp"],
					"swRepo":	"",
					"mssOsVer":	"8.0",
					"mssFile":	"",
					"md5Digest":	"5422c1e5be4ae93f4de8c50507402f2a",
					"compatibleApp":	"",
					"domType":	"mssDomain",
					"arch":	"32-bit",
					"appSettings":	{
						"appCompilerFlags":	"",
						"appLinkerFlags":	""
					},
					"addedLibs":	[],
					"libOptions":	{
						"libsContainingOptions":	[]
					},
					"prebuiltLibs":	{
						"prebuiltIncPath":	[],
						"prebuiltLibPath":	[]
					},
					"isolation":	{
					}
				}]
		}]
}
KEYINFO::2024-11-07.23:19:01::SCWPlatform::updated the xpfm file.
TRACE::2024-11-07.23:19:01::SCWPlatform::Trying to open the hw design at C:/Users/curti/OneDrive/Documents/UIUC/ECE-385/Vivado_Projects/lab7_2/lab7_2_workspace/mb_usb_hdmi_top/hw/mb_usb_hdmi_top.xsa
TRACE::2024-11-07.23:19:01::SCWPlatform::DSA given C:/Users/curti/OneDrive/Documents/UIUC/ECE-385/Vivado_Projects/lab7_2/lab7_2_workspace/mb_usb_hdmi_top/hw/mb_usb_hdmi_top.xsa
TRACE::2024-11-07.23:19:01::SCWPlatform::DSA absoulate path C:/Users/curti/OneDrive/Documents/UIUC/ECE-385/Vivado_Projects/lab7_2/lab7_2_workspace/mb_usb_hdmi_top/hw/mb_usb_hdmi_top.xsa
TRACE::2024-11-07.23:19:01::SCWPlatform::DSA directory C:/Users/curti/OneDrive/Documents/UIUC/ECE-385/Vivado_Projects/lab7_2/lab7_2_workspace/mb_usb_hdmi_top/hw
TRACE::2024-11-07.23:19:01::SCWPlatform:: Platform Path C:/Users/curti/OneDrive/Documents/UIUC/ECE-385/Vivado_Projects/lab7_2/lab7_2_workspace/mb_usb_hdmi_top/hw/mb_usb_hdmi_top.xsa
TRACE::2024-11-07.23:19:01::SCWPlatform:: Unique name xilinx:::0.0
TRACE::2024-11-07.23:19:01::SCWPlatform::Trying to set the existing hwdb with name mb_usb_hdmi_top_11
TRACE::2024-11-07.23:19:01::SCWPlatform::Opened existing hwdb mb_usb_hdmi_top_11
TRACE::2024-11-07.23:19:01::SCWPlatform::Found the Hw Db part of the input DSA
TRACE::2024-11-07.23:19:01::SCWMssOS::Checking the sw design at  C:/Users/curti/OneDrive/Documents/UIUC/ECE-385/Vivado_Projects/lab7_2/lab7_2_workspace/mb_usb_hdmi_top/microblaze_0/standalone_microblaze_0/bsp/system.mss
TRACE::2024-11-07.23:19:01::SCWMssOS::DEBUG:  swdes dump  C:/Users/curti/OneDrive/Documents/UIUC/ECE-385/Vivado_Projects/lab7_2/lab7_2_workspace/mb_usb_hdmi_top/microblaze_0/standalone_microblaze_0/bsp/system.mss|system||

TRACE::2024-11-07.23:19:01::SCWMssOS::Sw design exists and opened at  C:/Users/curti/OneDrive/Documents/UIUC/ECE-385/Vivado_Projects/lab7_2/lab7_2_workspace/mb_usb_hdmi_top/microblaze_0/standalone_microblaze_0/bsp/system.mss
TRACE::2024-11-07.23:38:02::SCWPlatform::Trying to open the hw design at C:/Users/curti/OneDrive/Documents/UIUC/ECE-385/Vivado_Projects/lab7_2/lab7_2_workspace/mb_usb_hdmi_top/hw/mb_usb_hdmi_top.xsa
TRACE::2024-11-07.23:38:02::SCWPlatform::DSA given C:/Users/curti/OneDrive/Documents/UIUC/ECE-385/Vivado_Projects/lab7_2/lab7_2_workspace/mb_usb_hdmi_top/hw/mb_usb_hdmi_top.xsa
TRACE::2024-11-07.23:38:02::SCWPlatform::DSA absoulate path C:/Users/curti/OneDrive/Documents/UIUC/ECE-385/Vivado_Projects/lab7_2/lab7_2_workspace/mb_usb_hdmi_top/hw/mb_usb_hdmi_top.xsa
TRACE::2024-11-07.23:38:02::SCWPlatform::DSA directory C:/Users/curti/OneDrive/Documents/UIUC/ECE-385/Vivado_Projects/lab7_2/lab7_2_workspace/mb_usb_hdmi_top/hw
TRACE::2024-11-07.23:38:02::SCWPlatform:: Platform Path C:/Users/curti/OneDrive/Documents/UIUC/ECE-385/Vivado_Projects/lab7_2/lab7_2_workspace/mb_usb_hdmi_top/hw/mb_usb_hdmi_top.xsa
TRACE::2024-11-07.23:38:02::SCWPlatform:: Unique name xilinx:::0.0
TRACE::2024-11-07.23:38:02::SCWPlatform::Do not have an existing db opened. 
TRACE::2024-11-07.23:38:02::SCWPlatform::Opened new HwDB with name mb_usb_hdmi_top
TRACE::2024-11-07.23:38:02::SCWReader::Active system found as  mb_usb_hdmi_top
TRACE::2024-11-07.23:38:02::SCWReader::Handling sysconfig mb_usb_hdmi_top
TRACE::2024-11-07.23:38:02::SCWDomain::checking for install qemu data   : 
TRACE::2024-11-07.23:38:02::SCWPlatform::Trying to open the hw design at C:/Users/curti/OneDrive/Documents/UIUC/ECE-385/Vivado_Projects/lab7_2/lab7_2_workspace/mb_usb_hdmi_top/hw/mb_usb_hdmi_top.xsa
TRACE::2024-11-07.23:38:02::SCWPlatform::DSA given C:/Users/curti/OneDrive/Documents/UIUC/ECE-385/Vivado_Projects/lab7_2/lab7_2_workspace/mb_usb_hdmi_top/hw/mb_usb_hdmi_top.xsa
TRACE::2024-11-07.23:38:02::SCWPlatform::DSA absoulate path C:/Users/curti/OneDrive/Documents/UIUC/ECE-385/Vivado_Projects/lab7_2/lab7_2_workspace/mb_usb_hdmi_top/hw/mb_usb_hdmi_top.xsa
TRACE::2024-11-07.23:38:02::SCWPlatform::DSA directory C:/Users/curti/OneDrive/Documents/UIUC/ECE-385/Vivado_Projects/lab7_2/lab7_2_workspace/mb_usb_hdmi_top/hw
TRACE::2024-11-07.23:38:02::SCWPlatform:: Platform Path C:/Users/curti/OneDrive/Documents/UIUC/ECE-385/Vivado_Projects/lab7_2/lab7_2_workspace/mb_usb_hdmi_top/hw/mb_usb_hdmi_top.xsa
TRACE::2024-11-07.23:38:02::SCWPlatform:: Unique name xilinx:::0.0
TRACE::2024-11-07.23:38:02::SCWPlatform::Trying to set the existing hwdb with name mb_usb_hdmi_top
TRACE::2024-11-07.23:38:02::SCWPlatform::Opened existing hwdb mb_usb_hdmi_top
TRACE::2024-11-07.23:38:02::SCWPlatform::Found the Hw Db part of the input DSA
TRACE::2024-11-07.23:38:02::SCWPlatform::Trying to open the hw design at C:/Users/curti/OneDrive/Documents/UIUC/ECE-385/Vivado_Projects/lab7_2/lab7_2_workspace/mb_usb_hdmi_top/hw/mb_usb_hdmi_top.xsa
TRACE::2024-11-07.23:38:02::SCWPlatform::DSA given C:/Users/curti/OneDrive/Documents/UIUC/ECE-385/Vivado_Projects/lab7_2/lab7_2_workspace/mb_usb_hdmi_top/hw/mb_usb_hdmi_top.xsa
TRACE::2024-11-07.23:38:02::SCWPlatform::DSA absoulate path C:/Users/curti/OneDrive/Documents/UIUC/ECE-385/Vivado_Projects/lab7_2/lab7_2_workspace/mb_usb_hdmi_top/hw/mb_usb_hdmi_top.xsa
TRACE::2024-11-07.23:38:02::SCWPlatform::DSA directory C:/Users/curti/OneDrive/Documents/UIUC/ECE-385/Vivado_Projects/lab7_2/lab7_2_workspace/mb_usb_hdmi_top/hw
TRACE::2024-11-07.23:38:02::SCWPlatform:: Platform Path C:/Users/curti/OneDrive/Documents/UIUC/ECE-385/Vivado_Projects/lab7_2/lab7_2_workspace/mb_usb_hdmi_top/hw/mb_usb_hdmi_top.xsa
TRACE::2024-11-07.23:38:02::SCWPlatform:: Unique name xilinx:::0.0
TRACE::2024-11-07.23:38:02::SCWPlatform::Trying to set the existing hwdb with name mb_usb_hdmi_top
TRACE::2024-11-07.23:38:02::SCWPlatform::Opened existing hwdb mb_usb_hdmi_top
TRACE::2024-11-07.23:38:02::SCWPlatform::Found the Hw Db part of the input DSA
TRACE::2024-11-07.23:38:02::SCWPlatform::Trying to open the hw design at C:/Users/curti/OneDrive/Documents/UIUC/ECE-385/Vivado_Projects/lab7_2/lab7_2_workspace/mb_usb_hdmi_top/hw/mb_usb_hdmi_top.xsa
TRACE::2024-11-07.23:38:02::SCWPlatform::DSA given C:/Users/curti/OneDrive/Documents/UIUC/ECE-385/Vivado_Projects/lab7_2/lab7_2_workspace/mb_usb_hdmi_top/hw/mb_usb_hdmi_top.xsa
TRACE::2024-11-07.23:38:02::SCWPlatform::DSA absoulate path C:/Users/curti/OneDrive/Documents/UIUC/ECE-385/Vivado_Projects/lab7_2/lab7_2_workspace/mb_usb_hdmi_top/hw/mb_usb_hdmi_top.xsa
TRACE::2024-11-07.23:38:02::SCWPlatform::DSA directory C:/Users/curti/OneDrive/Documents/UIUC/ECE-385/Vivado_Projects/lab7_2/lab7_2_workspace/mb_usb_hdmi_top/hw
TRACE::2024-11-07.23:38:02::SCWPlatform:: Platform Path C:/Users/curti/OneDrive/Documents/UIUC/ECE-385/Vivado_Projects/lab7_2/lab7_2_workspace/mb_usb_hdmi_top/hw/mb_usb_hdmi_top.xsa
TRACE::2024-11-07.23:38:02::SCWPlatform:: Unique name xilinx:::0.0
TRACE::2024-11-07.23:38:02::SCWPlatform::Trying to set the existing hwdb with name mb_usb_hdmi_top
TRACE::2024-11-07.23:38:02::SCWPlatform::Opened existing hwdb mb_usb_hdmi_top
TRACE::2024-11-07.23:38:02::SCWPlatform::Found the Hw Db part of the input DSA
TRACE::2024-11-07.23:38:02::SCWPlatform::Trying to open the hw design at C:/Users/curti/OneDrive/Documents/UIUC/ECE-385/Vivado_Projects/lab7_2/lab7_2_workspace/mb_usb_hdmi_top/hw/mb_usb_hdmi_top.xsa
TRACE::2024-11-07.23:38:02::SCWPlatform::DSA given C:/Users/curti/OneDrive/Documents/UIUC/ECE-385/Vivado_Projects/lab7_2/lab7_2_workspace/mb_usb_hdmi_top/hw/mb_usb_hdmi_top.xsa
TRACE::2024-11-07.23:38:02::SCWPlatform::DSA absoulate path C:/Users/curti/OneDrive/Documents/UIUC/ECE-385/Vivado_Projects/lab7_2/lab7_2_workspace/mb_usb_hdmi_top/hw/mb_usb_hdmi_top.xsa
TRACE::2024-11-07.23:38:02::SCWPlatform::DSA directory C:/Users/curti/OneDrive/Documents/UIUC/ECE-385/Vivado_Projects/lab7_2/lab7_2_workspace/mb_usb_hdmi_top/hw
TRACE::2024-11-07.23:38:02::SCWPlatform:: Platform Path C:/Users/curti/OneDrive/Documents/UIUC/ECE-385/Vivado_Projects/lab7_2/lab7_2_workspace/mb_usb_hdmi_top/hw/mb_usb_hdmi_top.xsa
TRACE::2024-11-07.23:38:02::SCWPlatform:: Unique name xilinx:::0.0
TRACE::2024-11-07.23:38:02::SCWPlatform::Trying to set the existing hwdb with name mb_usb_hdmi_top
TRACE::2024-11-07.23:38:02::SCWPlatform::Opened existing hwdb mb_usb_hdmi_top
TRACE::2024-11-07.23:38:02::SCWPlatform::Found the Hw Db part of the input DSA
TRACE::2024-11-07.23:38:02::SCWMssOS::Checking the sw design at  C:/Users/curti/OneDrive/Documents/UIUC/ECE-385/Vivado_Projects/lab7_2/lab7_2_workspace/mb_usb_hdmi_top/microblaze_0/standalone_microblaze_0/bsp/system.mss
TRACE::2024-11-07.23:38:02::SCWMssOS::DEBUG:  swdes dump  
TRACE::2024-11-07.23:38:02::SCWMssOS::No sw design opened at  C:/Users/curti/OneDrive/Documents/UIUC/ECE-385/Vivado_Projects/lab7_2/lab7_2_workspace/mb_usb_hdmi_top/microblaze_0/standalone_microblaze_0/bsp/system.mss
TRACE::2024-11-07.23:38:02::SCWMssOS::mss exists loading the mss file  C:/Users/curti/OneDrive/Documents/UIUC/ECE-385/Vivado_Projects/lab7_2/lab7_2_workspace/mb_usb_hdmi_top/microblaze_0/standalone_microblaze_0/bsp/system.mss
TRACE::2024-11-07.23:38:02::SCWMssOS::Opened the sw design from mss  C:/Users/curti/OneDrive/Documents/UIUC/ECE-385/Vivado_Projects/lab7_2/lab7_2_workspace/mb_usb_hdmi_top/microblaze_0/standalone_microblaze_0/bsp/system.mss
TRACE::2024-11-07.23:38:02::SCWMssOS::Adding the swdes entry C:/Users/curti/OneDrive/Documents/UIUC/ECE-385/Vivado_Projects/lab7_2/lab7_2_workspace/mb_usb_hdmi_top/microblaze_0/standalone_microblaze_0/bsp/system.mss with des name system
TRACE::2024-11-07.23:38:02::SCWMssOS::updating the scw layer about changes
TRACE::2024-11-07.23:38:02::SCWMssOS::Opened the sw design.  C:/Users/curti/OneDrive/Documents/UIUC/ECE-385/Vivado_Projects/lab7_2/lab7_2_workspace/mb_usb_hdmi_top/microblaze_0/standalone_microblaze_0/bsp/system.mss
TRACE::2024-11-07.23:38:02::SCWMssOS::Saving the mss changes C:/Users/curti/OneDrive/Documents/UIUC/ECE-385/Vivado_Projects/lab7_2/lab7_2_workspace/mb_usb_hdmi_top/microblaze_0/standalone_microblaze_0/bsp/system.mss
TRACE::2024-11-07.23:38:02::SCWMssOS::Found a swdesign opened with the mssfile.
TRACE::2024-11-07.23:38:02::SCWMssOS::Completed writemss as part of save.
TRACE::2024-11-07.23:38:02::SCWMssOS::Commit changes completed.
TRACE::2024-11-07.23:38:02::SCWReader::Adding prebuilt librarypaths as   
TRACE::2024-11-07.23:38:02::SCWReader::Adding prebuilt incpaths  as   
TRACE::2024-11-07.23:38:02::SCWPlatform::Trying to open the hw design at C:/Users/curti/OneDrive/Documents/UIUC/ECE-385/Vivado_Projects/lab7_2/lab7_2_workspace/mb_usb_hdmi_top/hw/mb_usb_hdmi_top.xsa
TRACE::2024-11-07.23:38:02::SCWPlatform::DSA given C:/Users/curti/OneDrive/Documents/UIUC/ECE-385/Vivado_Projects/lab7_2/lab7_2_workspace/mb_usb_hdmi_top/hw/mb_usb_hdmi_top.xsa
TRACE::2024-11-07.23:38:02::SCWPlatform::DSA absoulate path C:/Users/curti/OneDrive/Documents/UIUC/ECE-385/Vivado_Projects/lab7_2/lab7_2_workspace/mb_usb_hdmi_top/hw/mb_usb_hdmi_top.xsa
TRACE::2024-11-07.23:38:02::SCWPlatform::DSA directory C:/Users/curti/OneDrive/Documents/UIUC/ECE-385/Vivado_Projects/lab7_2/lab7_2_workspace/mb_usb_hdmi_top/hw
TRACE::2024-11-07.23:38:02::SCWPlatform:: Platform Path C:/Users/curti/OneDrive/Documents/UIUC/ECE-385/Vivado_Projects/lab7_2/lab7_2_workspace/mb_usb_hdmi_top/hw/mb_usb_hdmi_top.xsa
TRACE::2024-11-07.23:38:02::SCWPlatform:: Unique name xilinx:::0.0
TRACE::2024-11-07.23:38:02::SCWPlatform::Trying to set the existing hwdb with name mb_usb_hdmi_top
TRACE::2024-11-07.23:38:02::SCWPlatform::Opened existing hwdb mb_usb_hdmi_top
TRACE::2024-11-07.23:38:02::SCWPlatform::Found the Hw Db part of the input DSA
TRACE::2024-11-07.23:38:02::SCWMssOS::Checking the sw design at  C:/Users/curti/OneDrive/Documents/UIUC/ECE-385/Vivado_Projects/lab7_2/lab7_2_workspace/mb_usb_hdmi_top/microblaze_0/standalone_microblaze_0/bsp/system.mss
TRACE::2024-11-07.23:38:02::SCWMssOS::DEBUG:  swdes dump  C:/Users/curti/OneDrive/Documents/UIUC/ECE-385/Vivado_Projects/lab7_2/lab7_2_workspace/mb_usb_hdmi_top/microblaze_0/standalone_microblaze_0/bsp/system.mss|system||

TRACE::2024-11-07.23:38:02::SCWMssOS::Sw design exists and opened at  C:/Users/curti/OneDrive/Documents/UIUC/ECE-385/Vivado_Projects/lab7_2/lab7_2_workspace/mb_usb_hdmi_top/microblaze_0/standalone_microblaze_0/bsp/system.mss
TRACE::2024-11-07.23:38:02::SCWReader::No isolation master present  
TRACE::2024-11-07.23:38:13::SCWPlatform::DSA given C:/Users/curti/OneDrive/Documents/UIUC/ECE-385/Vivado_Projects/lab7_2/lab7_2_workspace/mb_usb_hdmi_top/tempdsa/mb_usb_hdmi_top.xsa
TRACE::2024-11-07.23:38:13::SCWPlatform::DSA absoulate path C:/Users/curti/OneDrive/Documents/UIUC/ECE-385/Vivado_Projects/lab7_2/lab7_2_workspace/mb_usb_hdmi_top/tempdsa/mb_usb_hdmi_top.xsa
TRACE::2024-11-07.23:38:13::SCWPlatform:: Platform location is C:/Users/curti/OneDrive/Documents/UIUC/ECE-385/Vivado_Projects/lab7_2/lab7_2_workspace/mb_usb_hdmi_top/tempdsa
TRACE::2024-11-07.23:38:13::SCWPlatform:: Platform Path C:/Users/curti/OneDrive/Documents/UIUC/ECE-385/Vivado_Projects/lab7_2/lab7_2_workspace/mb_usb_hdmi_top/tempdsa/mb_usb_hdmi_top.xsa
TRACE::2024-11-07.23:38:13::SCWPlatform:: Unique name xilinx:::0.0
TRACE::2024-11-07.23:38:13::SCWPlatform::Found the Hw Db part of the input DSA
TRACE::2024-11-07.23:38:13::SCWMssOS::Doing hw sync for the mss in domain: standalone_microblaze_0
TRACE::2024-11-07.23:38:13::SCWPlatform::Trying to open the hw design at C:/Users/curti/OneDrive/Documents/UIUC/ECE-385/Vivado_Projects/lab7_2/lab7_2_workspace/mb_usb_hdmi_top/hw/mb_usb_hdmi_top.xsa
TRACE::2024-11-07.23:38:13::SCWPlatform::DSA given C:/Users/curti/OneDrive/Documents/UIUC/ECE-385/Vivado_Projects/lab7_2/lab7_2_workspace/mb_usb_hdmi_top/hw/mb_usb_hdmi_top.xsa
TRACE::2024-11-07.23:38:13::SCWPlatform::DSA absoulate path C:/Users/curti/OneDrive/Documents/UIUC/ECE-385/Vivado_Projects/lab7_2/lab7_2_workspace/mb_usb_hdmi_top/hw/mb_usb_hdmi_top.xsa
TRACE::2024-11-07.23:38:13::SCWPlatform::DSA directory C:/Users/curti/OneDrive/Documents/UIUC/ECE-385/Vivado_Projects/lab7_2/lab7_2_workspace/mb_usb_hdmi_top/hw
TRACE::2024-11-07.23:38:13::SCWPlatform:: Platform Path C:/Users/curti/OneDrive/Documents/UIUC/ECE-385/Vivado_Projects/lab7_2/lab7_2_workspace/mb_usb_hdmi_top/hw/mb_usb_hdmi_top.xsa
TRACE::2024-11-07.23:38:13::SCWPlatform:: Unique name xilinx:::0.0
TRACE::2024-11-07.23:38:13::SCWPlatform::Trying to set the existing hwdb with name mb_usb_hdmi_top
TRACE::2024-11-07.23:38:13::SCWPlatform::Opened existing hwdb mb_usb_hdmi_top
TRACE::2024-11-07.23:38:13::SCWPlatform::Found the Hw Db part of the input DSA
TRACE::2024-11-07.23:38:13::SCWPlatform::Trying to open the hw design at C:/Users/curti/OneDrive/Documents/UIUC/ECE-385/Vivado_Projects/lab7_2/lab7_2_workspace/mb_usb_hdmi_top/hw/mb_usb_hdmi_top.xsa
TRACE::2024-11-07.23:38:13::SCWPlatform::DSA given C:/Users/curti/OneDrive/Documents/UIUC/ECE-385/Vivado_Projects/lab7_2/lab7_2_workspace/mb_usb_hdmi_top/hw/mb_usb_hdmi_top.xsa
TRACE::2024-11-07.23:38:13::SCWPlatform::DSA absoulate path C:/Users/curti/OneDrive/Documents/UIUC/ECE-385/Vivado_Projects/lab7_2/lab7_2_workspace/mb_usb_hdmi_top/hw/mb_usb_hdmi_top.xsa
TRACE::2024-11-07.23:38:13::SCWPlatform::DSA directory C:/Users/curti/OneDrive/Documents/UIUC/ECE-385/Vivado_Projects/lab7_2/lab7_2_workspace/mb_usb_hdmi_top/hw
TRACE::2024-11-07.23:38:13::SCWPlatform:: Platform Path C:/Users/curti/OneDrive/Documents/UIUC/ECE-385/Vivado_Projects/lab7_2/lab7_2_workspace/mb_usb_hdmi_top/hw/mb_usb_hdmi_top.xsa
TRACE::2024-11-07.23:38:13::SCWPlatform:: Unique name xilinx:::0.0
TRACE::2024-11-07.23:38:13::SCWPlatform::Trying to set the existing hwdb with name mb_usb_hdmi_top
TRACE::2024-11-07.23:38:13::SCWPlatform::Opened existing hwdb mb_usb_hdmi_top
TRACE::2024-11-07.23:38:13::SCWPlatform::Found the Hw Db part of the input DSA
TRACE::2024-11-07.23:38:13::SCWMssOS::Checking the sw design at  C:/Users/curti/OneDrive/Documents/UIUC/ECE-385/Vivado_Projects/lab7_2/lab7_2_workspace/mb_usb_hdmi_top/microblaze_0/standalone_microblaze_0/bsp/system.mss
TRACE::2024-11-07.23:38:13::SCWMssOS::DEBUG:  swdes dump  C:/Users/curti/OneDrive/Documents/UIUC/ECE-385/Vivado_Projects/lab7_2/lab7_2_workspace/mb_usb_hdmi_top/microblaze_0/standalone_microblaze_0/bsp/system.mss|system||

TRACE::2024-11-07.23:38:13::SCWMssOS::Sw design exists and opened at  C:/Users/curti/OneDrive/Documents/UIUC/ECE-385/Vivado_Projects/lab7_2/lab7_2_workspace/mb_usb_hdmi_top/microblaze_0/standalone_microblaze_0/bsp/system.mss
TRACE::2024-11-07.23:38:13::SCWPlatform::Trying to open the hw design at C:/Users/curti/OneDrive/Documents/UIUC/ECE-385/Vivado_Projects/lab7_2/lab7_2_workspace/mb_usb_hdmi_top/tempdsa/mb_usb_hdmi_top.xsa
TRACE::2024-11-07.23:38:13::SCWPlatform::DSA given C:/Users/curti/OneDrive/Documents/UIUC/ECE-385/Vivado_Projects/lab7_2/lab7_2_workspace/mb_usb_hdmi_top/tempdsa/mb_usb_hdmi_top.xsa
TRACE::2024-11-07.23:38:13::SCWPlatform::DSA absoulate path C:/Users/curti/OneDrive/Documents/UIUC/ECE-385/Vivado_Projects/lab7_2/lab7_2_workspace/mb_usb_hdmi_top/tempdsa/mb_usb_hdmi_top.xsa
TRACE::2024-11-07.23:38:13::SCWPlatform::DSA directory C:/Users/curti/OneDrive/Documents/UIUC/ECE-385/Vivado_Projects/lab7_2/lab7_2_workspace/mb_usb_hdmi_top/tempdsa
TRACE::2024-11-07.23:38:13::SCWPlatform:: Platform Path C:/Users/curti/OneDrive/Documents/UIUC/ECE-385/Vivado_Projects/lab7_2/lab7_2_workspace/mb_usb_hdmi_top/tempdsa/mb_usb_hdmi_top.xsa
TRACE::2024-11-07.23:38:13::SCWPlatform:: Unique name xilinx:::0.0
TRACE::2024-11-07.23:38:13::SCWPlatform::update - Opened existing hwdb mb_usb_hdmi_top_0
TRACE::2024-11-07.23:38:13::SCWPlatform::Found the Hw Db part of the input DSA
TRACE::2024-11-07.23:38:13::SCWMssOS::Saving the mss changes C:/Users/curti/OneDrive/Documents/UIUC/ECE-385/Vivado_Projects/lab7_2/lab7_2_workspace/mb_usb_hdmi_top/microblaze_0/standalone_microblaze_0/bsp/system.mss
TRACE::2024-11-07.23:38:13::SCWMssOS::Found a swdesign opened with the mssfile.
TRACE::2024-11-07.23:38:13::SCWMssOS::Completed writemss as part of save.
TRACE::2024-11-07.23:38:13::SCWMssOS::Commit changes completed.
TRACE::2024-11-07.23:38:13::SCWMssOS::Completed hw sync for the mss in domain: standalone_microblaze_0
TRACE::2024-11-07.23:38:13::SCWMssOS::Removing the swdes entry for  C:/Users/curti/OneDrive/Documents/UIUC/ECE-385/Vivado_Projects/lab7_2/lab7_2_workspace/mb_usb_hdmi_top/microblaze_0/standalone_microblaze_0/bsp/system.mss
TRACE::2024-11-07.23:38:13::SCWPlatform::Trying to open the hw design at C:/Users/curti/OneDrive/Documents/UIUC/ECE-385/Vivado_Projects/lab7_2/lab7_2_workspace/mb_usb_hdmi_top/hw/mb_usb_hdmi_top.xsa
TRACE::2024-11-07.23:38:13::SCWPlatform::DSA given C:/Users/curti/OneDrive/Documents/UIUC/ECE-385/Vivado_Projects/lab7_2/lab7_2_workspace/mb_usb_hdmi_top/hw/mb_usb_hdmi_top.xsa
TRACE::2024-11-07.23:38:13::SCWPlatform::DSA absoulate path C:/Users/curti/OneDrive/Documents/UIUC/ECE-385/Vivado_Projects/lab7_2/lab7_2_workspace/mb_usb_hdmi_top/hw/mb_usb_hdmi_top.xsa
TRACE::2024-11-07.23:38:13::SCWPlatform::DSA directory C:/Users/curti/OneDrive/Documents/UIUC/ECE-385/Vivado_Projects/lab7_2/lab7_2_workspace/mb_usb_hdmi_top/hw
TRACE::2024-11-07.23:38:13::SCWPlatform:: Platform Path C:/Users/curti/OneDrive/Documents/UIUC/ECE-385/Vivado_Projects/lab7_2/lab7_2_workspace/mb_usb_hdmi_top/hw/mb_usb_hdmi_top.xsa
TRACE::2024-11-07.23:38:13::SCWPlatform:: Unique name xilinx:::0.0
TRACE::2024-11-07.23:38:13::SCWPlatform::Do not have an existing db opened. 
TRACE::2024-11-07.23:38:13::SCWPlatform::Opened new HwDB with name mb_usb_hdmi_top_1
TRACE::2024-11-07.23:38:13::SCWMssOS::Saving the mss changes C:/Users/curti/OneDrive/Documents/UIUC/ECE-385/Vivado_Projects/lab7_2/lab7_2_workspace/mb_usb_hdmi_top/microblaze_0/standalone_microblaze_0/bsp/system.mss
TRACE::2024-11-07.23:38:13::SCWMssOS::Adding the swdes entry, mss present, able to open swdb C:/Users/curti/OneDrive/Documents/UIUC/ECE-385/Vivado_Projects/lab7_2/lab7_2_workspace/mb_usb_hdmi_top/microblaze_0/standalone_microblaze_0/bsp/system.mss with des name system
TRACE::2024-11-07.23:38:13::SCWMssOS::Writing the mss file completed C:/Users/curti/OneDrive/Documents/UIUC/ECE-385/Vivado_Projects/lab7_2/lab7_2_workspace/mb_usb_hdmi_top/microblaze_0/standalone_microblaze_0/bsp/system.mss
TRACE::2024-11-07.23:38:13::SCWMssOS::Commit changes completed.
TRACE::2024-11-07.23:38:13::SCWPlatform::Trying to open the hw design at C:/Users/curti/OneDrive/Documents/UIUC/ECE-385/Vivado_Projects/lab7_2/lab7_2_workspace/mb_usb_hdmi_top/hw/mb_usb_hdmi_top.xsa
TRACE::2024-11-07.23:38:13::SCWPlatform::DSA given C:/Users/curti/OneDrive/Documents/UIUC/ECE-385/Vivado_Projects/lab7_2/lab7_2_workspace/mb_usb_hdmi_top/hw/mb_usb_hdmi_top.xsa
TRACE::2024-11-07.23:38:13::SCWPlatform::DSA absoulate path C:/Users/curti/OneDrive/Documents/UIUC/ECE-385/Vivado_Projects/lab7_2/lab7_2_workspace/mb_usb_hdmi_top/hw/mb_usb_hdmi_top.xsa
TRACE::2024-11-07.23:38:13::SCWPlatform::DSA directory C:/Users/curti/OneDrive/Documents/UIUC/ECE-385/Vivado_Projects/lab7_2/lab7_2_workspace/mb_usb_hdmi_top/hw
TRACE::2024-11-07.23:38:13::SCWPlatform:: Platform Path C:/Users/curti/OneDrive/Documents/UIUC/ECE-385/Vivado_Projects/lab7_2/lab7_2_workspace/mb_usb_hdmi_top/hw/mb_usb_hdmi_top.xsa
TRACE::2024-11-07.23:38:13::SCWPlatform:: Unique name xilinx:::0.0
TRACE::2024-11-07.23:38:13::SCWPlatform::Trying to set the existing hwdb with name mb_usb_hdmi_top_1
TRACE::2024-11-07.23:38:13::SCWPlatform::Opened existing hwdb mb_usb_hdmi_top_1
TRACE::2024-11-07.23:38:13::SCWPlatform::Found the Hw Db part of the input DSA
TRACE::2024-11-07.23:38:13::SCWMssOS::Checking the sw design at  C:/Users/curti/OneDrive/Documents/UIUC/ECE-385/Vivado_Projects/lab7_2/lab7_2_workspace/mb_usb_hdmi_top/microblaze_0/standalone_microblaze_0/bsp/system.mss
TRACE::2024-11-07.23:38:13::SCWMssOS::DEBUG:  swdes dump  C:/Users/curti/OneDrive/Documents/UIUC/ECE-385/Vivado_Projects/lab7_2/lab7_2_workspace/mb_usb_hdmi_top/microblaze_0/standalone_microblaze_0/bsp/system.mss|system||

TRACE::2024-11-07.23:38:13::SCWMssOS::Sw design exists and opened at  C:/Users/curti/OneDrive/Documents/UIUC/ECE-385/Vivado_Projects/lab7_2/lab7_2_workspace/mb_usb_hdmi_top/microblaze_0/standalone_microblaze_0/bsp/system.mss
TRACE::2024-11-07.23:38:13::SCWWriter::formatted JSON is {
	"platformName":	"mb_usb_hdmi_top",
	"sprVersion":	"2.0",
	"mode":	"gui",
	"dsaType":	"Fixed",
	"platformDesc":	"mb_usb_hdmi_top",
	"platHandOff":	"C:/Users/curti/Downloads/bruh/lab_7_2/mb_usb_hdmi_top.xsa",
	"platIntHandOff":	"<platformDir>/hw/mb_usb_hdmi_top.xsa",
	"deviceType":	"FPGA",
	"platIsPrebuiltAutogen":	"false",
	"platIsNoBootBsp":	"false",
	"hasFsblMakeHasChanges":	"false",
	"hasPmufwMakeHasChanges":	"false",
	"platPreBuiltFlag":	false,
	"platformSamplesDir":	"",
	"platActiveSys":	"mb_usb_hdmi_top",
	"systems":	[{
			"systemName":	"mb_usb_hdmi_top",
			"systemDesc":	"mb_usb_hdmi_top",
			"sysIsBootAutoGen":	"true",
			"systemDispName":	"mb_usb_hdmi_top",
			"sysActiveDom":	"standalone_microblaze_0",
			"sysDefaultDom":	"standalone_microblaze_0",
			"domains":	[{
					"domainName":	"standalone_microblaze_0",
					"domainDispName":	"standalone_microblaze_0",
					"domainDesc":	"standalone_microblaze_0",
					"processors":	"microblaze_0",
					"os":	"standalone",
					"sdxOs":	"standalone",
					"debugEnable":	"False",
					"domRuntimes":	["cpp"],
					"swRepo":	"",
					"mssOsVer":	"8.0",
					"mssFile":	"",
					"md5Digest":	"5422c1e5be4ae93f4de8c50507402f2a1",
					"compatibleApp":	"",
					"domType":	"mssDomain",
					"arch":	"32-bit",
					"appSettings":	{
						"appCompilerFlags":	"",
						"appLinkerFlags":	""
					},
					"addedLibs":	[],
					"libOptions":	{
						"libsContainingOptions":	[]
					},
					"prebuiltLibs":	{
						"prebuiltIncPath":	[],
						"prebuiltLibPath":	[]
					},
					"isolation":	{
					}
				}]
		}]
}
TRACE::2024-11-07.23:38:21::SCWMssOS::cleaning the bsp 
TRACE::2024-11-07.23:38:21::SCWMssOS::System Command Ran  C: & cd  C:/Users/curti/OneDrive/Documents/UIUC/ECE-385/Vivado_Projects/lab7_2/lab7_2_workspace/mb_usb_hdmi_top/microblaze_0/standalone_microblaze_0/bsp & make clean 
TRACE::2024-11-07.23:38:21::SCWMssOS::make -C microblaze_0/libsrc/bram_v4_8/src -s clean 

TRACE::2024-11-07.23:38:21::SCWMssOS::make -C microblaze_0/libsrc/cpu_v2_16/src -s clean 

TRACE::2024-11-07.23:38:21::SCWMssOS::make -C microblaze_0/libsrc/intc_v3_15/src -s clean 

TRACE::2024-11-07.23:38:21::SCWMssOS::make -C microblaze_0/libsrc/standalone_v8_0/src -s clean 

TRACE::2024-11-07.23:38:21::SCWMssOS::make -C microblaze_0/libsrc/uartlite_v3_7/src -s clean 

TRACE::2024-11-07.23:38:21::SCWMssOS::rm -f microblaze_0/lib/libxil.a

TRACE::2024-11-07.23:38:23::SCWMssOS::cleaning the bsp 
TRACE::2024-11-07.23:38:23::SCWMssOS::System Command Ran  C: & cd  C:/Users/curti/OneDrive/Documents/UIUC/ECE-385/Vivado_Projects/lab7_2/lab7_2_workspace/mb_usb_hdmi_top/microblaze_0/standalone_microblaze_0/bsp & make clean 
TRACE::2024-11-07.23:38:23::SCWMssOS::make -C microblaze_0/libsrc/bram_v4_8/src -s clean 

TRACE::2024-11-07.23:38:23::SCWMssOS::make -C microblaze_0/libsrc/cpu_v2_16/src -s clean 

TRACE::2024-11-07.23:38:23::SCWMssOS::make -C microblaze_0/libsrc/intc_v3_15/src -s clean 

TRACE::2024-11-07.23:38:23::SCWMssOS::make -C microblaze_0/libsrc/standalone_v8_0/src -s clean 

TRACE::2024-11-07.23:38:23::SCWMssOS::make -C microblaze_0/libsrc/uartlite_v3_7/src -s clean 

TRACE::2024-11-07.23:38:23::SCWMssOS::rm -f microblaze_0/lib/libxil.a

LOG::2024-11-07.23:38:31::SCWPlatform::Started generating the artifacts platform mb_usb_hdmi_top
TRACE::2024-11-07.23:38:31::SCWPlatform::Sanity checking of platform is completed
LOG::2024-11-07.23:38:31::SCWPlatform::Started generating the artifacts for system configuration mb_usb_hdmi_top
LOG::2024-11-07.23:38:31::SCWSystem::Checking the domain standalone_microblaze_0
LOG::2024-11-07.23:38:31::SCWSystem::Not a boot domain 
LOG::2024-11-07.23:38:31::SCWSystem::Started Processing the domain standalone_microblaze_0
TRACE::2024-11-07.23:38:31::SCWDomain::Generating domain artifcats
TRACE::2024-11-07.23:38:31::SCWMssOS::Generating standalone artifcats
TRACE::2024-11-07.23:38:31::SCWMssOS:: Copying the user libraries. 
TRACE::2024-11-07.23:38:31::SCWPlatform::Trying to open the hw design at C:/Users/curti/OneDrive/Documents/UIUC/ECE-385/Vivado_Projects/lab7_2/lab7_2_workspace/mb_usb_hdmi_top/hw/mb_usb_hdmi_top.xsa
TRACE::2024-11-07.23:38:31::SCWPlatform::DSA given C:/Users/curti/OneDrive/Documents/UIUC/ECE-385/Vivado_Projects/lab7_2/lab7_2_workspace/mb_usb_hdmi_top/hw/mb_usb_hdmi_top.xsa
TRACE::2024-11-07.23:38:31::SCWPlatform::DSA absoulate path C:/Users/curti/OneDrive/Documents/UIUC/ECE-385/Vivado_Projects/lab7_2/lab7_2_workspace/mb_usb_hdmi_top/hw/mb_usb_hdmi_top.xsa
TRACE::2024-11-07.23:38:31::SCWPlatform::DSA directory C:/Users/curti/OneDrive/Documents/UIUC/ECE-385/Vivado_Projects/lab7_2/lab7_2_workspace/mb_usb_hdmi_top/hw
TRACE::2024-11-07.23:38:31::SCWPlatform:: Platform Path C:/Users/curti/OneDrive/Documents/UIUC/ECE-385/Vivado_Projects/lab7_2/lab7_2_workspace/mb_usb_hdmi_top/hw/mb_usb_hdmi_top.xsa
TRACE::2024-11-07.23:38:31::SCWPlatform:: Unique name xilinx:::0.0
TRACE::2024-11-07.23:38:31::SCWPlatform::Trying to set the existing hwdb with name mb_usb_hdmi_top_1
TRACE::2024-11-07.23:38:31::SCWPlatform::Opened existing hwdb mb_usb_hdmi_top_1
TRACE::2024-11-07.23:38:31::SCWPlatform::Found the Hw Db part of the input DSA
TRACE::2024-11-07.23:38:31::SCWMssOS::Checking the sw design at  C:/Users/curti/OneDrive/Documents/UIUC/ECE-385/Vivado_Projects/lab7_2/lab7_2_workspace/mb_usb_hdmi_top/microblaze_0/standalone_microblaze_0/bsp/system.mss
TRACE::2024-11-07.23:38:31::SCWMssOS::DEBUG:  swdes dump  C:/Users/curti/OneDrive/Documents/UIUC/ECE-385/Vivado_Projects/lab7_2/lab7_2_workspace/mb_usb_hdmi_top/microblaze_0/standalone_microblaze_0/bsp/system.mss|system||

TRACE::2024-11-07.23:38:31::SCWMssOS::Sw design exists and opened at  C:/Users/curti/OneDrive/Documents/UIUC/ECE-385/Vivado_Projects/lab7_2/lab7_2_workspace/mb_usb_hdmi_top/microblaze_0/standalone_microblaze_0/bsp/system.mss
TRACE::2024-11-07.23:38:31::SCWMssOS::Completed writing the mss file at C:/Users/curti/OneDrive/Documents/UIUC/ECE-385/Vivado_Projects/lab7_2/lab7_2_workspace/mb_usb_hdmi_top/microblaze_0/standalone_microblaze_0/bsp
TRACE::2024-11-07.23:38:31::SCWMssOS::Mss edits present, copying mssfile into export location C:/Users/curti/OneDrive/Documents/UIUC/ECE-385/Vivado_Projects/lab7_2/lab7_2_workspace/mb_usb_hdmi_top/microblaze_0/standalone_microblaze_0/bsp/system.mss
TRACE::2024-11-07.23:38:31::SCWMssOS::bsp generated is stale removing and regenerating. 
TRACE::2024-11-07.23:38:32::SCWMssOS::doing bsp build ... 
TRACE::2024-11-07.23:38:32::SCWMssOS::System Command Ran  C: & cd  C:/Users/curti/OneDrive/Documents/UIUC/ECE-385/Vivado_Projects/lab7_2/lab7_2_workspace/mb_usb_hdmi_top/microblaze_0/standalone_microblaze_0/bsp & make 
TRACE::2024-11-07.23:38:32::SCWMssOS::make --no-print-directory seq_libs

TRACE::2024-11-07.23:38:32::SCWMssOS::'Finished building libraries sequentially.'

TRACE::2024-11-07.23:38:32::SCWMssOS::make -j 18 --no-print-directory par_libs

TRACE::2024-11-07.23:38:32::SCWMssOS::"Running Make include in microblaze_0/libsrc/bram_v4_8/src"

TRACE::2024-11-07.23:38:32::SCWMssOS::make -C microblaze_0/libsrc/bram_v4_8/src -s include  "SHELL=CMD" "COMPILER=mb-gcc" "ASSEMBLER=mb-as" "ARCHIVER=mb-ar" "COMPILE
TRACE::2024-11-07.23:38:32::SCWMssOS::R_FLAGS=  -O2 -c -mcpu=v11.0 -mlittle-endian -mno-xl-reorder -mno-xl-soft-mul -mxl-barrel-shift -mxl-pattern-compare" "EXTRA_CO
TRACE::2024-11-07.23:38:32::SCWMssOS::MPILER_FLAGS=-g -ffunction-sections -fdata-sections -Wall -Wextra -fno-tree-loop-distribute-patterns"

TRACE::2024-11-07.23:38:32::SCWMssOS::"Running Make include in microblaze_0/libsrc/cpu_v2_16/src"

TRACE::2024-11-07.23:38:32::SCWMssOS::make -C microblaze_0/libsrc/cpu_v2_16/src -s include  "SHELL=CMD" "COMPILER=mb-gcc" "ASSEMBLER=mb-as" "ARCHIVER=mb-ar" "COMPILE
TRACE::2024-11-07.23:38:32::SCWMssOS::R_FLAGS=  -O2 -c -mcpu=v11.0 -mlittle-endian -mno-xl-reorder -mno-xl-soft-mul -mxl-barrel-shift -mxl-pattern-compare" "EXTRA_CO
TRACE::2024-11-07.23:38:32::SCWMssOS::MPILER_FLAGS=-g -ffunction-sections -fdata-sections -Wall -Wextra -fno-tree-loop-distribute-patterns"

TRACE::2024-11-07.23:38:32::SCWMssOS::"Running Make include in microblaze_0/libsrc/intc_v3_15/src"

TRACE::2024-11-07.23:38:32::SCWMssOS::make -C microblaze_0/libsrc/intc_v3_15/src -s include  "SHELL=CMD" "COMPILER=mb-gcc" "ASSEMBLER=mb-as" "ARCHIVER=mb-ar" "COMPIL
TRACE::2024-11-07.23:38:32::SCWMssOS::ER_FLAGS=  -O2 -c -mcpu=v11.0 -mlittle-endian -mno-xl-reorder -mno-xl-soft-mul -mxl-barrel-shift -mxl-pattern-compare" "EXTRA_C
TRACE::2024-11-07.23:38:32::SCWMssOS::OMPILER_FLAGS=-g -ffunction-sections -fdata-sections -Wall -Wextra -fno-tree-loop-distribute-patterns"

TRACE::2024-11-07.23:38:32::SCWMssOS::"Running Make include in microblaze_0/libsrc/standalone_v8_0/src"

TRACE::2024-11-07.23:38:32::SCWMssOS::make -C microblaze_0/libsrc/standalone_v8_0/src -s include  "SHELL=CMD" "COMPILER=mb-gcc" "ASSEMBLER=mb-as" "ARCHIVER=mb-ar" "C
TRACE::2024-11-07.23:38:32::SCWMssOS::OMPILER_FLAGS=  -O2 -c -mcpu=v11.0 -mlittle-endian -mno-xl-reorder -mno-xl-soft-mul -mxl-barrel-shift -mxl-pattern-compare" "EX
TRACE::2024-11-07.23:38:32::SCWMssOS::TRA_COMPILER_FLAGS=-g -ffunction-sections -fdata-sections -Wall -Wextra -fno-tree-loop-distribute-patterns"

TRACE::2024-11-07.23:38:32::SCWMssOS::"Running Make include in microblaze_0/libsrc/uartlite_v3_7/src"

TRACE::2024-11-07.23:38:32::SCWMssOS::make -C microblaze_0/libsrc/uartlite_v3_7/src -s include  "SHELL=CMD" "COMPILER=mb-gcc" "ASSEMBLER=mb-as" "ARCHIVER=mb-ar" "COM
TRACE::2024-11-07.23:38:32::SCWMssOS::PILER_FLAGS=  -O2 -c -mcpu=v11.0 -mlittle-endian -mno-xl-reorder -mno-xl-soft-mul -mxl-barrel-shift -mxl-pattern-compare" "EXTR
TRACE::2024-11-07.23:38:32::SCWMssOS::A_COMPILER_FLAGS=-g -ffunction-sections -fdata-sections -Wall -Wextra -fno-tree-loop-distribute-patterns"

TRACE::2024-11-07.23:38:33::SCWMssOS::"Running Make libs in microblaze_0/libsrc/bram_v4_8/src"

TRACE::2024-11-07.23:38:33::SCWMssOS::make -C microblaze_0/libsrc/bram_v4_8/src -s libs  "SHELL=CMD" "COMPILER=mb-gcc" "ASSEMBLER=mb-as" "ARCHIVER=mb-ar" "COMPILER_F
TRACE::2024-11-07.23:38:33::SCWMssOS::LAGS=  -O2 -c -mcpu=v11.0 -mlittle-endian -mno-xl-reorder -mno-xl-soft-mul -mxl-barrel-shift -mxl-pattern-compare" "EXTRA_COMPI
TRACE::2024-11-07.23:38:33::SCWMssOS::LER_FLAGS=-g -ffunction-sections -fdata-sections -Wall -Wextra -fno-tree-loop-distribute-patterns"

TRACE::2024-11-07.23:38:33::SCWMssOS::"Running Make libs in microblaze_0/libsrc/cpu_v2_16/src"

TRACE::2024-11-07.23:38:33::SCWMssOS::make -C microblaze_0/libsrc/cpu_v2_16/src -s libs  "SHELL=CMD" "COMPILER=mb-gcc" "ASSEMBLER=mb-as" "ARCHIVER=mb-ar" "COMPILER_F
TRACE::2024-11-07.23:38:33::SCWMssOS::LAGS=  -O2 -c -mcpu=v11.0 -mlittle-endian -mno-xl-reorder -mno-xl-soft-mul -mxl-barrel-shift -mxl-pattern-compare" "EXTRA_COMPI
TRACE::2024-11-07.23:38:33::SCWMssOS::LER_FLAGS=-g -ffunction-sections -fdata-sections -Wall -Wextra -fno-tree-loop-distribute-patterns"

TRACE::2024-11-07.23:38:33::SCWMssOS::"Running Make libs in microblaze_0/libsrc/intc_v3_15/src"

TRACE::2024-11-07.23:38:33::SCWMssOS::make -C microblaze_0/libsrc/intc_v3_15/src -s libs  "SHELL=CMD" "COMPILER=mb-gcc" "ASSEMBLER=mb-as" "ARCHIVER=mb-ar" "COMPILER_
TRACE::2024-11-07.23:38:33::SCWMssOS::FLAGS=  -O2 -c -mcpu=v11.0 -mlittle-endian -mno-xl-reorder -mno-xl-soft-mul -mxl-barrel-shift -mxl-pattern-compare" "EXTRA_COMP
TRACE::2024-11-07.23:38:33::SCWMssOS::ILER_FLAGS=-g -ffunction-sections -fdata-sections -Wall -Wextra -fno-tree-loop-distribute-patterns"

TRACE::2024-11-07.23:38:33::SCWMssOS::"Running Make libs in microblaze_0/libsrc/standalone_v8_0/src"

TRACE::2024-11-07.23:38:33::SCWMssOS::make -C microblaze_0/libsrc/standalone_v8_0/src -s libs  "SHELL=CMD" "COMPILER=mb-gcc" "ASSEMBLER=mb-as" "ARCHIVER=mb-ar" "COMP
TRACE::2024-11-07.23:38:33::SCWMssOS::ILER_FLAGS=  -O2 -c -mcpu=v11.0 -mlittle-endian -mno-xl-reorder -mno-xl-soft-mul -mxl-barrel-shift -mxl-pattern-compare" "EXTRA
TRACE::2024-11-07.23:38:33::SCWMssOS::_COMPILER_FLAGS=-g -ffunction-sections -fdata-sections -Wall -Wextra -fno-tree-loop-distribute-patterns"

TRACE::2024-11-07.23:38:33::SCWMssOS::"Running Make libs in microblaze_0/libsrc/uartlite_v3_7/src"

TRACE::2024-11-07.23:38:33::SCWMssOS::make -C microblaze_0/libsrc/uartlite_v3_7/src -s libs  "SHELL=CMD" "COMPILER=mb-gcc" "ASSEMBLER=mb-as" "ARCHIVER=mb-ar" "COMPIL
TRACE::2024-11-07.23:38:33::SCWMssOS::ER_FLAGS=  -O2 -c -mcpu=v11.0 -mlittle-endian -mno-xl-reorder -mno-xl-soft-mul -mxl-barrel-shift -mxl-pattern-compare" "EXTRA_C
TRACE::2024-11-07.23:38:33::SCWMssOS::OMPILER_FLAGS=-g -ffunction-sections -fdata-sections -Wall -Wextra -fno-tree-loop-distribute-patterns"

TRACE::2024-11-07.23:38:33::SCWMssOS::"DEBUG NON_LTO_OBJECTS is ../../../lib/microblaze_interrupt_handler.o"

TRACE::2024-11-07.23:38:33::SCWMssOS::'Finished building libraries parallelly.'

TRACE::2024-11-07.23:38:33::SCWMssOS::make --no-print-directory archive

TRACE::2024-11-07.23:38:34::SCWMssOS::mb-ar -r  microblaze_0/lib/libxil.a microblaze_0/lib/_exit.o microblaze_0/lib/errno.o microblaze_0/lib/fcntl.o microblaze_0/lib
TRACE::2024-11-07.23:38:34::SCWMssOS::/hw_exception_handler.o microblaze_0/lib/inbyte.o microblaze_0/lib/microblaze_disable_dcache.o microblaze_0/lib/microblaze_disa
TRACE::2024-11-07.23:38:34::SCWMssOS::ble_exceptions.o microblaze_0/lib/microblaze_disable_icache.o microblaze_0/lib/microblaze_disable_interrupts.o microblaze_0/lib
TRACE::2024-11-07.23:38:34::SCWMssOS::/microblaze_enable_dcache.o microblaze_0/lib/microblaze_enable_exceptions.o microblaze_0/lib/microblaze_enable_icache.o microbl
TRACE::2024-11-07.23:38:34::SCWMssOS::aze_0/lib/microblaze_enable_interrupts.o microblaze_0/lib/microblaze_exception_handler.o microblaze_0/lib/microblaze_flush_cach
TRACE::2024-11-07.23:38:34::SCWMssOS::e_ext.o microblaze_0/lib/microblaze_flush_cache_ext_range.o microblaze_0/lib/microblaze_flush_dcache.o microblaze_0/lib/microbl
TRACE::2024-11-07.23:38:34::SCWMssOS::aze_flush_dcache_range.o microblaze_0/lib/microblaze_init_dcache_range.o microblaze_0/lib/microblaze_init_icache_range.o microb
TRACE::2024-11-07.23:38:34::SCWMssOS::laze_0/lib/microblaze_interrupt_handler.o microblaze_0/lib/microblaze_interrupts_g.o microblaze_0/lib/microblaze_invalidate_cac
TRACE::2024-11-07.23:38:34::SCWMssOS::he_ext.o microblaze_0/lib/microblaze_invalidate_cache_ext_range.o microblaze_0/lib/microblaze_invalidate_dcache.o microblaze_0/
TRACE::2024-11-07.23:38:34::SCWMssOS::lib/microblaze_invalidate_dcache_range.o microblaze_0/lib/microblaze_invalidate_icache.o microblaze_0/lib/microblaze_invalidate
TRACE::2024-11-07.23:38:34::SCWMssOS::_icache_range.o microblaze_0/lib/microblaze_scrub.o microblaze_0/lib/microblaze_selftest.o microblaze_0/lib/microblaze_sleep.o 
TRACE::2024-11-07.23:38:34::SCWMssOS::microblaze_0/lib/microblaze_update_dcache.o microblaze_0/lib/microblaze_update_icache.o microblaze_0/lib/outbyte.o microblaze_0
TRACE::2024-11-07.23:38:34::SCWMssOS::/lib/print.o microblaze_0/lib/pvr.o microblaze_0/lib/xbram.o microblaze_0/lib/xbram_g.o microblaze_0/lib/xbram_intr.o microblaz
TRACE::2024-11-07.23:38:34::SCWMssOS::e_0/lib/xbram_selftest.o microblaze_0/lib/xbram_sinit.o microblaze_0/lib/xil_assert.o microblaze_0/lib/xil_cache.o microblaze_0
TRACE::2024-11-07.23:38:34::SCWMssOS::/lib/xil_clocking.o microblaze_0/lib/xil_exception.o microblaze_0/lib/xil_mem.o microblaze_0/lib/xil_misc_psreset_api.o microbl
TRACE::2024-11-07.23:38:34::SCWMssOS::aze_0/lib/xil_printf.o microblaze_0/lib/xil_sleepcommon.o microblaze_0/lib/xil_testcache.o microblaze_0/lib/xil_testio.o microb
TRACE::2024-11-07.23:38:34::SCWMssOS::laze_0/lib/xil_testmem.o microblaze_0/lib/xil_util.o microblaze_0/lib/xintc.o microblaze_0/lib/xintc_g.o microblaze_0/lib/xintc
TRACE::2024-11-07.23:38:34::SCWMssOS::_intr.o microblaze_0/lib/xintc_l.o microblaze_0/lib/xintc_options.o microblaze_0/lib/xintc_selftest.o microblaze_0/lib/xinterru
TRACE::2024-11-07.23:38:34::SCWMssOS::pt_wrap.o microblaze_0/lib/xio.o microblaze_0/lib/xplatform_info.o microblaze_0/lib/xuartlite.o microblaze_0/lib/xuartlite_g.o 
TRACE::2024-11-07.23:38:34::SCWMssOS::microblaze_0/lib/xuartlite_intr.o microblaze_0/lib/xuartlite_l.o microblaze_0/lib/xuartlite_selftest.o microblaze_0/lib/xuartli
TRACE::2024-11-07.23:38:34::SCWMssOS::te_sinit.o microblaze_0/lib/xuartlite_stats.o

TRACE::2024-11-07.23:38:34::SCWMssOS::'Finished building libraries'

TRACE::2024-11-07.23:38:34::SCWMssOS:: Checking if to create the Supporting Applications
TRACE::2024-11-07.23:38:34::SCWMssOS:: No Linux domain exists, trying to generate FSBL 
LOG::2024-11-07.23:38:34::SCWSystem::Completed Processing the domain standalone_microblaze_0
LOG::2024-11-07.23:38:34::SCWSystem::Completed Processing the sysconfig mb_usb_hdmi_top
LOG::2024-11-07.23:38:34::SCWPlatform::Completed generating the artifacts for system configuration mb_usb_hdmi_top
TRACE::2024-11-07.23:38:34::SCWPlatform::Started preparing the platform 
TRACE::2024-11-07.23:38:34::SCWSystem::Writing the bif file for system config mb_usb_hdmi_top
TRACE::2024-11-07.23:38:34::SCWSystem::dir created 
TRACE::2024-11-07.23:38:34::SCWSystem::Writing the bif 
TRACE::2024-11-07.23:38:34::SCWPlatform::Started writing the spfm file 
TRACE::2024-11-07.23:38:34::SCWPlatform::Started writing the xpfm file 
TRACE::2024-11-07.23:38:34::SCWPlatform::Completed generating the platform
TRACE::2024-11-07.23:38:34::SCWMssOS::Saving the mss changes C:/Users/curti/OneDrive/Documents/UIUC/ECE-385/Vivado_Projects/lab7_2/lab7_2_workspace/mb_usb_hdmi_top/microblaze_0/standalone_microblaze_0/bsp/system.mss
TRACE::2024-11-07.23:38:34::SCWMssOS::Adding the swdes entry, mss present, able to open swdb C:/Users/curti/OneDrive/Documents/UIUC/ECE-385/Vivado_Projects/lab7_2/lab7_2_workspace/mb_usb_hdmi_top/microblaze_0/standalone_microblaze_0/bsp/system.mss with des name system
TRACE::2024-11-07.23:38:34::SCWMssOS::Writing the mss file completed C:/Users/curti/OneDrive/Documents/UIUC/ECE-385/Vivado_Projects/lab7_2/lab7_2_workspace/mb_usb_hdmi_top/microblaze_0/standalone_microblaze_0/bsp/system.mss
TRACE::2024-11-07.23:38:34::SCWMssOS::Commit changes completed.
TRACE::2024-11-07.23:38:34::SCWPlatform::Trying to open the hw design at C:/Users/curti/OneDrive/Documents/UIUC/ECE-385/Vivado_Projects/lab7_2/lab7_2_workspace/mb_usb_hdmi_top/hw/mb_usb_hdmi_top.xsa
TRACE::2024-11-07.23:38:34::SCWPlatform::DSA given C:/Users/curti/OneDrive/Documents/UIUC/ECE-385/Vivado_Projects/lab7_2/lab7_2_workspace/mb_usb_hdmi_top/hw/mb_usb_hdmi_top.xsa
TRACE::2024-11-07.23:38:34::SCWPlatform::DSA absoulate path C:/Users/curti/OneDrive/Documents/UIUC/ECE-385/Vivado_Projects/lab7_2/lab7_2_workspace/mb_usb_hdmi_top/hw/mb_usb_hdmi_top.xsa
TRACE::2024-11-07.23:38:34::SCWPlatform::DSA directory C:/Users/curti/OneDrive/Documents/UIUC/ECE-385/Vivado_Projects/lab7_2/lab7_2_workspace/mb_usb_hdmi_top/hw
TRACE::2024-11-07.23:38:34::SCWPlatform:: Platform Path C:/Users/curti/OneDrive/Documents/UIUC/ECE-385/Vivado_Projects/lab7_2/lab7_2_workspace/mb_usb_hdmi_top/hw/mb_usb_hdmi_top.xsa
TRACE::2024-11-07.23:38:34::SCWPlatform:: Unique name xilinx:::0.0
TRACE::2024-11-07.23:38:34::SCWPlatform::Trying to set the existing hwdb with name mb_usb_hdmi_top_1
TRACE::2024-11-07.23:38:34::SCWPlatform::Opened existing hwdb mb_usb_hdmi_top_1
TRACE::2024-11-07.23:38:34::SCWPlatform::Found the Hw Db part of the input DSA
TRACE::2024-11-07.23:38:34::SCWMssOS::Checking the sw design at  C:/Users/curti/OneDrive/Documents/UIUC/ECE-385/Vivado_Projects/lab7_2/lab7_2_workspace/mb_usb_hdmi_top/microblaze_0/standalone_microblaze_0/bsp/system.mss
TRACE::2024-11-07.23:38:34::SCWMssOS::DEBUG:  swdes dump  C:/Users/curti/OneDrive/Documents/UIUC/ECE-385/Vivado_Projects/lab7_2/lab7_2_workspace/mb_usb_hdmi_top/microblaze_0/standalone_microblaze_0/bsp/system.mss|system||

TRACE::2024-11-07.23:38:34::SCWMssOS::Sw design exists and opened at  C:/Users/curti/OneDrive/Documents/UIUC/ECE-385/Vivado_Projects/lab7_2/lab7_2_workspace/mb_usb_hdmi_top/microblaze_0/standalone_microblaze_0/bsp/system.mss
TRACE::2024-11-07.23:38:34::SCWWriter::formatted JSON is {
	"platformName":	"mb_usb_hdmi_top",
	"sprVersion":	"2.0",
	"mode":	"gui",
	"dsaType":	"Fixed",
	"platformDesc":	"mb_usb_hdmi_top",
	"platHandOff":	"C:/Users/curti/Downloads/bruh/lab_7_2/mb_usb_hdmi_top.xsa",
	"platIntHandOff":	"<platformDir>/hw/mb_usb_hdmi_top.xsa",
	"deviceType":	"FPGA",
	"platIsPrebuiltAutogen":	"false",
	"platIsNoBootBsp":	"false",
	"hasFsblMakeHasChanges":	"false",
	"hasPmufwMakeHasChanges":	"false",
	"platPreBuiltFlag":	false,
	"platformSamplesDir":	"",
	"platActiveSys":	"mb_usb_hdmi_top",
	"systems":	[{
			"systemName":	"mb_usb_hdmi_top",
			"systemDesc":	"mb_usb_hdmi_top",
			"sysIsBootAutoGen":	"true",
			"systemDispName":	"mb_usb_hdmi_top",
			"sysActiveDom":	"standalone_microblaze_0",
			"sysDefaultDom":	"standalone_microblaze_0",
			"domains":	[{
					"domainName":	"standalone_microblaze_0",
					"domainDispName":	"standalone_microblaze_0",
					"domainDesc":	"standalone_microblaze_0",
					"processors":	"microblaze_0",
					"os":	"standalone",
					"sdxOs":	"standalone",
					"debugEnable":	"False",
					"domRuntimes":	["cpp"],
					"swRepo":	"",
					"mssOsVer":	"8.0",
					"mssFile":	"",
					"md5Digest":	"5422c1e5be4ae93f4de8c50507402f2a",
					"compatibleApp":	"",
					"domType":	"mssDomain",
					"arch":	"32-bit",
					"appSettings":	{
						"appCompilerFlags":	"",
						"appLinkerFlags":	""
					},
					"addedLibs":	[],
					"libOptions":	{
						"libsContainingOptions":	[]
					},
					"prebuiltLibs":	{
						"prebuiltIncPath":	[],
						"prebuiltLibPath":	[]
					},
					"isolation":	{
					}
				}]
		}]
}
KEYINFO::2024-11-07.23:38:34::SCWPlatform::updated the xpfm file.
TRACE::2024-11-07.23:38:34::SCWPlatform::Trying to open the hw design at C:/Users/curti/OneDrive/Documents/UIUC/ECE-385/Vivado_Projects/lab7_2/lab7_2_workspace/mb_usb_hdmi_top/hw/mb_usb_hdmi_top.xsa
TRACE::2024-11-07.23:38:34::SCWPlatform::DSA given C:/Users/curti/OneDrive/Documents/UIUC/ECE-385/Vivado_Projects/lab7_2/lab7_2_workspace/mb_usb_hdmi_top/hw/mb_usb_hdmi_top.xsa
TRACE::2024-11-07.23:38:34::SCWPlatform::DSA absoulate path C:/Users/curti/OneDrive/Documents/UIUC/ECE-385/Vivado_Projects/lab7_2/lab7_2_workspace/mb_usb_hdmi_top/hw/mb_usb_hdmi_top.xsa
TRACE::2024-11-07.23:38:34::SCWPlatform::DSA directory C:/Users/curti/OneDrive/Documents/UIUC/ECE-385/Vivado_Projects/lab7_2/lab7_2_workspace/mb_usb_hdmi_top/hw
TRACE::2024-11-07.23:38:34::SCWPlatform:: Platform Path C:/Users/curti/OneDrive/Documents/UIUC/ECE-385/Vivado_Projects/lab7_2/lab7_2_workspace/mb_usb_hdmi_top/hw/mb_usb_hdmi_top.xsa
TRACE::2024-11-07.23:38:34::SCWPlatform:: Unique name xilinx:::0.0
TRACE::2024-11-07.23:38:34::SCWPlatform::Trying to set the existing hwdb with name mb_usb_hdmi_top_1
TRACE::2024-11-07.23:38:34::SCWPlatform::Opened existing hwdb mb_usb_hdmi_top_1
TRACE::2024-11-07.23:38:34::SCWPlatform::Found the Hw Db part of the input DSA
TRACE::2024-11-07.23:38:34::SCWMssOS::Checking the sw design at  C:/Users/curti/OneDrive/Documents/UIUC/ECE-385/Vivado_Projects/lab7_2/lab7_2_workspace/mb_usb_hdmi_top/microblaze_0/standalone_microblaze_0/bsp/system.mss
TRACE::2024-11-07.23:38:34::SCWMssOS::DEBUG:  swdes dump  C:/Users/curti/OneDrive/Documents/UIUC/ECE-385/Vivado_Projects/lab7_2/lab7_2_workspace/mb_usb_hdmi_top/microblaze_0/standalone_microblaze_0/bsp/system.mss|system||

TRACE::2024-11-07.23:38:34::SCWMssOS::Sw design exists and opened at  C:/Users/curti/OneDrive/Documents/UIUC/ECE-385/Vivado_Projects/lab7_2/lab7_2_workspace/mb_usb_hdmi_top/microblaze_0/standalone_microblaze_0/bsp/system.mss
