19:31:43 DEBUG : Logs will be stored at 'C:/Users/curti/OneDrive/Documents/UIUC/ECE-385/Vivado_Projects/lab_6_2/workspace/IDE.log'.
19:31:47 INFO  : Platform repository initialization has completed.
19:31:47 INFO  : Launching XSCT server: xsct.bat -n  -interactive C:\Users\curti\OneDrive\Documents\UIUC\ECE-385\Vivado_Projects\lab_6_2\workspace\temp_xsdb_launch_script.tcl
19:31:47 INFO  : Registering command handlers for Vitis TCF services
19:31:51 INFO  : XSCT server has started successfully.
19:31:55 INFO  : plnx-install-location is set to ''
19:31:55 INFO  : Successfully done setting XSCT server connection channel  
19:31:55 INFO  : Successfully done query RDI_DATADIR 
19:31:55 INFO  : Successfully done setting workspace for the tool. 
19:34:25 INFO  : Result from executing command 'getProjects': mb_usb_hdmi_top
19:34:25 INFO  : Result from executing command 'getPlatforms': 
19:34:25 WARN  : An unexpected exception occurred in the module 'platform project logging'
19:34:25 INFO  : Platform 'mb_usb_hdmi_top' is added to custom repositories.
19:34:28 INFO  : Platform 'mb_usb_hdmi_top' is added to custom repositories.
20:50:37 INFO  : Result from executing command 'getProjects': mb_usb_hdmi_top
20:50:37 INFO  : Result from executing command 'getPlatforms': mb_usb_hdmi_top|C:/Users/curti/OneDrive/Documents/UIUC/ECE-385/Vivado_Projects/lab_6_2/workspace/mb_usb_hdmi_top/export/mb_usb_hdmi_top/mb_usb_hdmi_top.xpfm
20:50:37 INFO  : Checking for BSP changes to sync application flags for project 'mb_usb'...
20:56:18 INFO  : Connected to target on host '127.0.0.1' and port '3121'.
20:56:19 INFO  : Jtag cable 'RealDigital Boo 887100000005A' is selected.
20:56:19 INFO  : 'jtag frequency' command is executed.
20:56:19 INFO  : 'targets -set -filter {jtag_cable_name =~ "RealDigital Boo 887100000005A" && level==0 && jtag_device_ctx=="jsn1-0362f093-0"}' command is executed.
20:56:20 INFO  : Device configured successfully with "C:/Users/curti/OneDrive/Documents/UIUC/ECE-385/Vivado_Projects/lab_6_2/workspace/mb_usb/_ide/bitstream/mb_usb_hdmi_top.bit"
20:56:21 INFO  : Context for processor 'microblaze_0' is selected.
20:56:21 INFO  : Hardware design and registers information is loaded from 'C:/Users/curti/OneDrive/Documents/UIUC/ECE-385/Vivado_Projects/lab_6_2/workspace/mb_usb_hdmi_top/export/mb_usb_hdmi_top/hw/mb_usb_hdmi_top.xsa'.
20:56:21 INFO  : 'configparams mdm-detect-bscan-mask 2' command is executed.
20:56:21 INFO  : Context for processor 'microblaze_0' is selected.
20:56:21 INFO  : System reset is completed.
20:56:24 INFO  : 'after 3000' command is executed.
20:56:24 INFO  : Context for processor 'microblaze_0' is selected.
20:56:24 INFO  : The application 'C:/Users/curti/OneDrive/Documents/UIUC/ECE-385/Vivado_Projects/lab_6_2/workspace/mb_usb/Debug/mb_usb.elf' is downloaded to processor 'microblaze_0'.
20:56:24 INFO  : ----------------XSDB Script----------------
connect -url tcp:127.0.0.1:3121
targets -set -filter {jtag_cable_name =~ "RealDigital Boo 887100000005A" && level==0 && jtag_device_ctx=="jsn1-0362f093-0"}
fpga -file C:/Users/curti/OneDrive/Documents/UIUC/ECE-385/Vivado_Projects/lab_6_2/workspace/mb_usb/_ide/bitstream/mb_usb_hdmi_top.bit
targets -set -nocase -filter {name =~ "*microblaze*#0" && bscan=="USER2" }
loadhw -hw C:/Users/curti/OneDrive/Documents/UIUC/ECE-385/Vivado_Projects/lab_6_2/workspace/mb_usb_hdmi_top/export/mb_usb_hdmi_top/hw/mb_usb_hdmi_top.xsa -regs
configparams mdm-detect-bscan-mask 2
targets -set -nocase -filter {name =~ "*microblaze*#0" && bscan=="USER2" }
rst -system
after 3000
targets -set -nocase -filter {name =~ "*microblaze*#0" && bscan=="USER2" }
dow C:/Users/curti/OneDrive/Documents/UIUC/ECE-385/Vivado_Projects/lab_6_2/workspace/mb_usb/Debug/mb_usb.elf
----------------End of Script----------------

20:56:24 INFO  : Context for processor 'microblaze_0' is selected.
20:56:24 INFO  : 'con' command is executed.
20:56:24 INFO  : ----------------XSDB Script (After Launch)----------------
targets -set -nocase -filter {name =~ "*microblaze*#0" && bscan=="USER2" }
con
----------------End of Script----------------

20:56:24 INFO  : Disconnected from the channel tcfchan#2.
21:12:39 DEBUG : Logs will be stored at 'C:/Users/curti/OneDrive/Documents/UIUC/ECE-385/Vivado_Projects/lab_6_2/workspace/IDE.log'.
21:12:39 INFO  : Launching XSCT server: xsct.bat -n  -interactive C:\Users\curti\OneDrive\Documents\UIUC\ECE-385\Vivado_Projects\lab_6_2\workspace\temp_xsdb_launch_script.tcl
21:12:41 INFO  : XSCT server has started successfully.
21:12:41 INFO  : Successfully done setting XSCT server connection channel  
21:12:41 INFO  : plnx-install-location is set to ''
21:12:41 INFO  : Successfully done setting workspace for the tool. 
21:12:43 INFO  : Platform repository initialization has completed.
21:12:44 INFO  : Successfully done query RDI_DATADIR 
21:12:44 INFO  : Registering command handlers for Vitis TCF services
21:14:02 INFO  : Connected to target on host '127.0.0.1' and port '3121'.
21:14:02 INFO  : Jtag cable 'RealDigital Boo 887100000005A' is selected.
21:14:02 INFO  : 'jtag frequency' command is executed.
21:14:02 INFO  : 'targets -set -filter {jtag_cable_name =~ "RealDigital Boo 887100000005A" && level==0 && jtag_device_ctx=="jsn1-0362f093-0"}' command is executed.
21:14:03 INFO  : Device configured successfully with "C:/Users/curti/OneDrive/Documents/UIUC/ECE-385/Vivado_Projects/lab_6_2/workspace/mb_usb/_ide/bitstream/mb_usb_hdmi_top.bit"
21:14:04 INFO  : Context for processor 'microblaze_0' is selected.
21:14:04 INFO  : Hardware design and registers information is loaded from 'C:/Users/curti/OneDrive/Documents/UIUC/ECE-385/Vivado_Projects/lab_6_2/workspace/mb_usb_hdmi_top/export/mb_usb_hdmi_top/hw/mb_usb_hdmi_top.xsa'.
21:14:04 INFO  : 'configparams mdm-detect-bscan-mask 2' command is executed.
21:14:04 INFO  : Context for processor 'microblaze_0' is selected.
21:14:04 INFO  : System reset is completed.
21:14:07 INFO  : 'after 3000' command is executed.
21:14:07 INFO  : Context for processor 'microblaze_0' is selected.
21:14:07 INFO  : The application 'C:/Users/curti/OneDrive/Documents/UIUC/ECE-385/Vivado_Projects/lab_6_2/workspace/mb_usb/Debug/mb_usb.elf' is downloaded to processor 'microblaze_0'.
21:14:07 INFO  : ----------------XSDB Script----------------
connect -url tcp:127.0.0.1:3121
targets -set -filter {jtag_cable_name =~ "RealDigital Boo 887100000005A" && level==0 && jtag_device_ctx=="jsn1-0362f093-0"}
fpga -file C:/Users/curti/OneDrive/Documents/UIUC/ECE-385/Vivado_Projects/lab_6_2/workspace/mb_usb/_ide/bitstream/mb_usb_hdmi_top.bit
targets -set -nocase -filter {name =~ "*microblaze*#0" && bscan=="USER2" }
loadhw -hw C:/Users/curti/OneDrive/Documents/UIUC/ECE-385/Vivado_Projects/lab_6_2/workspace/mb_usb_hdmi_top/export/mb_usb_hdmi_top/hw/mb_usb_hdmi_top.xsa -regs
configparams mdm-detect-bscan-mask 2
targets -set -nocase -filter {name =~ "*microblaze*#0" && bscan=="USER2" }
rst -system
after 3000
targets -set -nocase -filter {name =~ "*microblaze*#0" && bscan=="USER2" }
dow C:/Users/curti/OneDrive/Documents/UIUC/ECE-385/Vivado_Projects/lab_6_2/workspace/mb_usb/Debug/mb_usb.elf
----------------End of Script----------------

21:14:07 INFO  : Context for processor 'microblaze_0' is selected.
21:14:07 INFO  : 'con' command is executed.
21:14:07 INFO  : ----------------XSDB Script (After Launch)----------------
targets -set -nocase -filter {name =~ "*microblaze*#0" && bscan=="USER2" }
con
----------------End of Script----------------

21:14:07 INFO  : Disconnected from the channel tcfchan#1.
21:17:58 DEBUG : Logs will be stored at 'C:/Users/curti/OneDrive/Documents/UIUC/ECE-385/Vivado_Projects/lab_6_2/workspace/IDE.log'.
21:17:58 INFO  : Launching XSCT server: xsct.bat -n  -interactive C:\Users\curti\OneDrive\Documents\UIUC\ECE-385\Vivado_Projects\lab_6_2\workspace\temp_xsdb_launch_script.tcl
21:18:00 INFO  : XSCT server has started successfully.
21:18:00 INFO  : plnx-install-location is set to ''
21:18:00 INFO  : Successfully done setting XSCT server connection channel  
21:18:00 INFO  : Successfully done setting workspace for the tool. 
21:18:02 INFO  : Platform repository initialization has completed.
21:18:02 INFO  : Successfully done query RDI_DATADIR 
21:18:02 INFO  : Registering command handlers for Vitis TCF services
21:18:20 INFO  : Connected to target on host '127.0.0.1' and port '3121'.
21:18:21 INFO  : Jtag cable 'RealDigital Boo 887100000005A' is selected.
21:18:21 INFO  : 'jtag frequency' command is executed.
21:18:21 INFO  : 'targets -set -filter {jtag_cable_name =~ "RealDigital Boo 887100000005A" && level==0 && jtag_device_ctx=="jsn1-0362f093-0"}' command is executed.
21:18:22 INFO  : Device configured successfully with "C:/Users/curti/OneDrive/Documents/UIUC/ECE-385/Vivado_Projects/lab_6_2/workspace/mb_usb/_ide/bitstream/mb_usb_hdmi_top.bit"
21:18:22 INFO  : Context for processor 'microblaze_0' is selected.
21:18:22 INFO  : Hardware design and registers information is loaded from 'C:/Users/curti/OneDrive/Documents/UIUC/ECE-385/Vivado_Projects/lab_6_2/workspace/mb_usb_hdmi_top/export/mb_usb_hdmi_top/hw/mb_usb_hdmi_top.xsa'.
21:18:22 INFO  : 'configparams mdm-detect-bscan-mask 2' command is executed.
21:18:22 INFO  : Context for processor 'microblaze_0' is selected.
21:18:22 INFO  : System reset is completed.
21:18:25 INFO  : 'after 3000' command is executed.
21:18:25 INFO  : Context for processor 'microblaze_0' is selected.
21:18:25 INFO  : The application 'C:/Users/curti/OneDrive/Documents/UIUC/ECE-385/Vivado_Projects/lab_6_2/workspace/mb_usb/Debug/mb_usb.elf' is downloaded to processor 'microblaze_0'.
21:18:25 INFO  : ----------------XSDB Script----------------
connect -url tcp:127.0.0.1:3121
targets -set -filter {jtag_cable_name =~ "RealDigital Boo 887100000005A" && level==0 && jtag_device_ctx=="jsn1-0362f093-0"}
fpga -file C:/Users/curti/OneDrive/Documents/UIUC/ECE-385/Vivado_Projects/lab_6_2/workspace/mb_usb/_ide/bitstream/mb_usb_hdmi_top.bit
targets -set -nocase -filter {name =~ "*microblaze*#0" && bscan=="USER2" }
loadhw -hw C:/Users/curti/OneDrive/Documents/UIUC/ECE-385/Vivado_Projects/lab_6_2/workspace/mb_usb_hdmi_top/export/mb_usb_hdmi_top/hw/mb_usb_hdmi_top.xsa -regs
configparams mdm-detect-bscan-mask 2
targets -set -nocase -filter {name =~ "*microblaze*#0" && bscan=="USER2" }
rst -system
after 3000
targets -set -nocase -filter {name =~ "*microblaze*#0" && bscan=="USER2" }
dow C:/Users/curti/OneDrive/Documents/UIUC/ECE-385/Vivado_Projects/lab_6_2/workspace/mb_usb/Debug/mb_usb.elf
----------------End of Script----------------

21:18:25 INFO  : Context for processor 'microblaze_0' is selected.
21:18:25 INFO  : 'con' command is executed.
21:18:25 INFO  : ----------------XSDB Script (After Launch)----------------
targets -set -nocase -filter {name =~ "*microblaze*#0" && bscan=="USER2" }
con
----------------End of Script----------------

21:18:25 INFO  : Disconnected from the channel tcfchan#1.
21:22:22 INFO  : Connected to target on host '127.0.0.1' and port '3121'.
21:22:22 INFO  : Jtag cable 'RealDigital Boo 887100000005A' is selected.
21:22:22 INFO  : 'jtag frequency' command is executed.
21:22:22 INFO  : 'targets -set -filter {jtag_cable_name =~ "RealDigital Boo 887100000005A" && level==0 && jtag_device_ctx=="jsn1-0362f093-0"}' command is executed.
21:22:23 INFO  : Device configured successfully with "C:/Users/curti/OneDrive/Documents/UIUC/ECE-385/Vivado_Projects/lab_6_2/workspace/mb_usb/_ide/bitstream/mb_usb_hdmi_top.bit"
21:22:24 INFO  : Context for processor 'microblaze_0' is selected.
21:22:24 INFO  : Hardware design and registers information is loaded from 'C:/Users/curti/OneDrive/Documents/UIUC/ECE-385/Vivado_Projects/lab_6_2/workspace/mb_usb_hdmi_top/export/mb_usb_hdmi_top/hw/mb_usb_hdmi_top.xsa'.
21:22:24 INFO  : 'configparams mdm-detect-bscan-mask 2' command is executed.
21:22:24 INFO  : Context for processor 'microblaze_0' is selected.
21:22:24 INFO  : System reset is completed.
21:22:27 INFO  : 'after 3000' command is executed.
21:22:27 INFO  : Context for processor 'microblaze_0' is selected.
21:22:27 INFO  : The application 'C:/Users/curti/OneDrive/Documents/UIUC/ECE-385/Vivado_Projects/lab_6_2/workspace/mb_usb/Debug/mb_usb.elf' is downloaded to processor 'microblaze_0'.
21:22:27 INFO  : ----------------XSDB Script----------------
connect -url tcp:127.0.0.1:3121
targets -set -filter {jtag_cable_name =~ "RealDigital Boo 887100000005A" && level==0 && jtag_device_ctx=="jsn1-0362f093-0"}
fpga -file C:/Users/curti/OneDrive/Documents/UIUC/ECE-385/Vivado_Projects/lab_6_2/workspace/mb_usb/_ide/bitstream/mb_usb_hdmi_top.bit
targets -set -nocase -filter {name =~ "*microblaze*#0" && bscan=="USER2" }
loadhw -hw C:/Users/curti/OneDrive/Documents/UIUC/ECE-385/Vivado_Projects/lab_6_2/workspace/mb_usb_hdmi_top/export/mb_usb_hdmi_top/hw/mb_usb_hdmi_top.xsa -regs
configparams mdm-detect-bscan-mask 2
targets -set -nocase -filter {name =~ "*microblaze*#0" && bscan=="USER2" }
rst -system
after 3000
targets -set -nocase -filter {name =~ "*microblaze*#0" && bscan=="USER2" }
dow C:/Users/curti/OneDrive/Documents/UIUC/ECE-385/Vivado_Projects/lab_6_2/workspace/mb_usb/Debug/mb_usb.elf
----------------End of Script----------------

21:22:27 INFO  : Context for processor 'microblaze_0' is selected.
21:22:27 INFO  : 'con' command is executed.
21:22:27 INFO  : ----------------XSDB Script (After Launch)----------------
targets -set -nocase -filter {name =~ "*microblaze*#0" && bscan=="USER2" }
con
----------------End of Script----------------

21:22:27 INFO  : Disconnected from the channel tcfchan#2.
21:24:22 INFO  : Connected to target on host '127.0.0.1' and port '3121'.
21:24:23 INFO  : Jtag cable 'RealDigital Boo 887100000005A' is selected.
21:24:23 INFO  : 'jtag frequency' command is executed.
21:24:30 INFO  : 'targets -set -filter {jtag_cable_name =~ "RealDigital Boo 887100000005A" && level==0 && jtag_device_ctx=="jsn1-0362f093-0"}' command is executed.
21:24:32 INFO  : Device configured successfully with "C:/Users/curti/OneDrive/Documents/UIUC/ECE-385/Vivado_Projects/lab_6_2/workspace/mb_usb/_ide/bitstream/mb_usb_hdmi_top.bit"
21:24:35 INFO  : Context for processor 'microblaze_0' is selected.
21:24:35 INFO  : Hardware design and registers information is loaded from 'C:/Users/curti/OneDrive/Documents/UIUC/ECE-385/Vivado_Projects/lab_6_2/workspace/mb_usb_hdmi_top/export/mb_usb_hdmi_top/hw/mb_usb_hdmi_top.xsa'.
21:24:35 INFO  : 'configparams mdm-detect-bscan-mask 2' command is executed.
21:24:35 INFO  : Context for processor 'microblaze_0' is selected.
21:24:35 INFO  : System reset is completed.
21:24:38 INFO  : 'after 3000' command is executed.
21:24:38 INFO  : Context for processor 'microblaze_0' is selected.
21:24:38 INFO  : The application 'C:/Users/curti/OneDrive/Documents/UIUC/ECE-385/Vivado_Projects/lab_6_2/workspace/mb_usb/Debug/mb_usb.elf' is downloaded to processor 'microblaze_0'.
21:24:38 INFO  : ----------------XSDB Script----------------
connect -url tcp:127.0.0.1:3121
targets -set -filter {jtag_cable_name =~ "RealDigital Boo 887100000005A" && level==0 && jtag_device_ctx=="jsn1-0362f093-0"}
fpga -file C:/Users/curti/OneDrive/Documents/UIUC/ECE-385/Vivado_Projects/lab_6_2/workspace/mb_usb/_ide/bitstream/mb_usb_hdmi_top.bit
targets -set -nocase -filter {name =~ "*microblaze*#0" && bscan=="USER2" }
loadhw -hw C:/Users/curti/OneDrive/Documents/UIUC/ECE-385/Vivado_Projects/lab_6_2/workspace/mb_usb_hdmi_top/export/mb_usb_hdmi_top/hw/mb_usb_hdmi_top.xsa -regs
configparams mdm-detect-bscan-mask 2
targets -set -nocase -filter {name =~ "*microblaze*#0" && bscan=="USER2" }
rst -system
after 3000
targets -set -nocase -filter {name =~ "*microblaze*#0" && bscan=="USER2" }
dow C:/Users/curti/OneDrive/Documents/UIUC/ECE-385/Vivado_Projects/lab_6_2/workspace/mb_usb/Debug/mb_usb.elf
----------------End of Script----------------

21:24:38 INFO  : Context for processor 'microblaze_0' is selected.
21:24:38 INFO  : 'con' command is executed.
21:24:38 INFO  : ----------------XSDB Script (After Launch)----------------
targets -set -nocase -filter {name =~ "*microblaze*#0" && bscan=="USER2" }
con
----------------End of Script----------------

21:24:38 INFO  : Disconnected from the channel tcfchan#3.
21:31:57 DEBUG : Logs will be stored at 'C:/Users/curti/OneDrive/Documents/UIUC/ECE-385/Vivado_Projects/lab_6_2/workspace/IDE.log'.
21:31:58 INFO  : Launching XSCT server: xsct.bat -n  -interactive C:\Users\curti\OneDrive\Documents\UIUC\ECE-385\Vivado_Projects\lab_6_2\workspace\temp_xsdb_launch_script.tcl
21:32:00 INFO  : XSCT server has started successfully.
21:32:00 INFO  : plnx-install-location is set to ''
21:32:00 INFO  : Successfully done setting XSCT server connection channel  
21:32:00 INFO  : Successfully done setting workspace for the tool. 
21:32:01 INFO  : Platform repository initialization has completed.
21:32:01 INFO  : Successfully done query RDI_DATADIR 
21:32:02 INFO  : Registering command handlers for Vitis TCF services
21:33:07 INFO  : Connected to target on host '127.0.0.1' and port '3121'.
21:33:08 INFO  : Jtag cable 'RealDigital Boo 887100000005A' is selected.
21:33:08 INFO  : 'jtag frequency' command is executed.
21:33:08 INFO  : 'targets -set -filter {jtag_cable_name =~ "RealDigital Boo 887100000005A" && level==0 && jtag_device_ctx=="jsn1-0362f093-0"}' command is executed.
21:33:09 INFO  : Device configured successfully with "C:/Users/curti/OneDrive/Documents/UIUC/ECE-385/Vivado_Projects/lab_6_2/workspace/mb_usb/_ide/bitstream/mb_usb_hdmi_top.bit"
21:33:09 INFO  : Context for processor 'microblaze_0' is selected.
21:33:09 INFO  : Hardware design and registers information is loaded from 'C:/Users/curti/OneDrive/Documents/UIUC/ECE-385/Vivado_Projects/lab_6_2/workspace/mb_usb_hdmi_top/export/mb_usb_hdmi_top/hw/mb_usb_hdmi_top.xsa'.
21:33:09 INFO  : 'configparams mdm-detect-bscan-mask 2' command is executed.
21:33:09 INFO  : Context for processor 'microblaze_0' is selected.
21:33:09 INFO  : System reset is completed.
21:33:12 INFO  : 'after 3000' command is executed.
21:33:12 INFO  : Context for processor 'microblaze_0' is selected.
21:33:13 INFO  : The application 'C:/Users/curti/OneDrive/Documents/UIUC/ECE-385/Vivado_Projects/lab_6_2/workspace/mb_usb/Debug/mb_usb.elf' is downloaded to processor 'microblaze_0'.
21:33:13 INFO  : ----------------XSDB Script----------------
connect -url tcp:127.0.0.1:3121
targets -set -filter {jtag_cable_name =~ "RealDigital Boo 887100000005A" && level==0 && jtag_device_ctx=="jsn1-0362f093-0"}
fpga -file C:/Users/curti/OneDrive/Documents/UIUC/ECE-385/Vivado_Projects/lab_6_2/workspace/mb_usb/_ide/bitstream/mb_usb_hdmi_top.bit
targets -set -nocase -filter {name =~ "*microblaze*#0" && bscan=="USER2" }
loadhw -hw C:/Users/curti/OneDrive/Documents/UIUC/ECE-385/Vivado_Projects/lab_6_2/workspace/mb_usb_hdmi_top/export/mb_usb_hdmi_top/hw/mb_usb_hdmi_top.xsa -regs
configparams mdm-detect-bscan-mask 2
targets -set -nocase -filter {name =~ "*microblaze*#0" && bscan=="USER2" }
rst -system
after 3000
targets -set -nocase -filter {name =~ "*microblaze*#0" && bscan=="USER2" }
dow C:/Users/curti/OneDrive/Documents/UIUC/ECE-385/Vivado_Projects/lab_6_2/workspace/mb_usb/Debug/mb_usb.elf
----------------End of Script----------------

21:33:13 INFO  : Context for processor 'microblaze_0' is selected.
21:33:13 INFO  : 'con' command is executed.
21:33:13 INFO  : ----------------XSDB Script (After Launch)----------------
targets -set -nocase -filter {name =~ "*microblaze*#0" && bscan=="USER2" }
con
----------------End of Script----------------

21:33:13 INFO  : Disconnected from the channel tcfchan#1.
21:34:23 DEBUG : Logs will be stored at 'C:/Users/curti/OneDrive/Documents/UIUC/ECE-385/Vivado_Projects/lab_6_2/workspace/IDE.log'.
21:34:24 INFO  : Launching XSCT server: xsct.bat -n  -interactive C:\Users\curti\OneDrive\Documents\UIUC\ECE-385\Vivado_Projects\lab_6_2\workspace\temp_xsdb_launch_script.tcl
21:34:26 INFO  : XSCT server has started successfully.
21:34:26 INFO  : Successfully done setting XSCT server connection channel  
21:34:26 INFO  : plnx-install-location is set to ''
21:34:26 INFO  : Successfully done setting workspace for the tool. 
21:34:27 INFO  : Platform repository initialization has completed.
21:34:27 INFO  : Successfully done query RDI_DATADIR 
21:34:28 INFO  : Registering command handlers for Vitis TCF services
21:34:39 INFO  : Connected to target on host '127.0.0.1' and port '3121'.
21:34:39 INFO  : Jtag cable 'RealDigital Boo 887100000005A' is selected.
21:34:39 INFO  : 'jtag frequency' command is executed.
21:34:39 INFO  : 'targets -set -filter {jtag_cable_name =~ "RealDigital Boo 887100000005A" && level==0 && jtag_device_ctx=="jsn1-0362f093-0"}' command is executed.
21:34:41 INFO  : Device configured successfully with "C:/Users/curti/OneDrive/Documents/UIUC/ECE-385/Vivado_Projects/lab_6_2/workspace/mb_usb/_ide/bitstream/mb_usb_hdmi_top.bit"
21:34:41 INFO  : Context for processor 'microblaze_0' is selected.
21:34:41 INFO  : Hardware design and registers information is loaded from 'C:/Users/curti/OneDrive/Documents/UIUC/ECE-385/Vivado_Projects/lab_6_2/workspace/mb_usb_hdmi_top/export/mb_usb_hdmi_top/hw/mb_usb_hdmi_top.xsa'.
21:34:41 INFO  : 'configparams mdm-detect-bscan-mask 2' command is executed.
21:34:41 INFO  : Context for processor 'microblaze_0' is selected.
21:34:41 INFO  : System reset is completed.
21:34:44 INFO  : 'after 3000' command is executed.
21:34:44 INFO  : Context for processor 'microblaze_0' is selected.
21:34:44 INFO  : The application 'C:/Users/curti/OneDrive/Documents/UIUC/ECE-385/Vivado_Projects/lab_6_2/workspace/mb_usb/Debug/mb_usb.elf' is downloaded to processor 'microblaze_0'.
21:34:44 INFO  : ----------------XSDB Script----------------
connect -url tcp:127.0.0.1:3121
targets -set -filter {jtag_cable_name =~ "RealDigital Boo 887100000005A" && level==0 && jtag_device_ctx=="jsn1-0362f093-0"}
fpga -file C:/Users/curti/OneDrive/Documents/UIUC/ECE-385/Vivado_Projects/lab_6_2/workspace/mb_usb/_ide/bitstream/mb_usb_hdmi_top.bit
targets -set -nocase -filter {name =~ "*microblaze*#0" && bscan=="USER2" }
loadhw -hw C:/Users/curti/OneDrive/Documents/UIUC/ECE-385/Vivado_Projects/lab_6_2/workspace/mb_usb_hdmi_top/export/mb_usb_hdmi_top/hw/mb_usb_hdmi_top.xsa -regs
configparams mdm-detect-bscan-mask 2
targets -set -nocase -filter {name =~ "*microblaze*#0" && bscan=="USER2" }
rst -system
after 3000
targets -set -nocase -filter {name =~ "*microblaze*#0" && bscan=="USER2" }
dow C:/Users/curti/OneDrive/Documents/UIUC/ECE-385/Vivado_Projects/lab_6_2/workspace/mb_usb/Debug/mb_usb.elf
----------------End of Script----------------

21:34:44 INFO  : Context for processor 'microblaze_0' is selected.
21:34:44 INFO  : 'con' command is executed.
21:34:44 INFO  : ----------------XSDB Script (After Launch)----------------
targets -set -nocase -filter {name =~ "*microblaze*#0" && bscan=="USER2" }
con
----------------End of Script----------------

21:34:44 INFO  : Disconnected from the channel tcfchan#1.
21:43:08 INFO  : Connected to target on host '127.0.0.1' and port '3121'.
21:43:08 INFO  : Connected to target on host '127.0.0.1' and port '3121'.
21:43:08 INFO  : Jtag cable 'RealDigital Boo 887100000005A' is selected.
21:43:08 INFO  : Jtag cable 'RealDigital Boo 887100000005A' is selected.
21:43:08 INFO  : 'jtag frequency' command is executed.
21:43:08 INFO  : 'jtag frequency' command is executed.
21:43:42 INFO  : 'targets -set -filter {jtag_cable_name =~ "RealDigital Boo 887100000005A" && level==0 && jtag_device_ctx=="jsn1-0362f093-0"}' command is executed.
21:43:43 INFO  : Device configured successfully with "C:/Users/curti/OneDrive/Documents/UIUC/ECE-385/Vivado_Projects/lab_6_2/workspace/mb_usb/_ide/bitstream/mb_usb_hdmi_top.bit"
21:44:48 INFO  : 'targets -set -filter {jtag_cable_name =~ "RealDigital Boo 887100000005A" && level==0 && jtag_device_ctx=="jsn1-0362f093-0"}' command is executed.
21:44:49 INFO  : Device configured successfully with "C:/Users/curti/OneDrive/Documents/UIUC/ECE-385/Vivado_Projects/lab_6_2/workspace/mb_usb/_ide/bitstream/mb_usb_hdmi_top.bit"
21:44:49 INFO  : Context for processor 'microblaze_0' is selected.
21:44:49 INFO  : Hardware design and registers information is loaded from 'C:/Users/curti/OneDrive/Documents/UIUC/ECE-385/Vivado_Projects/lab_6_2/workspace/mb_usb_hdmi_top/export/mb_usb_hdmi_top/hw/mb_usb_hdmi_top.xsa'.
21:44:49 INFO  : Context for processor 'microblaze_0' is selected.
21:44:49 INFO  : 'configparams mdm-detect-bscan-mask 2' command is executed.
21:44:49 INFO  : Hardware design and registers information is loaded from 'C:/Users/curti/OneDrive/Documents/UIUC/ECE-385/Vivado_Projects/lab_6_2/workspace/mb_usb_hdmi_top/export/mb_usb_hdmi_top/hw/mb_usb_hdmi_top.xsa'.
21:44:49 INFO  : Context for processor 'microblaze_0' is selected.
21:44:49 INFO  : 'configparams mdm-detect-bscan-mask 2' command is executed.
21:44:49 INFO  : System reset is completed.
21:44:49 INFO  : Context for processor 'microblaze_0' is selected.
21:44:52 INFO  : 'after 3000' command is executed.
21:44:52 INFO  : System reset is completed.
21:44:52 INFO  : Context for processor 'microblaze_0' is selected.
21:44:55 INFO  : 'after 3000' command is executed.
21:44:56 INFO  : The application 'C:/Users/curti/OneDrive/Documents/UIUC/ECE-385/Vivado_Projects/lab_6_2/workspace/mb_usb/Debug/mb_usb.elf' is downloaded to processor 'microblaze_0'.
21:44:56 INFO  : ----------------XSDB Script----------------
connect -url tcp:127.0.0.1:3121
targets -set -filter {jtag_cable_name =~ "RealDigital Boo 887100000005A" && level==0 && jtag_device_ctx=="jsn1-0362f093-0"}
fpga -file C:/Users/curti/OneDrive/Documents/UIUC/ECE-385/Vivado_Projects/lab_6_2/workspace/mb_usb/_ide/bitstream/mb_usb_hdmi_top.bit
targets -set -nocase -filter {name =~ "*microblaze*#0" && bscan=="USER2" }
loadhw -hw C:/Users/curti/OneDrive/Documents/UIUC/ECE-385/Vivado_Projects/lab_6_2/workspace/mb_usb_hdmi_top/export/mb_usb_hdmi_top/hw/mb_usb_hdmi_top.xsa -regs
configparams mdm-detect-bscan-mask 2
targets -set -nocase -filter {name =~ "*microblaze*#0" && bscan=="USER2" }
rst -system
after 3000
targets -set -nocase -filter {name =~ "*microblaze*#0" && bscan=="USER2" }
dow C:/Users/curti/OneDrive/Documents/UIUC/ECE-385/Vivado_Projects/lab_6_2/workspace/mb_usb/Debug/mb_usb.elf
----------------End of Script----------------

21:44:56 INFO  : Context for processor 'microblaze_0' is selected.
21:44:56 INFO  : Context for processor 'microblaze_0' is selected.
21:44:56 INFO  : The application 'C:/Users/curti/OneDrive/Documents/UIUC/ECE-385/Vivado_Projects/lab_6_2/workspace/mb_usb/Debug/mb_usb.elf' is downloaded to processor 'microblaze_0'.
21:44:56 INFO  : ----------------XSDB Script----------------
connect -url tcp:127.0.0.1:3121
targets -set -filter {jtag_cable_name =~ "RealDigital Boo 887100000005A" && level==0 && jtag_device_ctx=="jsn1-0362f093-0"}
fpga -file C:/Users/curti/OneDrive/Documents/UIUC/ECE-385/Vivado_Projects/lab_6_2/workspace/mb_usb/_ide/bitstream/mb_usb_hdmi_top.bit
targets -set -nocase -filter {name =~ "*microblaze*#0" && bscan=="USER2" }
loadhw -hw C:/Users/curti/OneDrive/Documents/UIUC/ECE-385/Vivado_Projects/lab_6_2/workspace/mb_usb_hdmi_top/export/mb_usb_hdmi_top/hw/mb_usb_hdmi_top.xsa -regs
configparams mdm-detect-bscan-mask 2
targets -set -nocase -filter {name =~ "*microblaze*#0" && bscan=="USER2" }
rst -system
after 3000
targets -set -nocase -filter {name =~ "*microblaze*#0" && bscan=="USER2" }
dow C:/Users/curti/OneDrive/Documents/UIUC/ECE-385/Vivado_Projects/lab_6_2/workspace/mb_usb/Debug/mb_usb.elf
----------------End of Script----------------

21:44:56 INFO  : 'con' command is executed.
21:44:56 INFO  : ----------------XSDB Script (After Launch)----------------
targets -set -nocase -filter {name =~ "*microblaze*#0" && bscan=="USER2" }
con
----------------End of Script----------------

21:44:56 INFO  : Disconnected from the channel tcfchan#2.
21:44:56 ERROR : Invalid target. Use "connect" command to connect to hw_server/TCF agent
21:45:50 INFO  : Connected to target on host '127.0.0.1' and port '3121'.
21:45:50 INFO  : Jtag cable 'RealDigital Boo 887100000005A' is selected.
21:45:50 INFO  : 'jtag frequency' command is executed.
21:46:26 INFO  : 'targets -set -filter {jtag_cable_name =~ "RealDigital Boo 887100000005A" && level==0 && jtag_device_ctx=="jsn1-0362f093-0"}' command is executed.
21:46:27 INFO  : Device configured successfully with "C:/Users/curti/OneDrive/Documents/UIUC/ECE-385/Vivado_Projects/lab_6_2/workspace/mb_usb/_ide/bitstream/mb_usb_hdmi_top.bit"
21:47:19 INFO  : Context for processor 'microblaze_0' is selected.
21:47:19 INFO  : Hardware design and registers information is loaded from 'C:/Users/curti/OneDrive/Documents/UIUC/ECE-385/Vivado_Projects/lab_6_2/workspace/mb_usb_hdmi_top/export/mb_usb_hdmi_top/hw/mb_usb_hdmi_top.xsa'.
21:47:19 INFO  : 'configparams mdm-detect-bscan-mask 2' command is executed.
21:47:19 INFO  : Context for processor 'microblaze_0' is selected.
21:47:19 INFO  : System reset is completed.
21:47:22 INFO  : 'after 3000' command is executed.
21:47:22 INFO  : Context for processor 'microblaze_0' is selected.
21:47:22 INFO  : The application 'C:/Users/curti/OneDrive/Documents/UIUC/ECE-385/Vivado_Projects/lab_6_2/workspace/mb_usb/Debug/mb_usb.elf' is downloaded to processor 'microblaze_0'.
21:47:22 INFO  : ----------------XSDB Script----------------
connect -url tcp:127.0.0.1:3121
targets -set -filter {jtag_cable_name =~ "RealDigital Boo 887100000005A" && level==0 && jtag_device_ctx=="jsn1-0362f093-0"}
fpga -file C:/Users/curti/OneDrive/Documents/UIUC/ECE-385/Vivado_Projects/lab_6_2/workspace/mb_usb/_ide/bitstream/mb_usb_hdmi_top.bit
targets -set -nocase -filter {name =~ "*microblaze*#0" && bscan=="USER2" }
loadhw -hw C:/Users/curti/OneDrive/Documents/UIUC/ECE-385/Vivado_Projects/lab_6_2/workspace/mb_usb_hdmi_top/export/mb_usb_hdmi_top/hw/mb_usb_hdmi_top.xsa -regs
configparams mdm-detect-bscan-mask 2
targets -set -nocase -filter {name =~ "*microblaze*#0" && bscan=="USER2" }
rst -system
after 3000
targets -set -nocase -filter {name =~ "*microblaze*#0" && bscan=="USER2" }
dow C:/Users/curti/OneDrive/Documents/UIUC/ECE-385/Vivado_Projects/lab_6_2/workspace/mb_usb/Debug/mb_usb.elf
----------------End of Script----------------

21:47:22 INFO  : Context for processor 'microblaze_0' is selected.
21:47:22 INFO  : 'con' command is executed.
21:47:22 INFO  : ----------------XSDB Script (After Launch)----------------
targets -set -nocase -filter {name =~ "*microblaze*#0" && bscan=="USER2" }
con
----------------End of Script----------------

21:47:22 INFO  : Disconnected from the channel tcfchan#3.
21:48:17 INFO  : Connected to target on host '127.0.0.1' and port '3121'.
21:48:18 INFO  : Jtag cable 'RealDigital Boo 887100000005A' is selected.
21:48:18 INFO  : 'jtag frequency' command is executed.
21:48:18 INFO  : 'targets -set -filter {jtag_cable_name =~ "RealDigital Boo 887100000005A" && level==0 && jtag_device_ctx=="jsn1-0362f093-0"}' command is executed.
21:48:19 INFO  : Device configured successfully with "C:/Users/curti/OneDrive/Documents/UIUC/ECE-385/Vivado_Projects/lab_6_2/workspace/mb_usb/_ide/bitstream/mb_usb_hdmi_top.bit"
21:48:19 INFO  : Context for processor 'microblaze_0' is selected.
21:48:19 INFO  : Hardware design and registers information is loaded from 'C:/Users/curti/OneDrive/Documents/UIUC/ECE-385/Vivado_Projects/lab_6_2/workspace/mb_usb_hdmi_top/export/mb_usb_hdmi_top/hw/mb_usb_hdmi_top.xsa'.
21:48:19 INFO  : 'configparams mdm-detect-bscan-mask 2' command is executed.
21:48:19 INFO  : Context for processor 'microblaze_0' is selected.
21:48:19 INFO  : System reset is completed.
21:48:22 INFO  : 'after 3000' command is executed.
21:48:22 INFO  : Context for processor 'microblaze_0' is selected.
21:48:22 INFO  : The application 'C:/Users/curti/OneDrive/Documents/UIUC/ECE-385/Vivado_Projects/lab_6_2/workspace/mb_usb/Debug/mb_usb.elf' is downloaded to processor 'microblaze_0'.
21:48:22 INFO  : ----------------XSDB Script----------------
connect -url tcp:127.0.0.1:3121
targets -set -filter {jtag_cable_name =~ "RealDigital Boo 887100000005A" && level==0 && jtag_device_ctx=="jsn1-0362f093-0"}
fpga -file C:/Users/curti/OneDrive/Documents/UIUC/ECE-385/Vivado_Projects/lab_6_2/workspace/mb_usb/_ide/bitstream/mb_usb_hdmi_top.bit
targets -set -nocase -filter {name =~ "*microblaze*#0" && bscan=="USER2" }
loadhw -hw C:/Users/curti/OneDrive/Documents/UIUC/ECE-385/Vivado_Projects/lab_6_2/workspace/mb_usb_hdmi_top/export/mb_usb_hdmi_top/hw/mb_usb_hdmi_top.xsa -regs
configparams mdm-detect-bscan-mask 2
targets -set -nocase -filter {name =~ "*microblaze*#0" && bscan=="USER2" }
rst -system
after 3000
targets -set -nocase -filter {name =~ "*microblaze*#0" && bscan=="USER2" }
dow C:/Users/curti/OneDrive/Documents/UIUC/ECE-385/Vivado_Projects/lab_6_2/workspace/mb_usb/Debug/mb_usb.elf
----------------End of Script----------------

21:48:23 INFO  : Context for processor 'microblaze_0' is selected.
21:48:23 INFO  : 'con' command is executed.
21:48:23 INFO  : ----------------XSDB Script (After Launch)----------------
targets -set -nocase -filter {name =~ "*microblaze*#0" && bscan=="USER2" }
con
----------------End of Script----------------

21:48:23 INFO  : Disconnected from the channel tcfchan#4.
21:48:46 INFO  : Connected to target on host '127.0.0.1' and port '3121'.
21:48:46 INFO  : Jtag cable 'RealDigital Boo 887100000005A' is selected.
21:48:46 INFO  : 'jtag frequency' command is executed.
21:48:47 INFO  : 'targets -set -filter {jtag_cable_name =~ "RealDigital Boo 887100000005A" && level==0 && jtag_device_ctx=="jsn1-0362f093-0"}' command is executed.
21:48:48 INFO  : Device configured successfully with "C:/Users/curti/OneDrive/Documents/UIUC/ECE-385/Vivado_Projects/lab_6_2/workspace/mb_usb/_ide/bitstream/mb_usb_hdmi_top.bit"
21:48:48 INFO  : Context for processor 'microblaze_0' is selected.
21:48:48 INFO  : Hardware design and registers information is loaded from 'C:/Users/curti/OneDrive/Documents/UIUC/ECE-385/Vivado_Projects/lab_6_2/workspace/mb_usb_hdmi_top/export/mb_usb_hdmi_top/hw/mb_usb_hdmi_top.xsa'.
21:48:48 INFO  : 'configparams mdm-detect-bscan-mask 2' command is executed.
21:48:48 INFO  : Context for processor 'microblaze_0' is selected.
21:48:48 INFO  : System reset is completed.
21:48:51 INFO  : 'after 3000' command is executed.
21:48:51 INFO  : Context for processor 'microblaze_0' is selected.
21:48:51 INFO  : The application 'C:/Users/curti/OneDrive/Documents/UIUC/ECE-385/Vivado_Projects/lab_6_2/workspace/mb_usb/Debug/mb_usb.elf' is downloaded to processor 'microblaze_0'.
21:48:51 INFO  : ----------------XSDB Script----------------
connect -url tcp:127.0.0.1:3121
targets -set -filter {jtag_cable_name =~ "RealDigital Boo 887100000005A" && level==0 && jtag_device_ctx=="jsn1-0362f093-0"}
fpga -file C:/Users/curti/OneDrive/Documents/UIUC/ECE-385/Vivado_Projects/lab_6_2/workspace/mb_usb/_ide/bitstream/mb_usb_hdmi_top.bit
targets -set -nocase -filter {name =~ "*microblaze*#0" && bscan=="USER2" }
loadhw -hw C:/Users/curti/OneDrive/Documents/UIUC/ECE-385/Vivado_Projects/lab_6_2/workspace/mb_usb_hdmi_top/export/mb_usb_hdmi_top/hw/mb_usb_hdmi_top.xsa -regs
configparams mdm-detect-bscan-mask 2
targets -set -nocase -filter {name =~ "*microblaze*#0" && bscan=="USER2" }
rst -system
after 3000
targets -set -nocase -filter {name =~ "*microblaze*#0" && bscan=="USER2" }
dow C:/Users/curti/OneDrive/Documents/UIUC/ECE-385/Vivado_Projects/lab_6_2/workspace/mb_usb/Debug/mb_usb.elf
----------------End of Script----------------

21:48:52 INFO  : Context for processor 'microblaze_0' is selected.
21:48:52 INFO  : 'con' command is executed.
21:48:52 INFO  : ----------------XSDB Script (After Launch)----------------
targets -set -nocase -filter {name =~ "*microblaze*#0" && bscan=="USER2" }
con
----------------End of Script----------------

21:48:52 INFO  : Disconnected from the channel tcfchan#5.
21:48:59 INFO  : Connected to target on host '127.0.0.1' and port '3121'.
21:49:00 INFO  : Jtag cable 'RealDigital Boo 887100000005A' is selected.
21:49:00 INFO  : 'jtag frequency' command is executed.
21:49:03 ERROR : no targets found with "jtag_cable_name =~ "RealDigital Boo 887100000005A" && level==0 && jtag_device_ctx=="jsn1-0362f093-0"". available targets:
  1  xc7s50
     2  MicroBlaze Debug Module at USER2
        3  MicroBlaze #0 (Running)
21:49:03 ERROR : Exception occured while running Program Device.
java.lang.RuntimeException: no targets found with "jtag_cable_name =~ "RealDigital Boo 887100000005A" && level==0 && jtag_device_ctx=="jsn1-0362f093-0"". available targets:
  1  xc7s50
     2  MicroBlaze Debug Module at USER2
        3  MicroBlaze #0 (Running)
21:49:03 INFO  : ----------------XSDB Script----------------
connect -url tcp:127.0.0.1:3121
----------------End of Script----------------

21:49:03 ERROR : no targets found with "jtag_cable_name =~ "RealDigital Boo 887100000005A" && level==0 && jtag_device_ctx=="jsn1-0362f093-0"". available targets:
  1  xc7s50
     2  MicroBlaze Debug Module at USER2
        3  MicroBlaze #0 (Running)
21:49:15 INFO  : Connected to target on host '127.0.0.1' and port '3121'.
21:49:16 INFO  : Jtag cable 'RealDigital Boo 887100000005A' is selected.
21:49:16 INFO  : 'jtag frequency' command is executed.
21:49:19 ERROR : no targets found with "jtag_cable_name =~ "RealDigital Boo 887100000005A" && level==0 && jtag_device_ctx=="jsn1-0362f093-0"". available targets:
  1  xc7s50
     2  MicroBlaze Debug Module at USER2
        3  MicroBlaze #0 (Running)
21:49:19 ERROR : Exception occured while running Program Device.
java.lang.RuntimeException: no targets found with "jtag_cable_name =~ "RealDigital Boo 887100000005A" && level==0 && jtag_device_ctx=="jsn1-0362f093-0"". available targets:
  1  xc7s50
     2  MicroBlaze Debug Module at USER2
        3  MicroBlaze #0 (Running)
21:49:19 INFO  : ----------------XSDB Script----------------
connect -url tcp:127.0.0.1:3121
----------------End of Script----------------

21:49:19 ERROR : no targets found with "jtag_cable_name =~ "RealDigital Boo 887100000005A" && level==0 && jtag_device_ctx=="jsn1-0362f093-0"". available targets:
  1  xc7s50
     2  MicroBlaze Debug Module at USER2
        3  MicroBlaze #0 (Running)
21:49:40 DEBUG : Logs will be stored at 'C:/Users/curti/OneDrive/Documents/UIUC/ECE-385/Vivado_Projects/lab_6_2/workspace/IDE.log'.
21:49:41 INFO  : Launching XSCT server: xsct.bat -n  -interactive C:\Users\curti\OneDrive\Documents\UIUC\ECE-385\Vivado_Projects\lab_6_2\workspace\temp_xsdb_launch_script.tcl
21:49:43 INFO  : XSCT server has started successfully.
21:49:43 INFO  : Successfully done setting XSCT server connection channel  
21:49:43 INFO  : plnx-install-location is set to ''
21:49:43 INFO  : Successfully done setting workspace for the tool. 
21:49:44 INFO  : Platform repository initialization has completed.
21:49:44 INFO  : Successfully done query RDI_DATADIR 
21:49:44 INFO  : Registering command handlers for Vitis TCF services
21:49:51 INFO  : Connected to target on host '127.0.0.1' and port '3121'.
21:49:51 INFO  : Jtag cable 'RealDigital Boo 887100000005A' is selected.
21:49:51 INFO  : 'jtag frequency' command is executed.
21:49:51 INFO  : 'targets -set -filter {jtag_cable_name =~ "RealDigital Boo 887100000005A" && level==0 && jtag_device_ctx=="jsn1-0362f093-0"}' command is executed.
21:49:53 INFO  : Device configured successfully with "C:/Users/curti/OneDrive/Documents/UIUC/ECE-385/Vivado_Projects/lab_6_2/workspace/mb_usb/_ide/bitstream/mb_usb_hdmi_top.bit"
21:49:53 INFO  : Context for processor 'microblaze_0' is selected.
21:49:53 INFO  : Hardware design and registers information is loaded from 'C:/Users/curti/OneDrive/Documents/UIUC/ECE-385/Vivado_Projects/lab_6_2/workspace/mb_usb_hdmi_top/export/mb_usb_hdmi_top/hw/mb_usb_hdmi_top.xsa'.
21:49:53 INFO  : 'configparams mdm-detect-bscan-mask 2' command is executed.
21:49:53 INFO  : Context for processor 'microblaze_0' is selected.
21:49:53 INFO  : System reset is completed.
21:49:56 INFO  : 'after 3000' command is executed.
21:49:56 INFO  : Context for processor 'microblaze_0' is selected.
21:49:56 INFO  : The application 'C:/Users/curti/OneDrive/Documents/UIUC/ECE-385/Vivado_Projects/lab_6_2/workspace/mb_usb/Debug/mb_usb.elf' is downloaded to processor 'microblaze_0'.
21:49:56 INFO  : ----------------XSDB Script----------------
connect -url tcp:127.0.0.1:3121
targets -set -filter {jtag_cable_name =~ "RealDigital Boo 887100000005A" && level==0 && jtag_device_ctx=="jsn1-0362f093-0"}
fpga -file C:/Users/curti/OneDrive/Documents/UIUC/ECE-385/Vivado_Projects/lab_6_2/workspace/mb_usb/_ide/bitstream/mb_usb_hdmi_top.bit
targets -set -nocase -filter {name =~ "*microblaze*#0" && bscan=="USER2" }
loadhw -hw C:/Users/curti/OneDrive/Documents/UIUC/ECE-385/Vivado_Projects/lab_6_2/workspace/mb_usb_hdmi_top/export/mb_usb_hdmi_top/hw/mb_usb_hdmi_top.xsa -regs
configparams mdm-detect-bscan-mask 2
targets -set -nocase -filter {name =~ "*microblaze*#0" && bscan=="USER2" }
rst -system
after 3000
targets -set -nocase -filter {name =~ "*microblaze*#0" && bscan=="USER2" }
dow C:/Users/curti/OneDrive/Documents/UIUC/ECE-385/Vivado_Projects/lab_6_2/workspace/mb_usb/Debug/mb_usb.elf
----------------End of Script----------------

21:49:56 INFO  : Context for processor 'microblaze_0' is selected.
21:49:56 INFO  : 'con' command is executed.
21:49:56 INFO  : ----------------XSDB Script (After Launch)----------------
targets -set -nocase -filter {name =~ "*microblaze*#0" && bscan=="USER2" }
con
----------------End of Script----------------

21:49:56 INFO  : Disconnected from the channel tcfchan#1.
21:50:20 INFO  : Connected to target on host '127.0.0.1' and port '3121'.
21:50:21 INFO  : Jtag cable 'RealDigital Boo 887100000005A' is selected.
21:50:21 INFO  : 'jtag frequency' command is executed.
21:50:21 INFO  : 'targets -set -filter {jtag_cable_name =~ "RealDigital Boo 887100000005A" && level==0 && jtag_device_ctx=="jsn1-0362f093-0"}' command is executed.
21:50:22 INFO  : Device configured successfully with "C:/Users/curti/OneDrive/Documents/UIUC/ECE-385/Vivado_Projects/lab_6_2/workspace/mb_usb/_ide/bitstream/mb_usb_hdmi_top.bit"
21:50:22 INFO  : Context for processor 'microblaze_0' is selected.
21:50:22 INFO  : Hardware design and registers information is loaded from 'C:/Users/curti/OneDrive/Documents/UIUC/ECE-385/Vivado_Projects/lab_6_2/workspace/mb_usb_hdmi_top/export/mb_usb_hdmi_top/hw/mb_usb_hdmi_top.xsa'.
21:50:22 INFO  : 'configparams mdm-detect-bscan-mask 2' command is executed.
21:50:22 INFO  : Context for processor 'microblaze_0' is selected.
21:50:22 INFO  : System reset is completed.
21:50:25 INFO  : 'after 3000' command is executed.
21:50:25 INFO  : Context for processor 'microblaze_0' is selected.
21:50:25 INFO  : The application 'C:/Users/curti/OneDrive/Documents/UIUC/ECE-385/Vivado_Projects/lab_6_2/workspace/mb_usb/Debug/mb_usb.elf' is downloaded to processor 'microblaze_0'.
21:50:25 INFO  : ----------------XSDB Script----------------
connect -url tcp:127.0.0.1:3121
targets -set -filter {jtag_cable_name =~ "RealDigital Boo 887100000005A" && level==0 && jtag_device_ctx=="jsn1-0362f093-0"}
fpga -file C:/Users/curti/OneDrive/Documents/UIUC/ECE-385/Vivado_Projects/lab_6_2/workspace/mb_usb/_ide/bitstream/mb_usb_hdmi_top.bit
targets -set -nocase -filter {name =~ "*microblaze*#0" && bscan=="USER2" }
loadhw -hw C:/Users/curti/OneDrive/Documents/UIUC/ECE-385/Vivado_Projects/lab_6_2/workspace/mb_usb_hdmi_top/export/mb_usb_hdmi_top/hw/mb_usb_hdmi_top.xsa -regs
configparams mdm-detect-bscan-mask 2
targets -set -nocase -filter {name =~ "*microblaze*#0" && bscan=="USER2" }
rst -system
after 3000
targets -set -nocase -filter {name =~ "*microblaze*#0" && bscan=="USER2" }
dow C:/Users/curti/OneDrive/Documents/UIUC/ECE-385/Vivado_Projects/lab_6_2/workspace/mb_usb/Debug/mb_usb.elf
----------------End of Script----------------

21:50:26 INFO  : Context for processor 'microblaze_0' is selected.
21:50:26 INFO  : 'con' command is executed.
21:50:26 INFO  : ----------------XSDB Script (After Launch)----------------
targets -set -nocase -filter {name =~ "*microblaze*#0" && bscan=="USER2" }
con
----------------End of Script----------------

21:50:26 INFO  : Disconnected from the channel tcfchan#2.
21:50:35 INFO  : Connected to target on host '127.0.0.1' and port '3121'.
21:50:35 INFO  : Jtag cable 'RealDigital Boo 887100000005A' is selected.
21:50:35 INFO  : 'jtag frequency' command is executed.
21:50:38 ERROR : no targets found with "jtag_cable_name =~ "RealDigital Boo 887100000005A" && level==0 && jtag_device_ctx=="jsn1-0362f093-0"". available targets:
  1  xc7s50
     2  MicroBlaze Debug Module at USER2
        3  MicroBlaze #0 (Running)
21:50:38 ERROR : Exception occured while running Program Device.
java.lang.RuntimeException: no targets found with "jtag_cable_name =~ "RealDigital Boo 887100000005A" && level==0 && jtag_device_ctx=="jsn1-0362f093-0"". available targets:
  1  xc7s50
     2  MicroBlaze Debug Module at USER2
        3  MicroBlaze #0 (Running)
21:50:38 INFO  : ----------------XSDB Script----------------
connect -url tcp:127.0.0.1:3121
----------------End of Script----------------

21:50:38 ERROR : no targets found with "jtag_cable_name =~ "RealDigital Boo 887100000005A" && level==0 && jtag_device_ctx=="jsn1-0362f093-0"". available targets:
  1  xc7s50
     2  MicroBlaze Debug Module at USER2
        3  MicroBlaze #0 (Running)
21:50:42 INFO  : Connected to target on host '127.0.0.1' and port '3121'.
21:50:42 INFO  : Jtag cable 'RealDigital Boo 887100000005A' is selected.
21:50:42 INFO  : 'jtag frequency' command is executed.
21:50:45 ERROR : no targets found with "jtag_cable_name =~ "RealDigital Boo 887100000005A" && level==0 && jtag_device_ctx=="jsn1-0362f093-0"". available targets:
  1  xc7s50
     2  MicroBlaze Debug Module at USER2
        3  MicroBlaze #0 (Running)
21:50:45 ERROR : Exception occured while running Program Device.
java.lang.RuntimeException: no targets found with "jtag_cable_name =~ "RealDigital Boo 887100000005A" && level==0 && jtag_device_ctx=="jsn1-0362f093-0"". available targets:
  1  xc7s50
     2  MicroBlaze Debug Module at USER2
        3  MicroBlaze #0 (Running)
21:50:45 INFO  : ----------------XSDB Script----------------
connect -url tcp:127.0.0.1:3121
----------------End of Script----------------

21:50:45 ERROR : no targets found with "jtag_cable_name =~ "RealDigital Boo 887100000005A" && level==0 && jtag_device_ctx=="jsn1-0362f093-0"". available targets:
  1  xc7s50
     2  MicroBlaze Debug Module at USER2
        3  MicroBlaze #0 (Running)
21:51:01 DEBUG : Logs will be stored at 'C:/Users/curti/OneDrive/Documents/UIUC/ECE-385/Vivado_Projects/lab_6_2/workspace/IDE.log'.
21:51:02 INFO  : Launching XSCT server: xsct.bat -n  -interactive C:\Users\curti\OneDrive\Documents\UIUC\ECE-385\Vivado_Projects\lab_6_2\workspace\temp_xsdb_launch_script.tcl
21:51:05 INFO  : XSCT server has started successfully.
21:51:05 INFO  : plnx-install-location is set to ''
21:51:05 INFO  : Successfully done setting XSCT server connection channel  
21:51:05 INFO  : Successfully done setting workspace for the tool. 
21:51:06 INFO  : Platform repository initialization has completed.
21:51:06 INFO  : Successfully done query RDI_DATADIR 
21:51:07 INFO  : Registering command handlers for Vitis TCF services
21:51:51 INFO  : Connected to target on host '127.0.0.1' and port '3121'.
21:51:52 INFO  : Jtag cable 'RealDigital Boo 887100000005A' is selected.
21:51:52 INFO  : 'jtag frequency' command is executed.
21:51:52 INFO  : 'targets -set -filter {jtag_cable_name =~ "RealDigital Boo 887100000005A" && level==0 && jtag_device_ctx=="jsn1-0362f093-0"}' command is executed.
21:51:53 INFO  : Device configured successfully with "C:/Users/curti/OneDrive/Documents/UIUC/ECE-385/Vivado_Projects/lab_6_2/workspace/mb_usb/_ide/bitstream/mb_usb_hdmi_top.bit"
21:51:53 INFO  : Context for processor 'microblaze_0' is selected.
21:51:53 INFO  : Hardware design and registers information is loaded from 'C:/Users/curti/OneDrive/Documents/UIUC/ECE-385/Vivado_Projects/lab_6_2/workspace/mb_usb_hdmi_top/export/mb_usb_hdmi_top/hw/mb_usb_hdmi_top.xsa'.
21:51:53 INFO  : 'configparams mdm-detect-bscan-mask 2' command is executed.
21:51:53 INFO  : Context for processor 'microblaze_0' is selected.
21:51:53 INFO  : System reset is completed.
21:51:56 INFO  : 'after 3000' command is executed.
21:51:56 INFO  : Context for processor 'microblaze_0' is selected.
21:51:56 INFO  : The application 'C:/Users/curti/OneDrive/Documents/UIUC/ECE-385/Vivado_Projects/lab_6_2/workspace/mb_usb/Debug/mb_usb.elf' is downloaded to processor 'microblaze_0'.
21:51:56 INFO  : ----------------XSDB Script----------------
connect -url tcp:127.0.0.1:3121
targets -set -filter {jtag_cable_name =~ "RealDigital Boo 887100000005A" && level==0 && jtag_device_ctx=="jsn1-0362f093-0"}
fpga -file C:/Users/curti/OneDrive/Documents/UIUC/ECE-385/Vivado_Projects/lab_6_2/workspace/mb_usb/_ide/bitstream/mb_usb_hdmi_top.bit
targets -set -nocase -filter {name =~ "*microblaze*#0" && bscan=="USER2" }
loadhw -hw C:/Users/curti/OneDrive/Documents/UIUC/ECE-385/Vivado_Projects/lab_6_2/workspace/mb_usb_hdmi_top/export/mb_usb_hdmi_top/hw/mb_usb_hdmi_top.xsa -regs
configparams mdm-detect-bscan-mask 2
targets -set -nocase -filter {name =~ "*microblaze*#0" && bscan=="USER2" }
rst -system
after 3000
targets -set -nocase -filter {name =~ "*microblaze*#0" && bscan=="USER2" }
dow C:/Users/curti/OneDrive/Documents/UIUC/ECE-385/Vivado_Projects/lab_6_2/workspace/mb_usb/Debug/mb_usb.elf
----------------End of Script----------------

21:51:56 INFO  : Context for processor 'microblaze_0' is selected.
21:51:57 INFO  : 'con' command is executed.
21:51:57 INFO  : ----------------XSDB Script (After Launch)----------------
targets -set -nocase -filter {name =~ "*microblaze*#0" && bscan=="USER2" }
con
----------------End of Script----------------

21:51:57 INFO  : Disconnected from the channel tcfchan#1.
21:54:22 INFO  : Connected to target on host '127.0.0.1' and port '3121'.
21:54:22 INFO  : Jtag cable 'RealDigital Boo 887100000005A' is selected.
21:54:22 INFO  : 'jtag frequency' command is executed.
21:54:22 INFO  : 'targets -set -filter {jtag_cable_name =~ "RealDigital Boo 887100000005A" && level==0 && jtag_device_ctx=="jsn1-0362f093-0"}' command is executed.
21:54:23 INFO  : Device configured successfully with "C:/Users/curti/OneDrive/Documents/UIUC/ECE-385/Vivado_Projects/lab_6_2/workspace/mb_usb/_ide/bitstream/mb_usb_hdmi_top.bit"
21:54:23 INFO  : Context for processor 'microblaze_0' is selected.
21:54:24 INFO  : Hardware design and registers information is loaded from 'C:/Users/curti/OneDrive/Documents/UIUC/ECE-385/Vivado_Projects/lab_6_2/workspace/mb_usb_hdmi_top/export/mb_usb_hdmi_top/hw/mb_usb_hdmi_top.xsa'.
21:54:24 INFO  : 'configparams mdm-detect-bscan-mask 2' command is executed.
21:54:24 INFO  : Context for processor 'microblaze_0' is selected.
21:54:24 INFO  : System reset is completed.
21:54:27 INFO  : 'after 3000' command is executed.
21:54:27 INFO  : Context for processor 'microblaze_0' is selected.
21:54:27 INFO  : The application 'C:/Users/curti/OneDrive/Documents/UIUC/ECE-385/Vivado_Projects/lab_6_2/workspace/mb_usb/Debug/mb_usb.elf' is downloaded to processor 'microblaze_0'.
21:54:27 INFO  : ----------------XSDB Script----------------
connect -url tcp:127.0.0.1:3121
targets -set -filter {jtag_cable_name =~ "RealDigital Boo 887100000005A" && level==0 && jtag_device_ctx=="jsn1-0362f093-0"}
fpga -file C:/Users/curti/OneDrive/Documents/UIUC/ECE-385/Vivado_Projects/lab_6_2/workspace/mb_usb/_ide/bitstream/mb_usb_hdmi_top.bit
targets -set -nocase -filter {name =~ "*microblaze*#0" && bscan=="USER2" }
loadhw -hw C:/Users/curti/OneDrive/Documents/UIUC/ECE-385/Vivado_Projects/lab_6_2/workspace/mb_usb_hdmi_top/export/mb_usb_hdmi_top/hw/mb_usb_hdmi_top.xsa -regs
configparams mdm-detect-bscan-mask 2
targets -set -nocase -filter {name =~ "*microblaze*#0" && bscan=="USER2" }
rst -system
after 3000
targets -set -nocase -filter {name =~ "*microblaze*#0" && bscan=="USER2" }
dow C:/Users/curti/OneDrive/Documents/UIUC/ECE-385/Vivado_Projects/lab_6_2/workspace/mb_usb/Debug/mb_usb.elf
----------------End of Script----------------

21:54:27 INFO  : Context for processor 'microblaze_0' is selected.
21:54:27 INFO  : 'con' command is executed.
21:54:27 INFO  : ----------------XSDB Script (After Launch)----------------
targets -set -nocase -filter {name =~ "*microblaze*#0" && bscan=="USER2" }
con
----------------End of Script----------------

21:54:27 INFO  : Disconnected from the channel tcfchan#2.
22:01:23 DEBUG : Logs will be stored at 'C:/Users/curti/OneDrive/Documents/UIUC/ECE-385/Vivado_Projects/lab_6_2/workspace/IDE.log'.
22:01:24 INFO  : Launching XSCT server: xsct.bat -n  -interactive C:\Users\curti\OneDrive\Documents\UIUC\ECE-385\Vivado_Projects\lab_6_2\workspace\temp_xsdb_launch_script.tcl
22:01:26 INFO  : XSCT server has started successfully.
22:01:26 INFO  : Successfully done setting XSCT server connection channel  
22:01:26 INFO  : plnx-install-location is set to ''
22:01:26 INFO  : Successfully done setting workspace for the tool. 
22:01:28 INFO  : Platform repository initialization has completed.
22:01:28 INFO  : Successfully done query RDI_DATADIR 
22:01:28 INFO  : Registering command handlers for Vitis TCF services
22:01:40 INFO  : Connected to target on host '127.0.0.1' and port '3121'.
22:01:40 INFO  : Jtag cable 'RealDigital Boo 887100000005A' is selected.
22:01:40 INFO  : 'jtag frequency' command is executed.
22:01:41 INFO  : 'targets -set -filter {jtag_cable_name =~ "RealDigital Boo 887100000005A" && level==0 && jtag_device_ctx=="jsn1-0362f093-0"}' command is executed.
22:01:42 INFO  : Device configured successfully with "C:/Users/curti/OneDrive/Documents/UIUC/ECE-385/Vivado_Projects/lab_6_2/workspace/mb_usb/_ide/bitstream/mb_usb_hdmi_top.bit"
22:01:42 INFO  : Context for processor 'microblaze_0' is selected.
22:01:42 INFO  : Hardware design and registers information is loaded from 'C:/Users/curti/OneDrive/Documents/UIUC/ECE-385/Vivado_Projects/lab_6_2/workspace/mb_usb_hdmi_top/export/mb_usb_hdmi_top/hw/mb_usb_hdmi_top.xsa'.
22:01:42 INFO  : 'configparams mdm-detect-bscan-mask 2' command is executed.
22:01:42 INFO  : Context for processor 'microblaze_0' is selected.
22:01:42 INFO  : System reset is completed.
22:01:45 INFO  : 'after 3000' command is executed.
22:01:45 INFO  : Context for processor 'microblaze_0' is selected.
22:01:45 INFO  : The application 'C:/Users/curti/OneDrive/Documents/UIUC/ECE-385/Vivado_Projects/lab_6_2/workspace/mb_usb/Debug/mb_usb.elf' is downloaded to processor 'microblaze_0'.
22:01:45 INFO  : ----------------XSDB Script----------------
connect -url tcp:127.0.0.1:3121
targets -set -filter {jtag_cable_name =~ "RealDigital Boo 887100000005A" && level==0 && jtag_device_ctx=="jsn1-0362f093-0"}
fpga -file C:/Users/curti/OneDrive/Documents/UIUC/ECE-385/Vivado_Projects/lab_6_2/workspace/mb_usb/_ide/bitstream/mb_usb_hdmi_top.bit
targets -set -nocase -filter {name =~ "*microblaze*#0" && bscan=="USER2" }
loadhw -hw C:/Users/curti/OneDrive/Documents/UIUC/ECE-385/Vivado_Projects/lab_6_2/workspace/mb_usb_hdmi_top/export/mb_usb_hdmi_top/hw/mb_usb_hdmi_top.xsa -regs
configparams mdm-detect-bscan-mask 2
targets -set -nocase -filter {name =~ "*microblaze*#0" && bscan=="USER2" }
rst -system
after 3000
targets -set -nocase -filter {name =~ "*microblaze*#0" && bscan=="USER2" }
dow C:/Users/curti/OneDrive/Documents/UIUC/ECE-385/Vivado_Projects/lab_6_2/workspace/mb_usb/Debug/mb_usb.elf
----------------End of Script----------------

22:01:45 INFO  : Context for processor 'microblaze_0' is selected.
22:01:45 INFO  : 'con' command is executed.
22:01:45 INFO  : ----------------XSDB Script (After Launch)----------------
targets -set -nocase -filter {name =~ "*microblaze*#0" && bscan=="USER2" }
con
----------------End of Script----------------

22:01:45 INFO  : Disconnected from the channel tcfchan#1.
22:06:40 INFO  : Connected to target on host '127.0.0.1' and port '3121'.
22:06:40 INFO  : Jtag cable 'RealDigital Boo 887100000005A' is selected.
22:06:40 INFO  : 'jtag frequency' command is executed.
22:06:54 INFO  : 'targets -set -filter {jtag_cable_name =~ "RealDigital Boo 887100000005A" && level==0 && jtag_device_ctx=="jsn1-0362f093-0"}' command is executed.
22:06:56 INFO  : Device configured successfully with "C:/Users/curti/OneDrive/Documents/UIUC/ECE-385/Vivado_Projects/lab_6_2/workspace/mb_usb/_ide/bitstream/mb_usb_hdmi_top.bit"
22:07:13 INFO  : Context for processor 'microblaze_0' is selected.
22:07:13 INFO  : Hardware design and registers information is loaded from 'C:/Users/curti/OneDrive/Documents/UIUC/ECE-385/Vivado_Projects/lab_6_2/workspace/mb_usb_hdmi_top/export/mb_usb_hdmi_top/hw/mb_usb_hdmi_top.xsa'.
22:07:13 INFO  : 'configparams mdm-detect-bscan-mask 2' command is executed.
22:07:13 INFO  : Context for processor 'microblaze_0' is selected.
22:07:13 INFO  : System reset is completed.
22:07:16 INFO  : 'after 3000' command is executed.
22:07:16 INFO  : Context for processor 'microblaze_0' is selected.
22:07:16 INFO  : The application 'C:/Users/curti/OneDrive/Documents/UIUC/ECE-385/Vivado_Projects/lab_6_2/workspace/mb_usb/Debug/mb_usb.elf' is downloaded to processor 'microblaze_0'.
22:07:16 INFO  : ----------------XSDB Script----------------
connect -url tcp:127.0.0.1:3121
targets -set -filter {jtag_cable_name =~ "RealDigital Boo 887100000005A" && level==0 && jtag_device_ctx=="jsn1-0362f093-0"}
fpga -file C:/Users/curti/OneDrive/Documents/UIUC/ECE-385/Vivado_Projects/lab_6_2/workspace/mb_usb/_ide/bitstream/mb_usb_hdmi_top.bit
targets -set -nocase -filter {name =~ "*microblaze*#0" && bscan=="USER2" }
loadhw -hw C:/Users/curti/OneDrive/Documents/UIUC/ECE-385/Vivado_Projects/lab_6_2/workspace/mb_usb_hdmi_top/export/mb_usb_hdmi_top/hw/mb_usb_hdmi_top.xsa -regs
configparams mdm-detect-bscan-mask 2
targets -set -nocase -filter {name =~ "*microblaze*#0" && bscan=="USER2" }
rst -system
after 3000
targets -set -nocase -filter {name =~ "*microblaze*#0" && bscan=="USER2" }
dow C:/Users/curti/OneDrive/Documents/UIUC/ECE-385/Vivado_Projects/lab_6_2/workspace/mb_usb/Debug/mb_usb.elf
----------------End of Script----------------

22:07:16 INFO  : Context for processor 'microblaze_0' is selected.
22:07:16 INFO  : 'con' command is executed.
22:07:16 INFO  : ----------------XSDB Script (After Launch)----------------
targets -set -nocase -filter {name =~ "*microblaze*#0" && bscan=="USER2" }
con
----------------End of Script----------------

22:07:16 INFO  : Disconnected from the channel tcfchan#2.
22:09:55 ERROR : Failed to connect to hardware server on host '127.0.0.1' and port '3121'.
Reason: 'connect -url tcp:127.0.0.1:3121' is cancelled.
22:09:55 INFO  : ----------------XSDB Script----------------
connect -url tcp:127.0.0.1:3121
----------------End of Script----------------

22:10:08 DEBUG : Logs will be stored at 'C:/Users/curti/OneDrive/Documents/UIUC/ECE-385/Vivado_Projects/lab_6_2/workspace/IDE.log'.
22:10:09 INFO  : Launching XSCT server: xsct.bat -n  -interactive C:\Users\curti\OneDrive\Documents\UIUC\ECE-385\Vivado_Projects\lab_6_2\workspace\temp_xsdb_launch_script.tcl
22:10:12 INFO  : XSCT server has started successfully.
22:10:12 INFO  : Successfully done setting XSCT server connection channel  
22:10:12 INFO  : plnx-install-location is set to ''
22:10:12 INFO  : Successfully done setting workspace for the tool. 
22:10:13 INFO  : Platform repository initialization has completed.
22:10:13 INFO  : Successfully done query RDI_DATADIR 
22:10:14 INFO  : Registering command handlers for Vitis TCF services
22:11:45 INFO  : Connected to target on host '127.0.0.1' and port '3121'.
22:11:45 INFO  : Jtag cable 'RealDigital Boo 887100000005A' is selected.
22:11:45 INFO  : 'jtag frequency' command is executed.
22:11:45 INFO  : 'targets -set -filter {jtag_cable_name =~ "RealDigital Boo 887100000005A" && level==0 && jtag_device_ctx=="jsn1-0362f093-0"}' command is executed.
22:11:47 INFO  : Device configured successfully with "C:/Users/curti/OneDrive/Documents/UIUC/ECE-385/Vivado_Projects/lab_6_2/workspace/mb_usb/_ide/bitstream/mb_usb_hdmi_top.bit"
22:11:47 INFO  : Context for processor 'microblaze_0' is selected.
22:11:47 INFO  : Hardware design and registers information is loaded from 'C:/Users/curti/OneDrive/Documents/UIUC/ECE-385/Vivado_Projects/lab_6_2/workspace/mb_usb_hdmi_top/export/mb_usb_hdmi_top/hw/mb_usb_hdmi_top.xsa'.
22:11:47 INFO  : 'configparams mdm-detect-bscan-mask 2' command is executed.
22:11:47 INFO  : Context for processor 'microblaze_0' is selected.
22:11:47 INFO  : System reset is completed.
22:11:50 INFO  : 'after 3000' command is executed.
22:11:50 INFO  : Context for processor 'microblaze_0' is selected.
22:11:50 INFO  : The application 'C:/Users/curti/OneDrive/Documents/UIUC/ECE-385/Vivado_Projects/lab_6_2/workspace/mb_usb/Debug/mb_usb.elf' is downloaded to processor 'microblaze_0'.
22:11:50 INFO  : ----------------XSDB Script----------------
connect -url tcp:127.0.0.1:3121
targets -set -filter {jtag_cable_name =~ "RealDigital Boo 887100000005A" && level==0 && jtag_device_ctx=="jsn1-0362f093-0"}
fpga -file C:/Users/curti/OneDrive/Documents/UIUC/ECE-385/Vivado_Projects/lab_6_2/workspace/mb_usb/_ide/bitstream/mb_usb_hdmi_top.bit
targets -set -nocase -filter {name =~ "*microblaze*#0" && bscan=="USER2" }
loadhw -hw C:/Users/curti/OneDrive/Documents/UIUC/ECE-385/Vivado_Projects/lab_6_2/workspace/mb_usb_hdmi_top/export/mb_usb_hdmi_top/hw/mb_usb_hdmi_top.xsa -regs
configparams mdm-detect-bscan-mask 2
targets -set -nocase -filter {name =~ "*microblaze*#0" && bscan=="USER2" }
rst -system
after 3000
targets -set -nocase -filter {name =~ "*microblaze*#0" && bscan=="USER2" }
dow C:/Users/curti/OneDrive/Documents/UIUC/ECE-385/Vivado_Projects/lab_6_2/workspace/mb_usb/Debug/mb_usb.elf
----------------End of Script----------------

22:11:50 INFO  : Context for processor 'microblaze_0' is selected.
22:11:50 INFO  : 'con' command is executed.
22:11:50 INFO  : ----------------XSDB Script (After Launch)----------------
targets -set -nocase -filter {name =~ "*microblaze*#0" && bscan=="USER2" }
con
----------------End of Script----------------

22:11:50 INFO  : Disconnected from the channel tcfchan#1.
22:12:26 INFO  : Connected to target on host '127.0.0.1' and port '3121'.
22:12:26 INFO  : Jtag cable 'RealDigital Boo 887100000005A' is selected.
22:12:26 INFO  : 'jtag frequency' command is executed.
22:12:26 INFO  : 'targets -set -filter {jtag_cable_name =~ "RealDigital Boo 887100000005A" && level==0 && jtag_device_ctx=="jsn1-0362f093-0"}' command is executed.
22:12:27 INFO  : Device configured successfully with "C:/Users/curti/OneDrive/Documents/UIUC/ECE-385/Vivado_Projects/lab_6_2/workspace/mb_usb/_ide/bitstream/mb_usb_hdmi_top.bit"
22:12:27 INFO  : Context for processor 'microblaze_0' is selected.
22:12:27 INFO  : Hardware design and registers information is loaded from 'C:/Users/curti/OneDrive/Documents/UIUC/ECE-385/Vivado_Projects/lab_6_2/workspace/mb_usb_hdmi_top/export/mb_usb_hdmi_top/hw/mb_usb_hdmi_top.xsa'.
22:12:27 INFO  : 'configparams mdm-detect-bscan-mask 2' command is executed.
22:12:28 INFO  : Context for processor 'microblaze_0' is selected.
22:12:28 INFO  : System reset is completed.
22:12:31 INFO  : 'after 3000' command is executed.
22:12:31 INFO  : Context for processor 'microblaze_0' is selected.
22:12:31 INFO  : The application 'C:/Users/curti/OneDrive/Documents/UIUC/ECE-385/Vivado_Projects/lab_6_2/workspace/mb_usb/Debug/mb_usb.elf' is downloaded to processor 'microblaze_0'.
22:12:31 INFO  : ----------------XSDB Script----------------
connect -url tcp:127.0.0.1:3121
targets -set -filter {jtag_cable_name =~ "RealDigital Boo 887100000005A" && level==0 && jtag_device_ctx=="jsn1-0362f093-0"}
fpga -file C:/Users/curti/OneDrive/Documents/UIUC/ECE-385/Vivado_Projects/lab_6_2/workspace/mb_usb/_ide/bitstream/mb_usb_hdmi_top.bit
targets -set -nocase -filter {name =~ "*microblaze*#0" && bscan=="USER2" }
loadhw -hw C:/Users/curti/OneDrive/Documents/UIUC/ECE-385/Vivado_Projects/lab_6_2/workspace/mb_usb_hdmi_top/export/mb_usb_hdmi_top/hw/mb_usb_hdmi_top.xsa -regs
configparams mdm-detect-bscan-mask 2
targets -set -nocase -filter {name =~ "*microblaze*#0" && bscan=="USER2" }
rst -system
after 3000
targets -set -nocase -filter {name =~ "*microblaze*#0" && bscan=="USER2" }
dow C:/Users/curti/OneDrive/Documents/UIUC/ECE-385/Vivado_Projects/lab_6_2/workspace/mb_usb/Debug/mb_usb.elf
----------------End of Script----------------

22:12:31 INFO  : Context for processor 'microblaze_0' is selected.
22:12:31 INFO  : 'con' command is executed.
22:12:31 INFO  : ----------------XSDB Script (After Launch)----------------
targets -set -nocase -filter {name =~ "*microblaze*#0" && bscan=="USER2" }
con
----------------End of Script----------------

22:12:31 INFO  : Disconnected from the channel tcfchan#2.
22:31:52 INFO  : Hardware specification for platform project 'mb_usb_hdmi_top' is updated.
22:32:04 INFO  : Hardware specification for platform project 'mb_usb_hdmi_top' is updated.
22:32:11 INFO  : Result from executing command 'removePlatformRepo': 
22:32:35 INFO  : Result from executing command 'getProjects': mb_usb_hdmi_top
22:32:35 INFO  : Result from executing command 'getPlatforms': 
22:32:35 INFO  : Checking for BSP changes to sync application flags for project 'mb_usb'...
22:32:35 WARN  : Failed to closehw "C:/Users/curti/OneDrive/Documents/UIUC/ECE-385/Vivado_Projects/lab_6_2/workspace/mb_usb_hdmi_top/export/mb_usb_hdmi_top/hw/mb_usb_hdmi_top.xsa"
Reason: Cannot close hw design 'C:/Users/curti/OneDrive/Documents/UIUC/ECE-385/Vivado_Projects/lab_6_2/workspace/mb_usb_hdmi_top/export/mb_usb_hdmi_top/hw/mb_usb_hdmi_top.xsa'.
Design is not opened in the current session.

22:32:36 INFO  : The hardware specification used by project 'mb_usb' is out of sync with the platform. Resource files extracted from the hardware specification will be updated.
22:32:36 INFO  : The file 'C:\Users\curti\OneDrive\Documents\UIUC\ECE-385\Vivado_Projects\lab_6_2\workspace\mb_usb\_ide\bitstream\mb_usb_hdmi_top.bit' stored in project is removed.
22:32:36 INFO  : The file 'C:\Users\curti\OneDrive\Documents\UIUC\ECE-385\Vivado_Projects\lab_6_2\workspace\mb_usb\_ide\bitstream\mb_usb_hdmi_top.mmi' stored in project is removed.
22:32:36 INFO  : The updated bitstream files are copied from platform to folder 'C:\Users\curti\OneDrive\Documents\UIUC\ECE-385\Vivado_Projects\lab_6_2\workspace\mb_usb\_ide\bitstream' in project 'mb_usb'.
22:33:26 INFO  : Checking for BSP changes to sync application flags for project 'mb_usb'...
22:34:06 INFO  : Connected to target on host '127.0.0.1' and port '3121'.
22:34:07 INFO  : Jtag cable 'RealDigital Boo 887100000005A' is selected.
22:34:07 INFO  : 'jtag frequency' command is executed.
22:34:07 INFO  : 'targets -set -filter {jtag_cable_name =~ "RealDigital Boo 887100000005A" && level==0 && jtag_device_ctx=="jsn1-0362f093-0"}' command is executed.
22:34:08 INFO  : Device configured successfully with "C:/Users/curti/OneDrive/Documents/UIUC/ECE-385/Vivado_Projects/lab_6_2/workspace/mb_usb/_ide/bitstream/mb_usb_hdmi_top.bit"
22:34:08 INFO  : Context for processor 'microblaze_0' is selected.
22:34:08 INFO  : Hardware design and registers information is loaded from 'C:/Users/curti/OneDrive/Documents/UIUC/ECE-385/Vivado_Projects/lab_6_2/workspace/mb_usb_hdmi_top/export/mb_usb_hdmi_top/hw/mb_usb_hdmi_top.xsa'.
22:34:08 INFO  : 'configparams mdm-detect-bscan-mask 2' command is executed.
22:34:08 INFO  : Context for processor 'microblaze_0' is selected.
22:34:08 INFO  : System reset is completed.
22:34:11 INFO  : 'after 3000' command is executed.
22:34:11 INFO  : Context for processor 'microblaze_0' is selected.
22:34:11 INFO  : The application 'C:/Users/curti/OneDrive/Documents/UIUC/ECE-385/Vivado_Projects/lab_6_2/workspace/mb_usb/Debug/mb_usb.elf' is downloaded to processor 'microblaze_0'.
22:34:11 INFO  : ----------------XSDB Script----------------
connect -url tcp:127.0.0.1:3121
targets -set -filter {jtag_cable_name =~ "RealDigital Boo 887100000005A" && level==0 && jtag_device_ctx=="jsn1-0362f093-0"}
fpga -file C:/Users/curti/OneDrive/Documents/UIUC/ECE-385/Vivado_Projects/lab_6_2/workspace/mb_usb/_ide/bitstream/mb_usb_hdmi_top.bit
targets -set -nocase -filter {name =~ "*microblaze*#0" && bscan=="USER2" }
loadhw -hw C:/Users/curti/OneDrive/Documents/UIUC/ECE-385/Vivado_Projects/lab_6_2/workspace/mb_usb_hdmi_top/export/mb_usb_hdmi_top/hw/mb_usb_hdmi_top.xsa -regs
configparams mdm-detect-bscan-mask 2
targets -set -nocase -filter {name =~ "*microblaze*#0" && bscan=="USER2" }
rst -system
after 3000
targets -set -nocase -filter {name =~ "*microblaze*#0" && bscan=="USER2" }
dow C:/Users/curti/OneDrive/Documents/UIUC/ECE-385/Vivado_Projects/lab_6_2/workspace/mb_usb/Debug/mb_usb.elf
----------------End of Script----------------

22:34:11 INFO  : Context for processor 'microblaze_0' is selected.
22:34:12 INFO  : 'con' command is executed.
22:34:12 INFO  : ----------------XSDB Script (After Launch)----------------
targets -set -nocase -filter {name =~ "*microblaze*#0" && bscan=="USER2" }
con
----------------End of Script----------------

22:34:12 INFO  : Disconnected from the channel tcfchan#5.
22:34:37 INFO  : Connected to target on host '127.0.0.1' and port '3121'.
22:34:38 INFO  : Jtag cable 'RealDigital Boo 887100000005A' is selected.
22:34:38 INFO  : 'jtag frequency' command is executed.
22:34:38 INFO  : 'targets -set -filter {jtag_cable_name =~ "RealDigital Boo 887100000005A" && level==0 && jtag_device_ctx=="jsn1-0362f093-0"}' command is executed.
22:34:39 INFO  : Device configured successfully with "C:/Users/curti/OneDrive/Documents/UIUC/ECE-385/Vivado_Projects/lab_6_2/workspace/mb_usb/_ide/bitstream/mb_usb_hdmi_top.bit"
22:34:39 INFO  : Context for processor 'microblaze_0' is selected.
22:34:39 INFO  : Hardware design and registers information is loaded from 'C:/Users/curti/OneDrive/Documents/UIUC/ECE-385/Vivado_Projects/lab_6_2/workspace/mb_usb_hdmi_top/export/mb_usb_hdmi_top/hw/mb_usb_hdmi_top.xsa'.
22:34:39 INFO  : 'configparams mdm-detect-bscan-mask 2' command is executed.
22:34:39 INFO  : Context for processor 'microblaze_0' is selected.
22:34:39 INFO  : System reset is completed.
22:34:42 INFO  : 'after 3000' command is executed.
22:34:42 INFO  : Context for processor 'microblaze_0' is selected.
22:34:42 INFO  : The application 'C:/Users/curti/OneDrive/Documents/UIUC/ECE-385/Vivado_Projects/lab_6_2/workspace/mb_usb/Debug/mb_usb.elf' is downloaded to processor 'microblaze_0'.
22:34:42 INFO  : ----------------XSDB Script----------------
connect -url tcp:127.0.0.1:3121
targets -set -filter {jtag_cable_name =~ "RealDigital Boo 887100000005A" && level==0 && jtag_device_ctx=="jsn1-0362f093-0"}
fpga -file C:/Users/curti/OneDrive/Documents/UIUC/ECE-385/Vivado_Projects/lab_6_2/workspace/mb_usb/_ide/bitstream/mb_usb_hdmi_top.bit
targets -set -nocase -filter {name =~ "*microblaze*#0" && bscan=="USER2" }
loadhw -hw C:/Users/curti/OneDrive/Documents/UIUC/ECE-385/Vivado_Projects/lab_6_2/workspace/mb_usb_hdmi_top/export/mb_usb_hdmi_top/hw/mb_usb_hdmi_top.xsa -regs
configparams mdm-detect-bscan-mask 2
targets -set -nocase -filter {name =~ "*microblaze*#0" && bscan=="USER2" }
rst -system
after 3000
targets -set -nocase -filter {name =~ "*microblaze*#0" && bscan=="USER2" }
dow C:/Users/curti/OneDrive/Documents/UIUC/ECE-385/Vivado_Projects/lab_6_2/workspace/mb_usb/Debug/mb_usb.elf
----------------End of Script----------------

22:34:42 INFO  : Context for processor 'microblaze_0' is selected.
22:34:42 INFO  : 'con' command is executed.
22:34:42 INFO  : ----------------XSDB Script (After Launch)----------------
targets -set -nocase -filter {name =~ "*microblaze*#0" && bscan=="USER2" }
con
----------------End of Script----------------

22:34:42 INFO  : Disconnected from the channel tcfchan#6.
22:35:55 INFO  : Checking for BSP changes to sync application flags for project 'mb_usb'...
22:36:01 INFO  : Connected to target on host '127.0.0.1' and port '3121'.
22:36:01 INFO  : Jtag cable 'RealDigital Boo 887100000005A' is selected.
22:36:01 INFO  : 'jtag frequency' command is executed.
22:36:01 INFO  : 'targets -set -filter {jtag_cable_name =~ "RealDigital Boo 887100000005A" && level==0 && jtag_device_ctx=="jsn1-0362f093-0"}' command is executed.
22:36:02 INFO  : Device configured successfully with "C:/Users/curti/OneDrive/Documents/UIUC/ECE-385/Vivado_Projects/lab_6_2/workspace/mb_usb/_ide/bitstream/mb_usb_hdmi_top.bit"
22:36:02 INFO  : Context for processor 'microblaze_0' is selected.
22:36:02 INFO  : Hardware design and registers information is loaded from 'C:/Users/curti/OneDrive/Documents/UIUC/ECE-385/Vivado_Projects/lab_6_2/workspace/mb_usb_hdmi_top/export/mb_usb_hdmi_top/hw/mb_usb_hdmi_top.xsa'.
22:36:02 INFO  : 'configparams mdm-detect-bscan-mask 2' command is executed.
22:36:02 INFO  : Context for processor 'microblaze_0' is selected.
22:36:02 INFO  : System reset is completed.
22:36:05 INFO  : 'after 3000' command is executed.
22:36:06 INFO  : Context for processor 'microblaze_0' is selected.
22:36:06 INFO  : The application 'C:/Users/curti/OneDrive/Documents/UIUC/ECE-385/Vivado_Projects/lab_6_2/workspace/mb_usb/Debug/mb_usb.elf' is downloaded to processor 'microblaze_0'.
22:36:06 INFO  : ----------------XSDB Script----------------
connect -url tcp:127.0.0.1:3121
targets -set -filter {jtag_cable_name =~ "RealDigital Boo 887100000005A" && level==0 && jtag_device_ctx=="jsn1-0362f093-0"}
fpga -file C:/Users/curti/OneDrive/Documents/UIUC/ECE-385/Vivado_Projects/lab_6_2/workspace/mb_usb/_ide/bitstream/mb_usb_hdmi_top.bit
targets -set -nocase -filter {name =~ "*microblaze*#0" && bscan=="USER2" }
loadhw -hw C:/Users/curti/OneDrive/Documents/UIUC/ECE-385/Vivado_Projects/lab_6_2/workspace/mb_usb_hdmi_top/export/mb_usb_hdmi_top/hw/mb_usb_hdmi_top.xsa -regs
configparams mdm-detect-bscan-mask 2
targets -set -nocase -filter {name =~ "*microblaze*#0" && bscan=="USER2" }
rst -system
after 3000
targets -set -nocase -filter {name =~ "*microblaze*#0" && bscan=="USER2" }
dow C:/Users/curti/OneDrive/Documents/UIUC/ECE-385/Vivado_Projects/lab_6_2/workspace/mb_usb/Debug/mb_usb.elf
----------------End of Script----------------

22:36:06 INFO  : Context for processor 'microblaze_0' is selected.
22:36:06 INFO  : 'con' command is executed.
22:36:06 INFO  : ----------------XSDB Script (After Launch)----------------
targets -set -nocase -filter {name =~ "*microblaze*#0" && bscan=="USER2" }
con
----------------End of Script----------------

22:36:06 INFO  : Disconnected from the channel tcfchan#7.
22:36:51 INFO  : Connected to target on host '127.0.0.1' and port '3121'.
22:36:52 INFO  : Jtag cable 'RealDigital Boo 887100000005A' is selected.
22:36:52 INFO  : 'jtag frequency' command is executed.
22:36:52 INFO  : 'targets -set -filter {jtag_cable_name =~ "RealDigital Boo 887100000005A" && level==0 && jtag_device_ctx=="jsn1-0362f093-0"}' command is executed.
22:36:53 INFO  : Device configured successfully with "C:/Users/curti/OneDrive/Documents/UIUC/ECE-385/Vivado_Projects/lab_6_2/workspace/mb_usb/_ide/bitstream/mb_usb_hdmi_top.bit"
22:36:53 INFO  : Context for processor 'microblaze_0' is selected.
22:36:53 INFO  : Hardware design and registers information is loaded from 'C:/Users/curti/OneDrive/Documents/UIUC/ECE-385/Vivado_Projects/lab_6_2/workspace/mb_usb_hdmi_top/export/mb_usb_hdmi_top/hw/mb_usb_hdmi_top.xsa'.
22:36:53 INFO  : 'configparams mdm-detect-bscan-mask 2' command is executed.
22:36:54 INFO  : Context for processor 'microblaze_0' is selected.
22:36:54 INFO  : System reset is completed.
22:36:57 INFO  : 'after 3000' command is executed.
22:36:57 INFO  : Context for processor 'microblaze_0' is selected.
22:36:57 INFO  : The application 'C:/Users/curti/OneDrive/Documents/UIUC/ECE-385/Vivado_Projects/lab_6_2/workspace/mb_usb/Debug/mb_usb.elf' is downloaded to processor 'microblaze_0'.
22:36:57 INFO  : ----------------XSDB Script----------------
connect -url tcp:127.0.0.1:3121
targets -set -filter {jtag_cable_name =~ "RealDigital Boo 887100000005A" && level==0 && jtag_device_ctx=="jsn1-0362f093-0"}
fpga -file C:/Users/curti/OneDrive/Documents/UIUC/ECE-385/Vivado_Projects/lab_6_2/workspace/mb_usb/_ide/bitstream/mb_usb_hdmi_top.bit
targets -set -nocase -filter {name =~ "*microblaze*#0" && bscan=="USER2" }
loadhw -hw C:/Users/curti/OneDrive/Documents/UIUC/ECE-385/Vivado_Projects/lab_6_2/workspace/mb_usb_hdmi_top/export/mb_usb_hdmi_top/hw/mb_usb_hdmi_top.xsa -regs
configparams mdm-detect-bscan-mask 2
targets -set -nocase -filter {name =~ "*microblaze*#0" && bscan=="USER2" }
rst -system
after 3000
targets -set -nocase -filter {name =~ "*microblaze*#0" && bscan=="USER2" }
dow C:/Users/curti/OneDrive/Documents/UIUC/ECE-385/Vivado_Projects/lab_6_2/workspace/mb_usb/Debug/mb_usb.elf
----------------End of Script----------------

22:36:57 INFO  : Context for processor 'microblaze_0' is selected.
22:36:57 INFO  : 'con' command is executed.
22:36:57 INFO  : ----------------XSDB Script (After Launch)----------------
targets -set -nocase -filter {name =~ "*microblaze*#0" && bscan=="USER2" }
con
----------------End of Script----------------

22:36:57 INFO  : Disconnected from the channel tcfchan#8.
22:37:28 ERROR : Failed to connect to hardware server on host '127.0.0.1' and port '3121'.
Reason: 'connect -url tcp:127.0.0.1:3121' is cancelled.
22:37:28 INFO  : ----------------XSDB Script----------------
connect -url tcp:127.0.0.1:3121
----------------End of Script----------------

22:37:59 DEBUG : Logs will be stored at 'C:/Users/curti/OneDrive/Documents/UIUC/ECE-385/Vivado_Projects/lab_6_2/workspace/IDE.log'.
22:37:59 INFO  : Launching XSCT server: xsct.bat -n  -interactive C:\Users\curti\OneDrive\Documents\UIUC\ECE-385\Vivado_Projects\lab_6_2\workspace\temp_xsdb_launch_script.tcl
22:38:01 INFO  : XSCT server has started successfully.
22:38:01 INFO  : Successfully done setting XSCT server connection channel  
22:38:01 INFO  : plnx-install-location is set to ''
22:38:01 INFO  : Successfully done setting workspace for the tool. 
22:38:03 INFO  : Platform repository initialization has completed.
22:38:03 INFO  : Successfully done query RDI_DATADIR 
22:38:03 INFO  : Registering command handlers for Vitis TCF services
22:41:31 INFO  : Checking for BSP changes to sync application flags for project 'mb_usb'...
22:42:03 ERROR : Failed to connect to hardware server on host '127.0.0.1' and port '3121'.
Reason: 'connect -url tcp:127.0.0.1:3121' is cancelled.
22:42:03 INFO  : ----------------XSDB Script----------------
connect -url tcp:127.0.0.1:3121
----------------End of Script----------------

22:42:18 DEBUG : Logs will be stored at 'C:/Users/curti/OneDrive/Documents/UIUC/ECE-385/Vivado_Projects/lab_6_2/workspace/IDE.log'.
22:42:18 INFO  : Launching XSCT server: xsct.bat -n  -interactive C:\Users\curti\OneDrive\Documents\UIUC\ECE-385\Vivado_Projects\lab_6_2\workspace\temp_xsdb_launch_script.tcl
22:42:21 INFO  : XSCT server has started successfully.
22:42:21 INFO  : Successfully done setting XSCT server connection channel  
22:42:21 INFO  : plnx-install-location is set to ''
22:42:21 INFO  : Successfully done setting workspace for the tool. 
22:42:22 INFO  : Platform repository initialization has completed.
22:42:22 INFO  : Registering command handlers for Vitis TCF services
22:42:22 INFO  : Successfully done query RDI_DATADIR 
22:42:33 INFO  : Checking for BSP changes to sync application flags for project 'mb_usb'...
22:43:31 DEBUG : Logs will be stored at 'C:/Users/curti/OneDrive/Documents/UIUC/ECE-385/Vivado_Projects/lab_6_2/workspace/IDE.log'.
22:43:31 INFO  : Launching XSCT server: xsct.bat -n  -interactive C:\Users\curti\OneDrive\Documents\UIUC\ECE-385\Vivado_Projects\lab_6_2\workspace\temp_xsdb_launch_script.tcl
22:43:33 INFO  : XSCT server has started successfully.
22:43:33 INFO  : Successfully done setting XSCT server connection channel  
22:43:33 INFO  : plnx-install-location is set to ''
22:43:33 INFO  : Successfully done setting workspace for the tool. 
22:43:35 INFO  : Platform repository initialization has completed.
22:43:35 INFO  : Successfully done query RDI_DATADIR 
22:43:36 INFO  : Registering command handlers for Vitis TCF services
22:43:41 INFO  : Connected to target on host '127.0.0.1' and port '3121'.
22:43:41 INFO  : Jtag cable 'RealDigital Boo 887100000005A' is selected.
22:43:41 INFO  : 'jtag frequency' command is executed.
22:43:41 INFO  : 'targets -set -filter {jtag_cable_name =~ "RealDigital Boo 887100000005A" && level==0 && jtag_device_ctx=="jsn1-0362f093-0"}' command is executed.
22:43:43 INFO  : Device configured successfully with "C:/Users/curti/OneDrive/Documents/UIUC/ECE-385/Vivado_Projects/lab_6_2/workspace/mb_usb/_ide/bitstream/mb_usb_hdmi_top.bit"
22:43:43 INFO  : Context for processor 'microblaze_0' is selected.
22:43:43 INFO  : Hardware design and registers information is loaded from 'C:/Users/curti/OneDrive/Documents/UIUC/ECE-385/Vivado_Projects/lab_6_2/workspace/mb_usb_hdmi_top/export/mb_usb_hdmi_top/hw/mb_usb_hdmi_top.xsa'.
22:43:43 INFO  : 'configparams mdm-detect-bscan-mask 2' command is executed.
22:43:43 INFO  : Context for processor 'microblaze_0' is selected.
22:43:43 INFO  : System reset is completed.
22:43:46 INFO  : 'after 3000' command is executed.
22:43:46 INFO  : Context for processor 'microblaze_0' is selected.
22:43:46 INFO  : The application 'C:/Users/curti/OneDrive/Documents/UIUC/ECE-385/Vivado_Projects/lab_6_2/workspace/mb_usb/Debug/mb_usb.elf' is downloaded to processor 'microblaze_0'.
22:43:46 INFO  : ----------------XSDB Script----------------
connect -url tcp:127.0.0.1:3121
targets -set -filter {jtag_cable_name =~ "RealDigital Boo 887100000005A" && level==0 && jtag_device_ctx=="jsn1-0362f093-0"}
fpga -file C:/Users/curti/OneDrive/Documents/UIUC/ECE-385/Vivado_Projects/lab_6_2/workspace/mb_usb/_ide/bitstream/mb_usb_hdmi_top.bit
targets -set -nocase -filter {name =~ "*microblaze*#0" && bscan=="USER2" }
loadhw -hw C:/Users/curti/OneDrive/Documents/UIUC/ECE-385/Vivado_Projects/lab_6_2/workspace/mb_usb_hdmi_top/export/mb_usb_hdmi_top/hw/mb_usb_hdmi_top.xsa -regs
configparams mdm-detect-bscan-mask 2
targets -set -nocase -filter {name =~ "*microblaze*#0" && bscan=="USER2" }
rst -system
after 3000
targets -set -nocase -filter {name =~ "*microblaze*#0" && bscan=="USER2" }
dow C:/Users/curti/OneDrive/Documents/UIUC/ECE-385/Vivado_Projects/lab_6_2/workspace/mb_usb/Debug/mb_usb.elf
----------------End of Script----------------

22:43:46 INFO  : Context for processor 'microblaze_0' is selected.
22:43:46 INFO  : 'con' command is executed.
22:43:46 INFO  : ----------------XSDB Script (After Launch)----------------
targets -set -nocase -filter {name =~ "*microblaze*#0" && bscan=="USER2" }
con
----------------End of Script----------------

22:43:46 INFO  : Disconnected from the channel tcfchan#1.
22:45:07 INFO  : Checking for BSP changes to sync application flags for project 'mb_usb'...
22:45:16 INFO  : Checking for BSP changes to sync application flags for project 'mb_usb'...
22:45:22 INFO  : Connected to target on host '127.0.0.1' and port '3121'.
22:45:22 INFO  : Jtag cable 'RealDigital Boo 887100000005A' is selected.
22:45:22 INFO  : 'jtag frequency' command is executed.
22:45:22 INFO  : 'targets -set -filter {jtag_cable_name =~ "RealDigital Boo 887100000005A" && level==0 && jtag_device_ctx=="jsn1-0362f093-0"}' command is executed.
22:45:23 INFO  : Device configured successfully with "C:/Users/curti/OneDrive/Documents/UIUC/ECE-385/Vivado_Projects/lab_6_2/workspace/mb_usb/_ide/bitstream/mb_usb_hdmi_top.bit"
22:45:23 INFO  : Context for processor 'microblaze_0' is selected.
22:45:24 INFO  : Hardware design and registers information is loaded from 'C:/Users/curti/OneDrive/Documents/UIUC/ECE-385/Vivado_Projects/lab_6_2/workspace/mb_usb_hdmi_top/export/mb_usb_hdmi_top/hw/mb_usb_hdmi_top.xsa'.
22:45:24 INFO  : 'configparams mdm-detect-bscan-mask 2' command is executed.
22:45:24 INFO  : Context for processor 'microblaze_0' is selected.
22:45:24 INFO  : System reset is completed.
22:45:27 INFO  : 'after 3000' command is executed.
22:45:27 INFO  : Context for processor 'microblaze_0' is selected.
22:45:27 INFO  : The application 'C:/Users/curti/OneDrive/Documents/UIUC/ECE-385/Vivado_Projects/lab_6_2/workspace/mb_usb/Debug/mb_usb.elf' is downloaded to processor 'microblaze_0'.
22:45:27 INFO  : ----------------XSDB Script----------------
connect -url tcp:127.0.0.1:3121
targets -set -filter {jtag_cable_name =~ "RealDigital Boo 887100000005A" && level==0 && jtag_device_ctx=="jsn1-0362f093-0"}
fpga -file C:/Users/curti/OneDrive/Documents/UIUC/ECE-385/Vivado_Projects/lab_6_2/workspace/mb_usb/_ide/bitstream/mb_usb_hdmi_top.bit
targets -set -nocase -filter {name =~ "*microblaze*#0" && bscan=="USER2" }
loadhw -hw C:/Users/curti/OneDrive/Documents/UIUC/ECE-385/Vivado_Projects/lab_6_2/workspace/mb_usb_hdmi_top/export/mb_usb_hdmi_top/hw/mb_usb_hdmi_top.xsa -regs
configparams mdm-detect-bscan-mask 2
targets -set -nocase -filter {name =~ "*microblaze*#0" && bscan=="USER2" }
rst -system
after 3000
targets -set -nocase -filter {name =~ "*microblaze*#0" && bscan=="USER2" }
dow C:/Users/curti/OneDrive/Documents/UIUC/ECE-385/Vivado_Projects/lab_6_2/workspace/mb_usb/Debug/mb_usb.elf
----------------End of Script----------------

22:45:27 INFO  : Context for processor 'microblaze_0' is selected.
22:45:27 INFO  : 'con' command is executed.
22:45:27 INFO  : ----------------XSDB Script (After Launch)----------------
targets -set -nocase -filter {name =~ "*microblaze*#0" && bscan=="USER2" }
con
----------------End of Script----------------

22:45:27 INFO  : Disconnected from the channel tcfchan#2.
22:45:58 DEBUG : Logs will be stored at 'C:/Users/curti/OneDrive/Documents/UIUC/ECE-385/Vivado_Projects/lab_6_2/workspace/IDE.log'.
22:45:58 INFO  : Launching XSCT server: xsct.bat -n  -interactive C:\Users\curti\OneDrive\Documents\UIUC\ECE-385\Vivado_Projects\lab_6_2\workspace\temp_xsdb_launch_script.tcl
22:46:00 INFO  : XSCT server has started successfully.
22:46:00 INFO  : plnx-install-location is set to ''
22:46:00 INFO  : Successfully done setting XSCT server connection channel  
22:46:00 INFO  : Successfully done setting workspace for the tool. 
22:46:01 INFO  : Platform repository initialization has completed.
22:46:02 INFO  : Registering command handlers for Vitis TCF services
22:46:02 INFO  : Successfully done query RDI_DATADIR 
22:46:05 INFO  : Checking for BSP changes to sync application flags for project 'mb_usb'...
22:46:15 INFO  : Connected to target on host '127.0.0.1' and port '3121'.
22:46:15 INFO  : Jtag cable 'RealDigital Boo 887100000005A' is selected.
22:46:15 INFO  : 'jtag frequency' command is executed.
22:46:15 INFO  : 'targets -set -filter {jtag_cable_name =~ "RealDigital Boo 887100000005A" && level==0 && jtag_device_ctx=="jsn1-0362f093-0"}' command is executed.
22:46:16 INFO  : Device configured successfully with "C:/Users/curti/OneDrive/Documents/UIUC/ECE-385/Vivado_Projects/lab_6_2/workspace/mb_usb/_ide/bitstream/mb_usb_hdmi_top.bit"
22:46:17 INFO  : Context for processor 'microblaze_0' is selected.
22:46:17 INFO  : Hardware design and registers information is loaded from 'C:/Users/curti/OneDrive/Documents/UIUC/ECE-385/Vivado_Projects/lab_6_2/workspace/mb_usb_hdmi_top/export/mb_usb_hdmi_top/hw/mb_usb_hdmi_top.xsa'.
22:46:17 INFO  : 'configparams mdm-detect-bscan-mask 2' command is executed.
22:46:17 INFO  : Context for processor 'microblaze_0' is selected.
22:46:17 INFO  : System reset is completed.
22:46:20 INFO  : 'after 3000' command is executed.
22:46:20 INFO  : Context for processor 'microblaze_0' is selected.
22:46:20 INFO  : The application 'C:/Users/curti/OneDrive/Documents/UIUC/ECE-385/Vivado_Projects/lab_6_2/workspace/mb_usb/Debug/mb_usb.elf' is downloaded to processor 'microblaze_0'.
22:46:20 INFO  : ----------------XSDB Script----------------
connect -url tcp:127.0.0.1:3121
targets -set -filter {jtag_cable_name =~ "RealDigital Boo 887100000005A" && level==0 && jtag_device_ctx=="jsn1-0362f093-0"}
fpga -file C:/Users/curti/OneDrive/Documents/UIUC/ECE-385/Vivado_Projects/lab_6_2/workspace/mb_usb/_ide/bitstream/mb_usb_hdmi_top.bit
targets -set -nocase -filter {name =~ "*microblaze*#0" && bscan=="USER2" }
loadhw -hw C:/Users/curti/OneDrive/Documents/UIUC/ECE-385/Vivado_Projects/lab_6_2/workspace/mb_usb_hdmi_top/export/mb_usb_hdmi_top/hw/mb_usb_hdmi_top.xsa -regs
configparams mdm-detect-bscan-mask 2
targets -set -nocase -filter {name =~ "*microblaze*#0" && bscan=="USER2" }
rst -system
after 3000
targets -set -nocase -filter {name =~ "*microblaze*#0" && bscan=="USER2" }
dow C:/Users/curti/OneDrive/Documents/UIUC/ECE-385/Vivado_Projects/lab_6_2/workspace/mb_usb/Debug/mb_usb.elf
----------------End of Script----------------

22:46:20 INFO  : Context for processor 'microblaze_0' is selected.
22:46:20 INFO  : 'con' command is executed.
22:46:20 INFO  : ----------------XSDB Script (After Launch)----------------
targets -set -nocase -filter {name =~ "*microblaze*#0" && bscan=="USER2" }
con
----------------End of Script----------------

22:46:20 INFO  : Disconnected from the channel tcfchan#1.
23:09:27 INFO  : Connected to target on host '127.0.0.1' and port '3121'.
23:09:27 INFO  : Jtag cable 'RealDigital Boo 887100000005A' is selected.
23:09:27 INFO  : 'jtag frequency' command is executed.
23:09:28 INFO  : 'targets -set -filter {jtag_cable_name =~ "RealDigital Boo 887100000005A" && level==0 && jtag_device_ctx=="jsn1-0362f093-0"}' command is executed.
23:09:29 INFO  : Device configured successfully with "C:/Users/curti/OneDrive/Documents/UIUC/ECE-385/Vivado_Projects/lab_6_2/workspace/mb_usb/_ide/bitstream/mb_usb_hdmi_top.bit"
23:09:29 INFO  : Context for processor 'microblaze_0' is selected.
23:09:29 INFO  : Hardware design and registers information is loaded from 'C:/Users/curti/OneDrive/Documents/UIUC/ECE-385/Vivado_Projects/lab_6_2/workspace/mb_usb_hdmi_top/export/mb_usb_hdmi_top/hw/mb_usb_hdmi_top.xsa'.
23:09:29 INFO  : 'configparams mdm-detect-bscan-mask 2' command is executed.
23:09:29 INFO  : Context for processor 'microblaze_0' is selected.
23:09:29 INFO  : System reset is completed.
23:09:32 INFO  : 'after 3000' command is executed.
23:09:32 INFO  : Context for processor 'microblaze_0' is selected.
23:09:33 INFO  : The application 'C:/Users/curti/OneDrive/Documents/UIUC/ECE-385/Vivado_Projects/lab_6_2/workspace/mb_usb/Debug/mb_usb.elf' is downloaded to processor 'microblaze_0'.
23:09:33 INFO  : ----------------XSDB Script----------------
connect -url tcp:127.0.0.1:3121
targets -set -filter {jtag_cable_name =~ "RealDigital Boo 887100000005A" && level==0 && jtag_device_ctx=="jsn1-0362f093-0"}
fpga -file C:/Users/curti/OneDrive/Documents/UIUC/ECE-385/Vivado_Projects/lab_6_2/workspace/mb_usb/_ide/bitstream/mb_usb_hdmi_top.bit
targets -set -nocase -filter {name =~ "*microblaze*#0" && bscan=="USER2" }
loadhw -hw C:/Users/curti/OneDrive/Documents/UIUC/ECE-385/Vivado_Projects/lab_6_2/workspace/mb_usb_hdmi_top/export/mb_usb_hdmi_top/hw/mb_usb_hdmi_top.xsa -regs
configparams mdm-detect-bscan-mask 2
targets -set -nocase -filter {name =~ "*microblaze*#0" && bscan=="USER2" }
rst -system
after 3000
targets -set -nocase -filter {name =~ "*microblaze*#0" && bscan=="USER2" }
dow C:/Users/curti/OneDrive/Documents/UIUC/ECE-385/Vivado_Projects/lab_6_2/workspace/mb_usb/Debug/mb_usb.elf
----------------End of Script----------------

23:09:33 INFO  : Context for processor 'microblaze_0' is selected.
23:09:33 INFO  : 'con' command is executed.
23:09:33 INFO  : ----------------XSDB Script (After Launch)----------------
targets -set -nocase -filter {name =~ "*microblaze*#0" && bscan=="USER2" }
con
----------------End of Script----------------

23:09:33 INFO  : Disconnected from the channel tcfchan#2.
23:10:50 INFO  : Connected to target on host '127.0.0.1' and port '3121'.
23:10:50 INFO  : Jtag cable 'RealDigital Boo 887100000005A' is selected.
23:10:50 INFO  : 'jtag frequency' command is executed.
23:10:51 INFO  : 'targets -set -filter {jtag_cable_name =~ "RealDigital Boo 887100000005A" && level==0 && jtag_device_ctx=="jsn1-0362f093-0"}' command is executed.
23:10:52 INFO  : Device configured successfully with "C:/Users/curti/OneDrive/Documents/UIUC/ECE-385/Vivado_Projects/lab_6_2/workspace/mb_usb/_ide/bitstream/mb_usb_hdmi_top.bit"
23:10:52 INFO  : Context for processor 'microblaze_0' is selected.
23:10:52 INFO  : Hardware design and registers information is loaded from 'C:/Users/curti/OneDrive/Documents/UIUC/ECE-385/Vivado_Projects/lab_6_2/workspace/mb_usb_hdmi_top/export/mb_usb_hdmi_top/hw/mb_usb_hdmi_top.xsa'.
23:10:52 INFO  : 'configparams mdm-detect-bscan-mask 2' command is executed.
23:10:52 INFO  : Context for processor 'microblaze_0' is selected.
23:10:52 INFO  : System reset is completed.
23:10:55 INFO  : 'after 3000' command is executed.
23:10:56 INFO  : Context for processor 'microblaze_0' is selected.
23:10:56 INFO  : The application 'C:/Users/curti/OneDrive/Documents/UIUC/ECE-385/Vivado_Projects/lab_6_2/workspace/mb_usb/Debug/mb_usb.elf' is downloaded to processor 'microblaze_0'.
23:10:56 INFO  : ----------------XSDB Script----------------
connect -url tcp:127.0.0.1:3121
targets -set -filter {jtag_cable_name =~ "RealDigital Boo 887100000005A" && level==0 && jtag_device_ctx=="jsn1-0362f093-0"}
fpga -file C:/Users/curti/OneDrive/Documents/UIUC/ECE-385/Vivado_Projects/lab_6_2/workspace/mb_usb/_ide/bitstream/mb_usb_hdmi_top.bit
targets -set -nocase -filter {name =~ "*microblaze*#0" && bscan=="USER2" }
loadhw -hw C:/Users/curti/OneDrive/Documents/UIUC/ECE-385/Vivado_Projects/lab_6_2/workspace/mb_usb_hdmi_top/export/mb_usb_hdmi_top/hw/mb_usb_hdmi_top.xsa -regs
configparams mdm-detect-bscan-mask 2
targets -set -nocase -filter {name =~ "*microblaze*#0" && bscan=="USER2" }
rst -system
after 3000
targets -set -nocase -filter {name =~ "*microblaze*#0" && bscan=="USER2" }
dow C:/Users/curti/OneDrive/Documents/UIUC/ECE-385/Vivado_Projects/lab_6_2/workspace/mb_usb/Debug/mb_usb.elf
----------------End of Script----------------

23:10:56 INFO  : Context for processor 'microblaze_0' is selected.
23:10:56 INFO  : 'con' command is executed.
23:10:56 INFO  : ----------------XSDB Script (After Launch)----------------
targets -set -nocase -filter {name =~ "*microblaze*#0" && bscan=="USER2" }
con
----------------End of Script----------------

23:10:56 INFO  : Disconnected from the channel tcfchan#3.
23:11:20 INFO  : Connected to target on host '127.0.0.1' and port '3121'.
23:11:20 INFO  : Jtag cable 'RealDigital Boo 887100000005A' is selected.
23:11:20 INFO  : 'jtag frequency' command is executed.
23:11:20 INFO  : 'targets -set -filter {jtag_cable_name =~ "RealDigital Boo 887100000005A" && level==0 && jtag_device_ctx=="jsn1-0362f093-0"}' command is executed.
23:11:21 INFO  : Device configured successfully with "C:/Users/curti/OneDrive/Documents/UIUC/ECE-385/Vivado_Projects/lab_6_2/workspace/mb_usb/_ide/bitstream/mb_usb_hdmi_top.bit"
23:11:21 INFO  : Context for processor 'microblaze_0' is selected.
23:11:22 INFO  : Hardware design and registers information is loaded from 'C:/Users/curti/OneDrive/Documents/UIUC/ECE-385/Vivado_Projects/lab_6_2/workspace/mb_usb_hdmi_top/export/mb_usb_hdmi_top/hw/mb_usb_hdmi_top.xsa'.
23:11:22 INFO  : 'configparams mdm-detect-bscan-mask 2' command is executed.
23:11:22 INFO  : Context for processor 'microblaze_0' is selected.
23:11:22 INFO  : System reset is completed.
23:11:25 INFO  : 'after 3000' command is executed.
23:11:25 INFO  : Context for processor 'microblaze_0' is selected.
23:11:25 INFO  : The application 'C:/Users/curti/OneDrive/Documents/UIUC/ECE-385/Vivado_Projects/lab_6_2/workspace/mb_usb/Debug/mb_usb.elf' is downloaded to processor 'microblaze_0'.
23:11:25 INFO  : ----------------XSDB Script----------------
connect -url tcp:127.0.0.1:3121
targets -set -filter {jtag_cable_name =~ "RealDigital Boo 887100000005A" && level==0 && jtag_device_ctx=="jsn1-0362f093-0"}
fpga -file C:/Users/curti/OneDrive/Documents/UIUC/ECE-385/Vivado_Projects/lab_6_2/workspace/mb_usb/_ide/bitstream/mb_usb_hdmi_top.bit
targets -set -nocase -filter {name =~ "*microblaze*#0" && bscan=="USER2" }
loadhw -hw C:/Users/curti/OneDrive/Documents/UIUC/ECE-385/Vivado_Projects/lab_6_2/workspace/mb_usb_hdmi_top/export/mb_usb_hdmi_top/hw/mb_usb_hdmi_top.xsa -regs
configparams mdm-detect-bscan-mask 2
targets -set -nocase -filter {name =~ "*microblaze*#0" && bscan=="USER2" }
rst -system
after 3000
targets -set -nocase -filter {name =~ "*microblaze*#0" && bscan=="USER2" }
dow C:/Users/curti/OneDrive/Documents/UIUC/ECE-385/Vivado_Projects/lab_6_2/workspace/mb_usb/Debug/mb_usb.elf
----------------End of Script----------------

23:11:25 INFO  : Context for processor 'microblaze_0' is selected.
23:11:25 INFO  : 'con' command is executed.
23:11:25 INFO  : ----------------XSDB Script (After Launch)----------------
targets -set -nocase -filter {name =~ "*microblaze*#0" && bscan=="USER2" }
con
----------------End of Script----------------

23:11:25 INFO  : Disconnected from the channel tcfchan#4.
23:12:32 INFO  : Checking for BSP changes to sync application flags for project 'mb_usb'...
23:12:42 INFO  : Connected to target on host '127.0.0.1' and port '3121'.
23:12:42 INFO  : Jtag cable 'RealDigital Boo 887100000005A' is selected.
23:12:42 INFO  : 'jtag frequency' command is executed.
23:12:42 INFO  : 'targets -set -filter {jtag_cable_name =~ "RealDigital Boo 887100000005A" && level==0 && jtag_device_ctx=="jsn1-0362f093-0"}' command is executed.
23:12:44 INFO  : Device configured successfully with "C:/Users/curti/OneDrive/Documents/UIUC/ECE-385/Vivado_Projects/lab_6_2/workspace/mb_usb/_ide/bitstream/mb_usb_hdmi_top.bit"
23:12:44 INFO  : Context for processor 'microblaze_0' is selected.
23:12:44 INFO  : Hardware design and registers information is loaded from 'C:/Users/curti/OneDrive/Documents/UIUC/ECE-385/Vivado_Projects/lab_6_2/workspace/mb_usb_hdmi_top/export/mb_usb_hdmi_top/hw/mb_usb_hdmi_top.xsa'.
23:12:44 INFO  : 'configparams mdm-detect-bscan-mask 2' command is executed.
23:12:44 INFO  : Context for processor 'microblaze_0' is selected.
23:12:44 INFO  : System reset is completed.
23:12:47 INFO  : 'after 3000' command is executed.
23:12:47 INFO  : Context for processor 'microblaze_0' is selected.
23:12:47 INFO  : The application 'C:/Users/curti/OneDrive/Documents/UIUC/ECE-385/Vivado_Projects/lab_6_2/workspace/mb_usb/Debug/mb_usb.elf' is downloaded to processor 'microblaze_0'.
23:12:47 INFO  : ----------------XSDB Script----------------
connect -url tcp:127.0.0.1:3121
targets -set -filter {jtag_cable_name =~ "RealDigital Boo 887100000005A" && level==0 && jtag_device_ctx=="jsn1-0362f093-0"}
fpga -file C:/Users/curti/OneDrive/Documents/UIUC/ECE-385/Vivado_Projects/lab_6_2/workspace/mb_usb/_ide/bitstream/mb_usb_hdmi_top.bit
targets -set -nocase -filter {name =~ "*microblaze*#0" && bscan=="USER2" }
loadhw -hw C:/Users/curti/OneDrive/Documents/UIUC/ECE-385/Vivado_Projects/lab_6_2/workspace/mb_usb_hdmi_top/export/mb_usb_hdmi_top/hw/mb_usb_hdmi_top.xsa -regs
configparams mdm-detect-bscan-mask 2
targets -set -nocase -filter {name =~ "*microblaze*#0" && bscan=="USER2" }
rst -system
after 3000
targets -set -nocase -filter {name =~ "*microblaze*#0" && bscan=="USER2" }
dow C:/Users/curti/OneDrive/Documents/UIUC/ECE-385/Vivado_Projects/lab_6_2/workspace/mb_usb/Debug/mb_usb.elf
----------------End of Script----------------

23:12:47 INFO  : Context for processor 'microblaze_0' is selected.
23:12:47 INFO  : 'con' command is executed.
23:12:47 INFO  : ----------------XSDB Script (After Launch)----------------
targets -set -nocase -filter {name =~ "*microblaze*#0" && bscan=="USER2" }
con
----------------End of Script----------------

23:12:47 INFO  : Disconnected from the channel tcfchan#5.
23:13:18 INFO  : Connected to target on host '127.0.0.1' and port '3121'.
23:13:18 INFO  : Jtag cable 'RealDigital Boo 887100000005A' is selected.
23:13:18 INFO  : 'jtag frequency' command is executed.
23:13:19 INFO  : 'targets -set -filter {jtag_cable_name =~ "RealDigital Boo 887100000005A" && level==0 && jtag_device_ctx=="jsn1-0362f093-0"}' command is executed.
23:13:20 INFO  : Device configured successfully with "C:/Users/curti/OneDrive/Documents/UIUC/ECE-385/Vivado_Projects/lab_6_2/workspace/mb_usb/_ide/bitstream/mb_usb_hdmi_top.bit"
23:13:20 INFO  : Context for processor 'microblaze_0' is selected.
23:13:20 INFO  : Hardware design and registers information is loaded from 'C:/Users/curti/OneDrive/Documents/UIUC/ECE-385/Vivado_Projects/lab_6_2/workspace/mb_usb_hdmi_top/export/mb_usb_hdmi_top/hw/mb_usb_hdmi_top.xsa'.
23:13:20 INFO  : 'configparams mdm-detect-bscan-mask 2' command is executed.
23:13:20 INFO  : Context for processor 'microblaze_0' is selected.
23:13:20 INFO  : System reset is completed.
23:13:23 INFO  : 'after 3000' command is executed.
23:13:23 INFO  : Context for processor 'microblaze_0' is selected.
23:13:24 INFO  : The application 'C:/Users/curti/OneDrive/Documents/UIUC/ECE-385/Vivado_Projects/lab_6_2/workspace/mb_usb/Debug/mb_usb.elf' is downloaded to processor 'microblaze_0'.
23:13:24 INFO  : ----------------XSDB Script----------------
connect -url tcp:127.0.0.1:3121
targets -set -filter {jtag_cable_name =~ "RealDigital Boo 887100000005A" && level==0 && jtag_device_ctx=="jsn1-0362f093-0"}
fpga -file C:/Users/curti/OneDrive/Documents/UIUC/ECE-385/Vivado_Projects/lab_6_2/workspace/mb_usb/_ide/bitstream/mb_usb_hdmi_top.bit
targets -set -nocase -filter {name =~ "*microblaze*#0" && bscan=="USER2" }
loadhw -hw C:/Users/curti/OneDrive/Documents/UIUC/ECE-385/Vivado_Projects/lab_6_2/workspace/mb_usb_hdmi_top/export/mb_usb_hdmi_top/hw/mb_usb_hdmi_top.xsa -regs
configparams mdm-detect-bscan-mask 2
targets -set -nocase -filter {name =~ "*microblaze*#0" && bscan=="USER2" }
rst -system
after 3000
targets -set -nocase -filter {name =~ "*microblaze*#0" && bscan=="USER2" }
dow C:/Users/curti/OneDrive/Documents/UIUC/ECE-385/Vivado_Projects/lab_6_2/workspace/mb_usb/Debug/mb_usb.elf
----------------End of Script----------------

23:13:24 INFO  : Context for processor 'microblaze_0' is selected.
23:13:24 INFO  : 'con' command is executed.
23:13:24 INFO  : ----------------XSDB Script (After Launch)----------------
targets -set -nocase -filter {name =~ "*microblaze*#0" && bscan=="USER2" }
con
----------------End of Script----------------

23:13:24 INFO  : Disconnected from the channel tcfchan#6.
23:16:09 INFO  : Checking for BSP changes to sync application flags for project 'mb_usb'...
23:16:15 INFO  : Connected to target on host '127.0.0.1' and port '3121'.
23:16:15 INFO  : Jtag cable 'RealDigital Boo 887100000005A' is selected.
23:16:15 INFO  : 'jtag frequency' command is executed.
23:16:15 INFO  : 'targets -set -filter {jtag_cable_name =~ "RealDigital Boo 887100000005A" && level==0 && jtag_device_ctx=="jsn1-0362f093-0"}' command is executed.
23:16:16 INFO  : Device configured successfully with "C:/Users/curti/OneDrive/Documents/UIUC/ECE-385/Vivado_Projects/lab_6_2/workspace/mb_usb/_ide/bitstream/mb_usb_hdmi_top.bit"
23:16:16 INFO  : Context for processor 'microblaze_0' is selected.
23:16:17 INFO  : Hardware design and registers information is loaded from 'C:/Users/curti/OneDrive/Documents/UIUC/ECE-385/Vivado_Projects/lab_6_2/workspace/mb_usb_hdmi_top/export/mb_usb_hdmi_top/hw/mb_usb_hdmi_top.xsa'.
23:16:17 INFO  : 'configparams mdm-detect-bscan-mask 2' command is executed.
23:16:17 INFO  : Context for processor 'microblaze_0' is selected.
23:16:17 INFO  : System reset is completed.
23:16:20 INFO  : 'after 3000' command is executed.
23:16:20 INFO  : Context for processor 'microblaze_0' is selected.
23:16:20 INFO  : The application 'C:/Users/curti/OneDrive/Documents/UIUC/ECE-385/Vivado_Projects/lab_6_2/workspace/mb_usb/Debug/mb_usb.elf' is downloaded to processor 'microblaze_0'.
23:16:20 INFO  : ----------------XSDB Script----------------
connect -url tcp:127.0.0.1:3121
targets -set -filter {jtag_cable_name =~ "RealDigital Boo 887100000005A" && level==0 && jtag_device_ctx=="jsn1-0362f093-0"}
fpga -file C:/Users/curti/OneDrive/Documents/UIUC/ECE-385/Vivado_Projects/lab_6_2/workspace/mb_usb/_ide/bitstream/mb_usb_hdmi_top.bit
targets -set -nocase -filter {name =~ "*microblaze*#0" && bscan=="USER2" }
loadhw -hw C:/Users/curti/OneDrive/Documents/UIUC/ECE-385/Vivado_Projects/lab_6_2/workspace/mb_usb_hdmi_top/export/mb_usb_hdmi_top/hw/mb_usb_hdmi_top.xsa -regs
configparams mdm-detect-bscan-mask 2
targets -set -nocase -filter {name =~ "*microblaze*#0" && bscan=="USER2" }
rst -system
after 3000
targets -set -nocase -filter {name =~ "*microblaze*#0" && bscan=="USER2" }
dow C:/Users/curti/OneDrive/Documents/UIUC/ECE-385/Vivado_Projects/lab_6_2/workspace/mb_usb/Debug/mb_usb.elf
----------------End of Script----------------

23:16:20 INFO  : Context for processor 'microblaze_0' is selected.
23:16:20 INFO  : 'con' command is executed.
23:16:20 INFO  : ----------------XSDB Script (After Launch)----------------
targets -set -nocase -filter {name =~ "*microblaze*#0" && bscan=="USER2" }
con
----------------End of Script----------------

23:16:20 INFO  : Disconnected from the channel tcfchan#7.
23:17:41 INFO  : Checking for BSP changes to sync application flags for project 'mb_usb'...
23:18:12 INFO  : Checking for BSP changes to sync application flags for project 'mb_usb'...
23:18:15 INFO  : Connected to target on host '127.0.0.1' and port '3121'.
23:18:15 INFO  : Jtag cable 'RealDigital Boo 887100000005A' is selected.
23:18:15 INFO  : 'jtag frequency' command is executed.
23:18:15 INFO  : 'targets -set -filter {jtag_cable_name =~ "RealDigital Boo 887100000005A" && level==0 && jtag_device_ctx=="jsn1-0362f093-0"}' command is executed.
23:18:17 INFO  : Device configured successfully with "C:/Users/curti/OneDrive/Documents/UIUC/ECE-385/Vivado_Projects/lab_6_2/workspace/mb_usb/_ide/bitstream/mb_usb_hdmi_top.bit"
23:18:17 INFO  : Context for processor 'microblaze_0' is selected.
23:18:17 INFO  : Hardware design and registers information is loaded from 'C:/Users/curti/OneDrive/Documents/UIUC/ECE-385/Vivado_Projects/lab_6_2/workspace/mb_usb_hdmi_top/export/mb_usb_hdmi_top/hw/mb_usb_hdmi_top.xsa'.
23:18:17 INFO  : 'configparams mdm-detect-bscan-mask 2' command is executed.
23:18:17 INFO  : Context for processor 'microblaze_0' is selected.
23:18:17 INFO  : System reset is completed.
23:18:20 INFO  : 'after 3000' command is executed.
23:18:20 INFO  : Context for processor 'microblaze_0' is selected.
23:18:20 INFO  : The application 'C:/Users/curti/OneDrive/Documents/UIUC/ECE-385/Vivado_Projects/lab_6_2/workspace/mb_usb/Debug/mb_usb.elf' is downloaded to processor 'microblaze_0'.
23:18:20 INFO  : ----------------XSDB Script----------------
connect -url tcp:127.0.0.1:3121
targets -set -filter {jtag_cable_name =~ "RealDigital Boo 887100000005A" && level==0 && jtag_device_ctx=="jsn1-0362f093-0"}
fpga -file C:/Users/curti/OneDrive/Documents/UIUC/ECE-385/Vivado_Projects/lab_6_2/workspace/mb_usb/_ide/bitstream/mb_usb_hdmi_top.bit
targets -set -nocase -filter {name =~ "*microblaze*#0" && bscan=="USER2" }
loadhw -hw C:/Users/curti/OneDrive/Documents/UIUC/ECE-385/Vivado_Projects/lab_6_2/workspace/mb_usb_hdmi_top/export/mb_usb_hdmi_top/hw/mb_usb_hdmi_top.xsa -regs
configparams mdm-detect-bscan-mask 2
targets -set -nocase -filter {name =~ "*microblaze*#0" && bscan=="USER2" }
rst -system
after 3000
targets -set -nocase -filter {name =~ "*microblaze*#0" && bscan=="USER2" }
dow C:/Users/curti/OneDrive/Documents/UIUC/ECE-385/Vivado_Projects/lab_6_2/workspace/mb_usb/Debug/mb_usb.elf
----------------End of Script----------------

23:18:20 INFO  : Context for processor 'microblaze_0' is selected.
23:18:20 INFO  : 'con' command is executed.
23:18:20 INFO  : ----------------XSDB Script (After Launch)----------------
targets -set -nocase -filter {name =~ "*microblaze*#0" && bscan=="USER2" }
con
----------------End of Script----------------

23:18:20 INFO  : Disconnected from the channel tcfchan#8.
23:18:44 INFO  : Checking for BSP changes to sync application flags for project 'mb_usb'...
23:18:50 INFO  : Connected to target on host '127.0.0.1' and port '3121'.
23:18:50 INFO  : Jtag cable 'RealDigital Boo 887100000005A' is selected.
23:18:50 INFO  : 'jtag frequency' command is executed.
23:18:50 INFO  : 'targets -set -filter {jtag_cable_name =~ "RealDigital Boo 887100000005A" && level==0 && jtag_device_ctx=="jsn1-0362f093-0"}' command is executed.
23:18:52 INFO  : Device configured successfully with "C:/Users/curti/OneDrive/Documents/UIUC/ECE-385/Vivado_Projects/lab_6_2/workspace/mb_usb/_ide/bitstream/mb_usb_hdmi_top.bit"
23:18:52 INFO  : Context for processor 'microblaze_0' is selected.
23:18:52 INFO  : Hardware design and registers information is loaded from 'C:/Users/curti/OneDrive/Documents/UIUC/ECE-385/Vivado_Projects/lab_6_2/workspace/mb_usb_hdmi_top/export/mb_usb_hdmi_top/hw/mb_usb_hdmi_top.xsa'.
23:18:52 INFO  : 'configparams mdm-detect-bscan-mask 2' command is executed.
23:18:52 INFO  : Context for processor 'microblaze_0' is selected.
23:18:52 INFO  : System reset is completed.
23:18:55 INFO  : 'after 3000' command is executed.
23:18:55 INFO  : Context for processor 'microblaze_0' is selected.
23:18:55 INFO  : The application 'C:/Users/curti/OneDrive/Documents/UIUC/ECE-385/Vivado_Projects/lab_6_2/workspace/mb_usb/Debug/mb_usb.elf' is downloaded to processor 'microblaze_0'.
23:18:55 INFO  : ----------------XSDB Script----------------
connect -url tcp:127.0.0.1:3121
targets -set -filter {jtag_cable_name =~ "RealDigital Boo 887100000005A" && level==0 && jtag_device_ctx=="jsn1-0362f093-0"}
fpga -file C:/Users/curti/OneDrive/Documents/UIUC/ECE-385/Vivado_Projects/lab_6_2/workspace/mb_usb/_ide/bitstream/mb_usb_hdmi_top.bit
targets -set -nocase -filter {name =~ "*microblaze*#0" && bscan=="USER2" }
loadhw -hw C:/Users/curti/OneDrive/Documents/UIUC/ECE-385/Vivado_Projects/lab_6_2/workspace/mb_usb_hdmi_top/export/mb_usb_hdmi_top/hw/mb_usb_hdmi_top.xsa -regs
configparams mdm-detect-bscan-mask 2
targets -set -nocase -filter {name =~ "*microblaze*#0" && bscan=="USER2" }
rst -system
after 3000
targets -set -nocase -filter {name =~ "*microblaze*#0" && bscan=="USER2" }
dow C:/Users/curti/OneDrive/Documents/UIUC/ECE-385/Vivado_Projects/lab_6_2/workspace/mb_usb/Debug/mb_usb.elf
----------------End of Script----------------

23:18:55 INFO  : Context for processor 'microblaze_0' is selected.
23:18:55 INFO  : 'con' command is executed.
23:18:55 INFO  : ----------------XSDB Script (After Launch)----------------
targets -set -nocase -filter {name =~ "*microblaze*#0" && bscan=="USER2" }
con
----------------End of Script----------------

23:18:55 INFO  : Disconnected from the channel tcfchan#9.
23:34:56 INFO  : Hardware specification for platform project 'mb_usb_hdmi_top' is updated.
23:35:04 INFO  : Result from executing command 'removePlatformRepo': 
23:35:22 INFO  : Result from executing command 'getProjects': mb_usb_hdmi_top
23:35:22 INFO  : Result from executing command 'getPlatforms': 
23:35:22 INFO  : Checking for BSP changes to sync application flags for project 'mb_usb'...
23:35:22 WARN  : Failed to closehw "C:/Users/curti/OneDrive/Documents/UIUC/ECE-385/Vivado_Projects/lab_6_2/workspace/mb_usb_hdmi_top/export/mb_usb_hdmi_top/hw/mb_usb_hdmi_top.xsa"
Reason: Cannot close hw design 'C:/Users/curti/OneDrive/Documents/UIUC/ECE-385/Vivado_Projects/lab_6_2/workspace/mb_usb_hdmi_top/export/mb_usb_hdmi_top/hw/mb_usb_hdmi_top.xsa'.
Design is not opened in the current session.

23:35:27 INFO  : The hardware specification used by project 'mb_usb' is out of sync with the platform. Resource files extracted from the hardware specification will be updated.
23:35:27 INFO  : The file 'C:\Users\curti\OneDrive\Documents\UIUC\ECE-385\Vivado_Projects\lab_6_2\workspace\mb_usb\_ide\bitstream\mb_usb_hdmi_top.bit' stored in project is removed.
23:35:27 INFO  : The file 'C:\Users\curti\OneDrive\Documents\UIUC\ECE-385\Vivado_Projects\lab_6_2\workspace\mb_usb\_ide\bitstream\mb_usb_hdmi_top.mmi' stored in project is removed.
23:35:27 INFO  : The updated bitstream files are copied from platform to folder 'C:\Users\curti\OneDrive\Documents\UIUC\ECE-385\Vivado_Projects\lab_6_2\workspace\mb_usb\_ide\bitstream' in project 'mb_usb'.
23:36:09 INFO  : Connected to target on host '127.0.0.1' and port '3121'.
23:36:10 INFO  : Jtag cable 'RealDigital Boo 887100000005A' is selected.
23:36:10 INFO  : 'jtag frequency' command is executed.
23:36:10 INFO  : 'targets -set -filter {jtag_cable_name =~ "RealDigital Boo 887100000005A" && level==0 && jtag_device_ctx=="jsn1-0362f093-0"}' command is executed.
23:36:11 INFO  : Device configured successfully with "C:/Users/curti/OneDrive/Documents/UIUC/ECE-385/Vivado_Projects/lab_6_2/workspace/mb_usb/_ide/bitstream/mb_usb_hdmi_top.bit"
23:36:11 INFO  : Context for processor 'microblaze_0' is selected.
23:36:11 INFO  : Hardware design and registers information is loaded from 'C:/Users/curti/OneDrive/Documents/UIUC/ECE-385/Vivado_Projects/lab_6_2/workspace/mb_usb_hdmi_top/export/mb_usb_hdmi_top/hw/mb_usb_hdmi_top.xsa'.
23:36:11 INFO  : 'configparams mdm-detect-bscan-mask 2' command is executed.
23:36:11 INFO  : Context for processor 'microblaze_0' is selected.
23:36:11 INFO  : System reset is completed.
23:36:14 INFO  : 'after 3000' command is executed.
23:36:14 INFO  : Context for processor 'microblaze_0' is selected.
23:36:14 INFO  : The application 'C:/Users/curti/OneDrive/Documents/UIUC/ECE-385/Vivado_Projects/lab_6_2/workspace/mb_usb/Debug/mb_usb.elf' is downloaded to processor 'microblaze_0'.
23:36:14 INFO  : ----------------XSDB Script----------------
connect -url tcp:127.0.0.1:3121
targets -set -filter {jtag_cable_name =~ "RealDigital Boo 887100000005A" && level==0 && jtag_device_ctx=="jsn1-0362f093-0"}
fpga -file C:/Users/curti/OneDrive/Documents/UIUC/ECE-385/Vivado_Projects/lab_6_2/workspace/mb_usb/_ide/bitstream/mb_usb_hdmi_top.bit
targets -set -nocase -filter {name =~ "*microblaze*#0" && bscan=="USER2" }
loadhw -hw C:/Users/curti/OneDrive/Documents/UIUC/ECE-385/Vivado_Projects/lab_6_2/workspace/mb_usb_hdmi_top/export/mb_usb_hdmi_top/hw/mb_usb_hdmi_top.xsa -regs
configparams mdm-detect-bscan-mask 2
targets -set -nocase -filter {name =~ "*microblaze*#0" && bscan=="USER2" }
rst -system
after 3000
targets -set -nocase -filter {name =~ "*microblaze*#0" && bscan=="USER2" }
dow C:/Users/curti/OneDrive/Documents/UIUC/ECE-385/Vivado_Projects/lab_6_2/workspace/mb_usb/Debug/mb_usb.elf
----------------End of Script----------------

23:36:14 INFO  : Context for processor 'microblaze_0' is selected.
23:36:14 INFO  : 'con' command is executed.
23:36:14 INFO  : ----------------XSDB Script (After Launch)----------------
targets -set -nocase -filter {name =~ "*microblaze*#0" && bscan=="USER2" }
con
----------------End of Script----------------

23:36:14 INFO  : Disconnected from the channel tcfchan#12.
23:48:43 INFO  : Hardware specification for platform project 'mb_usb_hdmi_top' is updated.
23:48:51 INFO  : Result from executing command 'removePlatformRepo': 
23:49:07 INFO  : Result from executing command 'getProjects': mb_usb_hdmi_top
23:49:07 INFO  : Result from executing command 'getPlatforms': 
23:49:07 INFO  : Checking for BSP changes to sync application flags for project 'mb_usb'...
23:49:11 INFO  : The hardware specification used by project 'mb_usb' is out of sync with the platform. Resource files extracted from the hardware specification will be updated.
23:49:11 INFO  : The file 'C:\Users\curti\OneDrive\Documents\UIUC\ECE-385\Vivado_Projects\lab_6_2\workspace\mb_usb\_ide\bitstream\mb_usb_hdmi_top.bit' stored in project is removed.
23:49:11 INFO  : The file 'C:\Users\curti\OneDrive\Documents\UIUC\ECE-385\Vivado_Projects\lab_6_2\workspace\mb_usb\_ide\bitstream\mb_usb_hdmi_top.mmi' stored in project is removed.
23:49:11 INFO  : The updated bitstream files are copied from platform to folder 'C:\Users\curti\OneDrive\Documents\UIUC\ECE-385\Vivado_Projects\lab_6_2\workspace\mb_usb\_ide\bitstream' in project 'mb_usb'.
23:49:22 INFO  : Connected to target on host '127.0.0.1' and port '3121'.
23:49:22 INFO  : Jtag cable 'RealDigital Boo 887100000005A' is selected.
23:49:22 INFO  : 'jtag frequency' command is executed.
23:49:23 INFO  : 'targets -set -filter {jtag_cable_name =~ "RealDigital Boo 887100000005A" && level==0 && jtag_device_ctx=="jsn1-0362f093-0"}' command is executed.
23:49:24 INFO  : Device configured successfully with "C:/Users/curti/OneDrive/Documents/UIUC/ECE-385/Vivado_Projects/lab_6_2/workspace/mb_usb/_ide/bitstream/mb_usb_hdmi_top.bit"
23:49:24 INFO  : Context for processor 'microblaze_0' is selected.
23:49:24 INFO  : Hardware design and registers information is loaded from 'C:/Users/curti/OneDrive/Documents/UIUC/ECE-385/Vivado_Projects/lab_6_2/workspace/mb_usb_hdmi_top/export/mb_usb_hdmi_top/hw/mb_usb_hdmi_top.xsa'.
23:49:24 INFO  : 'configparams mdm-detect-bscan-mask 2' command is executed.
23:49:24 INFO  : Context for processor 'microblaze_0' is selected.
23:49:24 INFO  : System reset is completed.
23:49:27 INFO  : 'after 3000' command is executed.
23:49:27 INFO  : Context for processor 'microblaze_0' is selected.
23:49:27 INFO  : The application 'C:/Users/curti/OneDrive/Documents/UIUC/ECE-385/Vivado_Projects/lab_6_2/workspace/mb_usb/Debug/mb_usb.elf' is downloaded to processor 'microblaze_0'.
23:49:27 INFO  : ----------------XSDB Script----------------
connect -url tcp:127.0.0.1:3121
targets -set -filter {jtag_cable_name =~ "RealDigital Boo 887100000005A" && level==0 && jtag_device_ctx=="jsn1-0362f093-0"}
fpga -file C:/Users/curti/OneDrive/Documents/UIUC/ECE-385/Vivado_Projects/lab_6_2/workspace/mb_usb/_ide/bitstream/mb_usb_hdmi_top.bit
targets -set -nocase -filter {name =~ "*microblaze*#0" && bscan=="USER2" }
loadhw -hw C:/Users/curti/OneDrive/Documents/UIUC/ECE-385/Vivado_Projects/lab_6_2/workspace/mb_usb_hdmi_top/export/mb_usb_hdmi_top/hw/mb_usb_hdmi_top.xsa -regs
configparams mdm-detect-bscan-mask 2
targets -set -nocase -filter {name =~ "*microblaze*#0" && bscan=="USER2" }
rst -system
after 3000
targets -set -nocase -filter {name =~ "*microblaze*#0" && bscan=="USER2" }
dow C:/Users/curti/OneDrive/Documents/UIUC/ECE-385/Vivado_Projects/lab_6_2/workspace/mb_usb/Debug/mb_usb.elf
----------------End of Script----------------

23:49:27 INFO  : Context for processor 'microblaze_0' is selected.
23:49:27 INFO  : 'con' command is executed.
23:49:27 INFO  : ----------------XSDB Script (After Launch)----------------
targets -set -nocase -filter {name =~ "*microblaze*#0" && bscan=="USER2" }
con
----------------End of Script----------------

23:49:27 INFO  : Disconnected from the channel tcfchan#15.
23:49:42 INFO  : Connected to target on host '127.0.0.1' and port '3121'.
23:49:42 INFO  : Jtag cable 'RealDigital Boo 887100000005A' is selected.
23:49:42 INFO  : 'jtag frequency' command is executed.
23:49:42 INFO  : 'targets -set -filter {jtag_cable_name =~ "RealDigital Boo 887100000005A" && level==0 && jtag_device_ctx=="jsn1-0362f093-0"}' command is executed.
23:49:44 INFO  : Device configured successfully with "C:/Users/curti/OneDrive/Documents/UIUC/ECE-385/Vivado_Projects/lab_6_2/workspace/mb_usb/_ide/bitstream/mb_usb_hdmi_top.bit"
23:49:44 INFO  : Context for processor 'microblaze_0' is selected.
23:49:44 INFO  : Hardware design and registers information is loaded from 'C:/Users/curti/OneDrive/Documents/UIUC/ECE-385/Vivado_Projects/lab_6_2/workspace/mb_usb_hdmi_top/export/mb_usb_hdmi_top/hw/mb_usb_hdmi_top.xsa'.
23:49:44 INFO  : 'configparams mdm-detect-bscan-mask 2' command is executed.
23:49:44 INFO  : Context for processor 'microblaze_0' is selected.
23:49:44 INFO  : System reset is completed.
23:49:47 INFO  : 'after 3000' command is executed.
23:49:47 INFO  : Context for processor 'microblaze_0' is selected.
23:49:47 INFO  : The application 'C:/Users/curti/OneDrive/Documents/UIUC/ECE-385/Vivado_Projects/lab_6_2/workspace/mb_usb/Debug/mb_usb.elf' is downloaded to processor 'microblaze_0'.
23:49:47 INFO  : ----------------XSDB Script----------------
connect -url tcp:127.0.0.1:3121
targets -set -filter {jtag_cable_name =~ "RealDigital Boo 887100000005A" && level==0 && jtag_device_ctx=="jsn1-0362f093-0"}
fpga -file C:/Users/curti/OneDrive/Documents/UIUC/ECE-385/Vivado_Projects/lab_6_2/workspace/mb_usb/_ide/bitstream/mb_usb_hdmi_top.bit
targets -set -nocase -filter {name =~ "*microblaze*#0" && bscan=="USER2" }
loadhw -hw C:/Users/curti/OneDrive/Documents/UIUC/ECE-385/Vivado_Projects/lab_6_2/workspace/mb_usb_hdmi_top/export/mb_usb_hdmi_top/hw/mb_usb_hdmi_top.xsa -regs
configparams mdm-detect-bscan-mask 2
targets -set -nocase -filter {name =~ "*microblaze*#0" && bscan=="USER2" }
rst -system
after 3000
targets -set -nocase -filter {name =~ "*microblaze*#0" && bscan=="USER2" }
dow C:/Users/curti/OneDrive/Documents/UIUC/ECE-385/Vivado_Projects/lab_6_2/workspace/mb_usb/Debug/mb_usb.elf
----------------End of Script----------------

23:49:47 INFO  : Context for processor 'microblaze_0' is selected.
23:49:47 INFO  : 'con' command is executed.
23:49:47 INFO  : ----------------XSDB Script (After Launch)----------------
targets -set -nocase -filter {name =~ "*microblaze*#0" && bscan=="USER2" }
con
----------------End of Script----------------

23:49:47 INFO  : Disconnected from the channel tcfchan#16.
23:50:36 INFO  : Hardware specification for platform project 'mb_usb_hdmi_top' is updated.
23:50:42 INFO  : Result from executing command 'removePlatformRepo': 
23:51:00 INFO  : Result from executing command 'getProjects': mb_usb_hdmi_top
23:51:00 INFO  : Result from executing command 'getPlatforms': 
23:51:01 INFO  : Checking for BSP changes to sync application flags for project 'mb_usb'...
23:51:08 INFO  : Connected to target on host '127.0.0.1' and port '3121'.
23:51:09 INFO  : Jtag cable 'RealDigital Boo 887100000005A' is selected.
23:51:09 INFO  : 'jtag frequency' command is executed.
23:51:09 INFO  : 'targets -set -filter {jtag_cable_name =~ "RealDigital Boo 887100000005A" && level==0 && jtag_device_ctx=="jsn1-0362f093-0"}' command is executed.
23:51:10 INFO  : Device configured successfully with "C:/Users/curti/OneDrive/Documents/UIUC/ECE-385/Vivado_Projects/lab_6_2/workspace/mb_usb/_ide/bitstream/mb_usb_hdmi_top.bit"
23:51:10 INFO  : Context for processor 'microblaze_0' is selected.
23:51:10 INFO  : Hardware design and registers information is loaded from 'C:/Users/curti/OneDrive/Documents/UIUC/ECE-385/Vivado_Projects/lab_6_2/workspace/mb_usb_hdmi_top/export/mb_usb_hdmi_top/hw/mb_usb_hdmi_top.xsa'.
23:51:10 INFO  : 'configparams mdm-detect-bscan-mask 2' command is executed.
23:51:10 INFO  : Context for processor 'microblaze_0' is selected.
23:51:10 INFO  : System reset is completed.
23:51:13 INFO  : 'after 3000' command is executed.
23:51:13 INFO  : Context for processor 'microblaze_0' is selected.
23:51:14 INFO  : The application 'C:/Users/curti/OneDrive/Documents/UIUC/ECE-385/Vivado_Projects/lab_6_2/workspace/mb_usb/Debug/mb_usb.elf' is downloaded to processor 'microblaze_0'.
23:51:14 INFO  : ----------------XSDB Script----------------
connect -url tcp:127.0.0.1:3121
targets -set -filter {jtag_cable_name =~ "RealDigital Boo 887100000005A" && level==0 && jtag_device_ctx=="jsn1-0362f093-0"}
fpga -file C:/Users/curti/OneDrive/Documents/UIUC/ECE-385/Vivado_Projects/lab_6_2/workspace/mb_usb/_ide/bitstream/mb_usb_hdmi_top.bit
targets -set -nocase -filter {name =~ "*microblaze*#0" && bscan=="USER2" }
loadhw -hw C:/Users/curti/OneDrive/Documents/UIUC/ECE-385/Vivado_Projects/lab_6_2/workspace/mb_usb_hdmi_top/export/mb_usb_hdmi_top/hw/mb_usb_hdmi_top.xsa -regs
configparams mdm-detect-bscan-mask 2
targets -set -nocase -filter {name =~ "*microblaze*#0" && bscan=="USER2" }
rst -system
after 3000
targets -set -nocase -filter {name =~ "*microblaze*#0" && bscan=="USER2" }
dow C:/Users/curti/OneDrive/Documents/UIUC/ECE-385/Vivado_Projects/lab_6_2/workspace/mb_usb/Debug/mb_usb.elf
----------------End of Script----------------

23:51:14 INFO  : Context for processor 'microblaze_0' is selected.
23:51:14 INFO  : 'con' command is executed.
23:51:14 INFO  : ----------------XSDB Script (After Launch)----------------
targets -set -nocase -filter {name =~ "*microblaze*#0" && bscan=="USER2" }
con
----------------End of Script----------------

23:51:14 INFO  : Disconnected from the channel tcfchan#19.
00:00:39 INFO  : Hardware specification for platform project 'mb_usb_hdmi_top' is updated.
00:00:52 INFO  : Result from executing command 'removePlatformRepo': 
00:00:57 ERROR : Invalid hardware specification '${sdxTcfLaunchFile:project=mb_usb;fileType=hw;}' in launch configuration 'Debugger_mb_usb-GDB'.
00:02:10 DEBUG : Logs will be stored at 'C:/Users/curti/OneDrive/Documents/UIUC/ECE-385/Vivado_Projects/lab_6_2/workspace/IDE.log'.
00:02:13 INFO  : Launching XSCT server: xsct.bat -n  -interactive C:\Users\curti\OneDrive\Documents\UIUC\ECE-385\Vivado_Projects\lab_6_2\workspace\temp_xsdb_launch_script.tcl
00:02:18 INFO  : XSCT server has started successfully.
00:02:18 INFO  : plnx-install-location is set to ''
00:02:18 INFO  : Successfully done setting XSCT server connection channel  
00:02:18 INFO  : Successfully done setting workspace for the tool. 
00:02:27 INFO  : Platform repository initialization has completed.
00:02:27 INFO  : Registering command handlers for Vitis TCF services
00:02:28 INFO  : Successfully done query RDI_DATADIR 
00:02:28 ERROR : Invalid hardware specification '${sdxTcfLaunchFile:project=mb_usb;fileType=hw;}' in launch configuration 'Debugger_mb_usb-GDB'.
00:02:31 ERROR : Invalid hardware specification '${sdxTcfLaunchFile:project=mb_usb;fileType=hw;}' in launch configuration 'Debugger_mb_usb-GDB'.
00:04:23 DEBUG : Logs will be stored at 'C:/Users/curti/OneDrive/Documents/UIUC/ECE-385/Vivado_Projects/lab_6_2/workspace/IDE.log'.
00:04:25 INFO  : Launching XSCT server: xsct.bat -n  -interactive C:\Users\curti\OneDrive\Documents\UIUC\ECE-385\Vivado_Projects\lab_6_2\workspace\temp_xsdb_launch_script.tcl
00:04:29 INFO  : XSCT server has started successfully.
00:04:29 INFO  : plnx-install-location is set to ''
00:04:29 INFO  : Successfully done setting XSCT server connection channel  
00:04:29 INFO  : Successfully done setting workspace for the tool. 
00:04:34 INFO  : Platform repository initialization has completed.
00:04:34 INFO  : Successfully done query RDI_DATADIR 
00:04:35 INFO  : Registering command handlers for Vitis TCF services
00:04:47 ERROR : Invalid hardware specification '${sdxTcfLaunchFile:project=mb_usb;fileType=hw;}' in launch configuration 'Debugger_mb_usb-GDB'.
00:05:07 ERROR : Invalid hardware specification '${sdxTcfLaunchFile:project=mb_usb;fileType=hw;}' in launch configuration 'Debugger_mb_usb-GDB'.
00:05:24 INFO  : Hardware specification for platform project 'mb_usb_hdmi_top' is updated.
00:05:31 ERROR : Error from executing command 'removePlatformRepo': ERROR: No valid directory exists at given path.
00:05:47 INFO  : Result from executing command 'getProjects': mb_usb_hdmi_top
00:05:47 INFO  : Result from executing command 'getPlatforms': 
00:05:47 INFO  : Checking for BSP changes to sync application flags for project 'mb_usb'...
00:05:53 INFO  : The hardware specification used by project 'mb_usb' is out of sync with the platform. Resource files extracted from the hardware specification will be updated.
00:05:53 INFO  : The file 'C:\Users\curti\OneDrive\Documents\UIUC\ECE-385\Vivado_Projects\lab_6_2\workspace\mb_usb\_ide\bitstream\mb_usb_hdmi_top.bit' stored in project is removed.
00:05:53 INFO  : The file 'C:\Users\curti\OneDrive\Documents\UIUC\ECE-385\Vivado_Projects\lab_6_2\workspace\mb_usb\_ide\bitstream\mb_usb_hdmi_top.mmi' stored in project is removed.
00:05:53 INFO  : The updated bitstream files are copied from platform to folder 'C:\Users\curti\OneDrive\Documents\UIUC\ECE-385\Vivado_Projects\lab_6_2\workspace\mb_usb\_ide\bitstream' in project 'mb_usb'.
00:05:58 INFO  : Connected to target on host '127.0.0.1' and port '3121'.
00:05:59 INFO  : Jtag cable 'RealDigital Boo 887100000005A' is selected.
00:05:59 INFO  : 'jtag frequency' command is executed.
00:05:59 INFO  : 'targets -set -filter {jtag_cable_name =~ "RealDigital Boo 887100000005A" && level==0 && jtag_device_ctx=="jsn1-0362f093-0"}' command is executed.
00:06:00 INFO  : Device configured successfully with "C:/Users/curti/OneDrive/Documents/UIUC/ECE-385/Vivado_Projects/lab_6_2/workspace/mb_usb/_ide/bitstream/mb_usb_hdmi_top.bit"
00:06:00 INFO  : Context for processor 'microblaze_0' is selected.
00:06:00 INFO  : Hardware design and registers information is loaded from 'C:/Users/curti/OneDrive/Documents/UIUC/ECE-385/Vivado_Projects/lab_6_2/workspace/mb_usb_hdmi_top/export/mb_usb_hdmi_top/hw/mb_usb_hdmi_top.xsa'.
00:06:00 INFO  : 'configparams mdm-detect-bscan-mask 2' command is executed.
00:06:00 INFO  : Context for processor 'microblaze_0' is selected.
00:06:01 INFO  : System reset is completed.
00:06:04 INFO  : 'after 3000' command is executed.
00:06:04 INFO  : Context for processor 'microblaze_0' is selected.
00:06:04 INFO  : The application 'C:/Users/curti/OneDrive/Documents/UIUC/ECE-385/Vivado_Projects/lab_6_2/workspace/mb_usb/Debug/mb_usb.elf' is downloaded to processor 'microblaze_0'.
00:06:04 INFO  : ----------------XSDB Script----------------
connect -url tcp:127.0.0.1:3121
targets -set -filter {jtag_cable_name =~ "RealDigital Boo 887100000005A" && level==0 && jtag_device_ctx=="jsn1-0362f093-0"}
fpga -file C:/Users/curti/OneDrive/Documents/UIUC/ECE-385/Vivado_Projects/lab_6_2/workspace/mb_usb/_ide/bitstream/mb_usb_hdmi_top.bit
targets -set -nocase -filter {name =~ "*microblaze*#0" && bscan=="USER2" }
loadhw -hw C:/Users/curti/OneDrive/Documents/UIUC/ECE-385/Vivado_Projects/lab_6_2/workspace/mb_usb_hdmi_top/export/mb_usb_hdmi_top/hw/mb_usb_hdmi_top.xsa -regs
configparams mdm-detect-bscan-mask 2
targets -set -nocase -filter {name =~ "*microblaze*#0" && bscan=="USER2" }
rst -system
after 3000
targets -set -nocase -filter {name =~ "*microblaze*#0" && bscan=="USER2" }
dow C:/Users/curti/OneDrive/Documents/UIUC/ECE-385/Vivado_Projects/lab_6_2/workspace/mb_usb/Debug/mb_usb.elf
----------------End of Script----------------

00:06:04 INFO  : Context for processor 'microblaze_0' is selected.
00:06:04 INFO  : 'con' command is executed.
00:06:04 INFO  : ----------------XSDB Script (After Launch)----------------
targets -set -nocase -filter {name =~ "*microblaze*#0" && bscan=="USER2" }
con
----------------End of Script----------------

00:06:04 INFO  : Disconnected from the channel tcfchan#3.
13:44:33 DEBUG : Logs will be stored at 'C:/Users/curti/OneDrive/Documents/UIUC/ECE-385/Vivado_Projects/lab_6_2/workspace/IDE.log'.
13:44:34 INFO  : Launching XSCT server: xsct.bat -n  -interactive C:\Users\curti\OneDrive\Documents\UIUC\ECE-385\Vivado_Projects\lab_6_2\workspace\temp_xsdb_launch_script.tcl
13:44:40 INFO  : Registering command handlers for Vitis TCF services
13:44:40 INFO  : Platform repository initialization has completed.
13:44:42 INFO  : XSCT server has started successfully.
13:44:47 INFO  : plnx-install-location is set to ''
13:44:47 INFO  : Successfully done setting XSCT server connection channel  
13:44:47 INFO  : Successfully done query RDI_DATADIR 
13:44:47 INFO  : Successfully done setting workspace for the tool. 
13:47:50 INFO  : Checking for BSP changes to sync application flags for project 'mb_usb'...
13:48:02 INFO  : Connected to target on host '127.0.0.1' and port '3121'.
13:48:02 INFO  : Jtag cable 'RealDigital Boo 887100000005A' is selected.
13:48:02 INFO  : 'jtag frequency' command is executed.
13:48:02 INFO  : 'targets -set -filter {jtag_cable_name =~ "RealDigital Boo 887100000005A" && level==0 && jtag_device_ctx=="jsn1-0362f093-0"}' command is executed.
13:48:04 INFO  : Device configured successfully with "C:/Users/curti/OneDrive/Documents/UIUC/ECE-385/Vivado_Projects/lab_6_2/workspace/mb_usb/_ide/bitstream/mb_usb_hdmi_top.bit"
13:48:04 INFO  : Context for processor 'microblaze_0' is selected.
13:48:04 INFO  : Hardware design and registers information is loaded from 'C:/Users/curti/OneDrive/Documents/UIUC/ECE-385/Vivado_Projects/lab_6_2/workspace/mb_usb_hdmi_top/export/mb_usb_hdmi_top/hw/mb_usb_hdmi_top.xsa'.
13:48:04 INFO  : 'configparams mdm-detect-bscan-mask 2' command is executed.
13:48:04 INFO  : Context for processor 'microblaze_0' is selected.
13:48:04 INFO  : System reset is completed.
13:48:07 INFO  : 'after 3000' command is executed.
13:48:07 INFO  : Context for processor 'microblaze_0' is selected.
13:48:07 INFO  : The application 'C:/Users/curti/OneDrive/Documents/UIUC/ECE-385/Vivado_Projects/lab_6_2/workspace/mb_usb/Debug/mb_usb.elf' is downloaded to processor 'microblaze_0'.
13:48:07 INFO  : ----------------XSDB Script----------------
connect -url tcp:127.0.0.1:3121
targets -set -filter {jtag_cable_name =~ "RealDigital Boo 887100000005A" && level==0 && jtag_device_ctx=="jsn1-0362f093-0"}
fpga -file C:/Users/curti/OneDrive/Documents/UIUC/ECE-385/Vivado_Projects/lab_6_2/workspace/mb_usb/_ide/bitstream/mb_usb_hdmi_top.bit
targets -set -nocase -filter {name =~ "*microblaze*#0" && bscan=="USER2" }
loadhw -hw C:/Users/curti/OneDrive/Documents/UIUC/ECE-385/Vivado_Projects/lab_6_2/workspace/mb_usb_hdmi_top/export/mb_usb_hdmi_top/hw/mb_usb_hdmi_top.xsa -regs
configparams mdm-detect-bscan-mask 2
targets -set -nocase -filter {name =~ "*microblaze*#0" && bscan=="USER2" }
rst -system
after 3000
targets -set -nocase -filter {name =~ "*microblaze*#0" && bscan=="USER2" }
dow C:/Users/curti/OneDrive/Documents/UIUC/ECE-385/Vivado_Projects/lab_6_2/workspace/mb_usb/Debug/mb_usb.elf
----------------End of Script----------------

13:48:08 INFO  : Context for processor 'microblaze_0' is selected.
13:48:08 INFO  : 'con' command is executed.
13:48:08 INFO  : ----------------XSDB Script (After Launch)----------------
targets -set -nocase -filter {name =~ "*microblaze*#0" && bscan=="USER2" }
con
----------------End of Script----------------

13:48:08 INFO  : Disconnected from the channel tcfchan#1.
13:48:56 INFO  : Connected to target on host '127.0.0.1' and port '3121'.
13:48:56 INFO  : Jtag cable 'RealDigital Boo 887100000005A' is selected.
13:48:56 INFO  : 'jtag frequency' command is executed.
13:48:56 INFO  : 'targets -set -filter {jtag_cable_name =~ "RealDigital Boo 887100000005A" && level==0 && jtag_device_ctx=="jsn1-0362f093-0"}' command is executed.
13:48:58 INFO  : Device configured successfully with "C:/Users/curti/OneDrive/Documents/UIUC/ECE-385/Vivado_Projects/lab_6_2/workspace/mb_usb/_ide/bitstream/mb_usb_hdmi_top.bit"
13:48:58 INFO  : Context for processor 'microblaze_0' is selected.
13:48:58 INFO  : Hardware design and registers information is loaded from 'C:/Users/curti/OneDrive/Documents/UIUC/ECE-385/Vivado_Projects/lab_6_2/workspace/mb_usb_hdmi_top/export/mb_usb_hdmi_top/hw/mb_usb_hdmi_top.xsa'.
13:48:58 INFO  : 'configparams mdm-detect-bscan-mask 2' command is executed.
13:48:58 INFO  : Context for processor 'microblaze_0' is selected.
13:48:58 INFO  : System reset is completed.
13:49:01 INFO  : 'after 3000' command is executed.
13:49:01 INFO  : Context for processor 'microblaze_0' is selected.
13:49:02 INFO  : The application 'C:/Users/curti/OneDrive/Documents/UIUC/ECE-385/Vivado_Projects/lab_6_2/workspace/mb_usb/Debug/mb_usb.elf' is downloaded to processor 'microblaze_0'.
13:49:02 INFO  : ----------------XSDB Script----------------
connect -url tcp:127.0.0.1:3121
targets -set -filter {jtag_cable_name =~ "RealDigital Boo 887100000005A" && level==0 && jtag_device_ctx=="jsn1-0362f093-0"}
fpga -file C:/Users/curti/OneDrive/Documents/UIUC/ECE-385/Vivado_Projects/lab_6_2/workspace/mb_usb/_ide/bitstream/mb_usb_hdmi_top.bit
targets -set -nocase -filter {name =~ "*microblaze*#0" && bscan=="USER2" }
loadhw -hw C:/Users/curti/OneDrive/Documents/UIUC/ECE-385/Vivado_Projects/lab_6_2/workspace/mb_usb_hdmi_top/export/mb_usb_hdmi_top/hw/mb_usb_hdmi_top.xsa -regs
configparams mdm-detect-bscan-mask 2
targets -set -nocase -filter {name =~ "*microblaze*#0" && bscan=="USER2" }
rst -system
after 3000
targets -set -nocase -filter {name =~ "*microblaze*#0" && bscan=="USER2" }
dow C:/Users/curti/OneDrive/Documents/UIUC/ECE-385/Vivado_Projects/lab_6_2/workspace/mb_usb/Debug/mb_usb.elf
----------------End of Script----------------

13:49:02 INFO  : Context for processor 'microblaze_0' is selected.
13:49:02 INFO  : 'con' command is executed.
13:49:02 INFO  : ----------------XSDB Script (After Launch)----------------
targets -set -nocase -filter {name =~ "*microblaze*#0" && bscan=="USER2" }
con
----------------End of Script----------------

13:49:02 INFO  : Disconnected from the channel tcfchan#2.
13:49:41 INFO  : Result from executing command 'removePlatformRepo': 
13:49:58 INFO  : Result from executing command 'getProjects': mb_usb_hdmi_top
13:49:58 INFO  : Result from executing command 'getPlatforms': 
13:49:58 INFO  : Checking for BSP changes to sync application flags for project 'mb_usb'...
13:50:05 INFO  : Connected to target on host '127.0.0.1' and port '3121'.
13:50:06 INFO  : Jtag cable 'RealDigital Boo 887100000005A' is selected.
13:50:06 INFO  : 'jtag frequency' command is executed.
13:50:06 INFO  : 'targets -set -filter {jtag_cable_name =~ "RealDigital Boo 887100000005A" && level==0 && jtag_device_ctx=="jsn1-0362f093-0"}' command is executed.
13:50:07 INFO  : Device configured successfully with "C:/Users/curti/OneDrive/Documents/UIUC/ECE-385/Vivado_Projects/lab_6_2/workspace/mb_usb/_ide/bitstream/mb_usb_hdmi_top.bit"
13:50:07 INFO  : Context for processor 'microblaze_0' is selected.
13:50:07 INFO  : Hardware design and registers information is loaded from 'C:/Users/curti/OneDrive/Documents/UIUC/ECE-385/Vivado_Projects/lab_6_2/workspace/mb_usb_hdmi_top/export/mb_usb_hdmi_top/hw/mb_usb_hdmi_top.xsa'.
13:50:07 INFO  : 'configparams mdm-detect-bscan-mask 2' command is executed.
13:50:07 INFO  : Context for processor 'microblaze_0' is selected.
13:50:07 INFO  : System reset is completed.
13:50:10 INFO  : 'after 3000' command is executed.
13:50:10 INFO  : Context for processor 'microblaze_0' is selected.
13:50:11 INFO  : The application 'C:/Users/curti/OneDrive/Documents/UIUC/ECE-385/Vivado_Projects/lab_6_2/workspace/mb_usb/Debug/mb_usb.elf' is downloaded to processor 'microblaze_0'.
13:50:11 INFO  : ----------------XSDB Script----------------
connect -url tcp:127.0.0.1:3121
targets -set -filter {jtag_cable_name =~ "RealDigital Boo 887100000005A" && level==0 && jtag_device_ctx=="jsn1-0362f093-0"}
fpga -file C:/Users/curti/OneDrive/Documents/UIUC/ECE-385/Vivado_Projects/lab_6_2/workspace/mb_usb/_ide/bitstream/mb_usb_hdmi_top.bit
targets -set -nocase -filter {name =~ "*microblaze*#0" && bscan=="USER2" }
loadhw -hw C:/Users/curti/OneDrive/Documents/UIUC/ECE-385/Vivado_Projects/lab_6_2/workspace/mb_usb_hdmi_top/export/mb_usb_hdmi_top/hw/mb_usb_hdmi_top.xsa -regs
configparams mdm-detect-bscan-mask 2
targets -set -nocase -filter {name =~ "*microblaze*#0" && bscan=="USER2" }
rst -system
after 3000
targets -set -nocase -filter {name =~ "*microblaze*#0" && bscan=="USER2" }
dow C:/Users/curti/OneDrive/Documents/UIUC/ECE-385/Vivado_Projects/lab_6_2/workspace/mb_usb/Debug/mb_usb.elf
----------------End of Script----------------

13:50:11 INFO  : Context for processor 'microblaze_0' is selected.
13:50:11 INFO  : 'con' command is executed.
13:50:11 INFO  : ----------------XSDB Script (After Launch)----------------
targets -set -nocase -filter {name =~ "*microblaze*#0" && bscan=="USER2" }
con
----------------End of Script----------------

13:50:11 INFO  : Disconnected from the channel tcfchan#5.
13:50:56 INFO  : Hardware specification for platform project 'mb_usb_hdmi_top' is updated.
13:51:03 INFO  : Result from executing command 'removePlatformRepo': 
13:51:17 INFO  : Result from executing command 'getProjects': mb_usb_hdmi_top
13:51:17 INFO  : Result from executing command 'getPlatforms': 
13:51:17 INFO  : Checking for BSP changes to sync application flags for project 'mb_usb'...
13:51:22 INFO  : The hardware specification used by project 'mb_usb' is out of sync with the platform. Resource files extracted from the hardware specification will be updated.
13:51:22 INFO  : The file 'C:\Users\curti\OneDrive\Documents\UIUC\ECE-385\Vivado_Projects\lab_6_2\workspace\mb_usb\_ide\bitstream\mb_usb_hdmi_top.bit' stored in project is removed.
13:51:22 INFO  : The file 'C:\Users\curti\OneDrive\Documents\UIUC\ECE-385\Vivado_Projects\lab_6_2\workspace\mb_usb\_ide\bitstream\mb_usb_hdmi_top.mmi' stored in project is removed.
13:51:22 INFO  : The updated bitstream files are copied from platform to folder 'C:\Users\curti\OneDrive\Documents\UIUC\ECE-385\Vivado_Projects\lab_6_2\workspace\mb_usb\_ide\bitstream' in project 'mb_usb'.
13:51:34 INFO  : Connected to target on host '127.0.0.1' and port '3121'.
13:51:35 INFO  : Jtag cable 'RealDigital Boo 887100000005A' is selected.
13:51:35 INFO  : 'jtag frequency' command is executed.
13:51:35 INFO  : 'targets -set -filter {jtag_cable_name =~ "RealDigital Boo 887100000005A" && level==0 && jtag_device_ctx=="jsn1-0362f093-0"}' command is executed.
13:51:36 INFO  : Device configured successfully with "C:/Users/curti/OneDrive/Documents/UIUC/ECE-385/Vivado_Projects/lab_6_2/workspace/mb_usb/_ide/bitstream/mb_usb_hdmi_top.bit"
13:51:36 INFO  : Context for processor 'microblaze_0' is selected.
13:51:36 INFO  : Hardware design and registers information is loaded from 'C:/Users/curti/OneDrive/Documents/UIUC/ECE-385/Vivado_Projects/lab_6_2/workspace/mb_usb_hdmi_top/export/mb_usb_hdmi_top/hw/mb_usb_hdmi_top.xsa'.
13:51:36 INFO  : 'configparams mdm-detect-bscan-mask 2' command is executed.
13:51:36 INFO  : Context for processor 'microblaze_0' is selected.
13:51:36 INFO  : System reset is completed.
13:51:39 INFO  : 'after 3000' command is executed.
13:51:40 INFO  : Context for processor 'microblaze_0' is selected.
13:51:40 INFO  : The application 'C:/Users/curti/OneDrive/Documents/UIUC/ECE-385/Vivado_Projects/lab_6_2/workspace/mb_usb/Debug/mb_usb.elf' is downloaded to processor 'microblaze_0'.
13:51:40 INFO  : ----------------XSDB Script----------------
connect -url tcp:127.0.0.1:3121
targets -set -filter {jtag_cable_name =~ "RealDigital Boo 887100000005A" && level==0 && jtag_device_ctx=="jsn1-0362f093-0"}
fpga -file C:/Users/curti/OneDrive/Documents/UIUC/ECE-385/Vivado_Projects/lab_6_2/workspace/mb_usb/_ide/bitstream/mb_usb_hdmi_top.bit
targets -set -nocase -filter {name =~ "*microblaze*#0" && bscan=="USER2" }
loadhw -hw C:/Users/curti/OneDrive/Documents/UIUC/ECE-385/Vivado_Projects/lab_6_2/workspace/mb_usb_hdmi_top/export/mb_usb_hdmi_top/hw/mb_usb_hdmi_top.xsa -regs
configparams mdm-detect-bscan-mask 2
targets -set -nocase -filter {name =~ "*microblaze*#0" && bscan=="USER2" }
rst -system
after 3000
targets -set -nocase -filter {name =~ "*microblaze*#0" && bscan=="USER2" }
dow C:/Users/curti/OneDrive/Documents/UIUC/ECE-385/Vivado_Projects/lab_6_2/workspace/mb_usb/Debug/mb_usb.elf
----------------End of Script----------------

13:51:40 INFO  : Context for processor 'microblaze_0' is selected.
13:51:40 INFO  : 'con' command is executed.
13:51:40 INFO  : ----------------XSDB Script (After Launch)----------------
targets -set -nocase -filter {name =~ "*microblaze*#0" && bscan=="USER2" }
con
----------------End of Script----------------

13:51:40 INFO  : Disconnected from the channel tcfchan#8.
15:46:40 DEBUG : Logs will be stored at 'C:/Users/curti/OneDrive/Documents/UIUC/ECE-385/Vivado_Projects/lab_6_2/workspace/IDE.log'.
15:46:40 INFO  : Launching XSCT server: xsct.bat -n  -interactive C:\Users\curti\OneDrive\Documents\UIUC\ECE-385\Vivado_Projects\lab_6_2\workspace\temp_xsdb_launch_script.tcl
15:46:42 INFO  : XSCT server has started successfully.
15:46:42 INFO  : plnx-install-location is set to ''
15:46:42 INFO  : Successfully done setting XSCT server connection channel  
15:46:42 INFO  : Successfully done setting workspace for the tool. 
15:46:43 INFO  : Platform repository initialization has completed.
15:46:44 INFO  : Successfully done query RDI_DATADIR 
15:46:44 INFO  : Registering command handlers for Vitis TCF services
02:42:16 DEBUG : Logs will be stored at 'C:/Users/curti/OneDrive/Documents/UIUC/ECE-385/Vivado_Projects/lab_6_2/workspace/IDE.log'.
02:42:17 INFO  : Launching XSCT server: xsct.bat -n  -interactive C:\Users\curti\OneDrive\Documents\UIUC\ECE-385\Vivado_Projects\lab_6_2\workspace\temp_xsdb_launch_script.tcl
02:42:20 INFO  : XSCT server has started successfully.
02:42:20 INFO  : plnx-install-location is set to ''
02:42:20 INFO  : Successfully done setting XSCT server connection channel  
02:42:20 INFO  : Successfully done setting workspace for the tool. 
02:42:22 INFO  : Platform repository initialization has completed.
02:42:22 INFO  : Successfully done query RDI_DATADIR 
02:42:22 INFO  : Registering command handlers for Vitis TCF services
03:08:55 DEBUG : Logs will be stored at 'C:/Users/curti/OneDrive/Documents/UIUC/ECE-385/Vivado_Projects/lab_6_2/workspace/IDE.log'.
03:08:55 INFO  : Launching XSCT server: xsct.bat -n  -interactive C:\Users\curti\OneDrive\Documents\UIUC\ECE-385\Vivado_Projects\lab_6_2\workspace\temp_xsdb_launch_script.tcl
03:08:58 INFO  : XSCT server has started successfully.
03:08:58 INFO  : plnx-install-location is set to ''
03:08:58 INFO  : Successfully done setting XSCT server connection channel  
03:08:58 INFO  : Successfully done setting workspace for the tool. 
03:08:59 INFO  : Platform repository initialization has completed.
03:08:59 INFO  : Successfully done query RDI_DATADIR 
03:09:00 INFO  : Registering command handlers for Vitis TCF services
03:09:19 INFO  : Hardware specification for platform project 'mb_usb_hdmi_top' is updated.
03:09:30 INFO  : Result from executing command 'removePlatformRepo': 
03:09:34 ERROR : Error from executing command 'removePlatformRepo': ERROR: No valid directory exists at given path.
03:09:48 ERROR : Error from executing command 'removePlatformRepo': ERROR: No valid directory exists at given path.
03:09:56 ERROR : Error from executing command 'removePlatformRepo': ERROR: No valid directory exists at given path.
03:10:08 INFO  : Result from executing command 'getProjects': mb_usb_hdmi_top
03:10:08 INFO  : Result from executing command 'getPlatforms': 
03:10:08 INFO  : Checking for BSP changes to sync application flags for project 'mb_usb'...
03:10:12 INFO  : The hardware specification used by project 'mb_usb' is out of sync with the platform. Resource files extracted from the hardware specification will be updated.
03:10:12 INFO  : The file 'C:\Users\curti\OneDrive\Documents\UIUC\ECE-385\Vivado_Projects\lab_6_2\workspace\mb_usb\_ide\bitstream\mb_usb_hdmi_top.bit' stored in project is removed.
03:10:12 INFO  : The file 'C:\Users\curti\OneDrive\Documents\UIUC\ECE-385\Vivado_Projects\lab_6_2\workspace\mb_usb\_ide\bitstream\mb_usb_hdmi_top.mmi' stored in project is removed.
03:10:12 INFO  : The updated bitstream files are copied from platform to folder 'C:\Users\curti\OneDrive\Documents\UIUC\ECE-385\Vivado_Projects\lab_6_2\workspace\mb_usb\_ide\bitstream' in project 'mb_usb'.
03:10:20 INFO  : Connected to target on host '127.0.0.1' and port '3121'.
03:10:20 INFO  : Jtag cable 'RealDigital Boo 887100000006A' is selected.
03:10:20 INFO  : 'jtag frequency' command is executed.
03:10:20 INFO  : 'targets -set -filter {jtag_cable_name =~ "RealDigital Boo 887100000006A" && level==0 && jtag_device_ctx=="jsn1-0362f093-0"}' command is executed.
03:10:22 INFO  : Device configured successfully with "C:/Users/curti/OneDrive/Documents/UIUC/ECE-385/Vivado_Projects/lab_6_2/workspace/mb_usb/_ide/bitstream/mb_usb_hdmi_top.bit"
03:10:22 INFO  : Context for processor 'microblaze_0' is selected.
03:10:22 INFO  : Hardware design and registers information is loaded from 'C:/Users/curti/OneDrive/Documents/UIUC/ECE-385/Vivado_Projects/lab_6_2/workspace/mb_usb_hdmi_top/export/mb_usb_hdmi_top/hw/mb_usb_hdmi_top.xsa'.
03:10:22 INFO  : 'configparams mdm-detect-bscan-mask 2' command is executed.
03:10:22 INFO  : Context for processor 'microblaze_0' is selected.
03:10:22 INFO  : System reset is completed.
03:10:25 INFO  : 'after 3000' command is executed.
03:10:25 INFO  : Context for processor 'microblaze_0' is selected.
03:10:25 INFO  : The application 'C:/Users/curti/OneDrive/Documents/UIUC/ECE-385/Vivado_Projects/lab_6_2/workspace/mb_usb/Debug/mb_usb.elf' is downloaded to processor 'microblaze_0'.
03:10:25 INFO  : ----------------XSDB Script----------------
connect -url tcp:127.0.0.1:3121
targets -set -filter {jtag_cable_name =~ "RealDigital Boo 887100000006A" && level==0 && jtag_device_ctx=="jsn1-0362f093-0"}
fpga -file C:/Users/curti/OneDrive/Documents/UIUC/ECE-385/Vivado_Projects/lab_6_2/workspace/mb_usb/_ide/bitstream/mb_usb_hdmi_top.bit
targets -set -nocase -filter {name =~ "*microblaze*#0" && bscan=="USER2" }
loadhw -hw C:/Users/curti/OneDrive/Documents/UIUC/ECE-385/Vivado_Projects/lab_6_2/workspace/mb_usb_hdmi_top/export/mb_usb_hdmi_top/hw/mb_usb_hdmi_top.xsa -regs
configparams mdm-detect-bscan-mask 2
targets -set -nocase -filter {name =~ "*microblaze*#0" && bscan=="USER2" }
rst -system
after 3000
targets -set -nocase -filter {name =~ "*microblaze*#0" && bscan=="USER2" }
dow C:/Users/curti/OneDrive/Documents/UIUC/ECE-385/Vivado_Projects/lab_6_2/workspace/mb_usb/Debug/mb_usb.elf
----------------End of Script----------------

03:10:25 INFO  : Context for processor 'microblaze_0' is selected.
03:10:25 INFO  : 'con' command is executed.
03:10:25 INFO  : ----------------XSDB Script (After Launch)----------------
targets -set -nocase -filter {name =~ "*microblaze*#0" && bscan=="USER2" }
con
----------------End of Script----------------

03:10:25 INFO  : Disconnected from the channel tcfchan#6.
03:12:10 DEBUG : Logs will be stored at 'C:/Users/curti/OneDrive/Documents/UIUC/ECE-385/Vivado_Projects/lab_6_2/workspace/IDE.log'.
03:12:11 INFO  : Launching XSCT server: xsct.bat -n  -interactive C:\Users\curti\OneDrive\Documents\UIUC\ECE-385\Vivado_Projects\lab_6_2\workspace\temp_xsdb_launch_script.tcl
03:12:14 INFO  : XSCT server has started successfully.
03:12:14 INFO  : plnx-install-location is set to ''
03:12:14 INFO  : Successfully done setting XSCT server connection channel  
03:12:14 INFO  : Successfully done setting workspace for the tool. 
03:12:15 INFO  : Platform repository initialization has completed.
03:12:16 INFO  : Successfully done query RDI_DATADIR 
03:12:16 INFO  : Registering command handlers for Vitis TCF services
03:13:39 DEBUG : Logs will be stored at 'C:/Users/curti/OneDrive/Documents/UIUC/ECE-385/Vivado_Projects/lab_6_2/workspace/IDE.log'.
03:13:40 INFO  : Launching XSCT server: xsct.bat -n  -interactive C:\Users\curti\OneDrive\Documents\UIUC\ECE-385\Vivado_Projects\lab_6_2\workspace\temp_xsdb_launch_script.tcl
03:13:43 INFO  : XSCT server has started successfully.
03:13:43 INFO  : plnx-install-location is set to ''
03:13:43 INFO  : Successfully done setting XSCT server connection channel  
03:13:43 INFO  : Successfully done setting workspace for the tool. 
03:13:44 INFO  : Platform repository initialization has completed.
03:13:44 INFO  : Registering command handlers for Vitis TCF services
03:13:44 INFO  : Successfully done query RDI_DATADIR 
03:13:54 INFO  : Connected to target on host '127.0.0.1' and port '3121'.
03:13:55 INFO  : Jtag cable 'RealDigital Boo 887100000006A' is selected.
03:13:55 INFO  : 'jtag frequency' command is executed.
03:13:55 INFO  : 'targets -set -filter {jtag_cable_name =~ "RealDigital Boo 887100000006A" && level==0 && jtag_device_ctx=="jsn1-0362f093-0"}' command is executed.
03:13:56 INFO  : Device configured successfully with "C:/Users/curti/OneDrive/Documents/UIUC/ECE-385/Vivado_Projects/lab_6_2/workspace/mb_usb/_ide/bitstream/mb_usb_hdmi_top.bit"
03:13:56 INFO  : Context for processor 'microblaze_0' is selected.
03:13:56 INFO  : Hardware design and registers information is loaded from 'C:/Users/curti/OneDrive/Documents/UIUC/ECE-385/Vivado_Projects/lab_6_2/workspace/mb_usb_hdmi_top/export/mb_usb_hdmi_top/hw/mb_usb_hdmi_top.xsa'.
03:13:56 INFO  : 'configparams mdm-detect-bscan-mask 2' command is executed.
03:13:56 INFO  : Context for processor 'microblaze_0' is selected.
03:13:56 INFO  : System reset is completed.
03:13:59 INFO  : 'after 3000' command is executed.
03:14:00 INFO  : Context for processor 'microblaze_0' is selected.
03:14:00 INFO  : The application 'C:/Users/curti/OneDrive/Documents/UIUC/ECE-385/Vivado_Projects/lab_6_2/workspace/mb_usb/Debug/mb_usb.elf' is downloaded to processor 'microblaze_0'.
03:14:00 INFO  : ----------------XSDB Script----------------
connect -url tcp:127.0.0.1:3121
targets -set -filter {jtag_cable_name =~ "RealDigital Boo 887100000006A" && level==0 && jtag_device_ctx=="jsn1-0362f093-0"}
fpga -file C:/Users/curti/OneDrive/Documents/UIUC/ECE-385/Vivado_Projects/lab_6_2/workspace/mb_usb/_ide/bitstream/mb_usb_hdmi_top.bit
targets -set -nocase -filter {name =~ "*microblaze*#0" && bscan=="USER2" }
loadhw -hw C:/Users/curti/OneDrive/Documents/UIUC/ECE-385/Vivado_Projects/lab_6_2/workspace/mb_usb_hdmi_top/export/mb_usb_hdmi_top/hw/mb_usb_hdmi_top.xsa -regs
configparams mdm-detect-bscan-mask 2
targets -set -nocase -filter {name =~ "*microblaze*#0" && bscan=="USER2" }
rst -system
after 3000
targets -set -nocase -filter {name =~ "*microblaze*#0" && bscan=="USER2" }
dow C:/Users/curti/OneDrive/Documents/UIUC/ECE-385/Vivado_Projects/lab_6_2/workspace/mb_usb/Debug/mb_usb.elf
----------------End of Script----------------

03:14:00 INFO  : Context for processor 'microblaze_0' is selected.
03:14:00 INFO  : 'con' command is executed.
03:14:00 INFO  : ----------------XSDB Script (After Launch)----------------
targets -set -nocase -filter {name =~ "*microblaze*#0" && bscan=="USER2" }
con
----------------End of Script----------------

03:14:00 INFO  : Disconnected from the channel tcfchan#1.
03:15:30 DEBUG : Logs will be stored at 'C:/Users/curti/OneDrive/Documents/UIUC/ECE-385/Vivado_Projects/lab_6_2/workspace/IDE.log'.
03:15:31 INFO  : Launching XSCT server: xsct.bat -n  -interactive C:\Users\curti\OneDrive\Documents\UIUC\ECE-385\Vivado_Projects\lab_6_2\workspace\temp_xsdb_launch_script.tcl
03:15:34 INFO  : XSCT server has started successfully.
03:15:34 INFO  : Successfully done setting XSCT server connection channel  
03:15:34 INFO  : plnx-install-location is set to ''
03:15:34 INFO  : Successfully done setting workspace for the tool. 
03:15:36 INFO  : Platform repository initialization has completed.
03:15:36 INFO  : Successfully done query RDI_DATADIR 
03:15:37 INFO  : Registering command handlers for Vitis TCF services
03:16:16 INFO  : Hardware specification for platform project 'mb_usb_hdmi_top' is updated.
03:16:24 INFO  : Result from executing command 'removePlatformRepo': 
03:16:27 ERROR : Error from executing command 'removePlatformRepo': ERROR: No valid directory exists at given path.
03:16:51 ERROR : Error from executing command 'removePlatformRepo': ERROR: No valid directory exists at given path.
03:16:54 ERROR : Error from executing command 'removePlatformRepo': ERROR: No valid directory exists at given path.
03:17:02 INFO  : Hardware specification for platform project 'mb_usb_hdmi_top' is updated.
03:17:14 INFO  : Result from executing command 'getProjects': mb_usb_hdmi_top
03:17:14 INFO  : Result from executing command 'getPlatforms': 
03:17:14 INFO  : Checking for BSP changes to sync application flags for project 'mb_usb'...
03:17:17 INFO  : The hardware specification used by project 'mb_usb' is out of sync with the platform. Resource files extracted from the hardware specification will be updated.
03:17:17 INFO  : The file 'C:\Users\curti\OneDrive\Documents\UIUC\ECE-385\Vivado_Projects\lab_6_2\workspace\mb_usb\_ide\bitstream\mb_usb_hdmi_top.bit' stored in project is removed.
03:17:17 INFO  : The file 'C:\Users\curti\OneDrive\Documents\UIUC\ECE-385\Vivado_Projects\lab_6_2\workspace\mb_usb\_ide\bitstream\mb_usb_hdmi_top.mmi' stored in project is removed.
03:17:17 INFO  : The updated bitstream files are copied from platform to folder 'C:\Users\curti\OneDrive\Documents\UIUC\ECE-385\Vivado_Projects\lab_6_2\workspace\mb_usb\_ide\bitstream' in project 'mb_usb'.
03:17:24 INFO  : Connected to target on host '127.0.0.1' and port '3121'.
03:17:24 INFO  : Jtag cable 'RealDigital Boo 887100000006A' is selected.
03:17:24 INFO  : 'jtag frequency' command is executed.
03:17:25 INFO  : 'targets -set -filter {jtag_cable_name =~ "RealDigital Boo 887100000006A" && level==0 && jtag_device_ctx=="jsn1-0362f093-0"}' command is executed.
03:17:26 INFO  : Device configured successfully with "C:/Users/curti/OneDrive/Documents/UIUC/ECE-385/Vivado_Projects/lab_6_2/workspace/mb_usb/_ide/bitstream/mb_usb_hdmi_top.bit"
03:17:26 INFO  : Context for processor 'microblaze_0' is selected.
03:17:26 INFO  : Hardware design and registers information is loaded from 'C:/Users/curti/OneDrive/Documents/UIUC/ECE-385/Vivado_Projects/lab_6_2/workspace/mb_usb_hdmi_top/export/mb_usb_hdmi_top/hw/mb_usb_hdmi_top.xsa'.
03:17:26 INFO  : 'configparams mdm-detect-bscan-mask 2' command is executed.
03:17:26 INFO  : Context for processor 'microblaze_0' is selected.
03:17:26 INFO  : System reset is completed.
03:17:29 INFO  : 'after 3000' command is executed.
03:17:29 INFO  : Context for processor 'microblaze_0' is selected.
03:17:30 INFO  : The application 'C:/Users/curti/OneDrive/Documents/UIUC/ECE-385/Vivado_Projects/lab_6_2/workspace/mb_usb/Debug/mb_usb.elf' is downloaded to processor 'microblaze_0'.
03:17:30 INFO  : ----------------XSDB Script----------------
connect -url tcp:127.0.0.1:3121
targets -set -filter {jtag_cable_name =~ "RealDigital Boo 887100000006A" && level==0 && jtag_device_ctx=="jsn1-0362f093-0"}
fpga -file C:/Users/curti/OneDrive/Documents/UIUC/ECE-385/Vivado_Projects/lab_6_2/workspace/mb_usb/_ide/bitstream/mb_usb_hdmi_top.bit
targets -set -nocase -filter {name =~ "*microblaze*#0" && bscan=="USER2" }
loadhw -hw C:/Users/curti/OneDrive/Documents/UIUC/ECE-385/Vivado_Projects/lab_6_2/workspace/mb_usb_hdmi_top/export/mb_usb_hdmi_top/hw/mb_usb_hdmi_top.xsa -regs
configparams mdm-detect-bscan-mask 2
targets -set -nocase -filter {name =~ "*microblaze*#0" && bscan=="USER2" }
rst -system
after 3000
targets -set -nocase -filter {name =~ "*microblaze*#0" && bscan=="USER2" }
dow C:/Users/curti/OneDrive/Documents/UIUC/ECE-385/Vivado_Projects/lab_6_2/workspace/mb_usb/Debug/mb_usb.elf
----------------End of Script----------------

03:17:30 INFO  : Context for processor 'microblaze_0' is selected.
03:17:30 INFO  : 'con' command is executed.
03:17:30 INFO  : ----------------XSDB Script (After Launch)----------------
targets -set -nocase -filter {name =~ "*microblaze*#0" && bscan=="USER2" }
con
----------------End of Script----------------

03:17:30 INFO  : Disconnected from the channel tcfchan#6.
03:27:12 DEBUG : Logs will be stored at 'C:/Users/curti/OneDrive/Documents/UIUC/ECE-385/Vivado_Projects/lab_6_2/workspace/IDE.log'.
03:27:13 INFO  : Launching XSCT server: xsct.bat -n  -interactive C:\Users\curti\OneDrive\Documents\UIUC\ECE-385\Vivado_Projects\lab_6_2\workspace\temp_xsdb_launch_script.tcl
03:27:16 INFO  : XSCT server has started successfully.
03:27:16 INFO  : plnx-install-location is set to ''
03:27:16 INFO  : Successfully done setting XSCT server connection channel  
03:27:16 INFO  : Successfully done setting workspace for the tool. 
03:27:17 INFO  : Platform repository initialization has completed.
03:27:17 INFO  : Successfully done query RDI_DATADIR 
03:27:17 INFO  : Registering command handlers for Vitis TCF services
03:28:45 INFO  : Hardware specification for platform project 'mb_usb_hdmi_top' is updated.
03:28:55 INFO  : Result from executing command 'removePlatformRepo': 
03:29:03 ERROR : Error from executing command 'removePlatformRepo': ERROR: No valid directory exists at given path.
03:30:01 ERROR : Error from executing command 'removePlatformRepo': ERROR: No valid directory exists at given path.
03:30:08 ERROR : Error from executing command 'removePlatformRepo': ERROR: No valid directory exists at given path.
03:30:26 INFO  : Result from executing command 'getProjects': mb_usb_hdmi_top
03:30:26 INFO  : Result from executing command 'getPlatforms': mb_usb_hdmi_top|C:/Users/curti/OneDrive/Documents/UIUC/ECE-385/Vivado_Projects/Final_Project/workspace/mb_usb_hdmi_top/export/mb_usb_hdmi_top/mb_usb_hdmi_top.xpfm
03:30:27 INFO  : Checking for BSP changes to sync application flags for project 'mb_usb'...
03:30:31 INFO  : The hardware specification used by project 'mb_usb' is out of sync with the platform. Resource files extracted from the hardware specification will be updated.
03:30:31 INFO  : The file 'C:\Users\curti\OneDrive\Documents\UIUC\ECE-385\Vivado_Projects\lab_6_2\workspace\mb_usb\_ide\bitstream\mb_usb_hdmi_top.bit' stored in project is removed.
03:30:31 INFO  : The file 'C:\Users\curti\OneDrive\Documents\UIUC\ECE-385\Vivado_Projects\lab_6_2\workspace\mb_usb\_ide\bitstream\mb_usb_hdmi_top.mmi' stored in project is removed.
03:30:31 INFO  : The updated bitstream files are copied from platform to folder 'C:\Users\curti\OneDrive\Documents\UIUC\ECE-385\Vivado_Projects\lab_6_2\workspace\mb_usb\_ide\bitstream' in project 'mb_usb'.
03:30:37 INFO  : Connected to target on host '127.0.0.1' and port '3121'.
03:30:38 INFO  : Jtag cable 'RealDigital Boo 887100000006A' is selected.
03:30:38 INFO  : 'jtag frequency' command is executed.
03:30:38 INFO  : 'targets -set -filter {jtag_cable_name =~ "RealDigital Boo 887100000006A" && level==0 && jtag_device_ctx=="jsn1-0362f093-0"}' command is executed.
03:30:38 ERROR : couldn't open "C:/Users/curti/OneDrive/Documents/UIUC/ECE-385/Vivado_Projects/lab_6_2/workspace/mb_usb/_ide/bitstream/mb_usb_hdmi_top.bit": no such file or directory
03:30:38 ERROR : Exception occured while running Program Device.
java.lang.RuntimeException: couldn't open "C:/Users/curti/OneDrive/Documents/UIUC/ECE-385/Vivado_Projects/lab_6_2/workspace/mb_usb/_ide/bitstream/mb_usb_hdmi_top.bit": no such file or directory
03:30:38 INFO  : ----------------XSDB Script----------------
connect -url tcp:127.0.0.1:3121
----------------End of Script----------------

03:30:38 ERROR : couldn't open "C:/Users/curti/OneDrive/Documents/UIUC/ECE-385/Vivado_Projects/lab_6_2/workspace/mb_usb/_ide/bitstream/mb_usb_hdmi_top.bit": no such file or directory
03:31:02 DEBUG : Logs will be stored at 'C:/Users/curti/OneDrive/Documents/UIUC/ECE-385/Vivado_Projects/lab_6_2/workspace/IDE.log'.
03:31:03 INFO  : Launching XSCT server: xsct.bat -n  -interactive C:\Users\curti\OneDrive\Documents\UIUC\ECE-385\Vivado_Projects\lab_6_2\workspace\temp_xsdb_launch_script.tcl
03:31:06 INFO  : XSCT server has started successfully.
03:31:06 INFO  : Successfully done setting XSCT server connection channel  
03:31:06 INFO  : plnx-install-location is set to ''
03:31:06 INFO  : Successfully done setting workspace for the tool. 
03:31:07 INFO  : Platform repository initialization has completed.
03:31:07 INFO  : Successfully done query RDI_DATADIR 
03:31:08 INFO  : Registering command handlers for Vitis TCF services
03:31:11 INFO  : Checking for BSP changes to sync application flags for project 'mb_usb'...
03:31:21 INFO  : Connected to target on host '127.0.0.1' and port '3121'.
03:31:22 INFO  : Jtag cable 'RealDigital Boo 887100000006A' is selected.
03:31:22 INFO  : 'jtag frequency' command is executed.
03:31:22 INFO  : 'targets -set -filter {jtag_cable_name =~ "RealDigital Boo 887100000006A" && level==0 && jtag_device_ctx=="jsn1-0362f093-0"}' command is executed.
03:31:22 ERROR : couldn't open "C:/Users/curti/OneDrive/Documents/UIUC/ECE-385/Vivado_Projects/lab_6_2/workspace/mb_usb/_ide/bitstream/mb_usb_hdmi_top.bit": no such file or directory
03:31:22 ERROR : Exception occured while running Program Device.
java.lang.RuntimeException: couldn't open "C:/Users/curti/OneDrive/Documents/UIUC/ECE-385/Vivado_Projects/lab_6_2/workspace/mb_usb/_ide/bitstream/mb_usb_hdmi_top.bit": no such file or directory
03:31:22 INFO  : ----------------XSDB Script----------------
connect -url tcp:127.0.0.1:3121
----------------End of Script----------------

03:31:22 ERROR : couldn't open "C:/Users/curti/OneDrive/Documents/UIUC/ECE-385/Vivado_Projects/lab_6_2/workspace/mb_usb/_ide/bitstream/mb_usb_hdmi_top.bit": no such file or directory
03:32:44 INFO  : Connected to target on host '127.0.0.1' and port '3121'.
03:32:44 INFO  : Jtag cable 'RealDigital Boo 887100000006A' is selected.
03:32:44 INFO  : 'jtag frequency' command is executed.
03:32:44 INFO  : 'targets -set -filter {jtag_cable_name =~ "RealDigital Boo 887100000006A" && level==0 && jtag_device_ctx=="jsn1-0362f093-0"}' command is executed.
03:32:46 INFO  : Device configured successfully with "C:/Users/curti/OneDrive/Documents/UIUC/ECE-385/Vivado_Projects/lab_6_2/workspace/mb_usb/_ide/bitstream/Final_Project.bit"
03:32:46 INFO  : Context for processor 'microblaze_0' is selected.
03:32:46 INFO  : Hardware design and registers information is loaded from 'C:/Users/curti/OneDrive/Documents/UIUC/ECE-385/Vivado_Projects/lab_6_2/workspace/mb_usb_hdmi_top/export/mb_usb_hdmi_top/hw/Final_Project.xsa'.
03:32:46 INFO  : 'configparams mdm-detect-bscan-mask 2' command is executed.
03:32:46 INFO  : Context for processor 'microblaze_0' is selected.
03:32:46 INFO  : System reset is completed.
03:32:49 INFO  : 'after 3000' command is executed.
03:32:49 INFO  : Context for processor 'microblaze_0' is selected.
03:32:49 INFO  : The application 'C:/Users/curti/OneDrive/Documents/UIUC/ECE-385/Vivado_Projects/lab_6_2/workspace/mb_usb/Debug/mb_usb.elf' is downloaded to processor 'microblaze_0'.
03:32:49 INFO  : ----------------XSDB Script----------------
connect -url tcp:127.0.0.1:3121
targets -set -filter {jtag_cable_name =~ "RealDigital Boo 887100000006A" && level==0 && jtag_device_ctx=="jsn1-0362f093-0"}
fpga -file C:/Users/curti/OneDrive/Documents/UIUC/ECE-385/Vivado_Projects/lab_6_2/workspace/mb_usb/_ide/bitstream/Final_Project.bit
targets -set -nocase -filter {name =~ "*microblaze*#0" && bscan=="USER2" }
loadhw -hw C:/Users/curti/OneDrive/Documents/UIUC/ECE-385/Vivado_Projects/lab_6_2/workspace/mb_usb_hdmi_top/export/mb_usb_hdmi_top/hw/Final_Project.xsa -regs
configparams mdm-detect-bscan-mask 2
targets -set -nocase -filter {name =~ "*microblaze*#0" && bscan=="USER2" }
rst -system
after 3000
targets -set -nocase -filter {name =~ "*microblaze*#0" && bscan=="USER2" }
dow C:/Users/curti/OneDrive/Documents/UIUC/ECE-385/Vivado_Projects/lab_6_2/workspace/mb_usb/Debug/mb_usb.elf
----------------End of Script----------------

03:32:49 INFO  : Context for processor 'microblaze_0' is selected.
03:32:49 INFO  : 'con' command is executed.
03:32:49 INFO  : ----------------XSDB Script (After Launch)----------------
targets -set -nocase -filter {name =~ "*microblaze*#0" && bscan=="USER2" }
con
----------------End of Script----------------

03:32:49 INFO  : Disconnected from the channel tcfchan#1.
03:32:56 INFO  : Result from executing command 'removePlatformRepo': 
03:33:00 ERROR : Error from executing command 'removePlatformRepo': ERROR: No valid directory exists at given path.
03:33:06 INFO  : Hardware specification for platform project 'mb_usb_hdmi_top' is updated.
03:33:25 INFO  : Result from executing command 'getProjects': mb_usb_hdmi_top
03:33:25 INFO  : Result from executing command 'getPlatforms': mb_usb_hdmi_top|C:/Users/curti/OneDrive/Documents/UIUC/ECE-385/Vivado_Projects/Final_Project/workspace/mb_usb_hdmi_top/export/mb_usb_hdmi_top/mb_usb_hdmi_top.xpfm
03:33:26 INFO  : Checking for BSP changes to sync application flags for project 'mb_usb'...
03:33:36 INFO  : Connected to target on host '127.0.0.1' and port '3121'.
03:33:37 INFO  : Jtag cable 'RealDigital Boo 887100000006A' is selected.
03:33:37 INFO  : 'jtag frequency' command is executed.
03:33:37 INFO  : 'targets -set -filter {jtag_cable_name =~ "RealDigital Boo 887100000006A" && level==0 && jtag_device_ctx=="jsn1-0362f093-0"}' command is executed.
03:33:38 INFO  : Device configured successfully with "C:/Users/curti/OneDrive/Documents/UIUC/ECE-385/Vivado_Projects/lab_6_2/workspace/mb_usb/_ide/bitstream/Final_Project.bit"
03:33:38 INFO  : Context for processor 'microblaze_0' is selected.
03:33:38 INFO  : Hardware design and registers information is loaded from 'C:/Users/curti/OneDrive/Documents/UIUC/ECE-385/Vivado_Projects/lab_6_2/workspace/mb_usb_hdmi_top/export/mb_usb_hdmi_top/hw/Final_Project.xsa'.
03:33:38 INFO  : 'configparams mdm-detect-bscan-mask 2' command is executed.
03:33:38 INFO  : Context for processor 'microblaze_0' is selected.
03:33:38 INFO  : System reset is completed.
03:33:41 INFO  : 'after 3000' command is executed.
03:33:41 INFO  : Context for processor 'microblaze_0' is selected.
03:33:41 INFO  : The application 'C:/Users/curti/OneDrive/Documents/UIUC/ECE-385/Vivado_Projects/lab_6_2/workspace/mb_usb/Debug/mb_usb.elf' is downloaded to processor 'microblaze_0'.
03:33:41 INFO  : ----------------XSDB Script----------------
connect -url tcp:127.0.0.1:3121
targets -set -filter {jtag_cable_name =~ "RealDigital Boo 887100000006A" && level==0 && jtag_device_ctx=="jsn1-0362f093-0"}
fpga -file C:/Users/curti/OneDrive/Documents/UIUC/ECE-385/Vivado_Projects/lab_6_2/workspace/mb_usb/_ide/bitstream/Final_Project.bit
targets -set -nocase -filter {name =~ "*microblaze*#0" && bscan=="USER2" }
loadhw -hw C:/Users/curti/OneDrive/Documents/UIUC/ECE-385/Vivado_Projects/lab_6_2/workspace/mb_usb_hdmi_top/export/mb_usb_hdmi_top/hw/Final_Project.xsa -regs
configparams mdm-detect-bscan-mask 2
targets -set -nocase -filter {name =~ "*microblaze*#0" && bscan=="USER2" }
rst -system
after 3000
targets -set -nocase -filter {name =~ "*microblaze*#0" && bscan=="USER2" }
dow C:/Users/curti/OneDrive/Documents/UIUC/ECE-385/Vivado_Projects/lab_6_2/workspace/mb_usb/Debug/mb_usb.elf
----------------End of Script----------------

03:33:42 INFO  : Context for processor 'microblaze_0' is selected.
03:33:42 INFO  : 'con' command is executed.
03:33:42 INFO  : ----------------XSDB Script (After Launch)----------------
targets -set -nocase -filter {name =~ "*microblaze*#0" && bscan=="USER2" }
con
----------------End of Script----------------

03:33:42 INFO  : Disconnected from the channel tcfchan#5.
05:01:56 DEBUG : Logs will be stored at 'C:/Users/curti/OneDrive/Documents/UIUC/ECE-385/Vivado_Projects/lab_6_2/workspace/IDE.log'.
05:01:57 INFO  : Launching XSCT server: xsct.bat -n  -interactive C:\Users\curti\OneDrive\Documents\UIUC\ECE-385\Vivado_Projects\lab_6_2\workspace\temp_xsdb_launch_script.tcl
05:02:02 INFO  : XSCT server has started successfully.
05:02:02 INFO  : plnx-install-location is set to ''
05:02:02 INFO  : Successfully done setting XSCT server connection channel  
05:02:02 INFO  : Successfully done setting workspace for the tool. 
05:02:03 INFO  : Platform repository initialization has completed.
05:02:03 INFO  : Successfully done query RDI_DATADIR 
05:02:04 INFO  : Registering command handlers for Vitis TCF services
05:02:18 INFO  : Hardware specification for platform project 'mb_usb_hdmi_top' is updated.
05:02:27 INFO  : Result from executing command 'removePlatformRepo': 
05:02:35 ERROR : Error from executing command 'removePlatformRepo': ERROR: No valid directory exists at given path.
05:05:07 INFO  : Result from executing command 'getProjects': mb_usb_hdmi_top
05:05:07 INFO  : Result from executing command 'getPlatforms': 
05:05:07 INFO  : Checking for BSP changes to sync application flags for project 'mb_usb'...
05:05:14 INFO  : The hardware specification used by project 'mb_usb' is out of sync with the platform. Resource files extracted from the hardware specification will be updated.
05:05:14 INFO  : The file 'C:\Users\curti\OneDrive\Documents\UIUC\ECE-385\Vivado_Projects\lab_6_2\workspace\mb_usb\_ide\bitstream\Final_Project.bit' stored in project is removed.
05:05:14 INFO  : The file 'C:\Users\curti\OneDrive\Documents\UIUC\ECE-385\Vivado_Projects\lab_6_2\workspace\mb_usb\_ide\bitstream\Final_Project.mmi' stored in project is removed.
05:05:14 INFO  : The file 'C:\Users\curti\OneDrive\Documents\UIUC\ECE-385\Vivado_Projects\lab_6_2\workspace\mb_usb\_ide\bitstream\mb_usb_hdmi_top.bit' stored in project is removed.
05:05:14 INFO  : The file 'C:\Users\curti\OneDrive\Documents\UIUC\ECE-385\Vivado_Projects\lab_6_2\workspace\mb_usb\_ide\bitstream\mb_usb_hdmi_top.mmi' stored in project is removed.
05:05:14 INFO  : The updated bitstream files are copied from platform to folder 'C:\Users\curti\OneDrive\Documents\UIUC\ECE-385\Vivado_Projects\lab_6_2\workspace\mb_usb\_ide\bitstream' in project 'mb_usb'.
05:05:28 INFO  : Connected to target on host '127.0.0.1' and port '3121'.
05:05:28 INFO  : Jtag cable 'RealDigital Boo 887100000005A' is selected.
05:05:28 INFO  : 'jtag frequency' command is executed.
05:05:28 INFO  : 'targets -set -filter {jtag_cable_name =~ "RealDigital Boo 887100000005A" && level==0 && jtag_device_ctx=="jsn1-0362f093-0"}' command is executed.
05:05:28 ERROR : couldn't open "C:/Users/curti/OneDrive/Documents/UIUC/ECE-385/Vivado_Projects/lab_6_2/workspace/mb_usb/_ide/bitstream/Final_Project.bit": no such file or directory
05:05:28 ERROR : Exception occured while running Program Device.
java.lang.RuntimeException: couldn't open "C:/Users/curti/OneDrive/Documents/UIUC/ECE-385/Vivado_Projects/lab_6_2/workspace/mb_usb/_ide/bitstream/Final_Project.bit": no such file or directory
05:05:28 INFO  : ----------------XSDB Script----------------
connect -url tcp:127.0.0.1:3121
----------------End of Script----------------

05:05:28 ERROR : couldn't open "C:/Users/curti/OneDrive/Documents/UIUC/ECE-385/Vivado_Projects/lab_6_2/workspace/mb_usb/_ide/bitstream/Final_Project.bit": no such file or directory
