
*** Running vivado
    with args -log mb_usb_hdmi_top.vds -m64 -product Vivado -mode batch -messageDb vivado.pb -notrace -source mb_usb_hdmi_top.tcl



****** Vivado v2022.2 (64-bit)
  **** SW Build 3671981 on Fri Oct 14 05:00:03 MDT 2022
  **** IP Build 3669848 on Fri Oct 14 08:30:02 MDT 2022
    ** Copyright 1986-2022 Xilinx, Inc. All Rights Reserved.

source mb_usb_hdmi_top.tcl -notrace
create_project: Time (s): cpu = 00:00:05 ; elapsed = 00:00:05 . Memory (MB): peak = 372.246 ; gain = 62.965
INFO: [IP_Flow 19-234] Refreshing IP repositories
INFO: [IP_Flow 19-1700] Loaded user IP repository 'c:/Users/curti/OneDrive/Documents/UIUC/Duplicate/ECE-385/Vivado_Projects/Final_Project/RD_hdmi_ip2020'.
INFO: [IP_Flow 19-2313] Loaded Vivado IP repository 'C:/Xilinx/Vivado/2022.2/data/ip'.
WARNING: [IP_Flow 19-4995] The host OS only allows 260 characters in a normal path. The IP cache path is more than 80 characters. If you experience issues with IP caching, please consider changing the IP cache to a location with a shorter path. Alternately consider using the OS subst command to map part of the path to a drive letter. 
Current IP cache path is c:/Users/curti/OneDrive/Documents/UIUC/Duplicate/ECE-385/Vivado_Projects/Final_Project/lab_6.cache/ip 
Command: read_checkpoint -auto_incremental -incremental C:/Users/curti/OneDrive/Documents/UIUC/Duplicate/ECE-385/Vivado_Projects/Final_Project/lab_6.srcs/utils_1/imports/synth_1/mb_intro_top.dcp
INFO: [Vivado 12-5825] Read reference checkpoint from C:/Users/curti/OneDrive/Documents/UIUC/Duplicate/ECE-385/Vivado_Projects/Final_Project/lab_6.srcs/utils_1/imports/synth_1/mb_intro_top.dcp for incremental synthesis
INFO: [Vivado 12-7989] Please ensure there are no constraint changes
Command: synth_design -top mb_usb_hdmi_top -part xc7s50csga324-1
Starting synth_design
Attempting to get a license for feature 'Synthesis' and/or device 'xc7s50'
INFO: [Common 17-349] Got license for feature 'Synthesis' and/or device 'xc7s50'
INFO: [Device 21-403] Loading part xc7s50csga324-1
INFO: [Synth 8-7079] Multithreading enabled for synth_design using a maximum of 2 processes.
INFO: [Synth 8-7078] Launching helper process for spawning children vivado processes
INFO: [Synth 8-7075] Helper process launched with PID 1556
INFO: [Synth 8-11241] undeclared symbol 'REGCCE', assumed default net type 'wire' [C:/Xilinx/Vivado/2022.2/data/verilog/src/unimacro/BRAM_SINGLE_MACRO.v:2170]
CRITICAL WARNING: [Synth 8-9873] overwriting previous definition of module 'a_palette' [C:/Users/curti/OneDrive/Documents/UIUC/Duplicate/ECE-385/Vivado_Projects/Final_Project/Sprites/a/a_palette.sv:15]
INFO: [Synth 8-9937] previous definition of design element 'a_palette' is here [C:/Users/curti/OneDrive/Documents/UIUC/Duplicate/ECE-385/Vivado_Projects/Final_Project/Sprites/a/a_example.sv:50]
CRITICAL WARNING: [Synth 8-9873] overwriting previous definition of module 'arrow_left_palette' [C:/Users/curti/OneDrive/Documents/UIUC/Duplicate/ECE-385/Vivado_Projects/Final_Project/Sprites/arrow_left/arrow_left_palette.sv:19]
INFO: [Synth 8-9937] previous definition of design element 'arrow_left_palette' is here [C:/Users/curti/OneDrive/Documents/UIUC/Duplicate/ECE-385/Vivado_Projects/Final_Project/Sprites/arrow_left/arrow_left_example.sv:54]
CRITICAL WARNING: [Synth 8-9873] overwriting previous definition of module 'arrow_right_palette' [C:/Users/curti/OneDrive/Documents/UIUC/Duplicate/ECE-385/Vivado_Projects/Final_Project/Sprites/arrow_right/arrow_right_palette.sv:19]
INFO: [Synth 8-9937] previous definition of design element 'arrow_right_palette' is here [C:/Users/curti/OneDrive/Documents/UIUC/Duplicate/ECE-385/Vivado_Projects/Final_Project/Sprites/arrow_right/arrow_right_example.sv:53]
CRITICAL WARNING: [Synth 8-9873] overwriting previous definition of module 'd_palette' [C:/Users/curti/OneDrive/Documents/UIUC/Duplicate/ECE-385/Vivado_Projects/Final_Project/Sprites/d/d_palette.sv:15]
INFO: [Synth 8-9937] previous definition of design element 'd_palette' is here [C:/Users/curti/OneDrive/Documents/UIUC/Duplicate/ECE-385/Vivado_Projects/Final_Project/Sprites/d/d_example.sv:50]
WARNING: [Synth 8-10180] variable 'maxIndex' must explicitly be declared as automatic or static [C:/Users/curti/OneDrive/Documents/UIUC/Duplicate/ECE-385/Vivado_Projects/Final_Project/lab6_2_provided/design_source/mb_usb_hdmi_top.sv:258]
WARNING: [Synth 8-10180] variable 'maxIndex' must explicitly be declared as automatic or static [C:/Users/curti/OneDrive/Documents/UIUC/Duplicate/ECE-385/Vivado_Projects/Final_Project/lab6_2_provided/design_source/mb_usb_hdmi_top.sv:290]
WARNING: [Synth 8-10180] variable 'maxIndex' must explicitly be declared as automatic or static [C:/Users/curti/OneDrive/Documents/UIUC/Duplicate/ECE-385/Vivado_Projects/Final_Project/lab6_2_provided/design_source/mb_usb_hdmi_top.sv:320]
WARNING: [Synth 8-10180] variable 'maxIndex' must explicitly be declared as automatic or static [C:/Users/curti/OneDrive/Documents/UIUC/Duplicate/ECE-385/Vivado_Projects/Final_Project/lab6_2_provided/design_source/mb_usb_hdmi_top.sv:365]
---------------------------------------------------------------------------------
Starting RTL Elaboration : Time (s): cpu = 00:00:03 ; elapsed = 00:00:04 . Memory (MB): peak = 1217.344 ; gain = 407.293
---------------------------------------------------------------------------------
INFO: [Synth 8-6157] synthesizing module 'mb_usb_hdmi_top' [C:/Users/curti/OneDrive/Documents/UIUC/Duplicate/ECE-385/Vivado_Projects/Final_Project/lab6_2_provided/design_source/mb_usb_hdmi_top.sv:14]
INFO: [Synth 8-6157] synthesizing module 'arrow' [C:/Users/curti/OneDrive/Documents/UIUC/Duplicate/ECE-385/Vivado_Projects/Final_Project/lab_6.srcs/sources_1/new/arrow.sv:22]
INFO: [Synth 8-6155] done synthesizing module 'arrow' (0#1) [C:/Users/curti/OneDrive/Documents/UIUC/Duplicate/ECE-385/Vivado_Projects/Final_Project/lab_6.srcs/sources_1/new/arrow.sv:22]
WARNING: [Synth 8-689] width (32) of port connection 'Speed' does not match port width (10) of module 'arrow' [C:/Users/curti/OneDrive/Documents/UIUC/Duplicate/ECE-385/Vivado_Projects/Final_Project/lab6_2_provided/design_source/mb_usb_hdmi_top.sv:437]
WARNING: [Synth 8-689] width (32) of port connection 'Speed' does not match port width (10) of module 'arrow' [C:/Users/curti/OneDrive/Documents/UIUC/Duplicate/ECE-385/Vivado_Projects/Final_Project/lab6_2_provided/design_source/mb_usb_hdmi_top.sv:437]
WARNING: [Synth 8-689] width (32) of port connection 'Speed' does not match port width (10) of module 'arrow' [C:/Users/curti/OneDrive/Documents/UIUC/Duplicate/ECE-385/Vivado_Projects/Final_Project/lab6_2_provided/design_source/mb_usb_hdmi_top.sv:437]
WARNING: [Synth 8-689] width (32) of port connection 'Speed' does not match port width (10) of module 'arrow' [C:/Users/curti/OneDrive/Documents/UIUC/Duplicate/ECE-385/Vivado_Projects/Final_Project/lab6_2_provided/design_source/mb_usb_hdmi_top.sv:437]
WARNING: [Synth 8-689] width (32) of port connection 'Speed' does not match port width (10) of module 'arrow' [C:/Users/curti/OneDrive/Documents/UIUC/Duplicate/ECE-385/Vivado_Projects/Final_Project/lab6_2_provided/design_source/mb_usb_hdmi_top.sv:437]
WARNING: [Synth 8-689] width (32) of port connection 'Speed' does not match port width (10) of module 'arrow' [C:/Users/curti/OneDrive/Documents/UIUC/Duplicate/ECE-385/Vivado_Projects/Final_Project/lab6_2_provided/design_source/mb_usb_hdmi_top.sv:437]
WARNING: [Synth 8-689] width (32) of port connection 'Speed' does not match port width (10) of module 'arrow' [C:/Users/curti/OneDrive/Documents/UIUC/Duplicate/ECE-385/Vivado_Projects/Final_Project/lab6_2_provided/design_source/mb_usb_hdmi_top.sv:437]
WARNING: [Synth 8-689] width (32) of port connection 'Speed' does not match port width (10) of module 'arrow' [C:/Users/curti/OneDrive/Documents/UIUC/Duplicate/ECE-385/Vivado_Projects/Final_Project/lab6_2_provided/design_source/mb_usb_hdmi_top.sv:437]
WARNING: [Synth 8-689] width (32) of port connection 'Speed' does not match port width (10) of module 'arrow' [C:/Users/curti/OneDrive/Documents/UIUC/Duplicate/ECE-385/Vivado_Projects/Final_Project/lab6_2_provided/design_source/mb_usb_hdmi_top.sv:437]
WARNING: [Synth 8-689] width (32) of port connection 'Speed' does not match port width (10) of module 'arrow' [C:/Users/curti/OneDrive/Documents/UIUC/Duplicate/ECE-385/Vivado_Projects/Final_Project/lab6_2_provided/design_source/mb_usb_hdmi_top.sv:437]
WARNING: [Synth 8-689] width (32) of port connection 'Speed' does not match port width (10) of module 'arrow' [C:/Users/curti/OneDrive/Documents/UIUC/Duplicate/ECE-385/Vivado_Projects/Final_Project/lab6_2_provided/design_source/mb_usb_hdmi_top.sv:437]
WARNING: [Synth 8-689] width (32) of port connection 'Speed' does not match port width (10) of module 'arrow' [C:/Users/curti/OneDrive/Documents/UIUC/Duplicate/ECE-385/Vivado_Projects/Final_Project/lab6_2_provided/design_source/mb_usb_hdmi_top.sv:437]
WARNING: [Synth 8-689] width (32) of port connection 'Speed' does not match port width (10) of module 'arrow' [C:/Users/curti/OneDrive/Documents/UIUC/Duplicate/ECE-385/Vivado_Projects/Final_Project/lab6_2_provided/design_source/mb_usb_hdmi_top.sv:437]
WARNING: [Synth 8-689] width (32) of port connection 'Speed' does not match port width (10) of module 'arrow' [C:/Users/curti/OneDrive/Documents/UIUC/Duplicate/ECE-385/Vivado_Projects/Final_Project/lab6_2_provided/design_source/mb_usb_hdmi_top.sv:437]
WARNING: [Synth 8-689] width (32) of port connection 'Speed' does not match port width (10) of module 'arrow' [C:/Users/curti/OneDrive/Documents/UIUC/Duplicate/ECE-385/Vivado_Projects/Final_Project/lab6_2_provided/design_source/mb_usb_hdmi_top.sv:437]
WARNING: [Synth 8-689] width (32) of port connection 'Speed' does not match port width (10) of module 'arrow' [C:/Users/curti/OneDrive/Documents/UIUC/Duplicate/ECE-385/Vivado_Projects/Final_Project/lab6_2_provided/design_source/mb_usb_hdmi_top.sv:437]
WARNING: [Synth 8-689] width (32) of port connection 'Speed' does not match port width (10) of module 'arrow' [C:/Users/curti/OneDrive/Documents/UIUC/Duplicate/ECE-385/Vivado_Projects/Final_Project/lab6_2_provided/design_source/mb_usb_hdmi_top.sv:437]
WARNING: [Synth 8-689] width (32) of port connection 'Speed' does not match port width (10) of module 'arrow' [C:/Users/curti/OneDrive/Documents/UIUC/Duplicate/ECE-385/Vivado_Projects/Final_Project/lab6_2_provided/design_source/mb_usb_hdmi_top.sv:437]
WARNING: [Synth 8-689] width (32) of port connection 'Speed' does not match port width (10) of module 'arrow' [C:/Users/curti/OneDrive/Documents/UIUC/Duplicate/ECE-385/Vivado_Projects/Final_Project/lab6_2_provided/design_source/mb_usb_hdmi_top.sv:437]
WARNING: [Synth 8-689] width (32) of port connection 'Speed' does not match port width (10) of module 'arrow' [C:/Users/curti/OneDrive/Documents/UIUC/Duplicate/ECE-385/Vivado_Projects/Final_Project/lab6_2_provided/design_source/mb_usb_hdmi_top.sv:437]
WARNING: [Synth 8-689] width (32) of port connection 'Speed' does not match port width (10) of module 'arrow' [C:/Users/curti/OneDrive/Documents/UIUC/Duplicate/ECE-385/Vivado_Projects/Final_Project/lab6_2_provided/design_source/mb_usb_hdmi_top.sv:437]
WARNING: [Synth 8-689] width (32) of port connection 'Speed' does not match port width (10) of module 'arrow' [C:/Users/curti/OneDrive/Documents/UIUC/Duplicate/ECE-385/Vivado_Projects/Final_Project/lab6_2_provided/design_source/mb_usb_hdmi_top.sv:437]
WARNING: [Synth 8-689] width (32) of port connection 'Speed' does not match port width (10) of module 'arrow' [C:/Users/curti/OneDrive/Documents/UIUC/Duplicate/ECE-385/Vivado_Projects/Final_Project/lab6_2_provided/design_source/mb_usb_hdmi_top.sv:437]
WARNING: [Synth 8-689] width (32) of port connection 'Speed' does not match port width (10) of module 'arrow' [C:/Users/curti/OneDrive/Documents/UIUC/Duplicate/ECE-385/Vivado_Projects/Final_Project/lab6_2_provided/design_source/mb_usb_hdmi_top.sv:437]
WARNING: [Synth 8-689] width (32) of port connection 'Speed' does not match port width (10) of module 'arrow' [C:/Users/curti/OneDrive/Documents/UIUC/Duplicate/ECE-385/Vivado_Projects/Final_Project/lab6_2_provided/design_source/mb_usb_hdmi_top.sv:437]
WARNING: [Synth 8-689] width (32) of port connection 'Speed' does not match port width (10) of module 'arrow' [C:/Users/curti/OneDrive/Documents/UIUC/Duplicate/ECE-385/Vivado_Projects/Final_Project/lab6_2_provided/design_source/mb_usb_hdmi_top.sv:437]
WARNING: [Synth 8-689] width (32) of port connection 'Speed' does not match port width (10) of module 'arrow' [C:/Users/curti/OneDrive/Documents/UIUC/Duplicate/ECE-385/Vivado_Projects/Final_Project/lab6_2_provided/design_source/mb_usb_hdmi_top.sv:437]
WARNING: [Synth 8-689] width (32) of port connection 'Speed' does not match port width (10) of module 'arrow' [C:/Users/curti/OneDrive/Documents/UIUC/Duplicate/ECE-385/Vivado_Projects/Final_Project/lab6_2_provided/design_source/mb_usb_hdmi_top.sv:437]
WARNING: [Synth 8-689] width (32) of port connection 'Speed' does not match port width (10) of module 'arrow' [C:/Users/curti/OneDrive/Documents/UIUC/Duplicate/ECE-385/Vivado_Projects/Final_Project/lab6_2_provided/design_source/mb_usb_hdmi_top.sv:437]
WARNING: [Synth 8-689] width (32) of port connection 'Speed' does not match port width (10) of module 'arrow' [C:/Users/curti/OneDrive/Documents/UIUC/Duplicate/ECE-385/Vivado_Projects/Final_Project/lab6_2_provided/design_source/mb_usb_hdmi_top.sv:437]
WARNING: [Synth 8-689] width (32) of port connection 'Speed' does not match port width (10) of module 'arrow' [C:/Users/curti/OneDrive/Documents/UIUC/Duplicate/ECE-385/Vivado_Projects/Final_Project/lab6_2_provided/design_source/mb_usb_hdmi_top.sv:437]
WARNING: [Synth 8-689] width (32) of port connection 'Speed' does not match port width (10) of module 'arrow' [C:/Users/curti/OneDrive/Documents/UIUC/Duplicate/ECE-385/Vivado_Projects/Final_Project/lab6_2_provided/design_source/mb_usb_hdmi_top.sv:437]
INFO: [Synth 8-6157] synthesizing module 'mb_block' [c:/Users/curti/OneDrive/Documents/UIUC/Duplicate/ECE-385/Vivado_Projects/Final_Project/lab_6.gen/sources_1/bd/mb_block/synth/mb_block.v:1374]
INFO: [Synth 8-6157] synthesizing module 'mb_block_axi_uartlite_0_0' [C:/Users/curti/OneDrive/Documents/UIUC/Duplicate/ECE-385/Vivado_Projects/Final_Project/lab_6.runs/synth_1/.Xil/Vivado-1772-Curtis-Laptop/realtime/mb_block_axi_uartlite_0_0_stub.v:5]
INFO: [Synth 8-6155] done synthesizing module 'mb_block_axi_uartlite_0_0' (0#1) [C:/Users/curti/OneDrive/Documents/UIUC/Duplicate/ECE-385/Vivado_Projects/Final_Project/lab_6.runs/synth_1/.Xil/Vivado-1772-Curtis-Laptop/realtime/mb_block_axi_uartlite_0_0_stub.v:5]
INFO: [Synth 8-6157] synthesizing module 'mb_block_clk_wiz_1_0' [C:/Users/curti/OneDrive/Documents/UIUC/Duplicate/ECE-385/Vivado_Projects/Final_Project/lab_6.runs/synth_1/.Xil/Vivado-1772-Curtis-Laptop/realtime/mb_block_clk_wiz_1_0_stub.v:5]
INFO: [Synth 8-6155] done synthesizing module 'mb_block_clk_wiz_1_0' (0#1) [C:/Users/curti/OneDrive/Documents/UIUC/Duplicate/ECE-385/Vivado_Projects/Final_Project/lab_6.runs/synth_1/.Xil/Vivado-1772-Curtis-Laptop/realtime/mb_block_clk_wiz_1_0_stub.v:5]
INFO: [Synth 8-6157] synthesizing module 'mb_block_axi_gpio_0_2' [C:/Users/curti/OneDrive/Documents/UIUC/Duplicate/ECE-385/Vivado_Projects/Final_Project/lab_6.runs/synth_1/.Xil/Vivado-1772-Curtis-Laptop/realtime/mb_block_axi_gpio_0_2_stub.v:5]
INFO: [Synth 8-6155] done synthesizing module 'mb_block_axi_gpio_0_2' (0#1) [C:/Users/curti/OneDrive/Documents/UIUC/Duplicate/ECE-385/Vivado_Projects/Final_Project/lab_6.runs/synth_1/.Xil/Vivado-1772-Curtis-Laptop/realtime/mb_block_axi_gpio_0_2_stub.v:5]
INFO: [Synth 8-6157] synthesizing module 'mb_block_axi_gpio_0_3' [C:/Users/curti/OneDrive/Documents/UIUC/Duplicate/ECE-385/Vivado_Projects/Final_Project/lab_6.runs/synth_1/.Xil/Vivado-1772-Curtis-Laptop/realtime/mb_block_axi_gpio_0_3_stub.v:5]
INFO: [Synth 8-6155] done synthesizing module 'mb_block_axi_gpio_0_3' (0#1) [C:/Users/curti/OneDrive/Documents/UIUC/Duplicate/ECE-385/Vivado_Projects/Final_Project/lab_6.runs/synth_1/.Xil/Vivado-1772-Curtis-Laptop/realtime/mb_block_axi_gpio_0_3_stub.v:5]
INFO: [Synth 8-6157] synthesizing module 'mb_block_axi_gpio_0_1' [C:/Users/curti/OneDrive/Documents/UIUC/Duplicate/ECE-385/Vivado_Projects/Final_Project/lab_6.runs/synth_1/.Xil/Vivado-1772-Curtis-Laptop/realtime/mb_block_axi_gpio_0_1_stub.v:5]
INFO: [Synth 8-6155] done synthesizing module 'mb_block_axi_gpio_0_1' (0#1) [C:/Users/curti/OneDrive/Documents/UIUC/Duplicate/ECE-385/Vivado_Projects/Final_Project/lab_6.runs/synth_1/.Xil/Vivado-1772-Curtis-Laptop/realtime/mb_block_axi_gpio_0_1_stub.v:5]
INFO: [Synth 8-6157] synthesizing module 'mb_block_mdm_1_0' [C:/Users/curti/OneDrive/Documents/UIUC/Duplicate/ECE-385/Vivado_Projects/Final_Project/lab_6.runs/synth_1/.Xil/Vivado-1772-Curtis-Laptop/realtime/mb_block_mdm_1_0_stub.v:5]
INFO: [Synth 8-6155] done synthesizing module 'mb_block_mdm_1_0' (0#1) [C:/Users/curti/OneDrive/Documents/UIUC/Duplicate/ECE-385/Vivado_Projects/Final_Project/lab_6.runs/synth_1/.Xil/Vivado-1772-Curtis-Laptop/realtime/mb_block_mdm_1_0_stub.v:5]
INFO: [Synth 8-6157] synthesizing module 'mb_block_microblaze_0_0' [C:/Users/curti/OneDrive/Documents/UIUC/Duplicate/ECE-385/Vivado_Projects/Final_Project/lab_6.runs/synth_1/.Xil/Vivado-1772-Curtis-Laptop/realtime/mb_block_microblaze_0_0_stub.v:5]
INFO: [Synth 8-6155] done synthesizing module 'mb_block_microblaze_0_0' (0#1) [C:/Users/curti/OneDrive/Documents/UIUC/Duplicate/ECE-385/Vivado_Projects/Final_Project/lab_6.runs/synth_1/.Xil/Vivado-1772-Curtis-Laptop/realtime/mb_block_microblaze_0_0_stub.v:5]
INFO: [Synth 8-6157] synthesizing module 'mb_block_microblaze_0_axi_intc_0' [C:/Users/curti/OneDrive/Documents/UIUC/Duplicate/ECE-385/Vivado_Projects/Final_Project/lab_6.runs/synth_1/.Xil/Vivado-1772-Curtis-Laptop/realtime/mb_block_microblaze_0_axi_intc_0_stub.v:5]
INFO: [Synth 8-6155] done synthesizing module 'mb_block_microblaze_0_axi_intc_0' (0#1) [C:/Users/curti/OneDrive/Documents/UIUC/Duplicate/ECE-385/Vivado_Projects/Final_Project/lab_6.runs/synth_1/.Xil/Vivado-1772-Curtis-Laptop/realtime/mb_block_microblaze_0_axi_intc_0_stub.v:5]
INFO: [Synth 8-6157] synthesizing module 'mb_block_microblaze_0_axi_periph_0' [c:/Users/curti/OneDrive/Documents/UIUC/Duplicate/ECE-385/Vivado_Projects/Final_Project/lab_6.gen/sources_1/bd/mb_block/synth/mb_block.v:2070]
INFO: [Synth 8-6157] synthesizing module 'm00_couplers_imp_1TK4492' [c:/Users/curti/OneDrive/Documents/UIUC/Duplicate/ECE-385/Vivado_Projects/Final_Project/lab_6.gen/sources_1/bd/mb_block/synth/mb_block.v:12]
INFO: [Synth 8-6155] done synthesizing module 'm00_couplers_imp_1TK4492' (0#1) [c:/Users/curti/OneDrive/Documents/UIUC/Duplicate/ECE-385/Vivado_Projects/Final_Project/lab_6.gen/sources_1/bd/mb_block/synth/mb_block.v:12]
INFO: [Synth 8-6157] synthesizing module 'm01_couplers_imp_UT2LJ' [c:/Users/curti/OneDrive/Documents/UIUC/Duplicate/ECE-385/Vivado_Projects/Final_Project/lab_6.gen/sources_1/bd/mb_block/synth/mb_block.v:144]
INFO: [Synth 8-6155] done synthesizing module 'm01_couplers_imp_UT2LJ' (0#1) [c:/Users/curti/OneDrive/Documents/UIUC/Duplicate/ECE-385/Vivado_Projects/Final_Project/lab_6.gen/sources_1/bd/mb_block/synth/mb_block.v:144]
INFO: [Synth 8-6157] synthesizing module 'm02_couplers_imp_1ST4AV9' [c:/Users/curti/OneDrive/Documents/UIUC/Duplicate/ECE-385/Vivado_Projects/Final_Project/lab_6.gen/sources_1/bd/mb_block/synth/mb_block.v:276]
INFO: [Synth 8-6155] done synthesizing module 'm02_couplers_imp_1ST4AV9' (0#1) [c:/Users/curti/OneDrive/Documents/UIUC/Duplicate/ECE-385/Vivado_Projects/Final_Project/lab_6.gen/sources_1/bd/mb_block/synth/mb_block.v:276]
INFO: [Synth 8-6157] synthesizing module 'm03_couplers_imp_1VI1NO' [c:/Users/curti/OneDrive/Documents/UIUC/Duplicate/ECE-385/Vivado_Projects/Final_Project/lab_6.gen/sources_1/bd/mb_block/synth/mb_block.v:408]
INFO: [Synth 8-6155] done synthesizing module 'm03_couplers_imp_1VI1NO' (0#1) [c:/Users/curti/OneDrive/Documents/UIUC/Duplicate/ECE-385/Vivado_Projects/Final_Project/lab_6.gen/sources_1/bd/mb_block/synth/mb_block.v:408]
INFO: [Synth 8-6157] synthesizing module 'm04_couplers_imp_1SCR8U8' [c:/Users/curti/OneDrive/Documents/UIUC/Duplicate/ECE-385/Vivado_Projects/Final_Project/lab_6.gen/sources_1/bd/mb_block/synth/mb_block.v:540]
INFO: [Synth 8-6155] done synthesizing module 'm04_couplers_imp_1SCR8U8' (0#1) [c:/Users/curti/OneDrive/Documents/UIUC/Duplicate/ECE-385/Vivado_Projects/Final_Project/lab_6.gen/sources_1/bd/mb_block/synth/mb_block.v:540]
INFO: [Synth 8-6157] synthesizing module 'm05_couplers_imp_2FAMHT' [c:/Users/curti/OneDrive/Documents/UIUC/Duplicate/ECE-385/Vivado_Projects/Final_Project/lab_6.gen/sources_1/bd/mb_block/synth/mb_block.v:672]
INFO: [Synth 8-6155] done synthesizing module 'm05_couplers_imp_2FAMHT' (0#1) [c:/Users/curti/OneDrive/Documents/UIUC/Duplicate/ECE-385/Vivado_Projects/Final_Project/lab_6.gen/sources_1/bd/mb_block/synth/mb_block.v:672]
INFO: [Synth 8-6157] synthesizing module 'm06_couplers_imp_1QRRYF7' [c:/Users/curti/OneDrive/Documents/UIUC/Duplicate/ECE-385/Vivado_Projects/Final_Project/lab_6.gen/sources_1/bd/mb_block/synth/mb_block.v:804]
INFO: [Synth 8-6155] done synthesizing module 'm06_couplers_imp_1QRRYF7' (0#1) [c:/Users/curti/OneDrive/Documents/UIUC/Duplicate/ECE-385/Vivado_Projects/Final_Project/lab_6.gen/sources_1/bd/mb_block/synth/mb_block.v:804]
INFO: [Synth 8-6157] synthesizing module 'm07_couplers_imp_3PYGGY' [c:/Users/curti/OneDrive/Documents/UIUC/Duplicate/ECE-385/Vivado_Projects/Final_Project/lab_6.gen/sources_1/bd/mb_block/synth/mb_block.v:936]
INFO: [Synth 8-6155] done synthesizing module 'm07_couplers_imp_3PYGGY' (0#1) [c:/Users/curti/OneDrive/Documents/UIUC/Duplicate/ECE-385/Vivado_Projects/Final_Project/lab_6.gen/sources_1/bd/mb_block/synth/mb_block.v:936]
INFO: [Synth 8-6157] synthesizing module 'm08_couplers_imp_1XO1QIY' [c:/Users/curti/OneDrive/Documents/UIUC/Duplicate/ECE-385/Vivado_Projects/Final_Project/lab_6.gen/sources_1/bd/mb_block/synth/mb_block.v:1082]
INFO: [Synth 8-6155] done synthesizing module 'm08_couplers_imp_1XO1QIY' (0#1) [c:/Users/curti/OneDrive/Documents/UIUC/Duplicate/ECE-385/Vivado_Projects/Final_Project/lab_6.gen/sources_1/bd/mb_block/synth/mb_block.v:1082]
INFO: [Synth 8-6157] synthesizing module 'm09_couplers_imp_5MFQLN' [c:/Users/curti/OneDrive/Documents/UIUC/Duplicate/ECE-385/Vivado_Projects/Final_Project/lab_6.gen/sources_1/bd/mb_block/synth/mb_block.v:1228]
INFO: [Synth 8-6155] done synthesizing module 'm09_couplers_imp_5MFQLN' (0#1) [c:/Users/curti/OneDrive/Documents/UIUC/Duplicate/ECE-385/Vivado_Projects/Final_Project/lab_6.gen/sources_1/bd/mb_block/synth/mb_block.v:1228]
INFO: [Synth 8-6157] synthesizing module 's00_couplers_imp_5YIJ0K' [c:/Users/curti/OneDrive/Documents/UIUC/Duplicate/ECE-385/Vivado_Projects/Final_Project/lab_6.gen/sources_1/bd/mb_block/synth/mb_block.v:3824]
INFO: [Synth 8-6155] done synthesizing module 's00_couplers_imp_5YIJ0K' (0#1) [c:/Users/curti/OneDrive/Documents/UIUC/Duplicate/ECE-385/Vivado_Projects/Final_Project/lab_6.gen/sources_1/bd/mb_block/synth/mb_block.v:3824]
INFO: [Synth 8-6157] synthesizing module 'mb_block_xbar_0' [C:/Users/curti/OneDrive/Documents/UIUC/Duplicate/ECE-385/Vivado_Projects/Final_Project/lab_6.runs/synth_1/.Xil/Vivado-1772-Curtis-Laptop/realtime/mb_block_xbar_0_stub.v:5]
INFO: [Synth 8-6155] done synthesizing module 'mb_block_xbar_0' (0#1) [C:/Users/curti/OneDrive/Documents/UIUC/Duplicate/ECE-385/Vivado_Projects/Final_Project/lab_6.runs/synth_1/.Xil/Vivado-1772-Curtis-Laptop/realtime/mb_block_xbar_0_stub.v:5]
INFO: [Synth 8-6155] done synthesizing module 'mb_block_microblaze_0_axi_periph_0' (0#1) [c:/Users/curti/OneDrive/Documents/UIUC/Duplicate/ECE-385/Vivado_Projects/Final_Project/lab_6.gen/sources_1/bd/mb_block/synth/mb_block.v:2070]
WARNING: [Synth 8-7071] port 'M07_AXI_araddr' of module 'mb_block_microblaze_0_axi_periph_0' is unconnected for instance 'microblaze_0_axi_periph' [c:/Users/curti/OneDrive/Documents/UIUC/Duplicate/ECE-385/Vivado_Projects/Final_Project/lab_6.gen/sources_1/bd/mb_block/synth/mb_block.v:1791]
WARNING: [Synth 8-7071] port 'M07_AXI_arprot' of module 'mb_block_microblaze_0_axi_periph_0' is unconnected for instance 'microblaze_0_axi_periph' [c:/Users/curti/OneDrive/Documents/UIUC/Duplicate/ECE-385/Vivado_Projects/Final_Project/lab_6.gen/sources_1/bd/mb_block/synth/mb_block.v:1791]
WARNING: [Synth 8-7071] port 'M07_AXI_arvalid' of module 'mb_block_microblaze_0_axi_periph_0' is unconnected for instance 'microblaze_0_axi_periph' [c:/Users/curti/OneDrive/Documents/UIUC/Duplicate/ECE-385/Vivado_Projects/Final_Project/lab_6.gen/sources_1/bd/mb_block/synth/mb_block.v:1791]
WARNING: [Synth 8-7071] port 'M07_AXI_awaddr' of module 'mb_block_microblaze_0_axi_periph_0' is unconnected for instance 'microblaze_0_axi_periph' [c:/Users/curti/OneDrive/Documents/UIUC/Duplicate/ECE-385/Vivado_Projects/Final_Project/lab_6.gen/sources_1/bd/mb_block/synth/mb_block.v:1791]
WARNING: [Synth 8-7071] port 'M07_AXI_awprot' of module 'mb_block_microblaze_0_axi_periph_0' is unconnected for instance 'microblaze_0_axi_periph' [c:/Users/curti/OneDrive/Documents/UIUC/Duplicate/ECE-385/Vivado_Projects/Final_Project/lab_6.gen/sources_1/bd/mb_block/synth/mb_block.v:1791]
WARNING: [Synth 8-7071] port 'M07_AXI_awvalid' of module 'mb_block_microblaze_0_axi_periph_0' is unconnected for instance 'microblaze_0_axi_periph' [c:/Users/curti/OneDrive/Documents/UIUC/Duplicate/ECE-385/Vivado_Projects/Final_Project/lab_6.gen/sources_1/bd/mb_block/synth/mb_block.v:1791]
WARNING: [Synth 8-7071] port 'M07_AXI_bready' of module 'mb_block_microblaze_0_axi_periph_0' is unconnected for instance 'microblaze_0_axi_periph' [c:/Users/curti/OneDrive/Documents/UIUC/Duplicate/ECE-385/Vivado_Projects/Final_Project/lab_6.gen/sources_1/bd/mb_block/synth/mb_block.v:1791]
WARNING: [Synth 8-7071] port 'M07_AXI_rready' of module 'mb_block_microblaze_0_axi_periph_0' is unconnected for instance 'microblaze_0_axi_periph' [c:/Users/curti/OneDrive/Documents/UIUC/Duplicate/ECE-385/Vivado_Projects/Final_Project/lab_6.gen/sources_1/bd/mb_block/synth/mb_block.v:1791]
WARNING: [Synth 8-7071] port 'M07_AXI_wdata' of module 'mb_block_microblaze_0_axi_periph_0' is unconnected for instance 'microblaze_0_axi_periph' [c:/Users/curti/OneDrive/Documents/UIUC/Duplicate/ECE-385/Vivado_Projects/Final_Project/lab_6.gen/sources_1/bd/mb_block/synth/mb_block.v:1791]
WARNING: [Synth 8-7071] port 'M07_AXI_wstrb' of module 'mb_block_microblaze_0_axi_periph_0' is unconnected for instance 'microblaze_0_axi_periph' [c:/Users/curti/OneDrive/Documents/UIUC/Duplicate/ECE-385/Vivado_Projects/Final_Project/lab_6.gen/sources_1/bd/mb_block/synth/mb_block.v:1791]
WARNING: [Synth 8-7071] port 'M07_AXI_wvalid' of module 'mb_block_microblaze_0_axi_periph_0' is unconnected for instance 'microblaze_0_axi_periph' [c:/Users/curti/OneDrive/Documents/UIUC/Duplicate/ECE-385/Vivado_Projects/Final_Project/lab_6.gen/sources_1/bd/mb_block/synth/mb_block.v:1791]
WARNING: [Synth 8-7071] port 'M08_AXI_araddr' of module 'mb_block_microblaze_0_axi_periph_0' is unconnected for instance 'microblaze_0_axi_periph' [c:/Users/curti/OneDrive/Documents/UIUC/Duplicate/ECE-385/Vivado_Projects/Final_Project/lab_6.gen/sources_1/bd/mb_block/synth/mb_block.v:1791]
WARNING: [Synth 8-7071] port 'M08_AXI_arprot' of module 'mb_block_microblaze_0_axi_periph_0' is unconnected for instance 'microblaze_0_axi_periph' [c:/Users/curti/OneDrive/Documents/UIUC/Duplicate/ECE-385/Vivado_Projects/Final_Project/lab_6.gen/sources_1/bd/mb_block/synth/mb_block.v:1791]
WARNING: [Synth 8-7071] port 'M08_AXI_arvalid' of module 'mb_block_microblaze_0_axi_periph_0' is unconnected for instance 'microblaze_0_axi_periph' [c:/Users/curti/OneDrive/Documents/UIUC/Duplicate/ECE-385/Vivado_Projects/Final_Project/lab_6.gen/sources_1/bd/mb_block/synth/mb_block.v:1791]
WARNING: [Synth 8-7071] port 'M08_AXI_awaddr' of module 'mb_block_microblaze_0_axi_periph_0' is unconnected for instance 'microblaze_0_axi_periph' [c:/Users/curti/OneDrive/Documents/UIUC/Duplicate/ECE-385/Vivado_Projects/Final_Project/lab_6.gen/sources_1/bd/mb_block/synth/mb_block.v:1791]
WARNING: [Synth 8-7071] port 'M08_AXI_awprot' of module 'mb_block_microblaze_0_axi_periph_0' is unconnected for instance 'microblaze_0_axi_periph' [c:/Users/curti/OneDrive/Documents/UIUC/Duplicate/ECE-385/Vivado_Projects/Final_Project/lab_6.gen/sources_1/bd/mb_block/synth/mb_block.v:1791]
WARNING: [Synth 8-7071] port 'M08_AXI_awvalid' of module 'mb_block_microblaze_0_axi_periph_0' is unconnected for instance 'microblaze_0_axi_periph' [c:/Users/curti/OneDrive/Documents/UIUC/Duplicate/ECE-385/Vivado_Projects/Final_Project/lab_6.gen/sources_1/bd/mb_block/synth/mb_block.v:1791]
WARNING: [Synth 8-7071] port 'M08_AXI_bready' of module 'mb_block_microblaze_0_axi_periph_0' is unconnected for instance 'microblaze_0_axi_periph' [c:/Users/curti/OneDrive/Documents/UIUC/Duplicate/ECE-385/Vivado_Projects/Final_Project/lab_6.gen/sources_1/bd/mb_block/synth/mb_block.v:1791]
WARNING: [Synth 8-7071] port 'M08_AXI_rready' of module 'mb_block_microblaze_0_axi_periph_0' is unconnected for instance 'microblaze_0_axi_periph' [c:/Users/curti/OneDrive/Documents/UIUC/Duplicate/ECE-385/Vivado_Projects/Final_Project/lab_6.gen/sources_1/bd/mb_block/synth/mb_block.v:1791]
WARNING: [Synth 8-7071] port 'M08_AXI_wdata' of module 'mb_block_microblaze_0_axi_periph_0' is unconnected for instance 'microblaze_0_axi_periph' [c:/Users/curti/OneDrive/Documents/UIUC/Duplicate/ECE-385/Vivado_Projects/Final_Project/lab_6.gen/sources_1/bd/mb_block/synth/mb_block.v:1791]
WARNING: [Synth 8-7071] port 'M08_AXI_wstrb' of module 'mb_block_microblaze_0_axi_periph_0' is unconnected for instance 'microblaze_0_axi_periph' [c:/Users/curti/OneDrive/Documents/UIUC/Duplicate/ECE-385/Vivado_Projects/Final_Project/lab_6.gen/sources_1/bd/mb_block/synth/mb_block.v:1791]
WARNING: [Synth 8-7071] port 'M08_AXI_wvalid' of module 'mb_block_microblaze_0_axi_periph_0' is unconnected for instance 'microblaze_0_axi_periph' [c:/Users/curti/OneDrive/Documents/UIUC/Duplicate/ECE-385/Vivado_Projects/Final_Project/lab_6.gen/sources_1/bd/mb_block/synth/mb_block.v:1791]
WARNING: [Synth 8-7071] port 'M09_AXI_araddr' of module 'mb_block_microblaze_0_axi_periph_0' is unconnected for instance 'microblaze_0_axi_periph' [c:/Users/curti/OneDrive/Documents/UIUC/Duplicate/ECE-385/Vivado_Projects/Final_Project/lab_6.gen/sources_1/bd/mb_block/synth/mb_block.v:1791]
WARNING: [Synth 8-7071] port 'M09_AXI_arprot' of module 'mb_block_microblaze_0_axi_periph_0' is unconnected for instance 'microblaze_0_axi_periph' [c:/Users/curti/OneDrive/Documents/UIUC/Duplicate/ECE-385/Vivado_Projects/Final_Project/lab_6.gen/sources_1/bd/mb_block/synth/mb_block.v:1791]
WARNING: [Synth 8-7071] port 'M09_AXI_arvalid' of module 'mb_block_microblaze_0_axi_periph_0' is unconnected for instance 'microblaze_0_axi_periph' [c:/Users/curti/OneDrive/Documents/UIUC/Duplicate/ECE-385/Vivado_Projects/Final_Project/lab_6.gen/sources_1/bd/mb_block/synth/mb_block.v:1791]
WARNING: [Synth 8-7071] port 'M09_AXI_awaddr' of module 'mb_block_microblaze_0_axi_periph_0' is unconnected for instance 'microblaze_0_axi_periph' [c:/Users/curti/OneDrive/Documents/UIUC/Duplicate/ECE-385/Vivado_Projects/Final_Project/lab_6.gen/sources_1/bd/mb_block/synth/mb_block.v:1791]
WARNING: [Synth 8-7071] port 'M09_AXI_awprot' of module 'mb_block_microblaze_0_axi_periph_0' is unconnected for instance 'microblaze_0_axi_periph' [c:/Users/curti/OneDrive/Documents/UIUC/Duplicate/ECE-385/Vivado_Projects/Final_Project/lab_6.gen/sources_1/bd/mb_block/synth/mb_block.v:1791]
WARNING: [Synth 8-7071] port 'M09_AXI_awvalid' of module 'mb_block_microblaze_0_axi_periph_0' is unconnected for instance 'microblaze_0_axi_periph' [c:/Users/curti/OneDrive/Documents/UIUC/Duplicate/ECE-385/Vivado_Projects/Final_Project/lab_6.gen/sources_1/bd/mb_block/synth/mb_block.v:1791]
WARNING: [Synth 8-7071] port 'M09_AXI_bready' of module 'mb_block_microblaze_0_axi_periph_0' is unconnected for instance 'microblaze_0_axi_periph' [c:/Users/curti/OneDrive/Documents/UIUC/Duplicate/ECE-385/Vivado_Projects/Final_Project/lab_6.gen/sources_1/bd/mb_block/synth/mb_block.v:1791]
WARNING: [Synth 8-7071] port 'M09_AXI_rready' of module 'mb_block_microblaze_0_axi_periph_0' is unconnected for instance 'microblaze_0_axi_periph' [c:/Users/curti/OneDrive/Documents/UIUC/Duplicate/ECE-385/Vivado_Projects/Final_Project/lab_6.gen/sources_1/bd/mb_block/synth/mb_block.v:1791]
WARNING: [Synth 8-7071] port 'M09_AXI_wdata' of module 'mb_block_microblaze_0_axi_periph_0' is unconnected for instance 'microblaze_0_axi_periph' [c:/Users/curti/OneDrive/Documents/UIUC/Duplicate/ECE-385/Vivado_Projects/Final_Project/lab_6.gen/sources_1/bd/mb_block/synth/mb_block.v:1791]
WARNING: [Synth 8-7071] port 'M09_AXI_wstrb' of module 'mb_block_microblaze_0_axi_periph_0' is unconnected for instance 'microblaze_0_axi_periph' [c:/Users/curti/OneDrive/Documents/UIUC/Duplicate/ECE-385/Vivado_Projects/Final_Project/lab_6.gen/sources_1/bd/mb_block/synth/mb_block.v:1791]
WARNING: [Synth 8-7071] port 'M09_AXI_wvalid' of module 'mb_block_microblaze_0_axi_periph_0' is unconnected for instance 'microblaze_0_axi_periph' [c:/Users/curti/OneDrive/Documents/UIUC/Duplicate/ECE-385/Vivado_Projects/Final_Project/lab_6.gen/sources_1/bd/mb_block/synth/mb_block.v:1791]
WARNING: [Synth 8-7023] instance 'microblaze_0_axi_periph' of module 'mb_block_microblaze_0_axi_periph_0' has 219 connections declared, but only 186 given [c:/Users/curti/OneDrive/Documents/UIUC/Duplicate/ECE-385/Vivado_Projects/Final_Project/lab_6.gen/sources_1/bd/mb_block/synth/mb_block.v:1791]
INFO: [Synth 8-6157] synthesizing module 'microblaze_0_local_memory_imp_G5BFEQ' [c:/Users/curti/OneDrive/Documents/UIUC/Duplicate/ECE-385/Vivado_Projects/Final_Project/lab_6.gen/sources_1/bd/mb_block/synth/mb_block.v:3590]
INFO: [Synth 8-6157] synthesizing module 'mb_block_dlmb_bram_if_cntlr_0' [C:/Users/curti/OneDrive/Documents/UIUC/Duplicate/ECE-385/Vivado_Projects/Final_Project/lab_6.runs/synth_1/.Xil/Vivado-1772-Curtis-Laptop/realtime/mb_block_dlmb_bram_if_cntlr_0_stub.v:5]
INFO: [Synth 8-6155] done synthesizing module 'mb_block_dlmb_bram_if_cntlr_0' (0#1) [C:/Users/curti/OneDrive/Documents/UIUC/Duplicate/ECE-385/Vivado_Projects/Final_Project/lab_6.runs/synth_1/.Xil/Vivado-1772-Curtis-Laptop/realtime/mb_block_dlmb_bram_if_cntlr_0_stub.v:5]
INFO: [Synth 8-6157] synthesizing module 'mb_block_dlmb_v10_0' [C:/Users/curti/OneDrive/Documents/UIUC/Duplicate/ECE-385/Vivado_Projects/Final_Project/lab_6.runs/synth_1/.Xil/Vivado-1772-Curtis-Laptop/realtime/mb_block_dlmb_v10_0_stub.v:5]
INFO: [Synth 8-6155] done synthesizing module 'mb_block_dlmb_v10_0' (0#1) [C:/Users/curti/OneDrive/Documents/UIUC/Duplicate/ECE-385/Vivado_Projects/Final_Project/lab_6.runs/synth_1/.Xil/Vivado-1772-Curtis-Laptop/realtime/mb_block_dlmb_v10_0_stub.v:5]
WARNING: [Synth 8-7071] port 'LMB_Rst' of module 'mb_block_dlmb_v10_0' is unconnected for instance 'dlmb_v10' [c:/Users/curti/OneDrive/Documents/UIUC/Duplicate/ECE-385/Vivado_Projects/Final_Project/lab_6.gen/sources_1/bd/mb_block/synth/mb_block.v:3736]
WARNING: [Synth 8-7023] instance 'dlmb_v10' of module 'mb_block_dlmb_v10_0' has 25 connections declared, but only 24 given [c:/Users/curti/OneDrive/Documents/UIUC/Duplicate/ECE-385/Vivado_Projects/Final_Project/lab_6.gen/sources_1/bd/mb_block/synth/mb_block.v:3736]
INFO: [Synth 8-6157] synthesizing module 'mb_block_ilmb_bram_if_cntlr_0' [C:/Users/curti/OneDrive/Documents/UIUC/Duplicate/ECE-385/Vivado_Projects/Final_Project/lab_6.runs/synth_1/.Xil/Vivado-1772-Curtis-Laptop/realtime/mb_block_ilmb_bram_if_cntlr_0_stub.v:5]
INFO: [Synth 8-6155] done synthesizing module 'mb_block_ilmb_bram_if_cntlr_0' (0#1) [C:/Users/curti/OneDrive/Documents/UIUC/Duplicate/ECE-385/Vivado_Projects/Final_Project/lab_6.runs/synth_1/.Xil/Vivado-1772-Curtis-Laptop/realtime/mb_block_ilmb_bram_if_cntlr_0_stub.v:5]
INFO: [Synth 8-6157] synthesizing module 'mb_block_ilmb_v10_0' [C:/Users/curti/OneDrive/Documents/UIUC/Duplicate/ECE-385/Vivado_Projects/Final_Project/lab_6.runs/synth_1/.Xil/Vivado-1772-Curtis-Laptop/realtime/mb_block_ilmb_v10_0_stub.v:5]
INFO: [Synth 8-6155] done synthesizing module 'mb_block_ilmb_v10_0' (0#1) [C:/Users/curti/OneDrive/Documents/UIUC/Duplicate/ECE-385/Vivado_Projects/Final_Project/lab_6.runs/synth_1/.Xil/Vivado-1772-Curtis-Laptop/realtime/mb_block_ilmb_v10_0_stub.v:5]
WARNING: [Synth 8-7071] port 'LMB_Rst' of module 'mb_block_ilmb_v10_0' is unconnected for instance 'ilmb_v10' [c:/Users/curti/OneDrive/Documents/UIUC/Duplicate/ECE-385/Vivado_Projects/Final_Project/lab_6.gen/sources_1/bd/mb_block/synth/mb_block.v:3782]
WARNING: [Synth 8-7023] instance 'ilmb_v10' of module 'mb_block_ilmb_v10_0' has 25 connections declared, but only 24 given [c:/Users/curti/OneDrive/Documents/UIUC/Duplicate/ECE-385/Vivado_Projects/Final_Project/lab_6.gen/sources_1/bd/mb_block/synth/mb_block.v:3782]
INFO: [Synth 8-6157] synthesizing module 'mb_block_lmb_bram_0' [C:/Users/curti/OneDrive/Documents/UIUC/Duplicate/ECE-385/Vivado_Projects/Final_Project/lab_6.runs/synth_1/.Xil/Vivado-1772-Curtis-Laptop/realtime/mb_block_lmb_bram_0_stub.v:5]
INFO: [Synth 8-6155] done synthesizing module 'mb_block_lmb_bram_0' (0#1) [C:/Users/curti/OneDrive/Documents/UIUC/Duplicate/ECE-385/Vivado_Projects/Final_Project/lab_6.runs/synth_1/.Xil/Vivado-1772-Curtis-Laptop/realtime/mb_block_lmb_bram_0_stub.v:5]
WARNING: [Synth 8-7071] port 'rsta_busy' of module 'mb_block_lmb_bram_0' is unconnected for instance 'lmb_bram' [c:/Users/curti/OneDrive/Documents/UIUC/Duplicate/ECE-385/Vivado_Projects/Final_Project/lab_6.gen/sources_1/bd/mb_block/synth/mb_block.v:3807]
WARNING: [Synth 8-7071] port 'rstb_busy' of module 'mb_block_lmb_bram_0' is unconnected for instance 'lmb_bram' [c:/Users/curti/OneDrive/Documents/UIUC/Duplicate/ECE-385/Vivado_Projects/Final_Project/lab_6.gen/sources_1/bd/mb_block/synth/mb_block.v:3807]
WARNING: [Synth 8-7023] instance 'lmb_bram' of module 'mb_block_lmb_bram_0' has 16 connections declared, but only 14 given [c:/Users/curti/OneDrive/Documents/UIUC/Duplicate/ECE-385/Vivado_Projects/Final_Project/lab_6.gen/sources_1/bd/mb_block/synth/mb_block.v:3807]
INFO: [Synth 8-6155] done synthesizing module 'microblaze_0_local_memory_imp_G5BFEQ' (0#1) [c:/Users/curti/OneDrive/Documents/UIUC/Duplicate/ECE-385/Vivado_Projects/Final_Project/lab_6.gen/sources_1/bd/mb_block/synth/mb_block.v:3590]
INFO: [Synth 8-6157] synthesizing module 'mb_block_rst_clk_wiz_1_100M_0' [C:/Users/curti/OneDrive/Documents/UIUC/Duplicate/ECE-385/Vivado_Projects/Final_Project/lab_6.runs/synth_1/.Xil/Vivado-1772-Curtis-Laptop/realtime/mb_block_rst_clk_wiz_1_100M_0_stub.v:5]
INFO: [Synth 8-6155] done synthesizing module 'mb_block_rst_clk_wiz_1_100M_0' (0#1) [C:/Users/curti/OneDrive/Documents/UIUC/Duplicate/ECE-385/Vivado_Projects/Final_Project/lab_6.runs/synth_1/.Xil/Vivado-1772-Curtis-Laptop/realtime/mb_block_rst_clk_wiz_1_100M_0_stub.v:5]
WARNING: [Synth 8-7071] port 'peripheral_reset' of module 'mb_block_rst_clk_wiz_1_100M_0' is unconnected for instance 'rst_clk_wiz_1_100M' [c:/Users/curti/OneDrive/Documents/UIUC/Duplicate/ECE-385/Vivado_Projects/Final_Project/lab_6.gen/sources_1/bd/mb_block/synth/mb_block.v:2000]
WARNING: [Synth 8-7071] port 'interconnect_aresetn' of module 'mb_block_rst_clk_wiz_1_100M_0' is unconnected for instance 'rst_clk_wiz_1_100M' [c:/Users/curti/OneDrive/Documents/UIUC/Duplicate/ECE-385/Vivado_Projects/Final_Project/lab_6.gen/sources_1/bd/mb_block/synth/mb_block.v:2000]
WARNING: [Synth 8-7023] instance 'rst_clk_wiz_1_100M' of module 'mb_block_rst_clk_wiz_1_100M_0' has 10 connections declared, but only 8 given [c:/Users/curti/OneDrive/Documents/UIUC/Duplicate/ECE-385/Vivado_Projects/Final_Project/lab_6.gen/sources_1/bd/mb_block/synth/mb_block.v:2000]
INFO: [Synth 8-6157] synthesizing module 'mb_block_axi_quad_spi_0_0' [C:/Users/curti/OneDrive/Documents/UIUC/Duplicate/ECE-385/Vivado_Projects/Final_Project/lab_6.runs/synth_1/.Xil/Vivado-1772-Curtis-Laptop/realtime/mb_block_axi_quad_spi_0_0_stub.v:5]
INFO: [Synth 8-6155] done synthesizing module 'mb_block_axi_quad_spi_0_0' (0#1) [C:/Users/curti/OneDrive/Documents/UIUC/Duplicate/ECE-385/Vivado_Projects/Final_Project/lab_6.runs/synth_1/.Xil/Vivado-1772-Curtis-Laptop/realtime/mb_block_axi_quad_spi_0_0_stub.v:5]
WARNING: [Synth 8-7071] port 'io0_t' of module 'mb_block_axi_quad_spi_0_0' is unconnected for instance 'spi_usb' [c:/Users/curti/OneDrive/Documents/UIUC/Duplicate/ECE-385/Vivado_Projects/Final_Project/lab_6.gen/sources_1/bd/mb_block/synth/mb_block.v:2009]
WARNING: [Synth 8-7071] port 'io1_o' of module 'mb_block_axi_quad_spi_0_0' is unconnected for instance 'spi_usb' [c:/Users/curti/OneDrive/Documents/UIUC/Duplicate/ECE-385/Vivado_Projects/Final_Project/lab_6.gen/sources_1/bd/mb_block/synth/mb_block.v:2009]
WARNING: [Synth 8-7071] port 'io1_t' of module 'mb_block_axi_quad_spi_0_0' is unconnected for instance 'spi_usb' [c:/Users/curti/OneDrive/Documents/UIUC/Duplicate/ECE-385/Vivado_Projects/Final_Project/lab_6.gen/sources_1/bd/mb_block/synth/mb_block.v:2009]
WARNING: [Synth 8-7071] port 'sck_t' of module 'mb_block_axi_quad_spi_0_0' is unconnected for instance 'spi_usb' [c:/Users/curti/OneDrive/Documents/UIUC/Duplicate/ECE-385/Vivado_Projects/Final_Project/lab_6.gen/sources_1/bd/mb_block/synth/mb_block.v:2009]
WARNING: [Synth 8-7071] port 'ss_t' of module 'mb_block_axi_quad_spi_0_0' is unconnected for instance 'spi_usb' [c:/Users/curti/OneDrive/Documents/UIUC/Duplicate/ECE-385/Vivado_Projects/Final_Project/lab_6.gen/sources_1/bd/mb_block/synth/mb_block.v:2009]
WARNING: [Synth 8-7023] instance 'spi_usb' of module 'mb_block_axi_quad_spi_0_0' has 33 connections declared, but only 28 given [c:/Users/curti/OneDrive/Documents/UIUC/Duplicate/ECE-385/Vivado_Projects/Final_Project/lab_6.gen/sources_1/bd/mb_block/synth/mb_block.v:2009]
INFO: [Synth 8-6157] synthesizing module 'mb_block_axi_timer_0_0' [C:/Users/curti/OneDrive/Documents/UIUC/Duplicate/ECE-385/Vivado_Projects/Final_Project/lab_6.runs/synth_1/.Xil/Vivado-1772-Curtis-Laptop/realtime/mb_block_axi_timer_0_0_stub.v:5]
INFO: [Synth 8-6155] done synthesizing module 'mb_block_axi_timer_0_0' (0#1) [C:/Users/curti/OneDrive/Documents/UIUC/Duplicate/ECE-385/Vivado_Projects/Final_Project/lab_6.runs/synth_1/.Xil/Vivado-1772-Curtis-Laptop/realtime/mb_block_axi_timer_0_0_stub.v:5]
WARNING: [Synth 8-7071] port 'generateout0' of module 'mb_block_axi_timer_0_0' is unconnected for instance 'timer_usb_axi' [c:/Users/curti/OneDrive/Documents/UIUC/Duplicate/ECE-385/Vivado_Projects/Final_Project/lab_6.gen/sources_1/bd/mb_block/synth/mb_block.v:2038]
WARNING: [Synth 8-7071] port 'generateout1' of module 'mb_block_axi_timer_0_0' is unconnected for instance 'timer_usb_axi' [c:/Users/curti/OneDrive/Documents/UIUC/Duplicate/ECE-385/Vivado_Projects/Final_Project/lab_6.gen/sources_1/bd/mb_block/synth/mb_block.v:2038]
WARNING: [Synth 8-7071] port 'pwm0' of module 'mb_block_axi_timer_0_0' is unconnected for instance 'timer_usb_axi' [c:/Users/curti/OneDrive/Documents/UIUC/Duplicate/ECE-385/Vivado_Projects/Final_Project/lab_6.gen/sources_1/bd/mb_block/synth/mb_block.v:2038]
WARNING: [Synth 8-7023] instance 'timer_usb_axi' of module 'mb_block_axi_timer_0_0' has 26 connections declared, but only 23 given [c:/Users/curti/OneDrive/Documents/UIUC/Duplicate/ECE-385/Vivado_Projects/Final_Project/lab_6.gen/sources_1/bd/mb_block/synth/mb_block.v:2038]
INFO: [Synth 8-6157] synthesizing module 'mb_block_xlconcat_0_0' [c:/Users/curti/OneDrive/Documents/UIUC/Duplicate/ECE-385/Vivado_Projects/Final_Project/lab_6.gen/sources_1/bd/mb_block/ip/mb_block_xlconcat_0_0/synth/mb_block_xlconcat_0_0.v:53]
INFO: [Synth 8-6157] synthesizing module 'xlconcat_v2_1_4_xlconcat' [c:/Users/curti/OneDrive/Documents/UIUC/Duplicate/ECE-385/Vivado_Projects/Final_Project/lab_6.gen/sources_1/bd/mb_block/ipshared/4b67/hdl/xlconcat_v2_1_vl_rfs.v:14]
INFO: [Synth 8-6155] done synthesizing module 'xlconcat_v2_1_4_xlconcat' (0#1) [c:/Users/curti/OneDrive/Documents/UIUC/Duplicate/ECE-385/Vivado_Projects/Final_Project/lab_6.gen/sources_1/bd/mb_block/ipshared/4b67/hdl/xlconcat_v2_1_vl_rfs.v:14]
INFO: [Synth 8-6155] done synthesizing module 'mb_block_xlconcat_0_0' (0#1) [c:/Users/curti/OneDrive/Documents/UIUC/Duplicate/ECE-385/Vivado_Projects/Final_Project/lab_6.gen/sources_1/bd/mb_block/ip/mb_block_xlconcat_0_0/synth/mb_block_xlconcat_0_0.v:53]
INFO: [Synth 8-6155] done synthesizing module 'mb_block' (0#1) [c:/Users/curti/OneDrive/Documents/UIUC/Duplicate/ECE-385/Vivado_Projects/Final_Project/lab_6.gen/sources_1/bd/mb_block/synth/mb_block.v:1374]
INFO: [Synth 8-6157] synthesizing module 'clk_wiz_0' [C:/Users/curti/OneDrive/Documents/UIUC/Duplicate/ECE-385/Vivado_Projects/Final_Project/lab_6.runs/synth_1/.Xil/Vivado-1772-Curtis-Laptop/realtime/clk_wiz_0_stub.v:5]
INFO: [Synth 8-6155] done synthesizing module 'clk_wiz_0' (0#1) [C:/Users/curti/OneDrive/Documents/UIUC/Duplicate/ECE-385/Vivado_Projects/Final_Project/lab_6.runs/synth_1/.Xil/Vivado-1772-Curtis-Laptop/realtime/clk_wiz_0_stub.v:5]
INFO: [Synth 8-6157] synthesizing module 'vga_controller' [C:/Users/curti/OneDrive/Documents/UIUC/Duplicate/ECE-385/Vivado_Projects/Final_Project/lab6_2_provided/design_source/VGA_controller.sv:26]
INFO: [Synth 8-6155] done synthesizing module 'vga_controller' (0#1) [C:/Users/curti/OneDrive/Documents/UIUC/Duplicate/ECE-385/Vivado_Projects/Final_Project/lab6_2_provided/design_source/VGA_controller.sv:26]
WARNING: [Synth 8-7071] port 'sync' of module 'vga_controller' is unconnected for instance 'vga' [C:/Users/curti/OneDrive/Documents/UIUC/Duplicate/ECE-385/Vivado_Projects/Final_Project/lab6_2_provided/design_source/mb_usb_hdmi_top.sv:92]
WARNING: [Synth 8-7023] instance 'vga' of module 'vga_controller' has 8 connections declared, but only 7 given [C:/Users/curti/OneDrive/Documents/UIUC/Duplicate/ECE-385/Vivado_Projects/Final_Project/lab6_2_provided/design_source/mb_usb_hdmi_top.sv:92]
INFO: [Synth 8-6157] synthesizing module 'hdmi_tx_0' [C:/Users/curti/OneDrive/Documents/UIUC/Duplicate/ECE-385/Vivado_Projects/Final_Project/lab_6.runs/synth_1/.Xil/Vivado-1772-Curtis-Laptop/realtime/hdmi_tx_0_stub.v:5]
INFO: [Synth 8-6155] done synthesizing module 'hdmi_tx_0' (0#1) [C:/Users/curti/OneDrive/Documents/UIUC/Duplicate/ECE-385/Vivado_Projects/Final_Project/lab_6.runs/synth_1/.Xil/Vivado-1772-Curtis-Laptop/realtime/hdmi_tx_0_stub.v:5]
INFO: [Synth 8-6157] synthesizing module 'arrow_mapper' [C:/Users/curti/OneDrive/Documents/UIUC/Duplicate/ECE-385/Vivado_Projects/Final_Project/lab_6.srcs/sources_1/new/arrow_mapper.sv:23]
INFO: [Synth 8-6157] synthesizing module 'background1' [C:/Users/curti/OneDrive/Documents/UIUC/Duplicate/ECE-385/Vivado_Projects/Final_Project/lab_6.srcs/sources_1/new/background1.sv:1]
INFO: [Synth 8-6157] synthesizing module 'background1_rom' [C:/Users/curti/OneDrive/Documents/UIUC/Duplicate/ECE-385/Vivado_Projects/Final_Project/lab_6.runs/synth_1/.Xil/Vivado-1772-Curtis-Laptop/realtime/background1_rom_stub.v:5]
INFO: [Synth 8-6155] done synthesizing module 'background1_rom' (0#1) [C:/Users/curti/OneDrive/Documents/UIUC/Duplicate/ECE-385/Vivado_Projects/Final_Project/lab_6.runs/synth_1/.Xil/Vivado-1772-Curtis-Laptop/realtime/background1_rom_stub.v:5]
WARNING: [Synth 8-2900] ignoring illegal expression in output port connection [C:/Users/curti/OneDrive/Documents/UIUC/Duplicate/ECE-385/Vivado_Projects/Final_Project/lab_6.srcs/sources_1/new/background1.sv:21]
WARNING: [Synth 8-7071] port 'clkb' of module 'background1_rom' is unconnected for instance 'background1_rom' [C:/Users/curti/OneDrive/Documents/UIUC/Duplicate/ECE-385/Vivado_Projects/Final_Project/lab_6.srcs/sources_1/new/background1.sv:14]
WARNING: [Synth 8-7071] port 'addrb' of module 'background1_rom' is unconnected for instance 'background1_rom' [C:/Users/curti/OneDrive/Documents/UIUC/Duplicate/ECE-385/Vivado_Projects/Final_Project/lab_6.srcs/sources_1/new/background1.sv:14]
WARNING: [Synth 8-7071] port 'dinb' of module 'background1_rom' is unconnected for instance 'background1_rom' [C:/Users/curti/OneDrive/Documents/UIUC/Duplicate/ECE-385/Vivado_Projects/Final_Project/lab_6.srcs/sources_1/new/background1.sv:14]
WARNING: [Synth 8-7023] instance 'background1_rom' of module 'background1_rom' has 10 connections declared, but only 7 given [C:/Users/curti/OneDrive/Documents/UIUC/Duplicate/ECE-385/Vivado_Projects/Final_Project/lab_6.srcs/sources_1/new/background1.sv:14]
INFO: [Synth 8-6157] synthesizing module 'background1_palette' [C:/Users/curti/OneDrive/Documents/UIUC/Duplicate/ECE-385/Vivado_Projects/Final_Project/lab_6.srcs/sources_1/new/background1.sv:33]
INFO: [Synth 8-6155] done synthesizing module 'background1_palette' (0#1) [C:/Users/curti/OneDrive/Documents/UIUC/Duplicate/ECE-385/Vivado_Projects/Final_Project/lab_6.srcs/sources_1/new/background1.sv:33]
INFO: [Synth 8-6155] done synthesizing module 'background1' (0#1) [C:/Users/curti/OneDrive/Documents/UIUC/Duplicate/ECE-385/Vivado_Projects/Final_Project/lab_6.srcs/sources_1/new/background1.sv:1]
INFO: [Synth 8-6157] synthesizing module 'a' [C:/Users/curti/OneDrive/Documents/UIUC/Duplicate/ECE-385/Vivado_Projects/Final_Project/Sprites/a/a_example.sv:1]
INFO: [Synth 8-6157] synthesizing module 'a_rom' [C:/Users/curti/OneDrive/Documents/UIUC/Duplicate/ECE-385/Vivado_Projects/Final_Project/lab_6.runs/synth_1/.Xil/Vivado-1772-Curtis-Laptop/realtime/a_rom_stub.v:5]
INFO: [Synth 8-6155] done synthesizing module 'a_rom' (0#1) [C:/Users/curti/OneDrive/Documents/UIUC/Duplicate/ECE-385/Vivado_Projects/Final_Project/lab_6.runs/synth_1/.Xil/Vivado-1772-Curtis-Laptop/realtime/a_rom_stub.v:5]
WARNING: [Synth 8-7071] port 'wea' of module 'a_rom' is unconnected for instance 'a_rom' [C:/Users/curti/OneDrive/Documents/UIUC/Duplicate/ECE-385/Vivado_Projects/Final_Project/Sprites/a/a_example.sv:21]
WARNING: [Synth 8-7071] port 'dina' of module 'a_rom' is unconnected for instance 'a_rom' [C:/Users/curti/OneDrive/Documents/UIUC/Duplicate/ECE-385/Vivado_Projects/Final_Project/Sprites/a/a_example.sv:21]
WARNING: [Synth 8-7071] port 'clkb' of module 'a_rom' is unconnected for instance 'a_rom' [C:/Users/curti/OneDrive/Documents/UIUC/Duplicate/ECE-385/Vivado_Projects/Final_Project/Sprites/a/a_example.sv:21]
WARNING: [Synth 8-7071] port 'web' of module 'a_rom' is unconnected for instance 'a_rom' [C:/Users/curti/OneDrive/Documents/UIUC/Duplicate/ECE-385/Vivado_Projects/Final_Project/Sprites/a/a_example.sv:21]
WARNING: [Synth 8-7071] port 'addrb' of module 'a_rom' is unconnected for instance 'a_rom' [C:/Users/curti/OneDrive/Documents/UIUC/Duplicate/ECE-385/Vivado_Projects/Final_Project/Sprites/a/a_example.sv:21]
WARNING: [Synth 8-7071] port 'dinb' of module 'a_rom' is unconnected for instance 'a_rom' [C:/Users/curti/OneDrive/Documents/UIUC/Duplicate/ECE-385/Vivado_Projects/Final_Project/Sprites/a/a_example.sv:21]
WARNING: [Synth 8-7071] port 'doutb' of module 'a_rom' is unconnected for instance 'a_rom' [C:/Users/curti/OneDrive/Documents/UIUC/Duplicate/ECE-385/Vivado_Projects/Final_Project/Sprites/a/a_example.sv:21]
WARNING: [Synth 8-7023] instance 'a_rom' of module 'a_rom' has 10 connections declared, but only 3 given [C:/Users/curti/OneDrive/Documents/UIUC/Duplicate/ECE-385/Vivado_Projects/Final_Project/Sprites/a/a_example.sv:21]
INFO: [Synth 8-6157] synthesizing module 'a_palette' [C:/Users/curti/OneDrive/Documents/UIUC/Duplicate/ECE-385/Vivado_Projects/Final_Project/Sprites/a/a_palette.sv:1]
INFO: [Synth 8-6155] done synthesizing module 'a_palette' (0#1) [C:/Users/curti/OneDrive/Documents/UIUC/Duplicate/ECE-385/Vivado_Projects/Final_Project/Sprites/a/a_palette.sv:1]
INFO: [Synth 8-6155] done synthesizing module 'a' (0#1) [C:/Users/curti/OneDrive/Documents/UIUC/Duplicate/ECE-385/Vivado_Projects/Final_Project/Sprites/a/a_example.sv:1]
INFO: [Synth 8-6157] synthesizing module 'd' [C:/Users/curti/OneDrive/Documents/UIUC/Duplicate/ECE-385/Vivado_Projects/Final_Project/Sprites/d/d_example.sv:1]
INFO: [Synth 8-6157] synthesizing module 'd_rom' [C:/Users/curti/OneDrive/Documents/UIUC/Duplicate/ECE-385/Vivado_Projects/Final_Project/lab_6.runs/synth_1/.Xil/Vivado-1772-Curtis-Laptop/realtime/d_rom_stub.v:5]
INFO: [Synth 8-6155] done synthesizing module 'd_rom' (0#1) [C:/Users/curti/OneDrive/Documents/UIUC/Duplicate/ECE-385/Vivado_Projects/Final_Project/lab_6.runs/synth_1/.Xil/Vivado-1772-Curtis-Laptop/realtime/d_rom_stub.v:5]
WARNING: [Synth 8-7071] port 'wea' of module 'd_rom' is unconnected for instance 'd_rom' [C:/Users/curti/OneDrive/Documents/UIUC/Duplicate/ECE-385/Vivado_Projects/Final_Project/Sprites/d/d_example.sv:21]
WARNING: [Synth 8-7071] port 'dina' of module 'd_rom' is unconnected for instance 'd_rom' [C:/Users/curti/OneDrive/Documents/UIUC/Duplicate/ECE-385/Vivado_Projects/Final_Project/Sprites/d/d_example.sv:21]
WARNING: [Synth 8-7071] port 'clkb' of module 'd_rom' is unconnected for instance 'd_rom' [C:/Users/curti/OneDrive/Documents/UIUC/Duplicate/ECE-385/Vivado_Projects/Final_Project/Sprites/d/d_example.sv:21]
WARNING: [Synth 8-7071] port 'web' of module 'd_rom' is unconnected for instance 'd_rom' [C:/Users/curti/OneDrive/Documents/UIUC/Duplicate/ECE-385/Vivado_Projects/Final_Project/Sprites/d/d_example.sv:21]
WARNING: [Synth 8-7071] port 'addrb' of module 'd_rom' is unconnected for instance 'd_rom' [C:/Users/curti/OneDrive/Documents/UIUC/Duplicate/ECE-385/Vivado_Projects/Final_Project/Sprites/d/d_example.sv:21]
WARNING: [Synth 8-7071] port 'dinb' of module 'd_rom' is unconnected for instance 'd_rom' [C:/Users/curti/OneDrive/Documents/UIUC/Duplicate/ECE-385/Vivado_Projects/Final_Project/Sprites/d/d_example.sv:21]
WARNING: [Synth 8-7071] port 'doutb' of module 'd_rom' is unconnected for instance 'd_rom' [C:/Users/curti/OneDrive/Documents/UIUC/Duplicate/ECE-385/Vivado_Projects/Final_Project/Sprites/d/d_example.sv:21]
WARNING: [Synth 8-7023] instance 'd_rom' of module 'd_rom' has 10 connections declared, but only 3 given [C:/Users/curti/OneDrive/Documents/UIUC/Duplicate/ECE-385/Vivado_Projects/Final_Project/Sprites/d/d_example.sv:21]
INFO: [Synth 8-6157] synthesizing module 'd_palette' [C:/Users/curti/OneDrive/Documents/UIUC/Duplicate/ECE-385/Vivado_Projects/Final_Project/Sprites/d/d_palette.sv:1]
INFO: [Synth 8-6155] done synthesizing module 'd_palette' (0#1) [C:/Users/curti/OneDrive/Documents/UIUC/Duplicate/ECE-385/Vivado_Projects/Final_Project/Sprites/d/d_palette.sv:1]
INFO: [Synth 8-6155] done synthesizing module 'd' (0#1) [C:/Users/curti/OneDrive/Documents/UIUC/Duplicate/ECE-385/Vivado_Projects/Final_Project/Sprites/d/d_example.sv:1]
INFO: [Synth 8-6157] synthesizing module 'arrow_left' [C:/Users/curti/OneDrive/Documents/UIUC/Duplicate/ECE-385/Vivado_Projects/Final_Project/Sprites/arrow_left/arrow_left_example.sv:1]
INFO: [Synth 8-6157] synthesizing module 'arrow_left_rom' [C:/Users/curti/OneDrive/Documents/UIUC/Duplicate/ECE-385/Vivado_Projects/Final_Project/lab_6.runs/synth_1/.Xil/Vivado-1772-Curtis-Laptop/realtime/arrow_left_rom_stub.v:5]
INFO: [Synth 8-6155] done synthesizing module 'arrow_left_rom' (0#1) [C:/Users/curti/OneDrive/Documents/UIUC/Duplicate/ECE-385/Vivado_Projects/Final_Project/lab_6.runs/synth_1/.Xil/Vivado-1772-Curtis-Laptop/realtime/arrow_left_rom_stub.v:5]
WARNING: [Synth 8-689] width (4) of port connection 'douta' does not match port width (3) of module 'arrow_left_rom' [C:/Users/curti/OneDrive/Documents/UIUC/Duplicate/ECE-385/Vivado_Projects/Final_Project/Sprites/arrow_left/arrow_left_example.sv:24]
WARNING: [Synth 8-7071] port 'wea' of module 'arrow_left_rom' is unconnected for instance 'arrow_left_rom' [C:/Users/curti/OneDrive/Documents/UIUC/Duplicate/ECE-385/Vivado_Projects/Final_Project/Sprites/arrow_left/arrow_left_example.sv:21]
WARNING: [Synth 8-7071] port 'dina' of module 'arrow_left_rom' is unconnected for instance 'arrow_left_rom' [C:/Users/curti/OneDrive/Documents/UIUC/Duplicate/ECE-385/Vivado_Projects/Final_Project/Sprites/arrow_left/arrow_left_example.sv:21]
WARNING: [Synth 8-7071] port 'clkb' of module 'arrow_left_rom' is unconnected for instance 'arrow_left_rom' [C:/Users/curti/OneDrive/Documents/UIUC/Duplicate/ECE-385/Vivado_Projects/Final_Project/Sprites/arrow_left/arrow_left_example.sv:21]
WARNING: [Synth 8-7071] port 'web' of module 'arrow_left_rom' is unconnected for instance 'arrow_left_rom' [C:/Users/curti/OneDrive/Documents/UIUC/Duplicate/ECE-385/Vivado_Projects/Final_Project/Sprites/arrow_left/arrow_left_example.sv:21]
WARNING: [Synth 8-7071] port 'addrb' of module 'arrow_left_rom' is unconnected for instance 'arrow_left_rom' [C:/Users/curti/OneDrive/Documents/UIUC/Duplicate/ECE-385/Vivado_Projects/Final_Project/Sprites/arrow_left/arrow_left_example.sv:21]
WARNING: [Synth 8-7071] port 'dinb' of module 'arrow_left_rom' is unconnected for instance 'arrow_left_rom' [C:/Users/curti/OneDrive/Documents/UIUC/Duplicate/ECE-385/Vivado_Projects/Final_Project/Sprites/arrow_left/arrow_left_example.sv:21]
WARNING: [Synth 8-7071] port 'doutb' of module 'arrow_left_rom' is unconnected for instance 'arrow_left_rom' [C:/Users/curti/OneDrive/Documents/UIUC/Duplicate/ECE-385/Vivado_Projects/Final_Project/Sprites/arrow_left/arrow_left_example.sv:21]
WARNING: [Synth 8-7023] instance 'arrow_left_rom' of module 'arrow_left_rom' has 10 connections declared, but only 3 given [C:/Users/curti/OneDrive/Documents/UIUC/Duplicate/ECE-385/Vivado_Projects/Final_Project/Sprites/arrow_left/arrow_left_example.sv:21]
INFO: [Synth 8-6157] synthesizing module 'arrow_left_palette' [C:/Users/curti/OneDrive/Documents/UIUC/Duplicate/ECE-385/Vivado_Projects/Final_Project/Sprites/arrow_left/arrow_left_palette.sv:1]
INFO: [Synth 8-6155] done synthesizing module 'arrow_left_palette' (0#1) [C:/Users/curti/OneDrive/Documents/UIUC/Duplicate/ECE-385/Vivado_Projects/Final_Project/Sprites/arrow_left/arrow_left_palette.sv:1]
WARNING: [Synth 8-689] width (4) of port connection 'index' does not match port width (3) of module 'arrow_left_palette' [C:/Users/curti/OneDrive/Documents/UIUC/Duplicate/ECE-385/Vivado_Projects/Final_Project/Sprites/arrow_left/arrow_left_example.sv:28]
INFO: [Synth 8-6155] done synthesizing module 'arrow_left' (0#1) [C:/Users/curti/OneDrive/Documents/UIUC/Duplicate/ECE-385/Vivado_Projects/Final_Project/Sprites/arrow_left/arrow_left_example.sv:1]
INFO: [Synth 8-6157] synthesizing module 'arrow_right' [C:/Users/curti/OneDrive/Documents/UIUC/Duplicate/ECE-385/Vivado_Projects/Final_Project/Sprites/arrow_right/arrow_right_example.sv:1]
INFO: [Synth 8-6157] synthesizing module 'arrow_right_rom' [C:/Users/curti/OneDrive/Documents/UIUC/Duplicate/ECE-385/Vivado_Projects/Final_Project/lab_6.runs/synth_1/.Xil/Vivado-1772-Curtis-Laptop/realtime/arrow_right_rom_stub.v:5]
INFO: [Synth 8-6155] done synthesizing module 'arrow_right_rom' (0#1) [C:/Users/curti/OneDrive/Documents/UIUC/Duplicate/ECE-385/Vivado_Projects/Final_Project/lab_6.runs/synth_1/.Xil/Vivado-1772-Curtis-Laptop/realtime/arrow_right_rom_stub.v:5]
WARNING: [Synth 8-7071] port 'wea' of module 'arrow_right_rom' is unconnected for instance 'arrow_right_rom' [C:/Users/curti/OneDrive/Documents/UIUC/Duplicate/ECE-385/Vivado_Projects/Final_Project/Sprites/arrow_right/arrow_right_example.sv:21]
WARNING: [Synth 8-7071] port 'dina' of module 'arrow_right_rom' is unconnected for instance 'arrow_right_rom' [C:/Users/curti/OneDrive/Documents/UIUC/Duplicate/ECE-385/Vivado_Projects/Final_Project/Sprites/arrow_right/arrow_right_example.sv:21]
WARNING: [Synth 8-7071] port 'clkb' of module 'arrow_right_rom' is unconnected for instance 'arrow_right_rom' [C:/Users/curti/OneDrive/Documents/UIUC/Duplicate/ECE-385/Vivado_Projects/Final_Project/Sprites/arrow_right/arrow_right_example.sv:21]
WARNING: [Synth 8-7071] port 'web' of module 'arrow_right_rom' is unconnected for instance 'arrow_right_rom' [C:/Users/curti/OneDrive/Documents/UIUC/Duplicate/ECE-385/Vivado_Projects/Final_Project/Sprites/arrow_right/arrow_right_example.sv:21]
WARNING: [Synth 8-7071] port 'addrb' of module 'arrow_right_rom' is unconnected for instance 'arrow_right_rom' [C:/Users/curti/OneDrive/Documents/UIUC/Duplicate/ECE-385/Vivado_Projects/Final_Project/Sprites/arrow_right/arrow_right_example.sv:21]
WARNING: [Synth 8-7071] port 'dinb' of module 'arrow_right_rom' is unconnected for instance 'arrow_right_rom' [C:/Users/curti/OneDrive/Documents/UIUC/Duplicate/ECE-385/Vivado_Projects/Final_Project/Sprites/arrow_right/arrow_right_example.sv:21]
WARNING: [Synth 8-7071] port 'doutb' of module 'arrow_right_rom' is unconnected for instance 'arrow_right_rom' [C:/Users/curti/OneDrive/Documents/UIUC/Duplicate/ECE-385/Vivado_Projects/Final_Project/Sprites/arrow_right/arrow_right_example.sv:21]
WARNING: [Synth 8-7023] instance 'arrow_right_rom' of module 'arrow_right_rom' has 10 connections declared, but only 3 given [C:/Users/curti/OneDrive/Documents/UIUC/Duplicate/ECE-385/Vivado_Projects/Final_Project/Sprites/arrow_right/arrow_right_example.sv:21]
INFO: [Synth 8-6157] synthesizing module 'arrow_right_palette' [C:/Users/curti/OneDrive/Documents/UIUC/Duplicate/ECE-385/Vivado_Projects/Final_Project/Sprites/arrow_right/arrow_right_palette.sv:1]
INFO: [Synth 8-6155] done synthesizing module 'arrow_right_palette' (0#1) [C:/Users/curti/OneDrive/Documents/UIUC/Duplicate/ECE-385/Vivado_Projects/Final_Project/Sprites/arrow_right/arrow_right_palette.sv:1]
INFO: [Synth 8-6155] done synthesizing module 'arrow_right' (0#1) [C:/Users/curti/OneDrive/Documents/UIUC/Duplicate/ECE-385/Vivado_Projects/Final_Project/Sprites/arrow_right/arrow_right_example.sv:1]
INFO: [Synth 8-6155] done synthesizing module 'arrow_mapper' (0#1) [C:/Users/curti/OneDrive/Documents/UIUC/Duplicate/ECE-385/Vivado_Projects/Final_Project/lab_6.srcs/sources_1/new/arrow_mapper.sv:23]
INFO: [Synth 8-6157] synthesizing module 'hex_driver' [C:/Users/curti/OneDrive/Documents/UIUC/Duplicate/ECE-385/Vivado_Projects/Final_Project/lab6_2_provided/design_source/hex_driver.sv:1]
INFO: [Synth 8-6157] synthesizing module 'nibble_to_hex' [C:/Users/curti/OneDrive/Documents/UIUC/Duplicate/ECE-385/Vivado_Projects/Final_Project/lab6_2_provided/design_source/hex_driver.sv:11]
INFO: [Synth 8-6155] done synthesizing module 'nibble_to_hex' (0#1) [C:/Users/curti/OneDrive/Documents/UIUC/Duplicate/ECE-385/Vivado_Projects/Final_Project/lab6_2_provided/design_source/hex_driver.sv:11]
INFO: [Synth 8-6157] synthesizing module 'nibble_to_hex' [C:/Users/curti/OneDrive/Documents/UIUC/Duplicate/ECE-385/Vivado_Projects/Final_Project/lab6_2_provided/design_source/hex_driver.sv:11]
INFO: [Synth 8-6155] done synthesizing module 'nibble_to_hex' (0#1) [C:/Users/curti/OneDrive/Documents/UIUC/Duplicate/ECE-385/Vivado_Projects/Final_Project/lab6_2_provided/design_source/hex_driver.sv:11]
INFO: [Synth 8-6157] synthesizing module 'nibble_to_hex' [C:/Users/curti/OneDrive/Documents/UIUC/Duplicate/ECE-385/Vivado_Projects/Final_Project/lab6_2_provided/design_source/hex_driver.sv:11]
INFO: [Synth 8-6155] done synthesizing module 'nibble_to_hex' (0#1) [C:/Users/curti/OneDrive/Documents/UIUC/Duplicate/ECE-385/Vivado_Projects/Final_Project/lab6_2_provided/design_source/hex_driver.sv:11]
INFO: [Synth 8-6157] synthesizing module 'nibble_to_hex' [C:/Users/curti/OneDrive/Documents/UIUC/Duplicate/ECE-385/Vivado_Projects/Final_Project/lab6_2_provided/design_source/hex_driver.sv:11]
INFO: [Synth 8-6155] done synthesizing module 'nibble_to_hex' (0#1) [C:/Users/curti/OneDrive/Documents/UIUC/Duplicate/ECE-385/Vivado_Projects/Final_Project/lab6_2_provided/design_source/hex_driver.sv:11]
INFO: [Synth 8-6155] done synthesizing module 'hex_driver' (0#1) [C:/Users/curti/OneDrive/Documents/UIUC/Duplicate/ECE-385/Vivado_Projects/Final_Project/lab6_2_provided/design_source/hex_driver.sv:1]
INFO: [Synth 8-6155] done synthesizing module 'mb_usb_hdmi_top' (0#1) [C:/Users/curti/OneDrive/Documents/UIUC/Duplicate/ECE-385/Vivado_Projects/Final_Project/lab6_2_provided/design_source/mb_usb_hdmi_top.sv:14]
WARNING: [Synth 8-87] always_comb on 'DrawAX_reg' did not result in combinational logic [C:/Users/curti/OneDrive/Documents/UIUC/Duplicate/ECE-385/Vivado_Projects/Final_Project/lab_6.srcs/sources_1/new/arrow_mapper.sv:101]
WARNING: [Synth 8-87] always_comb on 'DrawAY_reg' did not result in combinational logic [C:/Users/curti/OneDrive/Documents/UIUC/Duplicate/ECE-385/Vivado_Projects/Final_Project/lab_6.srcs/sources_1/new/arrow_mapper.sv:102]
WARNING: [Synth 8-87] always_comb on 'DrawDX_reg' did not result in combinational logic [C:/Users/curti/OneDrive/Documents/UIUC/Duplicate/ECE-385/Vivado_Projects/Final_Project/lab_6.srcs/sources_1/new/arrow_mapper.sv:119]
WARNING: [Synth 8-87] always_comb on 'DrawDY_reg' did not result in combinational logic [C:/Users/curti/OneDrive/Documents/UIUC/Duplicate/ECE-385/Vivado_Projects/Final_Project/lab_6.srcs/sources_1/new/arrow_mapper.sv:120]
WARNING: [Synth 8-87] always_comb on 'DrawLX_reg' did not result in combinational logic [C:/Users/curti/OneDrive/Documents/UIUC/Duplicate/ECE-385/Vivado_Projects/Final_Project/lab_6.srcs/sources_1/new/arrow_mapper.sv:137]
WARNING: [Synth 8-87] always_comb on 'DrawLY_reg' did not result in combinational logic [C:/Users/curti/OneDrive/Documents/UIUC/Duplicate/ECE-385/Vivado_Projects/Final_Project/lab_6.srcs/sources_1/new/arrow_mapper.sv:138]
WARNING: [Synth 8-87] always_comb on 'DrawRX_reg' did not result in combinational logic [C:/Users/curti/OneDrive/Documents/UIUC/Duplicate/ECE-385/Vivado_Projects/Final_Project/lab_6.srcs/sources_1/new/arrow_mapper.sv:155]
WARNING: [Synth 8-87] always_comb on 'DrawRY_reg' did not result in combinational logic [C:/Users/curti/OneDrive/Documents/UIUC/Duplicate/ECE-385/Vivado_Projects/Final_Project/lab_6.srcs/sources_1/new/arrow_mapper.sv:156]
WARNING: [Synth 8-6014] Unused sequential element found_reg was removed.  [C:/Users/curti/OneDrive/Documents/UIUC/Duplicate/ECE-385/Vivado_Projects/Final_Project/lab6_2_provided/design_source/mb_usb_hdmi_top.sv:197]
WARNING: [Synth 8-7137] Register level_mod_reg in module mb_usb_hdmi_top has both Set and reset with same priority. This may cause simulation mismatches. Consider rewriting code  [C:/Users/curti/OneDrive/Documents/UIUC/Duplicate/ECE-385/Vivado_Projects/Final_Project/lab6_2_provided/design_source/mb_usb_hdmi_top.sv:184]
WARNING: [Synth 8-7137] Register a_flag_reg in module mb_usb_hdmi_top has both Set and reset with same priority. This may cause simulation mismatches. Consider rewriting code  [C:/Users/curti/OneDrive/Documents/UIUC/Duplicate/ECE-385/Vivado_Projects/Final_Project/lab6_2_provided/design_source/mb_usb_hdmi_top.sv:256]
WARNING: [Synth 8-7137] Register maxIndex_reg in module mb_usb_hdmi_top has both Set and reset with same priority. This may cause simulation mismatches. Consider rewriting code  [C:/Users/curti/OneDrive/Documents/UIUC/Duplicate/ECE-385/Vivado_Projects/Final_Project/lab6_2_provided/design_source/mb_usb_hdmi_top.sv:263]
WARNING: [Synth 8-7137] Register score1_reg in module mb_usb_hdmi_top has both Set and reset with same priority. This may cause simulation mismatches. Consider rewriting code  [C:/Users/curti/OneDrive/Documents/UIUC/Duplicate/ECE-385/Vivado_Projects/Final_Project/lab6_2_provided/design_source/mb_usb_hdmi_top.sv:270]
WARNING: [Synth 8-7137] Register d_flag_reg in module mb_usb_hdmi_top has both Set and reset with same priority. This may cause simulation mismatches. Consider rewriting code  [C:/Users/curti/OneDrive/Documents/UIUC/Duplicate/ECE-385/Vivado_Projects/Final_Project/lab6_2_provided/design_source/mb_usb_hdmi_top.sv:288]
WARNING: [Synth 8-7137] Register maxIndex_reg in module mb_usb_hdmi_top has both Set and reset with same priority. This may cause simulation mismatches. Consider rewriting code  [C:/Users/curti/OneDrive/Documents/UIUC/Duplicate/ECE-385/Vivado_Projects/Final_Project/lab6_2_provided/design_source/mb_usb_hdmi_top.sv:295]
WARNING: [Synth 8-7137] Register l_flag_reg in module mb_usb_hdmi_top has both Set and reset with same priority. This may cause simulation mismatches. Consider rewriting code  [C:/Users/curti/OneDrive/Documents/UIUC/Duplicate/ECE-385/Vivado_Projects/Final_Project/lab6_2_provided/design_source/mb_usb_hdmi_top.sv:318]
WARNING: [Synth 8-7137] Register maxIndex_reg in module mb_usb_hdmi_top has both Set and reset with same priority. This may cause simulation mismatches. Consider rewriting code  [C:/Users/curti/OneDrive/Documents/UIUC/Duplicate/ECE-385/Vivado_Projects/Final_Project/lab6_2_provided/design_source/mb_usb_hdmi_top.sv:325]
WARNING: [Synth 8-7137] Register score2_reg in module mb_usb_hdmi_top has both Set and reset with same priority. This may cause simulation mismatches. Consider rewriting code  [C:/Users/curti/OneDrive/Documents/UIUC/Duplicate/ECE-385/Vivado_Projects/Final_Project/lab6_2_provided/design_source/mb_usb_hdmi_top.sv:333]
WARNING: [Synth 8-7137] Register r_flag_reg in module mb_usb_hdmi_top has both Set and reset with same priority. This may cause simulation mismatches. Consider rewriting code  [C:/Users/curti/OneDrive/Documents/UIUC/Duplicate/ECE-385/Vivado_Projects/Final_Project/lab6_2_provided/design_source/mb_usb_hdmi_top.sv:363]
WARNING: [Synth 8-7137] Register maxIndex_reg in module mb_usb_hdmi_top has both Set and reset with same priority. This may cause simulation mismatches. Consider rewriting code  [C:/Users/curti/OneDrive/Documents/UIUC/Duplicate/ECE-385/Vivado_Projects/Final_Project/lab6_2_provided/design_source/mb_usb_hdmi_top.sv:370]
WARNING: [Synth 8-7137] Register toggle_flag_reg in module mb_usb_hdmi_top has both Set and reset with same priority. This may cause simulation mismatches. Consider rewriting code  [C:/Users/curti/OneDrive/Documents/UIUC/Duplicate/ECE-385/Vivado_Projects/Final_Project/lab6_2_provided/design_source/mb_usb_hdmi_top.sv:408]
WARNING: [Synth 8-7129] Port vsync in module arrow_mapper is either unconnected or has no load
WARNING: [Synth 8-7129] Port In4[0] in module xlconcat_v2_1_4_xlconcat is either unconnected or has no load
WARNING: [Synth 8-7129] Port In5[0] in module xlconcat_v2_1_4_xlconcat is either unconnected or has no load
WARNING: [Synth 8-7129] Port In6[0] in module xlconcat_v2_1_4_xlconcat is either unconnected or has no load
WARNING: [Synth 8-7129] Port In7[0] in module xlconcat_v2_1_4_xlconcat is either unconnected or has no load
WARNING: [Synth 8-7129] Port In8[0] in module xlconcat_v2_1_4_xlconcat is either unconnected or has no load
WARNING: [Synth 8-7129] Port In9[0] in module xlconcat_v2_1_4_xlconcat is either unconnected or has no load
WARNING: [Synth 8-7129] Port In10[0] in module xlconcat_v2_1_4_xlconcat is either unconnected or has no load
WARNING: [Synth 8-7129] Port In11[0] in module xlconcat_v2_1_4_xlconcat is either unconnected or has no load
WARNING: [Synth 8-7129] Port In12[0] in module xlconcat_v2_1_4_xlconcat is either unconnected or has no load
WARNING: [Synth 8-7129] Port In13[0] in module xlconcat_v2_1_4_xlconcat is either unconnected or has no load
WARNING: [Synth 8-7129] Port In14[0] in module xlconcat_v2_1_4_xlconcat is either unconnected or has no load
WARNING: [Synth 8-7129] Port In15[0] in module xlconcat_v2_1_4_xlconcat is either unconnected or has no load
WARNING: [Synth 8-7129] Port In16[0] in module xlconcat_v2_1_4_xlconcat is either unconnected or has no load
WARNING: [Synth 8-7129] Port In17[0] in module xlconcat_v2_1_4_xlconcat is either unconnected or has no load
WARNING: [Synth 8-7129] Port In18[0] in module xlconcat_v2_1_4_xlconcat is either unconnected or has no load
WARNING: [Synth 8-7129] Port In19[0] in module xlconcat_v2_1_4_xlconcat is either unconnected or has no load
WARNING: [Synth 8-7129] Port In20[0] in module xlconcat_v2_1_4_xlconcat is either unconnected or has no load
WARNING: [Synth 8-7129] Port In21[0] in module xlconcat_v2_1_4_xlconcat is either unconnected or has no load
WARNING: [Synth 8-7129] Port In22[0] in module xlconcat_v2_1_4_xlconcat is either unconnected or has no load
WARNING: [Synth 8-7129] Port In23[0] in module xlconcat_v2_1_4_xlconcat is either unconnected or has no load
WARNING: [Synth 8-7129] Port In24[0] in module xlconcat_v2_1_4_xlconcat is either unconnected or has no load
WARNING: [Synth 8-7129] Port In25[0] in module xlconcat_v2_1_4_xlconcat is either unconnected or has no load
WARNING: [Synth 8-7129] Port In26[0] in module xlconcat_v2_1_4_xlconcat is either unconnected or has no load
WARNING: [Synth 8-7129] Port In27[0] in module xlconcat_v2_1_4_xlconcat is either unconnected or has no load
WARNING: [Synth 8-7129] Port In28[0] in module xlconcat_v2_1_4_xlconcat is either unconnected or has no load
WARNING: [Synth 8-7129] Port In29[0] in module xlconcat_v2_1_4_xlconcat is either unconnected or has no load
WARNING: [Synth 8-7129] Port In30[0] in module xlconcat_v2_1_4_xlconcat is either unconnected or has no load
WARNING: [Synth 8-7129] Port In31[0] in module xlconcat_v2_1_4_xlconcat is either unconnected or has no load
WARNING: [Synth 8-7129] Port In32[0] in module xlconcat_v2_1_4_xlconcat is either unconnected or has no load
WARNING: [Synth 8-7129] Port In33[0] in module xlconcat_v2_1_4_xlconcat is either unconnected or has no load
WARNING: [Synth 8-7129] Port In34[0] in module xlconcat_v2_1_4_xlconcat is either unconnected or has no load
WARNING: [Synth 8-7129] Port In35[0] in module xlconcat_v2_1_4_xlconcat is either unconnected or has no load
WARNING: [Synth 8-7129] Port In36[0] in module xlconcat_v2_1_4_xlconcat is either unconnected or has no load
WARNING: [Synth 8-7129] Port In37[0] in module xlconcat_v2_1_4_xlconcat is either unconnected or has no load
WARNING: [Synth 8-7129] Port In38[0] in module xlconcat_v2_1_4_xlconcat is either unconnected or has no load
WARNING: [Synth 8-7129] Port In39[0] in module xlconcat_v2_1_4_xlconcat is either unconnected or has no load
WARNING: [Synth 8-7129] Port In40[0] in module xlconcat_v2_1_4_xlconcat is either unconnected or has no load
WARNING: [Synth 8-7129] Port In41[0] in module xlconcat_v2_1_4_xlconcat is either unconnected or has no load
WARNING: [Synth 8-7129] Port In42[0] in module xlconcat_v2_1_4_xlconcat is either unconnected or has no load
WARNING: [Synth 8-7129] Port In43[0] in module xlconcat_v2_1_4_xlconcat is either unconnected or has no load
WARNING: [Synth 8-7129] Port In44[0] in module xlconcat_v2_1_4_xlconcat is either unconnected or has no load
WARNING: [Synth 8-7129] Port In45[0] in module xlconcat_v2_1_4_xlconcat is either unconnected or has no load
WARNING: [Synth 8-7129] Port In46[0] in module xlconcat_v2_1_4_xlconcat is either unconnected or has no load
WARNING: [Synth 8-7129] Port In47[0] in module xlconcat_v2_1_4_xlconcat is either unconnected or has no load
WARNING: [Synth 8-7129] Port In48[0] in module xlconcat_v2_1_4_xlconcat is either unconnected or has no load
WARNING: [Synth 8-7129] Port In49[0] in module xlconcat_v2_1_4_xlconcat is either unconnected or has no load
WARNING: [Synth 8-7129] Port In50[0] in module xlconcat_v2_1_4_xlconcat is either unconnected or has no load
WARNING: [Synth 8-7129] Port In51[0] in module xlconcat_v2_1_4_xlconcat is either unconnected or has no load
WARNING: [Synth 8-7129] Port In52[0] in module xlconcat_v2_1_4_xlconcat is either unconnected or has no load
WARNING: [Synth 8-7129] Port In53[0] in module xlconcat_v2_1_4_xlconcat is either unconnected or has no load
WARNING: [Synth 8-7129] Port In54[0] in module xlconcat_v2_1_4_xlconcat is either unconnected or has no load
WARNING: [Synth 8-7129] Port In55[0] in module xlconcat_v2_1_4_xlconcat is either unconnected or has no load
WARNING: [Synth 8-7129] Port In56[0] in module xlconcat_v2_1_4_xlconcat is either unconnected or has no load
WARNING: [Synth 8-7129] Port In57[0] in module xlconcat_v2_1_4_xlconcat is either unconnected or has no load
WARNING: [Synth 8-7129] Port In58[0] in module xlconcat_v2_1_4_xlconcat is either unconnected or has no load
WARNING: [Synth 8-7129] Port In59[0] in module xlconcat_v2_1_4_xlconcat is either unconnected or has no load
WARNING: [Synth 8-7129] Port In60[0] in module xlconcat_v2_1_4_xlconcat is either unconnected or has no load
WARNING: [Synth 8-7129] Port In61[0] in module xlconcat_v2_1_4_xlconcat is either unconnected or has no load
WARNING: [Synth 8-7129] Port In62[0] in module xlconcat_v2_1_4_xlconcat is either unconnected or has no load
WARNING: [Synth 8-7129] Port In63[0] in module xlconcat_v2_1_4_xlconcat is either unconnected or has no load
WARNING: [Synth 8-7129] Port In64[0] in module xlconcat_v2_1_4_xlconcat is either unconnected or has no load
WARNING: [Synth 8-7129] Port In65[0] in module xlconcat_v2_1_4_xlconcat is either unconnected or has no load
WARNING: [Synth 8-7129] Port In66[0] in module xlconcat_v2_1_4_xlconcat is either unconnected or has no load
WARNING: [Synth 8-7129] Port In67[0] in module xlconcat_v2_1_4_xlconcat is either unconnected or has no load
WARNING: [Synth 8-7129] Port In68[0] in module xlconcat_v2_1_4_xlconcat is either unconnected or has no load
WARNING: [Synth 8-7129] Port In69[0] in module xlconcat_v2_1_4_xlconcat is either unconnected or has no load
WARNING: [Synth 8-7129] Port In70[0] in module xlconcat_v2_1_4_xlconcat is either unconnected or has no load
WARNING: [Synth 8-7129] Port In71[0] in module xlconcat_v2_1_4_xlconcat is either unconnected or has no load
WARNING: [Synth 8-7129] Port In72[0] in module xlconcat_v2_1_4_xlconcat is either unconnected or has no load
WARNING: [Synth 8-7129] Port In73[0] in module xlconcat_v2_1_4_xlconcat is either unconnected or has no load
WARNING: [Synth 8-7129] Port In74[0] in module xlconcat_v2_1_4_xlconcat is either unconnected or has no load
WARNING: [Synth 8-7129] Port In75[0] in module xlconcat_v2_1_4_xlconcat is either unconnected or has no load
WARNING: [Synth 8-7129] Port In76[0] in module xlconcat_v2_1_4_xlconcat is either unconnected or has no load
WARNING: [Synth 8-7129] Port In77[0] in module xlconcat_v2_1_4_xlconcat is either unconnected or has no load
WARNING: [Synth 8-7129] Port In78[0] in module xlconcat_v2_1_4_xlconcat is either unconnected or has no load
WARNING: [Synth 8-7129] Port In79[0] in module xlconcat_v2_1_4_xlconcat is either unconnected or has no load
WARNING: [Synth 8-7129] Port In80[0] in module xlconcat_v2_1_4_xlconcat is either unconnected or has no load
WARNING: [Synth 8-7129] Port In81[0] in module xlconcat_v2_1_4_xlconcat is either unconnected or has no load
WARNING: [Synth 8-7129] Port In82[0] in module xlconcat_v2_1_4_xlconcat is either unconnected or has no load
WARNING: [Synth 8-7129] Port In83[0] in module xlconcat_v2_1_4_xlconcat is either unconnected or has no load
WARNING: [Synth 8-7129] Port In84[0] in module xlconcat_v2_1_4_xlconcat is either unconnected or has no load
WARNING: [Synth 8-7129] Port In85[0] in module xlconcat_v2_1_4_xlconcat is either unconnected or has no load
WARNING: [Synth 8-7129] Port In86[0] in module xlconcat_v2_1_4_xlconcat is either unconnected or has no load
WARNING: [Synth 8-7129] Port In87[0] in module xlconcat_v2_1_4_xlconcat is either unconnected or has no load
WARNING: [Synth 8-7129] Port In88[0] in module xlconcat_v2_1_4_xlconcat is either unconnected or has no load
WARNING: [Synth 8-7129] Port In89[0] in module xlconcat_v2_1_4_xlconcat is either unconnected or has no load
WARNING: [Synth 8-7129] Port In90[0] in module xlconcat_v2_1_4_xlconcat is either unconnected or has no load
WARNING: [Synth 8-7129] Port In91[0] in module xlconcat_v2_1_4_xlconcat is either unconnected or has no load
WARNING: [Synth 8-7129] Port In92[0] in module xlconcat_v2_1_4_xlconcat is either unconnected or has no load
WARNING: [Synth 8-7129] Port In93[0] in module xlconcat_v2_1_4_xlconcat is either unconnected or has no load
WARNING: [Synth 8-7129] Port In94[0] in module xlconcat_v2_1_4_xlconcat is either unconnected or has no load
WARNING: [Synth 8-7129] Port In95[0] in module xlconcat_v2_1_4_xlconcat is either unconnected or has no load
WARNING: [Synth 8-7129] Port In96[0] in module xlconcat_v2_1_4_xlconcat is either unconnected or has no load
WARNING: [Synth 8-7129] Port In97[0] in module xlconcat_v2_1_4_xlconcat is either unconnected or has no load
WARNING: [Synth 8-7129] Port In98[0] in module xlconcat_v2_1_4_xlconcat is either unconnected or has no load
WARNING: [Synth 8-7129] Port In99[0] in module xlconcat_v2_1_4_xlconcat is either unconnected or has no load
WARNING: [Synth 8-7129] Port In100[0] in module xlconcat_v2_1_4_xlconcat is either unconnected or has no load
WARNING: [Synth 8-7129] Port In101[0] in module xlconcat_v2_1_4_xlconcat is either unconnected or has no load
WARNING: [Synth 8-7129] Port In102[0] in module xlconcat_v2_1_4_xlconcat is either unconnected or has no load
INFO: [Common 17-14] Message 'Synth 8-7129' appears 100 times and further instances of the messages will be disabled. Use the Tcl command set_msg_config to change the current settings.
---------------------------------------------------------------------------------
Finished RTL Elaboration : Time (s): cpu = 00:00:06 ; elapsed = 00:00:08 . Memory (MB): peak = 1393.090 ; gain = 583.039
---------------------------------------------------------------------------------
---------------------------------------------------------------------------------
Start Handling Custom Attributes
---------------------------------------------------------------------------------
---------------------------------------------------------------------------------
Finished Handling Custom Attributes : Time (s): cpu = 00:00:06 ; elapsed = 00:00:08 . Memory (MB): peak = 1393.090 ; gain = 583.039
---------------------------------------------------------------------------------
---------------------------------------------------------------------------------
Finished RTL Optimization Phase 1 : Time (s): cpu = 00:00:06 ; elapsed = 00:00:08 . Memory (MB): peak = 1393.090 ; gain = 583.039
---------------------------------------------------------------------------------
Netlist sorting complete. Time (s): cpu = 00:00:00 ; elapsed = 00:00:00.212 . Memory (MB): peak = 1393.090 ; gain = 0.000
INFO: [Project 1-570] Preparing netlist for logic optimization

Processing XDC Constraints
Initializing timing engine
Parsing XDC File [c:/Users/curti/OneDrive/Documents/UIUC/Duplicate/ECE-385/Vivado_Projects/Final_Project/lab_6.gen/sources_1/bd/mb_block/ip/mb_block_microblaze_0_0/mb_block_microblaze_0_0/mb_block_microblaze_0_0_in_context.xdc] for cell 'mb_block_i/microblaze_0'
Finished Parsing XDC File [c:/Users/curti/OneDrive/Documents/UIUC/Duplicate/ECE-385/Vivado_Projects/Final_Project/lab_6.gen/sources_1/bd/mb_block/ip/mb_block_microblaze_0_0/mb_block_microblaze_0_0/mb_block_microblaze_0_0_in_context.xdc] for cell 'mb_block_i/microblaze_0'
Parsing XDC File [c:/Users/curti/OneDrive/Documents/UIUC/Duplicate/ECE-385/Vivado_Projects/Final_Project/lab_6.gen/sources_1/bd/mb_block/ip/mb_block_dlmb_v10_0/mb_block_dlmb_v10_0/mb_block_dlmb_v10_0_in_context.xdc] for cell 'mb_block_i/microblaze_0_local_memory/dlmb_v10'
Finished Parsing XDC File [c:/Users/curti/OneDrive/Documents/UIUC/Duplicate/ECE-385/Vivado_Projects/Final_Project/lab_6.gen/sources_1/bd/mb_block/ip/mb_block_dlmb_v10_0/mb_block_dlmb_v10_0/mb_block_dlmb_v10_0_in_context.xdc] for cell 'mb_block_i/microblaze_0_local_memory/dlmb_v10'
Parsing XDC File [c:/Users/curti/OneDrive/Documents/UIUC/Duplicate/ECE-385/Vivado_Projects/Final_Project/lab_6.gen/sources_1/bd/mb_block/ip/mb_block_ilmb_v10_0/mb_block_ilmb_v10_0/mb_block_dlmb_v10_0_in_context.xdc] for cell 'mb_block_i/microblaze_0_local_memory/ilmb_v10'
Finished Parsing XDC File [c:/Users/curti/OneDrive/Documents/UIUC/Duplicate/ECE-385/Vivado_Projects/Final_Project/lab_6.gen/sources_1/bd/mb_block/ip/mb_block_ilmb_v10_0/mb_block_ilmb_v10_0/mb_block_dlmb_v10_0_in_context.xdc] for cell 'mb_block_i/microblaze_0_local_memory/ilmb_v10'
Parsing XDC File [c:/Users/curti/OneDrive/Documents/UIUC/Duplicate/ECE-385/Vivado_Projects/Final_Project/lab_6.gen/sources_1/bd/mb_block/ip/mb_block_dlmb_bram_if_cntlr_0/mb_block_dlmb_bram_if_cntlr_0/mb_block_dlmb_bram_if_cntlr_0_in_context.xdc] for cell 'mb_block_i/microblaze_0_local_memory/dlmb_bram_if_cntlr'
Finished Parsing XDC File [c:/Users/curti/OneDrive/Documents/UIUC/Duplicate/ECE-385/Vivado_Projects/Final_Project/lab_6.gen/sources_1/bd/mb_block/ip/mb_block_dlmb_bram_if_cntlr_0/mb_block_dlmb_bram_if_cntlr_0/mb_block_dlmb_bram_if_cntlr_0_in_context.xdc] for cell 'mb_block_i/microblaze_0_local_memory/dlmb_bram_if_cntlr'
Parsing XDC File [c:/Users/curti/OneDrive/Documents/UIUC/Duplicate/ECE-385/Vivado_Projects/Final_Project/lab_6.gen/sources_1/bd/mb_block/ip/mb_block_ilmb_bram_if_cntlr_0/mb_block_ilmb_bram_if_cntlr_0/mb_block_ilmb_bram_if_cntlr_0_in_context.xdc] for cell 'mb_block_i/microblaze_0_local_memory/ilmb_bram_if_cntlr'
Finished Parsing XDC File [c:/Users/curti/OneDrive/Documents/UIUC/Duplicate/ECE-385/Vivado_Projects/Final_Project/lab_6.gen/sources_1/bd/mb_block/ip/mb_block_ilmb_bram_if_cntlr_0/mb_block_ilmb_bram_if_cntlr_0/mb_block_ilmb_bram_if_cntlr_0_in_context.xdc] for cell 'mb_block_i/microblaze_0_local_memory/ilmb_bram_if_cntlr'
Parsing XDC File [c:/Users/curti/OneDrive/Documents/UIUC/Duplicate/ECE-385/Vivado_Projects/Final_Project/lab_6.gen/sources_1/bd/mb_block/ip/mb_block_lmb_bram_0/mb_block_lmb_bram_0/mb_block_lmb_bram_0_in_context.xdc] for cell 'mb_block_i/microblaze_0_local_memory/lmb_bram'
Finished Parsing XDC File [c:/Users/curti/OneDrive/Documents/UIUC/Duplicate/ECE-385/Vivado_Projects/Final_Project/lab_6.gen/sources_1/bd/mb_block/ip/mb_block_lmb_bram_0/mb_block_lmb_bram_0/mb_block_lmb_bram_0_in_context.xdc] for cell 'mb_block_i/microblaze_0_local_memory/lmb_bram'
Parsing XDC File [c:/Users/curti/OneDrive/Documents/UIUC/Duplicate/ECE-385/Vivado_Projects/Final_Project/lab_6.gen/sources_1/bd/mb_block/ip/mb_block_xbar_0/mb_block_xbar_0/mb_block_xbar_0_in_context.xdc] for cell 'mb_block_i/microblaze_0_axi_periph/xbar'
Finished Parsing XDC File [c:/Users/curti/OneDrive/Documents/UIUC/Duplicate/ECE-385/Vivado_Projects/Final_Project/lab_6.gen/sources_1/bd/mb_block/ip/mb_block_xbar_0/mb_block_xbar_0/mb_block_xbar_0_in_context.xdc] for cell 'mb_block_i/microblaze_0_axi_periph/xbar'
Parsing XDC File [c:/Users/curti/OneDrive/Documents/UIUC/Duplicate/ECE-385/Vivado_Projects/Final_Project/lab_6.gen/sources_1/bd/mb_block/ip/mb_block_microblaze_0_axi_intc_0/mb_block_microblaze_0_axi_intc_0/mb_block_microblaze_0_axi_intc_0_in_context.xdc] for cell 'mb_block_i/microblaze_0_axi_intc'
Finished Parsing XDC File [c:/Users/curti/OneDrive/Documents/UIUC/Duplicate/ECE-385/Vivado_Projects/Final_Project/lab_6.gen/sources_1/bd/mb_block/ip/mb_block_microblaze_0_axi_intc_0/mb_block_microblaze_0_axi_intc_0/mb_block_microblaze_0_axi_intc_0_in_context.xdc] for cell 'mb_block_i/microblaze_0_axi_intc'
Parsing XDC File [c:/Users/curti/OneDrive/Documents/UIUC/Duplicate/ECE-385/Vivado_Projects/Final_Project/lab_6.gen/sources_1/bd/mb_block/ip/mb_block_mdm_1_0/mb_block_mdm_1_0/mb_block_mdm_1_0_in_context.xdc] for cell 'mb_block_i/mdm_1'
Finished Parsing XDC File [c:/Users/curti/OneDrive/Documents/UIUC/Duplicate/ECE-385/Vivado_Projects/Final_Project/lab_6.gen/sources_1/bd/mb_block/ip/mb_block_mdm_1_0/mb_block_mdm_1_0/mb_block_mdm_1_0_in_context.xdc] for cell 'mb_block_i/mdm_1'
Parsing XDC File [c:/Users/curti/OneDrive/Documents/UIUC/Duplicate/ECE-385/Vivado_Projects/Final_Project/lab_6.gen/sources_1/bd/mb_block/ip/mb_block_clk_wiz_1_0/mb_block_clk_wiz_1_0/mb_block_clk_wiz_1_0_in_context.xdc] for cell 'mb_block_i/clk_wiz_1'
Finished Parsing XDC File [c:/Users/curti/OneDrive/Documents/UIUC/Duplicate/ECE-385/Vivado_Projects/Final_Project/lab_6.gen/sources_1/bd/mb_block/ip/mb_block_clk_wiz_1_0/mb_block_clk_wiz_1_0/mb_block_clk_wiz_1_0_in_context.xdc] for cell 'mb_block_i/clk_wiz_1'
Parsing XDC File [c:/Users/curti/OneDrive/Documents/UIUC/Duplicate/ECE-385/Vivado_Projects/Final_Project/lab_6.gen/sources_1/bd/mb_block/ip/mb_block_rst_clk_wiz_1_100M_0/mb_block_rst_clk_wiz_1_100M_0/mb_block_rst_clk_wiz_1_100M_0_in_context.xdc] for cell 'mb_block_i/rst_clk_wiz_1_100M'
Finished Parsing XDC File [c:/Users/curti/OneDrive/Documents/UIUC/Duplicate/ECE-385/Vivado_Projects/Final_Project/lab_6.gen/sources_1/bd/mb_block/ip/mb_block_rst_clk_wiz_1_100M_0/mb_block_rst_clk_wiz_1_100M_0/mb_block_rst_clk_wiz_1_100M_0_in_context.xdc] for cell 'mb_block_i/rst_clk_wiz_1_100M'
Parsing XDC File [c:/Users/curti/OneDrive/Documents/UIUC/Duplicate/ECE-385/Vivado_Projects/Final_Project/lab_6.gen/sources_1/bd/mb_block/ip/mb_block_axi_uartlite_0_0/mb_block_axi_uartlite_0_0/mb_block_axi_uartlite_0_0_in_context.xdc] for cell 'mb_block_i/axi_uartlite_0'
Finished Parsing XDC File [c:/Users/curti/OneDrive/Documents/UIUC/Duplicate/ECE-385/Vivado_Projects/Final_Project/lab_6.gen/sources_1/bd/mb_block/ip/mb_block_axi_uartlite_0_0/mb_block_axi_uartlite_0_0/mb_block_axi_uartlite_0_0_in_context.xdc] for cell 'mb_block_i/axi_uartlite_0'
Parsing XDC File [c:/Users/curti/OneDrive/Documents/UIUC/Duplicate/ECE-385/Vivado_Projects/Final_Project/lab_6.gen/sources_1/bd/mb_block/ip/mb_block_axi_gpio_0_1/mb_block_axi_gpio_0_1/mb_block_axi_gpio_0_0_in_context.xdc] for cell 'mb_block_i/gpio_usb_rst'
Finished Parsing XDC File [c:/Users/curti/OneDrive/Documents/UIUC/Duplicate/ECE-385/Vivado_Projects/Final_Project/lab_6.gen/sources_1/bd/mb_block/ip/mb_block_axi_gpio_0_1/mb_block_axi_gpio_0_1/mb_block_axi_gpio_0_0_in_context.xdc] for cell 'mb_block_i/gpio_usb_rst'
Parsing XDC File [c:/Users/curti/OneDrive/Documents/UIUC/Duplicate/ECE-385/Vivado_Projects/Final_Project/lab_6.gen/sources_1/bd/mb_block/ip/mb_block_axi_gpio_0_2/mb_block_axi_gpio_0_2/mb_block_axi_gpio_0_2_in_context.xdc] for cell 'mb_block_i/gpio_usb_int'
Finished Parsing XDC File [c:/Users/curti/OneDrive/Documents/UIUC/Duplicate/ECE-385/Vivado_Projects/Final_Project/lab_6.gen/sources_1/bd/mb_block/ip/mb_block_axi_gpio_0_2/mb_block_axi_gpio_0_2/mb_block_axi_gpio_0_2_in_context.xdc] for cell 'mb_block_i/gpio_usb_int'
Parsing XDC File [c:/Users/curti/OneDrive/Documents/UIUC/Duplicate/ECE-385/Vivado_Projects/Final_Project/lab_6.gen/sources_1/bd/mb_block/ip/mb_block_axi_gpio_0_3/mb_block_axi_gpio_0_3/mb_block_axi_gpio_0_3_in_context.xdc] for cell 'mb_block_i/gpio_usb_keycode'
Finished Parsing XDC File [c:/Users/curti/OneDrive/Documents/UIUC/Duplicate/ECE-385/Vivado_Projects/Final_Project/lab_6.gen/sources_1/bd/mb_block/ip/mb_block_axi_gpio_0_3/mb_block_axi_gpio_0_3/mb_block_axi_gpio_0_3_in_context.xdc] for cell 'mb_block_i/gpio_usb_keycode'
Parsing XDC File [c:/Users/curti/OneDrive/Documents/UIUC/Duplicate/ECE-385/Vivado_Projects/Final_Project/lab_6.gen/sources_1/bd/mb_block/ip/mb_block_axi_quad_spi_0_0/mb_block_axi_quad_spi_0_0/mb_block_axi_quad_spi_0_0_in_context.xdc] for cell 'mb_block_i/spi_usb'
Finished Parsing XDC File [c:/Users/curti/OneDrive/Documents/UIUC/Duplicate/ECE-385/Vivado_Projects/Final_Project/lab_6.gen/sources_1/bd/mb_block/ip/mb_block_axi_quad_spi_0_0/mb_block_axi_quad_spi_0_0/mb_block_axi_quad_spi_0_0_in_context.xdc] for cell 'mb_block_i/spi_usb'
Parsing XDC File [c:/Users/curti/OneDrive/Documents/UIUC/Duplicate/ECE-385/Vivado_Projects/Final_Project/lab_6.gen/sources_1/bd/mb_block/ip/mb_block_axi_timer_0_0/mb_block_axi_timer_0_0/mb_block_axi_timer_0_0_in_context.xdc] for cell 'mb_block_i/timer_usb_axi'
Finished Parsing XDC File [c:/Users/curti/OneDrive/Documents/UIUC/Duplicate/ECE-385/Vivado_Projects/Final_Project/lab_6.gen/sources_1/bd/mb_block/ip/mb_block_axi_timer_0_0/mb_block_axi_timer_0_0/mb_block_axi_timer_0_0_in_context.xdc] for cell 'mb_block_i/timer_usb_axi'
Parsing XDC File [c:/Users/curti/OneDrive/Documents/UIUC/Duplicate/ECE-385/Vivado_Projects/Final_Project/lab_6.gen/sources_1/ip/hdmi_tx_0/hdmi_tx_0/hdmi_tx_0_in_context.xdc] for cell 'vga_to_hdmi'
Finished Parsing XDC File [c:/Users/curti/OneDrive/Documents/UIUC/Duplicate/ECE-385/Vivado_Projects/Final_Project/lab_6.gen/sources_1/ip/hdmi_tx_0/hdmi_tx_0/hdmi_tx_0_in_context.xdc] for cell 'vga_to_hdmi'
Parsing XDC File [c:/Users/curti/OneDrive/Documents/UIUC/Duplicate/ECE-385/Vivado_Projects/Final_Project/lab_6.gen/sources_1/ip/clk_wiz_0/clk_wiz_0/clk_wiz_0_in_context.xdc] for cell 'clk_wiz'
WARNING: [Constraints 18-619] A clock with name 'Clk' already exists, overwriting the previous clock with the same name. [c:/Users/curti/OneDrive/Documents/UIUC/Duplicate/ECE-385/Vivado_Projects/Final_Project/lab_6.gen/sources_1/ip/clk_wiz_0/clk_wiz_0/clk_wiz_0_in_context.xdc:1]
Finished Parsing XDC File [c:/Users/curti/OneDrive/Documents/UIUC/Duplicate/ECE-385/Vivado_Projects/Final_Project/lab_6.gen/sources_1/ip/clk_wiz_0/clk_wiz_0/clk_wiz_0_in_context.xdc] for cell 'clk_wiz'
Parsing XDC File [c:/Users/curti/OneDrive/Documents/UIUC/Duplicate/ECE-385/Vivado_Projects/Final_Project/lab_6.gen/sources_1/ip/background1_rom_2/background1_rom/background1_rom_in_context.xdc] for cell 'arrow_instance/bg1/background1_rom'
Finished Parsing XDC File [c:/Users/curti/OneDrive/Documents/UIUC/Duplicate/ECE-385/Vivado_Projects/Final_Project/lab_6.gen/sources_1/ip/background1_rom_2/background1_rom/background1_rom_in_context.xdc] for cell 'arrow_instance/bg1/background1_rom'
Parsing XDC File [c:/Users/curti/OneDrive/Documents/UIUC/Duplicate/ECE-385/Vivado_Projects/Final_Project/lab_6.gen/sources_1/ip/a_rom/a_rom/a_rom_in_context.xdc] for cell 'arrow_instance/block_a/a_rom'
Finished Parsing XDC File [c:/Users/curti/OneDrive/Documents/UIUC/Duplicate/ECE-385/Vivado_Projects/Final_Project/lab_6.gen/sources_1/ip/a_rom/a_rom/a_rom_in_context.xdc] for cell 'arrow_instance/block_a/a_rom'
Parsing XDC File [c:/Users/curti/OneDrive/Documents/UIUC/Duplicate/ECE-385/Vivado_Projects/Final_Project/lab_6.gen/sources_1/ip/d_rom/d_rom/d_rom_in_context.xdc] for cell 'arrow_instance/block_d/d_rom'
Finished Parsing XDC File [c:/Users/curti/OneDrive/Documents/UIUC/Duplicate/ECE-385/Vivado_Projects/Final_Project/lab_6.gen/sources_1/ip/d_rom/d_rom/d_rom_in_context.xdc] for cell 'arrow_instance/block_d/d_rom'
Parsing XDC File [c:/Users/curti/OneDrive/Documents/UIUC/Duplicate/ECE-385/Vivado_Projects/Final_Project/lab_6.gen/sources_1/ip/arrow_left_rom/arrow_left_rom/arrow_left_rom_in_context.xdc] for cell 'arrow_instance/arrow_left_1/arrow_left_rom'
Finished Parsing XDC File [c:/Users/curti/OneDrive/Documents/UIUC/Duplicate/ECE-385/Vivado_Projects/Final_Project/lab_6.gen/sources_1/ip/arrow_left_rom/arrow_left_rom/arrow_left_rom_in_context.xdc] for cell 'arrow_instance/arrow_left_1/arrow_left_rom'
Parsing XDC File [c:/Users/curti/OneDrive/Documents/UIUC/Duplicate/ECE-385/Vivado_Projects/Final_Project/lab_6.gen/sources_1/ip/arrow_right_rom/arrow_right_rom/arrow_right_rom_in_context.xdc] for cell 'arrow_instance/arrow_right_1/arrow_right_rom'
Finished Parsing XDC File [c:/Users/curti/OneDrive/Documents/UIUC/Duplicate/ECE-385/Vivado_Projects/Final_Project/lab_6.gen/sources_1/ip/arrow_right_rom/arrow_right_rom/arrow_right_rom_in_context.xdc] for cell 'arrow_instance/arrow_right_1/arrow_right_rom'
Parsing XDC File [C:/Users/curti/OneDrive/Documents/UIUC/Duplicate/ECE-385/Vivado_Projects/Final_Project/lab6_2_provided/pin_assignment/mb_usb_hdmi_top.xdc]
CRITICAL WARNING: [Constraints 18-1056] Clock 'clk_100' completely overrides clock 'Clk'.
New: create_clock -period 10.000 -name clk_100 -waveform {0.000 5.000} [get_ports Clk], [C:/Users/curti/OneDrive/Documents/UIUC/Duplicate/ECE-385/Vivado_Projects/Final_Project/lab6_2_provided/pin_assignment/mb_usb_hdmi_top.xdc:1]
Previous: create_clock -period 10.000 [get_ports Clk], [c:/Users/curti/OneDrive/Documents/UIUC/Duplicate/ECE-385/Vivado_Projects/Final_Project/lab_6.gen/sources_1/ip/clk_wiz_0/clk_wiz_0/clk_wiz_0_in_context.xdc:1]
Resolution: Review the constraint files and remove the redundant clock definition(s). If the clock constraints are not saved in a file, you can first save the constraints to an XDC file and reload the design once the constraints have been corrected.
Finished Parsing XDC File [C:/Users/curti/OneDrive/Documents/UIUC/Duplicate/ECE-385/Vivado_Projects/Final_Project/lab6_2_provided/pin_assignment/mb_usb_hdmi_top.xdc]
INFO: [Project 1-236] Implementation specific constraints were found while reading constraint file [C:/Users/curti/OneDrive/Documents/UIUC/Duplicate/ECE-385/Vivado_Projects/Final_Project/lab6_2_provided/pin_assignment/mb_usb_hdmi_top.xdc]. These constraints will be ignored for synthesis but will be used in implementation. Impacted constraints are listed in the file [.Xil/mb_usb_hdmi_top_propImpl.xdc].
Resolution: To avoid this warning, move constraints listed in [.Xil/mb_usb_hdmi_top_propImpl.xdc] to another XDC file and exclude this new file from synthesis with the used_in_synthesis property (File Properties dialog in GUI) and re-run elaboration/synthesis.
Parsing XDC File [C:/Users/curti/OneDrive/Documents/UIUC/Duplicate/ECE-385/Vivado_Projects/Final_Project/lab_6.runs/synth_1/dont_touch.xdc]
Finished Parsing XDC File [C:/Users/curti/OneDrive/Documents/UIUC/Duplicate/ECE-385/Vivado_Projects/Final_Project/lab_6.runs/synth_1/dont_touch.xdc]
Completed Processing XDC Constraints

Netlist sorting complete. Time (s): cpu = 00:00:00 ; elapsed = 00:00:00.002 . Memory (MB): peak = 1467.555 ; gain = 0.000
INFO: [Project 1-111] Unisim Transformation Summary:
No Unisim elements were transformed.

Constraint Validation Runtime : Time (s): cpu = 00:00:00 ; elapsed = 00:00:00.032 . Memory (MB): peak = 1467.555 ; gain = 0.000
WARNING: [Timing 38-316] Clock period '20.000' specified during out-of-context synthesis of instance 'arrow_instance/arrow_left_1/arrow_left_rom' at clock pin 'clka' is different from the actual clock period '8.000', this can lead to different synthesis results.
WARNING: [Timing 38-316] Clock period '20.000' specified during out-of-context synthesis of instance 'arrow_instance/arrow_right_1/arrow_right_rom' at clock pin 'clka' is different from the actual clock period '8.000', this can lead to different synthesis results.
WARNING: [Timing 38-316] Clock period '20.000' specified during out-of-context synthesis of instance 'arrow_instance/bg1/background1_rom' at clock pin 'clka' is different from the actual clock period '8.000', this can lead to different synthesis results.
WARNING: [Timing 38-316] Clock period '20.000' specified during out-of-context synthesis of instance 'arrow_instance/block_a/a_rom' at clock pin 'clka' is different from the actual clock period '8.000', this can lead to different synthesis results.
WARNING: [Timing 38-316] Clock period '20.000' specified during out-of-context synthesis of instance 'arrow_instance/block_d/d_rom' at clock pin 'clka' is different from the actual clock period '8.000', this can lead to different synthesis results.
WARNING: [Timing 38-316] Clock period '20.000' specified during out-of-context synthesis of instance 'mb_block_i/spi_usb' at clock pin 'ext_spi_clk' is different from the actual clock period '10.000', this can lead to different synthesis results.
WARNING: [Timing 38-316] Clock period '20.000' specified during out-of-context synthesis of instance 'mb_block_i/microblaze_0_local_memory/lmb_bram' at clock pin 'clka' is different from the actual clock period '10.000', this can lead to different synthesis results.
INFO: [Synth 8-11241] undeclared symbol 'REGCCE', assumed default net type 'wire' [C:/Xilinx/Vivado/2022.2/data/verilog/src/unimacro/BRAM_SINGLE_MACRO.v:2170]
---------------------------------------------------------------------------------
Finished Constraint Validation : Time (s): cpu = 00:00:14 ; elapsed = 00:00:17 . Memory (MB): peak = 1468.324 ; gain = 658.273
---------------------------------------------------------------------------------
---------------------------------------------------------------------------------
Start Loading Part and Timing Information
---------------------------------------------------------------------------------
Loading part: xc7s50csga324-1
---------------------------------------------------------------------------------
Finished Loading Part and Timing Information : Time (s): cpu = 00:00:14 ; elapsed = 00:00:17 . Memory (MB): peak = 1468.324 ; gain = 658.273
---------------------------------------------------------------------------------
---------------------------------------------------------------------------------
Start Applying 'set_property' XDC Constraints
---------------------------------------------------------------------------------
Applied set_property IO_BUFFER_TYPE = NONE for hdmi_tmds_clk_n. (constraint file  c:/Users/curti/OneDrive/Documents/UIUC/Duplicate/ECE-385/Vivado_Projects/Final_Project/lab_6.gen/sources_1/ip/hdmi_tx_0/hdmi_tx_0/hdmi_tx_0_in_context.xdc, line 1).
Applied set_property CLOCK_BUFFER_TYPE = NONE for hdmi_tmds_clk_n. (constraint file  c:/Users/curti/OneDrive/Documents/UIUC/Duplicate/ECE-385/Vivado_Projects/Final_Project/lab_6.gen/sources_1/ip/hdmi_tx_0/hdmi_tx_0/hdmi_tx_0_in_context.xdc, line 2).
Applied set_property IO_BUFFER_TYPE = NONE for hdmi_tmds_clk_p. (constraint file  c:/Users/curti/OneDrive/Documents/UIUC/Duplicate/ECE-385/Vivado_Projects/Final_Project/lab_6.gen/sources_1/ip/hdmi_tx_0/hdmi_tx_0/hdmi_tx_0_in_context.xdc, line 3).
Applied set_property CLOCK_BUFFER_TYPE = NONE for hdmi_tmds_clk_p. (constraint file  c:/Users/curti/OneDrive/Documents/UIUC/Duplicate/ECE-385/Vivado_Projects/Final_Project/lab_6.gen/sources_1/ip/hdmi_tx_0/hdmi_tx_0/hdmi_tx_0_in_context.xdc, line 4).
Applied set_property IO_BUFFER_TYPE = NONE for hdmi_tmds_data_n[0]. (constraint file  c:/Users/curti/OneDrive/Documents/UIUC/Duplicate/ECE-385/Vivado_Projects/Final_Project/lab_6.gen/sources_1/ip/hdmi_tx_0/hdmi_tx_0/hdmi_tx_0_in_context.xdc, line 5).
Applied set_property CLOCK_BUFFER_TYPE = NONE for hdmi_tmds_data_n[0]. (constraint file  c:/Users/curti/OneDrive/Documents/UIUC/Duplicate/ECE-385/Vivado_Projects/Final_Project/lab_6.gen/sources_1/ip/hdmi_tx_0/hdmi_tx_0/hdmi_tx_0_in_context.xdc, line 6).
Applied set_property IO_BUFFER_TYPE = NONE for hdmi_tmds_data_n[1]. (constraint file  c:/Users/curti/OneDrive/Documents/UIUC/Duplicate/ECE-385/Vivado_Projects/Final_Project/lab_6.gen/sources_1/ip/hdmi_tx_0/hdmi_tx_0/hdmi_tx_0_in_context.xdc, line 7).
Applied set_property CLOCK_BUFFER_TYPE = NONE for hdmi_tmds_data_n[1]. (constraint file  c:/Users/curti/OneDrive/Documents/UIUC/Duplicate/ECE-385/Vivado_Projects/Final_Project/lab_6.gen/sources_1/ip/hdmi_tx_0/hdmi_tx_0/hdmi_tx_0_in_context.xdc, line 8).
Applied set_property IO_BUFFER_TYPE = NONE for hdmi_tmds_data_n[2]. (constraint file  c:/Users/curti/OneDrive/Documents/UIUC/Duplicate/ECE-385/Vivado_Projects/Final_Project/lab_6.gen/sources_1/ip/hdmi_tx_0/hdmi_tx_0/hdmi_tx_0_in_context.xdc, line 9).
Applied set_property CLOCK_BUFFER_TYPE = NONE for hdmi_tmds_data_n[2]. (constraint file  c:/Users/curti/OneDrive/Documents/UIUC/Duplicate/ECE-385/Vivado_Projects/Final_Project/lab_6.gen/sources_1/ip/hdmi_tx_0/hdmi_tx_0/hdmi_tx_0_in_context.xdc, line 10).
Applied set_property IO_BUFFER_TYPE = NONE for hdmi_tmds_data_p[0]. (constraint file  c:/Users/curti/OneDrive/Documents/UIUC/Duplicate/ECE-385/Vivado_Projects/Final_Project/lab_6.gen/sources_1/ip/hdmi_tx_0/hdmi_tx_0/hdmi_tx_0_in_context.xdc, line 11).
Applied set_property CLOCK_BUFFER_TYPE = NONE for hdmi_tmds_data_p[0]. (constraint file  c:/Users/curti/OneDrive/Documents/UIUC/Duplicate/ECE-385/Vivado_Projects/Final_Project/lab_6.gen/sources_1/ip/hdmi_tx_0/hdmi_tx_0/hdmi_tx_0_in_context.xdc, line 12).
Applied set_property IO_BUFFER_TYPE = NONE for hdmi_tmds_data_p[1]. (constraint file  c:/Users/curti/OneDrive/Documents/UIUC/Duplicate/ECE-385/Vivado_Projects/Final_Project/lab_6.gen/sources_1/ip/hdmi_tx_0/hdmi_tx_0/hdmi_tx_0_in_context.xdc, line 13).
Applied set_property CLOCK_BUFFER_TYPE = NONE for hdmi_tmds_data_p[1]. (constraint file  c:/Users/curti/OneDrive/Documents/UIUC/Duplicate/ECE-385/Vivado_Projects/Final_Project/lab_6.gen/sources_1/ip/hdmi_tx_0/hdmi_tx_0/hdmi_tx_0_in_context.xdc, line 14).
Applied set_property IO_BUFFER_TYPE = NONE for hdmi_tmds_data_p[2]. (constraint file  c:/Users/curti/OneDrive/Documents/UIUC/Duplicate/ECE-385/Vivado_Projects/Final_Project/lab_6.gen/sources_1/ip/hdmi_tx_0/hdmi_tx_0/hdmi_tx_0_in_context.xdc, line 15).
Applied set_property CLOCK_BUFFER_TYPE = NONE for hdmi_tmds_data_p[2]. (constraint file  c:/Users/curti/OneDrive/Documents/UIUC/Duplicate/ECE-385/Vivado_Projects/Final_Project/lab_6.gen/sources_1/ip/hdmi_tx_0/hdmi_tx_0/hdmi_tx_0_in_context.xdc, line 16).
Applied set_property IO_BUFFER_TYPE = NONE for Clk. (constraint file  c:/Users/curti/OneDrive/Documents/UIUC/Duplicate/ECE-385/Vivado_Projects/Final_Project/lab_6.gen/sources_1/ip/clk_wiz_0/clk_wiz_0/clk_wiz_0_in_context.xdc, line 4).
Applied set_property CLOCK_BUFFER_TYPE = NONE for Clk. (constraint file  c:/Users/curti/OneDrive/Documents/UIUC/Duplicate/ECE-385/Vivado_Projects/Final_Project/lab_6.gen/sources_1/ip/clk_wiz_0/clk_wiz_0/clk_wiz_0_in_context.xdc, line 5).
Applied set_property KEEP_HIERARCHY = SOFT for mb_block_i. (constraint file  auto generated constraint).
Applied set_property KEEP_HIERARCHY = SOFT for mb_block_i/microblaze_0. (constraint file  auto generated constraint).
Applied set_property KEEP_HIERARCHY = SOFT for mb_block_i/microblaze_0_local_memory/dlmb_v10. (constraint file  auto generated constraint).
Applied set_property KEEP_HIERARCHY = SOFT for mb_block_i/microblaze_0_local_memory/ilmb_v10. (constraint file  auto generated constraint).
Applied set_property KEEP_HIERARCHY = SOFT for mb_block_i/microblaze_0_local_memory/dlmb_bram_if_cntlr. (constraint file  auto generated constraint).
Applied set_property KEEP_HIERARCHY = SOFT for mb_block_i/microblaze_0_local_memory/ilmb_bram_if_cntlr. (constraint file  auto generated constraint).
Applied set_property KEEP_HIERARCHY = SOFT for mb_block_i/microblaze_0_local_memory/lmb_bram. (constraint file  auto generated constraint).
Applied set_property KEEP_HIERARCHY = SOFT for mb_block_i/microblaze_0_axi_periph/xbar. (constraint file  auto generated constraint).
Applied set_property KEEP_HIERARCHY = SOFT for mb_block_i/microblaze_0_axi_periph. (constraint file  auto generated constraint).
Applied set_property KEEP_HIERARCHY = SOFT for mb_block_i/microblaze_0_axi_intc. (constraint file  auto generated constraint).
Applied set_property KEEP_HIERARCHY = SOFT for mb_block_i/mdm_1. (constraint file  auto generated constraint).
Applied set_property KEEP_HIERARCHY = SOFT for mb_block_i/clk_wiz_1. (constraint file  auto generated constraint).
Applied set_property KEEP_HIERARCHY = SOFT for mb_block_i/rst_clk_wiz_1_100M. (constraint file  auto generated constraint).
Applied set_property KEEP_HIERARCHY = SOFT for mb_block_i/axi_uartlite_0. (constraint file  auto generated constraint).
Applied set_property KEEP_HIERARCHY = SOFT for mb_block_i/gpio_usb_rst. (constraint file  auto generated constraint).
Applied set_property KEEP_HIERARCHY = SOFT for mb_block_i/gpio_usb_int. (constraint file  auto generated constraint).
Applied set_property KEEP_HIERARCHY = SOFT for mb_block_i/gpio_usb_keycode. (constraint file  auto generated constraint).
Applied set_property KEEP_HIERARCHY = SOFT for mb_block_i/spi_usb. (constraint file  auto generated constraint).
Applied set_property KEEP_HIERARCHY = SOFT for mb_block_i/timer_usb_axi. (constraint file  auto generated constraint).
Applied set_property KEEP_HIERARCHY = SOFT for mb_block_i/xlconcat_0. (constraint file  auto generated constraint).
Applied set_property KEEP_HIERARCHY = SOFT for vga_to_hdmi. (constraint file  auto generated constraint).
Applied set_property KEEP_HIERARCHY = SOFT for clk_wiz. (constraint file  auto generated constraint).
Applied set_property KEEP_HIERARCHY = SOFT for arrow_instance/bg1/background1_rom. (constraint file  auto generated constraint).
Applied set_property KEEP_HIERARCHY = SOFT for arrow_instance/block_a/a_rom. (constraint file  auto generated constraint).
Applied set_property KEEP_HIERARCHY = SOFT for arrow_instance/block_d/d_rom. (constraint file  auto generated constraint).
Applied set_property KEEP_HIERARCHY = SOFT for arrow_instance/arrow_left_1/arrow_left_rom. (constraint file  auto generated constraint).
Applied set_property KEEP_HIERARCHY = SOFT for arrow_instance/arrow_right_1/arrow_right_rom. (constraint file  auto generated constraint).
---------------------------------------------------------------------------------
Finished applying 'set_property' XDC Constraints : Time (s): cpu = 00:00:14 ; elapsed = 00:00:17 . Memory (MB): peak = 1468.324 ; gain = 658.273
---------------------------------------------------------------------------------
---------------------------------------------------------------------------------
Start Preparing Guide Design
---------------------------------------------------------------------------------
---------------------------------------------------------------------------------
Finished Doing Graph Differ : Time (s): cpu = 00:00:15 ; elapsed = 00:00:18 . Memory (MB): peak = 1468.324 ; gain = 658.273
---------------------------------------------------------------------------------
mb_usb_hdmi_top__GB3mb_usb_hdmi_top__GB4mb_usb_hdmi_top__GB7mb_usb_hdmi_top__GB6mb_usb_hdmi_top__GB1mb_usb_hdmi_top__GB8mb_usb_hdmi_top__GB0mb_usb_hdmi_top__GB2mb_usb_hdmi_top__GB9mb_usb_hdmi_top__GB5---------------------------------------------------------------------------------
Finished Preparing Guide Design : Time (s): cpu = 00:00:15 ; elapsed = 00:00:19 . Memory (MB): peak = 1468.324 ; gain = 658.273
---------------------------------------------------------------------------------
WARNING: [Synth 8-327] inferring latch for variable 'DrawRX_reg' [C:/Users/curti/OneDrive/Documents/UIUC/ECE-385/Vivado_Projects/Final_Project/lab_6.runs/synth_1/.Xil/Vivado-14860-Curtis-Laptop/realtime/mb_block_microblaze_0_0_stub.v:155]
WARNING: [Synth 8-327] inferring latch for variable 'DrawRY_reg' [C:/Users/curti/OneDrive/Documents/UIUC/ECE-385/Vivado_Projects/Final_Project/lab_6.runs/synth_1/.Xil/Vivado-14860-Curtis-Laptop/realtime/mb_block_microblaze_0_0_stub.v:156]
WARNING: [Synth 8-327] inferring latch for variable 'DrawAX_reg' [C:/Users/curti/OneDrive/Documents/UIUC/ECE-385/Vivado_Projects/Final_Project/lab_6.runs/synth_1/.Xil/Vivado-14860-Curtis-Laptop/realtime/mb_block_microblaze_0_0_stub.v:101]
WARNING: [Synth 8-327] inferring latch for variable 'DrawAY_reg' [C:/Users/curti/OneDrive/Documents/UIUC/ECE-385/Vivado_Projects/Final_Project/lab_6.runs/synth_1/.Xil/Vivado-14860-Curtis-Laptop/realtime/mb_block_microblaze_0_0_stub.v:102]
WARNING: [Synth 8-327] inferring latch for variable 'DrawDX_reg' [C:/Users/curti/OneDrive/Documents/UIUC/ECE-385/Vivado_Projects/Final_Project/lab_6.runs/synth_1/.Xil/Vivado-14860-Curtis-Laptop/realtime/mb_block_microblaze_0_0_stub.v:119]
WARNING: [Synth 8-327] inferring latch for variable 'DrawDY_reg' [C:/Users/curti/OneDrive/Documents/UIUC/ECE-385/Vivado_Projects/Final_Project/lab_6.runs/synth_1/.Xil/Vivado-14860-Curtis-Laptop/realtime/mb_block_microblaze_0_0_stub.v:120]
WARNING: [Synth 8-327] inferring latch for variable 'DrawLX_reg' [C:/Users/curti/OneDrive/Documents/UIUC/ECE-385/Vivado_Projects/Final_Project/lab_6.runs/synth_1/.Xil/Vivado-14860-Curtis-Laptop/realtime/mb_block_microblaze_0_0_stub.v:137]
WARNING: [Synth 8-327] inferring latch for variable 'DrawLY_reg' [C:/Users/curti/OneDrive/Documents/UIUC/ECE-385/Vivado_Projects/Final_Project/lab_6.runs/synth_1/.Xil/Vivado-14860-Curtis-Laptop/realtime/mb_block_microblaze_0_0_stub.v:138]
---------------------------------------------------------------------------------
Finished RTL Optimization Phase 2 : Time (s): cpu = 00:00:16 ; elapsed = 00:00:20 . Memory (MB): peak = 1468.324 ; gain = 658.273
---------------------------------------------------------------------------------
---------------------------------------------------------------------------------
Start Mimic Skeleton from Reference
---------------------------------------------------------------------------------
---------------------------------------------------------------------------------
Finished Mimic Skeleton from Reference : Time (s): cpu = 00:00:17 ; elapsed = 00:00:20 . Memory (MB): peak = 1468.324 ; gain = 658.273
---------------------------------------------------------------------------------


Incremental Synthesis Report Summary:

1. Incremental synthesis run: yes

   Stitch points used : changed


2. Change Summary

Report Incremental Modules: 
+------+----------------+------------+----------+----------+
|      |Changed Modules |Replication |Instances |Changed % |
+------+----------------+------------+----------+----------+
|1     |arrow_mapper    |           1|     24208|   11.2437|
+------+----------------+------------+----------+----------+


   Full Design Size (number of cells) : 215302
   Resynthesis Design Size (number of cells) : 0
   Resynth % : 0.0000,  Reuse % : 100.0000

3. Reference Checkpoint Information

+-------------------------------------------------------------------------------------------------------------------------------------------------------------+
| DCP Location:  | C:/Users/curti/OneDrive/Documents/UIUC/Duplicate/ECE-385/Vivado_Projects/Final_Project/lab_6.srcs/utils_1/imports/synth_1/mb_intro_top.dcp |
+-------------------------------------------------------------------------------------------------------------------------------------------------------------+


+--------------------------------+------------------------------+
|         DCP Information        |             Value            |
+--------------------------------+------------------------------+
| Vivado Version                 |                    v2022.2 |
| DCP State                      |                              |
+--------------------------------+------------------------------+



Report RTL Partitions: 
+------+-----------------------------+------------+----------+
|      |RTL Partition                |Replication |Instances |
+------+-----------------------------+------------+----------+
|1     |mb_usb_hdmi_top__GB0_#REUSE# |           1|         0|
|2     |mb_usb_hdmi_top__GB1_#REUSE# |           1|         0|
|3     |mb_usb_hdmi_top__GB2_#REUSE# |           1|         0|
|4     |mb_usb_hdmi_top__GB3_#REUSE# |           1|         0|
|5     |mb_usb_hdmi_top__GB4_#REUSE# |           1|         0|
|6     |mb_usb_hdmi_top__GB5_#REUSE# |           1|         0|
|7     |mb_usb_hdmi_top__GB6_#REUSE# |           1|         0|
|8     |mb_usb_hdmi_top__GB7_#REUSE# |           1|         0|
|9     |mb_usb_hdmi_top__GB8_#REUSE# |           1|         0|
|10    |mb_usb_hdmi_top__GB9_#REUSE# |           1|         0|
+------+-----------------------------+------------+----------+
---------------------------------------------------------------------------------
Start RTL Component Statistics 
---------------------------------------------------------------------------------
Detailed RTL Component Info : 
---------------------------------------------------------------------------------
Finished RTL Component Statistics 
---------------------------------------------------------------------------------
---------------------------------------------------------------------------------
Start Part Resource Summary
---------------------------------------------------------------------------------
Part Resources:
DSPs: 120 (col length:60)
BRAMs: 150 (col length: RAMB18 60 RAMB36 30)
---------------------------------------------------------------------------------
Finished Part Resource Summary
---------------------------------------------------------------------------------
---------------------------------------------------------------------------------
Start Cross Boundary and Area Optimization
---------------------------------------------------------------------------------
WARNING: [Synth 8-7080] Parallel synthesis criteria is not met
WARNING: [Synth 8-7077] IncrSyn: subsequent runs will still be incremental as the reference run was parallel and that data is reused
---------------------------------------------------------------------------------
Finished Cross Boundary and Area Optimization : Time (s): cpu = 00:00:19 ; elapsed = 00:00:23 . Memory (MB): peak = 1468.324 ; gain = 658.273
---------------------------------------------------------------------------------
---------------------------------------------------------------------------------
Start Stitch Unchanged AreaOpt Partitions
---------------------------------------------------------------------------------
---------------------------------------------------------------------------------
Finished Stitch Unchanged AreaOpt Partitions : Time (s): cpu = 00:00:19 ; elapsed = 00:00:24 . Memory (MB): peak = 1468.324 ; gain = 658.273
---------------------------------------------------------------------------------
---------------------------------------------------------------------------------
Start Applying XDC Timing Constraints
---------------------------------------------------------------------------------
WARNING: [Synth 8-565] redefining clock 'Clk'
---------------------------------------------------------------------------------
Finished Applying XDC Timing Constraints : Time (s): cpu = 00:00:28 ; elapsed = 00:00:33 . Memory (MB): peak = 1468.324 ; gain = 658.273
---------------------------------------------------------------------------------
---------------------------------------------------------------------------------
Start Timing Optimization
---------------------------------------------------------------------------------
---------------------------------------------------------------------------------
Finished Timing Optimization : Time (s): cpu = 00:00:28 ; elapsed = 00:00:33 . Memory (MB): peak = 1468.324 ; gain = 658.273
---------------------------------------------------------------------------------
---------------------------------------------------------------------------------
Start Technology Mapping
---------------------------------------------------------------------------------
WARNING: [Synth 8-7080] Parallel synthesis criteria is not met
WARNING: [Synth 8-7077] IncrSyn: subsequent runs will still be incremental as the reference run was parallel and that data is reused
---------------------------------------------------------------------------------
Finished Technology Mapping : Time (s): cpu = 00:00:28 ; elapsed = 00:00:33 . Memory (MB): peak = 1468.324 ; gain = 658.273
---------------------------------------------------------------------------------
---------------------------------------------------------------------------------
Start Stitch Unchanged Partitions
---------------------------------------------------------------------------------
---------------------------------------------------------------------------------
Finished Stitch Unchanged Partitions : Time (s): cpu = 00:00:28 ; elapsed = 00:00:33 . Memory (MB): peak = 1468.324 ; gain = 658.273
---------------------------------------------------------------------------------
---------------------------------------------------------------------------------
Start IO Insertion
---------------------------------------------------------------------------------
---------------------------------------------------------------------------------
Start Flattening Before IO Insertion
---------------------------------------------------------------------------------
---------------------------------------------------------------------------------
Finished Flattening Before IO Insertion
---------------------------------------------------------------------------------
---------------------------------------------------------------------------------
Start Final Netlist Cleanup
---------------------------------------------------------------------------------
---------------------------------------------------------------------------------
Finished Final Netlist Cleanup
---------------------------------------------------------------------------------
CRITICAL WARNING: [Synth 8-4442] BlackBox module \arrow_instance/bg1/background1_rom  has unconnected pin clkb
CRITICAL WARNING: [Synth 8-4442] BlackBox module \arrow_instance/bg1/background1_rom  has unconnected pin addrb[14]
CRITICAL WARNING: [Synth 8-4442] BlackBox module \arrow_instance/bg1/background1_rom  has unconnected pin addrb[13]
CRITICAL WARNING: [Synth 8-4442] BlackBox module \arrow_instance/bg1/background1_rom  has unconnected pin addrb[12]
CRITICAL WARNING: [Synth 8-4442] BlackBox module \arrow_instance/bg1/background1_rom  has unconnected pin addrb[11]
CRITICAL WARNING: [Synth 8-4442] BlackBox module \arrow_instance/bg1/background1_rom  has unconnected pin addrb[10]
CRITICAL WARNING: [Synth 8-4442] BlackBox module \arrow_instance/bg1/background1_rom  has unconnected pin addrb[9]
CRITICAL WARNING: [Synth 8-4442] BlackBox module \arrow_instance/bg1/background1_rom  has unconnected pin addrb[8]
CRITICAL WARNING: [Synth 8-4442] BlackBox module \arrow_instance/bg1/background1_rom  has unconnected pin addrb[7]
CRITICAL WARNING: [Synth 8-4442] BlackBox module \arrow_instance/bg1/background1_rom  has unconnected pin addrb[6]
CRITICAL WARNING: [Synth 8-4442] BlackBox module \arrow_instance/bg1/background1_rom  has unconnected pin addrb[5]
CRITICAL WARNING: [Synth 8-4442] BlackBox module \arrow_instance/bg1/background1_rom  has unconnected pin addrb[4]
CRITICAL WARNING: [Synth 8-4442] BlackBox module \arrow_instance/bg1/background1_rom  has unconnected pin addrb[3]
CRITICAL WARNING: [Synth 8-4442] BlackBox module \arrow_instance/bg1/background1_rom  has unconnected pin addrb[2]
CRITICAL WARNING: [Synth 8-4442] BlackBox module \arrow_instance/bg1/background1_rom  has unconnected pin addrb[1]
CRITICAL WARNING: [Synth 8-4442] BlackBox module \arrow_instance/bg1/background1_rom  has unconnected pin addrb[0]
CRITICAL WARNING: [Synth 8-4442] BlackBox module \arrow_instance/bg1/background1_rom  has unconnected pin dinb[3]
CRITICAL WARNING: [Synth 8-4442] BlackBox module \arrow_instance/bg1/background1_rom  has unconnected pin dinb[2]
CRITICAL WARNING: [Synth 8-4442] BlackBox module \arrow_instance/bg1/background1_rom  has unconnected pin dinb[1]
CRITICAL WARNING: [Synth 8-4442] BlackBox module \arrow_instance/bg1/background1_rom  has unconnected pin dinb[0]
---------------------------------------------------------------------------------
Finished IO Insertion : Time (s): cpu = 00:00:34 ; elapsed = 00:00:39 . Memory (MB): peak = 1468.324 ; gain = 658.273
---------------------------------------------------------------------------------
---------------------------------------------------------------------------------
Start Renaming Generated Instances
---------------------------------------------------------------------------------
---------------------------------------------------------------------------------
Finished Renaming Generated Instances : Time (s): cpu = 00:00:34 ; elapsed = 00:00:39 . Memory (MB): peak = 1468.324 ; gain = 658.273
---------------------------------------------------------------------------------
---------------------------------------------------------------------------------
Start Rebuilding User Hierarchy
---------------------------------------------------------------------------------
---------------------------------------------------------------------------------
Finished Rebuilding User Hierarchy : Time (s): cpu = 00:00:35 ; elapsed = 00:00:40 . Memory (MB): peak = 1468.324 ; gain = 658.273
---------------------------------------------------------------------------------
---------------------------------------------------------------------------------
Start Renaming Generated Ports
---------------------------------------------------------------------------------
---------------------------------------------------------------------------------
Finished Renaming Generated Ports : Time (s): cpu = 00:00:35 ; elapsed = 00:00:40 . Memory (MB): peak = 1468.324 ; gain = 658.273
---------------------------------------------------------------------------------
---------------------------------------------------------------------------------
Start Handling Custom Attributes
---------------------------------------------------------------------------------
---------------------------------------------------------------------------------
Finished Handling Custom Attributes : Time (s): cpu = 00:00:36 ; elapsed = 00:00:41 . Memory (MB): peak = 1468.324 ; gain = 658.273
---------------------------------------------------------------------------------
---------------------------------------------------------------------------------
Start Renaming Generated Nets
---------------------------------------------------------------------------------
---------------------------------------------------------------------------------
Finished Renaming Generated Nets : Time (s): cpu = 00:00:36 ; elapsed = 00:00:41 . Memory (MB): peak = 1468.324 ; gain = 658.273
---------------------------------------------------------------------------------
---------------------------------------------------------------------------------
Start Writing Synthesis Report
---------------------------------------------------------------------------------

DSP Final Report (the ' indicates corresponding REG is set)
+------------+-------------+--------+--------+--------+--------+--------+------+------+------+------+-------+------+------+
|Module Name | DSP Mapping | A Size | B Size | C Size | D Size | P Size | AREG | BREG | CREG | DREG | ADREG | MREG | PREG | 
+------------+-------------+--------+--------+--------+--------+--------+------+------+------+------+-------+------+------+
|background1 | A*B         | 10     | 7      | -      | -      | 17     | 0    | 0    | -    | -    | -     | 0    | 0    | 
|background1 | A*B         | 10     | 8      | -      | -      | 18     | 0    | 0    | -    | -    | -     | 0    | 0    | 
+------------+-------------+--------+--------+--------+--------+--------+------+------+------+------+-------+------+------+


Report BlackBoxes: 
+------+---------------------------------+----------+
|      |BlackBox name                    |Instances |
+------+---------------------------------+----------+
|1     |mb_block_xbar_0                  |         1|
|2     |mb_block_axi_uartlite_0_0        |         1|
|3     |mb_block_clk_wiz_1_0             |         1|
|4     |mb_block_axi_gpio_0_2            |         1|
|5     |mb_block_axi_gpio_0_3            |         1|
|6     |mb_block_axi_gpio_0_1            |         1|
|7     |mb_block_mdm_1_0                 |         1|
|8     |mb_block_microblaze_0_0          |         1|
|9     |mb_block_microblaze_0_axi_intc_0 |         1|
|10    |mb_block_rst_clk_wiz_1_100M_0    |         1|
|11    |mb_block_axi_quad_spi_0_0        |         1|
|12    |mb_block_axi_timer_0_0           |         1|
|13    |mb_block_dlmb_bram_if_cntlr_0    |         1|
|14    |mb_block_dlmb_v10_0              |         1|
|15    |mb_block_ilmb_bram_if_cntlr_0    |         1|
|16    |mb_block_ilmb_v10_0              |         1|
|17    |mb_block_lmb_bram_0              |         1|
|18    |hdmi_tx_0                        |         1|
|19    |clk_wiz_0                        |         1|
|20    |background1_rom                  |         1|
+------+---------------------------------+----------+

Report Cell Usage: 
+------+-------------------------------+------+
|      |Cell                           |Count |
+------+-------------------------------+------+
|1     |background1_rom                |     1|
|2     |clk_wiz                        |     1|
|3     |hdmi_tx                        |     1|
|4     |mb_block_axi_gpio_0            |     3|
|7     |mb_block_axi_quad_spi_0        |     1|
|8     |mb_block_axi_timer_0           |     1|
|9     |mb_block_axi_uartlite_0        |     1|
|10    |mb_block_clk_wiz_1             |     1|
|11    |mb_block_dlmb_bram_if_cntlr    |     1|
|12    |mb_block_dlmb_v10              |     1|
|13    |mb_block_ilmb_bram_if_cntlr    |     1|
|14    |mb_block_ilmb_v10              |     1|
|15    |mb_block_lmb_bram              |     1|
|16    |mb_block_mdm_1                 |     1|
|17    |mb_block_microblaze_0          |     1|
|18    |mb_block_microblaze_0_axi_intc |     1|
|19    |mb_block_rst_clk_wiz_1_100M    |     1|
|20    |mb_block_xbar                  |     1|
|21    |BUFG                           |     1|
|22    |CARRY4                         |  3753|
|23    |DSP48E1                        |     2|
|24    |LUT1                           |  1377|
|25    |LUT2                           |  4318|
|26    |LUT3                           |  3315|
|27    |LUT4                           |  6600|
|28    |LUT5                           |  3402|
|29    |LUT6                           |  7632|
|30    |MUXF7                          |  1069|
|31    |FDCE                           |    58|
|32    |FDPE                           |  2051|
|33    |FDRE                           |   149|
|34    |IBUF                           |     4|
|35    |OBUF                           |    29|
+------+-------------------------------+------+
---------------------------------------------------------------------------------
Finished Writing Synthesis Report : Time (s): cpu = 00:00:36 ; elapsed = 00:00:41 . Memory (MB): peak = 1468.324 ; gain = 658.273
---------------------------------------------------------------------------------
Synthesis finished with 0 errors, 20 critical warnings and 13 warnings.
Synthesis Optimization Runtime : Time (s): cpu = 00:00:27 ; elapsed = 00:00:37 . Memory (MB): peak = 1468.324 ; gain = 583.039
Synthesis Optimization Complete : Time (s): cpu = 00:00:36 ; elapsed = 00:00:41 . Memory (MB): peak = 1468.324 ; gain = 658.273
INFO: [Project 1-571] Translating synthesized netlist
Netlist sorting complete. Time (s): cpu = 00:00:01 ; elapsed = 00:00:00.401 . Memory (MB): peak = 1468.324 ; gain = 0.000
INFO: [Netlist 29-17] Analyzing 4824 Unisim elements for replacement
INFO: [Netlist 29-28] Unisim Transformation completed in 0 CPU seconds
WARNING: [Netlist 29-101] Netlist 'mb_usb_hdmi_top' is not ideal for floorplanning, since the cellview 'mb_usb_hdmi_top' contains a large number of primitives.  Please consider enabling hierarchy in synthesis if you want to do floorplanning.
INFO: [Project 1-570] Preparing netlist for logic optimization
INFO: [Opt 31-140] Inserted 1 IBUFs to IO ports without IO buffers.
INFO: [Opt 31-138] Pushed 0 inverter(s) to 0 load pin(s).
Netlist sorting complete. Time (s): cpu = 00:00:00 ; elapsed = 00:00:00.008 . Memory (MB): peak = 1468.977 ; gain = 0.000
INFO: [Project 1-111] Unisim Transformation Summary:
No Unisim elements were transformed.

Synth Design complete, checksum: 49616824
INFO: [Common 17-83] Releasing license: Synthesis
146 Infos, 275 Warnings, 25 Critical Warnings and 0 Errors encountered.
synth_design completed successfully
synth_design: Time (s): cpu = 00:00:44 ; elapsed = 00:00:51 . Memory (MB): peak = 1468.977 ; gain = 1036.055
INFO: [runtcl-6] Synthesis results are not added to the cache due to CRITICAL_WARNING
INFO: [Common 17-1381] The checkpoint 'C:/Users/curti/OneDrive/Documents/UIUC/Duplicate/ECE-385/Vivado_Projects/Final_Project/lab_6.runs/synth_1/mb_usb_hdmi_top.dcp' has been generated.
INFO: [runtcl-4] Executing : report_utilization -file mb_usb_hdmi_top_utilization_synth.rpt -pb mb_usb_hdmi_top_utilization_synth.pb
INFO: [Common 17-206] Exiting Vivado at Fri Dec 13 10:22:56 2024...
