04:22:03 DEBUG : Logs will be stored at 'C:/Users/curti/OneDrive/Documents/UIUC/ECE-385/Vivado_Projects/lab7_1/lab7_1_workspace/IDE.log'.
04:22:06 INFO  : Platform repository initialization has completed.
04:22:06 INFO  : Launching XSCT server: xsct.bat -n  -interactive C:\Users\curti\OneDrive\Documents\UIUC\ECE-385\Vivado_Projects\lab7_1\lab7_1_workspace\temp_xsdb_launch_script.tcl
04:22:06 INFO  : Registering command handlers for Vitis TCF services
04:22:09 INFO  : XSCT server has started successfully.
04:22:12 INFO  : Successfully done setting XSCT server connection channel  
04:22:12 INFO  : plnx-install-location is set to ''
04:22:12 INFO  : Successfully done query RDI_DATADIR 
04:22:12 INFO  : Successfully done setting workspace for the tool. 
04:24:45 ERROR : (XSDB Server)ERROR: [Hsi 55-1562] Source directory C:/Users/curti/OneDrive/Documents/UIUC/ECE-385/Vivado_Projects/lab7_1/lab7_1_workspace/mb_usb_hdmi_top/hw/drivers\hdmi_text_controller_v1_0/src does not exist or is not a directory.

04:24:47 INFO  : Result from executing command 'getProjects': mb_usb_hdmi_top
04:24:47 INFO  : Result from executing command 'getPlatforms': 
04:24:47 WARN  : An unexpected exception occurred in the module 'platform project logging'
04:24:47 INFO  : Platform 'mb_usb_hdmi_top' is added to custom repositories.
04:24:49 INFO  : Platform 'mb_usb_hdmi_top' is added to custom repositories.
04:28:27 INFO  : Result from executing command 'getProjects': mb_usb_hdmi_top
04:28:27 INFO  : Result from executing command 'getPlatforms': mb_usb_hdmi_top|C:/Users/curti/OneDrive/Documents/UIUC/ECE-385/Vivado_Projects/lab7_1/lab7_1_workspace/mb_usb_hdmi_top/export/mb_usb_hdmi_top/mb_usb_hdmi_top.xpfm
04:28:27 INFO  : Checking for BSP changes to sync application flags for project 'mb_lab_7_1'...
04:29:48 INFO  : Checking for BSP changes to sync application flags for project 'mb_lab_7_1'...
04:33:08 INFO  : Checking for BSP changes to sync application flags for project 'mb_lab_7_1'...
04:36:20 INFO  : Connected to target on host '127.0.0.1' and port '3121'.
04:36:21 INFO  : Jtag cable 'RealDigital Boo 887100000005A' is selected.
04:36:21 INFO  : 'jtag frequency' command is executed.
04:36:21 INFO  : 'targets -set -filter {jtag_cable_name =~ "RealDigital Boo 887100000005A" && level==0 && jtag_device_ctx=="jsn1-0362f093-0"}' command is executed.
04:36:22 INFO  : Device configured successfully with "C:/Users/curti/OneDrive/Documents/UIUC/ECE-385/Vivado_Projects/lab7_1/lab7_1_workspace/mb_lab_7_1/_ide/bitstream/mb_usb_hdmi_top.bit"
04:36:22 INFO  : Context for processor 'microblaze_0' is selected.
04:36:22 INFO  : Hardware design and registers information is loaded from 'C:/Users/curti/OneDrive/Documents/UIUC/ECE-385/Vivado_Projects/lab7_1/lab7_1_workspace/mb_usb_hdmi_top/export/mb_usb_hdmi_top/hw/mb_usb_hdmi_top.xsa'.
04:36:22 INFO  : 'configparams mdm-detect-bscan-mask 2' command is executed.
04:36:22 INFO  : Context for processor 'microblaze_0' is selected.
04:36:22 INFO  : System reset is completed.
04:36:25 INFO  : 'after 3000' command is executed.
04:36:25 INFO  : Context for processor 'microblaze_0' is selected.
04:36:26 INFO  : The application 'C:/Users/curti/OneDrive/Documents/UIUC/ECE-385/Vivado_Projects/lab7_1/lab7_1_workspace/mb_lab_7_1/Debug/mb_lab_7_1.elf' is downloaded to processor 'microblaze_0'.
04:36:26 INFO  : ----------------XSDB Script----------------
connect -url tcp:127.0.0.1:3121
targets -set -filter {jtag_cable_name =~ "RealDigital Boo 887100000005A" && level==0 && jtag_device_ctx=="jsn1-0362f093-0"}
fpga -file C:/Users/curti/OneDrive/Documents/UIUC/ECE-385/Vivado_Projects/lab7_1/lab7_1_workspace/mb_lab_7_1/_ide/bitstream/mb_usb_hdmi_top.bit
targets -set -nocase -filter {name =~ "*microblaze*#0" && bscan=="USER2" }
loadhw -hw C:/Users/curti/OneDrive/Documents/UIUC/ECE-385/Vivado_Projects/lab7_1/lab7_1_workspace/mb_usb_hdmi_top/export/mb_usb_hdmi_top/hw/mb_usb_hdmi_top.xsa -regs
configparams mdm-detect-bscan-mask 2
targets -set -nocase -filter {name =~ "*microblaze*#0" && bscan=="USER2" }
rst -system
after 3000
targets -set -nocase -filter {name =~ "*microblaze*#0" && bscan=="USER2" }
dow C:/Users/curti/OneDrive/Documents/UIUC/ECE-385/Vivado_Projects/lab7_1/lab7_1_workspace/mb_lab_7_1/Debug/mb_lab_7_1.elf
----------------End of Script----------------

04:36:26 INFO  : Context for processor 'microblaze_0' is selected.
04:36:26 INFO  : 'con' command is executed.
04:36:26 INFO  : ----------------XSDB Script (After Launch)----------------
targets -set -nocase -filter {name =~ "*microblaze*#0" && bscan=="USER2" }
con
----------------End of Script----------------

04:36:26 INFO  : Disconnected from the channel tcfchan#2.
04:36:56 INFO  : Connected to target on host '127.0.0.1' and port '3121'.
04:36:57 INFO  : Jtag cable 'RealDigital Boo 887100000005A' is selected.
04:36:57 INFO  : 'jtag frequency' command is executed.
04:36:57 INFO  : 'targets -set -filter {jtag_cable_name =~ "RealDigital Boo 887100000005A" && level==0 && jtag_device_ctx=="jsn1-0362f093-0"}' command is executed.
04:36:58 INFO  : Device configured successfully with "C:/Users/curti/OneDrive/Documents/UIUC/ECE-385/Vivado_Projects/lab7_1/lab7_1_workspace/mb_lab_7_1/_ide/bitstream/mb_usb_hdmi_top.bit"
04:36:58 INFO  : Context for processor 'microblaze_0' is selected.
04:36:58 INFO  : Hardware design and registers information is loaded from 'C:/Users/curti/OneDrive/Documents/UIUC/ECE-385/Vivado_Projects/lab7_1/lab7_1_workspace/mb_usb_hdmi_top/export/mb_usb_hdmi_top/hw/mb_usb_hdmi_top.xsa'.
04:36:58 INFO  : 'configparams mdm-detect-bscan-mask 2' command is executed.
04:36:58 INFO  : Context for processor 'microblaze_0' is selected.
04:36:58 INFO  : System reset is completed.
04:37:01 INFO  : 'after 3000' command is executed.
04:37:01 INFO  : Context for processor 'microblaze_0' is selected.
04:37:02 INFO  : The application 'C:/Users/curti/OneDrive/Documents/UIUC/ECE-385/Vivado_Projects/lab7_1/lab7_1_workspace/mb_lab_7_1/Debug/mb_lab_7_1.elf' is downloaded to processor 'microblaze_0'.
04:37:02 INFO  : ----------------XSDB Script----------------
connect -url tcp:127.0.0.1:3121
targets -set -filter {jtag_cable_name =~ "RealDigital Boo 887100000005A" && level==0 && jtag_device_ctx=="jsn1-0362f093-0"}
fpga -file C:/Users/curti/OneDrive/Documents/UIUC/ECE-385/Vivado_Projects/lab7_1/lab7_1_workspace/mb_lab_7_1/_ide/bitstream/mb_usb_hdmi_top.bit
targets -set -nocase -filter {name =~ "*microblaze*#0" && bscan=="USER2" }
loadhw -hw C:/Users/curti/OneDrive/Documents/UIUC/ECE-385/Vivado_Projects/lab7_1/lab7_1_workspace/mb_usb_hdmi_top/export/mb_usb_hdmi_top/hw/mb_usb_hdmi_top.xsa -regs
configparams mdm-detect-bscan-mask 2
targets -set -nocase -filter {name =~ "*microblaze*#0" && bscan=="USER2" }
rst -system
after 3000
targets -set -nocase -filter {name =~ "*microblaze*#0" && bscan=="USER2" }
dow C:/Users/curti/OneDrive/Documents/UIUC/ECE-385/Vivado_Projects/lab7_1/lab7_1_workspace/mb_lab_7_1/Debug/mb_lab_7_1.elf
----------------End of Script----------------

04:37:02 INFO  : Context for processor 'microblaze_0' is selected.
04:37:02 INFO  : 'con' command is executed.
04:37:02 INFO  : ----------------XSDB Script (After Launch)----------------
targets -set -nocase -filter {name =~ "*microblaze*#0" && bscan=="USER2" }
con
----------------End of Script----------------

04:37:02 INFO  : Disconnected from the channel tcfchan#3.
04:39:25 INFO  : Checking for BSP changes to sync application flags for project 'mb_lab_7_1'...
04:39:30 INFO  : Connected to target on host '127.0.0.1' and port '3121'.
04:39:30 INFO  : Jtag cable 'RealDigital Boo 887100000005A' is selected.
04:39:30 INFO  : 'jtag frequency' command is executed.
04:39:30 INFO  : 'targets -set -filter {jtag_cable_name =~ "RealDigital Boo 887100000005A" && level==0 && jtag_device_ctx=="jsn1-0362f093-0"}' command is executed.
04:39:31 INFO  : Device configured successfully with "C:/Users/curti/OneDrive/Documents/UIUC/ECE-385/Vivado_Projects/lab7_1/lab7_1_workspace/mb_lab_7_1/_ide/bitstream/mb_usb_hdmi_top.bit"
04:39:32 INFO  : Context for processor 'microblaze_0' is selected.
04:39:32 INFO  : Hardware design and registers information is loaded from 'C:/Users/curti/OneDrive/Documents/UIUC/ECE-385/Vivado_Projects/lab7_1/lab7_1_workspace/mb_usb_hdmi_top/export/mb_usb_hdmi_top/hw/mb_usb_hdmi_top.xsa'.
04:39:32 INFO  : 'configparams mdm-detect-bscan-mask 2' command is executed.
04:39:32 INFO  : Context for processor 'microblaze_0' is selected.
04:39:32 INFO  : System reset is completed.
04:39:35 INFO  : 'after 3000' command is executed.
04:39:35 INFO  : Context for processor 'microblaze_0' is selected.
04:39:35 INFO  : The application 'C:/Users/curti/OneDrive/Documents/UIUC/ECE-385/Vivado_Projects/lab7_1/lab7_1_workspace/mb_lab_7_1/Debug/mb_lab_7_1.elf' is downloaded to processor 'microblaze_0'.
04:39:35 INFO  : ----------------XSDB Script----------------
connect -url tcp:127.0.0.1:3121
targets -set -filter {jtag_cable_name =~ "RealDigital Boo 887100000005A" && level==0 && jtag_device_ctx=="jsn1-0362f093-0"}
fpga -file C:/Users/curti/OneDrive/Documents/UIUC/ECE-385/Vivado_Projects/lab7_1/lab7_1_workspace/mb_lab_7_1/_ide/bitstream/mb_usb_hdmi_top.bit
targets -set -nocase -filter {name =~ "*microblaze*#0" && bscan=="USER2" }
loadhw -hw C:/Users/curti/OneDrive/Documents/UIUC/ECE-385/Vivado_Projects/lab7_1/lab7_1_workspace/mb_usb_hdmi_top/export/mb_usb_hdmi_top/hw/mb_usb_hdmi_top.xsa -regs
configparams mdm-detect-bscan-mask 2
targets -set -nocase -filter {name =~ "*microblaze*#0" && bscan=="USER2" }
rst -system
after 3000
targets -set -nocase -filter {name =~ "*microblaze*#0" && bscan=="USER2" }
dow C:/Users/curti/OneDrive/Documents/UIUC/ECE-385/Vivado_Projects/lab7_1/lab7_1_workspace/mb_lab_7_1/Debug/mb_lab_7_1.elf
----------------End of Script----------------

04:39:35 INFO  : Context for processor 'microblaze_0' is selected.
04:39:35 INFO  : 'con' command is executed.
04:39:35 INFO  : ----------------XSDB Script (After Launch)----------------
targets -set -nocase -filter {name =~ "*microblaze*#0" && bscan=="USER2" }
con
----------------End of Script----------------

04:39:35 INFO  : Disconnected from the channel tcfchan#4.
04:40:24 INFO  : Connected to target on host '127.0.0.1' and port '3121'.
04:40:25 INFO  : Jtag cable 'RealDigital Boo 887100000005A' is selected.
04:40:25 INFO  : 'jtag frequency' command is executed.
04:40:25 INFO  : 'targets -set -filter {jtag_cable_name =~ "RealDigital Boo 887100000005A" && level==0 && jtag_device_ctx=="jsn1-0362f093-0"}' command is executed.
04:40:26 INFO  : Device configured successfully with "C:/Users/curti/OneDrive/Documents/UIUC/ECE-385/Vivado_Projects/lab7_1/lab7_1_workspace/mb_lab_7_1/_ide/bitstream/mb_usb_hdmi_top.bit"
04:40:26 INFO  : Context for processor 'microblaze_0' is selected.
04:40:26 INFO  : Hardware design and registers information is loaded from 'C:/Users/curti/OneDrive/Documents/UIUC/ECE-385/Vivado_Projects/lab7_1/lab7_1_workspace/mb_usb_hdmi_top/export/mb_usb_hdmi_top/hw/mb_usb_hdmi_top.xsa'.
04:40:26 INFO  : 'configparams mdm-detect-bscan-mask 2' command is executed.
04:40:26 INFO  : Context for processor 'microblaze_0' is selected.
04:40:26 INFO  : System reset is completed.
04:40:29 INFO  : 'after 3000' command is executed.
04:40:29 INFO  : Context for processor 'microblaze_0' is selected.
04:40:30 INFO  : The application 'C:/Users/curti/OneDrive/Documents/UIUC/ECE-385/Vivado_Projects/lab7_1/lab7_1_workspace/mb_lab_7_1/Debug/mb_lab_7_1.elf' is downloaded to processor 'microblaze_0'.
04:40:30 INFO  : ----------------XSDB Script----------------
connect -url tcp:127.0.0.1:3121
targets -set -filter {jtag_cable_name =~ "RealDigital Boo 887100000005A" && level==0 && jtag_device_ctx=="jsn1-0362f093-0"}
fpga -file C:/Users/curti/OneDrive/Documents/UIUC/ECE-385/Vivado_Projects/lab7_1/lab7_1_workspace/mb_lab_7_1/_ide/bitstream/mb_usb_hdmi_top.bit
targets -set -nocase -filter {name =~ "*microblaze*#0" && bscan=="USER2" }
loadhw -hw C:/Users/curti/OneDrive/Documents/UIUC/ECE-385/Vivado_Projects/lab7_1/lab7_1_workspace/mb_usb_hdmi_top/export/mb_usb_hdmi_top/hw/mb_usb_hdmi_top.xsa -regs
configparams mdm-detect-bscan-mask 2
targets -set -nocase -filter {name =~ "*microblaze*#0" && bscan=="USER2" }
rst -system
after 3000
targets -set -nocase -filter {name =~ "*microblaze*#0" && bscan=="USER2" }
dow C:/Users/curti/OneDrive/Documents/UIUC/ECE-385/Vivado_Projects/lab7_1/lab7_1_workspace/mb_lab_7_1/Debug/mb_lab_7_1.elf
----------------End of Script----------------

04:40:30 INFO  : Context for processor 'microblaze_0' is selected.
04:40:30 INFO  : 'con' command is executed.
04:40:30 INFO  : ----------------XSDB Script (After Launch)----------------
targets -set -nocase -filter {name =~ "*microblaze*#0" && bscan=="USER2" }
con
----------------End of Script----------------

04:40:30 INFO  : Disconnected from the channel tcfchan#5.
04:53:00 INFO  : Checking for BSP changes to sync application flags for project 'mb_lab_7_1'...
04:53:04 INFO  : Connected to target on host '127.0.0.1' and port '3121'.
04:53:05 INFO  : Jtag cable 'RealDigital Boo 887100000005A' is selected.
04:53:05 INFO  : 'jtag frequency' command is executed.
04:53:05 INFO  : 'targets -set -filter {jtag_cable_name =~ "RealDigital Boo 887100000005A" && level==0 && jtag_device_ctx=="jsn1-0362f093-0"}' command is executed.
04:53:06 INFO  : Device configured successfully with "C:/Users/curti/OneDrive/Documents/UIUC/ECE-385/Vivado_Projects/lab7_1/lab7_1_workspace/mb_lab_7_1/_ide/bitstream/mb_usb_hdmi_top.bit"
04:53:07 INFO  : Context for processor 'microblaze_0' is selected.
04:53:07 INFO  : Hardware design and registers information is loaded from 'C:/Users/curti/OneDrive/Documents/UIUC/ECE-385/Vivado_Projects/lab7_1/lab7_1_workspace/mb_usb_hdmi_top/export/mb_usb_hdmi_top/hw/mb_usb_hdmi_top.xsa'.
04:53:07 INFO  : 'configparams mdm-detect-bscan-mask 2' command is executed.
04:53:07 INFO  : Context for processor 'microblaze_0' is selected.
04:53:07 INFO  : System reset is completed.
04:53:10 INFO  : 'after 3000' command is executed.
04:53:10 INFO  : Context for processor 'microblaze_0' is selected.
04:53:10 INFO  : The application 'C:/Users/curti/OneDrive/Documents/UIUC/ECE-385/Vivado_Projects/lab7_1/lab7_1_workspace/mb_lab_7_1/Debug/mb_lab_7_1.elf' is downloaded to processor 'microblaze_0'.
04:53:10 INFO  : ----------------XSDB Script----------------
connect -url tcp:127.0.0.1:3121
targets -set -filter {jtag_cable_name =~ "RealDigital Boo 887100000005A" && level==0 && jtag_device_ctx=="jsn1-0362f093-0"}
fpga -file C:/Users/curti/OneDrive/Documents/UIUC/ECE-385/Vivado_Projects/lab7_1/lab7_1_workspace/mb_lab_7_1/_ide/bitstream/mb_usb_hdmi_top.bit
targets -set -nocase -filter {name =~ "*microblaze*#0" && bscan=="USER2" }
loadhw -hw C:/Users/curti/OneDrive/Documents/UIUC/ECE-385/Vivado_Projects/lab7_1/lab7_1_workspace/mb_usb_hdmi_top/export/mb_usb_hdmi_top/hw/mb_usb_hdmi_top.xsa -regs
configparams mdm-detect-bscan-mask 2
targets -set -nocase -filter {name =~ "*microblaze*#0" && bscan=="USER2" }
rst -system
after 3000
targets -set -nocase -filter {name =~ "*microblaze*#0" && bscan=="USER2" }
dow C:/Users/curti/OneDrive/Documents/UIUC/ECE-385/Vivado_Projects/lab7_1/lab7_1_workspace/mb_lab_7_1/Debug/mb_lab_7_1.elf
----------------End of Script----------------

04:53:10 INFO  : Context for processor 'microblaze_0' is selected.
04:53:10 INFO  : 'con' command is executed.
04:53:10 INFO  : ----------------XSDB Script (After Launch)----------------
targets -set -nocase -filter {name =~ "*microblaze*#0" && bscan=="USER2" }
con
----------------End of Script----------------

04:53:10 INFO  : Disconnected from the channel tcfchan#6.
05:26:54 INFO  : Hardware specification for platform project 'mb_usb_hdmi_top' is updated.
05:27:05 INFO  : Result from executing command 'removePlatformRepo': 
05:27:10 ERROR : Error from executing command 'removePlatformRepo': ERROR: No valid directory exists at given path.
05:27:28 INFO  : Result from executing command 'getProjects': mb_usb_hdmi_top
05:27:28 INFO  : Result from executing command 'getPlatforms': 
05:27:29 INFO  : Checking for BSP changes to sync application flags for project 'mb_lab_7_1'...
05:27:31 INFO  : The hardware specification used by project 'mb_lab_7_1' is out of sync with the platform. Resource files extracted from the hardware specification will be updated.
05:27:31 INFO  : The file 'C:\Users\curti\OneDrive\Documents\UIUC\ECE-385\Vivado_Projects\lab7_1\lab7_1_workspace\mb_lab_7_1\_ide\bitstream\mb_usb_hdmi_top.bit' stored in project is removed.
05:27:31 INFO  : The file 'C:\Users\curti\OneDrive\Documents\UIUC\ECE-385\Vivado_Projects\lab7_1\lab7_1_workspace\mb_lab_7_1\_ide\bitstream\mb_usb_hdmi_top.mmi' stored in project is removed.
05:27:31 INFO  : The updated bitstream files are copied from platform to folder 'C:\Users\curti\OneDrive\Documents\UIUC\ECE-385\Vivado_Projects\lab7_1\lab7_1_workspace\mb_lab_7_1\_ide\bitstream' in project 'mb_lab_7_1'.
05:27:49 INFO  : Checking for BSP changes to sync application flags for project 'mb_lab_7_1'...
05:27:54 INFO  : Connected to target on host '127.0.0.1' and port '3121'.
05:27:54 INFO  : Jtag cable 'RealDigital Boo 887100000005A' is selected.
05:27:54 INFO  : 'jtag frequency' command is executed.
05:27:54 INFO  : 'targets -set -filter {jtag_cable_name =~ "RealDigital Boo 887100000005A" && level==0 && jtag_device_ctx=="jsn1-0362f093-0"}' command is executed.
05:27:55 INFO  : Device configured successfully with "C:/Users/curti/OneDrive/Documents/UIUC/ECE-385/Vivado_Projects/lab7_1/lab7_1_workspace/mb_lab_7_1/_ide/bitstream/mb_usb_hdmi_top.bit"
05:27:55 INFO  : Context for processor 'microblaze_0' is selected.
05:27:56 INFO  : Hardware design and registers information is loaded from 'C:/Users/curti/OneDrive/Documents/UIUC/ECE-385/Vivado_Projects/lab7_1/lab7_1_workspace/mb_usb_hdmi_top/export/mb_usb_hdmi_top/hw/mb_usb_hdmi_top.xsa'.
05:27:56 INFO  : 'configparams mdm-detect-bscan-mask 2' command is executed.
05:27:56 INFO  : Context for processor 'microblaze_0' is selected.
05:27:56 INFO  : System reset is completed.
05:27:59 INFO  : 'after 3000' command is executed.
05:27:59 INFO  : Context for processor 'microblaze_0' is selected.
05:27:59 INFO  : The application 'C:/Users/curti/OneDrive/Documents/UIUC/ECE-385/Vivado_Projects/lab7_1/lab7_1_workspace/mb_lab_7_1/Debug/mb_lab_7_1.elf' is downloaded to processor 'microblaze_0'.
05:27:59 INFO  : ----------------XSDB Script----------------
connect -url tcp:127.0.0.1:3121
targets -set -filter {jtag_cable_name =~ "RealDigital Boo 887100000005A" && level==0 && jtag_device_ctx=="jsn1-0362f093-0"}
fpga -file C:/Users/curti/OneDrive/Documents/UIUC/ECE-385/Vivado_Projects/lab7_1/lab7_1_workspace/mb_lab_7_1/_ide/bitstream/mb_usb_hdmi_top.bit
targets -set -nocase -filter {name =~ "*microblaze*#0" && bscan=="USER2" }
loadhw -hw C:/Users/curti/OneDrive/Documents/UIUC/ECE-385/Vivado_Projects/lab7_1/lab7_1_workspace/mb_usb_hdmi_top/export/mb_usb_hdmi_top/hw/mb_usb_hdmi_top.xsa -regs
configparams mdm-detect-bscan-mask 2
targets -set -nocase -filter {name =~ "*microblaze*#0" && bscan=="USER2" }
rst -system
after 3000
targets -set -nocase -filter {name =~ "*microblaze*#0" && bscan=="USER2" }
dow C:/Users/curti/OneDrive/Documents/UIUC/ECE-385/Vivado_Projects/lab7_1/lab7_1_workspace/mb_lab_7_1/Debug/mb_lab_7_1.elf
----------------End of Script----------------

05:27:59 INFO  : Context for processor 'microblaze_0' is selected.
05:27:59 INFO  : 'con' command is executed.
05:27:59 INFO  : ----------------XSDB Script (After Launch)----------------
targets -set -nocase -filter {name =~ "*microblaze*#0" && bscan=="USER2" }
con
----------------End of Script----------------

05:27:59 INFO  : Disconnected from the channel tcfchan#10.
05:28:16 INFO  : Connected to target on host '127.0.0.1' and port '3121'.
05:28:16 INFO  : Jtag cable 'RealDigital Boo 887100000005A' is selected.
05:28:16 INFO  : 'jtag frequency' command is executed.
05:28:16 INFO  : 'targets -set -filter {jtag_cable_name =~ "RealDigital Boo 887100000005A" && level==0 && jtag_device_ctx=="jsn1-0362f093-0"}' command is executed.
05:28:18 INFO  : Device configured successfully with "C:/Users/curti/OneDrive/Documents/UIUC/ECE-385/Vivado_Projects/lab7_1/lab7_1_workspace/mb_lab_7_1/_ide/bitstream/mb_usb_hdmi_top.bit"
05:28:18 INFO  : Context for processor 'microblaze_0' is selected.
05:28:18 INFO  : Hardware design and registers information is loaded from 'C:/Users/curti/OneDrive/Documents/UIUC/ECE-385/Vivado_Projects/lab7_1/lab7_1_workspace/mb_usb_hdmi_top/export/mb_usb_hdmi_top/hw/mb_usb_hdmi_top.xsa'.
05:28:18 INFO  : 'configparams mdm-detect-bscan-mask 2' command is executed.
05:28:18 INFO  : Context for processor 'microblaze_0' is selected.
05:28:18 INFO  : System reset is completed.
05:28:21 INFO  : 'after 3000' command is executed.
05:28:21 INFO  : Context for processor 'microblaze_0' is selected.
05:28:21 INFO  : The application 'C:/Users/curti/OneDrive/Documents/UIUC/ECE-385/Vivado_Projects/lab7_1/lab7_1_workspace/mb_lab_7_1/Debug/mb_lab_7_1.elf' is downloaded to processor 'microblaze_0'.
05:28:21 INFO  : ----------------XSDB Script----------------
connect -url tcp:127.0.0.1:3121
targets -set -filter {jtag_cable_name =~ "RealDigital Boo 887100000005A" && level==0 && jtag_device_ctx=="jsn1-0362f093-0"}
fpga -file C:/Users/curti/OneDrive/Documents/UIUC/ECE-385/Vivado_Projects/lab7_1/lab7_1_workspace/mb_lab_7_1/_ide/bitstream/mb_usb_hdmi_top.bit
targets -set -nocase -filter {name =~ "*microblaze*#0" && bscan=="USER2" }
loadhw -hw C:/Users/curti/OneDrive/Documents/UIUC/ECE-385/Vivado_Projects/lab7_1/lab7_1_workspace/mb_usb_hdmi_top/export/mb_usb_hdmi_top/hw/mb_usb_hdmi_top.xsa -regs
configparams mdm-detect-bscan-mask 2
targets -set -nocase -filter {name =~ "*microblaze*#0" && bscan=="USER2" }
rst -system
after 3000
targets -set -nocase -filter {name =~ "*microblaze*#0" && bscan=="USER2" }
dow C:/Users/curti/OneDrive/Documents/UIUC/ECE-385/Vivado_Projects/lab7_1/lab7_1_workspace/mb_lab_7_1/Debug/mb_lab_7_1.elf
----------------End of Script----------------

05:28:21 INFO  : Context for processor 'microblaze_0' is selected.
05:28:21 INFO  : 'con' command is executed.
05:28:21 INFO  : ----------------XSDB Script (After Launch)----------------
targets -set -nocase -filter {name =~ "*microblaze*#0" && bscan=="USER2" }
con
----------------End of Script----------------

05:28:21 INFO  : Disconnected from the channel tcfchan#11.
12:06:16 INFO  : Hardware specification for platform project 'mb_usb_hdmi_top' is updated.
12:06:23 INFO  : Result from executing command 'removePlatformRepo': 
12:06:27 ERROR : Error from executing command 'removePlatformRepo': ERROR: No valid directory exists at given path.
12:06:45 INFO  : Result from executing command 'getProjects': mb_usb_hdmi_top
12:06:45 INFO  : Result from executing command 'getPlatforms': 
12:06:45 INFO  : Checking for BSP changes to sync application flags for project 'mb_lab_7_1'...
12:06:47 INFO  : The hardware specification used by project 'mb_lab_7_1' is out of sync with the platform. Resource files extracted from the hardware specification will be updated.
12:06:47 INFO  : The file 'C:\Users\curti\OneDrive\Documents\UIUC\ECE-385\Vivado_Projects\lab7_1\lab7_1_workspace\mb_lab_7_1\_ide\bitstream\mb_usb_hdmi_top.bit' stored in project is removed.
12:06:47 INFO  : The file 'C:\Users\curti\OneDrive\Documents\UIUC\ECE-385\Vivado_Projects\lab7_1\lab7_1_workspace\mb_lab_7_1\_ide\bitstream\mb_usb_hdmi_top.mmi' stored in project is removed.
12:06:47 INFO  : The updated bitstream files are copied from platform to folder 'C:\Users\curti\OneDrive\Documents\UIUC\ECE-385\Vivado_Projects\lab7_1\lab7_1_workspace\mb_lab_7_1\_ide\bitstream' in project 'mb_lab_7_1'.
12:07:04 INFO  : Checking for BSP changes to sync application flags for project 'mb_lab_7_1'...
12:08:29 INFO  : Connected to target on host '127.0.0.1' and port '3121'.
12:08:29 INFO  : Jtag cable 'RealDigital Boo 887100000005A' is selected.
12:08:29 INFO  : 'jtag frequency' command is executed.
12:08:29 INFO  : 'targets -set -filter {jtag_cable_name =~ "RealDigital Boo 887100000005A" && level==0 && jtag_device_ctx=="jsn1-0362f093-0"}' command is executed.
12:08:31 INFO  : Device configured successfully with "C:/Users/curti/OneDrive/Documents/UIUC/ECE-385/Vivado_Projects/lab7_1/lab7_1_workspace/mb_lab_7_1/_ide/bitstream/mb_usb_hdmi_top.bit"
12:08:31 INFO  : Context for processor 'microblaze_0' is selected.
12:08:31 INFO  : Hardware design and registers information is loaded from 'C:/Users/curti/OneDrive/Documents/UIUC/ECE-385/Vivado_Projects/lab7_1/lab7_1_workspace/mb_usb_hdmi_top/export/mb_usb_hdmi_top/hw/mb_usb_hdmi_top.xsa'.
12:08:31 INFO  : 'configparams mdm-detect-bscan-mask 2' command is executed.
12:08:31 INFO  : Context for processor 'microblaze_0' is selected.
12:08:31 INFO  : System reset is completed.
12:08:34 INFO  : 'after 3000' command is executed.
12:08:34 INFO  : Context for processor 'microblaze_0' is selected.
12:08:34 INFO  : The application 'C:/Users/curti/OneDrive/Documents/UIUC/ECE-385/Vivado_Projects/lab7_1/lab7_1_workspace/mb_lab_7_1/Debug/mb_lab_7_1.elf' is downloaded to processor 'microblaze_0'.
12:08:34 INFO  : ----------------XSDB Script----------------
connect -url tcp:127.0.0.1:3121
targets -set -filter {jtag_cable_name =~ "RealDigital Boo 887100000005A" && level==0 && jtag_device_ctx=="jsn1-0362f093-0"}
fpga -file C:/Users/curti/OneDrive/Documents/UIUC/ECE-385/Vivado_Projects/lab7_1/lab7_1_workspace/mb_lab_7_1/_ide/bitstream/mb_usb_hdmi_top.bit
targets -set -nocase -filter {name =~ "*microblaze*#0" && bscan=="USER2" }
loadhw -hw C:/Users/curti/OneDrive/Documents/UIUC/ECE-385/Vivado_Projects/lab7_1/lab7_1_workspace/mb_usb_hdmi_top/export/mb_usb_hdmi_top/hw/mb_usb_hdmi_top.xsa -regs
configparams mdm-detect-bscan-mask 2
targets -set -nocase -filter {name =~ "*microblaze*#0" && bscan=="USER2" }
rst -system
after 3000
targets -set -nocase -filter {name =~ "*microblaze*#0" && bscan=="USER2" }
dow C:/Users/curti/OneDrive/Documents/UIUC/ECE-385/Vivado_Projects/lab7_1/lab7_1_workspace/mb_lab_7_1/Debug/mb_lab_7_1.elf
----------------End of Script----------------

12:08:34 INFO  : Context for processor 'microblaze_0' is selected.
12:08:34 INFO  : 'con' command is executed.
12:08:34 INFO  : ----------------XSDB Script (After Launch)----------------
targets -set -nocase -filter {name =~ "*microblaze*#0" && bscan=="USER2" }
con
----------------End of Script----------------

12:08:34 INFO  : Disconnected from the channel tcfchan#15.
12:08:42 INFO  : Connected to target on host '127.0.0.1' and port '3121'.
12:08:42 INFO  : Jtag cable 'RealDigital Boo 887100000005A' is selected.
12:08:43 INFO  : 'jtag frequency' command is executed.
12:08:46 ERROR : no targets found with "jtag_cable_name =~ "RealDigital Boo 887100000005A" && level==0 && jtag_device_ctx=="jsn1-0362f093-0"". available targets:
  1  xc7s50
     2  MicroBlaze Debug Module at USER2
        3  MicroBlaze #0 (Running)
12:08:46 ERROR : Exception occured while running Program Device.
java.lang.RuntimeException: no targets found with "jtag_cable_name =~ "RealDigital Boo 887100000005A" && level==0 && jtag_device_ctx=="jsn1-0362f093-0"". available targets:
  1  xc7s50
     2  MicroBlaze Debug Module at USER2
        3  MicroBlaze #0 (Running)
12:08:46 INFO  : ----------------XSDB Script----------------
connect -url tcp:127.0.0.1:3121
----------------End of Script----------------

12:08:46 ERROR : no targets found with "jtag_cable_name =~ "RealDigital Boo 887100000005A" && level==0 && jtag_device_ctx=="jsn1-0362f093-0"". available targets:
  1  xc7s50
     2  MicroBlaze Debug Module at USER2
        3  MicroBlaze #0 (Running)
12:09:18 DEBUG : Logs will be stored at 'C:/Users/curti/OneDrive/Documents/UIUC/ECE-385/Vivado_Projects/lab7_1/lab7_1_workspace/IDE.log'.
12:09:18 INFO  : Launching XSCT server: xsct.bat -n  -interactive C:\Users\curti\OneDrive\Documents\UIUC\ECE-385\Vivado_Projects\lab7_1\lab7_1_workspace\temp_xsdb_launch_script.tcl
12:09:20 INFO  : XSCT server has started successfully.
12:09:20 INFO  : plnx-install-location is set to ''
12:09:20 INFO  : Successfully done setting XSCT server connection channel  
12:09:20 INFO  : Successfully done setting workspace for the tool. 
12:09:22 INFO  : Platform repository initialization has completed.
12:09:22 INFO  : Registering command handlers for Vitis TCF services
12:09:22 INFO  : Successfully done query RDI_DATADIR 
12:09:30 INFO  : Checking for BSP changes to sync application flags for project 'mb_lab_7_1'...
12:09:36 INFO  : Connected to target on host '127.0.0.1' and port '3121'.
12:09:36 INFO  : Jtag cable 'RealDigital Boo 887100000005A' is selected.
12:09:36 INFO  : 'jtag frequency' command is executed.
12:09:36 INFO  : 'targets -set -filter {jtag_cable_name =~ "RealDigital Boo 887100000005A" && level==0 && jtag_device_ctx=="jsn1-0362f093-0"}' command is executed.
12:09:37 INFO  : Device configured successfully with "C:/Users/curti/OneDrive/Documents/UIUC/ECE-385/Vivado_Projects/lab7_1/lab7_1_workspace/mb_lab_7_1/_ide/bitstream/mb_usb_hdmi_top.bit"
12:09:38 INFO  : Context for processor 'microblaze_0' is selected.
12:09:38 INFO  : Hardware design and registers information is loaded from 'C:/Users/curti/OneDrive/Documents/UIUC/ECE-385/Vivado_Projects/lab7_1/lab7_1_workspace/mb_usb_hdmi_top/export/mb_usb_hdmi_top/hw/mb_usb_hdmi_top.xsa'.
12:09:38 INFO  : 'configparams mdm-detect-bscan-mask 2' command is executed.
12:09:38 INFO  : Context for processor 'microblaze_0' is selected.
12:09:38 INFO  : System reset is completed.
12:09:41 INFO  : 'after 3000' command is executed.
12:09:41 INFO  : Context for processor 'microblaze_0' is selected.
12:09:41 INFO  : The application 'C:/Users/curti/OneDrive/Documents/UIUC/ECE-385/Vivado_Projects/lab7_1/lab7_1_workspace/mb_lab_7_1/Debug/mb_lab_7_1.elf' is downloaded to processor 'microblaze_0'.
12:09:41 INFO  : ----------------XSDB Script----------------
connect -url tcp:127.0.0.1:3121
targets -set -filter {jtag_cable_name =~ "RealDigital Boo 887100000005A" && level==0 && jtag_device_ctx=="jsn1-0362f093-0"}
fpga -file C:/Users/curti/OneDrive/Documents/UIUC/ECE-385/Vivado_Projects/lab7_1/lab7_1_workspace/mb_lab_7_1/_ide/bitstream/mb_usb_hdmi_top.bit
targets -set -nocase -filter {name =~ "*microblaze*#0" && bscan=="USER2" }
loadhw -hw C:/Users/curti/OneDrive/Documents/UIUC/ECE-385/Vivado_Projects/lab7_1/lab7_1_workspace/mb_usb_hdmi_top/export/mb_usb_hdmi_top/hw/mb_usb_hdmi_top.xsa -regs
configparams mdm-detect-bscan-mask 2
targets -set -nocase -filter {name =~ "*microblaze*#0" && bscan=="USER2" }
rst -system
after 3000
targets -set -nocase -filter {name =~ "*microblaze*#0" && bscan=="USER2" }
dow C:/Users/curti/OneDrive/Documents/UIUC/ECE-385/Vivado_Projects/lab7_1/lab7_1_workspace/mb_lab_7_1/Debug/mb_lab_7_1.elf
----------------End of Script----------------

12:09:41 INFO  : Context for processor 'microblaze_0' is selected.
12:09:41 INFO  : 'con' command is executed.
12:09:41 INFO  : ----------------XSDB Script (After Launch)----------------
targets -set -nocase -filter {name =~ "*microblaze*#0" && bscan=="USER2" }
con
----------------End of Script----------------

12:09:41 INFO  : Disconnected from the channel tcfchan#1.
12:09:58 INFO  : Connected to target on host '127.0.0.1' and port '3121'.
12:09:59 INFO  : Jtag cable 'RealDigital Boo 887100000005A' is selected.
12:09:59 INFO  : 'jtag frequency' command is executed.
12:09:59 INFO  : 'targets -set -filter {jtag_cable_name =~ "RealDigital Boo 887100000005A" && level==0 && jtag_device_ctx=="jsn1-0362f093-0"}' command is executed.
12:10:00 INFO  : Device configured successfully with "C:/Users/curti/OneDrive/Documents/UIUC/ECE-385/Vivado_Projects/lab7_1/lab7_1_workspace/mb_lab_7_1/_ide/bitstream/mb_usb_hdmi_top.bit"
12:10:00 INFO  : Context for processor 'microblaze_0' is selected.
12:10:00 INFO  : Hardware design and registers information is loaded from 'C:/Users/curti/OneDrive/Documents/UIUC/ECE-385/Vivado_Projects/lab7_1/lab7_1_workspace/mb_usb_hdmi_top/export/mb_usb_hdmi_top/hw/mb_usb_hdmi_top.xsa'.
12:10:00 INFO  : 'configparams mdm-detect-bscan-mask 2' command is executed.
12:10:00 INFO  : Context for processor 'microblaze_0' is selected.
12:10:00 INFO  : System reset is completed.
12:10:03 INFO  : 'after 3000' command is executed.
12:10:03 INFO  : Context for processor 'microblaze_0' is selected.
12:10:04 INFO  : The application 'C:/Users/curti/OneDrive/Documents/UIUC/ECE-385/Vivado_Projects/lab7_1/lab7_1_workspace/mb_lab_7_1/Debug/mb_lab_7_1.elf' is downloaded to processor 'microblaze_0'.
12:10:04 INFO  : ----------------XSDB Script----------------
connect -url tcp:127.0.0.1:3121
targets -set -filter {jtag_cable_name =~ "RealDigital Boo 887100000005A" && level==0 && jtag_device_ctx=="jsn1-0362f093-0"}
fpga -file C:/Users/curti/OneDrive/Documents/UIUC/ECE-385/Vivado_Projects/lab7_1/lab7_1_workspace/mb_lab_7_1/_ide/bitstream/mb_usb_hdmi_top.bit
targets -set -nocase -filter {name =~ "*microblaze*#0" && bscan=="USER2" }
loadhw -hw C:/Users/curti/OneDrive/Documents/UIUC/ECE-385/Vivado_Projects/lab7_1/lab7_1_workspace/mb_usb_hdmi_top/export/mb_usb_hdmi_top/hw/mb_usb_hdmi_top.xsa -regs
configparams mdm-detect-bscan-mask 2
targets -set -nocase -filter {name =~ "*microblaze*#0" && bscan=="USER2" }
rst -system
after 3000
targets -set -nocase -filter {name =~ "*microblaze*#0" && bscan=="USER2" }
dow C:/Users/curti/OneDrive/Documents/UIUC/ECE-385/Vivado_Projects/lab7_1/lab7_1_workspace/mb_lab_7_1/Debug/mb_lab_7_1.elf
----------------End of Script----------------

12:10:04 INFO  : Context for processor 'microblaze_0' is selected.
12:10:04 INFO  : 'con' command is executed.
12:10:04 INFO  : ----------------XSDB Script (After Launch)----------------
targets -set -nocase -filter {name =~ "*microblaze*#0" && bscan=="USER2" }
con
----------------End of Script----------------

12:10:04 INFO  : Disconnected from the channel tcfchan#2.
12:20:24 DEBUG : Logs will be stored at 'C:/Users/curti/OneDrive/Documents/UIUC/ECE-385/Vivado_Projects/lab7_1/lab7_1_workspace/IDE.log'.
12:20:24 INFO  : Launching XSCT server: xsct.bat -n  -interactive C:\Users\curti\OneDrive\Documents\UIUC\ECE-385\Vivado_Projects\lab7_1\lab7_1_workspace\temp_xsdb_launch_script.tcl
12:20:27 INFO  : XSCT server has started successfully.
12:20:27 INFO  : Successfully done setting XSCT server connection channel  
12:20:27 INFO  : plnx-install-location is set to ''
12:20:27 INFO  : Successfully done setting workspace for the tool. 
12:20:29 INFO  : Platform repository initialization has completed.
12:20:30 INFO  : Registering command handlers for Vitis TCF services
12:20:30 INFO  : Successfully done query RDI_DATADIR 
12:24:30 DEBUG : Logs will be stored at 'C:/Users/curti/OneDrive/Documents/UIUC/ECE-385/Vivado_Projects/lab7_1/lab7_1_workspace/IDE.log'.
12:24:30 INFO  : Launching XSCT server: xsct.bat -n  -interactive C:\Users\curti\OneDrive\Documents\UIUC\ECE-385\Vivado_Projects\lab7_1\lab7_1_workspace\temp_xsdb_launch_script.tcl
12:24:33 INFO  : XSCT server has started successfully.
12:24:33 INFO  : Successfully done setting XSCT server connection channel  
12:24:33 INFO  : plnx-install-location is set to ''
12:24:33 INFO  : Successfully done setting workspace for the tool. 
12:24:34 INFO  : Platform repository initialization has completed.
12:24:34 INFO  : Registering command handlers for Vitis TCF services
12:24:34 INFO  : Successfully done query RDI_DATADIR 
12:24:58 INFO  : Hardware specification for platform project 'mb_usb_hdmi_top' is updated.
12:25:05 INFO  : Result from executing command 'removePlatformRepo': 
12:25:08 ERROR : Error from executing command 'removePlatformRepo': ERROR: No valid directory exists at given path.
12:25:43 ERROR : Error encountered while adding 'C:\Users\curti\Downloads\lab7_new (2)\lab7_new\lab_7_1\71_workspace\lab_7_1_system' to custom repository paths
Reason: No Platforms Found.


12:26:12 ERROR : Error encountered while adding 'C:\Users\curti\Downloads\lab7_new (2)\lab7_new\lab_7_1\71_workspace\mb_usb_hdmi_top\microblaze_0\standalone_microblaze_0' to custom repository paths
Reason: No Platforms Found.


12:26:20 INFO  : Hardware specification for platform project 'mb_usb_hdmi_top' is updated.
12:26:28 ERROR : Error from executing command 'removePlatformRepo': ERROR: No valid directory exists at given path.
12:26:34 ERROR : Error from executing command 'removePlatformRepo': ERROR: No valid directory exists at given path.
12:26:42 INFO  : Result from executing command 'getProjects': mb_usb_hdmi_top
12:26:42 INFO  : Result from executing command 'getPlatforms': 
12:26:42 INFO  : Checking for BSP changes to sync application flags for project 'mb_lab_7_1'...
12:26:44 INFO  : The hardware specification used by project 'mb_lab_7_1' is out of sync with the platform. Resource files extracted from the hardware specification will be updated.
12:26:44 INFO  : The file 'C:\Users\curti\OneDrive\Documents\UIUC\ECE-385\Vivado_Projects\lab7_1\lab7_1_workspace\mb_lab_7_1\_ide\bitstream\mb_usb_hdmi_top.bit' stored in project is removed.
12:26:44 INFO  : The file 'C:\Users\curti\OneDrive\Documents\UIUC\ECE-385\Vivado_Projects\lab7_1\lab7_1_workspace\mb_lab_7_1\_ide\bitstream\mb_usb_hdmi_top.mmi' stored in project is removed.
12:26:44 INFO  : The updated bitstream files are copied from platform to folder 'C:\Users\curti\OneDrive\Documents\UIUC\ECE-385\Vivado_Projects\lab7_1\lab7_1_workspace\mb_lab_7_1\_ide\bitstream' in project 'mb_lab_7_1'.
12:26:55 INFO  : Connected to target on host '127.0.0.1' and port '3121'.
12:26:56 INFO  : Jtag cable 'RealDigital Boo 887100000005A' is selected.
12:26:56 INFO  : 'jtag frequency' command is executed.
12:26:56 INFO  : 'targets -set -filter {jtag_cable_name =~ "RealDigital Boo 887100000005A" && level==0 && jtag_device_ctx=="jsn1-0362f093-0"}' command is executed.
12:26:57 INFO  : Device configured successfully with "C:/Users/curti/OneDrive/Documents/UIUC/ECE-385/Vivado_Projects/lab7_1/lab7_1_workspace/mb_lab_7_1/_ide/bitstream/mb_usb_hdmi_top.bit"
12:26:57 INFO  : Context for processor 'microblaze_0' is selected.
12:26:57 INFO  : Hardware design and registers information is loaded from 'C:/Users/curti/OneDrive/Documents/UIUC/ECE-385/Vivado_Projects/lab7_1/lab7_1_workspace/mb_usb_hdmi_top/export/mb_usb_hdmi_top/hw/mb_usb_hdmi_top.xsa'.
12:26:57 INFO  : 'configparams mdm-detect-bscan-mask 2' command is executed.
12:26:57 INFO  : Context for processor 'microblaze_0' is selected.
12:26:57 INFO  : System reset is completed.
12:27:00 INFO  : 'after 3000' command is executed.
12:27:00 INFO  : Context for processor 'microblaze_0' is selected.
12:27:00 INFO  : The application 'C:/Users/curti/OneDrive/Documents/UIUC/ECE-385/Vivado_Projects/lab7_1/lab7_1_workspace/mb_lab_7_1/Debug/mb_lab_7_1.elf' is downloaded to processor 'microblaze_0'.
12:27:00 INFO  : ----------------XSDB Script----------------
connect -url tcp:127.0.0.1:3121
targets -set -filter {jtag_cable_name =~ "RealDigital Boo 887100000005A" && level==0 && jtag_device_ctx=="jsn1-0362f093-0"}
fpga -file C:/Users/curti/OneDrive/Documents/UIUC/ECE-385/Vivado_Projects/lab7_1/lab7_1_workspace/mb_lab_7_1/_ide/bitstream/mb_usb_hdmi_top.bit
targets -set -nocase -filter {name =~ "*microblaze*#0" && bscan=="USER2" }
loadhw -hw C:/Users/curti/OneDrive/Documents/UIUC/ECE-385/Vivado_Projects/lab7_1/lab7_1_workspace/mb_usb_hdmi_top/export/mb_usb_hdmi_top/hw/mb_usb_hdmi_top.xsa -regs
configparams mdm-detect-bscan-mask 2
targets -set -nocase -filter {name =~ "*microblaze*#0" && bscan=="USER2" }
rst -system
after 3000
targets -set -nocase -filter {name =~ "*microblaze*#0" && bscan=="USER2" }
dow C:/Users/curti/OneDrive/Documents/UIUC/ECE-385/Vivado_Projects/lab7_1/lab7_1_workspace/mb_lab_7_1/Debug/mb_lab_7_1.elf
----------------End of Script----------------

12:27:00 INFO  : Context for processor 'microblaze_0' is selected.
12:27:00 INFO  : 'con' command is executed.
12:27:00 INFO  : ----------------XSDB Script (After Launch)----------------
targets -set -nocase -filter {name =~ "*microblaze*#0" && bscan=="USER2" }
con
----------------End of Script----------------

12:27:00 INFO  : Disconnected from the channel tcfchan#6.
12:27:43 INFO  : Connected to target on host '127.0.0.1' and port '3121'.
12:27:43 INFO  : Jtag cable 'RealDigital Boo 887100000005A' is selected.
12:27:43 INFO  : 'jtag frequency' command is executed.
12:27:43 INFO  : 'targets -set -filter {jtag_cable_name =~ "RealDigital Boo 887100000005A" && level==0 && jtag_device_ctx=="jsn1-0362f093-0"}' command is executed.
12:27:44 INFO  : Device configured successfully with "C:/Users/curti/OneDrive/Documents/UIUC/ECE-385/Vivado_Projects/lab7_1/lab7_1_workspace/mb_lab_7_1/_ide/bitstream/mb_usb_hdmi_top.bit"
12:27:44 INFO  : Context for processor 'microblaze_0' is selected.
12:27:44 INFO  : Hardware design and registers information is loaded from 'C:/Users/curti/OneDrive/Documents/UIUC/ECE-385/Vivado_Projects/lab7_1/lab7_1_workspace/mb_usb_hdmi_top/export/mb_usb_hdmi_top/hw/mb_usb_hdmi_top.xsa'.
12:27:44 INFO  : 'configparams mdm-detect-bscan-mask 2' command is executed.
12:27:44 INFO  : Context for processor 'microblaze_0' is selected.
12:27:44 INFO  : System reset is completed.
12:27:47 INFO  : 'after 3000' command is executed.
12:27:47 INFO  : Context for processor 'microblaze_0' is selected.
12:27:48 INFO  : The application 'C:/Users/curti/OneDrive/Documents/UIUC/ECE-385/Vivado_Projects/lab7_1/lab7_1_workspace/mb_lab_7_1/Debug/mb_lab_7_1.elf' is downloaded to processor 'microblaze_0'.
12:27:48 INFO  : ----------------XSDB Script----------------
connect -url tcp:127.0.0.1:3121
targets -set -filter {jtag_cable_name =~ "RealDigital Boo 887100000005A" && level==0 && jtag_device_ctx=="jsn1-0362f093-0"}
fpga -file C:/Users/curti/OneDrive/Documents/UIUC/ECE-385/Vivado_Projects/lab7_1/lab7_1_workspace/mb_lab_7_1/_ide/bitstream/mb_usb_hdmi_top.bit
targets -set -nocase -filter {name =~ "*microblaze*#0" && bscan=="USER2" }
loadhw -hw C:/Users/curti/OneDrive/Documents/UIUC/ECE-385/Vivado_Projects/lab7_1/lab7_1_workspace/mb_usb_hdmi_top/export/mb_usb_hdmi_top/hw/mb_usb_hdmi_top.xsa -regs
configparams mdm-detect-bscan-mask 2
targets -set -nocase -filter {name =~ "*microblaze*#0" && bscan=="USER2" }
rst -system
after 3000
targets -set -nocase -filter {name =~ "*microblaze*#0" && bscan=="USER2" }
dow C:/Users/curti/OneDrive/Documents/UIUC/ECE-385/Vivado_Projects/lab7_1/lab7_1_workspace/mb_lab_7_1/Debug/mb_lab_7_1.elf
----------------End of Script----------------

12:27:48 INFO  : Context for processor 'microblaze_0' is selected.
12:27:48 INFO  : 'con' command is executed.
12:27:48 INFO  : ----------------XSDB Script (After Launch)----------------
targets -set -nocase -filter {name =~ "*microblaze*#0" && bscan=="USER2" }
con
----------------End of Script----------------

12:27:48 INFO  : Disconnected from the channel tcfchan#7.
12:52:59 INFO  : Hardware specification for platform project 'mb_usb_hdmi_top' is updated.
12:53:06 ERROR : Error encountered while removing 'C:\Users\curti\OneDrive\Documents\UIUC\ECE-385\Vivado_Projects\lab7_1\lab7_1_workspace\mb_usb_hdmi_top\export\mb_usb_hdmi_top' from custom repository paths
Reason: No Platforms Found.


12:53:06 INFO  : Result from executing command 'removePlatformRepo': 
12:53:14 ERROR : Error from executing command 'removePlatformRepo': ERROR: No valid directory exists at given path.
12:53:20 INFO  : Result from executing command 'getProjects': mb_usb_hdmi_top
12:53:20 INFO  : Result from executing command 'getPlatforms': 
12:53:21 INFO  : Checking for BSP changes to sync application flags for project 'mb_lab_7_1'...
12:53:23 INFO  : The hardware specification used by project 'mb_lab_7_1' is out of sync with the platform. Resource files extracted from the hardware specification will be updated.
12:53:23 INFO  : The file 'C:\Users\curti\OneDrive\Documents\UIUC\ECE-385\Vivado_Projects\lab7_1\lab7_1_workspace\mb_lab_7_1\_ide\bitstream\mb_usb_hdmi_top.bit' stored in project is removed.
12:53:23 INFO  : The file 'C:\Users\curti\OneDrive\Documents\UIUC\ECE-385\Vivado_Projects\lab7_1\lab7_1_workspace\mb_lab_7_1\_ide\bitstream\mb_usb_hdmi_top.mmi' stored in project is removed.
12:53:23 INFO  : The updated bitstream files are copied from platform to folder 'C:\Users\curti\OneDrive\Documents\UIUC\ECE-385\Vivado_Projects\lab7_1\lab7_1_workspace\mb_lab_7_1\_ide\bitstream' in project 'mb_lab_7_1'.
12:53:46 INFO  : Connected to target on host '127.0.0.1' and port '3121'.
12:53:47 INFO  : Jtag cable 'RealDigital Boo 887100000005A' is selected.
12:53:47 INFO  : 'jtag frequency' command is executed.
12:53:47 INFO  : 'targets -set -filter {jtag_cable_name =~ "RealDigital Boo 887100000005A" && level==0 && jtag_device_ctx=="jsn1-0362f093-0"}' command is executed.
12:53:48 INFO  : Device configured successfully with "C:/Users/curti/OneDrive/Documents/UIUC/ECE-385/Vivado_Projects/lab7_1/lab7_1_workspace/mb_lab_7_1/_ide/bitstream/mb_usb_hdmi_top.bit"
12:53:48 INFO  : Context for processor 'microblaze_0' is selected.
12:53:48 INFO  : Hardware design and registers information is loaded from 'C:/Users/curti/OneDrive/Documents/UIUC/ECE-385/Vivado_Projects/lab7_1/lab7_1_workspace/mb_usb_hdmi_top/export/mb_usb_hdmi_top/hw/mb_usb_hdmi_top.xsa'.
12:53:48 INFO  : 'configparams mdm-detect-bscan-mask 2' command is executed.
12:53:48 INFO  : Context for processor 'microblaze_0' is selected.
12:53:48 INFO  : System reset is completed.
12:53:51 INFO  : 'after 3000' command is executed.
12:53:51 INFO  : Context for processor 'microblaze_0' is selected.
12:53:51 INFO  : The application 'C:/Users/curti/OneDrive/Documents/UIUC/ECE-385/Vivado_Projects/lab7_1/lab7_1_workspace/mb_lab_7_1/Debug/mb_lab_7_1.elf' is downloaded to processor 'microblaze_0'.
12:53:51 INFO  : ----------------XSDB Script----------------
connect -url tcp:127.0.0.1:3121
targets -set -filter {jtag_cable_name =~ "RealDigital Boo 887100000005A" && level==0 && jtag_device_ctx=="jsn1-0362f093-0"}
fpga -file C:/Users/curti/OneDrive/Documents/UIUC/ECE-385/Vivado_Projects/lab7_1/lab7_1_workspace/mb_lab_7_1/_ide/bitstream/mb_usb_hdmi_top.bit
targets -set -nocase -filter {name =~ "*microblaze*#0" && bscan=="USER2" }
loadhw -hw C:/Users/curti/OneDrive/Documents/UIUC/ECE-385/Vivado_Projects/lab7_1/lab7_1_workspace/mb_usb_hdmi_top/export/mb_usb_hdmi_top/hw/mb_usb_hdmi_top.xsa -regs
configparams mdm-detect-bscan-mask 2
targets -set -nocase -filter {name =~ "*microblaze*#0" && bscan=="USER2" }
rst -system
after 3000
targets -set -nocase -filter {name =~ "*microblaze*#0" && bscan=="USER2" }
dow C:/Users/curti/OneDrive/Documents/UIUC/ECE-385/Vivado_Projects/lab7_1/lab7_1_workspace/mb_lab_7_1/Debug/mb_lab_7_1.elf
----------------End of Script----------------

12:53:51 INFO  : Context for processor 'microblaze_0' is selected.
12:53:51 INFO  : 'con' command is executed.
12:53:51 INFO  : ----------------XSDB Script (After Launch)----------------
targets -set -nocase -filter {name =~ "*microblaze*#0" && bscan=="USER2" }
con
----------------End of Script----------------

12:53:52 INFO  : Disconnected from the channel tcfchan#11.
12:54:26 INFO  : Hardware specification for platform project 'mb_usb_hdmi_top' is updated.
12:54:32 ERROR : Error encountered while removing 'C:\Users\curti\OneDrive\Documents\UIUC\ECE-385\Vivado_Projects\lab7_1\lab7_1_workspace\mb_usb_hdmi_top\export\mb_usb_hdmi_top' from custom repository paths
Reason: No Platforms Found.


12:54:32 INFO  : Result from executing command 'removePlatformRepo': 
12:54:36 ERROR : Error from executing command 'removePlatformRepo': ERROR: No valid directory exists at given path.
12:54:46 ERROR : Error from executing command 'removePlatformRepo': ERROR: No valid directory exists at given path.
12:54:53 INFO  : Result from executing command 'getProjects': mb_usb_hdmi_top
12:54:53 INFO  : Result from executing command 'getPlatforms': 
12:54:53 INFO  : Checking for BSP changes to sync application flags for project 'mb_lab_7_1'...
12:54:55 INFO  : The hardware specification used by project 'mb_lab_7_1' is out of sync with the platform. Resource files extracted from the hardware specification will be updated.
12:54:55 INFO  : The file 'C:\Users\curti\OneDrive\Documents\UIUC\ECE-385\Vivado_Projects\lab7_1\lab7_1_workspace\mb_lab_7_1\_ide\bitstream\mb_usb_hdmi_top.bit' stored in project is removed.
12:54:55 INFO  : The file 'C:\Users\curti\OneDrive\Documents\UIUC\ECE-385\Vivado_Projects\lab7_1\lab7_1_workspace\mb_lab_7_1\_ide\bitstream\mb_usb_hdmi_top.mmi' stored in project is removed.
12:54:55 INFO  : The updated bitstream files are copied from platform to folder 'C:\Users\curti\OneDrive\Documents\UIUC\ECE-385\Vivado_Projects\lab7_1\lab7_1_workspace\mb_lab_7_1\_ide\bitstream' in project 'mb_lab_7_1'.
12:55:18 INFO  : Connected to target on host '127.0.0.1' and port '3121'.
12:55:18 INFO  : Jtag cable 'RealDigital Boo 887100000005A' is selected.
12:55:18 INFO  : 'jtag frequency' command is executed.
12:55:18 INFO  : 'targets -set -filter {jtag_cable_name =~ "RealDigital Boo 887100000005A" && level==0 && jtag_device_ctx=="jsn1-0362f093-0"}' command is executed.
12:55:19 INFO  : Device configured successfully with "C:/Users/curti/OneDrive/Documents/UIUC/ECE-385/Vivado_Projects/lab7_1/lab7_1_workspace/mb_lab_7_1/_ide/bitstream/mb_usb_hdmi_top.bit"
12:55:20 INFO  : Context for processor 'microblaze_0' is selected.
12:55:20 INFO  : Hardware design and registers information is loaded from 'C:/Users/curti/OneDrive/Documents/UIUC/ECE-385/Vivado_Projects/lab7_1/lab7_1_workspace/mb_usb_hdmi_top/export/mb_usb_hdmi_top/hw/mb_usb_hdmi_top.xsa'.
12:55:20 INFO  : 'configparams mdm-detect-bscan-mask 2' command is executed.
12:55:20 INFO  : Context for processor 'microblaze_0' is selected.
12:55:20 INFO  : System reset is completed.
12:55:23 INFO  : 'after 3000' command is executed.
12:55:23 INFO  : Context for processor 'microblaze_0' is selected.
12:55:23 INFO  : The application 'C:/Users/curti/OneDrive/Documents/UIUC/ECE-385/Vivado_Projects/lab7_1/lab7_1_workspace/mb_lab_7_1/Debug/mb_lab_7_1.elf' is downloaded to processor 'microblaze_0'.
12:55:23 INFO  : ----------------XSDB Script----------------
connect -url tcp:127.0.0.1:3121
targets -set -filter {jtag_cable_name =~ "RealDigital Boo 887100000005A" && level==0 && jtag_device_ctx=="jsn1-0362f093-0"}
fpga -file C:/Users/curti/OneDrive/Documents/UIUC/ECE-385/Vivado_Projects/lab7_1/lab7_1_workspace/mb_lab_7_1/_ide/bitstream/mb_usb_hdmi_top.bit
targets -set -nocase -filter {name =~ "*microblaze*#0" && bscan=="USER2" }
loadhw -hw C:/Users/curti/OneDrive/Documents/UIUC/ECE-385/Vivado_Projects/lab7_1/lab7_1_workspace/mb_usb_hdmi_top/export/mb_usb_hdmi_top/hw/mb_usb_hdmi_top.xsa -regs
configparams mdm-detect-bscan-mask 2
targets -set -nocase -filter {name =~ "*microblaze*#0" && bscan=="USER2" }
rst -system
after 3000
targets -set -nocase -filter {name =~ "*microblaze*#0" && bscan=="USER2" }
dow C:/Users/curti/OneDrive/Documents/UIUC/ECE-385/Vivado_Projects/lab7_1/lab7_1_workspace/mb_lab_7_1/Debug/mb_lab_7_1.elf
----------------End of Script----------------

12:55:23 INFO  : Context for processor 'microblaze_0' is selected.
12:55:23 INFO  : 'con' command is executed.
12:55:23 INFO  : ----------------XSDB Script (After Launch)----------------
targets -set -nocase -filter {name =~ "*microblaze*#0" && bscan=="USER2" }
con
----------------End of Script----------------

12:55:23 INFO  : Disconnected from the channel tcfchan#16.
13:33:00 INFO  : Connected to target on host '127.0.0.1' and port '3121'.
13:33:00 INFO  : Jtag cable 'RealDigital Boo 887100000005A' is selected.
13:33:00 INFO  : 'jtag frequency' command is executed.
13:33:00 INFO  : 'targets -set -filter {jtag_cable_name =~ "RealDigital Boo 887100000005A" && level==0 && jtag_device_ctx=="jsn1-0362f093-0"}' command is executed.
13:33:02 INFO  : Device configured successfully with "C:/Users/curti/OneDrive/Documents/UIUC/ECE-385/Vivado_Projects/lab7_1/lab7_1_workspace/mb_lab_7_1/_ide/bitstream/mb_usb_hdmi_top.bit"
13:33:02 INFO  : Context for processor 'microblaze_0' is selected.
13:33:02 INFO  : Hardware design and registers information is loaded from 'C:/Users/curti/OneDrive/Documents/UIUC/ECE-385/Vivado_Projects/lab7_1/lab7_1_workspace/mb_usb_hdmi_top/export/mb_usb_hdmi_top/hw/mb_usb_hdmi_top.xsa'.
13:33:02 INFO  : 'configparams mdm-detect-bscan-mask 2' command is executed.
13:33:02 INFO  : Context for processor 'microblaze_0' is selected.
13:33:02 INFO  : System reset is completed.
13:33:05 INFO  : 'after 3000' command is executed.
13:33:05 INFO  : Context for processor 'microblaze_0' is selected.
13:33:05 INFO  : The application 'C:/Users/curti/OneDrive/Documents/UIUC/ECE-385/Vivado_Projects/lab7_1/lab7_1_workspace/mb_lab_7_1/Debug/mb_lab_7_1.elf' is downloaded to processor 'microblaze_0'.
13:33:05 INFO  : ----------------XSDB Script----------------
connect -url tcp:127.0.0.1:3121
targets -set -filter {jtag_cable_name =~ "RealDigital Boo 887100000005A" && level==0 && jtag_device_ctx=="jsn1-0362f093-0"}
fpga -file C:/Users/curti/OneDrive/Documents/UIUC/ECE-385/Vivado_Projects/lab7_1/lab7_1_workspace/mb_lab_7_1/_ide/bitstream/mb_usb_hdmi_top.bit
targets -set -nocase -filter {name =~ "*microblaze*#0" && bscan=="USER2" }
loadhw -hw C:/Users/curti/OneDrive/Documents/UIUC/ECE-385/Vivado_Projects/lab7_1/lab7_1_workspace/mb_usb_hdmi_top/export/mb_usb_hdmi_top/hw/mb_usb_hdmi_top.xsa -regs
configparams mdm-detect-bscan-mask 2
targets -set -nocase -filter {name =~ "*microblaze*#0" && bscan=="USER2" }
rst -system
after 3000
targets -set -nocase -filter {name =~ "*microblaze*#0" && bscan=="USER2" }
dow C:/Users/curti/OneDrive/Documents/UIUC/ECE-385/Vivado_Projects/lab7_1/lab7_1_workspace/mb_lab_7_1/Debug/mb_lab_7_1.elf
----------------End of Script----------------

13:33:06 INFO  : Context for processor 'microblaze_0' is selected.
13:33:06 INFO  : 'con' command is executed.
13:33:06 INFO  : ----------------XSDB Script (After Launch)----------------
targets -set -nocase -filter {name =~ "*microblaze*#0" && bscan=="USER2" }
con
----------------End of Script----------------

13:33:06 INFO  : Disconnected from the channel tcfchan#17.
15:45:32 DEBUG : Logs will be stored at 'C:/Users/curti/OneDrive/Documents/UIUC/ECE-385/Vivado_Projects/lab7_1/lab7_1_workspace/IDE.log'.
15:45:32 INFO  : Launching XSCT server: xsct.bat -n  -interactive C:\Users\curti\OneDrive\Documents\UIUC\ECE-385\Vivado_Projects\lab7_1\lab7_1_workspace\temp_xsdb_launch_script.tcl
15:45:35 INFO  : XSCT server has started successfully.
15:45:35 INFO  : Successfully done setting XSCT server connection channel  
15:45:35 INFO  : plnx-install-location is set to ''
15:45:35 INFO  : Successfully done setting workspace for the tool. 
15:45:36 INFO  : Platform repository initialization has completed.
15:45:36 INFO  : Registering command handlers for Vitis TCF services
13:37:58 DEBUG : Logs will be stored at 'C:/Users/curti/OneDrive/Documents/UIUC/ECE-385/Vivado_Projects/lab7_2/lab7_2_workspace/IDE.log'.
13:37:59 INFO  : Launching XSCT server: xsct.bat -n  -interactive C:\Users\curti\OneDrive\Documents\UIUC\ECE-385\Vivado_Projects\lab7_2\lab7_2_workspace\temp_xsdb_launch_script.tcl
13:38:02 INFO  : XSCT server has started successfully.
13:38:02 INFO  : plnx-install-location is set to ''
13:38:02 INFO  : Successfully done setting XSCT server connection channel  
13:38:02 INFO  : Successfully done setting workspace for the tool. 
13:38:03 INFO  : Platform repository initialization has completed.
13:38:03 INFO  : Successfully done query RDI_DATADIR 
13:38:03 INFO  : Registering command handlers for Vitis TCF services
13:39:30 INFO  : Hardware specification for platform project 'mb_usb_hdmi_top' is updated.
13:39:40 INFO  : Result from executing command 'removePlatformRepo': 
13:39:56 INFO  : Result from executing command 'getProjects': mb_usb_hdmi_top
13:39:56 INFO  : Result from executing command 'getPlatforms': mb_usb_hdmi_top|C:/Users/curti/OneDrive/Documents/UIUC/ECE-385/Vivado_Projects/lab7_1/lab7_1_workspace/mb_usb_hdmi_top/export/mb_usb_hdmi_top/mb_usb_hdmi_top.xpfm
13:39:57 INFO  : Checking for BSP changes to sync application flags for project 'mb_lab_7_1'...
13:43:48 INFO  : Checking for BSP changes to sync application flags for project 'mb_lab_7_1'...
18:01:30 INFO  : Checking for BSP changes to sync application flags for project 'mb_lab_7_1'...
22:39:45 DEBUG : Logs will be stored at 'C:/Users/curti/OneDrive/Documents/UIUC/ECE-385/Vivado_Projects/lab7_2/lab7_2_workspace/IDE.log'.
22:39:45 INFO  : Launching XSCT server: xsct.bat -n  -interactive C:\Users\curti\OneDrive\Documents\UIUC\ECE-385\Vivado_Projects\lab7_2\lab7_2_workspace\temp_xsdb_launch_script.tcl
22:39:50 INFO  : Platform repository initialization has completed.
22:39:50 INFO  : Registering command handlers for Vitis TCF services
22:39:50 INFO  : XSCT server has started successfully.
22:39:55 INFO  : Successfully done setting XSCT server connection channel  
22:39:55 INFO  : plnx-install-location is set to ''
22:39:55 INFO  : Successfully done query RDI_DATADIR 
22:39:55 INFO  : Successfully done setting workspace for the tool. 
22:40:00 INFO  : Hardware specification for platform project 'mb_usb_hdmi_top' is updated.
22:40:09 INFO  : Result from executing command 'removePlatformRepo': 
22:40:13 ERROR : Error from executing command 'removePlatformRepo': ERROR: No valid directory exists at given path.
22:40:30 INFO  : Result from executing command 'getProjects': mb_usb_hdmi_top
22:40:30 INFO  : Result from executing command 'getPlatforms': mb_usb_hdmi_top|C:/Users/curti/OneDrive/Documents/UIUC/ECE-385/Vivado_Projects/lab7_1/lab7_1_workspace/mb_usb_hdmi_top/export/mb_usb_hdmi_top/mb_usb_hdmi_top.xpfm
22:40:30 INFO  : Checking for BSP changes to sync application flags for project 'mb_lab_7_1'...
22:40:47 INFO  : Connected to target on host '127.0.0.1' and port '3121'.
22:40:48 INFO  : Jtag cable 'RealDigital Boo 887100000005A' is selected.
22:40:48 INFO  : 'jtag frequency' command is executed.
22:40:48 INFO  : 'targets -set -filter {jtag_cable_name =~ "RealDigital Boo 887100000005A" && level==0 && jtag_device_ctx=="jsn1-0362f093-0"}' command is executed.
22:40:49 INFO  : Device configured successfully with "C:/Users/curti/OneDrive/Documents/UIUC/ECE-385/Vivado_Projects/lab7_2/lab7_2_workspace/mb_lab_7_1/_ide/bitstream/mb_usb_hdmi_top.bit"
22:40:49 INFO  : Context for processor 'microblaze_0' is selected.
22:40:49 INFO  : Hardware design and registers information is loaded from 'C:/Users/curti/OneDrive/Documents/UIUC/ECE-385/Vivado_Projects/lab7_1/lab7_1_workspace/mb_usb_hdmi_top/export/mb_usb_hdmi_top/hw/mb_usb_hdmi_top.xsa'.
22:40:49 INFO  : 'configparams mdm-detect-bscan-mask 2' command is executed.
22:40:49 INFO  : Context for processor 'microblaze_0' is selected.
22:40:49 INFO  : System reset is completed.
22:40:52 INFO  : 'after 3000' command is executed.
22:40:53 INFO  : Context for processor 'microblaze_0' is selected.
22:40:53 INFO  : The application 'C:/Users/curti/OneDrive/Documents/UIUC/ECE-385/Vivado_Projects/lab7_2/lab7_2_workspace/mb_lab_7_1/Debug/mb_lab_7_1.elf' is downloaded to processor 'microblaze_0'.
22:40:53 INFO  : ----------------XSDB Script----------------
connect -url tcp:127.0.0.1:3121
targets -set -filter {jtag_cable_name =~ "RealDigital Boo 887100000005A" && level==0 && jtag_device_ctx=="jsn1-0362f093-0"}
fpga -file C:/Users/curti/OneDrive/Documents/UIUC/ECE-385/Vivado_Projects/lab7_2/lab7_2_workspace/mb_lab_7_1/_ide/bitstream/mb_usb_hdmi_top.bit
targets -set -nocase -filter {name =~ "*microblaze*#0" && bscan=="USER2" }
loadhw -hw C:/Users/curti/OneDrive/Documents/UIUC/ECE-385/Vivado_Projects/lab7_1/lab7_1_workspace/mb_usb_hdmi_top/export/mb_usb_hdmi_top/hw/mb_usb_hdmi_top.xsa -regs
configparams mdm-detect-bscan-mask 2
targets -set -nocase -filter {name =~ "*microblaze*#0" && bscan=="USER2" }
rst -system
after 3000
targets -set -nocase -filter {name =~ "*microblaze*#0" && bscan=="USER2" }
dow C:/Users/curti/OneDrive/Documents/UIUC/ECE-385/Vivado_Projects/lab7_2/lab7_2_workspace/mb_lab_7_1/Debug/mb_lab_7_1.elf
----------------End of Script----------------

22:40:53 INFO  : Context for processor 'microblaze_0' is selected.
22:40:53 INFO  : 'con' command is executed.
22:40:53 INFO  : ----------------XSDB Script (After Launch)----------------
targets -set -nocase -filter {name =~ "*microblaze*#0" && bscan=="USER2" }
con
----------------End of Script----------------

22:40:53 INFO  : Disconnected from the channel tcfchan#4.
22:41:55 INFO  : Connected to target on host '127.0.0.1' and port '3121'.
22:41:55 INFO  : Jtag cable 'RealDigital Boo 887100000005A' is selected.
22:41:55 INFO  : 'jtag frequency' command is executed.
22:41:55 INFO  : 'targets -set -filter {jtag_cable_name =~ "RealDigital Boo 887100000005A" && level==0 && jtag_device_ctx=="jsn1-0362f093-0"}' command is executed.
22:41:56 INFO  : Device configured successfully with "C:/Users/curti/OneDrive/Documents/UIUC/ECE-385/Vivado_Projects/lab7_2/lab7_2_workspace/mb_lab_7_1/_ide/bitstream/mb_usb_hdmi_top.bit"
22:41:56 INFO  : Context for processor 'microblaze_0' is selected.
22:41:56 INFO  : Hardware design and registers information is loaded from 'C:/Users/curti/OneDrive/Documents/UIUC/ECE-385/Vivado_Projects/lab7_1/lab7_1_workspace/mb_usb_hdmi_top/export/mb_usb_hdmi_top/hw/mb_usb_hdmi_top.xsa'.
22:41:56 INFO  : 'configparams mdm-detect-bscan-mask 2' command is executed.
22:41:56 INFO  : Context for processor 'microblaze_0' is selected.
22:41:56 INFO  : System reset is completed.
22:41:59 INFO  : 'after 3000' command is executed.
22:41:59 INFO  : Context for processor 'microblaze_0' is selected.
22:42:00 INFO  : The application 'C:/Users/curti/OneDrive/Documents/UIUC/ECE-385/Vivado_Projects/lab7_2/lab7_2_workspace/mb_lab_7_1/Debug/mb_lab_7_1.elf' is downloaded to processor 'microblaze_0'.
22:42:00 INFO  : ----------------XSDB Script----------------
connect -url tcp:127.0.0.1:3121
targets -set -filter {jtag_cable_name =~ "RealDigital Boo 887100000005A" && level==0 && jtag_device_ctx=="jsn1-0362f093-0"}
fpga -file C:/Users/curti/OneDrive/Documents/UIUC/ECE-385/Vivado_Projects/lab7_2/lab7_2_workspace/mb_lab_7_1/_ide/bitstream/mb_usb_hdmi_top.bit
targets -set -nocase -filter {name =~ "*microblaze*#0" && bscan=="USER2" }
loadhw -hw C:/Users/curti/OneDrive/Documents/UIUC/ECE-385/Vivado_Projects/lab7_1/lab7_1_workspace/mb_usb_hdmi_top/export/mb_usb_hdmi_top/hw/mb_usb_hdmi_top.xsa -regs
configparams mdm-detect-bscan-mask 2
targets -set -nocase -filter {name =~ "*microblaze*#0" && bscan=="USER2" }
rst -system
after 3000
targets -set -nocase -filter {name =~ "*microblaze*#0" && bscan=="USER2" }
dow C:/Users/curti/OneDrive/Documents/UIUC/ECE-385/Vivado_Projects/lab7_2/lab7_2_workspace/mb_lab_7_1/Debug/mb_lab_7_1.elf
----------------End of Script----------------

22:42:00 INFO  : Context for processor 'microblaze_0' is selected.
22:42:00 INFO  : 'con' command is executed.
22:42:00 INFO  : ----------------XSDB Script (After Launch)----------------
targets -set -nocase -filter {name =~ "*microblaze*#0" && bscan=="USER2" }
con
----------------End of Script----------------

22:42:00 INFO  : Disconnected from the channel tcfchan#5.
22:42:14 INFO  : Connected to target on host '127.0.0.1' and port '3121'.
22:42:15 INFO  : Jtag cable 'RealDigital Boo 887100000005A' is selected.
22:42:15 INFO  : 'jtag frequency' command is executed.
22:42:15 INFO  : 'targets -set -filter {jtag_cable_name =~ "RealDigital Boo 887100000005A" && level==0 && jtag_device_ctx=="jsn1-0362f093-0"}' command is executed.
22:42:16 INFO  : Device configured successfully with "C:/Users/curti/OneDrive/Documents/UIUC/ECE-385/Vivado_Projects/lab7_2/lab7_2_workspace/mb_lab_7_1/_ide/bitstream/mb_usb_hdmi_top.bit"
22:42:16 INFO  : Context for processor 'microblaze_0' is selected.
22:42:16 INFO  : Hardware design and registers information is loaded from 'C:/Users/curti/OneDrive/Documents/UIUC/ECE-385/Vivado_Projects/lab7_1/lab7_1_workspace/mb_usb_hdmi_top/export/mb_usb_hdmi_top/hw/mb_usb_hdmi_top.xsa'.
22:42:16 INFO  : 'configparams mdm-detect-bscan-mask 2' command is executed.
22:42:16 INFO  : Context for processor 'microblaze_0' is selected.
22:42:16 INFO  : System reset is completed.
22:42:19 INFO  : 'after 3000' command is executed.
22:42:19 INFO  : Context for processor 'microblaze_0' is selected.
22:42:19 INFO  : The application 'C:/Users/curti/OneDrive/Documents/UIUC/ECE-385/Vivado_Projects/lab7_2/lab7_2_workspace/mb_lab_7_1/Debug/mb_lab_7_1.elf' is downloaded to processor 'microblaze_0'.
22:42:19 INFO  : ----------------XSDB Script----------------
connect -url tcp:127.0.0.1:3121
targets -set -filter {jtag_cable_name =~ "RealDigital Boo 887100000005A" && level==0 && jtag_device_ctx=="jsn1-0362f093-0"}
fpga -file C:/Users/curti/OneDrive/Documents/UIUC/ECE-385/Vivado_Projects/lab7_2/lab7_2_workspace/mb_lab_7_1/_ide/bitstream/mb_usb_hdmi_top.bit
targets -set -nocase -filter {name =~ "*microblaze*#0" && bscan=="USER2" }
loadhw -hw C:/Users/curti/OneDrive/Documents/UIUC/ECE-385/Vivado_Projects/lab7_1/lab7_1_workspace/mb_usb_hdmi_top/export/mb_usb_hdmi_top/hw/mb_usb_hdmi_top.xsa -regs
configparams mdm-detect-bscan-mask 2
targets -set -nocase -filter {name =~ "*microblaze*#0" && bscan=="USER2" }
rst -system
after 3000
targets -set -nocase -filter {name =~ "*microblaze*#0" && bscan=="USER2" }
dow C:/Users/curti/OneDrive/Documents/UIUC/ECE-385/Vivado_Projects/lab7_2/lab7_2_workspace/mb_lab_7_1/Debug/mb_lab_7_1.elf
----------------End of Script----------------

22:42:20 INFO  : Context for processor 'microblaze_0' is selected.
22:42:20 INFO  : 'con' command is executed.
22:42:20 INFO  : ----------------XSDB Script (After Launch)----------------
targets -set -nocase -filter {name =~ "*microblaze*#0" && bscan=="USER2" }
con
----------------End of Script----------------

22:42:20 INFO  : Disconnected from the channel tcfchan#6.
22:42:24 INFO  : Connected to target on host '127.0.0.1' and port '3121'.
22:42:25 INFO  : Jtag cable 'RealDigital Boo 887100000005A' is selected.
22:42:25 INFO  : 'jtag frequency' command is executed.
22:42:28 ERROR : no targets found with "jtag_cable_name =~ "RealDigital Boo 887100000005A" && level==0 && jtag_device_ctx=="jsn1-0362f093-0"". available targets:
  1  xc7s50
     2  MicroBlaze Debug Module at USER2
        3  MicroBlaze #0 (Running)
22:42:28 ERROR : Exception occured while running Program Device.
java.lang.RuntimeException: no targets found with "jtag_cable_name =~ "RealDigital Boo 887100000005A" && level==0 && jtag_device_ctx=="jsn1-0362f093-0"". available targets:
  1  xc7s50
     2  MicroBlaze Debug Module at USER2
        3  MicroBlaze #0 (Running)
22:42:28 INFO  : ----------------XSDB Script----------------
connect -url tcp:127.0.0.1:3121
----------------End of Script----------------

22:42:28 ERROR : no targets found with "jtag_cable_name =~ "RealDigital Boo 887100000005A" && level==0 && jtag_device_ctx=="jsn1-0362f093-0"". available targets:
  1  xc7s50
     2  MicroBlaze Debug Module at USER2
        3  MicroBlaze #0 (Running)
22:43:05 DEBUG : Logs will be stored at 'C:/Users/curti/OneDrive/Documents/UIUC/ECE-385/Vivado_Projects/lab7_2/lab7_2_workspace/IDE.log'.
22:43:06 INFO  : Launching XSCT server: xsct.bat -n  -interactive C:\Users\curti\OneDrive\Documents\UIUC\ECE-385\Vivado_Projects\lab7_2\lab7_2_workspace\temp_xsdb_launch_script.tcl
22:43:08 INFO  : XSCT server has started successfully.
22:43:08 INFO  : Successfully done setting XSCT server connection channel  
22:43:08 INFO  : plnx-install-location is set to ''
22:43:08 INFO  : Successfully done setting workspace for the tool. 
22:43:09 INFO  : Platform repository initialization has completed.
22:43:09 INFO  : Successfully done query RDI_DATADIR 
22:43:09 INFO  : Registering command handlers for Vitis TCF services
22:43:34 INFO  : Connected to target on host '127.0.0.1' and port '3121'.
22:43:34 INFO  : Jtag cable 'RealDigital Boo 887100000005A' is selected.
22:43:34 INFO  : 'jtag frequency' command is executed.
22:43:35 INFO  : 'targets -set -filter {jtag_cable_name =~ "RealDigital Boo 887100000005A" && level==0 && jtag_device_ctx=="jsn1-0362f093-0"}' command is executed.
22:43:36 INFO  : Device configured successfully with "C:/Users/curti/OneDrive/Documents/UIUC/ECE-385/Vivado_Projects/lab7_2/lab7_2_workspace/mb_lab_7_1/_ide/bitstream/mb_usb_hdmi_top.bit"
22:43:36 INFO  : Context for processor 'microblaze_0' is selected.
22:43:36 INFO  : Hardware design and registers information is loaded from 'C:/Users/curti/OneDrive/Documents/UIUC/ECE-385/Vivado_Projects/lab7_1/lab7_1_workspace/mb_usb_hdmi_top/export/mb_usb_hdmi_top/hw/mb_usb_hdmi_top.xsa'.
22:43:36 INFO  : 'configparams mdm-detect-bscan-mask 2' command is executed.
22:43:36 INFO  : Context for processor 'microblaze_0' is selected.
22:43:36 INFO  : System reset is completed.
22:43:39 INFO  : 'after 3000' command is executed.
22:43:39 INFO  : Context for processor 'microblaze_0' is selected.
22:43:39 INFO  : The application 'C:/Users/curti/OneDrive/Documents/UIUC/ECE-385/Vivado_Projects/lab7_2/lab7_2_workspace/mb_lab_7_1/Debug/mb_lab_7_1.elf' is downloaded to processor 'microblaze_0'.
22:43:39 INFO  : ----------------XSDB Script----------------
connect -url tcp:127.0.0.1:3121
targets -set -filter {jtag_cable_name =~ "RealDigital Boo 887100000005A" && level==0 && jtag_device_ctx=="jsn1-0362f093-0"}
fpga -file C:/Users/curti/OneDrive/Documents/UIUC/ECE-385/Vivado_Projects/lab7_2/lab7_2_workspace/mb_lab_7_1/_ide/bitstream/mb_usb_hdmi_top.bit
targets -set -nocase -filter {name =~ "*microblaze*#0" && bscan=="USER2" }
loadhw -hw C:/Users/curti/OneDrive/Documents/UIUC/ECE-385/Vivado_Projects/lab7_1/lab7_1_workspace/mb_usb_hdmi_top/export/mb_usb_hdmi_top/hw/mb_usb_hdmi_top.xsa -regs
configparams mdm-detect-bscan-mask 2
targets -set -nocase -filter {name =~ "*microblaze*#0" && bscan=="USER2" }
rst -system
after 3000
targets -set -nocase -filter {name =~ "*microblaze*#0" && bscan=="USER2" }
dow C:/Users/curti/OneDrive/Documents/UIUC/ECE-385/Vivado_Projects/lab7_2/lab7_2_workspace/mb_lab_7_1/Debug/mb_lab_7_1.elf
----------------End of Script----------------

22:43:40 INFO  : Context for processor 'microblaze_0' is selected.
22:43:40 INFO  : 'con' command is executed.
22:43:40 INFO  : ----------------XSDB Script (After Launch)----------------
targets -set -nocase -filter {name =~ "*microblaze*#0" && bscan=="USER2" }
con
----------------End of Script----------------

22:43:40 INFO  : Disconnected from the channel tcfchan#1.
22:43:53 INFO  : Connected to target on host '127.0.0.1' and port '3121'.
22:43:54 INFO  : Jtag cable 'RealDigital Boo 887100000005A' is selected.
22:43:54 INFO  : 'jtag frequency' command is executed.
22:43:54 INFO  : 'targets -set -filter {jtag_cable_name =~ "RealDigital Boo 887100000005A" && level==0 && jtag_device_ctx=="jsn1-0362f093-0"}' command is executed.
22:43:55 INFO  : Device configured successfully with "C:/Users/curti/OneDrive/Documents/UIUC/ECE-385/Vivado_Projects/lab7_2/lab7_2_workspace/mb_lab_7_1/_ide/bitstream/mb_usb_hdmi_top.bit"
22:43:55 INFO  : Context for processor 'microblaze_0' is selected.
22:43:55 INFO  : Hardware design and registers information is loaded from 'C:/Users/curti/OneDrive/Documents/UIUC/ECE-385/Vivado_Projects/lab7_1/lab7_1_workspace/mb_usb_hdmi_top/export/mb_usb_hdmi_top/hw/mb_usb_hdmi_top.xsa'.
22:43:55 INFO  : 'configparams mdm-detect-bscan-mask 2' command is executed.
22:43:55 INFO  : Context for processor 'microblaze_0' is selected.
22:43:55 INFO  : System reset is completed.
22:43:58 INFO  : 'after 3000' command is executed.
22:43:58 INFO  : Context for processor 'microblaze_0' is selected.
22:43:59 INFO  : The application 'C:/Users/curti/OneDrive/Documents/UIUC/ECE-385/Vivado_Projects/lab7_2/lab7_2_workspace/mb_lab_7_1/Debug/mb_lab_7_1.elf' is downloaded to processor 'microblaze_0'.
22:43:59 INFO  : ----------------XSDB Script----------------
connect -url tcp:127.0.0.1:3121
targets -set -filter {jtag_cable_name =~ "RealDigital Boo 887100000005A" && level==0 && jtag_device_ctx=="jsn1-0362f093-0"}
fpga -file C:/Users/curti/OneDrive/Documents/UIUC/ECE-385/Vivado_Projects/lab7_2/lab7_2_workspace/mb_lab_7_1/_ide/bitstream/mb_usb_hdmi_top.bit
targets -set -nocase -filter {name =~ "*microblaze*#0" && bscan=="USER2" }
loadhw -hw C:/Users/curti/OneDrive/Documents/UIUC/ECE-385/Vivado_Projects/lab7_1/lab7_1_workspace/mb_usb_hdmi_top/export/mb_usb_hdmi_top/hw/mb_usb_hdmi_top.xsa -regs
configparams mdm-detect-bscan-mask 2
targets -set -nocase -filter {name =~ "*microblaze*#0" && bscan=="USER2" }
rst -system
after 3000
targets -set -nocase -filter {name =~ "*microblaze*#0" && bscan=="USER2" }
dow C:/Users/curti/OneDrive/Documents/UIUC/ECE-385/Vivado_Projects/lab7_2/lab7_2_workspace/mb_lab_7_1/Debug/mb_lab_7_1.elf
----------------End of Script----------------

22:43:59 INFO  : Context for processor 'microblaze_0' is selected.
22:43:59 INFO  : 'con' command is executed.
22:43:59 INFO  : ----------------XSDB Script (After Launch)----------------
targets -set -nocase -filter {name =~ "*microblaze*#0" && bscan=="USER2" }
con
----------------End of Script----------------

22:43:59 INFO  : Disconnected from the channel tcfchan#2.
22:45:58 INFO  : Hardware specification for platform project 'mb_usb_hdmi_top' is updated.
22:46:04 INFO  : Result from executing command 'removePlatformRepo': 
22:46:07 ERROR : Error from executing command 'removePlatformRepo': ERROR: No valid directory exists at given path.
22:46:15 INFO  : Result from executing command 'getProjects': mb_usb_hdmi_top
22:46:15 INFO  : Result from executing command 'getPlatforms': mb_usb_hdmi_top|C:/Users/curti/OneDrive/Documents/UIUC/ECE-385/Vivado_Projects/lab7_1/lab7_1_workspace/mb_usb_hdmi_top/export/mb_usb_hdmi_top/mb_usb_hdmi_top.xpfm
22:46:15 INFO  : Checking for BSP changes to sync application flags for project 'mb_lab_7_1'...
22:46:25 INFO  : Connected to target on host '127.0.0.1' and port '3121'.
22:46:25 INFO  : Jtag cable 'RealDigital Boo 887100000005A' is selected.
22:46:25 INFO  : 'jtag frequency' command is executed.
22:46:26 INFO  : 'targets -set -filter {jtag_cable_name =~ "RealDigital Boo 887100000005A" && level==0 && jtag_device_ctx=="jsn1-0362f093-0"}' command is executed.
22:46:27 INFO  : Device configured successfully with "C:/Users/curti/OneDrive/Documents/UIUC/ECE-385/Vivado_Projects/lab7_2/lab7_2_workspace/mb_lab_7_1/_ide/bitstream/mb_usb_hdmi_top.bit"
22:46:27 INFO  : Context for processor 'microblaze_0' is selected.
22:46:27 INFO  : Hardware design and registers information is loaded from 'C:/Users/curti/OneDrive/Documents/UIUC/ECE-385/Vivado_Projects/lab7_1/lab7_1_workspace/mb_usb_hdmi_top/export/mb_usb_hdmi_top/hw/mb_usb_hdmi_top.xsa'.
22:46:27 INFO  : 'configparams mdm-detect-bscan-mask 2' command is executed.
22:46:27 INFO  : Context for processor 'microblaze_0' is selected.
22:46:27 INFO  : System reset is completed.
22:46:30 INFO  : 'after 3000' command is executed.
22:46:30 INFO  : Context for processor 'microblaze_0' is selected.
22:46:30 INFO  : The application 'C:/Users/curti/OneDrive/Documents/UIUC/ECE-385/Vivado_Projects/lab7_2/lab7_2_workspace/mb_lab_7_1/Debug/mb_lab_7_1.elf' is downloaded to processor 'microblaze_0'.
22:46:30 INFO  : ----------------XSDB Script----------------
connect -url tcp:127.0.0.1:3121
targets -set -filter {jtag_cable_name =~ "RealDigital Boo 887100000005A" && level==0 && jtag_device_ctx=="jsn1-0362f093-0"}
fpga -file C:/Users/curti/OneDrive/Documents/UIUC/ECE-385/Vivado_Projects/lab7_2/lab7_2_workspace/mb_lab_7_1/_ide/bitstream/mb_usb_hdmi_top.bit
targets -set -nocase -filter {name =~ "*microblaze*#0" && bscan=="USER2" }
loadhw -hw C:/Users/curti/OneDrive/Documents/UIUC/ECE-385/Vivado_Projects/lab7_1/lab7_1_workspace/mb_usb_hdmi_top/export/mb_usb_hdmi_top/hw/mb_usb_hdmi_top.xsa -regs
configparams mdm-detect-bscan-mask 2
targets -set -nocase -filter {name =~ "*microblaze*#0" && bscan=="USER2" }
rst -system
after 3000
targets -set -nocase -filter {name =~ "*microblaze*#0" && bscan=="USER2" }
dow C:/Users/curti/OneDrive/Documents/UIUC/ECE-385/Vivado_Projects/lab7_2/lab7_2_workspace/mb_lab_7_1/Debug/mb_lab_7_1.elf
----------------End of Script----------------

22:46:30 INFO  : Context for processor 'microblaze_0' is selected.
22:46:30 INFO  : 'con' command is executed.
22:46:30 INFO  : ----------------XSDB Script (After Launch)----------------
targets -set -nocase -filter {name =~ "*microblaze*#0" && bscan=="USER2" }
con
----------------End of Script----------------

22:46:30 INFO  : Disconnected from the channel tcfchan#6.
22:46:45 INFO  : Connected to target on host '127.0.0.1' and port '3121'.
22:46:45 INFO  : Jtag cable 'RealDigital Boo 887100000005A' is selected.
22:46:45 INFO  : 'jtag frequency' command is executed.
22:46:45 INFO  : 'targets -set -filter {jtag_cable_name =~ "RealDigital Boo 887100000005A" && level==0 && jtag_device_ctx=="jsn1-0362f093-0"}' command is executed.
22:46:47 INFO  : Device configured successfully with "C:/Users/curti/OneDrive/Documents/UIUC/ECE-385/Vivado_Projects/lab7_2/lab7_2_workspace/mb_lab_7_1/_ide/bitstream/mb_usb_hdmi_top.bit"
22:46:47 INFO  : Context for processor 'microblaze_0' is selected.
22:46:47 INFO  : Hardware design and registers information is loaded from 'C:/Users/curti/OneDrive/Documents/UIUC/ECE-385/Vivado_Projects/lab7_1/lab7_1_workspace/mb_usb_hdmi_top/export/mb_usb_hdmi_top/hw/mb_usb_hdmi_top.xsa'.
22:46:47 INFO  : 'configparams mdm-detect-bscan-mask 2' command is executed.
22:46:47 INFO  : Context for processor 'microblaze_0' is selected.
22:46:47 INFO  : System reset is completed.
22:46:50 INFO  : 'after 3000' command is executed.
22:46:50 INFO  : Context for processor 'microblaze_0' is selected.
22:46:50 INFO  : The application 'C:/Users/curti/OneDrive/Documents/UIUC/ECE-385/Vivado_Projects/lab7_2/lab7_2_workspace/mb_lab_7_1/Debug/mb_lab_7_1.elf' is downloaded to processor 'microblaze_0'.
22:46:50 INFO  : ----------------XSDB Script----------------
connect -url tcp:127.0.0.1:3121
targets -set -filter {jtag_cable_name =~ "RealDigital Boo 887100000005A" && level==0 && jtag_device_ctx=="jsn1-0362f093-0"}
fpga -file C:/Users/curti/OneDrive/Documents/UIUC/ECE-385/Vivado_Projects/lab7_2/lab7_2_workspace/mb_lab_7_1/_ide/bitstream/mb_usb_hdmi_top.bit
targets -set -nocase -filter {name =~ "*microblaze*#0" && bscan=="USER2" }
loadhw -hw C:/Users/curti/OneDrive/Documents/UIUC/ECE-385/Vivado_Projects/lab7_1/lab7_1_workspace/mb_usb_hdmi_top/export/mb_usb_hdmi_top/hw/mb_usb_hdmi_top.xsa -regs
configparams mdm-detect-bscan-mask 2
targets -set -nocase -filter {name =~ "*microblaze*#0" && bscan=="USER2" }
rst -system
after 3000
targets -set -nocase -filter {name =~ "*microblaze*#0" && bscan=="USER2" }
dow C:/Users/curti/OneDrive/Documents/UIUC/ECE-385/Vivado_Projects/lab7_2/lab7_2_workspace/mb_lab_7_1/Debug/mb_lab_7_1.elf
----------------End of Script----------------

22:46:50 INFO  : Context for processor 'microblaze_0' is selected.
22:46:50 INFO  : 'con' command is executed.
22:46:50 INFO  : ----------------XSDB Script (After Launch)----------------
targets -set -nocase -filter {name =~ "*microblaze*#0" && bscan=="USER2" }
con
----------------End of Script----------------

22:46:50 INFO  : Disconnected from the channel tcfchan#7.
22:47:47 INFO  : Connected to target on host '127.0.0.1' and port '3121'.
22:47:48 INFO  : Jtag cable 'RealDigital Boo 887100000006A' is selected.
22:47:48 INFO  : 'jtag frequency' command is executed.
22:47:48 INFO  : 'targets -set -filter {jtag_cable_name =~ "RealDigital Boo 887100000006A" && level==0 && jtag_device_ctx=="jsn1-0362f093-0"}' command is executed.
22:47:49 INFO  : Device configured successfully with "C:/Users/curti/OneDrive/Documents/UIUC/ECE-385/Vivado_Projects/lab7_2/lab7_2_workspace/mb_lab_7_1/_ide/bitstream/mb_usb_hdmi_top.bit"
22:47:49 INFO  : Context for processor 'microblaze_0' is selected.
22:47:49 INFO  : Hardware design and registers information is loaded from 'C:/Users/curti/OneDrive/Documents/UIUC/ECE-385/Vivado_Projects/lab7_1/lab7_1_workspace/mb_usb_hdmi_top/export/mb_usb_hdmi_top/hw/mb_usb_hdmi_top.xsa'.
22:47:49 INFO  : 'configparams mdm-detect-bscan-mask 2' command is executed.
22:47:49 INFO  : Context for processor 'microblaze_0' is selected.
22:47:49 INFO  : System reset is completed.
22:47:52 INFO  : 'after 3000' command is executed.
22:47:52 INFO  : Context for processor 'microblaze_0' is selected.
22:47:53 INFO  : The application 'C:/Users/curti/OneDrive/Documents/UIUC/ECE-385/Vivado_Projects/lab7_2/lab7_2_workspace/mb_lab_7_1/Debug/mb_lab_7_1.elf' is downloaded to processor 'microblaze_0'.
22:47:53 INFO  : ----------------XSDB Script----------------
connect -url tcp:127.0.0.1:3121
targets -set -filter {jtag_cable_name =~ "RealDigital Boo 887100000006A" && level==0 && jtag_device_ctx=="jsn1-0362f093-0"}
fpga -file C:/Users/curti/OneDrive/Documents/UIUC/ECE-385/Vivado_Projects/lab7_2/lab7_2_workspace/mb_lab_7_1/_ide/bitstream/mb_usb_hdmi_top.bit
targets -set -nocase -filter {name =~ "*microblaze*#0" && bscan=="USER2" }
loadhw -hw C:/Users/curti/OneDrive/Documents/UIUC/ECE-385/Vivado_Projects/lab7_1/lab7_1_workspace/mb_usb_hdmi_top/export/mb_usb_hdmi_top/hw/mb_usb_hdmi_top.xsa -regs
configparams mdm-detect-bscan-mask 2
targets -set -nocase -filter {name =~ "*microblaze*#0" && bscan=="USER2" }
rst -system
after 3000
targets -set -nocase -filter {name =~ "*microblaze*#0" && bscan=="USER2" }
dow C:/Users/curti/OneDrive/Documents/UIUC/ECE-385/Vivado_Projects/lab7_2/lab7_2_workspace/mb_lab_7_1/Debug/mb_lab_7_1.elf
----------------End of Script----------------

22:47:53 INFO  : Context for processor 'microblaze_0' is selected.
22:47:53 INFO  : 'con' command is executed.
22:47:53 INFO  : ----------------XSDB Script (After Launch)----------------
targets -set -nocase -filter {name =~ "*microblaze*#0" && bscan=="USER2" }
con
----------------End of Script----------------

22:47:53 INFO  : Disconnected from the channel tcfchan#8.
22:48:11 INFO  : Connected to target on host '127.0.0.1' and port '3121'.
22:48:11 INFO  : Jtag cable 'RealDigital Boo 887100000006A' is selected.
22:48:11 INFO  : 'jtag frequency' command is executed.
22:48:11 INFO  : 'targets -set -filter {jtag_cable_name =~ "RealDigital Boo 887100000006A" && level==0 && jtag_device_ctx=="jsn1-0362f093-0"}' command is executed.
22:48:13 INFO  : Device configured successfully with "C:/Users/curti/OneDrive/Documents/UIUC/ECE-385/Vivado_Projects/lab7_2/lab7_2_workspace/mb_lab_7_1/_ide/bitstream/mb_usb_hdmi_top.bit"
22:48:13 INFO  : Context for processor 'microblaze_0' is selected.
22:48:13 INFO  : Hardware design and registers information is loaded from 'C:/Users/curti/OneDrive/Documents/UIUC/ECE-385/Vivado_Projects/lab7_1/lab7_1_workspace/mb_usb_hdmi_top/export/mb_usb_hdmi_top/hw/mb_usb_hdmi_top.xsa'.
22:48:13 INFO  : 'configparams mdm-detect-bscan-mask 2' command is executed.
22:48:13 INFO  : Context for processor 'microblaze_0' is selected.
22:48:13 INFO  : System reset is completed.
22:48:16 INFO  : 'after 3000' command is executed.
22:48:16 INFO  : Context for processor 'microblaze_0' is selected.
22:48:16 INFO  : The application 'C:/Users/curti/OneDrive/Documents/UIUC/ECE-385/Vivado_Projects/lab7_2/lab7_2_workspace/mb_lab_7_1/Debug/mb_lab_7_1.elf' is downloaded to processor 'microblaze_0'.
22:48:16 INFO  : ----------------XSDB Script----------------
connect -url tcp:127.0.0.1:3121
targets -set -filter {jtag_cable_name =~ "RealDigital Boo 887100000006A" && level==0 && jtag_device_ctx=="jsn1-0362f093-0"}
fpga -file C:/Users/curti/OneDrive/Documents/UIUC/ECE-385/Vivado_Projects/lab7_2/lab7_2_workspace/mb_lab_7_1/_ide/bitstream/mb_usb_hdmi_top.bit
targets -set -nocase -filter {name =~ "*microblaze*#0" && bscan=="USER2" }
loadhw -hw C:/Users/curti/OneDrive/Documents/UIUC/ECE-385/Vivado_Projects/lab7_1/lab7_1_workspace/mb_usb_hdmi_top/export/mb_usb_hdmi_top/hw/mb_usb_hdmi_top.xsa -regs
configparams mdm-detect-bscan-mask 2
targets -set -nocase -filter {name =~ "*microblaze*#0" && bscan=="USER2" }
rst -system
after 3000
targets -set -nocase -filter {name =~ "*microblaze*#0" && bscan=="USER2" }
dow C:/Users/curti/OneDrive/Documents/UIUC/ECE-385/Vivado_Projects/lab7_2/lab7_2_workspace/mb_lab_7_1/Debug/mb_lab_7_1.elf
----------------End of Script----------------

22:48:16 INFO  : Context for processor 'microblaze_0' is selected.
22:48:16 INFO  : 'con' command is executed.
22:48:16 INFO  : ----------------XSDB Script (After Launch)----------------
targets -set -nocase -filter {name =~ "*microblaze*#0" && bscan=="USER2" }
con
----------------End of Script----------------

22:48:16 INFO  : Disconnected from the channel tcfchan#9.
22:49:01 INFO  : Connected to target on host '127.0.0.1' and port '3121'.
22:49:02 INFO  : Jtag cable 'RealDigital Boo 887100000006A' is selected.
22:49:02 INFO  : 'jtag frequency' command is executed.
22:49:02 INFO  : 'targets -set -filter {jtag_cable_name =~ "RealDigital Boo 887100000006A" && level==0 && jtag_device_ctx=="jsn1-0362f093-0"}' command is executed.
22:49:03 INFO  : Device configured successfully with "C:/Users/curti/OneDrive/Documents/UIUC/ECE-385/Vivado_Projects/lab7_2/lab7_2_workspace/mb_lab_7_1/_ide/bitstream/mb_usb_hdmi_top.bit"
22:49:03 INFO  : Context for processor 'microblaze_0' is selected.
22:49:03 INFO  : Hardware design and registers information is loaded from 'C:/Users/curti/OneDrive/Documents/UIUC/ECE-385/Vivado_Projects/lab7_1/lab7_1_workspace/mb_usb_hdmi_top/export/mb_usb_hdmi_top/hw/mb_usb_hdmi_top.xsa'.
22:49:03 INFO  : 'configparams mdm-detect-bscan-mask 2' command is executed.
22:49:03 INFO  : Context for processor 'microblaze_0' is selected.
22:49:03 INFO  : System reset is completed.
22:49:06 INFO  : 'after 3000' command is executed.
22:49:06 INFO  : Context for processor 'microblaze_0' is selected.
22:49:07 INFO  : The application 'C:/Users/curti/OneDrive/Documents/UIUC/ECE-385/Vivado_Projects/lab7_2/lab7_2_workspace/mb_lab_7_1/Debug/mb_lab_7_1.elf' is downloaded to processor 'microblaze_0'.
22:49:07 INFO  : ----------------XSDB Script----------------
connect -url tcp:127.0.0.1:3121
targets -set -filter {jtag_cable_name =~ "RealDigital Boo 887100000006A" && level==0 && jtag_device_ctx=="jsn1-0362f093-0"}
fpga -file C:/Users/curti/OneDrive/Documents/UIUC/ECE-385/Vivado_Projects/lab7_2/lab7_2_workspace/mb_lab_7_1/_ide/bitstream/mb_usb_hdmi_top.bit
targets -set -nocase -filter {name =~ "*microblaze*#0" && bscan=="USER2" }
loadhw -hw C:/Users/curti/OneDrive/Documents/UIUC/ECE-385/Vivado_Projects/lab7_1/lab7_1_workspace/mb_usb_hdmi_top/export/mb_usb_hdmi_top/hw/mb_usb_hdmi_top.xsa -regs
configparams mdm-detect-bscan-mask 2
targets -set -nocase -filter {name =~ "*microblaze*#0" && bscan=="USER2" }
rst -system
after 3000
targets -set -nocase -filter {name =~ "*microblaze*#0" && bscan=="USER2" }
dow C:/Users/curti/OneDrive/Documents/UIUC/ECE-385/Vivado_Projects/lab7_2/lab7_2_workspace/mb_lab_7_1/Debug/mb_lab_7_1.elf
----------------End of Script----------------

22:49:07 INFO  : Context for processor 'microblaze_0' is selected.
22:49:07 INFO  : 'con' command is executed.
22:49:07 INFO  : ----------------XSDB Script (After Launch)----------------
targets -set -nocase -filter {name =~ "*microblaze*#0" && bscan=="USER2" }
con
----------------End of Script----------------

22:49:07 INFO  : Disconnected from the channel tcfchan#10.
22:49:27 INFO  : Connected to target on host '127.0.0.1' and port '3121'.
22:49:27 INFO  : Jtag cable 'RealDigital Boo 887100000006A' is selected.
22:49:27 INFO  : 'jtag frequency' command is executed.
22:49:27 INFO  : 'targets -set -filter {jtag_cable_name =~ "RealDigital Boo 887100000006A" && level==0 && jtag_device_ctx=="jsn1-0362f093-0"}' command is executed.
22:49:28 INFO  : Device configured successfully with "C:/Users/curti/OneDrive/Documents/UIUC/ECE-385/Vivado_Projects/lab7_2/lab7_2_workspace/mb_lab_7_1/_ide/bitstream/mb_usb_hdmi_top.bit"
22:49:28 INFO  : Context for processor 'microblaze_0' is selected.
22:49:28 INFO  : Hardware design and registers information is loaded from 'C:/Users/curti/OneDrive/Documents/UIUC/ECE-385/Vivado_Projects/lab7_1/lab7_1_workspace/mb_usb_hdmi_top/export/mb_usb_hdmi_top/hw/mb_usb_hdmi_top.xsa'.
22:49:28 INFO  : 'configparams mdm-detect-bscan-mask 2' command is executed.
22:49:28 INFO  : Context for processor 'microblaze_0' is selected.
22:49:28 INFO  : System reset is completed.
22:49:31 INFO  : 'after 3000' command is executed.
22:49:31 INFO  : Context for processor 'microblaze_0' is selected.
22:49:32 INFO  : The application 'C:/Users/curti/OneDrive/Documents/UIUC/ECE-385/Vivado_Projects/lab7_2/lab7_2_workspace/mb_lab_7_1/Debug/mb_lab_7_1.elf' is downloaded to processor 'microblaze_0'.
22:49:32 INFO  : ----------------XSDB Script----------------
connect -url tcp:127.0.0.1:3121
targets -set -filter {jtag_cable_name =~ "RealDigital Boo 887100000006A" && level==0 && jtag_device_ctx=="jsn1-0362f093-0"}
fpga -file C:/Users/curti/OneDrive/Documents/UIUC/ECE-385/Vivado_Projects/lab7_2/lab7_2_workspace/mb_lab_7_1/_ide/bitstream/mb_usb_hdmi_top.bit
targets -set -nocase -filter {name =~ "*microblaze*#0" && bscan=="USER2" }
loadhw -hw C:/Users/curti/OneDrive/Documents/UIUC/ECE-385/Vivado_Projects/lab7_1/lab7_1_workspace/mb_usb_hdmi_top/export/mb_usb_hdmi_top/hw/mb_usb_hdmi_top.xsa -regs
configparams mdm-detect-bscan-mask 2
targets -set -nocase -filter {name =~ "*microblaze*#0" && bscan=="USER2" }
rst -system
after 3000
targets -set -nocase -filter {name =~ "*microblaze*#0" && bscan=="USER2" }
dow C:/Users/curti/OneDrive/Documents/UIUC/ECE-385/Vivado_Projects/lab7_2/lab7_2_workspace/mb_lab_7_1/Debug/mb_lab_7_1.elf
----------------End of Script----------------

22:49:32 INFO  : Context for processor 'microblaze_0' is selected.
22:49:32 INFO  : 'con' command is executed.
22:49:32 INFO  : ----------------XSDB Script (After Launch)----------------
targets -set -nocase -filter {name =~ "*microblaze*#0" && bscan=="USER2" }
con
----------------End of Script----------------

22:49:32 INFO  : Disconnected from the channel tcfchan#11.
22:49:41 INFO  : Connected to target on host '127.0.0.1' and port '3121'.
22:49:41 INFO  : Jtag cable 'RealDigital Boo 887100000006A' is selected.
22:49:41 INFO  : 'jtag frequency' command is executed.
22:49:44 ERROR : no targets found with "jtag_cable_name =~ "RealDigital Boo 887100000006A" && level==0 && jtag_device_ctx=="jsn1-0362f093-0"". available targets:
  1  xc7s50
     2  MicroBlaze Debug Module at USER2
        3  MicroBlaze #0 (Running)
22:49:44 ERROR : Exception occured while running Program Device.
java.lang.RuntimeException: no targets found with "jtag_cable_name =~ "RealDigital Boo 887100000006A" && level==0 && jtag_device_ctx=="jsn1-0362f093-0"". available targets:
  1  xc7s50
     2  MicroBlaze Debug Module at USER2
        3  MicroBlaze #0 (Running)
22:49:44 INFO  : ----------------XSDB Script----------------
connect -url tcp:127.0.0.1:3121
----------------End of Script----------------

22:49:44 ERROR : no targets found with "jtag_cable_name =~ "RealDigital Boo 887100000006A" && level==0 && jtag_device_ctx=="jsn1-0362f093-0"". available targets:
  1  xc7s50
     2  MicroBlaze Debug Module at USER2
        3  MicroBlaze #0 (Running)
22:51:17 DEBUG : Logs will be stored at 'C:/Users/curti/OneDrive/Documents/UIUC/ECE-385/Vivado_Projects/lab7_2/lab7_2_workspace/IDE.log'.
22:51:18 INFO  : Launching XSCT server: xsct.bat -n  -interactive C:\Users\curti\OneDrive\Documents\UIUC\ECE-385\Vivado_Projects\lab7_2\lab7_2_workspace\temp_xsdb_launch_script.tcl
22:51:21 INFO  : Platform repository initialization has completed.
22:51:21 INFO  : Registering command handlers for Vitis TCF services
22:51:22 INFO  : XSCT server has started successfully.
22:51:27 INFO  : plnx-install-location is set to ''
22:51:28 INFO  : Successfully done setting XSCT server connection channel  
22:51:28 INFO  : Successfully done query RDI_DATADIR 
22:51:28 INFO  : Successfully done setting workspace for the tool. 
22:51:41 INFO  : Hardware specification for platform project 'mb_usb_hdmi_top' is updated.
22:51:48 INFO  : Result from executing command 'removePlatformRepo': 
22:51:51 ERROR : Error from executing command 'removePlatformRepo': ERROR: No valid directory exists at given path.
22:52:00 INFO  : Result from executing command 'getProjects': mb_usb_hdmi_top
22:52:00 INFO  : Result from executing command 'getPlatforms': mb_usb_hdmi_top|C:/Users/curti/OneDrive/Documents/UIUC/ECE-385/Vivado_Projects/lab7_1/lab7_1_workspace/mb_usb_hdmi_top/export/mb_usb_hdmi_top/mb_usb_hdmi_top.xpfm
22:52:00 INFO  : Checking for BSP changes to sync application flags for project 'mb_lab_7_1'...
22:52:12 INFO  : Connected to target on host '127.0.0.1' and port '3121'.
22:52:12 INFO  : Jtag cable 'RealDigital Boo 887100000006A' is selected.
22:52:12 INFO  : 'jtag frequency' command is executed.
22:52:13 INFO  : 'targets -set -filter {jtag_cable_name =~ "RealDigital Boo 887100000006A" && level==0 && jtag_device_ctx=="jsn1-0362f093-0"}' command is executed.
22:52:14 INFO  : Device configured successfully with "C:/Users/curti/OneDrive/Documents/UIUC/ECE-385/Vivado_Projects/lab7_2/lab7_2_workspace/mb_lab_7_1/_ide/bitstream/mb_usb_hdmi_top.bit"
22:52:14 INFO  : Context for processor 'microblaze_0' is selected.
22:52:14 INFO  : Hardware design and registers information is loaded from 'C:/Users/curti/OneDrive/Documents/UIUC/ECE-385/Vivado_Projects/lab7_1/lab7_1_workspace/mb_usb_hdmi_top/export/mb_usb_hdmi_top/hw/mb_usb_hdmi_top.xsa'.
22:52:14 INFO  : 'configparams mdm-detect-bscan-mask 2' command is executed.
22:52:14 INFO  : Context for processor 'microblaze_0' is selected.
22:52:14 INFO  : System reset is completed.
22:52:17 INFO  : 'after 3000' command is executed.
22:52:17 INFO  : Context for processor 'microblaze_0' is selected.
22:52:18 INFO  : The application 'C:/Users/curti/OneDrive/Documents/UIUC/ECE-385/Vivado_Projects/lab7_2/lab7_2_workspace/mb_lab_7_1/Debug/mb_lab_7_1.elf' is downloaded to processor 'microblaze_0'.
22:52:18 INFO  : ----------------XSDB Script----------------
connect -url tcp:127.0.0.1:3121
targets -set -filter {jtag_cable_name =~ "RealDigital Boo 887100000006A" && level==0 && jtag_device_ctx=="jsn1-0362f093-0"}
fpga -file C:/Users/curti/OneDrive/Documents/UIUC/ECE-385/Vivado_Projects/lab7_2/lab7_2_workspace/mb_lab_7_1/_ide/bitstream/mb_usb_hdmi_top.bit
targets -set -nocase -filter {name =~ "*microblaze*#0" && bscan=="USER2" }
loadhw -hw C:/Users/curti/OneDrive/Documents/UIUC/ECE-385/Vivado_Projects/lab7_1/lab7_1_workspace/mb_usb_hdmi_top/export/mb_usb_hdmi_top/hw/mb_usb_hdmi_top.xsa -regs
configparams mdm-detect-bscan-mask 2
targets -set -nocase -filter {name =~ "*microblaze*#0" && bscan=="USER2" }
rst -system
after 3000
targets -set -nocase -filter {name =~ "*microblaze*#0" && bscan=="USER2" }
dow C:/Users/curti/OneDrive/Documents/UIUC/ECE-385/Vivado_Projects/lab7_2/lab7_2_workspace/mb_lab_7_1/Debug/mb_lab_7_1.elf
----------------End of Script----------------

22:52:18 INFO  : Context for processor 'microblaze_0' is selected.
22:52:18 INFO  : 'con' command is executed.
22:52:18 INFO  : ----------------XSDB Script (After Launch)----------------
targets -set -nocase -filter {name =~ "*microblaze*#0" && bscan=="USER2" }
con
----------------End of Script----------------

22:52:18 INFO  : Disconnected from the channel tcfchan#4.
22:52:46 INFO  : Connected to target on host '127.0.0.1' and port '3121'.
22:52:46 INFO  : Jtag cable 'RealDigital Boo 887100000006A' is selected.
22:52:46 INFO  : 'jtag frequency' command is executed.
22:52:46 INFO  : 'targets -set -filter {jtag_cable_name =~ "RealDigital Boo 887100000006A" && level==0 && jtag_device_ctx=="jsn1-0362f093-0"}' command is executed.
22:52:47 INFO  : Device configured successfully with "C:/Users/curti/OneDrive/Documents/UIUC/ECE-385/Vivado_Projects/lab7_2/lab7_2_workspace/mb_lab_7_1/_ide/bitstream/mb_usb_hdmi_top.bit"
22:52:47 INFO  : Context for processor 'microblaze_0' is selected.
22:52:47 INFO  : Hardware design and registers information is loaded from 'C:/Users/curti/OneDrive/Documents/UIUC/ECE-385/Vivado_Projects/lab7_1/lab7_1_workspace/mb_usb_hdmi_top/export/mb_usb_hdmi_top/hw/mb_usb_hdmi_top.xsa'.
22:52:47 INFO  : 'configparams mdm-detect-bscan-mask 2' command is executed.
22:52:47 INFO  : Context for processor 'microblaze_0' is selected.
22:52:47 INFO  : System reset is completed.
22:52:50 INFO  : 'after 3000' command is executed.
22:52:50 INFO  : Context for processor 'microblaze_0' is selected.
22:52:51 INFO  : The application 'C:/Users/curti/OneDrive/Documents/UIUC/ECE-385/Vivado_Projects/lab7_2/lab7_2_workspace/mb_lab_7_1/Debug/mb_lab_7_1.elf' is downloaded to processor 'microblaze_0'.
22:52:51 INFO  : ----------------XSDB Script----------------
connect -url tcp:127.0.0.1:3121
targets -set -filter {jtag_cable_name =~ "RealDigital Boo 887100000006A" && level==0 && jtag_device_ctx=="jsn1-0362f093-0"}
fpga -file C:/Users/curti/OneDrive/Documents/UIUC/ECE-385/Vivado_Projects/lab7_2/lab7_2_workspace/mb_lab_7_1/_ide/bitstream/mb_usb_hdmi_top.bit
targets -set -nocase -filter {name =~ "*microblaze*#0" && bscan=="USER2" }
loadhw -hw C:/Users/curti/OneDrive/Documents/UIUC/ECE-385/Vivado_Projects/lab7_1/lab7_1_workspace/mb_usb_hdmi_top/export/mb_usb_hdmi_top/hw/mb_usb_hdmi_top.xsa -regs
configparams mdm-detect-bscan-mask 2
targets -set -nocase -filter {name =~ "*microblaze*#0" && bscan=="USER2" }
rst -system
after 3000
targets -set -nocase -filter {name =~ "*microblaze*#0" && bscan=="USER2" }
dow C:/Users/curti/OneDrive/Documents/UIUC/ECE-385/Vivado_Projects/lab7_2/lab7_2_workspace/mb_lab_7_1/Debug/mb_lab_7_1.elf
----------------End of Script----------------

22:52:51 INFO  : Context for processor 'microblaze_0' is selected.
22:52:51 INFO  : 'con' command is executed.
22:52:51 INFO  : ----------------XSDB Script (After Launch)----------------
targets -set -nocase -filter {name =~ "*microblaze*#0" && bscan=="USER2" }
con
----------------End of Script----------------

22:52:51 INFO  : Disconnected from the channel tcfchan#5.
22:52:53 INFO  : Checking for BSP changes to sync application flags for project 'mb_lab_7_1'...
22:52:57 INFO  : Connected to target on host '127.0.0.1' and port '3121'.
22:52:57 INFO  : Jtag cable 'RealDigital Boo 887100000006A' is selected.
22:52:57 INFO  : 'jtag frequency' command is executed.
22:53:00 ERROR : no targets found with "jtag_cable_name =~ "RealDigital Boo 887100000006A" && level==0 && jtag_device_ctx=="jsn1-0362f093-0"". available targets:
  1  xc7s50
     2  MicroBlaze Debug Module at USER2
        3  MicroBlaze #0 (Running)
22:53:00 ERROR : Exception occured while running Program Device.
java.lang.RuntimeException: no targets found with "jtag_cable_name =~ "RealDigital Boo 887100000006A" && level==0 && jtag_device_ctx=="jsn1-0362f093-0"". available targets:
  1  xc7s50
     2  MicroBlaze Debug Module at USER2
        3  MicroBlaze #0 (Running)
22:53:00 INFO  : ----------------XSDB Script----------------
connect -url tcp:127.0.0.1:3121
----------------End of Script----------------

22:53:00 ERROR : no targets found with "jtag_cable_name =~ "RealDigital Boo 887100000006A" && level==0 && jtag_device_ctx=="jsn1-0362f093-0"". available targets:
  1  xc7s50
     2  MicroBlaze Debug Module at USER2
        3  MicroBlaze #0 (Running)
22:53:19 DEBUG : Logs will be stored at 'C:/Users/curti/OneDrive/Documents/UIUC/ECE-385/Vivado_Projects/lab7_2/lab7_2_workspace/IDE.log'.
22:53:19 INFO  : Launching XSCT server: xsct.bat -n  -interactive C:\Users\curti\OneDrive\Documents\UIUC\ECE-385\Vivado_Projects\lab7_2\lab7_2_workspace\temp_xsdb_launch_script.tcl
22:53:21 INFO  : XSCT server has started successfully.
22:53:21 INFO  : plnx-install-location is set to ''
22:53:21 INFO  : Successfully done setting XSCT server connection channel  
22:53:21 INFO  : Successfully done setting workspace for the tool. 
22:53:22 INFO  : Registering command handlers for Vitis TCF services
22:53:22 INFO  : Platform repository initialization has completed.
22:53:22 INFO  : Successfully done query RDI_DATADIR 
22:53:37 INFO  : Connected to target on host '127.0.0.1' and port '3121'.
22:53:37 INFO  : Jtag cable 'RealDigital Boo 887100000006A' is selected.
22:53:37 INFO  : 'jtag frequency' command is executed.
22:53:37 INFO  : 'targets -set -filter {jtag_cable_name =~ "RealDigital Boo 887100000006A" && level==0 && jtag_device_ctx=="jsn1-0362f093-0"}' command is executed.
22:53:39 INFO  : Device configured successfully with "C:/Users/curti/OneDrive/Documents/UIUC/ECE-385/Vivado_Projects/lab7_2/lab7_2_workspace/mb_lab_7_1/_ide/bitstream/mb_usb_hdmi_top.bit"
22:53:39 INFO  : Context for processor 'microblaze_0' is selected.
22:53:39 INFO  : Hardware design and registers information is loaded from 'C:/Users/curti/OneDrive/Documents/UIUC/ECE-385/Vivado_Projects/lab7_1/lab7_1_workspace/mb_usb_hdmi_top/export/mb_usb_hdmi_top/hw/mb_usb_hdmi_top.xsa'.
22:53:39 INFO  : 'configparams mdm-detect-bscan-mask 2' command is executed.
22:53:39 INFO  : Context for processor 'microblaze_0' is selected.
22:53:39 INFO  : System reset is completed.
22:53:42 INFO  : 'after 3000' command is executed.
22:53:42 INFO  : Context for processor 'microblaze_0' is selected.
22:53:42 INFO  : The application 'C:/Users/curti/OneDrive/Documents/UIUC/ECE-385/Vivado_Projects/lab7_2/lab7_2_workspace/mb_lab_7_1/Debug/mb_lab_7_1.elf' is downloaded to processor 'microblaze_0'.
22:53:42 INFO  : ----------------XSDB Script----------------
connect -url tcp:127.0.0.1:3121
targets -set -filter {jtag_cable_name =~ "RealDigital Boo 887100000006A" && level==0 && jtag_device_ctx=="jsn1-0362f093-0"}
fpga -file C:/Users/curti/OneDrive/Documents/UIUC/ECE-385/Vivado_Projects/lab7_2/lab7_2_workspace/mb_lab_7_1/_ide/bitstream/mb_usb_hdmi_top.bit
targets -set -nocase -filter {name =~ "*microblaze*#0" && bscan=="USER2" }
loadhw -hw C:/Users/curti/OneDrive/Documents/UIUC/ECE-385/Vivado_Projects/lab7_1/lab7_1_workspace/mb_usb_hdmi_top/export/mb_usb_hdmi_top/hw/mb_usb_hdmi_top.xsa -regs
configparams mdm-detect-bscan-mask 2
targets -set -nocase -filter {name =~ "*microblaze*#0" && bscan=="USER2" }
rst -system
after 3000
targets -set -nocase -filter {name =~ "*microblaze*#0" && bscan=="USER2" }
dow C:/Users/curti/OneDrive/Documents/UIUC/ECE-385/Vivado_Projects/lab7_2/lab7_2_workspace/mb_lab_7_1/Debug/mb_lab_7_1.elf
----------------End of Script----------------

22:53:42 INFO  : Context for processor 'microblaze_0' is selected.
22:53:42 INFO  : 'con' command is executed.
22:53:42 INFO  : ----------------XSDB Script (After Launch)----------------
targets -set -nocase -filter {name =~ "*microblaze*#0" && bscan=="USER2" }
con
----------------End of Script----------------

22:53:42 INFO  : Disconnected from the channel tcfchan#1.
22:54:01 INFO  : Connected to target on host '127.0.0.1' and port '3121'.
22:54:02 INFO  : Jtag cable 'RealDigital Boo 887100000006A' is selected.
22:54:02 INFO  : 'jtag frequency' command is executed.
22:54:02 INFO  : 'targets -set -filter {jtag_cable_name =~ "RealDigital Boo 887100000006A" && level==0 && jtag_device_ctx=="jsn1-0362f093-0"}' command is executed.
22:54:03 INFO  : Device configured successfully with "C:/Users/curti/OneDrive/Documents/UIUC/ECE-385/Vivado_Projects/lab7_2/lab7_2_workspace/mb_lab_7_1/_ide/bitstream/mb_usb_hdmi_top.bit"
22:54:03 INFO  : Context for processor 'microblaze_0' is selected.
22:54:03 INFO  : Hardware design and registers information is loaded from 'C:/Users/curti/OneDrive/Documents/UIUC/ECE-385/Vivado_Projects/lab7_1/lab7_1_workspace/mb_usb_hdmi_top/export/mb_usb_hdmi_top/hw/mb_usb_hdmi_top.xsa'.
22:54:03 INFO  : 'configparams mdm-detect-bscan-mask 2' command is executed.
22:54:03 INFO  : Context for processor 'microblaze_0' is selected.
22:54:03 INFO  : System reset is completed.
22:54:06 INFO  : 'after 3000' command is executed.
22:54:06 INFO  : Context for processor 'microblaze_0' is selected.
22:54:07 INFO  : The application 'C:/Users/curti/OneDrive/Documents/UIUC/ECE-385/Vivado_Projects/lab7_2/lab7_2_workspace/mb_lab_7_1/Debug/mb_lab_7_1.elf' is downloaded to processor 'microblaze_0'.
22:54:07 INFO  : ----------------XSDB Script----------------
connect -url tcp:127.0.0.1:3121
targets -set -filter {jtag_cable_name =~ "RealDigital Boo 887100000006A" && level==0 && jtag_device_ctx=="jsn1-0362f093-0"}
fpga -file C:/Users/curti/OneDrive/Documents/UIUC/ECE-385/Vivado_Projects/lab7_2/lab7_2_workspace/mb_lab_7_1/_ide/bitstream/mb_usb_hdmi_top.bit
targets -set -nocase -filter {name =~ "*microblaze*#0" && bscan=="USER2" }
loadhw -hw C:/Users/curti/OneDrive/Documents/UIUC/ECE-385/Vivado_Projects/lab7_1/lab7_1_workspace/mb_usb_hdmi_top/export/mb_usb_hdmi_top/hw/mb_usb_hdmi_top.xsa -regs
configparams mdm-detect-bscan-mask 2
targets -set -nocase -filter {name =~ "*microblaze*#0" && bscan=="USER2" }
rst -system
after 3000
targets -set -nocase -filter {name =~ "*microblaze*#0" && bscan=="USER2" }
dow C:/Users/curti/OneDrive/Documents/UIUC/ECE-385/Vivado_Projects/lab7_2/lab7_2_workspace/mb_lab_7_1/Debug/mb_lab_7_1.elf
----------------End of Script----------------

22:54:07 INFO  : Context for processor 'microblaze_0' is selected.
22:54:07 INFO  : 'con' command is executed.
22:54:07 INFO  : ----------------XSDB Script (After Launch)----------------
targets -set -nocase -filter {name =~ "*microblaze*#0" && bscan=="USER2" }
con
----------------End of Script----------------

22:54:07 INFO  : Disconnected from the channel tcfchan#2.
22:55:50 INFO  : Hardware specification for platform project 'mb_usb_hdmi_top' is updated.
22:55:58 INFO  : Result from executing command 'removePlatformRepo': 
22:56:01 ERROR : Error from executing command 'removePlatformRepo': ERROR: No valid directory exists at given path.
22:56:08 INFO  : Result from executing command 'getProjects': mb_usb_hdmi_top
22:56:08 INFO  : Result from executing command 'getPlatforms': mb_usb_hdmi_top|C:/Users/curti/OneDrive/Documents/UIUC/ECE-385/Vivado_Projects/lab7_1/lab7_1_workspace/mb_usb_hdmi_top/export/mb_usb_hdmi_top/mb_usb_hdmi_top.xpfm
22:56:08 INFO  : Checking for BSP changes to sync application flags for project 'mb_lab_7_1'...
22:56:16 INFO  : Connected to target on host '127.0.0.1' and port '3121'.
22:56:17 INFO  : Jtag cable 'RealDigital Boo 887100000006A' is selected.
22:56:17 INFO  : 'jtag frequency' command is executed.
22:56:17 INFO  : 'targets -set -filter {jtag_cable_name =~ "RealDigital Boo 887100000006A" && level==0 && jtag_device_ctx=="jsn1-0362f093-0"}' command is executed.
22:56:18 INFO  : Device configured successfully with "C:/Users/curti/OneDrive/Documents/UIUC/ECE-385/Vivado_Projects/lab7_2/lab7_2_workspace/mb_lab_7_1/_ide/bitstream/mb_usb_hdmi_top.bit"
22:56:18 INFO  : Context for processor 'microblaze_0' is selected.
22:56:18 INFO  : Hardware design and registers information is loaded from 'C:/Users/curti/OneDrive/Documents/UIUC/ECE-385/Vivado_Projects/lab7_1/lab7_1_workspace/mb_usb_hdmi_top/export/mb_usb_hdmi_top/hw/mb_usb_hdmi_top.xsa'.
22:56:18 INFO  : 'configparams mdm-detect-bscan-mask 2' command is executed.
22:56:18 INFO  : Context for processor 'microblaze_0' is selected.
22:56:18 INFO  : System reset is completed.
22:56:21 INFO  : 'after 3000' command is executed.
22:56:21 INFO  : Context for processor 'microblaze_0' is selected.
22:56:22 INFO  : The application 'C:/Users/curti/OneDrive/Documents/UIUC/ECE-385/Vivado_Projects/lab7_2/lab7_2_workspace/mb_lab_7_1/Debug/mb_lab_7_1.elf' is downloaded to processor 'microblaze_0'.
22:56:22 INFO  : ----------------XSDB Script----------------
connect -url tcp:127.0.0.1:3121
targets -set -filter {jtag_cable_name =~ "RealDigital Boo 887100000006A" && level==0 && jtag_device_ctx=="jsn1-0362f093-0"}
fpga -file C:/Users/curti/OneDrive/Documents/UIUC/ECE-385/Vivado_Projects/lab7_2/lab7_2_workspace/mb_lab_7_1/_ide/bitstream/mb_usb_hdmi_top.bit
targets -set -nocase -filter {name =~ "*microblaze*#0" && bscan=="USER2" }
loadhw -hw C:/Users/curti/OneDrive/Documents/UIUC/ECE-385/Vivado_Projects/lab7_1/lab7_1_workspace/mb_usb_hdmi_top/export/mb_usb_hdmi_top/hw/mb_usb_hdmi_top.xsa -regs
configparams mdm-detect-bscan-mask 2
targets -set -nocase -filter {name =~ "*microblaze*#0" && bscan=="USER2" }
rst -system
after 3000
targets -set -nocase -filter {name =~ "*microblaze*#0" && bscan=="USER2" }
dow C:/Users/curti/OneDrive/Documents/UIUC/ECE-385/Vivado_Projects/lab7_2/lab7_2_workspace/mb_lab_7_1/Debug/mb_lab_7_1.elf
----------------End of Script----------------

22:56:22 INFO  : Context for processor 'microblaze_0' is selected.
22:56:22 INFO  : 'con' command is executed.
22:56:22 INFO  : ----------------XSDB Script (After Launch)----------------
targets -set -nocase -filter {name =~ "*microblaze*#0" && bscan=="USER2" }
con
----------------End of Script----------------

22:56:22 INFO  : Disconnected from the channel tcfchan#6.
22:57:59 INFO  : Connected to target on host '127.0.0.1' and port '3121'.
22:57:59 INFO  : Jtag cable 'RealDigital Boo 887100000006A' is selected.
22:57:59 INFO  : 'jtag frequency' command is executed.
22:57:59 INFO  : 'targets -set -filter {jtag_cable_name =~ "RealDigital Boo 887100000006A" && level==0 && jtag_device_ctx=="jsn1-0362f093-0"}' command is executed.
22:58:00 INFO  : Device configured successfully with "C:/Users/curti/OneDrive/Documents/UIUC/ECE-385/Vivado_Projects/lab7_2/lab7_2_workspace/mb_lab_7_1/_ide/bitstream/mb_usb_hdmi_top.bit"
22:58:00 INFO  : Context for processor 'microblaze_0' is selected.
22:58:00 INFO  : Hardware design and registers information is loaded from 'C:/Users/curti/OneDrive/Documents/UIUC/ECE-385/Vivado_Projects/lab7_1/lab7_1_workspace/mb_usb_hdmi_top/export/mb_usb_hdmi_top/hw/mb_usb_hdmi_top.xsa'.
22:58:00 INFO  : 'configparams mdm-detect-bscan-mask 2' command is executed.
22:58:01 INFO  : Context for processor 'microblaze_0' is selected.
22:58:01 INFO  : System reset is completed.
22:58:04 INFO  : 'after 3000' command is executed.
22:58:04 INFO  : Context for processor 'microblaze_0' is selected.
22:58:04 INFO  : The application 'C:/Users/curti/OneDrive/Documents/UIUC/ECE-385/Vivado_Projects/lab7_2/lab7_2_workspace/mb_lab_7_1/Debug/mb_lab_7_1.elf' is downloaded to processor 'microblaze_0'.
22:58:04 INFO  : ----------------XSDB Script----------------
connect -url tcp:127.0.0.1:3121
targets -set -filter {jtag_cable_name =~ "RealDigital Boo 887100000006A" && level==0 && jtag_device_ctx=="jsn1-0362f093-0"}
fpga -file C:/Users/curti/OneDrive/Documents/UIUC/ECE-385/Vivado_Projects/lab7_2/lab7_2_workspace/mb_lab_7_1/_ide/bitstream/mb_usb_hdmi_top.bit
targets -set -nocase -filter {name =~ "*microblaze*#0" && bscan=="USER2" }
loadhw -hw C:/Users/curti/OneDrive/Documents/UIUC/ECE-385/Vivado_Projects/lab7_1/lab7_1_workspace/mb_usb_hdmi_top/export/mb_usb_hdmi_top/hw/mb_usb_hdmi_top.xsa -regs
configparams mdm-detect-bscan-mask 2
targets -set -nocase -filter {name =~ "*microblaze*#0" && bscan=="USER2" }
rst -system
after 3000
targets -set -nocase -filter {name =~ "*microblaze*#0" && bscan=="USER2" }
dow C:/Users/curti/OneDrive/Documents/UIUC/ECE-385/Vivado_Projects/lab7_2/lab7_2_workspace/mb_lab_7_1/Debug/mb_lab_7_1.elf
----------------End of Script----------------

22:58:04 INFO  : Context for processor 'microblaze_0' is selected.
22:58:04 INFO  : 'con' command is executed.
22:58:04 INFO  : ----------------XSDB Script (After Launch)----------------
targets -set -nocase -filter {name =~ "*microblaze*#0" && bscan=="USER2" }
con
----------------End of Script----------------

22:58:04 INFO  : Disconnected from the channel tcfchan#7.
22:58:52 INFO  : Connected to target on host '127.0.0.1' and port '3121'.
22:58:53 INFO  : Jtag cable 'RealDigital Boo 887100000005A' is selected.
22:58:53 INFO  : 'jtag frequency' command is executed.
22:58:53 INFO  : 'targets -set -filter {jtag_cable_name =~ "RealDigital Boo 887100000005A" && level==0 && jtag_device_ctx=="jsn1-0362f093-0"}' command is executed.
22:58:54 INFO  : Device configured successfully with "C:/Users/curti/OneDrive/Documents/UIUC/ECE-385/Vivado_Projects/lab7_2/lab7_2_workspace/mb_lab_7_1/_ide/bitstream/mb_usb_hdmi_top.bit"
22:58:54 INFO  : Context for processor 'microblaze_0' is selected.
22:58:54 INFO  : Hardware design and registers information is loaded from 'C:/Users/curti/OneDrive/Documents/UIUC/ECE-385/Vivado_Projects/lab7_1/lab7_1_workspace/mb_usb_hdmi_top/export/mb_usb_hdmi_top/hw/mb_usb_hdmi_top.xsa'.
22:58:54 INFO  : 'configparams mdm-detect-bscan-mask 2' command is executed.
22:58:54 INFO  : Context for processor 'microblaze_0' is selected.
22:58:54 INFO  : System reset is completed.
22:58:57 INFO  : 'after 3000' command is executed.
22:58:57 INFO  : Context for processor 'microblaze_0' is selected.
22:58:58 INFO  : The application 'C:/Users/curti/OneDrive/Documents/UIUC/ECE-385/Vivado_Projects/lab7_2/lab7_2_workspace/mb_lab_7_1/Debug/mb_lab_7_1.elf' is downloaded to processor 'microblaze_0'.
22:58:58 INFO  : ----------------XSDB Script----------------
connect -url tcp:127.0.0.1:3121
targets -set -filter {jtag_cable_name =~ "RealDigital Boo 887100000005A" && level==0 && jtag_device_ctx=="jsn1-0362f093-0"}
fpga -file C:/Users/curti/OneDrive/Documents/UIUC/ECE-385/Vivado_Projects/lab7_2/lab7_2_workspace/mb_lab_7_1/_ide/bitstream/mb_usb_hdmi_top.bit
targets -set -nocase -filter {name =~ "*microblaze*#0" && bscan=="USER2" }
loadhw -hw C:/Users/curti/OneDrive/Documents/UIUC/ECE-385/Vivado_Projects/lab7_1/lab7_1_workspace/mb_usb_hdmi_top/export/mb_usb_hdmi_top/hw/mb_usb_hdmi_top.xsa -regs
configparams mdm-detect-bscan-mask 2
targets -set -nocase -filter {name =~ "*microblaze*#0" && bscan=="USER2" }
rst -system
after 3000
targets -set -nocase -filter {name =~ "*microblaze*#0" && bscan=="USER2" }
dow C:/Users/curti/OneDrive/Documents/UIUC/ECE-385/Vivado_Projects/lab7_2/lab7_2_workspace/mb_lab_7_1/Debug/mb_lab_7_1.elf
----------------End of Script----------------

22:58:58 INFO  : Context for processor 'microblaze_0' is selected.
22:58:58 INFO  : 'con' command is executed.
22:58:58 INFO  : ----------------XSDB Script (After Launch)----------------
targets -set -nocase -filter {name =~ "*microblaze*#0" && bscan=="USER2" }
con
----------------End of Script----------------

22:58:58 INFO  : Disconnected from the channel tcfchan#8.
22:59:25 INFO  : Connected to target on host '127.0.0.1' and port '3121'.
22:59:25 INFO  : Jtag cable 'RealDigital Boo 887100000005A' is selected.
22:59:25 INFO  : 'jtag frequency' command is executed.
22:59:25 INFO  : 'targets -set -filter {jtag_cable_name =~ "RealDigital Boo 887100000005A" && level==0 && jtag_device_ctx=="jsn1-0362f093-0"}' command is executed.
22:59:27 INFO  : Device configured successfully with "C:/Users/curti/OneDrive/Documents/UIUC/ECE-385/Vivado_Projects/lab7_2/lab7_2_workspace/mb_lab_7_1/_ide/bitstream/mb_usb_hdmi_top.bit"
22:59:27 INFO  : Context for processor 'microblaze_0' is selected.
22:59:27 INFO  : Hardware design and registers information is loaded from 'C:/Users/curti/OneDrive/Documents/UIUC/ECE-385/Vivado_Projects/lab7_1/lab7_1_workspace/mb_usb_hdmi_top/export/mb_usb_hdmi_top/hw/mb_usb_hdmi_top.xsa'.
22:59:27 INFO  : 'configparams mdm-detect-bscan-mask 2' command is executed.
22:59:27 INFO  : Context for processor 'microblaze_0' is selected.
22:59:27 INFO  : System reset is completed.
22:59:30 INFO  : 'after 3000' command is executed.
22:59:30 INFO  : Context for processor 'microblaze_0' is selected.
22:59:30 INFO  : The application 'C:/Users/curti/OneDrive/Documents/UIUC/ECE-385/Vivado_Projects/lab7_2/lab7_2_workspace/mb_lab_7_1/Debug/mb_lab_7_1.elf' is downloaded to processor 'microblaze_0'.
22:59:30 INFO  : ----------------XSDB Script----------------
connect -url tcp:127.0.0.1:3121
targets -set -filter {jtag_cable_name =~ "RealDigital Boo 887100000005A" && level==0 && jtag_device_ctx=="jsn1-0362f093-0"}
fpga -file C:/Users/curti/OneDrive/Documents/UIUC/ECE-385/Vivado_Projects/lab7_2/lab7_2_workspace/mb_lab_7_1/_ide/bitstream/mb_usb_hdmi_top.bit
targets -set -nocase -filter {name =~ "*microblaze*#0" && bscan=="USER2" }
loadhw -hw C:/Users/curti/OneDrive/Documents/UIUC/ECE-385/Vivado_Projects/lab7_1/lab7_1_workspace/mb_usb_hdmi_top/export/mb_usb_hdmi_top/hw/mb_usb_hdmi_top.xsa -regs
configparams mdm-detect-bscan-mask 2
targets -set -nocase -filter {name =~ "*microblaze*#0" && bscan=="USER2" }
rst -system
after 3000
targets -set -nocase -filter {name =~ "*microblaze*#0" && bscan=="USER2" }
dow C:/Users/curti/OneDrive/Documents/UIUC/ECE-385/Vivado_Projects/lab7_2/lab7_2_workspace/mb_lab_7_1/Debug/mb_lab_7_1.elf
----------------End of Script----------------

22:59:30 INFO  : Context for processor 'microblaze_0' is selected.
22:59:30 INFO  : 'con' command is executed.
22:59:30 INFO  : ----------------XSDB Script (After Launch)----------------
targets -set -nocase -filter {name =~ "*microblaze*#0" && bscan=="USER2" }
con
----------------End of Script----------------

22:59:30 INFO  : Disconnected from the channel tcfchan#9.
23:00:39 INFO  : Checking for BSP changes to sync application flags for project 'mb_lab_7_1'...
23:00:45 INFO  : Connected to target on host '127.0.0.1' and port '3121'.
23:00:45 INFO  : Jtag cable 'RealDigital Boo 887100000005A' is selected.
23:00:45 INFO  : 'jtag frequency' command is executed.
23:00:45 INFO  : 'targets -set -filter {jtag_cable_name =~ "RealDigital Boo 887100000005A" && level==0 && jtag_device_ctx=="jsn1-0362f093-0"}' command is executed.
23:00:46 INFO  : Device configured successfully with "C:/Users/curti/OneDrive/Documents/UIUC/ECE-385/Vivado_Projects/lab7_2/lab7_2_workspace/mb_lab_7_1/_ide/bitstream/mb_usb_hdmi_top.bit"
23:00:46 INFO  : Context for processor 'microblaze_0' is selected.
23:00:46 INFO  : Hardware design and registers information is loaded from 'C:/Users/curti/OneDrive/Documents/UIUC/ECE-385/Vivado_Projects/lab7_1/lab7_1_workspace/mb_usb_hdmi_top/export/mb_usb_hdmi_top/hw/mb_usb_hdmi_top.xsa'.
23:00:46 INFO  : 'configparams mdm-detect-bscan-mask 2' command is executed.
23:00:46 INFO  : Context for processor 'microblaze_0' is selected.
23:00:46 INFO  : System reset is completed.
23:00:49 INFO  : 'after 3000' command is executed.
23:00:49 INFO  : Context for processor 'microblaze_0' is selected.
23:00:50 INFO  : The application 'C:/Users/curti/OneDrive/Documents/UIUC/ECE-385/Vivado_Projects/lab7_2/lab7_2_workspace/mb_lab_7_1/Debug/mb_lab_7_1.elf' is downloaded to processor 'microblaze_0'.
23:00:50 INFO  : ----------------XSDB Script----------------
connect -url tcp:127.0.0.1:3121
targets -set -filter {jtag_cable_name =~ "RealDigital Boo 887100000005A" && level==0 && jtag_device_ctx=="jsn1-0362f093-0"}
fpga -file C:/Users/curti/OneDrive/Documents/UIUC/ECE-385/Vivado_Projects/lab7_2/lab7_2_workspace/mb_lab_7_1/_ide/bitstream/mb_usb_hdmi_top.bit
targets -set -nocase -filter {name =~ "*microblaze*#0" && bscan=="USER2" }
loadhw -hw C:/Users/curti/OneDrive/Documents/UIUC/ECE-385/Vivado_Projects/lab7_1/lab7_1_workspace/mb_usb_hdmi_top/export/mb_usb_hdmi_top/hw/mb_usb_hdmi_top.xsa -regs
configparams mdm-detect-bscan-mask 2
targets -set -nocase -filter {name =~ "*microblaze*#0" && bscan=="USER2" }
rst -system
after 3000
targets -set -nocase -filter {name =~ "*microblaze*#0" && bscan=="USER2" }
dow C:/Users/curti/OneDrive/Documents/UIUC/ECE-385/Vivado_Projects/lab7_2/lab7_2_workspace/mb_lab_7_1/Debug/mb_lab_7_1.elf
----------------End of Script----------------

23:00:50 INFO  : Context for processor 'microblaze_0' is selected.
23:00:50 INFO  : 'con' command is executed.
23:00:50 INFO  : ----------------XSDB Script (After Launch)----------------
targets -set -nocase -filter {name =~ "*microblaze*#0" && bscan=="USER2" }
con
----------------End of Script----------------

23:00:50 INFO  : Disconnected from the channel tcfchan#10.
23:04:38 INFO  : Hardware specification for platform project 'mb_usb_hdmi_top' is updated.
23:04:50 INFO  : Result from executing command 'removePlatformRepo': 
23:04:52 ERROR : Error from executing command 'removePlatformRepo': ERROR: No valid directory exists at given path.
23:05:01 INFO  : Result from executing command 'getProjects': mb_usb_hdmi_top
23:05:01 INFO  : Result from executing command 'getPlatforms': mb_usb_hdmi_top|C:/Users/curti/OneDrive/Documents/UIUC/ECE-385/Vivado_Projects/lab7_1/lab7_1_workspace/mb_usb_hdmi_top/export/mb_usb_hdmi_top/mb_usb_hdmi_top.xpfm
23:05:02 INFO  : Checking for BSP changes to sync application flags for project 'mb_lab_7_1'...
23:05:19 INFO  : Connected to target on host '127.0.0.1' and port '3121'.
23:05:19 INFO  : Jtag cable 'RealDigital Boo 887100000005A' is selected.
23:05:19 INFO  : 'jtag frequency' command is executed.
23:05:19 INFO  : 'targets -set -filter {jtag_cable_name =~ "RealDigital Boo 887100000005A" && level==0 && jtag_device_ctx=="jsn1-0362f093-0"}' command is executed.
23:05:20 INFO  : Device configured successfully with "C:/Users/curti/OneDrive/Documents/UIUC/ECE-385/Vivado_Projects/lab7_2/lab7_2_workspace/mb_lab_7_1/_ide/bitstream/mb_usb_hdmi_top.bit"
23:05:20 INFO  : Context for processor 'microblaze_0' is selected.
23:05:20 INFO  : Hardware design and registers information is loaded from 'C:/Users/curti/OneDrive/Documents/UIUC/ECE-385/Vivado_Projects/lab7_1/lab7_1_workspace/mb_usb_hdmi_top/export/mb_usb_hdmi_top/hw/mb_usb_hdmi_top.xsa'.
23:05:20 INFO  : 'configparams mdm-detect-bscan-mask 2' command is executed.
23:05:20 INFO  : Context for processor 'microblaze_0' is selected.
23:05:20 INFO  : System reset is completed.
23:05:23 INFO  : 'after 3000' command is executed.
23:05:23 INFO  : Context for processor 'microblaze_0' is selected.
23:05:24 INFO  : The application 'C:/Users/curti/OneDrive/Documents/UIUC/ECE-385/Vivado_Projects/lab7_2/lab7_2_workspace/mb_lab_7_1/Debug/mb_lab_7_1.elf' is downloaded to processor 'microblaze_0'.
23:05:24 INFO  : ----------------XSDB Script----------------
connect -url tcp:127.0.0.1:3121
targets -set -filter {jtag_cable_name =~ "RealDigital Boo 887100000005A" && level==0 && jtag_device_ctx=="jsn1-0362f093-0"}
fpga -file C:/Users/curti/OneDrive/Documents/UIUC/ECE-385/Vivado_Projects/lab7_2/lab7_2_workspace/mb_lab_7_1/_ide/bitstream/mb_usb_hdmi_top.bit
targets -set -nocase -filter {name =~ "*microblaze*#0" && bscan=="USER2" }
loadhw -hw C:/Users/curti/OneDrive/Documents/UIUC/ECE-385/Vivado_Projects/lab7_1/lab7_1_workspace/mb_usb_hdmi_top/export/mb_usb_hdmi_top/hw/mb_usb_hdmi_top.xsa -regs
configparams mdm-detect-bscan-mask 2
targets -set -nocase -filter {name =~ "*microblaze*#0" && bscan=="USER2" }
rst -system
after 3000
targets -set -nocase -filter {name =~ "*microblaze*#0" && bscan=="USER2" }
dow C:/Users/curti/OneDrive/Documents/UIUC/ECE-385/Vivado_Projects/lab7_2/lab7_2_workspace/mb_lab_7_1/Debug/mb_lab_7_1.elf
----------------End of Script----------------

23:05:24 INFO  : Context for processor 'microblaze_0' is selected.
23:05:24 INFO  : 'con' command is executed.
23:05:24 INFO  : ----------------XSDB Script (After Launch)----------------
targets -set -nocase -filter {name =~ "*microblaze*#0" && bscan=="USER2" }
con
----------------End of Script----------------

23:05:24 INFO  : Disconnected from the channel tcfchan#14.
23:07:16 INFO  : Connected to target on host '127.0.0.1' and port '3121'.
23:07:16 INFO  : Jtag cable 'RealDigital Boo 887100000005A' is selected.
23:07:16 INFO  : 'jtag frequency' command is executed.
23:07:16 INFO  : 'targets -set -filter {jtag_cable_name =~ "RealDigital Boo 887100000005A" && level==0 && jtag_device_ctx=="jsn1-0362f093-0"}' command is executed.
23:07:18 INFO  : Device configured successfully with "C:/Users/curti/OneDrive/Documents/UIUC/ECE-385/Vivado_Projects/lab7_2/lab7_2_workspace/mb_lab_7_1/_ide/bitstream/mb_usb_hdmi_top.bit"
23:07:18 INFO  : Context for processor 'microblaze_0' is selected.
23:07:18 INFO  : Hardware design and registers information is loaded from 'C:/Users/curti/OneDrive/Documents/UIUC/ECE-385/Vivado_Projects/lab7_1/lab7_1_workspace/mb_usb_hdmi_top/export/mb_usb_hdmi_top/hw/mb_usb_hdmi_top.xsa'.
23:07:18 INFO  : 'configparams mdm-detect-bscan-mask 2' command is executed.
23:07:18 INFO  : Context for processor 'microblaze_0' is selected.
23:07:18 INFO  : System reset is completed.
23:07:21 INFO  : 'after 3000' command is executed.
23:07:21 INFO  : Context for processor 'microblaze_0' is selected.
23:07:21 INFO  : The application 'C:/Users/curti/OneDrive/Documents/UIUC/ECE-385/Vivado_Projects/lab7_2/lab7_2_workspace/mb_lab_7_1/Debug/mb_lab_7_1.elf' is downloaded to processor 'microblaze_0'.
23:07:21 INFO  : ----------------XSDB Script----------------
connect -url tcp:127.0.0.1:3121
targets -set -filter {jtag_cable_name =~ "RealDigital Boo 887100000005A" && level==0 && jtag_device_ctx=="jsn1-0362f093-0"}
fpga -file C:/Users/curti/OneDrive/Documents/UIUC/ECE-385/Vivado_Projects/lab7_2/lab7_2_workspace/mb_lab_7_1/_ide/bitstream/mb_usb_hdmi_top.bit
targets -set -nocase -filter {name =~ "*microblaze*#0" && bscan=="USER2" }
loadhw -hw C:/Users/curti/OneDrive/Documents/UIUC/ECE-385/Vivado_Projects/lab7_1/lab7_1_workspace/mb_usb_hdmi_top/export/mb_usb_hdmi_top/hw/mb_usb_hdmi_top.xsa -regs
configparams mdm-detect-bscan-mask 2
targets -set -nocase -filter {name =~ "*microblaze*#0" && bscan=="USER2" }
rst -system
after 3000
targets -set -nocase -filter {name =~ "*microblaze*#0" && bscan=="USER2" }
dow C:/Users/curti/OneDrive/Documents/UIUC/ECE-385/Vivado_Projects/lab7_2/lab7_2_workspace/mb_lab_7_1/Debug/mb_lab_7_1.elf
----------------End of Script----------------

23:07:21 INFO  : Context for processor 'microblaze_0' is selected.
23:07:21 INFO  : 'con' command is executed.
23:07:21 INFO  : ----------------XSDB Script (After Launch)----------------
targets -set -nocase -filter {name =~ "*microblaze*#0" && bscan=="USER2" }
con
----------------End of Script----------------

23:07:21 INFO  : Disconnected from the channel tcfchan#15.
23:07:34 INFO  : Checking for BSP changes to sync application flags for project 'mb_lab_7_1'...
23:07:38 INFO  : Connected to target on host '127.0.0.1' and port '3121'.
23:07:38 INFO  : Jtag cable 'RealDigital Boo 887100000005A' is selected.
23:07:38 INFO  : 'jtag frequency' command is executed.
23:07:38 INFO  : 'targets -set -filter {jtag_cable_name =~ "RealDigital Boo 887100000005A" && level==0 && jtag_device_ctx=="jsn1-0362f093-0"}' command is executed.
23:07:40 INFO  : Device configured successfully with "C:/Users/curti/OneDrive/Documents/UIUC/ECE-385/Vivado_Projects/lab7_2/lab7_2_workspace/mb_lab_7_1/_ide/bitstream/mb_usb_hdmi_top.bit"
23:07:40 INFO  : Context for processor 'microblaze_0' is selected.
23:07:40 INFO  : Hardware design and registers information is loaded from 'C:/Users/curti/OneDrive/Documents/UIUC/ECE-385/Vivado_Projects/lab7_1/lab7_1_workspace/mb_usb_hdmi_top/export/mb_usb_hdmi_top/hw/mb_usb_hdmi_top.xsa'.
23:07:40 INFO  : 'configparams mdm-detect-bscan-mask 2' command is executed.
23:07:40 INFO  : Context for processor 'microblaze_0' is selected.
23:07:40 INFO  : System reset is completed.
23:07:43 INFO  : 'after 3000' command is executed.
23:07:43 INFO  : Context for processor 'microblaze_0' is selected.
23:07:43 INFO  : The application 'C:/Users/curti/OneDrive/Documents/UIUC/ECE-385/Vivado_Projects/lab7_2/lab7_2_workspace/mb_lab_7_1/Debug/mb_lab_7_1.elf' is downloaded to processor 'microblaze_0'.
23:07:43 INFO  : ----------------XSDB Script----------------
connect -url tcp:127.0.0.1:3121
targets -set -filter {jtag_cable_name =~ "RealDigital Boo 887100000005A" && level==0 && jtag_device_ctx=="jsn1-0362f093-0"}
fpga -file C:/Users/curti/OneDrive/Documents/UIUC/ECE-385/Vivado_Projects/lab7_2/lab7_2_workspace/mb_lab_7_1/_ide/bitstream/mb_usb_hdmi_top.bit
targets -set -nocase -filter {name =~ "*microblaze*#0" && bscan=="USER2" }
loadhw -hw C:/Users/curti/OneDrive/Documents/UIUC/ECE-385/Vivado_Projects/lab7_1/lab7_1_workspace/mb_usb_hdmi_top/export/mb_usb_hdmi_top/hw/mb_usb_hdmi_top.xsa -regs
configparams mdm-detect-bscan-mask 2
targets -set -nocase -filter {name =~ "*microblaze*#0" && bscan=="USER2" }
rst -system
after 3000
targets -set -nocase -filter {name =~ "*microblaze*#0" && bscan=="USER2" }
dow C:/Users/curti/OneDrive/Documents/UIUC/ECE-385/Vivado_Projects/lab7_2/lab7_2_workspace/mb_lab_7_1/Debug/mb_lab_7_1.elf
----------------End of Script----------------

23:07:43 INFO  : Context for processor 'microblaze_0' is selected.
23:07:43 INFO  : 'con' command is executed.
23:07:43 INFO  : ----------------XSDB Script (After Launch)----------------
targets -set -nocase -filter {name =~ "*microblaze*#0" && bscan=="USER2" }
con
----------------End of Script----------------

23:07:43 INFO  : Disconnected from the channel tcfchan#16.
23:09:16 INFO  : Checking for BSP changes to sync application flags for project 'mb_lab_7_1'...
23:09:35 INFO  : Connected to target on host '127.0.0.1' and port '3121'.
23:09:35 INFO  : Jtag cable 'RealDigital Boo 887100000006A' is selected.
23:09:35 INFO  : 'jtag frequency' command is executed.
23:09:35 INFO  : 'targets -set -filter {jtag_cable_name =~ "RealDigital Boo 887100000006A" && level==0 && jtag_device_ctx=="jsn1-0362f093-0"}' command is executed.
23:09:37 INFO  : Device configured successfully with "C:/Users/curti/OneDrive/Documents/UIUC/ECE-385/Vivado_Projects/lab7_2/lab7_2_workspace/mb_lab_7_1/_ide/bitstream/mb_usb_hdmi_top.bit"
23:09:37 INFO  : Context for processor 'microblaze_0' is selected.
23:09:37 INFO  : Hardware design and registers information is loaded from 'C:/Users/curti/OneDrive/Documents/UIUC/ECE-385/Vivado_Projects/lab7_1/lab7_1_workspace/mb_usb_hdmi_top/export/mb_usb_hdmi_top/hw/mb_usb_hdmi_top.xsa'.
23:09:37 INFO  : 'configparams mdm-detect-bscan-mask 2' command is executed.
23:09:37 INFO  : Context for processor 'microblaze_0' is selected.
23:09:37 INFO  : System reset is completed.
23:09:40 INFO  : 'after 3000' command is executed.
23:09:40 INFO  : Context for processor 'microblaze_0' is selected.
23:09:40 INFO  : The application 'C:/Users/curti/OneDrive/Documents/UIUC/ECE-385/Vivado_Projects/lab7_2/lab7_2_workspace/mb_lab_7_1/Debug/mb_lab_7_1.elf' is downloaded to processor 'microblaze_0'.
23:09:40 INFO  : ----------------XSDB Script----------------
connect -url tcp:127.0.0.1:3121
targets -set -filter {jtag_cable_name =~ "RealDigital Boo 887100000006A" && level==0 && jtag_device_ctx=="jsn1-0362f093-0"}
fpga -file C:/Users/curti/OneDrive/Documents/UIUC/ECE-385/Vivado_Projects/lab7_2/lab7_2_workspace/mb_lab_7_1/_ide/bitstream/mb_usb_hdmi_top.bit
targets -set -nocase -filter {name =~ "*microblaze*#0" && bscan=="USER2" }
loadhw -hw C:/Users/curti/OneDrive/Documents/UIUC/ECE-385/Vivado_Projects/lab7_1/lab7_1_workspace/mb_usb_hdmi_top/export/mb_usb_hdmi_top/hw/mb_usb_hdmi_top.xsa -regs
configparams mdm-detect-bscan-mask 2
targets -set -nocase -filter {name =~ "*microblaze*#0" && bscan=="USER2" }
rst -system
after 3000
targets -set -nocase -filter {name =~ "*microblaze*#0" && bscan=="USER2" }
dow C:/Users/curti/OneDrive/Documents/UIUC/ECE-385/Vivado_Projects/lab7_2/lab7_2_workspace/mb_lab_7_1/Debug/mb_lab_7_1.elf
----------------End of Script----------------

23:09:40 INFO  : Context for processor 'microblaze_0' is selected.
23:09:40 INFO  : 'con' command is executed.
23:09:40 INFO  : ----------------XSDB Script (After Launch)----------------
targets -set -nocase -filter {name =~ "*microblaze*#0" && bscan=="USER2" }
con
----------------End of Script----------------

23:09:40 INFO  : Disconnected from the channel tcfchan#17.
23:15:59 INFO  : Checking for BSP changes to sync application flags for project 'mb_lab_7_1'...
23:16:04 INFO  : Connected to target on host '127.0.0.1' and port '3121'.
23:16:04 INFO  : Jtag cable 'RealDigital Boo 887100000006A' is selected.
23:16:04 INFO  : 'jtag frequency' command is executed.
23:16:04 INFO  : 'targets -set -filter {jtag_cable_name =~ "RealDigital Boo 887100000006A" && level==0 && jtag_device_ctx=="jsn1-0362f093-0"}' command is executed.
23:16:06 INFO  : Device configured successfully with "C:/Users/curti/OneDrive/Documents/UIUC/ECE-385/Vivado_Projects/lab7_2/lab7_2_workspace/mb_lab_7_1/_ide/bitstream/mb_usb_hdmi_top.bit"
23:16:06 INFO  : Context for processor 'microblaze_0' is selected.
23:16:06 INFO  : Hardware design and registers information is loaded from 'C:/Users/curti/OneDrive/Documents/UIUC/ECE-385/Vivado_Projects/lab7_1/lab7_1_workspace/mb_usb_hdmi_top/export/mb_usb_hdmi_top/hw/mb_usb_hdmi_top.xsa'.
23:16:06 INFO  : 'configparams mdm-detect-bscan-mask 2' command is executed.
23:16:06 INFO  : Context for processor 'microblaze_0' is selected.
23:16:06 INFO  : System reset is completed.
23:16:09 INFO  : 'after 3000' command is executed.
23:16:09 INFO  : Context for processor 'microblaze_0' is selected.
23:16:09 INFO  : The application 'C:/Users/curti/OneDrive/Documents/UIUC/ECE-385/Vivado_Projects/lab7_2/lab7_2_workspace/mb_lab_7_1/Debug/mb_lab_7_1.elf' is downloaded to processor 'microblaze_0'.
23:16:09 INFO  : ----------------XSDB Script----------------
connect -url tcp:127.0.0.1:3121
targets -set -filter {jtag_cable_name =~ "RealDigital Boo 887100000006A" && level==0 && jtag_device_ctx=="jsn1-0362f093-0"}
fpga -file C:/Users/curti/OneDrive/Documents/UIUC/ECE-385/Vivado_Projects/lab7_2/lab7_2_workspace/mb_lab_7_1/_ide/bitstream/mb_usb_hdmi_top.bit
targets -set -nocase -filter {name =~ "*microblaze*#0" && bscan=="USER2" }
loadhw -hw C:/Users/curti/OneDrive/Documents/UIUC/ECE-385/Vivado_Projects/lab7_1/lab7_1_workspace/mb_usb_hdmi_top/export/mb_usb_hdmi_top/hw/mb_usb_hdmi_top.xsa -regs
configparams mdm-detect-bscan-mask 2
targets -set -nocase -filter {name =~ "*microblaze*#0" && bscan=="USER2" }
rst -system
after 3000
targets -set -nocase -filter {name =~ "*microblaze*#0" && bscan=="USER2" }
dow C:/Users/curti/OneDrive/Documents/UIUC/ECE-385/Vivado_Projects/lab7_2/lab7_2_workspace/mb_lab_7_1/Debug/mb_lab_7_1.elf
----------------End of Script----------------

23:16:09 INFO  : Context for processor 'microblaze_0' is selected.
23:16:09 INFO  : 'con' command is executed.
23:16:09 INFO  : ----------------XSDB Script (After Launch)----------------
targets -set -nocase -filter {name =~ "*microblaze*#0" && bscan=="USER2" }
con
----------------End of Script----------------

23:16:09 INFO  : Disconnected from the channel tcfchan#18.
23:16:48 INFO  : Connected to target on host '127.0.0.1' and port '3121'.
23:16:48 INFO  : Jtag cable 'RealDigital Boo 887100000006A' is selected.
23:16:48 INFO  : 'jtag frequency' command is executed.
23:16:48 INFO  : 'targets -set -filter {jtag_cable_name =~ "RealDigital Boo 887100000006A" && level==0 && jtag_device_ctx=="jsn1-0362f093-0"}' command is executed.
23:16:50 INFO  : Device configured successfully with "C:/Users/curti/OneDrive/Documents/UIUC/ECE-385/Vivado_Projects/lab7_2/lab7_2_workspace/mb_lab_7_1/_ide/bitstream/mb_usb_hdmi_top.bit"
23:16:50 INFO  : Context for processor 'microblaze_0' is selected.
23:16:50 INFO  : Hardware design and registers information is loaded from 'C:/Users/curti/OneDrive/Documents/UIUC/ECE-385/Vivado_Projects/lab7_1/lab7_1_workspace/mb_usb_hdmi_top/export/mb_usb_hdmi_top/hw/mb_usb_hdmi_top.xsa'.
23:16:50 INFO  : 'configparams mdm-detect-bscan-mask 2' command is executed.
23:16:50 INFO  : Context for processor 'microblaze_0' is selected.
23:16:50 INFO  : System reset is completed.
23:16:53 INFO  : 'after 3000' command is executed.
23:16:53 INFO  : Context for processor 'microblaze_0' is selected.
23:16:53 INFO  : The application 'C:/Users/curti/OneDrive/Documents/UIUC/ECE-385/Vivado_Projects/lab7_2/lab7_2_workspace/mb_lab_7_1/Debug/mb_lab_7_1.elf' is downloaded to processor 'microblaze_0'.
23:16:53 INFO  : ----------------XSDB Script----------------
connect -url tcp:127.0.0.1:3121
targets -set -filter {jtag_cable_name =~ "RealDigital Boo 887100000006A" && level==0 && jtag_device_ctx=="jsn1-0362f093-0"}
fpga -file C:/Users/curti/OneDrive/Documents/UIUC/ECE-385/Vivado_Projects/lab7_2/lab7_2_workspace/mb_lab_7_1/_ide/bitstream/mb_usb_hdmi_top.bit
targets -set -nocase -filter {name =~ "*microblaze*#0" && bscan=="USER2" }
loadhw -hw C:/Users/curti/OneDrive/Documents/UIUC/ECE-385/Vivado_Projects/lab7_1/lab7_1_workspace/mb_usb_hdmi_top/export/mb_usb_hdmi_top/hw/mb_usb_hdmi_top.xsa -regs
configparams mdm-detect-bscan-mask 2
targets -set -nocase -filter {name =~ "*microblaze*#0" && bscan=="USER2" }
rst -system
after 3000
targets -set -nocase -filter {name =~ "*microblaze*#0" && bscan=="USER2" }
dow C:/Users/curti/OneDrive/Documents/UIUC/ECE-385/Vivado_Projects/lab7_2/lab7_2_workspace/mb_lab_7_1/Debug/mb_lab_7_1.elf
----------------End of Script----------------

23:16:53 INFO  : Context for processor 'microblaze_0' is selected.
23:16:53 INFO  : 'con' command is executed.
23:16:53 INFO  : ----------------XSDB Script (After Launch)----------------
targets -set -nocase -filter {name =~ "*microblaze*#0" && bscan=="USER2" }
con
----------------End of Script----------------

23:16:53 INFO  : Disconnected from the channel tcfchan#19.
23:18:38 INFO  : Hardware specification for platform project 'mb_usb_hdmi_top' is updated.
23:18:45 INFO  : Result from executing command 'removePlatformRepo': 
23:18:50 ERROR : Error from executing command 'removePlatformRepo': ERROR: No valid directory exists at given path.
23:19:01 INFO  : Result from executing command 'getProjects': mb_usb_hdmi_top
23:19:01 INFO  : Result from executing command 'getPlatforms': mb_usb_hdmi_top|C:/Users/curti/OneDrive/Documents/UIUC/ECE-385/Vivado_Projects/lab7_1/lab7_1_workspace/mb_usb_hdmi_top/export/mb_usb_hdmi_top/mb_usb_hdmi_top.xpfm
23:19:01 INFO  : Checking for BSP changes to sync application flags for project 'mb_lab_7_1'...
23:19:12 INFO  : Connected to target on host '127.0.0.1' and port '3121'.
23:19:12 INFO  : Jtag cable 'RealDigital Boo 887100000006A' is selected.
23:19:12 INFO  : 'jtag frequency' command is executed.
23:19:13 INFO  : 'targets -set -filter {jtag_cable_name =~ "RealDigital Boo 887100000006A" && level==0 && jtag_device_ctx=="jsn1-0362f093-0"}' command is executed.
23:19:14 INFO  : Device configured successfully with "C:/Users/curti/OneDrive/Documents/UIUC/ECE-385/Vivado_Projects/lab7_2/lab7_2_workspace/mb_lab_7_1/_ide/bitstream/mb_usb_hdmi_top.bit"
23:19:14 INFO  : Context for processor 'microblaze_0' is selected.
23:19:14 INFO  : Hardware design and registers information is loaded from 'C:/Users/curti/OneDrive/Documents/UIUC/ECE-385/Vivado_Projects/lab7_1/lab7_1_workspace/mb_usb_hdmi_top/export/mb_usb_hdmi_top/hw/mb_usb_hdmi_top.xsa'.
23:19:14 INFO  : 'configparams mdm-detect-bscan-mask 2' command is executed.
23:19:14 INFO  : Context for processor 'microblaze_0' is selected.
23:19:14 INFO  : System reset is completed.
23:19:17 INFO  : 'after 3000' command is executed.
23:19:17 INFO  : Context for processor 'microblaze_0' is selected.
23:19:18 INFO  : The application 'C:/Users/curti/OneDrive/Documents/UIUC/ECE-385/Vivado_Projects/lab7_2/lab7_2_workspace/mb_lab_7_1/Debug/mb_lab_7_1.elf' is downloaded to processor 'microblaze_0'.
23:19:18 INFO  : ----------------XSDB Script----------------
connect -url tcp:127.0.0.1:3121
targets -set -filter {jtag_cable_name =~ "RealDigital Boo 887100000006A" && level==0 && jtag_device_ctx=="jsn1-0362f093-0"}
fpga -file C:/Users/curti/OneDrive/Documents/UIUC/ECE-385/Vivado_Projects/lab7_2/lab7_2_workspace/mb_lab_7_1/_ide/bitstream/mb_usb_hdmi_top.bit
targets -set -nocase -filter {name =~ "*microblaze*#0" && bscan=="USER2" }
loadhw -hw C:/Users/curti/OneDrive/Documents/UIUC/ECE-385/Vivado_Projects/lab7_1/lab7_1_workspace/mb_usb_hdmi_top/export/mb_usb_hdmi_top/hw/mb_usb_hdmi_top.xsa -regs
configparams mdm-detect-bscan-mask 2
targets -set -nocase -filter {name =~ "*microblaze*#0" && bscan=="USER2" }
rst -system
after 3000
targets -set -nocase -filter {name =~ "*microblaze*#0" && bscan=="USER2" }
dow C:/Users/curti/OneDrive/Documents/UIUC/ECE-385/Vivado_Projects/lab7_2/lab7_2_workspace/mb_lab_7_1/Debug/mb_lab_7_1.elf
----------------End of Script----------------

23:19:18 INFO  : Context for processor 'microblaze_0' is selected.
23:19:18 INFO  : 'con' command is executed.
23:19:18 INFO  : ----------------XSDB Script (After Launch)----------------
targets -set -nocase -filter {name =~ "*microblaze*#0" && bscan=="USER2" }
con
----------------End of Script----------------

23:19:18 INFO  : Disconnected from the channel tcfchan#23.
23:19:53 INFO  : Connected to target on host '127.0.0.1' and port '3121'.
23:19:53 INFO  : Jtag cable 'RealDigital Boo 887100000006A' is selected.
23:19:53 INFO  : 'jtag frequency' command is executed.
23:19:53 INFO  : 'targets -set -filter {jtag_cable_name =~ "RealDigital Boo 887100000006A" && level==0 && jtag_device_ctx=="jsn1-0362f093-0"}' command is executed.
23:19:54 INFO  : Device configured successfully with "C:/Users/curti/OneDrive/Documents/UIUC/ECE-385/Vivado_Projects/lab7_2/lab7_2_workspace/mb_lab_7_1/_ide/bitstream/mb_usb_hdmi_top.bit"
23:19:55 INFO  : Context for processor 'microblaze_0' is selected.
23:19:55 INFO  : Hardware design and registers information is loaded from 'C:/Users/curti/OneDrive/Documents/UIUC/ECE-385/Vivado_Projects/lab7_1/lab7_1_workspace/mb_usb_hdmi_top/export/mb_usb_hdmi_top/hw/mb_usb_hdmi_top.xsa'.
23:19:55 INFO  : 'configparams mdm-detect-bscan-mask 2' command is executed.
23:19:55 INFO  : Context for processor 'microblaze_0' is selected.
23:19:55 INFO  : System reset is completed.
23:19:58 INFO  : 'after 3000' command is executed.
23:19:58 INFO  : Context for processor 'microblaze_0' is selected.
23:19:58 INFO  : The application 'C:/Users/curti/OneDrive/Documents/UIUC/ECE-385/Vivado_Projects/lab7_2/lab7_2_workspace/mb_lab_7_1/Debug/mb_lab_7_1.elf' is downloaded to processor 'microblaze_0'.
23:19:58 INFO  : ----------------XSDB Script----------------
connect -url tcp:127.0.0.1:3121
targets -set -filter {jtag_cable_name =~ "RealDigital Boo 887100000006A" && level==0 && jtag_device_ctx=="jsn1-0362f093-0"}
fpga -file C:/Users/curti/OneDrive/Documents/UIUC/ECE-385/Vivado_Projects/lab7_2/lab7_2_workspace/mb_lab_7_1/_ide/bitstream/mb_usb_hdmi_top.bit
targets -set -nocase -filter {name =~ "*microblaze*#0" && bscan=="USER2" }
loadhw -hw C:/Users/curti/OneDrive/Documents/UIUC/ECE-385/Vivado_Projects/lab7_1/lab7_1_workspace/mb_usb_hdmi_top/export/mb_usb_hdmi_top/hw/mb_usb_hdmi_top.xsa -regs
configparams mdm-detect-bscan-mask 2
targets -set -nocase -filter {name =~ "*microblaze*#0" && bscan=="USER2" }
rst -system
after 3000
targets -set -nocase -filter {name =~ "*microblaze*#0" && bscan=="USER2" }
dow C:/Users/curti/OneDrive/Documents/UIUC/ECE-385/Vivado_Projects/lab7_2/lab7_2_workspace/mb_lab_7_1/Debug/mb_lab_7_1.elf
----------------End of Script----------------

23:19:58 INFO  : Context for processor 'microblaze_0' is selected.
23:19:58 INFO  : 'con' command is executed.
23:19:58 INFO  : ----------------XSDB Script (After Launch)----------------
targets -set -nocase -filter {name =~ "*microblaze*#0" && bscan=="USER2" }
con
----------------End of Script----------------

23:19:58 INFO  : Disconnected from the channel tcfchan#24.
23:21:26 INFO  : Connected to target on host '127.0.0.1' and port '3121'.
23:21:26 INFO  : Jtag cable 'RealDigital Boo 887100000006A' is selected.
23:21:26 INFO  : 'jtag frequency' command is executed.
23:21:26 INFO  : 'targets -set -filter {jtag_cable_name =~ "RealDigital Boo 887100000006A" && level==0 && jtag_device_ctx=="jsn1-0362f093-0"}' command is executed.
23:21:27 INFO  : Device configured successfully with "C:/Users/curti/OneDrive/Documents/UIUC/ECE-385/Vivado_Projects/lab7_2/lab7_2_workspace/mb_lab_7_1/_ide/bitstream/mb_usb_hdmi_top.bit"
23:21:28 INFO  : Context for processor 'microblaze_0' is selected.
23:21:28 INFO  : Hardware design and registers information is loaded from 'C:/Users/curti/OneDrive/Documents/UIUC/ECE-385/Vivado_Projects/lab7_1/lab7_1_workspace/mb_usb_hdmi_top/export/mb_usb_hdmi_top/hw/mb_usb_hdmi_top.xsa'.
23:21:28 INFO  : 'configparams mdm-detect-bscan-mask 2' command is executed.
23:21:28 INFO  : Context for processor 'microblaze_0' is selected.
23:21:28 INFO  : System reset is completed.
23:21:31 INFO  : 'after 3000' command is executed.
23:21:31 INFO  : Context for processor 'microblaze_0' is selected.
23:21:31 INFO  : The application 'C:/Users/curti/OneDrive/Documents/UIUC/ECE-385/Vivado_Projects/lab7_2/lab7_2_workspace/mb_lab_7_1/Debug/mb_lab_7_1.elf' is downloaded to processor 'microblaze_0'.
23:21:31 INFO  : ----------------XSDB Script----------------
connect -url tcp:127.0.0.1:3121
targets -set -filter {jtag_cable_name =~ "RealDigital Boo 887100000006A" && level==0 && jtag_device_ctx=="jsn1-0362f093-0"}
fpga -file C:/Users/curti/OneDrive/Documents/UIUC/ECE-385/Vivado_Projects/lab7_2/lab7_2_workspace/mb_lab_7_1/_ide/bitstream/mb_usb_hdmi_top.bit
targets -set -nocase -filter {name =~ "*microblaze*#0" && bscan=="USER2" }
loadhw -hw C:/Users/curti/OneDrive/Documents/UIUC/ECE-385/Vivado_Projects/lab7_1/lab7_1_workspace/mb_usb_hdmi_top/export/mb_usb_hdmi_top/hw/mb_usb_hdmi_top.xsa -regs
configparams mdm-detect-bscan-mask 2
targets -set -nocase -filter {name =~ "*microblaze*#0" && bscan=="USER2" }
rst -system
after 3000
targets -set -nocase -filter {name =~ "*microblaze*#0" && bscan=="USER2" }
dow C:/Users/curti/OneDrive/Documents/UIUC/ECE-385/Vivado_Projects/lab7_2/lab7_2_workspace/mb_lab_7_1/Debug/mb_lab_7_1.elf
----------------End of Script----------------

23:21:31 INFO  : Context for processor 'microblaze_0' is selected.
23:21:31 INFO  : 'con' command is executed.
23:21:31 INFO  : ----------------XSDB Script (After Launch)----------------
targets -set -nocase -filter {name =~ "*microblaze*#0" && bscan=="USER2" }
con
----------------End of Script----------------

23:21:31 INFO  : Disconnected from the channel tcfchan#25.
23:35:46 DEBUG : Logs will be stored at 'C:/Users/curti/OneDrive/Documents/UIUC/ECE-385/Vivado_Projects/lab7_2/lab7_2_workspace/IDE.log'.
23:35:47 INFO  : Launching XSCT server: xsct.bat -n  -interactive C:\Users\curti\OneDrive\Documents\UIUC\ECE-385\Vivado_Projects\lab7_2\lab7_2_workspace\temp_xsdb_launch_script.tcl
23:35:49 INFO  : XSCT server has started successfully.
23:35:49 INFO  : Successfully done setting XSCT server connection channel  
23:35:49 INFO  : plnx-install-location is set to ''
23:35:49 INFO  : Successfully done setting workspace for the tool. 
23:35:51 INFO  : Platform repository initialization has completed.
23:35:51 INFO  : Registering command handlers for Vitis TCF services
23:35:51 INFO  : Successfully done query RDI_DATADIR 
23:38:13 INFO  : Hardware specification for platform project 'mb_usb_hdmi_top' is updated.
23:38:21 INFO  : Result from executing command 'removePlatformRepo': 
23:38:23 ERROR : Error from executing command 'removePlatformRepo': ERROR: No valid directory exists at given path.
23:38:34 INFO  : Result from executing command 'getProjects': mb_usb_hdmi_top
23:38:34 INFO  : Result from executing command 'getPlatforms': mb_usb_hdmi_top|C:/Users/curti/OneDrive/Documents/UIUC/ECE-385/Vivado_Projects/lab7_1/lab7_1_workspace/mb_usb_hdmi_top/export/mb_usb_hdmi_top/mb_usb_hdmi_top.xpfm
23:38:34 INFO  : Checking for BSP changes to sync application flags for project 'mb_lab_7_1'...
23:39:00 INFO  : Connected to target on host '127.0.0.1' and port '3121'.
23:39:00 INFO  : Jtag cable 'RealDigital Boo 887100000006A' is selected.
23:39:00 INFO  : 'jtag frequency' command is executed.
23:39:00 INFO  : 'targets -set -filter {jtag_cable_name =~ "RealDigital Boo 887100000006A" && level==0 && jtag_device_ctx=="jsn1-0362f093-0"}' command is executed.
23:39:01 INFO  : Device configured successfully with "C:/Users/curti/OneDrive/Documents/UIUC/ECE-385/Vivado_Projects/lab7_2/lab7_2_workspace/mb_lab_7_1/_ide/bitstream/mb_usb_hdmi_top.bit"
23:39:02 INFO  : Context for processor 'microblaze_0' is selected.
23:39:02 INFO  : Hardware design and registers information is loaded from 'C:/Users/curti/OneDrive/Documents/UIUC/ECE-385/Vivado_Projects/lab7_1/lab7_1_workspace/mb_usb_hdmi_top/export/mb_usb_hdmi_top/hw/mb_usb_hdmi_top.xsa'.
23:39:02 INFO  : 'configparams mdm-detect-bscan-mask 2' command is executed.
23:39:02 INFO  : Context for processor 'microblaze_0' is selected.
23:39:02 INFO  : System reset is completed.
23:39:05 INFO  : 'after 3000' command is executed.
23:39:05 INFO  : Context for processor 'microblaze_0' is selected.
23:39:05 INFO  : The application 'C:/Users/curti/OneDrive/Documents/UIUC/ECE-385/Vivado_Projects/lab7_2/lab7_2_workspace/mb_lab_7_1/Debug/mb_lab_7_1.elf' is downloaded to processor 'microblaze_0'.
23:39:05 INFO  : ----------------XSDB Script----------------
connect -url tcp:127.0.0.1:3121
targets -set -filter {jtag_cable_name =~ "RealDigital Boo 887100000006A" && level==0 && jtag_device_ctx=="jsn1-0362f093-0"}
fpga -file C:/Users/curti/OneDrive/Documents/UIUC/ECE-385/Vivado_Projects/lab7_2/lab7_2_workspace/mb_lab_7_1/_ide/bitstream/mb_usb_hdmi_top.bit
targets -set -nocase -filter {name =~ "*microblaze*#0" && bscan=="USER2" }
loadhw -hw C:/Users/curti/OneDrive/Documents/UIUC/ECE-385/Vivado_Projects/lab7_1/lab7_1_workspace/mb_usb_hdmi_top/export/mb_usb_hdmi_top/hw/mb_usb_hdmi_top.xsa -regs
configparams mdm-detect-bscan-mask 2
targets -set -nocase -filter {name =~ "*microblaze*#0" && bscan=="USER2" }
rst -system
after 3000
targets -set -nocase -filter {name =~ "*microblaze*#0" && bscan=="USER2" }
dow C:/Users/curti/OneDrive/Documents/UIUC/ECE-385/Vivado_Projects/lab7_2/lab7_2_workspace/mb_lab_7_1/Debug/mb_lab_7_1.elf
----------------End of Script----------------

23:39:05 INFO  : Context for processor 'microblaze_0' is selected.
23:39:05 INFO  : 'con' command is executed.
23:39:05 INFO  : ----------------XSDB Script (After Launch)----------------
targets -set -nocase -filter {name =~ "*microblaze*#0" && bscan=="USER2" }
con
----------------End of Script----------------

23:39:05 INFO  : Disconnected from the channel tcfchan#4.
23:40:27 INFO  : Connected to target on host '127.0.0.1' and port '3121'.
23:40:28 INFO  : Jtag cable 'RealDigital Boo 887100000006A' is selected.
23:40:28 INFO  : 'jtag frequency' command is executed.
23:40:28 INFO  : 'targets -set -filter {jtag_cable_name =~ "RealDigital Boo 887100000006A" && level==0 && jtag_device_ctx=="jsn1-0362f093-0"}' command is executed.
23:40:29 INFO  : Device configured successfully with "C:/Users/curti/OneDrive/Documents/UIUC/ECE-385/Vivado_Projects/lab7_2/lab7_2_workspace/mb_lab_7_1/_ide/bitstream/mb_usb_hdmi_top.bit"
23:40:29 INFO  : Context for processor 'microblaze_0' is selected.
23:40:29 INFO  : Hardware design and registers information is loaded from 'C:/Users/curti/OneDrive/Documents/UIUC/ECE-385/Vivado_Projects/lab7_1/lab7_1_workspace/mb_usb_hdmi_top/export/mb_usb_hdmi_top/hw/mb_usb_hdmi_top.xsa'.
23:40:29 INFO  : 'configparams mdm-detect-bscan-mask 2' command is executed.
23:40:29 INFO  : Context for processor 'microblaze_0' is selected.
23:40:29 INFO  : System reset is completed.
23:40:32 INFO  : 'after 3000' command is executed.
23:40:32 INFO  : Context for processor 'microblaze_0' is selected.
23:40:33 INFO  : The application 'C:/Users/curti/OneDrive/Documents/UIUC/ECE-385/Vivado_Projects/lab7_2/lab7_2_workspace/mb_lab_7_1/Debug/mb_lab_7_1.elf' is downloaded to processor 'microblaze_0'.
23:40:33 INFO  : ----------------XSDB Script----------------
connect -url tcp:127.0.0.1:3121
targets -set -filter {jtag_cable_name =~ "RealDigital Boo 887100000006A" && level==0 && jtag_device_ctx=="jsn1-0362f093-0"}
fpga -file C:/Users/curti/OneDrive/Documents/UIUC/ECE-385/Vivado_Projects/lab7_2/lab7_2_workspace/mb_lab_7_1/_ide/bitstream/mb_usb_hdmi_top.bit
targets -set -nocase -filter {name =~ "*microblaze*#0" && bscan=="USER2" }
loadhw -hw C:/Users/curti/OneDrive/Documents/UIUC/ECE-385/Vivado_Projects/lab7_1/lab7_1_workspace/mb_usb_hdmi_top/export/mb_usb_hdmi_top/hw/mb_usb_hdmi_top.xsa -regs
configparams mdm-detect-bscan-mask 2
targets -set -nocase -filter {name =~ "*microblaze*#0" && bscan=="USER2" }
rst -system
after 3000
targets -set -nocase -filter {name =~ "*microblaze*#0" && bscan=="USER2" }
dow C:/Users/curti/OneDrive/Documents/UIUC/ECE-385/Vivado_Projects/lab7_2/lab7_2_workspace/mb_lab_7_1/Debug/mb_lab_7_1.elf
----------------End of Script----------------

23:40:33 INFO  : Context for processor 'microblaze_0' is selected.
23:40:33 INFO  : 'con' command is executed.
23:40:33 INFO  : ----------------XSDB Script (After Launch)----------------
targets -set -nocase -filter {name =~ "*microblaze*#0" && bscan=="USER2" }
con
----------------End of Script----------------

23:40:33 INFO  : Disconnected from the channel tcfchan#5.
