TRACE::2024-10-24.19:34:22::SCWPlatform::Trying to open the hw design at C:/Users/curti/OneDrive/Documents/UIUC/ECE-385/Vivado_Projects/lab_6_2/workspace/mb_usb_hdmi_top/hw/mb_usb_hdmi_top.xsa
TRACE::2024-10-24.19:34:22::SCWPlatform::DSA given C:/Users/curti/OneDrive/Documents/UIUC/ECE-385/Vivado_Projects/lab_6_2/workspace/mb_usb_hdmi_top/hw/mb_usb_hdmi_top.xsa
TRACE::2024-10-24.19:34:22::SCWPlatform::DSA absoulate path C:/Users/curti/OneDrive/Documents/UIUC/ECE-385/Vivado_Projects/lab_6_2/workspace/mb_usb_hdmi_top/hw/mb_usb_hdmi_top.xsa
TRACE::2024-10-24.19:34:22::SCWPlatform::DSA directory C:/Users/curti/OneDrive/Documents/UIUC/ECE-385/Vivado_Projects/lab_6_2/workspace/mb_usb_hdmi_top/hw
TRACE::2024-10-24.19:34:22::SCWPlatform:: Platform Path C:/Users/curti/OneDrive/Documents/UIUC/ECE-385/Vivado_Projects/lab_6_2/workspace/mb_usb_hdmi_top/hw/mb_usb_hdmi_top.xsa
TRACE::2024-10-24.19:34:22::SCWPlatform:: Unique name xilinx:::0.0
TRACE::2024-10-24.19:34:22::SCWPlatform::Do not have an existing db opened. 
TRACE::2024-10-24.19:34:22::SCWPlatform::Opened new HwDB with name mb_usb_hdmi_top_0
TRACE::2024-10-24.19:34:22::SCWWriter::formatted JSON is {
	"platformName":	"mb_usb_hdmi_top",
	"sprVersion":	"2.0",
	"mode":	"gui",
	"dsaType":	"Fixed",
	"platformDesc":	"mb_usb_hdmi_top",
	"platHandOff":	"C:/Users/curti/OneDrive/Documents/UIUC/ECE-385/Vivado_Projects/lab_6_2/mb_usb_hdmi_top.xsa",
	"platIntHandOff":	"<platformDir>/hw/mb_usb_hdmi_top.xsa",
	"deviceType":	"FPGA",
	"platIsPrebuiltAutogen":	"false",
	"platIsNoBootBsp":	"false",
	"hasFsblMakeHasChanges":	"false",
	"hasPmufwMakeHasChanges":	"false",
	"platPreBuiltFlag":	false,
	"platformSamplesDir":	""
}
TRACE::2024-10-24.19:34:22::SCWWriter::formatted JSON is {
	"platformName":	"mb_usb_hdmi_top",
	"sprVersion":	"2.0",
	"mode":	"gui",
	"dsaType":	"Fixed",
	"platformDesc":	"mb_usb_hdmi_top",
	"platHandOff":	"C:/Users/curti/OneDrive/Documents/UIUC/ECE-385/Vivado_Projects/lab_6_2/mb_usb_hdmi_top.xsa",
	"platIntHandOff":	"<platformDir>/hw/mb_usb_hdmi_top.xsa",
	"deviceType":	"FPGA",
	"platIsPrebuiltAutogen":	"false",
	"platIsNoBootBsp":	"false",
	"hasFsblMakeHasChanges":	"false",
	"hasPmufwMakeHasChanges":	"false",
	"platPreBuiltFlag":	false,
	"platformSamplesDir":	"",
	"platActiveSys":	"mb_usb_hdmi_top",
	"systems":	[{
			"systemName":	"mb_usb_hdmi_top",
			"systemDesc":	"mb_usb_hdmi_top",
			"sysIsBootAutoGen":	"true",
			"systemDispName":	"mb_usb_hdmi_top"
		}]
}
TRACE::2024-10-24.19:34:22::SCWPlatform::Boot application domains not present, creating them
TRACE::2024-10-24.19:34:22::SCWPlatform::Pure FPGA device, no boot application will be created.
TRACE::2024-10-24.19:34:22::SCWWriter::formatted JSON is {
	"platformName":	"mb_usb_hdmi_top",
	"sprVersion":	"2.0",
	"mode":	"gui",
	"dsaType":	"Fixed",
	"platformDesc":	"mb_usb_hdmi_top",
	"platHandOff":	"C:/Users/curti/OneDrive/Documents/UIUC/ECE-385/Vivado_Projects/lab_6_2/mb_usb_hdmi_top.xsa",
	"platIntHandOff":	"<platformDir>/hw/mb_usb_hdmi_top.xsa",
	"deviceType":	"FPGA",
	"platIsPrebuiltAutogen":	"false",
	"platIsNoBootBsp":	"false",
	"hasFsblMakeHasChanges":	"false",
	"hasPmufwMakeHasChanges":	"false",
	"platPreBuiltFlag":	false,
	"platformSamplesDir":	"",
	"platActiveSys":	"mb_usb_hdmi_top",
	"systems":	[{
			"systemName":	"mb_usb_hdmi_top",
			"systemDesc":	"mb_usb_hdmi_top",
			"sysIsBootAutoGen":	"true",
			"systemDispName":	"mb_usb_hdmi_top"
		}]
}
TRACE::2024-10-24.19:34:22::SCWWriter::formatted JSON is {
	"platformName":	"mb_usb_hdmi_top",
	"sprVersion":	"2.0",
	"mode":	"gui",
	"dsaType":	"Fixed",
	"platformDesc":	"mb_usb_hdmi_top",
	"platHandOff":	"C:/Users/curti/OneDrive/Documents/UIUC/ECE-385/Vivado_Projects/lab_6_2/mb_usb_hdmi_top.xsa",
	"platIntHandOff":	"<platformDir>/hw/mb_usb_hdmi_top.xsa",
	"deviceType":	"FPGA",
	"platIsPrebuiltAutogen":	"false",
	"platIsNoBootBsp":	"false",
	"hasFsblMakeHasChanges":	"false",
	"hasPmufwMakeHasChanges":	"false",
	"platPreBuiltFlag":	false,
	"platformSamplesDir":	"",
	"platActiveSys":	"mb_usb_hdmi_top",
	"systems":	[{
			"systemName":	"mb_usb_hdmi_top",
			"systemDesc":	"mb_usb_hdmi_top",
			"sysIsBootAutoGen":	"true",
			"systemDispName":	"mb_usb_hdmi_top"
		}]
}
TRACE::2024-10-24.19:34:22::SCWPlatform::Trying to open the hw design at C:/Users/curti/OneDrive/Documents/UIUC/ECE-385/Vivado_Projects/lab_6_2/workspace/mb_usb_hdmi_top/hw/mb_usb_hdmi_top.xsa
TRACE::2024-10-24.19:34:22::SCWPlatform::DSA given C:/Users/curti/OneDrive/Documents/UIUC/ECE-385/Vivado_Projects/lab_6_2/workspace/mb_usb_hdmi_top/hw/mb_usb_hdmi_top.xsa
TRACE::2024-10-24.19:34:22::SCWPlatform::DSA absoulate path C:/Users/curti/OneDrive/Documents/UIUC/ECE-385/Vivado_Projects/lab_6_2/workspace/mb_usb_hdmi_top/hw/mb_usb_hdmi_top.xsa
TRACE::2024-10-24.19:34:22::SCWPlatform::DSA directory C:/Users/curti/OneDrive/Documents/UIUC/ECE-385/Vivado_Projects/lab_6_2/workspace/mb_usb_hdmi_top/hw
TRACE::2024-10-24.19:34:22::SCWPlatform:: Platform Path C:/Users/curti/OneDrive/Documents/UIUC/ECE-385/Vivado_Projects/lab_6_2/workspace/mb_usb_hdmi_top/hw/mb_usb_hdmi_top.xsa
TRACE::2024-10-24.19:34:22::SCWPlatform:: Unique name xilinx:::0.0
TRACE::2024-10-24.19:34:22::SCWPlatform::Trying to set the existing hwdb with name mb_usb_hdmi_top_0
TRACE::2024-10-24.19:34:22::SCWPlatform::Opened existing hwdb mb_usb_hdmi_top_0
TRACE::2024-10-24.19:34:22::SCWPlatform::Found the Hw Db part of the input DSA
TRACE::2024-10-24.19:34:23::SCWPlatform::Trying to open the hw design at C:/Users/curti/OneDrive/Documents/UIUC/ECE-385/Vivado_Projects/lab_6_2/workspace/mb_usb_hdmi_top/hw/mb_usb_hdmi_top.xsa
TRACE::2024-10-24.19:34:23::SCWPlatform::DSA given C:/Users/curti/OneDrive/Documents/UIUC/ECE-385/Vivado_Projects/lab_6_2/workspace/mb_usb_hdmi_top/hw/mb_usb_hdmi_top.xsa
TRACE::2024-10-24.19:34:23::SCWPlatform::DSA absoulate path C:/Users/curti/OneDrive/Documents/UIUC/ECE-385/Vivado_Projects/lab_6_2/workspace/mb_usb_hdmi_top/hw/mb_usb_hdmi_top.xsa
TRACE::2024-10-24.19:34:23::SCWPlatform::DSA directory C:/Users/curti/OneDrive/Documents/UIUC/ECE-385/Vivado_Projects/lab_6_2/workspace/mb_usb_hdmi_top/hw
TRACE::2024-10-24.19:34:23::SCWPlatform:: Platform Path C:/Users/curti/OneDrive/Documents/UIUC/ECE-385/Vivado_Projects/lab_6_2/workspace/mb_usb_hdmi_top/hw/mb_usb_hdmi_top.xsa
TRACE::2024-10-24.19:34:23::SCWPlatform:: Unique name xilinx:::0.0
TRACE::2024-10-24.19:34:23::SCWPlatform::Trying to set the existing hwdb with name mb_usb_hdmi_top_0
TRACE::2024-10-24.19:34:23::SCWPlatform::Opened existing hwdb mb_usb_hdmi_top_0
TRACE::2024-10-24.19:34:23::SCWPlatform::Found the Hw Db part of the input DSA
TRACE::2024-10-24.19:34:23::SCWDomain::checking for install qemu data   : 
TRACE::2024-10-24.19:34:23::SCWPlatform::Trying to open the hw design at C:/Users/curti/OneDrive/Documents/UIUC/ECE-385/Vivado_Projects/lab_6_2/workspace/mb_usb_hdmi_top/hw/mb_usb_hdmi_top.xsa
TRACE::2024-10-24.19:34:23::SCWPlatform::DSA given C:/Users/curti/OneDrive/Documents/UIUC/ECE-385/Vivado_Projects/lab_6_2/workspace/mb_usb_hdmi_top/hw/mb_usb_hdmi_top.xsa
TRACE::2024-10-24.19:34:23::SCWPlatform::DSA absoulate path C:/Users/curti/OneDrive/Documents/UIUC/ECE-385/Vivado_Projects/lab_6_2/workspace/mb_usb_hdmi_top/hw/mb_usb_hdmi_top.xsa
TRACE::2024-10-24.19:34:23::SCWPlatform::DSA directory C:/Users/curti/OneDrive/Documents/UIUC/ECE-385/Vivado_Projects/lab_6_2/workspace/mb_usb_hdmi_top/hw
TRACE::2024-10-24.19:34:23::SCWPlatform:: Platform Path C:/Users/curti/OneDrive/Documents/UIUC/ECE-385/Vivado_Projects/lab_6_2/workspace/mb_usb_hdmi_top/hw/mb_usb_hdmi_top.xsa
TRACE::2024-10-24.19:34:23::SCWPlatform:: Unique name xilinx:::0.0
TRACE::2024-10-24.19:34:23::SCWPlatform::Trying to set the existing hwdb with name mb_usb_hdmi_top_0
TRACE::2024-10-24.19:34:23::SCWPlatform::Opened existing hwdb mb_usb_hdmi_top_0
TRACE::2024-10-24.19:34:23::SCWPlatform::Found the Hw Db part of the input DSA
TRACE::2024-10-24.19:34:23::SCWPlatform::Trying to open the hw design at C:/Users/curti/OneDrive/Documents/UIUC/ECE-385/Vivado_Projects/lab_6_2/workspace/mb_usb_hdmi_top/hw/mb_usb_hdmi_top.xsa
TRACE::2024-10-24.19:34:23::SCWPlatform::DSA given C:/Users/curti/OneDrive/Documents/UIUC/ECE-385/Vivado_Projects/lab_6_2/workspace/mb_usb_hdmi_top/hw/mb_usb_hdmi_top.xsa
TRACE::2024-10-24.19:34:23::SCWPlatform::DSA absoulate path C:/Users/curti/OneDrive/Documents/UIUC/ECE-385/Vivado_Projects/lab_6_2/workspace/mb_usb_hdmi_top/hw/mb_usb_hdmi_top.xsa
TRACE::2024-10-24.19:34:23::SCWPlatform::DSA directory C:/Users/curti/OneDrive/Documents/UIUC/ECE-385/Vivado_Projects/lab_6_2/workspace/mb_usb_hdmi_top/hw
TRACE::2024-10-24.19:34:23::SCWPlatform:: Platform Path C:/Users/curti/OneDrive/Documents/UIUC/ECE-385/Vivado_Projects/lab_6_2/workspace/mb_usb_hdmi_top/hw/mb_usb_hdmi_top.xsa
TRACE::2024-10-24.19:34:23::SCWPlatform:: Unique name xilinx:::0.0
TRACE::2024-10-24.19:34:23::SCWPlatform::Trying to set the existing hwdb with name mb_usb_hdmi_top_0
TRACE::2024-10-24.19:34:23::SCWPlatform::Opened existing hwdb mb_usb_hdmi_top_0
TRACE::2024-10-24.19:34:23::SCWPlatform::Found the Hw Db part of the input DSA
TRACE::2024-10-24.19:34:23::SCWPlatform::Trying to open the hw design at C:/Users/curti/OneDrive/Documents/UIUC/ECE-385/Vivado_Projects/lab_6_2/workspace/mb_usb_hdmi_top/hw/mb_usb_hdmi_top.xsa
TRACE::2024-10-24.19:34:23::SCWPlatform::DSA given C:/Users/curti/OneDrive/Documents/UIUC/ECE-385/Vivado_Projects/lab_6_2/workspace/mb_usb_hdmi_top/hw/mb_usb_hdmi_top.xsa
TRACE::2024-10-24.19:34:23::SCWPlatform::DSA absoulate path C:/Users/curti/OneDrive/Documents/UIUC/ECE-385/Vivado_Projects/lab_6_2/workspace/mb_usb_hdmi_top/hw/mb_usb_hdmi_top.xsa
TRACE::2024-10-24.19:34:23::SCWPlatform::DSA directory C:/Users/curti/OneDrive/Documents/UIUC/ECE-385/Vivado_Projects/lab_6_2/workspace/mb_usb_hdmi_top/hw
TRACE::2024-10-24.19:34:23::SCWPlatform:: Platform Path C:/Users/curti/OneDrive/Documents/UIUC/ECE-385/Vivado_Projects/lab_6_2/workspace/mb_usb_hdmi_top/hw/mb_usb_hdmi_top.xsa
TRACE::2024-10-24.19:34:23::SCWPlatform:: Unique name xilinx:::0.0
TRACE::2024-10-24.19:34:23::SCWPlatform::Trying to set the existing hwdb with name mb_usb_hdmi_top_0
TRACE::2024-10-24.19:34:23::SCWPlatform::Opened existing hwdb mb_usb_hdmi_top_0
TRACE::2024-10-24.19:34:23::SCWPlatform::Found the Hw Db part of the input DSA
TRACE::2024-10-24.19:34:23::SCWMssOS::Checking the sw design at  C:/Users/curti/OneDrive/Documents/UIUC/ECE-385/Vivado_Projects/lab_6_2/workspace/mb_usb_hdmi_top/microblaze_0/standalone_microblaze_0/bsp/system.mss
TRACE::2024-10-24.19:34:23::SCWMssOS::DEBUG:  swdes dump  
TRACE::2024-10-24.19:34:23::SCWMssOS::No sw design opened at  C:/Users/curti/OneDrive/Documents/UIUC/ECE-385/Vivado_Projects/lab_6_2/workspace/mb_usb_hdmi_top/microblaze_0/standalone_microblaze_0/bsp/system.mss
TRACE::2024-10-24.19:34:23::SCWMssOS::mss does not exists at C:/Users/curti/OneDrive/Documents/UIUC/ECE-385/Vivado_Projects/lab_6_2/workspace/mb_usb_hdmi_top/microblaze_0/standalone_microblaze_0/bsp/system.mss
TRACE::2024-10-24.19:34:23::SCWMssOS::Creating sw design at  C:/Users/curti/OneDrive/Documents/UIUC/ECE-385/Vivado_Projects/lab_6_2/workspace/mb_usb_hdmi_top/microblaze_0/standalone_microblaze_0/bsp/system.mss
TRACE::2024-10-24.19:34:23::SCWMssOS::Adding the swdes entry, created swdb C:/Users/curti/OneDrive/Documents/UIUC/ECE-385/Vivado_Projects/lab_6_2/workspace/mb_usb_hdmi_top/microblaze_0/standalone_microblaze_0/bsp/system.mss with des name C:/Users/curti/OneDrive/Documents/UIUC/ECE-385/Vivado_Projects/lab_6_2/workspace/mb_usb_hdmi_top/microblaze_0/standalone_microblaze_0/bsp/system.mss
TRACE::2024-10-24.19:34:23::SCWMssOS::updating the scw layer changes to swdes at   C:/Users/curti/OneDrive/Documents/UIUC/ECE-385/Vivado_Projects/lab_6_2/workspace/mb_usb_hdmi_top/microblaze_0/standalone_microblaze_0/bsp/system.mss
TRACE::2024-10-24.19:34:23::SCWMssOS::Writing mss at C:/Users/curti/OneDrive/Documents/UIUC/ECE-385/Vivado_Projects/lab_6_2/workspace/mb_usb_hdmi_top/microblaze_0/standalone_microblaze_0/bsp/system.mss
TRACE::2024-10-24.19:34:23::SCWMssOS::Completed writing the mss file at C:/Users/curti/OneDrive/Documents/UIUC/ECE-385/Vivado_Projects/lab_6_2/workspace/mb_usb_hdmi_top/microblaze_0/standalone_microblaze_0/bsp
TRACE::2024-10-24.19:34:23::SCWMssOS::Picking up changes from newly written mss file into SCW Layer. 
TRACE::2024-10-24.19:34:23::SCWMssOS::Updated the changes from newly written mss file into SCW Layer. 
TRACE::2024-10-24.19:34:23::SCWMssOS::Completed writing the mss file at C:/Users/curti/OneDrive/Documents/UIUC/ECE-385/Vivado_Projects/lab_6_2/workspace/mb_usb_hdmi_top/microblaze_0/standalone_microblaze_0/bsp
TRACE::2024-10-24.19:34:23::SCWMssOS::Forcing BSP Sources regeneration.
TRACE::2024-10-24.19:34:25::SCWMssOS::Saving the mss changes C:/Users/curti/OneDrive/Documents/UIUC/ECE-385/Vivado_Projects/lab_6_2/workspace/mb_usb_hdmi_top/microblaze_0/standalone_microblaze_0/bsp/system.mss
TRACE::2024-10-24.19:34:25::SCWMssOS::Adding the swdes entry, mss present, able to open swdb C:/Users/curti/OneDrive/Documents/UIUC/ECE-385/Vivado_Projects/lab_6_2/workspace/mb_usb_hdmi_top/microblaze_0/standalone_microblaze_0/bsp/system.mss with des name system
TRACE::2024-10-24.19:34:25::SCWMssOS::Writing the mss file completed C:/Users/curti/OneDrive/Documents/UIUC/ECE-385/Vivado_Projects/lab_6_2/workspace/mb_usb_hdmi_top/microblaze_0/standalone_microblaze_0/bsp/system.mss
TRACE::2024-10-24.19:34:25::SCWMssOS::Commit changes completed.
TRACE::2024-10-24.19:34:25::SCWPlatform::Trying to open the hw design at C:/Users/curti/OneDrive/Documents/UIUC/ECE-385/Vivado_Projects/lab_6_2/workspace/mb_usb_hdmi_top/hw/mb_usb_hdmi_top.xsa
TRACE::2024-10-24.19:34:25::SCWPlatform::DSA given C:/Users/curti/OneDrive/Documents/UIUC/ECE-385/Vivado_Projects/lab_6_2/workspace/mb_usb_hdmi_top/hw/mb_usb_hdmi_top.xsa
TRACE::2024-10-24.19:34:25::SCWPlatform::DSA absoulate path C:/Users/curti/OneDrive/Documents/UIUC/ECE-385/Vivado_Projects/lab_6_2/workspace/mb_usb_hdmi_top/hw/mb_usb_hdmi_top.xsa
TRACE::2024-10-24.19:34:25::SCWPlatform::DSA directory C:/Users/curti/OneDrive/Documents/UIUC/ECE-385/Vivado_Projects/lab_6_2/workspace/mb_usb_hdmi_top/hw
TRACE::2024-10-24.19:34:25::SCWPlatform:: Platform Path C:/Users/curti/OneDrive/Documents/UIUC/ECE-385/Vivado_Projects/lab_6_2/workspace/mb_usb_hdmi_top/hw/mb_usb_hdmi_top.xsa
TRACE::2024-10-24.19:34:25::SCWPlatform:: Unique name xilinx:::0.0
TRACE::2024-10-24.19:34:25::SCWPlatform::Trying to set the existing hwdb with name mb_usb_hdmi_top_0
TRACE::2024-10-24.19:34:25::SCWPlatform::Opened existing hwdb mb_usb_hdmi_top_0
TRACE::2024-10-24.19:34:25::SCWPlatform::Found the Hw Db part of the input DSA
TRACE::2024-10-24.19:34:25::SCWMssOS::Checking the sw design at  C:/Users/curti/OneDrive/Documents/UIUC/ECE-385/Vivado_Projects/lab_6_2/workspace/mb_usb_hdmi_top/microblaze_0/standalone_microblaze_0/bsp/system.mss
TRACE::2024-10-24.19:34:25::SCWMssOS::DEBUG:  swdes dump  C:/Users/curti/OneDrive/Documents/UIUC/ECE-385/Vivado_Projects/lab_6_2/workspace/mb_usb_hdmi_top/microblaze_0/standalone_microblaze_0/bsp/system.mss|system||

TRACE::2024-10-24.19:34:25::SCWMssOS::Sw design exists and opened at  C:/Users/curti/OneDrive/Documents/UIUC/ECE-385/Vivado_Projects/lab_6_2/workspace/mb_usb_hdmi_top/microblaze_0/standalone_microblaze_0/bsp/system.mss
TRACE::2024-10-24.19:34:25::SCWPlatform::Trying to open the hw design at C:/Users/curti/OneDrive/Documents/UIUC/ECE-385/Vivado_Projects/lab_6_2/workspace/mb_usb_hdmi_top/hw/mb_usb_hdmi_top.xsa
TRACE::2024-10-24.19:34:25::SCWPlatform::DSA given C:/Users/curti/OneDrive/Documents/UIUC/ECE-385/Vivado_Projects/lab_6_2/workspace/mb_usb_hdmi_top/hw/mb_usb_hdmi_top.xsa
TRACE::2024-10-24.19:34:25::SCWPlatform::DSA absoulate path C:/Users/curti/OneDrive/Documents/UIUC/ECE-385/Vivado_Projects/lab_6_2/workspace/mb_usb_hdmi_top/hw/mb_usb_hdmi_top.xsa
TRACE::2024-10-24.19:34:25::SCWPlatform::DSA directory C:/Users/curti/OneDrive/Documents/UIUC/ECE-385/Vivado_Projects/lab_6_2/workspace/mb_usb_hdmi_top/hw
TRACE::2024-10-24.19:34:25::SCWPlatform:: Platform Path C:/Users/curti/OneDrive/Documents/UIUC/ECE-385/Vivado_Projects/lab_6_2/workspace/mb_usb_hdmi_top/hw/mb_usb_hdmi_top.xsa
TRACE::2024-10-24.19:34:25::SCWPlatform:: Unique name xilinx:::0.0
TRACE::2024-10-24.19:34:25::SCWPlatform::Trying to set the existing hwdb with name mb_usb_hdmi_top_0
TRACE::2024-10-24.19:34:25::SCWPlatform::Opened existing hwdb mb_usb_hdmi_top_0
TRACE::2024-10-24.19:34:25::SCWPlatform::Found the Hw Db part of the input DSA
TRACE::2024-10-24.19:34:25::SCWMssOS::Checking the sw design at  C:/Users/curti/OneDrive/Documents/UIUC/ECE-385/Vivado_Projects/lab_6_2/workspace/mb_usb_hdmi_top/microblaze_0/standalone_microblaze_0/bsp/system.mss
TRACE::2024-10-24.19:34:25::SCWMssOS::DEBUG:  swdes dump  C:/Users/curti/OneDrive/Documents/UIUC/ECE-385/Vivado_Projects/lab_6_2/workspace/mb_usb_hdmi_top/microblaze_0/standalone_microblaze_0/bsp/system.mss|system||

TRACE::2024-10-24.19:34:25::SCWMssOS::Sw design exists and opened at  C:/Users/curti/OneDrive/Documents/UIUC/ECE-385/Vivado_Projects/lab_6_2/workspace/mb_usb_hdmi_top/microblaze_0/standalone_microblaze_0/bsp/system.mss
TRACE::2024-10-24.19:34:25::SCWPlatform::Trying to open the hw design at C:/Users/curti/OneDrive/Documents/UIUC/ECE-385/Vivado_Projects/lab_6_2/workspace/mb_usb_hdmi_top/hw/mb_usb_hdmi_top.xsa
TRACE::2024-10-24.19:34:25::SCWPlatform::DSA given C:/Users/curti/OneDrive/Documents/UIUC/ECE-385/Vivado_Projects/lab_6_2/workspace/mb_usb_hdmi_top/hw/mb_usb_hdmi_top.xsa
TRACE::2024-10-24.19:34:25::SCWPlatform::DSA absoulate path C:/Users/curti/OneDrive/Documents/UIUC/ECE-385/Vivado_Projects/lab_6_2/workspace/mb_usb_hdmi_top/hw/mb_usb_hdmi_top.xsa
TRACE::2024-10-24.19:34:25::SCWPlatform::DSA directory C:/Users/curti/OneDrive/Documents/UIUC/ECE-385/Vivado_Projects/lab_6_2/workspace/mb_usb_hdmi_top/hw
TRACE::2024-10-24.19:34:25::SCWPlatform:: Platform Path C:/Users/curti/OneDrive/Documents/UIUC/ECE-385/Vivado_Projects/lab_6_2/workspace/mb_usb_hdmi_top/hw/mb_usb_hdmi_top.xsa
TRACE::2024-10-24.19:34:25::SCWPlatform:: Unique name xilinx:::0.0
TRACE::2024-10-24.19:34:25::SCWPlatform::Trying to set the existing hwdb with name mb_usb_hdmi_top_0
TRACE::2024-10-24.19:34:25::SCWPlatform::Opened existing hwdb mb_usb_hdmi_top_0
TRACE::2024-10-24.19:34:25::SCWPlatform::Found the Hw Db part of the input DSA
TRACE::2024-10-24.19:34:25::SCWMssOS::Checking the sw design at  C:/Users/curti/OneDrive/Documents/UIUC/ECE-385/Vivado_Projects/lab_6_2/workspace/mb_usb_hdmi_top/microblaze_0/standalone_microblaze_0/bsp/system.mss
TRACE::2024-10-24.19:34:25::SCWMssOS::DEBUG:  swdes dump  C:/Users/curti/OneDrive/Documents/UIUC/ECE-385/Vivado_Projects/lab_6_2/workspace/mb_usb_hdmi_top/microblaze_0/standalone_microblaze_0/bsp/system.mss|system||

TRACE::2024-10-24.19:34:25::SCWMssOS::Sw design exists and opened at  C:/Users/curti/OneDrive/Documents/UIUC/ECE-385/Vivado_Projects/lab_6_2/workspace/mb_usb_hdmi_top/microblaze_0/standalone_microblaze_0/bsp/system.mss
TRACE::2024-10-24.19:34:25::SCWWriter::formatted JSON is {
	"platformName":	"mb_usb_hdmi_top",
	"sprVersion":	"2.0",
	"mode":	"gui",
	"dsaType":	"Fixed",
	"platformDesc":	"mb_usb_hdmi_top",
	"platHandOff":	"C:/Users/curti/OneDrive/Documents/UIUC/ECE-385/Vivado_Projects/lab_6_2/mb_usb_hdmi_top.xsa",
	"platIntHandOff":	"<platformDir>/hw/mb_usb_hdmi_top.xsa",
	"deviceType":	"FPGA",
	"platIsPrebuiltAutogen":	"false",
	"platIsNoBootBsp":	"false",
	"hasFsblMakeHasChanges":	"false",
	"hasPmufwMakeHasChanges":	"false",
	"platPreBuiltFlag":	false,
	"platformSamplesDir":	"",
	"platActiveSys":	"mb_usb_hdmi_top",
	"systems":	[{
			"systemName":	"mb_usb_hdmi_top",
			"systemDesc":	"mb_usb_hdmi_top",
			"sysIsBootAutoGen":	"true",
			"systemDispName":	"mb_usb_hdmi_top",
			"sysActiveDom":	"standalone_microblaze_0",
			"sysDefaultDom":	"standalone_microblaze_0",
			"domains":	[{
					"domainName":	"standalone_microblaze_0",
					"domainDispName":	"standalone_microblaze_0",
					"domainDesc":	"standalone_microblaze_0",
					"processors":	"microblaze_0",
					"os":	"standalone",
					"sdxOs":	"standalone",
					"debugEnable":	"False",
					"domRuntimes":	["cpp"],
					"swRepo":	"",
					"mssOsVer":	"8.0",
					"mssFile":	"",
					"md5Digest":	"304529987e879521ca977c68d163f362",
					"compatibleApp":	"hello_world",
					"domType":	"mssDomain",
					"arch":	"32-bit",
					"appSettings":	{
						"appCompilerFlags":	"",
						"appLinkerFlags":	""
					},
					"addedLibs":	[],
					"libOptions":	{
						"libsContainingOptions":	[]
					},
					"prebuiltLibs":	{
						"prebuiltIncPath":	[],
						"prebuiltLibPath":	[]
					},
					"isolation":	{
					}
				}]
		}]
}
LOG::2024-10-24.19:34:25::SCWPlatform::Started generating the artifacts platform mb_usb_hdmi_top
TRACE::2024-10-24.19:34:25::SCWPlatform::Sanity checking of platform is completed
LOG::2024-10-24.19:34:25::SCWPlatform::Started generating the artifacts for system configuration mb_usb_hdmi_top
LOG::2024-10-24.19:34:25::SCWSystem::Checking the domain standalone_microblaze_0
LOG::2024-10-24.19:34:25::SCWSystem::Not a boot domain 
LOG::2024-10-24.19:34:25::SCWSystem::Started Processing the domain standalone_microblaze_0
TRACE::2024-10-24.19:34:25::SCWDomain::Generating domain artifcats
TRACE::2024-10-24.19:34:25::SCWMssOS::Generating standalone artifcats
TRACE::2024-10-24.19:34:25::SCWMssOS:: Copying the user libraries. 
TRACE::2024-10-24.19:34:25::SCWPlatform::Trying to open the hw design at C:/Users/curti/OneDrive/Documents/UIUC/ECE-385/Vivado_Projects/lab_6_2/workspace/mb_usb_hdmi_top/hw/mb_usb_hdmi_top.xsa
TRACE::2024-10-24.19:34:25::SCWPlatform::DSA given C:/Users/curti/OneDrive/Documents/UIUC/ECE-385/Vivado_Projects/lab_6_2/workspace/mb_usb_hdmi_top/hw/mb_usb_hdmi_top.xsa
TRACE::2024-10-24.19:34:25::SCWPlatform::DSA absoulate path C:/Users/curti/OneDrive/Documents/UIUC/ECE-385/Vivado_Projects/lab_6_2/workspace/mb_usb_hdmi_top/hw/mb_usb_hdmi_top.xsa
TRACE::2024-10-24.19:34:25::SCWPlatform::DSA directory C:/Users/curti/OneDrive/Documents/UIUC/ECE-385/Vivado_Projects/lab_6_2/workspace/mb_usb_hdmi_top/hw
TRACE::2024-10-24.19:34:25::SCWPlatform:: Platform Path C:/Users/curti/OneDrive/Documents/UIUC/ECE-385/Vivado_Projects/lab_6_2/workspace/mb_usb_hdmi_top/hw/mb_usb_hdmi_top.xsa
TRACE::2024-10-24.19:34:25::SCWPlatform:: Unique name xilinx:::0.0
TRACE::2024-10-24.19:34:25::SCWPlatform::Trying to set the existing hwdb with name mb_usb_hdmi_top_0
TRACE::2024-10-24.19:34:25::SCWPlatform::Opened existing hwdb mb_usb_hdmi_top_0
TRACE::2024-10-24.19:34:25::SCWPlatform::Found the Hw Db part of the input DSA
TRACE::2024-10-24.19:34:25::SCWMssOS::Checking the sw design at  C:/Users/curti/OneDrive/Documents/UIUC/ECE-385/Vivado_Projects/lab_6_2/workspace/mb_usb_hdmi_top/microblaze_0/standalone_microblaze_0/bsp/system.mss
TRACE::2024-10-24.19:34:25::SCWMssOS::DEBUG:  swdes dump  C:/Users/curti/OneDrive/Documents/UIUC/ECE-385/Vivado_Projects/lab_6_2/workspace/mb_usb_hdmi_top/microblaze_0/standalone_microblaze_0/bsp/system.mss|system||

TRACE::2024-10-24.19:34:25::SCWMssOS::Sw design exists and opened at  C:/Users/curti/OneDrive/Documents/UIUC/ECE-385/Vivado_Projects/lab_6_2/workspace/mb_usb_hdmi_top/microblaze_0/standalone_microblaze_0/bsp/system.mss
TRACE::2024-10-24.19:34:25::SCWMssOS::Completed writing the mss file at C:/Users/curti/OneDrive/Documents/UIUC/ECE-385/Vivado_Projects/lab_6_2/workspace/mb_usb_hdmi_top/microblaze_0/standalone_microblaze_0/bsp
TRACE::2024-10-24.19:34:25::SCWMssOS::Mss edits present, copying mssfile into export location C:/Users/curti/OneDrive/Documents/UIUC/ECE-385/Vivado_Projects/lab_6_2/workspace/mb_usb_hdmi_top/microblaze_0/standalone_microblaze_0/bsp/system.mss
TRACE::2024-10-24.19:34:25::SCWMssOS::bsp generated is upto date with the mss file. Skipping bsp generation.
TRACE::2024-10-24.19:34:25::SCWMssOS::BSP is already built. skipping the bsp build ... 
TRACE::2024-10-24.19:34:25::SCWDomain::Skipping the build for domain :  standalone_microblaze_0
TRACE::2024-10-24.19:34:25::SCWMssOS::skipping the bsp build ... 
TRACE::2024-10-24.19:34:25::SCWMssOS::Copying to export directory.
TRACE::2024-10-24.19:34:25::SCWMssOS:: Checking if to create the Supporting Applications
TRACE::2024-10-24.19:34:25::SCWMssOS:: No Linux domain exists, trying to generate FSBL 
LOG::2024-10-24.19:34:25::SCWSystem::Completed Processing the domain standalone_microblaze_0
LOG::2024-10-24.19:34:25::SCWSystem::Completed Processing the sysconfig mb_usb_hdmi_top
LOG::2024-10-24.19:34:25::SCWPlatform::Completed generating the artifacts for system configuration mb_usb_hdmi_top
TRACE::2024-10-24.19:34:25::SCWPlatform::Started preparing the platform 
TRACE::2024-10-24.19:34:25::SCWSystem::Writing the bif file for system config mb_usb_hdmi_top
TRACE::2024-10-24.19:34:25::SCWSystem::dir created 
TRACE::2024-10-24.19:34:25::SCWSystem::Writing the bif 
TRACE::2024-10-24.19:34:25::SCWPlatform::Started writing the spfm file 
TRACE::2024-10-24.19:34:25::SCWPlatform::Started writing the xpfm file 
TRACE::2024-10-24.19:34:25::SCWPlatform::Completed generating the platform
TRACE::2024-10-24.19:34:25::SCWMssOS::Saving the mss changes C:/Users/curti/OneDrive/Documents/UIUC/ECE-385/Vivado_Projects/lab_6_2/workspace/mb_usb_hdmi_top/microblaze_0/standalone_microblaze_0/bsp/system.mss
TRACE::2024-10-24.19:34:25::SCWMssOS::Found a swdesign opened with the mssfile.
TRACE::2024-10-24.19:34:25::SCWMssOS::Completed writemss as part of save.
TRACE::2024-10-24.19:34:25::SCWMssOS::Commit changes completed.
TRACE::2024-10-24.19:34:25::SCWPlatform::Trying to open the hw design at C:/Users/curti/OneDrive/Documents/UIUC/ECE-385/Vivado_Projects/lab_6_2/workspace/mb_usb_hdmi_top/hw/mb_usb_hdmi_top.xsa
TRACE::2024-10-24.19:34:25::SCWPlatform::DSA given C:/Users/curti/OneDrive/Documents/UIUC/ECE-385/Vivado_Projects/lab_6_2/workspace/mb_usb_hdmi_top/hw/mb_usb_hdmi_top.xsa
TRACE::2024-10-24.19:34:25::SCWPlatform::DSA absoulate path C:/Users/curti/OneDrive/Documents/UIUC/ECE-385/Vivado_Projects/lab_6_2/workspace/mb_usb_hdmi_top/hw/mb_usb_hdmi_top.xsa
TRACE::2024-10-24.19:34:25::SCWPlatform::DSA directory C:/Users/curti/OneDrive/Documents/UIUC/ECE-385/Vivado_Projects/lab_6_2/workspace/mb_usb_hdmi_top/hw
TRACE::2024-10-24.19:34:25::SCWPlatform:: Platform Path C:/Users/curti/OneDrive/Documents/UIUC/ECE-385/Vivado_Projects/lab_6_2/workspace/mb_usb_hdmi_top/hw/mb_usb_hdmi_top.xsa
TRACE::2024-10-24.19:34:25::SCWPlatform:: Unique name xilinx:::0.0
TRACE::2024-10-24.19:34:25::SCWPlatform::Trying to set the existing hwdb with name mb_usb_hdmi_top_0
TRACE::2024-10-24.19:34:25::SCWPlatform::Opened existing hwdb mb_usb_hdmi_top_0
TRACE::2024-10-24.19:34:25::SCWPlatform::Found the Hw Db part of the input DSA
TRACE::2024-10-24.19:34:25::SCWMssOS::Checking the sw design at  C:/Users/curti/OneDrive/Documents/UIUC/ECE-385/Vivado_Projects/lab_6_2/workspace/mb_usb_hdmi_top/microblaze_0/standalone_microblaze_0/bsp/system.mss
TRACE::2024-10-24.19:34:25::SCWMssOS::DEBUG:  swdes dump  C:/Users/curti/OneDrive/Documents/UIUC/ECE-385/Vivado_Projects/lab_6_2/workspace/mb_usb_hdmi_top/microblaze_0/standalone_microblaze_0/bsp/system.mss|system||

TRACE::2024-10-24.19:34:25::SCWMssOS::Sw design exists and opened at  C:/Users/curti/OneDrive/Documents/UIUC/ECE-385/Vivado_Projects/lab_6_2/workspace/mb_usb_hdmi_top/microblaze_0/standalone_microblaze_0/bsp/system.mss
TRACE::2024-10-24.19:34:25::SCWPlatform::Trying to open the hw design at C:/Users/curti/OneDrive/Documents/UIUC/ECE-385/Vivado_Projects/lab_6_2/workspace/mb_usb_hdmi_top/hw/mb_usb_hdmi_top.xsa
TRACE::2024-10-24.19:34:25::SCWPlatform::DSA given C:/Users/curti/OneDrive/Documents/UIUC/ECE-385/Vivado_Projects/lab_6_2/workspace/mb_usb_hdmi_top/hw/mb_usb_hdmi_top.xsa
TRACE::2024-10-24.19:34:25::SCWPlatform::DSA absoulate path C:/Users/curti/OneDrive/Documents/UIUC/ECE-385/Vivado_Projects/lab_6_2/workspace/mb_usb_hdmi_top/hw/mb_usb_hdmi_top.xsa
TRACE::2024-10-24.19:34:25::SCWPlatform::DSA directory C:/Users/curti/OneDrive/Documents/UIUC/ECE-385/Vivado_Projects/lab_6_2/workspace/mb_usb_hdmi_top/hw
TRACE::2024-10-24.19:34:25::SCWPlatform:: Platform Path C:/Users/curti/OneDrive/Documents/UIUC/ECE-385/Vivado_Projects/lab_6_2/workspace/mb_usb_hdmi_top/hw/mb_usb_hdmi_top.xsa
TRACE::2024-10-24.19:34:25::SCWPlatform:: Unique name xilinx:::0.0
TRACE::2024-10-24.19:34:25::SCWPlatform::Trying to set the existing hwdb with name mb_usb_hdmi_top_0
TRACE::2024-10-24.19:34:25::SCWPlatform::Opened existing hwdb mb_usb_hdmi_top_0
TRACE::2024-10-24.19:34:25::SCWPlatform::Found the Hw Db part of the input DSA
TRACE::2024-10-24.19:34:25::SCWMssOS::Checking the sw design at  C:/Users/curti/OneDrive/Documents/UIUC/ECE-385/Vivado_Projects/lab_6_2/workspace/mb_usb_hdmi_top/microblaze_0/standalone_microblaze_0/bsp/system.mss
TRACE::2024-10-24.19:34:25::SCWMssOS::DEBUG:  swdes dump  C:/Users/curti/OneDrive/Documents/UIUC/ECE-385/Vivado_Projects/lab_6_2/workspace/mb_usb_hdmi_top/microblaze_0/standalone_microblaze_0/bsp/system.mss|system||

TRACE::2024-10-24.19:34:25::SCWMssOS::Sw design exists and opened at  C:/Users/curti/OneDrive/Documents/UIUC/ECE-385/Vivado_Projects/lab_6_2/workspace/mb_usb_hdmi_top/microblaze_0/standalone_microblaze_0/bsp/system.mss
TRACE::2024-10-24.19:34:25::SCWPlatform::Trying to open the hw design at C:/Users/curti/OneDrive/Documents/UIUC/ECE-385/Vivado_Projects/lab_6_2/workspace/mb_usb_hdmi_top/hw/mb_usb_hdmi_top.xsa
TRACE::2024-10-24.19:34:25::SCWPlatform::DSA given C:/Users/curti/OneDrive/Documents/UIUC/ECE-385/Vivado_Projects/lab_6_2/workspace/mb_usb_hdmi_top/hw/mb_usb_hdmi_top.xsa
TRACE::2024-10-24.19:34:25::SCWPlatform::DSA absoulate path C:/Users/curti/OneDrive/Documents/UIUC/ECE-385/Vivado_Projects/lab_6_2/workspace/mb_usb_hdmi_top/hw/mb_usb_hdmi_top.xsa
TRACE::2024-10-24.19:34:25::SCWPlatform::DSA directory C:/Users/curti/OneDrive/Documents/UIUC/ECE-385/Vivado_Projects/lab_6_2/workspace/mb_usb_hdmi_top/hw
TRACE::2024-10-24.19:34:25::SCWPlatform:: Platform Path C:/Users/curti/OneDrive/Documents/UIUC/ECE-385/Vivado_Projects/lab_6_2/workspace/mb_usb_hdmi_top/hw/mb_usb_hdmi_top.xsa
TRACE::2024-10-24.19:34:25::SCWPlatform:: Unique name xilinx:::0.0
TRACE::2024-10-24.19:34:25::SCWPlatform::Trying to set the existing hwdb with name mb_usb_hdmi_top_0
TRACE::2024-10-24.19:34:25::SCWPlatform::Opened existing hwdb mb_usb_hdmi_top_0
TRACE::2024-10-24.19:34:25::SCWPlatform::Found the Hw Db part of the input DSA
TRACE::2024-10-24.19:34:25::SCWMssOS::Checking the sw design at  C:/Users/curti/OneDrive/Documents/UIUC/ECE-385/Vivado_Projects/lab_6_2/workspace/mb_usb_hdmi_top/microblaze_0/standalone_microblaze_0/bsp/system.mss
TRACE::2024-10-24.19:34:25::SCWMssOS::DEBUG:  swdes dump  C:/Users/curti/OneDrive/Documents/UIUC/ECE-385/Vivado_Projects/lab_6_2/workspace/mb_usb_hdmi_top/microblaze_0/standalone_microblaze_0/bsp/system.mss|system||

TRACE::2024-10-24.19:34:25::SCWMssOS::Sw design exists and opened at  C:/Users/curti/OneDrive/Documents/UIUC/ECE-385/Vivado_Projects/lab_6_2/workspace/mb_usb_hdmi_top/microblaze_0/standalone_microblaze_0/bsp/system.mss
TRACE::2024-10-24.19:34:25::SCWWriter::formatted JSON is {
	"platformName":	"mb_usb_hdmi_top",
	"sprVersion":	"2.0",
	"mode":	"gui",
	"dsaType":	"Fixed",
	"platformDesc":	"mb_usb_hdmi_top",
	"platHandOff":	"C:/Users/curti/OneDrive/Documents/UIUC/ECE-385/Vivado_Projects/lab_6_2/mb_usb_hdmi_top.xsa",
	"platIntHandOff":	"<platformDir>/hw/mb_usb_hdmi_top.xsa",
	"deviceType":	"FPGA",
	"platIsPrebuiltAutogen":	"false",
	"platIsNoBootBsp":	"false",
	"hasFsblMakeHasChanges":	"false",
	"hasPmufwMakeHasChanges":	"false",
	"platPreBuiltFlag":	false,
	"platformSamplesDir":	"",
	"platActiveSys":	"mb_usb_hdmi_top",
	"systems":	[{
			"systemName":	"mb_usb_hdmi_top",
			"systemDesc":	"mb_usb_hdmi_top",
			"sysIsBootAutoGen":	"true",
			"systemDispName":	"mb_usb_hdmi_top",
			"sysActiveDom":	"standalone_microblaze_0",
			"sysDefaultDom":	"standalone_microblaze_0",
			"domains":	[{
					"domainName":	"standalone_microblaze_0",
					"domainDispName":	"standalone_microblaze_0",
					"domainDesc":	"standalone_microblaze_0",
					"processors":	"microblaze_0",
					"os":	"standalone",
					"sdxOs":	"standalone",
					"debugEnable":	"False",
					"domRuntimes":	["cpp"],
					"swRepo":	"",
					"mssOsVer":	"8.0",
					"mssFile":	"",
					"md5Digest":	"304529987e879521ca977c68d163f362",
					"compatibleApp":	"hello_world",
					"domType":	"mssDomain",
					"arch":	"32-bit",
					"appSettings":	{
						"appCompilerFlags":	"",
						"appLinkerFlags":	""
					},
					"addedLibs":	[],
					"libOptions":	{
						"libsContainingOptions":	[]
					},
					"prebuiltLibs":	{
						"prebuiltIncPath":	[],
						"prebuiltLibPath":	[]
					},
					"isolation":	{
					}
				}]
		}]
}
KEYINFO::2024-10-24.19:34:25::SCWPlatform::updated the xpfm file.
TRACE::2024-10-24.19:34:25::SCWPlatform::Trying to open the hw design at C:/Users/curti/OneDrive/Documents/UIUC/ECE-385/Vivado_Projects/lab_6_2/workspace/mb_usb_hdmi_top/hw/mb_usb_hdmi_top.xsa
TRACE::2024-10-24.19:34:25::SCWPlatform::DSA given C:/Users/curti/OneDrive/Documents/UIUC/ECE-385/Vivado_Projects/lab_6_2/workspace/mb_usb_hdmi_top/hw/mb_usb_hdmi_top.xsa
TRACE::2024-10-24.19:34:25::SCWPlatform::DSA absoulate path C:/Users/curti/OneDrive/Documents/UIUC/ECE-385/Vivado_Projects/lab_6_2/workspace/mb_usb_hdmi_top/hw/mb_usb_hdmi_top.xsa
TRACE::2024-10-24.19:34:25::SCWPlatform::DSA directory C:/Users/curti/OneDrive/Documents/UIUC/ECE-385/Vivado_Projects/lab_6_2/workspace/mb_usb_hdmi_top/hw
TRACE::2024-10-24.19:34:25::SCWPlatform:: Platform Path C:/Users/curti/OneDrive/Documents/UIUC/ECE-385/Vivado_Projects/lab_6_2/workspace/mb_usb_hdmi_top/hw/mb_usb_hdmi_top.xsa
TRACE::2024-10-24.19:34:25::SCWPlatform:: Unique name xilinx:::0.0
TRACE::2024-10-24.19:34:25::SCWPlatform::Trying to set the existing hwdb with name mb_usb_hdmi_top_0
TRACE::2024-10-24.19:34:25::SCWPlatform::Opened existing hwdb mb_usb_hdmi_top_0
TRACE::2024-10-24.19:34:25::SCWPlatform::Found the Hw Db part of the input DSA
TRACE::2024-10-24.19:34:25::SCWMssOS::Checking the sw design at  C:/Users/curti/OneDrive/Documents/UIUC/ECE-385/Vivado_Projects/lab_6_2/workspace/mb_usb_hdmi_top/microblaze_0/standalone_microblaze_0/bsp/system.mss
TRACE::2024-10-24.19:34:25::SCWMssOS::DEBUG:  swdes dump  C:/Users/curti/OneDrive/Documents/UIUC/ECE-385/Vivado_Projects/lab_6_2/workspace/mb_usb_hdmi_top/microblaze_0/standalone_microblaze_0/bsp/system.mss|system||

TRACE::2024-10-24.19:34:25::SCWMssOS::Sw design exists and opened at  C:/Users/curti/OneDrive/Documents/UIUC/ECE-385/Vivado_Projects/lab_6_2/workspace/mb_usb_hdmi_top/microblaze_0/standalone_microblaze_0/bsp/system.mss
TRACE::2024-10-24.19:34:25::SCWMssOS::Saving the mss changes C:/Users/curti/OneDrive/Documents/UIUC/ECE-385/Vivado_Projects/lab_6_2/workspace/mb_usb_hdmi_top/microblaze_0/standalone_microblaze_0/bsp/system.mss
TRACE::2024-10-24.19:34:25::SCWMssOS::Found a swdesign opened with the mssfile.
TRACE::2024-10-24.19:34:25::SCWMssOS::Completed writemss as part of save.
TRACE::2024-10-24.19:34:25::SCWMssOS::Commit changes completed.
TRACE::2024-10-24.19:34:25::SCWPlatform::Trying to open the hw design at C:/Users/curti/OneDrive/Documents/UIUC/ECE-385/Vivado_Projects/lab_6_2/workspace/mb_usb_hdmi_top/hw/mb_usb_hdmi_top.xsa
TRACE::2024-10-24.19:34:25::SCWPlatform::DSA given C:/Users/curti/OneDrive/Documents/UIUC/ECE-385/Vivado_Projects/lab_6_2/workspace/mb_usb_hdmi_top/hw/mb_usb_hdmi_top.xsa
TRACE::2024-10-24.19:34:25::SCWPlatform::DSA absoulate path C:/Users/curti/OneDrive/Documents/UIUC/ECE-385/Vivado_Projects/lab_6_2/workspace/mb_usb_hdmi_top/hw/mb_usb_hdmi_top.xsa
TRACE::2024-10-24.19:34:25::SCWPlatform::DSA directory C:/Users/curti/OneDrive/Documents/UIUC/ECE-385/Vivado_Projects/lab_6_2/workspace/mb_usb_hdmi_top/hw
TRACE::2024-10-24.19:34:25::SCWPlatform:: Platform Path C:/Users/curti/OneDrive/Documents/UIUC/ECE-385/Vivado_Projects/lab_6_2/workspace/mb_usb_hdmi_top/hw/mb_usb_hdmi_top.xsa
TRACE::2024-10-24.19:34:25::SCWPlatform:: Unique name xilinx:::0.0
TRACE::2024-10-24.19:34:25::SCWPlatform::Trying to set the existing hwdb with name mb_usb_hdmi_top_0
TRACE::2024-10-24.19:34:25::SCWPlatform::Opened existing hwdb mb_usb_hdmi_top_0
TRACE::2024-10-24.19:34:25::SCWPlatform::Found the Hw Db part of the input DSA
TRACE::2024-10-24.19:34:25::SCWMssOS::Checking the sw design at  C:/Users/curti/OneDrive/Documents/UIUC/ECE-385/Vivado_Projects/lab_6_2/workspace/mb_usb_hdmi_top/microblaze_0/standalone_microblaze_0/bsp/system.mss
TRACE::2024-10-24.19:34:25::SCWMssOS::DEBUG:  swdes dump  C:/Users/curti/OneDrive/Documents/UIUC/ECE-385/Vivado_Projects/lab_6_2/workspace/mb_usb_hdmi_top/microblaze_0/standalone_microblaze_0/bsp/system.mss|system||

TRACE::2024-10-24.19:34:25::SCWMssOS::Sw design exists and opened at  C:/Users/curti/OneDrive/Documents/UIUC/ECE-385/Vivado_Projects/lab_6_2/workspace/mb_usb_hdmi_top/microblaze_0/standalone_microblaze_0/bsp/system.mss
TRACE::2024-10-24.19:34:25::SCWPlatform::Trying to open the hw design at C:/Users/curti/OneDrive/Documents/UIUC/ECE-385/Vivado_Projects/lab_6_2/workspace/mb_usb_hdmi_top/hw/mb_usb_hdmi_top.xsa
TRACE::2024-10-24.19:34:25::SCWPlatform::DSA given C:/Users/curti/OneDrive/Documents/UIUC/ECE-385/Vivado_Projects/lab_6_2/workspace/mb_usb_hdmi_top/hw/mb_usb_hdmi_top.xsa
TRACE::2024-10-24.19:34:25::SCWPlatform::DSA absoulate path C:/Users/curti/OneDrive/Documents/UIUC/ECE-385/Vivado_Projects/lab_6_2/workspace/mb_usb_hdmi_top/hw/mb_usb_hdmi_top.xsa
TRACE::2024-10-24.19:34:25::SCWPlatform::DSA directory C:/Users/curti/OneDrive/Documents/UIUC/ECE-385/Vivado_Projects/lab_6_2/workspace/mb_usb_hdmi_top/hw
TRACE::2024-10-24.19:34:25::SCWPlatform:: Platform Path C:/Users/curti/OneDrive/Documents/UIUC/ECE-385/Vivado_Projects/lab_6_2/workspace/mb_usb_hdmi_top/hw/mb_usb_hdmi_top.xsa
TRACE::2024-10-24.19:34:25::SCWPlatform:: Unique name xilinx:::0.0
TRACE::2024-10-24.19:34:25::SCWPlatform::Trying to set the existing hwdb with name mb_usb_hdmi_top_0
TRACE::2024-10-24.19:34:25::SCWPlatform::Opened existing hwdb mb_usb_hdmi_top_0
TRACE::2024-10-24.19:34:25::SCWPlatform::Found the Hw Db part of the input DSA
TRACE::2024-10-24.19:34:25::SCWMssOS::Checking the sw design at  C:/Users/curti/OneDrive/Documents/UIUC/ECE-385/Vivado_Projects/lab_6_2/workspace/mb_usb_hdmi_top/microblaze_0/standalone_microblaze_0/bsp/system.mss
TRACE::2024-10-24.19:34:25::SCWMssOS::DEBUG:  swdes dump  C:/Users/curti/OneDrive/Documents/UIUC/ECE-385/Vivado_Projects/lab_6_2/workspace/mb_usb_hdmi_top/microblaze_0/standalone_microblaze_0/bsp/system.mss|system||

TRACE::2024-10-24.19:34:25::SCWMssOS::Sw design exists and opened at  C:/Users/curti/OneDrive/Documents/UIUC/ECE-385/Vivado_Projects/lab_6_2/workspace/mb_usb_hdmi_top/microblaze_0/standalone_microblaze_0/bsp/system.mss
TRACE::2024-10-24.19:34:25::SCWPlatform::Trying to open the hw design at C:/Users/curti/OneDrive/Documents/UIUC/ECE-385/Vivado_Projects/lab_6_2/workspace/mb_usb_hdmi_top/hw/mb_usb_hdmi_top.xsa
TRACE::2024-10-24.19:34:25::SCWPlatform::DSA given C:/Users/curti/OneDrive/Documents/UIUC/ECE-385/Vivado_Projects/lab_6_2/workspace/mb_usb_hdmi_top/hw/mb_usb_hdmi_top.xsa
TRACE::2024-10-24.19:34:25::SCWPlatform::DSA absoulate path C:/Users/curti/OneDrive/Documents/UIUC/ECE-385/Vivado_Projects/lab_6_2/workspace/mb_usb_hdmi_top/hw/mb_usb_hdmi_top.xsa
TRACE::2024-10-24.19:34:25::SCWPlatform::DSA directory C:/Users/curti/OneDrive/Documents/UIUC/ECE-385/Vivado_Projects/lab_6_2/workspace/mb_usb_hdmi_top/hw
TRACE::2024-10-24.19:34:25::SCWPlatform:: Platform Path C:/Users/curti/OneDrive/Documents/UIUC/ECE-385/Vivado_Projects/lab_6_2/workspace/mb_usb_hdmi_top/hw/mb_usb_hdmi_top.xsa
TRACE::2024-10-24.19:34:25::SCWPlatform:: Unique name xilinx:::0.0
TRACE::2024-10-24.19:34:25::SCWPlatform::Trying to set the existing hwdb with name mb_usb_hdmi_top_0
TRACE::2024-10-24.19:34:25::SCWPlatform::Opened existing hwdb mb_usb_hdmi_top_0
TRACE::2024-10-24.19:34:25::SCWPlatform::Found the Hw Db part of the input DSA
TRACE::2024-10-24.19:34:25::SCWMssOS::Checking the sw design at  C:/Users/curti/OneDrive/Documents/UIUC/ECE-385/Vivado_Projects/lab_6_2/workspace/mb_usb_hdmi_top/microblaze_0/standalone_microblaze_0/bsp/system.mss
TRACE::2024-10-24.19:34:25::SCWMssOS::DEBUG:  swdes dump  C:/Users/curti/OneDrive/Documents/UIUC/ECE-385/Vivado_Projects/lab_6_2/workspace/mb_usb_hdmi_top/microblaze_0/standalone_microblaze_0/bsp/system.mss|system||

TRACE::2024-10-24.19:34:25::SCWMssOS::Sw design exists and opened at  C:/Users/curti/OneDrive/Documents/UIUC/ECE-385/Vivado_Projects/lab_6_2/workspace/mb_usb_hdmi_top/microblaze_0/standalone_microblaze_0/bsp/system.mss
TRACE::2024-10-24.19:34:25::SCWWriter::formatted JSON is {
	"platformName":	"mb_usb_hdmi_top",
	"sprVersion":	"2.0",
	"mode":	"gui",
	"dsaType":	"Fixed",
	"platformDesc":	"mb_usb_hdmi_top",
	"platHandOff":	"C:/Users/curti/OneDrive/Documents/UIUC/ECE-385/Vivado_Projects/lab_6_2/mb_usb_hdmi_top.xsa",
	"platIntHandOff":	"<platformDir>/hw/mb_usb_hdmi_top.xsa",
	"deviceType":	"FPGA",
	"platIsPrebuiltAutogen":	"false",
	"platIsNoBootBsp":	"false",
	"hasFsblMakeHasChanges":	"false",
	"hasPmufwMakeHasChanges":	"false",
	"platPreBuiltFlag":	false,
	"platformSamplesDir":	"",
	"platActiveSys":	"mb_usb_hdmi_top",
	"systems":	[{
			"systemName":	"mb_usb_hdmi_top",
			"systemDesc":	"mb_usb_hdmi_top",
			"sysIsBootAutoGen":	"true",
			"systemDispName":	"mb_usb_hdmi_top",
			"sysActiveDom":	"standalone_microblaze_0",
			"sysDefaultDom":	"standalone_microblaze_0",
			"domains":	[{
					"domainName":	"standalone_microblaze_0",
					"domainDispName":	"standalone_microblaze_0",
					"domainDesc":	"standalone_microblaze_0",
					"processors":	"microblaze_0",
					"os":	"standalone",
					"sdxOs":	"standalone",
					"debugEnable":	"False",
					"domRuntimes":	["cpp"],
					"swRepo":	"",
					"mssOsVer":	"8.0",
					"mssFile":	"",
					"md5Digest":	"304529987e879521ca977c68d163f362",
					"compatibleApp":	"hello_world",
					"domType":	"mssDomain",
					"arch":	"32-bit",
					"appSettings":	{
						"appCompilerFlags":	"",
						"appLinkerFlags":	""
					},
					"addedLibs":	[],
					"libOptions":	{
						"libsContainingOptions":	[]
					},
					"prebuiltLibs":	{
						"prebuiltIncPath":	[],
						"prebuiltLibPath":	[]
					},
					"isolation":	{
					}
				}]
		}]
}
TRACE::2024-10-24.19:34:25::SCWPlatform::Trying to open the hw design at C:/Users/curti/OneDrive/Documents/UIUC/ECE-385/Vivado_Projects/lab_6_2/workspace/mb_usb_hdmi_top/hw/mb_usb_hdmi_top.xsa
TRACE::2024-10-24.19:34:25::SCWPlatform::DSA given C:/Users/curti/OneDrive/Documents/UIUC/ECE-385/Vivado_Projects/lab_6_2/workspace/mb_usb_hdmi_top/hw/mb_usb_hdmi_top.xsa
TRACE::2024-10-24.19:34:25::SCWPlatform::DSA absoulate path C:/Users/curti/OneDrive/Documents/UIUC/ECE-385/Vivado_Projects/lab_6_2/workspace/mb_usb_hdmi_top/hw/mb_usb_hdmi_top.xsa
TRACE::2024-10-24.19:34:25::SCWPlatform::DSA directory C:/Users/curti/OneDrive/Documents/UIUC/ECE-385/Vivado_Projects/lab_6_2/workspace/mb_usb_hdmi_top/hw
TRACE::2024-10-24.19:34:25::SCWPlatform:: Platform Path C:/Users/curti/OneDrive/Documents/UIUC/ECE-385/Vivado_Projects/lab_6_2/workspace/mb_usb_hdmi_top/hw/mb_usb_hdmi_top.xsa
TRACE::2024-10-24.19:34:25::SCWPlatform:: Unique name xilinx:::0.0
TRACE::2024-10-24.19:34:25::SCWPlatform::Trying to set the existing hwdb with name mb_usb_hdmi_top_0
TRACE::2024-10-24.19:34:25::SCWPlatform::Opened existing hwdb mb_usb_hdmi_top_0
TRACE::2024-10-24.19:34:25::SCWPlatform::Found the Hw Db part of the input DSA
TRACE::2024-10-24.19:34:25::SCWMssOS::Checking the sw design at  C:/Users/curti/OneDrive/Documents/UIUC/ECE-385/Vivado_Projects/lab_6_2/workspace/mb_usb_hdmi_top/microblaze_0/standalone_microblaze_0/bsp/system.mss
TRACE::2024-10-24.19:34:25::SCWMssOS::DEBUG:  swdes dump  C:/Users/curti/OneDrive/Documents/UIUC/ECE-385/Vivado_Projects/lab_6_2/workspace/mb_usb_hdmi_top/microblaze_0/standalone_microblaze_0/bsp/system.mss|system||

TRACE::2024-10-24.19:34:25::SCWMssOS::Sw design exists and opened at  C:/Users/curti/OneDrive/Documents/UIUC/ECE-385/Vivado_Projects/lab_6_2/workspace/mb_usb_hdmi_top/microblaze_0/standalone_microblaze_0/bsp/system.mss
TRACE::2024-10-24.19:34:25::SCWPlatform::Trying to open the hw design at C:/Users/curti/OneDrive/Documents/UIUC/ECE-385/Vivado_Projects/lab_6_2/workspace/mb_usb_hdmi_top/hw/mb_usb_hdmi_top.xsa
TRACE::2024-10-24.19:34:25::SCWPlatform::DSA given C:/Users/curti/OneDrive/Documents/UIUC/ECE-385/Vivado_Projects/lab_6_2/workspace/mb_usb_hdmi_top/hw/mb_usb_hdmi_top.xsa
TRACE::2024-10-24.19:34:25::SCWPlatform::DSA absoulate path C:/Users/curti/OneDrive/Documents/UIUC/ECE-385/Vivado_Projects/lab_6_2/workspace/mb_usb_hdmi_top/hw/mb_usb_hdmi_top.xsa
TRACE::2024-10-24.19:34:25::SCWPlatform::DSA directory C:/Users/curti/OneDrive/Documents/UIUC/ECE-385/Vivado_Projects/lab_6_2/workspace/mb_usb_hdmi_top/hw
TRACE::2024-10-24.19:34:25::SCWPlatform:: Platform Path C:/Users/curti/OneDrive/Documents/UIUC/ECE-385/Vivado_Projects/lab_6_2/workspace/mb_usb_hdmi_top/hw/mb_usb_hdmi_top.xsa
TRACE::2024-10-24.19:34:25::SCWPlatform:: Unique name xilinx:::0.0
TRACE::2024-10-24.19:34:25::SCWPlatform::Trying to set the existing hwdb with name mb_usb_hdmi_top_0
TRACE::2024-10-24.19:34:25::SCWPlatform::Opened existing hwdb mb_usb_hdmi_top_0
TRACE::2024-10-24.19:34:25::SCWPlatform::Found the Hw Db part of the input DSA
TRACE::2024-10-24.19:34:25::SCWMssOS::Checking the sw design at  C:/Users/curti/OneDrive/Documents/UIUC/ECE-385/Vivado_Projects/lab_6_2/workspace/mb_usb_hdmi_top/microblaze_0/standalone_microblaze_0/bsp/system.mss
TRACE::2024-10-24.19:34:25::SCWMssOS::DEBUG:  swdes dump  C:/Users/curti/OneDrive/Documents/UIUC/ECE-385/Vivado_Projects/lab_6_2/workspace/mb_usb_hdmi_top/microblaze_0/standalone_microblaze_0/bsp/system.mss|system||

TRACE::2024-10-24.19:34:25::SCWMssOS::Sw design exists and opened at  C:/Users/curti/OneDrive/Documents/UIUC/ECE-385/Vivado_Projects/lab_6_2/workspace/mb_usb_hdmi_top/microblaze_0/standalone_microblaze_0/bsp/system.mss
TRACE::2024-10-24.19:34:25::SCWMssOS::Saving the mss changes C:/Users/curti/OneDrive/Documents/UIUC/ECE-385/Vivado_Projects/lab_6_2/workspace/mb_usb_hdmi_top/microblaze_0/standalone_microblaze_0/bsp/system.mss
TRACE::2024-10-24.19:34:25::SCWMssOS::Found a swdesign opened with the mssfile.
TRACE::2024-10-24.19:34:25::SCWMssOS::Completed writemss as part of save.
TRACE::2024-10-24.19:34:25::SCWMssOS::Commit changes completed.
TRACE::2024-10-24.19:34:25::SCWPlatform::Trying to open the hw design at C:/Users/curti/OneDrive/Documents/UIUC/ECE-385/Vivado_Projects/lab_6_2/workspace/mb_usb_hdmi_top/hw/mb_usb_hdmi_top.xsa
TRACE::2024-10-24.19:34:25::SCWPlatform::DSA given C:/Users/curti/OneDrive/Documents/UIUC/ECE-385/Vivado_Projects/lab_6_2/workspace/mb_usb_hdmi_top/hw/mb_usb_hdmi_top.xsa
TRACE::2024-10-24.19:34:25::SCWPlatform::DSA absoulate path C:/Users/curti/OneDrive/Documents/UIUC/ECE-385/Vivado_Projects/lab_6_2/workspace/mb_usb_hdmi_top/hw/mb_usb_hdmi_top.xsa
TRACE::2024-10-24.19:34:25::SCWPlatform::DSA directory C:/Users/curti/OneDrive/Documents/UIUC/ECE-385/Vivado_Projects/lab_6_2/workspace/mb_usb_hdmi_top/hw
TRACE::2024-10-24.19:34:25::SCWPlatform:: Platform Path C:/Users/curti/OneDrive/Documents/UIUC/ECE-385/Vivado_Projects/lab_6_2/workspace/mb_usb_hdmi_top/hw/mb_usb_hdmi_top.xsa
TRACE::2024-10-24.19:34:25::SCWPlatform:: Unique name xilinx:::0.0
TRACE::2024-10-24.19:34:25::SCWPlatform::Trying to set the existing hwdb with name mb_usb_hdmi_top_0
TRACE::2024-10-24.19:34:25::SCWPlatform::Opened existing hwdb mb_usb_hdmi_top_0
TRACE::2024-10-24.19:34:25::SCWPlatform::Found the Hw Db part of the input DSA
TRACE::2024-10-24.19:34:25::SCWMssOS::Checking the sw design at  C:/Users/curti/OneDrive/Documents/UIUC/ECE-385/Vivado_Projects/lab_6_2/workspace/mb_usb_hdmi_top/microblaze_0/standalone_microblaze_0/bsp/system.mss
TRACE::2024-10-24.19:34:25::SCWMssOS::DEBUG:  swdes dump  C:/Users/curti/OneDrive/Documents/UIUC/ECE-385/Vivado_Projects/lab_6_2/workspace/mb_usb_hdmi_top/microblaze_0/standalone_microblaze_0/bsp/system.mss|system||

TRACE::2024-10-24.19:34:25::SCWMssOS::Sw design exists and opened at  C:/Users/curti/OneDrive/Documents/UIUC/ECE-385/Vivado_Projects/lab_6_2/workspace/mb_usb_hdmi_top/microblaze_0/standalone_microblaze_0/bsp/system.mss
TRACE::2024-10-24.19:34:25::SCWPlatform::Trying to open the hw design at C:/Users/curti/OneDrive/Documents/UIUC/ECE-385/Vivado_Projects/lab_6_2/workspace/mb_usb_hdmi_top/hw/mb_usb_hdmi_top.xsa
TRACE::2024-10-24.19:34:25::SCWPlatform::DSA given C:/Users/curti/OneDrive/Documents/UIUC/ECE-385/Vivado_Projects/lab_6_2/workspace/mb_usb_hdmi_top/hw/mb_usb_hdmi_top.xsa
TRACE::2024-10-24.19:34:25::SCWPlatform::DSA absoulate path C:/Users/curti/OneDrive/Documents/UIUC/ECE-385/Vivado_Projects/lab_6_2/workspace/mb_usb_hdmi_top/hw/mb_usb_hdmi_top.xsa
TRACE::2024-10-24.19:34:25::SCWPlatform::DSA directory C:/Users/curti/OneDrive/Documents/UIUC/ECE-385/Vivado_Projects/lab_6_2/workspace/mb_usb_hdmi_top/hw
TRACE::2024-10-24.19:34:25::SCWPlatform:: Platform Path C:/Users/curti/OneDrive/Documents/UIUC/ECE-385/Vivado_Projects/lab_6_2/workspace/mb_usb_hdmi_top/hw/mb_usb_hdmi_top.xsa
TRACE::2024-10-24.19:34:25::SCWPlatform:: Unique name xilinx:::0.0
TRACE::2024-10-24.19:34:25::SCWPlatform::Trying to set the existing hwdb with name mb_usb_hdmi_top_0
TRACE::2024-10-24.19:34:25::SCWPlatform::Opened existing hwdb mb_usb_hdmi_top_0
TRACE::2024-10-24.19:34:25::SCWPlatform::Found the Hw Db part of the input DSA
TRACE::2024-10-24.19:34:25::SCWMssOS::Checking the sw design at  C:/Users/curti/OneDrive/Documents/UIUC/ECE-385/Vivado_Projects/lab_6_2/workspace/mb_usb_hdmi_top/microblaze_0/standalone_microblaze_0/bsp/system.mss
TRACE::2024-10-24.19:34:25::SCWMssOS::DEBUG:  swdes dump  C:/Users/curti/OneDrive/Documents/UIUC/ECE-385/Vivado_Projects/lab_6_2/workspace/mb_usb_hdmi_top/microblaze_0/standalone_microblaze_0/bsp/system.mss|system||

TRACE::2024-10-24.19:34:25::SCWMssOS::Sw design exists and opened at  C:/Users/curti/OneDrive/Documents/UIUC/ECE-385/Vivado_Projects/lab_6_2/workspace/mb_usb_hdmi_top/microblaze_0/standalone_microblaze_0/bsp/system.mss
TRACE::2024-10-24.19:34:25::SCWPlatform::Trying to open the hw design at C:/Users/curti/OneDrive/Documents/UIUC/ECE-385/Vivado_Projects/lab_6_2/workspace/mb_usb_hdmi_top/hw/mb_usb_hdmi_top.xsa
TRACE::2024-10-24.19:34:25::SCWPlatform::DSA given C:/Users/curti/OneDrive/Documents/UIUC/ECE-385/Vivado_Projects/lab_6_2/workspace/mb_usb_hdmi_top/hw/mb_usb_hdmi_top.xsa
TRACE::2024-10-24.19:34:25::SCWPlatform::DSA absoulate path C:/Users/curti/OneDrive/Documents/UIUC/ECE-385/Vivado_Projects/lab_6_2/workspace/mb_usb_hdmi_top/hw/mb_usb_hdmi_top.xsa
TRACE::2024-10-24.19:34:25::SCWPlatform::DSA directory C:/Users/curti/OneDrive/Documents/UIUC/ECE-385/Vivado_Projects/lab_6_2/workspace/mb_usb_hdmi_top/hw
TRACE::2024-10-24.19:34:25::SCWPlatform:: Platform Path C:/Users/curti/OneDrive/Documents/UIUC/ECE-385/Vivado_Projects/lab_6_2/workspace/mb_usb_hdmi_top/hw/mb_usb_hdmi_top.xsa
TRACE::2024-10-24.19:34:25::SCWPlatform:: Unique name xilinx:::0.0
TRACE::2024-10-24.19:34:25::SCWPlatform::Trying to set the existing hwdb with name mb_usb_hdmi_top_0
TRACE::2024-10-24.19:34:25::SCWPlatform::Opened existing hwdb mb_usb_hdmi_top_0
TRACE::2024-10-24.19:34:25::SCWPlatform::Found the Hw Db part of the input DSA
TRACE::2024-10-24.19:34:25::SCWMssOS::Checking the sw design at  C:/Users/curti/OneDrive/Documents/UIUC/ECE-385/Vivado_Projects/lab_6_2/workspace/mb_usb_hdmi_top/microblaze_0/standalone_microblaze_0/bsp/system.mss
TRACE::2024-10-24.19:34:25::SCWMssOS::DEBUG:  swdes dump  C:/Users/curti/OneDrive/Documents/UIUC/ECE-385/Vivado_Projects/lab_6_2/workspace/mb_usb_hdmi_top/microblaze_0/standalone_microblaze_0/bsp/system.mss|system||

TRACE::2024-10-24.19:34:25::SCWMssOS::Sw design exists and opened at  C:/Users/curti/OneDrive/Documents/UIUC/ECE-385/Vivado_Projects/lab_6_2/workspace/mb_usb_hdmi_top/microblaze_0/standalone_microblaze_0/bsp/system.mss
TRACE::2024-10-24.19:34:25::SCWWriter::formatted JSON is {
	"platformName":	"mb_usb_hdmi_top",
	"sprVersion":	"2.0",
	"mode":	"gui",
	"dsaType":	"Fixed",
	"platformDesc":	"mb_usb_hdmi_top",
	"platHandOff":	"C:/Users/curti/OneDrive/Documents/UIUC/ECE-385/Vivado_Projects/lab_6_2/mb_usb_hdmi_top.xsa",
	"platIntHandOff":	"<platformDir>/hw/mb_usb_hdmi_top.xsa",
	"deviceType":	"FPGA",
	"platIsPrebuiltAutogen":	"false",
	"platIsNoBootBsp":	"false",
	"hasFsblMakeHasChanges":	"false",
	"hasPmufwMakeHasChanges":	"false",
	"platPreBuiltFlag":	false,
	"platformSamplesDir":	"",
	"platActiveSys":	"mb_usb_hdmi_top",
	"systems":	[{
			"systemName":	"mb_usb_hdmi_top",
			"systemDesc":	"mb_usb_hdmi_top",
			"sysIsBootAutoGen":	"true",
			"systemDispName":	"mb_usb_hdmi_top",
			"sysActiveDom":	"standalone_microblaze_0",
			"sysDefaultDom":	"standalone_microblaze_0",
			"domains":	[{
					"domainName":	"standalone_microblaze_0",
					"domainDispName":	"standalone_microblaze_0",
					"domainDesc":	"standalone_microblaze_0",
					"processors":	"microblaze_0",
					"os":	"standalone",
					"sdxOs":	"standalone",
					"debugEnable":	"False",
					"domRuntimes":	["cpp"],
					"swRepo":	"",
					"mssOsVer":	"8.0",
					"mssFile":	"",
					"md5Digest":	"304529987e879521ca977c68d163f362",
					"compatibleApp":	"hello_world",
					"domType":	"mssDomain",
					"arch":	"32-bit",
					"appSettings":	{
						"appCompilerFlags":	"",
						"appLinkerFlags":	""
					},
					"addedLibs":	[],
					"libOptions":	{
						"libsContainingOptions":	[]
					},
					"prebuiltLibs":	{
						"prebuiltIncPath":	[],
						"prebuiltLibPath":	[]
					},
					"isolation":	{
					}
				}]
		}]
}
LOG::2024-10-24.19:34:25::SCWPlatform::Started generating the artifacts platform mb_usb_hdmi_top
TRACE::2024-10-24.19:34:25::SCWPlatform::Sanity checking of platform is completed
LOG::2024-10-24.19:34:25::SCWPlatform::Started generating the artifacts for system configuration mb_usb_hdmi_top
LOG::2024-10-24.19:34:25::SCWSystem::Started Processing the domain standalone_microblaze_0
TRACE::2024-10-24.19:34:25::SCWDomain::Generating domain artifcats
TRACE::2024-10-24.19:34:25::SCWMssOS::Generating standalone artifcats
TRACE::2024-10-24.19:34:25::SCWMssOS:: Copying the user libraries. 
TRACE::2024-10-24.19:34:25::SCWPlatform::Trying to open the hw design at C:/Users/curti/OneDrive/Documents/UIUC/ECE-385/Vivado_Projects/lab_6_2/workspace/mb_usb_hdmi_top/hw/mb_usb_hdmi_top.xsa
TRACE::2024-10-24.19:34:25::SCWPlatform::DSA given C:/Users/curti/OneDrive/Documents/UIUC/ECE-385/Vivado_Projects/lab_6_2/workspace/mb_usb_hdmi_top/hw/mb_usb_hdmi_top.xsa
TRACE::2024-10-24.19:34:25::SCWPlatform::DSA absoulate path C:/Users/curti/OneDrive/Documents/UIUC/ECE-385/Vivado_Projects/lab_6_2/workspace/mb_usb_hdmi_top/hw/mb_usb_hdmi_top.xsa
TRACE::2024-10-24.19:34:25::SCWPlatform::DSA directory C:/Users/curti/OneDrive/Documents/UIUC/ECE-385/Vivado_Projects/lab_6_2/workspace/mb_usb_hdmi_top/hw
TRACE::2024-10-24.19:34:25::SCWPlatform:: Platform Path C:/Users/curti/OneDrive/Documents/UIUC/ECE-385/Vivado_Projects/lab_6_2/workspace/mb_usb_hdmi_top/hw/mb_usb_hdmi_top.xsa
TRACE::2024-10-24.19:34:25::SCWPlatform:: Unique name xilinx:::0.0
TRACE::2024-10-24.19:34:25::SCWPlatform::Trying to set the existing hwdb with name mb_usb_hdmi_top_0
TRACE::2024-10-24.19:34:25::SCWPlatform::Opened existing hwdb mb_usb_hdmi_top_0
TRACE::2024-10-24.19:34:25::SCWPlatform::Found the Hw Db part of the input DSA
TRACE::2024-10-24.19:34:25::SCWMssOS::Checking the sw design at  C:/Users/curti/OneDrive/Documents/UIUC/ECE-385/Vivado_Projects/lab_6_2/workspace/mb_usb_hdmi_top/microblaze_0/standalone_microblaze_0/bsp/system.mss
TRACE::2024-10-24.19:34:25::SCWMssOS::DEBUG:  swdes dump  C:/Users/curti/OneDrive/Documents/UIUC/ECE-385/Vivado_Projects/lab_6_2/workspace/mb_usb_hdmi_top/microblaze_0/standalone_microblaze_0/bsp/system.mss|system||

TRACE::2024-10-24.19:34:25::SCWMssOS::Sw design exists and opened at  C:/Users/curti/OneDrive/Documents/UIUC/ECE-385/Vivado_Projects/lab_6_2/workspace/mb_usb_hdmi_top/microblaze_0/standalone_microblaze_0/bsp/system.mss
TRACE::2024-10-24.19:34:25::SCWMssOS::Completed writing the mss file at C:/Users/curti/OneDrive/Documents/UIUC/ECE-385/Vivado_Projects/lab_6_2/workspace/mb_usb_hdmi_top/microblaze_0/standalone_microblaze_0/bsp
TRACE::2024-10-24.19:34:25::SCWMssOS::Mss edits present, copying mssfile into export location C:/Users/curti/OneDrive/Documents/UIUC/ECE-385/Vivado_Projects/lab_6_2/workspace/mb_usb_hdmi_top/microblaze_0/standalone_microblaze_0/bsp/system.mss
TRACE::2024-10-24.19:34:25::SCWMssOS::bsp generated is upto date with the mss file. Skipping bsp generation.
TRACE::2024-10-24.19:34:25::SCWMssOS::BSP is already built. skipping the bsp build ... 
TRACE::2024-10-24.19:34:25::SCWDomain::Building the domain as part of full build :  standalone_microblaze_0
TRACE::2024-10-24.19:34:25::SCWMssOS::skipping the bsp build ... 
TRACE::2024-10-24.19:34:25::SCWMssOS::Copying to export directory.
TRACE::2024-10-24.19:34:25::SCWMssOS:: Checking if to create the Supporting Applications
TRACE::2024-10-24.19:34:25::SCWMssOS:: No Linux domain exists, trying to generate FSBL 
LOG::2024-10-24.19:34:25::SCWSystem::Completed Processing the domain standalone_microblaze_0
LOG::2024-10-24.19:34:25::SCWSystem::Completed Processing the sysconfig mb_usb_hdmi_top
LOG::2024-10-24.19:34:25::SCWPlatform::Completed generating the artifacts for system configuration mb_usb_hdmi_top
TRACE::2024-10-24.19:34:25::SCWPlatform::Started preparing the platform 
TRACE::2024-10-24.19:34:25::SCWSystem::Writing the bif file for system config mb_usb_hdmi_top
TRACE::2024-10-24.19:34:25::SCWSystem::dir created 
TRACE::2024-10-24.19:34:25::SCWSystem::Writing the bif 
TRACE::2024-10-24.19:34:25::SCWPlatform::Started writing the spfm file 
TRACE::2024-10-24.19:34:25::SCWPlatform::Started writing the xpfm file 
TRACE::2024-10-24.19:34:25::SCWPlatform::Completed generating the platform
TRACE::2024-10-24.19:34:25::SCWMssOS::Saving the mss changes C:/Users/curti/OneDrive/Documents/UIUC/ECE-385/Vivado_Projects/lab_6_2/workspace/mb_usb_hdmi_top/microblaze_0/standalone_microblaze_0/bsp/system.mss
TRACE::2024-10-24.19:34:25::SCWMssOS::Found a swdesign opened with the mssfile.
TRACE::2024-10-24.19:34:25::SCWMssOS::Completed writemss as part of save.
TRACE::2024-10-24.19:34:25::SCWMssOS::Commit changes completed.
TRACE::2024-10-24.19:34:25::SCWPlatform::Trying to open the hw design at C:/Users/curti/OneDrive/Documents/UIUC/ECE-385/Vivado_Projects/lab_6_2/workspace/mb_usb_hdmi_top/hw/mb_usb_hdmi_top.xsa
TRACE::2024-10-24.19:34:25::SCWPlatform::DSA given C:/Users/curti/OneDrive/Documents/UIUC/ECE-385/Vivado_Projects/lab_6_2/workspace/mb_usb_hdmi_top/hw/mb_usb_hdmi_top.xsa
TRACE::2024-10-24.19:34:25::SCWPlatform::DSA absoulate path C:/Users/curti/OneDrive/Documents/UIUC/ECE-385/Vivado_Projects/lab_6_2/workspace/mb_usb_hdmi_top/hw/mb_usb_hdmi_top.xsa
TRACE::2024-10-24.19:34:25::SCWPlatform::DSA directory C:/Users/curti/OneDrive/Documents/UIUC/ECE-385/Vivado_Projects/lab_6_2/workspace/mb_usb_hdmi_top/hw
TRACE::2024-10-24.19:34:25::SCWPlatform:: Platform Path C:/Users/curti/OneDrive/Documents/UIUC/ECE-385/Vivado_Projects/lab_6_2/workspace/mb_usb_hdmi_top/hw/mb_usb_hdmi_top.xsa
TRACE::2024-10-24.19:34:25::SCWPlatform:: Unique name xilinx:::0.0
TRACE::2024-10-24.19:34:25::SCWPlatform::Trying to set the existing hwdb with name mb_usb_hdmi_top_0
TRACE::2024-10-24.19:34:25::SCWPlatform::Opened existing hwdb mb_usb_hdmi_top_0
TRACE::2024-10-24.19:34:25::SCWPlatform::Found the Hw Db part of the input DSA
TRACE::2024-10-24.19:34:25::SCWMssOS::Checking the sw design at  C:/Users/curti/OneDrive/Documents/UIUC/ECE-385/Vivado_Projects/lab_6_2/workspace/mb_usb_hdmi_top/microblaze_0/standalone_microblaze_0/bsp/system.mss
TRACE::2024-10-24.19:34:25::SCWMssOS::DEBUG:  swdes dump  C:/Users/curti/OneDrive/Documents/UIUC/ECE-385/Vivado_Projects/lab_6_2/workspace/mb_usb_hdmi_top/microblaze_0/standalone_microblaze_0/bsp/system.mss|system||

TRACE::2024-10-24.19:34:25::SCWMssOS::Sw design exists and opened at  C:/Users/curti/OneDrive/Documents/UIUC/ECE-385/Vivado_Projects/lab_6_2/workspace/mb_usb_hdmi_top/microblaze_0/standalone_microblaze_0/bsp/system.mss
TRACE::2024-10-24.19:34:25::SCWPlatform::Trying to open the hw design at C:/Users/curti/OneDrive/Documents/UIUC/ECE-385/Vivado_Projects/lab_6_2/workspace/mb_usb_hdmi_top/hw/mb_usb_hdmi_top.xsa
TRACE::2024-10-24.19:34:25::SCWPlatform::DSA given C:/Users/curti/OneDrive/Documents/UIUC/ECE-385/Vivado_Projects/lab_6_2/workspace/mb_usb_hdmi_top/hw/mb_usb_hdmi_top.xsa
TRACE::2024-10-24.19:34:25::SCWPlatform::DSA absoulate path C:/Users/curti/OneDrive/Documents/UIUC/ECE-385/Vivado_Projects/lab_6_2/workspace/mb_usb_hdmi_top/hw/mb_usb_hdmi_top.xsa
TRACE::2024-10-24.19:34:25::SCWPlatform::DSA directory C:/Users/curti/OneDrive/Documents/UIUC/ECE-385/Vivado_Projects/lab_6_2/workspace/mb_usb_hdmi_top/hw
TRACE::2024-10-24.19:34:25::SCWPlatform:: Platform Path C:/Users/curti/OneDrive/Documents/UIUC/ECE-385/Vivado_Projects/lab_6_2/workspace/mb_usb_hdmi_top/hw/mb_usb_hdmi_top.xsa
TRACE::2024-10-24.19:34:25::SCWPlatform:: Unique name xilinx:::0.0
TRACE::2024-10-24.19:34:25::SCWPlatform::Trying to set the existing hwdb with name mb_usb_hdmi_top_0
TRACE::2024-10-24.19:34:25::SCWPlatform::Opened existing hwdb mb_usb_hdmi_top_0
TRACE::2024-10-24.19:34:25::SCWPlatform::Found the Hw Db part of the input DSA
TRACE::2024-10-24.19:34:25::SCWMssOS::Checking the sw design at  C:/Users/curti/OneDrive/Documents/UIUC/ECE-385/Vivado_Projects/lab_6_2/workspace/mb_usb_hdmi_top/microblaze_0/standalone_microblaze_0/bsp/system.mss
TRACE::2024-10-24.19:34:25::SCWMssOS::DEBUG:  swdes dump  C:/Users/curti/OneDrive/Documents/UIUC/ECE-385/Vivado_Projects/lab_6_2/workspace/mb_usb_hdmi_top/microblaze_0/standalone_microblaze_0/bsp/system.mss|system||

TRACE::2024-10-24.19:34:25::SCWMssOS::Sw design exists and opened at  C:/Users/curti/OneDrive/Documents/UIUC/ECE-385/Vivado_Projects/lab_6_2/workspace/mb_usb_hdmi_top/microblaze_0/standalone_microblaze_0/bsp/system.mss
TRACE::2024-10-24.19:34:25::SCWPlatform::Trying to open the hw design at C:/Users/curti/OneDrive/Documents/UIUC/ECE-385/Vivado_Projects/lab_6_2/workspace/mb_usb_hdmi_top/hw/mb_usb_hdmi_top.xsa
TRACE::2024-10-24.19:34:25::SCWPlatform::DSA given C:/Users/curti/OneDrive/Documents/UIUC/ECE-385/Vivado_Projects/lab_6_2/workspace/mb_usb_hdmi_top/hw/mb_usb_hdmi_top.xsa
TRACE::2024-10-24.19:34:25::SCWPlatform::DSA absoulate path C:/Users/curti/OneDrive/Documents/UIUC/ECE-385/Vivado_Projects/lab_6_2/workspace/mb_usb_hdmi_top/hw/mb_usb_hdmi_top.xsa
TRACE::2024-10-24.19:34:25::SCWPlatform::DSA directory C:/Users/curti/OneDrive/Documents/UIUC/ECE-385/Vivado_Projects/lab_6_2/workspace/mb_usb_hdmi_top/hw
TRACE::2024-10-24.19:34:25::SCWPlatform:: Platform Path C:/Users/curti/OneDrive/Documents/UIUC/ECE-385/Vivado_Projects/lab_6_2/workspace/mb_usb_hdmi_top/hw/mb_usb_hdmi_top.xsa
TRACE::2024-10-24.19:34:25::SCWPlatform:: Unique name xilinx:::0.0
TRACE::2024-10-24.19:34:25::SCWPlatform::Trying to set the existing hwdb with name mb_usb_hdmi_top_0
TRACE::2024-10-24.19:34:25::SCWPlatform::Opened existing hwdb mb_usb_hdmi_top_0
TRACE::2024-10-24.19:34:25::SCWPlatform::Found the Hw Db part of the input DSA
TRACE::2024-10-24.19:34:25::SCWMssOS::Checking the sw design at  C:/Users/curti/OneDrive/Documents/UIUC/ECE-385/Vivado_Projects/lab_6_2/workspace/mb_usb_hdmi_top/microblaze_0/standalone_microblaze_0/bsp/system.mss
TRACE::2024-10-24.19:34:25::SCWMssOS::DEBUG:  swdes dump  C:/Users/curti/OneDrive/Documents/UIUC/ECE-385/Vivado_Projects/lab_6_2/workspace/mb_usb_hdmi_top/microblaze_0/standalone_microblaze_0/bsp/system.mss|system||

TRACE::2024-10-24.19:34:25::SCWMssOS::Sw design exists and opened at  C:/Users/curti/OneDrive/Documents/UIUC/ECE-385/Vivado_Projects/lab_6_2/workspace/mb_usb_hdmi_top/microblaze_0/standalone_microblaze_0/bsp/system.mss
TRACE::2024-10-24.19:34:25::SCWWriter::formatted JSON is {
	"platformName":	"mb_usb_hdmi_top",
	"sprVersion":	"2.0",
	"mode":	"gui",
	"dsaType":	"Fixed",
	"platformDesc":	"mb_usb_hdmi_top",
	"platHandOff":	"C:/Users/curti/OneDrive/Documents/UIUC/ECE-385/Vivado_Projects/lab_6_2/mb_usb_hdmi_top.xsa",
	"platIntHandOff":	"<platformDir>/hw/mb_usb_hdmi_top.xsa",
	"deviceType":	"FPGA",
	"platIsPrebuiltAutogen":	"false",
	"platIsNoBootBsp":	"false",
	"hasFsblMakeHasChanges":	"false",
	"hasPmufwMakeHasChanges":	"false",
	"platPreBuiltFlag":	false,
	"platformSamplesDir":	"",
	"platActiveSys":	"mb_usb_hdmi_top",
	"systems":	[{
			"systemName":	"mb_usb_hdmi_top",
			"systemDesc":	"mb_usb_hdmi_top",
			"sysIsBootAutoGen":	"true",
			"systemDispName":	"mb_usb_hdmi_top",
			"sysActiveDom":	"standalone_microblaze_0",
			"sysDefaultDom":	"standalone_microblaze_0",
			"domains":	[{
					"domainName":	"standalone_microblaze_0",
					"domainDispName":	"standalone_microblaze_0",
					"domainDesc":	"standalone_microblaze_0",
					"processors":	"microblaze_0",
					"os":	"standalone",
					"sdxOs":	"standalone",
					"debugEnable":	"False",
					"domRuntimes":	["cpp"],
					"swRepo":	"",
					"mssOsVer":	"8.0",
					"mssFile":	"",
					"md5Digest":	"304529987e879521ca977c68d163f362",
					"compatibleApp":	"hello_world",
					"domType":	"mssDomain",
					"arch":	"32-bit",
					"appSettings":	{
						"appCompilerFlags":	"",
						"appLinkerFlags":	""
					},
					"addedLibs":	[],
					"libOptions":	{
						"libsContainingOptions":	[]
					},
					"prebuiltLibs":	{
						"prebuiltIncPath":	[],
						"prebuiltLibPath":	[]
					},
					"isolation":	{
					}
				}]
		}]
}
KEYINFO::2024-10-24.19:34:25::SCWPlatform::updated the xpfm file.
LOG::2024-10-24.20:50:34::SCWPlatform::Started generating the artifacts platform mb_usb_hdmi_top
TRACE::2024-10-24.20:50:34::SCWPlatform::Sanity checking of platform is completed
LOG::2024-10-24.20:50:34::SCWPlatform::Started generating the artifacts for system configuration mb_usb_hdmi_top
LOG::2024-10-24.20:50:34::SCWSystem::Checking the domain standalone_microblaze_0
LOG::2024-10-24.20:50:34::SCWSystem::Not a boot domain 
LOG::2024-10-24.20:50:34::SCWSystem::Started Processing the domain standalone_microblaze_0
TRACE::2024-10-24.20:50:34::SCWDomain::Generating domain artifcats
TRACE::2024-10-24.20:50:34::SCWMssOS::Generating standalone artifcats
TRACE::2024-10-24.20:50:34::SCWMssOS:: Copying the user libraries. 
TRACE::2024-10-24.20:50:34::SCWPlatform::Trying to open the hw design at C:/Users/curti/OneDrive/Documents/UIUC/ECE-385/Vivado_Projects/lab_6_2/workspace/mb_usb_hdmi_top/hw/mb_usb_hdmi_top.xsa
TRACE::2024-10-24.20:50:34::SCWPlatform::DSA given C:/Users/curti/OneDrive/Documents/UIUC/ECE-385/Vivado_Projects/lab_6_2/workspace/mb_usb_hdmi_top/hw/mb_usb_hdmi_top.xsa
TRACE::2024-10-24.20:50:34::SCWPlatform::DSA absoulate path C:/Users/curti/OneDrive/Documents/UIUC/ECE-385/Vivado_Projects/lab_6_2/workspace/mb_usb_hdmi_top/hw/mb_usb_hdmi_top.xsa
TRACE::2024-10-24.20:50:34::SCWPlatform::DSA directory C:/Users/curti/OneDrive/Documents/UIUC/ECE-385/Vivado_Projects/lab_6_2/workspace/mb_usb_hdmi_top/hw
TRACE::2024-10-24.20:50:34::SCWPlatform:: Platform Path C:/Users/curti/OneDrive/Documents/UIUC/ECE-385/Vivado_Projects/lab_6_2/workspace/mb_usb_hdmi_top/hw/mb_usb_hdmi_top.xsa
TRACE::2024-10-24.20:50:34::SCWPlatform:: Unique name xilinx:::0.0
TRACE::2024-10-24.20:50:34::SCWPlatform::Trying to set the existing hwdb with name mb_usb_hdmi_top_0
TRACE::2024-10-24.20:50:34::SCWPlatform::Opened existing hwdb mb_usb_hdmi_top_0
TRACE::2024-10-24.20:50:34::SCWPlatform::Found the Hw Db part of the input DSA
TRACE::2024-10-24.20:50:34::SCWMssOS::Checking the sw design at  C:/Users/curti/OneDrive/Documents/UIUC/ECE-385/Vivado_Projects/lab_6_2/workspace/mb_usb_hdmi_top/microblaze_0/standalone_microblaze_0/bsp/system.mss
TRACE::2024-10-24.20:50:34::SCWMssOS::DEBUG:  swdes dump  C:/Users/curti/OneDrive/Documents/UIUC/ECE-385/Vivado_Projects/lab_6_2/workspace/mb_usb_hdmi_top/microblaze_0/standalone_microblaze_0/bsp/system.mss|system||

TRACE::2024-10-24.20:50:34::SCWMssOS::Sw design exists and opened at  C:/Users/curti/OneDrive/Documents/UIUC/ECE-385/Vivado_Projects/lab_6_2/workspace/mb_usb_hdmi_top/microblaze_0/standalone_microblaze_0/bsp/system.mss
TRACE::2024-10-24.20:50:34::SCWMssOS::Completed writing the mss file at C:/Users/curti/OneDrive/Documents/UIUC/ECE-385/Vivado_Projects/lab_6_2/workspace/mb_usb_hdmi_top/microblaze_0/standalone_microblaze_0/bsp
TRACE::2024-10-24.20:50:34::SCWMssOS::Mss edits present, copying mssfile into export location C:/Users/curti/OneDrive/Documents/UIUC/ECE-385/Vivado_Projects/lab_6_2/workspace/mb_usb_hdmi_top/microblaze_0/standalone_microblaze_0/bsp/system.mss
TRACE::2024-10-24.20:50:34::SCWMssOS::bsp generated is upto date with the mss file. Skipping bsp generation.
TRACE::2024-10-24.20:50:34::SCWMssOS::BSP is already built. skipping the bsp build ... 
TRACE::2024-10-24.20:50:34::SCWDomain::Building the domain as part of full build :  standalone_microblaze_0
TRACE::2024-10-24.20:50:34::SCWMssOS::doing bsp build ... 
TRACE::2024-10-24.20:50:34::SCWMssOS::System Command Ran  C: & cd  C:/Users/curti/OneDrive/Documents/UIUC/ECE-385/Vivado_Projects/lab_6_2/workspace/mb_usb_hdmi_top/microblaze_0/standalone_microblaze_0/bsp & make 
TRACE::2024-10-24.20:50:34::SCWMssOS::make --no-print-directory seq_libs

TRACE::2024-10-24.20:50:34::SCWMssOS::'Finished building libraries sequentially.'

TRACE::2024-10-24.20:50:34::SCWMssOS::make -j 18 --no-print-directory par_libs

TRACE::2024-10-24.20:50:34::SCWMssOS::"Running Make include in microblaze_0/libsrc/bram_v4_8/src"

TRACE::2024-10-24.20:50:34::SCWMssOS::make -C microblaze_0/libsrc/bram_v4_8/src -s include  "SHELL=CMD" "COMPILER=mb-gcc" "ASSEMBLER=mb-as" "ARCHIVER=mb-ar" "COMPILE
TRACE::2024-10-24.20:50:34::SCWMssOS::R_FLAGS=  -O2 -c -mcpu=v11.0 -mlittle-endian -mno-xl-reorder -mno-xl-soft-mul -mxl-barrel-shift -mxl-pattern-compare" "EXTRA_CO
TRACE::2024-10-24.20:50:34::SCWMssOS::MPILER_FLAGS=-g -ffunction-sections -fdata-sections -Wall -Wextra -fno-tree-loop-distribute-patterns"

TRACE::2024-10-24.20:50:34::SCWMssOS::"Running Make include in microblaze_0/libsrc/cpu_v2_16/src"

TRACE::2024-10-24.20:50:34::SCWMssOS::make -C microblaze_0/libsrc/cpu_v2_16/src -s include  "SHELL=CMD" "COMPILER=mb-gcc" "ASSEMBLER=mb-as" "ARCHIVER=mb-ar" "COMPILE
TRACE::2024-10-24.20:50:34::SCWMssOS::R_FLAGS=  -O2 -c -mcpu=v11.0 -mlittle-endian -mno-xl-reorder -mno-xl-soft-mul -mxl-barrel-shift -mxl-pattern-compare" "EXTRA_CO
TRACE::2024-10-24.20:50:34::SCWMssOS::MPILER_FLAGS=-g -ffunction-sections -fdata-sections -Wall -Wextra -fno-tree-loop-distribute-patterns"

TRACE::2024-10-24.20:50:34::SCWMssOS::"Running Make include in microblaze_0/libsrc/gpio_v4_9/src"

TRACE::2024-10-24.20:50:34::SCWMssOS::make -C microblaze_0/libsrc/gpio_v4_9/src -s include  "SHELL=CMD" "COMPILER=mb-gcc" "ASSEMBLER=mb-as" "ARCHIVER=mb-ar" "COMPILE
TRACE::2024-10-24.20:50:34::SCWMssOS::R_FLAGS=  -O2 -c -mcpu=v11.0 -mlittle-endian -mno-xl-reorder -mno-xl-soft-mul -mxl-barrel-shift -mxl-pattern-compare" "EXTRA_CO
TRACE::2024-10-24.20:50:34::SCWMssOS::MPILER_FLAGS=-g -ffunction-sections -fdata-sections -Wall -Wextra -fno-tree-loop-distribute-patterns"

TRACE::2024-10-24.20:50:34::SCWMssOS::"Running Make include in microblaze_0/libsrc/intc_v3_15/src"

TRACE::2024-10-24.20:50:34::SCWMssOS::make -C microblaze_0/libsrc/intc_v3_15/src -s include  "SHELL=CMD" "COMPILER=mb-gcc" "ASSEMBLER=mb-as" "ARCHIVER=mb-ar" "COMPIL
TRACE::2024-10-24.20:50:34::SCWMssOS::ER_FLAGS=  -O2 -c -mcpu=v11.0 -mlittle-endian -mno-xl-reorder -mno-xl-soft-mul -mxl-barrel-shift -mxl-pattern-compare" "EXTRA_C
TRACE::2024-10-24.20:50:34::SCWMssOS::OMPILER_FLAGS=-g -ffunction-sections -fdata-sections -Wall -Wextra -fno-tree-loop-distribute-patterns"

TRACE::2024-10-24.20:50:34::SCWMssOS::"Running Make include in microblaze_0/libsrc/spi_v4_9/src"

TRACE::2024-10-24.20:50:34::SCWMssOS::make -C microblaze_0/libsrc/spi_v4_9/src -s include  "SHELL=CMD" "COMPILER=mb-gcc" "ASSEMBLER=mb-as" "ARCHIVER=mb-ar" "COMPILER
TRACE::2024-10-24.20:50:34::SCWMssOS::_FLAGS=  -O2 -c -mcpu=v11.0 -mlittle-endian -mno-xl-reorder -mno-xl-soft-mul -mxl-barrel-shift -mxl-pattern-compare" "EXTRA_COM
TRACE::2024-10-24.20:50:34::SCWMssOS::PILER_FLAGS=-g -ffunction-sections -fdata-sections -Wall -Wextra -fno-tree-loop-distribute-patterns"

TRACE::2024-10-24.20:50:34::SCWMssOS::"Running Make include in microblaze_0/libsrc/standalone_v8_0/src"

TRACE::2024-10-24.20:50:34::SCWMssOS::make -C microblaze_0/libsrc/standalone_v8_0/src -s include  "SHELL=CMD" "COMPILER=mb-gcc" "ASSEMBLER=mb-as" "ARCHIVER=mb-ar" "C
TRACE::2024-10-24.20:50:34::SCWMssOS::OMPILER_FLAGS=  -O2 -c -mcpu=v11.0 -mlittle-endian -mno-xl-reorder -mno-xl-soft-mul -mxl-barrel-shift -mxl-pattern-compare" "EX
TRACE::2024-10-24.20:50:34::SCWMssOS::TRA_COMPILER_FLAGS=-g -ffunction-sections -fdata-sections -Wall -Wextra -fno-tree-loop-distribute-patterns"

TRACE::2024-10-24.20:50:34::SCWMssOS::"Running Make include in microblaze_0/libsrc/tmrctr_v4_9/src"

TRACE::2024-10-24.20:50:34::SCWMssOS::make -C microblaze_0/libsrc/tmrctr_v4_9/src -s include  "SHELL=CMD" "COMPILER=mb-gcc" "ASSEMBLER=mb-as" "ARCHIVER=mb-ar" "COMPI
TRACE::2024-10-24.20:50:34::SCWMssOS::LER_FLAGS=  -O2 -c -mcpu=v11.0 -mlittle-endian -mno-xl-reorder -mno-xl-soft-mul -mxl-barrel-shift -mxl-pattern-compare" "EXTRA_
TRACE::2024-10-24.20:50:34::SCWMssOS::COMPILER_FLAGS=-g -ffunction-sections -fdata-sections -Wall -Wextra -fno-tree-loop-distribute-patterns"

TRACE::2024-10-24.20:50:34::SCWMssOS::"Running Make include in microblaze_0/libsrc/uartlite_v3_7/src"

TRACE::2024-10-24.20:50:34::SCWMssOS::make -C microblaze_0/libsrc/uartlite_v3_7/src -s include  "SHELL=CMD" "COMPILER=mb-gcc" "ASSEMBLER=mb-as" "ARCHIVER=mb-ar" "COM
TRACE::2024-10-24.20:50:34::SCWMssOS::PILER_FLAGS=  -O2 -c -mcpu=v11.0 -mlittle-endian -mno-xl-reorder -mno-xl-soft-mul -mxl-barrel-shift -mxl-pattern-compare" "EXTR
TRACE::2024-10-24.20:50:34::SCWMssOS::A_COMPILER_FLAGS=-g -ffunction-sections -fdata-sections -Wall -Wextra -fno-tree-loop-distribute-patterns"

TRACE::2024-10-24.20:50:35::SCWMssOS::"Running Make libs in microblaze_0/libsrc/bram_v4_8/src"

TRACE::2024-10-24.20:50:35::SCWMssOS::make -C microblaze_0/libsrc/bram_v4_8/src -s libs  "SHELL=CMD" "COMPILER=mb-gcc" "ASSEMBLER=mb-as" "ARCHIVER=mb-ar" "COMPILER_F
TRACE::2024-10-24.20:50:35::SCWMssOS::LAGS=  -O2 -c -mcpu=v11.0 -mlittle-endian -mno-xl-reorder -mno-xl-soft-mul -mxl-barrel-shift -mxl-pattern-compare" "EXTRA_COMPI
TRACE::2024-10-24.20:50:35::SCWMssOS::LER_FLAGS=-g -ffunction-sections -fdata-sections -Wall -Wextra -fno-tree-loop-distribute-patterns"

TRACE::2024-10-24.20:50:35::SCWMssOS::"Running Make libs in microblaze_0/libsrc/cpu_v2_16/src"

TRACE::2024-10-24.20:50:35::SCWMssOS::make -C microblaze_0/libsrc/cpu_v2_16/src -s libs  "SHELL=CMD" "COMPILER=mb-gcc" "ASSEMBLER=mb-as" "ARCHIVER=mb-ar" "COMPILER_F
TRACE::2024-10-24.20:50:35::SCWMssOS::LAGS=  -O2 -c -mcpu=v11.0 -mlittle-endian -mno-xl-reorder -mno-xl-soft-mul -mxl-barrel-shift -mxl-pattern-compare" "EXTRA_COMPI
TRACE::2024-10-24.20:50:35::SCWMssOS::LER_FLAGS=-g -ffunction-sections -fdata-sections -Wall -Wextra -fno-tree-loop-distribute-patterns"

TRACE::2024-10-24.20:50:35::SCWMssOS::"Running Make libs in microblaze_0/libsrc/gpio_v4_9/src"

TRACE::2024-10-24.20:50:35::SCWMssOS::make -C microblaze_0/libsrc/gpio_v4_9/src -s libs  "SHELL=CMD" "COMPILER=mb-gcc" "ASSEMBLER=mb-as" "ARCHIVER=mb-ar" "COMPILER_F
TRACE::2024-10-24.20:50:35::SCWMssOS::LAGS=  -O2 -c -mcpu=v11.0 -mlittle-endian -mno-xl-reorder -mno-xl-soft-mul -mxl-barrel-shift -mxl-pattern-compare" "EXTRA_COMPI
TRACE::2024-10-24.20:50:35::SCWMssOS::LER_FLAGS=-g -ffunction-sections -fdata-sections -Wall -Wextra -fno-tree-loop-distribute-patterns"

TRACE::2024-10-24.20:50:35::SCWMssOS::"Running Make libs in microblaze_0/libsrc/intc_v3_15/src"

TRACE::2024-10-24.20:50:35::SCWMssOS::make -C microblaze_0/libsrc/intc_v3_15/src -s libs  "SHELL=CMD" "COMPILER=mb-gcc" "ASSEMBLER=mb-as" "ARCHIVER=mb-ar" "COMPILER_
TRACE::2024-10-24.20:50:35::SCWMssOS::FLAGS=  -O2 -c -mcpu=v11.0 -mlittle-endian -mno-xl-reorder -mno-xl-soft-mul -mxl-barrel-shift -mxl-pattern-compare" "EXTRA_COMP
TRACE::2024-10-24.20:50:35::SCWMssOS::ILER_FLAGS=-g -ffunction-sections -fdata-sections -Wall -Wextra -fno-tree-loop-distribute-patterns"

TRACE::2024-10-24.20:50:35::SCWMssOS::"Running Make libs in microblaze_0/libsrc/spi_v4_9/src"

TRACE::2024-10-24.20:50:35::SCWMssOS::make -C microblaze_0/libsrc/spi_v4_9/src -s libs  "SHELL=CMD" "COMPILER=mb-gcc" "ASSEMBLER=mb-as" "ARCHIVER=mb-ar" "COMPILER_FL
TRACE::2024-10-24.20:50:35::SCWMssOS::AGS=  -O2 -c -mcpu=v11.0 -mlittle-endian -mno-xl-reorder -mno-xl-soft-mul -mxl-barrel-shift -mxl-pattern-compare" "EXTRA_COMPIL
TRACE::2024-10-24.20:50:35::SCWMssOS::ER_FLAGS=-g -ffunction-sections -fdata-sections -Wall -Wextra -fno-tree-loop-distribute-patterns"

TRACE::2024-10-24.20:50:35::SCWMssOS::"Running Make libs in microblaze_0/libsrc/standalone_v8_0/src"

TRACE::2024-10-24.20:50:35::SCWMssOS::make -C microblaze_0/libsrc/standalone_v8_0/src -s libs  "SHELL=CMD" "COMPILER=mb-gcc" "ASSEMBLER=mb-as" "ARCHIVER=mb-ar" "COMP
TRACE::2024-10-24.20:50:35::SCWMssOS::ILER_FLAGS=  -O2 -c -mcpu=v11.0 -mlittle-endian -mno-xl-reorder -mno-xl-soft-mul -mxl-barrel-shift -mxl-pattern-compare" "EXTRA
TRACE::2024-10-24.20:50:35::SCWMssOS::_COMPILER_FLAGS=-g -ffunction-sections -fdata-sections -Wall -Wextra -fno-tree-loop-distribute-patterns"

TRACE::2024-10-24.20:50:35::SCWMssOS::"Running Make libs in microblaze_0/libsrc/tmrctr_v4_9/src"

TRACE::2024-10-24.20:50:35::SCWMssOS::make -C microblaze_0/libsrc/tmrctr_v4_9/src -s libs  "SHELL=CMD" "COMPILER=mb-gcc" "ASSEMBLER=mb-as" "ARCHIVER=mb-ar" "COMPILER
TRACE::2024-10-24.20:50:35::SCWMssOS::_FLAGS=  -O2 -c -mcpu=v11.0 -mlittle-endian -mno-xl-reorder -mno-xl-soft-mul -mxl-barrel-shift -mxl-pattern-compare" "EXTRA_COM
TRACE::2024-10-24.20:50:35::SCWMssOS::PILER_FLAGS=-g -ffunction-sections -fdata-sections -Wall -Wextra -fno-tree-loop-distribute-patterns"

TRACE::2024-10-24.20:50:35::SCWMssOS::"Running Make libs in microblaze_0/libsrc/uartlite_v3_7/src"

TRACE::2024-10-24.20:50:35::SCWMssOS::make -C microblaze_0/libsrc/uartlite_v3_7/src -s libs  "SHELL=CMD" "COMPILER=mb-gcc" "ASSEMBLER=mb-as" "ARCHIVER=mb-ar" "COMPIL
TRACE::2024-10-24.20:50:35::SCWMssOS::ER_FLAGS=  -O2 -c -mcpu=v11.0 -mlittle-endian -mno-xl-reorder -mno-xl-soft-mul -mxl-barrel-shift -mxl-pattern-compare" "EXTRA_C
TRACE::2024-10-24.20:50:35::SCWMssOS::OMPILER_FLAGS=-g -ffunction-sections -fdata-sections -Wall -Wextra -fno-tree-loop-distribute-patterns"

TRACE::2024-10-24.20:50:36::SCWMssOS::"DEBUG NON_LTO_OBJECTS is ../../../lib/microblaze_interrupt_handler.o"

TRACE::2024-10-24.20:50:37::SCWMssOS::'Finished building libraries parallelly.'

TRACE::2024-10-24.20:50:37::SCWMssOS::make --no-print-directory archive

TRACE::2024-10-24.20:50:37::SCWMssOS::mb-ar -r  microblaze_0/lib/libxil.a microblaze_0/lib/_exit.o microblaze_0/lib/errno.o microblaze_0/lib/fcntl.o microblaze_0/lib
TRACE::2024-10-24.20:50:37::SCWMssOS::/hw_exception_handler.o microblaze_0/lib/inbyte.o microblaze_0/lib/microblaze_disable_dcache.o microblaze_0/lib/microblaze_disa
TRACE::2024-10-24.20:50:37::SCWMssOS::ble_exceptions.o microblaze_0/lib/microblaze_disable_icache.o microblaze_0/lib/microblaze_disable_interrupts.o microblaze_0/lib
TRACE::2024-10-24.20:50:37::SCWMssOS::/microblaze_enable_dcache.o microblaze_0/lib/microblaze_enable_exceptions.o microblaze_0/lib/microblaze_enable_icache.o microbl
TRACE::2024-10-24.20:50:37::SCWMssOS::aze_0/lib/microblaze_enable_interrupts.o microblaze_0/lib/microblaze_exception_handler.o microblaze_0/lib/microblaze_flush_cach
TRACE::2024-10-24.20:50:37::SCWMssOS::e_ext.o microblaze_0/lib/microblaze_flush_cache_ext_range.o microblaze_0/lib/microblaze_flush_dcache.o microblaze_0/lib/microbl
TRACE::2024-10-24.20:50:37::SCWMssOS::aze_flush_dcache_range.o microblaze_0/lib/microblaze_init_dcache_range.o microblaze_0/lib/microblaze_init_icache_range.o microb
TRACE::2024-10-24.20:50:37::SCWMssOS::laze_0/lib/microblaze_interrupt_handler.o microblaze_0/lib/microblaze_interrupts_g.o microblaze_0/lib/microblaze_invalidate_cac
TRACE::2024-10-24.20:50:37::SCWMssOS::he_ext.o microblaze_0/lib/microblaze_invalidate_cache_ext_range.o microblaze_0/lib/microblaze_invalidate_dcache.o microblaze_0/
TRACE::2024-10-24.20:50:37::SCWMssOS::lib/microblaze_invalidate_dcache_range.o microblaze_0/lib/microblaze_invalidate_icache.o microblaze_0/lib/microblaze_invalidate
TRACE::2024-10-24.20:50:37::SCWMssOS::_icache_range.o microblaze_0/lib/microblaze_scrub.o microblaze_0/lib/microblaze_selftest.o microblaze_0/lib/microblaze_sleep.o 
TRACE::2024-10-24.20:50:37::SCWMssOS::microblaze_0/lib/microblaze_update_dcache.o microblaze_0/lib/microblaze_update_icache.o microblaze_0/lib/outbyte.o microblaze_0
TRACE::2024-10-24.20:50:37::SCWMssOS::/lib/print.o microblaze_0/lib/pvr.o microblaze_0/lib/xbram.o microblaze_0/lib/xbram_g.o microblaze_0/lib/xbram_intr.o microblaz
TRACE::2024-10-24.20:50:37::SCWMssOS::e_0/lib/xbram_selftest.o microblaze_0/lib/xbram_sinit.o microblaze_0/lib/xgpio.o microblaze_0/lib/xgpio_extra.o microblaze_0/li
TRACE::2024-10-24.20:50:37::SCWMssOS::b/xgpio_g.o microblaze_0/lib/xgpio_intr.o microblaze_0/lib/xgpio_selftest.o microblaze_0/lib/xgpio_sinit.o microblaze_0/lib/xil
TRACE::2024-10-24.20:50:37::SCWMssOS::_assert.o microblaze_0/lib/xil_cache.o microblaze_0/lib/xil_clocking.o microblaze_0/lib/xil_exception.o microblaze_0/lib/xil_me
TRACE::2024-10-24.20:50:37::SCWMssOS::m.o microblaze_0/lib/xil_misc_psreset_api.o microblaze_0/lib/xil_printf.o microblaze_0/lib/xil_sleepcommon.o microblaze_0/lib/x
TRACE::2024-10-24.20:50:37::SCWMssOS::il_testcache.o microblaze_0/lib/xil_testio.o microblaze_0/lib/xil_testmem.o microblaze_0/lib/xil_util.o microblaze_0/lib/xintc.
TRACE::2024-10-24.20:50:37::SCWMssOS::o microblaze_0/lib/xintc_g.o microblaze_0/lib/xintc_intr.o microblaze_0/lib/xintc_l.o microblaze_0/lib/xintc_options.o microbla
TRACE::2024-10-24.20:50:37::SCWMssOS::ze_0/lib/xintc_selftest.o microblaze_0/lib/xinterrupt_wrap.o microblaze_0/lib/xio.o microblaze_0/lib/xplatform_info.o microblaz
TRACE::2024-10-24.20:50:37::SCWMssOS::e_0/lib/xspi.o microblaze_0/lib/xspi_g.o microblaze_0/lib/xspi_options.o microblaze_0/lib/xspi_selftest.o microblaze_0/lib/xspi
TRACE::2024-10-24.20:50:37::SCWMssOS::_sinit.o microblaze_0/lib/xspi_stats.o microblaze_0/lib/xtmrctr.o microblaze_0/lib/xtmrctr_g.o microblaze_0/lib/xtmrctr_intr.o 
TRACE::2024-10-24.20:50:37::SCWMssOS::microblaze_0/lib/xtmrctr_l.o microblaze_0/lib/xtmrctr_options.o microblaze_0/lib/xtmrctr_selftest.o microblaze_0/lib/xtmrctr_si
TRACE::2024-10-24.20:50:37::SCWMssOS::nit.o microblaze_0/lib/xtmrctr_stats.o microblaze_0/lib/xuartlite.o microblaze_0/lib/xuartlite_g.o microblaze_0/lib/xuartlite_i
TRACE::2024-10-24.20:50:37::SCWMssOS::ntr.o microblaze_0/lib/xuartlite_l.o microblaze_0/lib/xuartlite_selftest.o microblaze_0/lib/xuartlite_sinit.o microblaze_0/lib/
TRACE::2024-10-24.20:50:37::SCWMssOS::xuartlite_stats.o

TRACE::2024-10-24.20:50:37::SCWMssOS::'Finished building libraries'

TRACE::2024-10-24.20:50:37::SCWMssOS::Copying to export directory.
TRACE::2024-10-24.20:50:37::SCWMssOS:: Checking if to create the Supporting Applications
TRACE::2024-10-24.20:50:37::SCWMssOS:: No Linux domain exists, trying to generate FSBL 
LOG::2024-10-24.20:50:37::SCWSystem::Completed Processing the domain standalone_microblaze_0
LOG::2024-10-24.20:50:37::SCWSystem::Completed Processing the sysconfig mb_usb_hdmi_top
LOG::2024-10-24.20:50:37::SCWPlatform::Completed generating the artifacts for system configuration mb_usb_hdmi_top
TRACE::2024-10-24.20:50:37::SCWPlatform::Started preparing the platform 
TRACE::2024-10-24.20:50:37::SCWSystem::Writing the bif file for system config mb_usb_hdmi_top
TRACE::2024-10-24.20:50:37::SCWSystem::dir created 
TRACE::2024-10-24.20:50:37::SCWSystem::Writing the bif 
TRACE::2024-10-24.20:50:37::SCWPlatform::Started writing the spfm file 
TRACE::2024-10-24.20:50:37::SCWPlatform::Started writing the xpfm file 
TRACE::2024-10-24.20:50:37::SCWPlatform::Completed generating the platform
TRACE::2024-10-24.20:50:37::SCWMssOS::Saving the mss changes C:/Users/curti/OneDrive/Documents/UIUC/ECE-385/Vivado_Projects/lab_6_2/workspace/mb_usb_hdmi_top/microblaze_0/standalone_microblaze_0/bsp/system.mss
TRACE::2024-10-24.20:50:37::SCWMssOS::Found a swdesign opened with the mssfile.
TRACE::2024-10-24.20:50:37::SCWMssOS::Completed writemss as part of save.
TRACE::2024-10-24.20:50:37::SCWMssOS::Commit changes completed.
TRACE::2024-10-24.20:50:37::SCWPlatform::Trying to open the hw design at C:/Users/curti/OneDrive/Documents/UIUC/ECE-385/Vivado_Projects/lab_6_2/workspace/mb_usb_hdmi_top/hw/mb_usb_hdmi_top.xsa
TRACE::2024-10-24.20:50:37::SCWPlatform::DSA given C:/Users/curti/OneDrive/Documents/UIUC/ECE-385/Vivado_Projects/lab_6_2/workspace/mb_usb_hdmi_top/hw/mb_usb_hdmi_top.xsa
TRACE::2024-10-24.20:50:37::SCWPlatform::DSA absoulate path C:/Users/curti/OneDrive/Documents/UIUC/ECE-385/Vivado_Projects/lab_6_2/workspace/mb_usb_hdmi_top/hw/mb_usb_hdmi_top.xsa
TRACE::2024-10-24.20:50:37::SCWPlatform::DSA directory C:/Users/curti/OneDrive/Documents/UIUC/ECE-385/Vivado_Projects/lab_6_2/workspace/mb_usb_hdmi_top/hw
TRACE::2024-10-24.20:50:37::SCWPlatform:: Platform Path C:/Users/curti/OneDrive/Documents/UIUC/ECE-385/Vivado_Projects/lab_6_2/workspace/mb_usb_hdmi_top/hw/mb_usb_hdmi_top.xsa
TRACE::2024-10-24.20:50:37::SCWPlatform:: Unique name xilinx:::0.0
TRACE::2024-10-24.20:50:37::SCWPlatform::Trying to set the existing hwdb with name mb_usb_hdmi_top_0
TRACE::2024-10-24.20:50:37::SCWPlatform::Opened existing hwdb mb_usb_hdmi_top_0
TRACE::2024-10-24.20:50:37::SCWPlatform::Found the Hw Db part of the input DSA
TRACE::2024-10-24.20:50:37::SCWMssOS::Checking the sw design at  C:/Users/curti/OneDrive/Documents/UIUC/ECE-385/Vivado_Projects/lab_6_2/workspace/mb_usb_hdmi_top/microblaze_0/standalone_microblaze_0/bsp/system.mss
TRACE::2024-10-24.20:50:37::SCWMssOS::DEBUG:  swdes dump  C:/Users/curti/OneDrive/Documents/UIUC/ECE-385/Vivado_Projects/lab_6_2/workspace/mb_usb_hdmi_top/microblaze_0/standalone_microblaze_0/bsp/system.mss|system||

TRACE::2024-10-24.20:50:37::SCWMssOS::Sw design exists and opened at  C:/Users/curti/OneDrive/Documents/UIUC/ECE-385/Vivado_Projects/lab_6_2/workspace/mb_usb_hdmi_top/microblaze_0/standalone_microblaze_0/bsp/system.mss
TRACE::2024-10-24.20:50:37::SCWPlatform::Trying to open the hw design at C:/Users/curti/OneDrive/Documents/UIUC/ECE-385/Vivado_Projects/lab_6_2/workspace/mb_usb_hdmi_top/hw/mb_usb_hdmi_top.xsa
TRACE::2024-10-24.20:50:37::SCWPlatform::DSA given C:/Users/curti/OneDrive/Documents/UIUC/ECE-385/Vivado_Projects/lab_6_2/workspace/mb_usb_hdmi_top/hw/mb_usb_hdmi_top.xsa
TRACE::2024-10-24.20:50:37::SCWPlatform::DSA absoulate path C:/Users/curti/OneDrive/Documents/UIUC/ECE-385/Vivado_Projects/lab_6_2/workspace/mb_usb_hdmi_top/hw/mb_usb_hdmi_top.xsa
TRACE::2024-10-24.20:50:37::SCWPlatform::DSA directory C:/Users/curti/OneDrive/Documents/UIUC/ECE-385/Vivado_Projects/lab_6_2/workspace/mb_usb_hdmi_top/hw
TRACE::2024-10-24.20:50:37::SCWPlatform:: Platform Path C:/Users/curti/OneDrive/Documents/UIUC/ECE-385/Vivado_Projects/lab_6_2/workspace/mb_usb_hdmi_top/hw/mb_usb_hdmi_top.xsa
TRACE::2024-10-24.20:50:37::SCWPlatform:: Unique name xilinx:::0.0
TRACE::2024-10-24.20:50:37::SCWPlatform::Trying to set the existing hwdb with name mb_usb_hdmi_top_0
TRACE::2024-10-24.20:50:37::SCWPlatform::Opened existing hwdb mb_usb_hdmi_top_0
TRACE::2024-10-24.20:50:37::SCWPlatform::Found the Hw Db part of the input DSA
TRACE::2024-10-24.20:50:37::SCWMssOS::Checking the sw design at  C:/Users/curti/OneDrive/Documents/UIUC/ECE-385/Vivado_Projects/lab_6_2/workspace/mb_usb_hdmi_top/microblaze_0/standalone_microblaze_0/bsp/system.mss
TRACE::2024-10-24.20:50:37::SCWMssOS::DEBUG:  swdes dump  C:/Users/curti/OneDrive/Documents/UIUC/ECE-385/Vivado_Projects/lab_6_2/workspace/mb_usb_hdmi_top/microblaze_0/standalone_microblaze_0/bsp/system.mss|system||

TRACE::2024-10-24.20:50:37::SCWMssOS::Sw design exists and opened at  C:/Users/curti/OneDrive/Documents/UIUC/ECE-385/Vivado_Projects/lab_6_2/workspace/mb_usb_hdmi_top/microblaze_0/standalone_microblaze_0/bsp/system.mss
TRACE::2024-10-24.20:50:37::SCWPlatform::Trying to open the hw design at C:/Users/curti/OneDrive/Documents/UIUC/ECE-385/Vivado_Projects/lab_6_2/workspace/mb_usb_hdmi_top/hw/mb_usb_hdmi_top.xsa
TRACE::2024-10-24.20:50:37::SCWPlatform::DSA given C:/Users/curti/OneDrive/Documents/UIUC/ECE-385/Vivado_Projects/lab_6_2/workspace/mb_usb_hdmi_top/hw/mb_usb_hdmi_top.xsa
TRACE::2024-10-24.20:50:37::SCWPlatform::DSA absoulate path C:/Users/curti/OneDrive/Documents/UIUC/ECE-385/Vivado_Projects/lab_6_2/workspace/mb_usb_hdmi_top/hw/mb_usb_hdmi_top.xsa
TRACE::2024-10-24.20:50:37::SCWPlatform::DSA directory C:/Users/curti/OneDrive/Documents/UIUC/ECE-385/Vivado_Projects/lab_6_2/workspace/mb_usb_hdmi_top/hw
TRACE::2024-10-24.20:50:37::SCWPlatform:: Platform Path C:/Users/curti/OneDrive/Documents/UIUC/ECE-385/Vivado_Projects/lab_6_2/workspace/mb_usb_hdmi_top/hw/mb_usb_hdmi_top.xsa
TRACE::2024-10-24.20:50:37::SCWPlatform:: Unique name xilinx:::0.0
TRACE::2024-10-24.20:50:37::SCWPlatform::Trying to set the existing hwdb with name mb_usb_hdmi_top_0
TRACE::2024-10-24.20:50:37::SCWPlatform::Opened existing hwdb mb_usb_hdmi_top_0
TRACE::2024-10-24.20:50:37::SCWPlatform::Found the Hw Db part of the input DSA
TRACE::2024-10-24.20:50:37::SCWMssOS::Checking the sw design at  C:/Users/curti/OneDrive/Documents/UIUC/ECE-385/Vivado_Projects/lab_6_2/workspace/mb_usb_hdmi_top/microblaze_0/standalone_microblaze_0/bsp/system.mss
TRACE::2024-10-24.20:50:37::SCWMssOS::DEBUG:  swdes dump  C:/Users/curti/OneDrive/Documents/UIUC/ECE-385/Vivado_Projects/lab_6_2/workspace/mb_usb_hdmi_top/microblaze_0/standalone_microblaze_0/bsp/system.mss|system||

TRACE::2024-10-24.20:50:37::SCWMssOS::Sw design exists and opened at  C:/Users/curti/OneDrive/Documents/UIUC/ECE-385/Vivado_Projects/lab_6_2/workspace/mb_usb_hdmi_top/microblaze_0/standalone_microblaze_0/bsp/system.mss
TRACE::2024-10-24.20:50:37::SCWWriter::formatted JSON is {
	"platformName":	"mb_usb_hdmi_top",
	"sprVersion":	"2.0",
	"mode":	"gui",
	"dsaType":	"Fixed",
	"platformDesc":	"mb_usb_hdmi_top",
	"platHandOff":	"C:/Users/curti/OneDrive/Documents/UIUC/ECE-385/Vivado_Projects/lab_6_2/mb_usb_hdmi_top.xsa",
	"platIntHandOff":	"<platformDir>/hw/mb_usb_hdmi_top.xsa",
	"deviceType":	"FPGA",
	"platIsPrebuiltAutogen":	"false",
	"platIsNoBootBsp":	"false",
	"hasFsblMakeHasChanges":	"false",
	"hasPmufwMakeHasChanges":	"false",
	"platPreBuiltFlag":	false,
	"platformSamplesDir":	"",
	"platActiveSys":	"mb_usb_hdmi_top",
	"systems":	[{
			"systemName":	"mb_usb_hdmi_top",
			"systemDesc":	"mb_usb_hdmi_top",
			"sysIsBootAutoGen":	"true",
			"systemDispName":	"mb_usb_hdmi_top",
			"sysActiveDom":	"standalone_microblaze_0",
			"sysDefaultDom":	"standalone_microblaze_0",
			"domains":	[{
					"domainName":	"standalone_microblaze_0",
					"domainDispName":	"standalone_microblaze_0",
					"domainDesc":	"standalone_microblaze_0",
					"processors":	"microblaze_0",
					"os":	"standalone",
					"sdxOs":	"standalone",
					"debugEnable":	"False",
					"domRuntimes":	["cpp"],
					"swRepo":	"",
					"mssOsVer":	"8.0",
					"mssFile":	"",
					"md5Digest":	"304529987e879521ca977c68d163f362",
					"compatibleApp":	"hello_world",
					"domType":	"mssDomain",
					"arch":	"32-bit",
					"appSettings":	{
						"appCompilerFlags":	"",
						"appLinkerFlags":	""
					},
					"addedLibs":	[],
					"libOptions":	{
						"libsContainingOptions":	[]
					},
					"prebuiltLibs":	{
						"prebuiltIncPath":	[],
						"prebuiltLibPath":	[]
					},
					"isolation":	{
					}
				}]
		}]
}
KEYINFO::2024-10-24.20:50:37::SCWPlatform::updated the xpfm file.
TRACE::2024-10-24.20:50:37::SCWPlatform::Trying to open the hw design at C:/Users/curti/OneDrive/Documents/UIUC/ECE-385/Vivado_Projects/lab_6_2/workspace/mb_usb_hdmi_top/hw/mb_usb_hdmi_top.xsa
TRACE::2024-10-24.20:50:37::SCWPlatform::DSA given C:/Users/curti/OneDrive/Documents/UIUC/ECE-385/Vivado_Projects/lab_6_2/workspace/mb_usb_hdmi_top/hw/mb_usb_hdmi_top.xsa
TRACE::2024-10-24.20:50:37::SCWPlatform::DSA absoulate path C:/Users/curti/OneDrive/Documents/UIUC/ECE-385/Vivado_Projects/lab_6_2/workspace/mb_usb_hdmi_top/hw/mb_usb_hdmi_top.xsa
TRACE::2024-10-24.20:50:37::SCWPlatform::DSA directory C:/Users/curti/OneDrive/Documents/UIUC/ECE-385/Vivado_Projects/lab_6_2/workspace/mb_usb_hdmi_top/hw
TRACE::2024-10-24.20:50:37::SCWPlatform:: Platform Path C:/Users/curti/OneDrive/Documents/UIUC/ECE-385/Vivado_Projects/lab_6_2/workspace/mb_usb_hdmi_top/hw/mb_usb_hdmi_top.xsa
TRACE::2024-10-24.20:50:37::SCWPlatform:: Unique name xilinx:::0.0
TRACE::2024-10-24.20:50:37::SCWPlatform::Trying to set the existing hwdb with name mb_usb_hdmi_top_0
TRACE::2024-10-24.20:50:37::SCWPlatform::Opened existing hwdb mb_usb_hdmi_top_0
TRACE::2024-10-24.20:50:37::SCWPlatform::Found the Hw Db part of the input DSA
TRACE::2024-10-24.20:50:37::SCWMssOS::Checking the sw design at  C:/Users/curti/OneDrive/Documents/UIUC/ECE-385/Vivado_Projects/lab_6_2/workspace/mb_usb_hdmi_top/microblaze_0/standalone_microblaze_0/bsp/system.mss
TRACE::2024-10-24.20:50:37::SCWMssOS::DEBUG:  swdes dump  C:/Users/curti/OneDrive/Documents/UIUC/ECE-385/Vivado_Projects/lab_6_2/workspace/mb_usb_hdmi_top/microblaze_0/standalone_microblaze_0/bsp/system.mss|system||

TRACE::2024-10-24.20:50:37::SCWMssOS::Sw design exists and opened at  C:/Users/curti/OneDrive/Documents/UIUC/ECE-385/Vivado_Projects/lab_6_2/workspace/mb_usb_hdmi_top/microblaze_0/standalone_microblaze_0/bsp/system.mss
TRACE::2024-10-24.22:31:48::SCWPlatform::Trying to open the hw design at C:/Users/curti/OneDrive/Documents/UIUC/ECE-385/Vivado_Projects/lab_6_2/workspace/mb_usb_hdmi_top/hw/mb_usb_hdmi_top.xsa
TRACE::2024-10-24.22:31:48::SCWPlatform::DSA given C:/Users/curti/OneDrive/Documents/UIUC/ECE-385/Vivado_Projects/lab_6_2/workspace/mb_usb_hdmi_top/hw/mb_usb_hdmi_top.xsa
TRACE::2024-10-24.22:31:48::SCWPlatform::DSA absoulate path C:/Users/curti/OneDrive/Documents/UIUC/ECE-385/Vivado_Projects/lab_6_2/workspace/mb_usb_hdmi_top/hw/mb_usb_hdmi_top.xsa
TRACE::2024-10-24.22:31:48::SCWPlatform::DSA directory C:/Users/curti/OneDrive/Documents/UIUC/ECE-385/Vivado_Projects/lab_6_2/workspace/mb_usb_hdmi_top/hw
TRACE::2024-10-24.22:31:48::SCWPlatform:: Platform Path C:/Users/curti/OneDrive/Documents/UIUC/ECE-385/Vivado_Projects/lab_6_2/workspace/mb_usb_hdmi_top/hw/mb_usb_hdmi_top.xsa
TRACE::2024-10-24.22:31:48::SCWPlatform:: Unique name xilinx:::0.0
TRACE::2024-10-24.22:31:48::SCWPlatform::Do not have an existing db opened. 
TRACE::2024-10-24.22:31:48::SCWPlatform::Opened new HwDB with name mb_usb_hdmi_top_1
TRACE::2024-10-24.22:31:48::SCWReader::Active system found as  mb_usb_hdmi_top
TRACE::2024-10-24.22:31:48::SCWReader::Handling sysconfig mb_usb_hdmi_top
TRACE::2024-10-24.22:31:48::SCWDomain::checking for install qemu data   : 
TRACE::2024-10-24.22:31:48::SCWPlatform::Trying to open the hw design at C:/Users/curti/OneDrive/Documents/UIUC/ECE-385/Vivado_Projects/lab_6_2/workspace/mb_usb_hdmi_top/hw/mb_usb_hdmi_top.xsa
TRACE::2024-10-24.22:31:48::SCWPlatform::DSA given C:/Users/curti/OneDrive/Documents/UIUC/ECE-385/Vivado_Projects/lab_6_2/workspace/mb_usb_hdmi_top/hw/mb_usb_hdmi_top.xsa
TRACE::2024-10-24.22:31:48::SCWPlatform::DSA absoulate path C:/Users/curti/OneDrive/Documents/UIUC/ECE-385/Vivado_Projects/lab_6_2/workspace/mb_usb_hdmi_top/hw/mb_usb_hdmi_top.xsa
TRACE::2024-10-24.22:31:48::SCWPlatform::DSA directory C:/Users/curti/OneDrive/Documents/UIUC/ECE-385/Vivado_Projects/lab_6_2/workspace/mb_usb_hdmi_top/hw
TRACE::2024-10-24.22:31:48::SCWPlatform:: Platform Path C:/Users/curti/OneDrive/Documents/UIUC/ECE-385/Vivado_Projects/lab_6_2/workspace/mb_usb_hdmi_top/hw/mb_usb_hdmi_top.xsa
TRACE::2024-10-24.22:31:48::SCWPlatform:: Unique name xilinx:::0.0
TRACE::2024-10-24.22:31:48::SCWPlatform::Trying to set the existing hwdb with name mb_usb_hdmi_top_1
TRACE::2024-10-24.22:31:48::SCWPlatform::Opened existing hwdb mb_usb_hdmi_top_1
TRACE::2024-10-24.22:31:48::SCWPlatform::Found the Hw Db part of the input DSA
TRACE::2024-10-24.22:31:48::SCWPlatform::Trying to open the hw design at C:/Users/curti/OneDrive/Documents/UIUC/ECE-385/Vivado_Projects/lab_6_2/workspace/mb_usb_hdmi_top/hw/mb_usb_hdmi_top.xsa
TRACE::2024-10-24.22:31:48::SCWPlatform::DSA given C:/Users/curti/OneDrive/Documents/UIUC/ECE-385/Vivado_Projects/lab_6_2/workspace/mb_usb_hdmi_top/hw/mb_usb_hdmi_top.xsa
TRACE::2024-10-24.22:31:48::SCWPlatform::DSA absoulate path C:/Users/curti/OneDrive/Documents/UIUC/ECE-385/Vivado_Projects/lab_6_2/workspace/mb_usb_hdmi_top/hw/mb_usb_hdmi_top.xsa
TRACE::2024-10-24.22:31:48::SCWPlatform::DSA directory C:/Users/curti/OneDrive/Documents/UIUC/ECE-385/Vivado_Projects/lab_6_2/workspace/mb_usb_hdmi_top/hw
TRACE::2024-10-24.22:31:48::SCWPlatform:: Platform Path C:/Users/curti/OneDrive/Documents/UIUC/ECE-385/Vivado_Projects/lab_6_2/workspace/mb_usb_hdmi_top/hw/mb_usb_hdmi_top.xsa
TRACE::2024-10-24.22:31:48::SCWPlatform:: Unique name xilinx:::0.0
TRACE::2024-10-24.22:31:48::SCWPlatform::Trying to set the existing hwdb with name mb_usb_hdmi_top_1
TRACE::2024-10-24.22:31:48::SCWPlatform::Opened existing hwdb mb_usb_hdmi_top_1
TRACE::2024-10-24.22:31:48::SCWPlatform::Found the Hw Db part of the input DSA
TRACE::2024-10-24.22:31:48::SCWPlatform::Trying to open the hw design at C:/Users/curti/OneDrive/Documents/UIUC/ECE-385/Vivado_Projects/lab_6_2/workspace/mb_usb_hdmi_top/hw/mb_usb_hdmi_top.xsa
TRACE::2024-10-24.22:31:48::SCWPlatform::DSA given C:/Users/curti/OneDrive/Documents/UIUC/ECE-385/Vivado_Projects/lab_6_2/workspace/mb_usb_hdmi_top/hw/mb_usb_hdmi_top.xsa
TRACE::2024-10-24.22:31:48::SCWPlatform::DSA absoulate path C:/Users/curti/OneDrive/Documents/UIUC/ECE-385/Vivado_Projects/lab_6_2/workspace/mb_usb_hdmi_top/hw/mb_usb_hdmi_top.xsa
TRACE::2024-10-24.22:31:48::SCWPlatform::DSA directory C:/Users/curti/OneDrive/Documents/UIUC/ECE-385/Vivado_Projects/lab_6_2/workspace/mb_usb_hdmi_top/hw
TRACE::2024-10-24.22:31:48::SCWPlatform:: Platform Path C:/Users/curti/OneDrive/Documents/UIUC/ECE-385/Vivado_Projects/lab_6_2/workspace/mb_usb_hdmi_top/hw/mb_usb_hdmi_top.xsa
TRACE::2024-10-24.22:31:48::SCWPlatform:: Unique name xilinx:::0.0
TRACE::2024-10-24.22:31:48::SCWPlatform::Trying to set the existing hwdb with name mb_usb_hdmi_top_1
TRACE::2024-10-24.22:31:48::SCWPlatform::Opened existing hwdb mb_usb_hdmi_top_1
TRACE::2024-10-24.22:31:48::SCWPlatform::Found the Hw Db part of the input DSA
TRACE::2024-10-24.22:31:48::SCWPlatform::Trying to open the hw design at C:/Users/curti/OneDrive/Documents/UIUC/ECE-385/Vivado_Projects/lab_6_2/workspace/mb_usb_hdmi_top/hw/mb_usb_hdmi_top.xsa
TRACE::2024-10-24.22:31:48::SCWPlatform::DSA given C:/Users/curti/OneDrive/Documents/UIUC/ECE-385/Vivado_Projects/lab_6_2/workspace/mb_usb_hdmi_top/hw/mb_usb_hdmi_top.xsa
TRACE::2024-10-24.22:31:48::SCWPlatform::DSA absoulate path C:/Users/curti/OneDrive/Documents/UIUC/ECE-385/Vivado_Projects/lab_6_2/workspace/mb_usb_hdmi_top/hw/mb_usb_hdmi_top.xsa
TRACE::2024-10-24.22:31:48::SCWPlatform::DSA directory C:/Users/curti/OneDrive/Documents/UIUC/ECE-385/Vivado_Projects/lab_6_2/workspace/mb_usb_hdmi_top/hw
TRACE::2024-10-24.22:31:48::SCWPlatform:: Platform Path C:/Users/curti/OneDrive/Documents/UIUC/ECE-385/Vivado_Projects/lab_6_2/workspace/mb_usb_hdmi_top/hw/mb_usb_hdmi_top.xsa
TRACE::2024-10-24.22:31:48::SCWPlatform:: Unique name xilinx:::0.0
TRACE::2024-10-24.22:31:48::SCWPlatform::Trying to set the existing hwdb with name mb_usb_hdmi_top_1
TRACE::2024-10-24.22:31:48::SCWPlatform::Opened existing hwdb mb_usb_hdmi_top_1
TRACE::2024-10-24.22:31:48::SCWPlatform::Found the Hw Db part of the input DSA
TRACE::2024-10-24.22:31:48::SCWMssOS::Checking the sw design at  C:/Users/curti/OneDrive/Documents/UIUC/ECE-385/Vivado_Projects/lab_6_2/workspace/mb_usb_hdmi_top/microblaze_0/standalone_microblaze_0/bsp/system.mss
TRACE::2024-10-24.22:31:48::SCWMssOS::DEBUG:  swdes dump  
TRACE::2024-10-24.22:31:48::SCWMssOS::No sw design opened at  C:/Users/curti/OneDrive/Documents/UIUC/ECE-385/Vivado_Projects/lab_6_2/workspace/mb_usb_hdmi_top/microblaze_0/standalone_microblaze_0/bsp/system.mss
TRACE::2024-10-24.22:31:48::SCWMssOS::mss exists loading the mss file  C:/Users/curti/OneDrive/Documents/UIUC/ECE-385/Vivado_Projects/lab_6_2/workspace/mb_usb_hdmi_top/microblaze_0/standalone_microblaze_0/bsp/system.mss
TRACE::2024-10-24.22:31:48::SCWMssOS::Opened the sw design from mss  C:/Users/curti/OneDrive/Documents/UIUC/ECE-385/Vivado_Projects/lab_6_2/workspace/mb_usb_hdmi_top/microblaze_0/standalone_microblaze_0/bsp/system.mss
TRACE::2024-10-24.22:31:48::SCWMssOS::Adding the swdes entry C:/Users/curti/OneDrive/Documents/UIUC/ECE-385/Vivado_Projects/lab_6_2/workspace/mb_usb_hdmi_top/microblaze_0/standalone_microblaze_0/bsp/system.mss with des name system
TRACE::2024-10-24.22:31:48::SCWMssOS::updating the scw layer about changes
TRACE::2024-10-24.22:31:48::SCWMssOS::Opened the sw design.  C:/Users/curti/OneDrive/Documents/UIUC/ECE-385/Vivado_Projects/lab_6_2/workspace/mb_usb_hdmi_top/microblaze_0/standalone_microblaze_0/bsp/system.mss
TRACE::2024-10-24.22:31:48::SCWMssOS::Saving the mss changes C:/Users/curti/OneDrive/Documents/UIUC/ECE-385/Vivado_Projects/lab_6_2/workspace/mb_usb_hdmi_top/microblaze_0/standalone_microblaze_0/bsp/system.mss
TRACE::2024-10-24.22:31:48::SCWMssOS::Found a swdesign opened with the mssfile.
TRACE::2024-10-24.22:31:48::SCWMssOS::Completed writemss as part of save.
TRACE::2024-10-24.22:31:48::SCWMssOS::Commit changes completed.
TRACE::2024-10-24.22:31:48::SCWReader::Adding prebuilt librarypaths as   
TRACE::2024-10-24.22:31:48::SCWReader::Adding prebuilt incpaths  as   
TRACE::2024-10-24.22:31:48::SCWPlatform::Trying to open the hw design at C:/Users/curti/OneDrive/Documents/UIUC/ECE-385/Vivado_Projects/lab_6_2/workspace/mb_usb_hdmi_top/hw/mb_usb_hdmi_top.xsa
TRACE::2024-10-24.22:31:48::SCWPlatform::DSA given C:/Users/curti/OneDrive/Documents/UIUC/ECE-385/Vivado_Projects/lab_6_2/workspace/mb_usb_hdmi_top/hw/mb_usb_hdmi_top.xsa
TRACE::2024-10-24.22:31:48::SCWPlatform::DSA absoulate path C:/Users/curti/OneDrive/Documents/UIUC/ECE-385/Vivado_Projects/lab_6_2/workspace/mb_usb_hdmi_top/hw/mb_usb_hdmi_top.xsa
TRACE::2024-10-24.22:31:48::SCWPlatform::DSA directory C:/Users/curti/OneDrive/Documents/UIUC/ECE-385/Vivado_Projects/lab_6_2/workspace/mb_usb_hdmi_top/hw
TRACE::2024-10-24.22:31:48::SCWPlatform:: Platform Path C:/Users/curti/OneDrive/Documents/UIUC/ECE-385/Vivado_Projects/lab_6_2/workspace/mb_usb_hdmi_top/hw/mb_usb_hdmi_top.xsa
TRACE::2024-10-24.22:31:48::SCWPlatform:: Unique name xilinx:::0.0
TRACE::2024-10-24.22:31:48::SCWPlatform::Trying to set the existing hwdb with name mb_usb_hdmi_top_1
TRACE::2024-10-24.22:31:48::SCWPlatform::Opened existing hwdb mb_usb_hdmi_top_1
TRACE::2024-10-24.22:31:48::SCWPlatform::Found the Hw Db part of the input DSA
TRACE::2024-10-24.22:31:48::SCWMssOS::Checking the sw design at  C:/Users/curti/OneDrive/Documents/UIUC/ECE-385/Vivado_Projects/lab_6_2/workspace/mb_usb_hdmi_top/microblaze_0/standalone_microblaze_0/bsp/system.mss
TRACE::2024-10-24.22:31:48::SCWMssOS::DEBUG:  swdes dump  C:/Users/curti/OneDrive/Documents/UIUC/ECE-385/Vivado_Projects/lab_6_2/workspace/mb_usb_hdmi_top/microblaze_0/standalone_microblaze_0/bsp/system.mss|system||

TRACE::2024-10-24.22:31:48::SCWMssOS::Sw design exists and opened at  C:/Users/curti/OneDrive/Documents/UIUC/ECE-385/Vivado_Projects/lab_6_2/workspace/mb_usb_hdmi_top/microblaze_0/standalone_microblaze_0/bsp/system.mss
TRACE::2024-10-24.22:31:48::SCWReader::No isolation master present  
TRACE::2024-10-24.22:31:52::SCWPlatform::DSA given C:/Users/curti/OneDrive/Documents/UIUC/ECE-385/Vivado_Projects/lab_6_2/workspace/mb_usb_hdmi_top/tempdsa/mb_usb_hdmi_top.xsa
TRACE::2024-10-24.22:31:52::SCWPlatform::DSA absoulate path C:/Users/curti/OneDrive/Documents/UIUC/ECE-385/Vivado_Projects/lab_6_2/workspace/mb_usb_hdmi_top/tempdsa/mb_usb_hdmi_top.xsa
TRACE::2024-10-24.22:31:52::SCWPlatform:: Platform location is C:/Users/curti/OneDrive/Documents/UIUC/ECE-385/Vivado_Projects/lab_6_2/workspace/mb_usb_hdmi_top/tempdsa
TRACE::2024-10-24.22:31:52::SCWPlatform:: Platform Path C:/Users/curti/OneDrive/Documents/UIUC/ECE-385/Vivado_Projects/lab_6_2/workspace/mb_usb_hdmi_top/tempdsa/mb_usb_hdmi_top.xsa
TRACE::2024-10-24.22:31:52::SCWPlatform:: Unique name xilinx:::0.0
TRACE::2024-10-24.22:31:52::SCWPlatform::Found the Hw Db part of the input DSA
TRACE::2024-10-24.22:31:52::SCWMssOS::Doing hw sync for the mss in domain: standalone_microblaze_0
TRACE::2024-10-24.22:31:52::SCWPlatform::Trying to open the hw design at C:/Users/curti/OneDrive/Documents/UIUC/ECE-385/Vivado_Projects/lab_6_2/workspace/mb_usb_hdmi_top/hw/mb_usb_hdmi_top.xsa
TRACE::2024-10-24.22:31:52::SCWPlatform::DSA given C:/Users/curti/OneDrive/Documents/UIUC/ECE-385/Vivado_Projects/lab_6_2/workspace/mb_usb_hdmi_top/hw/mb_usb_hdmi_top.xsa
TRACE::2024-10-24.22:31:52::SCWPlatform::DSA absoulate path C:/Users/curti/OneDrive/Documents/UIUC/ECE-385/Vivado_Projects/lab_6_2/workspace/mb_usb_hdmi_top/hw/mb_usb_hdmi_top.xsa
TRACE::2024-10-24.22:31:52::SCWPlatform::DSA directory C:/Users/curti/OneDrive/Documents/UIUC/ECE-385/Vivado_Projects/lab_6_2/workspace/mb_usb_hdmi_top/hw
TRACE::2024-10-24.22:31:52::SCWPlatform:: Platform Path C:/Users/curti/OneDrive/Documents/UIUC/ECE-385/Vivado_Projects/lab_6_2/workspace/mb_usb_hdmi_top/hw/mb_usb_hdmi_top.xsa
TRACE::2024-10-24.22:31:52::SCWPlatform:: Unique name xilinx:::0.0
TRACE::2024-10-24.22:31:52::SCWPlatform::Trying to set the existing hwdb with name mb_usb_hdmi_top_1
TRACE::2024-10-24.22:31:52::SCWPlatform::Opened existing hwdb mb_usb_hdmi_top_1
TRACE::2024-10-24.22:31:52::SCWPlatform::Found the Hw Db part of the input DSA
TRACE::2024-10-24.22:31:52::SCWPlatform::Trying to open the hw design at C:/Users/curti/OneDrive/Documents/UIUC/ECE-385/Vivado_Projects/lab_6_2/workspace/mb_usb_hdmi_top/hw/mb_usb_hdmi_top.xsa
TRACE::2024-10-24.22:31:52::SCWPlatform::DSA given C:/Users/curti/OneDrive/Documents/UIUC/ECE-385/Vivado_Projects/lab_6_2/workspace/mb_usb_hdmi_top/hw/mb_usb_hdmi_top.xsa
TRACE::2024-10-24.22:31:52::SCWPlatform::DSA absoulate path C:/Users/curti/OneDrive/Documents/UIUC/ECE-385/Vivado_Projects/lab_6_2/workspace/mb_usb_hdmi_top/hw/mb_usb_hdmi_top.xsa
TRACE::2024-10-24.22:31:52::SCWPlatform::DSA directory C:/Users/curti/OneDrive/Documents/UIUC/ECE-385/Vivado_Projects/lab_6_2/workspace/mb_usb_hdmi_top/hw
TRACE::2024-10-24.22:31:52::SCWPlatform:: Platform Path C:/Users/curti/OneDrive/Documents/UIUC/ECE-385/Vivado_Projects/lab_6_2/workspace/mb_usb_hdmi_top/hw/mb_usb_hdmi_top.xsa
TRACE::2024-10-24.22:31:52::SCWPlatform:: Unique name xilinx:::0.0
TRACE::2024-10-24.22:31:52::SCWPlatform::Trying to set the existing hwdb with name mb_usb_hdmi_top_1
TRACE::2024-10-24.22:31:52::SCWPlatform::Opened existing hwdb mb_usb_hdmi_top_1
TRACE::2024-10-24.22:31:52::SCWPlatform::Found the Hw Db part of the input DSA
TRACE::2024-10-24.22:31:52::SCWMssOS::Checking the sw design at  C:/Users/curti/OneDrive/Documents/UIUC/ECE-385/Vivado_Projects/lab_6_2/workspace/mb_usb_hdmi_top/microblaze_0/standalone_microblaze_0/bsp/system.mss
TRACE::2024-10-24.22:31:52::SCWMssOS::DEBUG:  swdes dump  C:/Users/curti/OneDrive/Documents/UIUC/ECE-385/Vivado_Projects/lab_6_2/workspace/mb_usb_hdmi_top/microblaze_0/standalone_microblaze_0/bsp/system.mss|system||

TRACE::2024-10-24.22:31:52::SCWMssOS::Sw design exists and opened at  C:/Users/curti/OneDrive/Documents/UIUC/ECE-385/Vivado_Projects/lab_6_2/workspace/mb_usb_hdmi_top/microblaze_0/standalone_microblaze_0/bsp/system.mss
TRACE::2024-10-24.22:31:52::SCWPlatform::Trying to open the hw design at C:/Users/curti/OneDrive/Documents/UIUC/ECE-385/Vivado_Projects/lab_6_2/workspace/mb_usb_hdmi_top/tempdsa/mb_usb_hdmi_top.xsa
TRACE::2024-10-24.22:31:52::SCWPlatform::DSA given C:/Users/curti/OneDrive/Documents/UIUC/ECE-385/Vivado_Projects/lab_6_2/workspace/mb_usb_hdmi_top/tempdsa/mb_usb_hdmi_top.xsa
TRACE::2024-10-24.22:31:52::SCWPlatform::DSA absoulate path C:/Users/curti/OneDrive/Documents/UIUC/ECE-385/Vivado_Projects/lab_6_2/workspace/mb_usb_hdmi_top/tempdsa/mb_usb_hdmi_top.xsa
TRACE::2024-10-24.22:31:52::SCWPlatform::DSA directory C:/Users/curti/OneDrive/Documents/UIUC/ECE-385/Vivado_Projects/lab_6_2/workspace/mb_usb_hdmi_top/tempdsa
TRACE::2024-10-24.22:31:52::SCWPlatform:: Platform Path C:/Users/curti/OneDrive/Documents/UIUC/ECE-385/Vivado_Projects/lab_6_2/workspace/mb_usb_hdmi_top/tempdsa/mb_usb_hdmi_top.xsa
TRACE::2024-10-24.22:31:52::SCWPlatform:: Unique name xilinx:::0.0
TRACE::2024-10-24.22:31:52::SCWPlatform::update - Opened existing hwdb mb_usb_hdmi_top_2
TRACE::2024-10-24.22:31:52::SCWPlatform::Found the Hw Db part of the input DSA
TRACE::2024-10-24.22:31:52::SCWMssOS::Saving the mss changes C:/Users/curti/OneDrive/Documents/UIUC/ECE-385/Vivado_Projects/lab_6_2/workspace/mb_usb_hdmi_top/microblaze_0/standalone_microblaze_0/bsp/system.mss
TRACE::2024-10-24.22:31:52::SCWMssOS::Found a swdesign opened with the mssfile.
TRACE::2024-10-24.22:31:52::SCWMssOS::Completed writemss as part of save.
TRACE::2024-10-24.22:31:52::SCWMssOS::Commit changes completed.
TRACE::2024-10-24.22:31:52::SCWMssOS::Completed hw sync for the mss in domain: standalone_microblaze_0
TRACE::2024-10-24.22:31:52::SCWMssOS::Removing the swdes entry for  C:/Users/curti/OneDrive/Documents/UIUC/ECE-385/Vivado_Projects/lab_6_2/workspace/mb_usb_hdmi_top/microblaze_0/standalone_microblaze_0/bsp/system.mss
TRACE::2024-10-24.22:31:52::SCWPlatform::Trying to open the hw design at C:/Users/curti/OneDrive/Documents/UIUC/ECE-385/Vivado_Projects/lab_6_2/workspace/mb_usb_hdmi_top/hw/mb_usb_hdmi_top.xsa
TRACE::2024-10-24.22:31:52::SCWPlatform::DSA given C:/Users/curti/OneDrive/Documents/UIUC/ECE-385/Vivado_Projects/lab_6_2/workspace/mb_usb_hdmi_top/hw/mb_usb_hdmi_top.xsa
TRACE::2024-10-24.22:31:52::SCWPlatform::DSA absoulate path C:/Users/curti/OneDrive/Documents/UIUC/ECE-385/Vivado_Projects/lab_6_2/workspace/mb_usb_hdmi_top/hw/mb_usb_hdmi_top.xsa
TRACE::2024-10-24.22:31:52::SCWPlatform::DSA directory C:/Users/curti/OneDrive/Documents/UIUC/ECE-385/Vivado_Projects/lab_6_2/workspace/mb_usb_hdmi_top/hw
TRACE::2024-10-24.22:31:52::SCWPlatform:: Platform Path C:/Users/curti/OneDrive/Documents/UIUC/ECE-385/Vivado_Projects/lab_6_2/workspace/mb_usb_hdmi_top/hw/mb_usb_hdmi_top.xsa
TRACE::2024-10-24.22:31:52::SCWPlatform:: Unique name xilinx:::0.0
TRACE::2024-10-24.22:31:52::SCWPlatform::Do not have an existing db opened. 
TRACE::2024-10-24.22:31:52::SCWPlatform::Opened new HwDB with name mb_usb_hdmi_top_3
TRACE::2024-10-24.22:31:52::SCWMssOS::Saving the mss changes C:/Users/curti/OneDrive/Documents/UIUC/ECE-385/Vivado_Projects/lab_6_2/workspace/mb_usb_hdmi_top/microblaze_0/standalone_microblaze_0/bsp/system.mss
TRACE::2024-10-24.22:31:52::SCWMssOS::Adding the swdes entry, mss present, able to open swdb C:/Users/curti/OneDrive/Documents/UIUC/ECE-385/Vivado_Projects/lab_6_2/workspace/mb_usb_hdmi_top/microblaze_0/standalone_microblaze_0/bsp/system.mss with des name system
TRACE::2024-10-24.22:31:52::SCWMssOS::Writing the mss file completed C:/Users/curti/OneDrive/Documents/UIUC/ECE-385/Vivado_Projects/lab_6_2/workspace/mb_usb_hdmi_top/microblaze_0/standalone_microblaze_0/bsp/system.mss
TRACE::2024-10-24.22:31:52::SCWMssOS::Commit changes completed.
TRACE::2024-10-24.22:31:52::SCWPlatform::Trying to open the hw design at C:/Users/curti/OneDrive/Documents/UIUC/ECE-385/Vivado_Projects/lab_6_2/workspace/mb_usb_hdmi_top/hw/mb_usb_hdmi_top.xsa
TRACE::2024-10-24.22:31:52::SCWPlatform::DSA given C:/Users/curti/OneDrive/Documents/UIUC/ECE-385/Vivado_Projects/lab_6_2/workspace/mb_usb_hdmi_top/hw/mb_usb_hdmi_top.xsa
TRACE::2024-10-24.22:31:52::SCWPlatform::DSA absoulate path C:/Users/curti/OneDrive/Documents/UIUC/ECE-385/Vivado_Projects/lab_6_2/workspace/mb_usb_hdmi_top/hw/mb_usb_hdmi_top.xsa
TRACE::2024-10-24.22:31:52::SCWPlatform::DSA directory C:/Users/curti/OneDrive/Documents/UIUC/ECE-385/Vivado_Projects/lab_6_2/workspace/mb_usb_hdmi_top/hw
TRACE::2024-10-24.22:31:52::SCWPlatform:: Platform Path C:/Users/curti/OneDrive/Documents/UIUC/ECE-385/Vivado_Projects/lab_6_2/workspace/mb_usb_hdmi_top/hw/mb_usb_hdmi_top.xsa
TRACE::2024-10-24.22:31:52::SCWPlatform:: Unique name xilinx:::0.0
TRACE::2024-10-24.22:31:52::SCWPlatform::Trying to set the existing hwdb with name mb_usb_hdmi_top_3
TRACE::2024-10-24.22:31:52::SCWPlatform::Opened existing hwdb mb_usb_hdmi_top_3
TRACE::2024-10-24.22:31:52::SCWPlatform::Found the Hw Db part of the input DSA
TRACE::2024-10-24.22:31:52::SCWMssOS::Checking the sw design at  C:/Users/curti/OneDrive/Documents/UIUC/ECE-385/Vivado_Projects/lab_6_2/workspace/mb_usb_hdmi_top/microblaze_0/standalone_microblaze_0/bsp/system.mss
TRACE::2024-10-24.22:31:52::SCWMssOS::DEBUG:  swdes dump  C:/Users/curti/OneDrive/Documents/UIUC/ECE-385/Vivado_Projects/lab_6_2/workspace/mb_usb_hdmi_top/microblaze_0/standalone_microblaze_0/bsp/system.mss|system||

TRACE::2024-10-24.22:31:52::SCWMssOS::Sw design exists and opened at  C:/Users/curti/OneDrive/Documents/UIUC/ECE-385/Vivado_Projects/lab_6_2/workspace/mb_usb_hdmi_top/microblaze_0/standalone_microblaze_0/bsp/system.mss
TRACE::2024-10-24.22:31:52::SCWWriter::formatted JSON is {
	"platformName":	"mb_usb_hdmi_top",
	"sprVersion":	"2.0",
	"mode":	"gui",
	"dsaType":	"Fixed",
	"platformDesc":	"mb_usb_hdmi_top",
	"platHandOff":	"C:/Users/curti/OneDrive/Documents/UIUC/ECE-385/Vivado_Projects/lab_6_2/mb_usb_hdmi_top.xsa",
	"platIntHandOff":	"<platformDir>/hw/mb_usb_hdmi_top.xsa",
	"deviceType":	"FPGA",
	"platIsPrebuiltAutogen":	"false",
	"platIsNoBootBsp":	"false",
	"hasFsblMakeHasChanges":	"false",
	"hasPmufwMakeHasChanges":	"false",
	"platPreBuiltFlag":	false,
	"platformSamplesDir":	"",
	"platActiveSys":	"mb_usb_hdmi_top",
	"systems":	[{
			"systemName":	"mb_usb_hdmi_top",
			"systemDesc":	"mb_usb_hdmi_top",
			"sysIsBootAutoGen":	"true",
			"systemDispName":	"mb_usb_hdmi_top",
			"sysActiveDom":	"standalone_microblaze_0",
			"sysDefaultDom":	"standalone_microblaze_0",
			"domains":	[{
					"domainName":	"standalone_microblaze_0",
					"domainDispName":	"standalone_microblaze_0",
					"domainDesc":	"standalone_microblaze_0",
					"processors":	"microblaze_0",
					"os":	"standalone",
					"sdxOs":	"standalone",
					"debugEnable":	"False",
					"domRuntimes":	["cpp"],
					"swRepo":	"",
					"mssOsVer":	"8.0",
					"mssFile":	"",
					"md5Digest":	"304529987e879521ca977c68d163f3621",
					"compatibleApp":	"",
					"domType":	"mssDomain",
					"arch":	"32-bit",
					"appSettings":	{
						"appCompilerFlags":	"",
						"appLinkerFlags":	""
					},
					"addedLibs":	[],
					"libOptions":	{
						"libsContainingOptions":	[]
					},
					"prebuiltLibs":	{
						"prebuiltIncPath":	[],
						"prebuiltLibPath":	[]
					},
					"isolation":	{
					}
				}]
		}]
}
TRACE::2024-10-24.22:32:01::SCWPlatform::Clearing the existing platform
TRACE::2024-10-24.22:32:01::SCWSystem::Clearing the existing sysconfig
TRACE::2024-10-24.22:32:01::SCWMssOS::Removing the swdes entry for  C:/Users/curti/OneDrive/Documents/UIUC/ECE-385/Vivado_Projects/lab_6_2/workspace/mb_usb_hdmi_top/microblaze_0/standalone_microblaze_0/bsp/system.mss
TRACE::2024-10-24.22:32:01::SCWSystem::Clearing the domains completed.
TRACE::2024-10-24.22:32:01::SCWPlatform::Clearing the opened hw db.
TRACE::2024-10-24.22:32:01::SCWPlatform::DSA given C:/Users/curti/OneDrive/Documents/UIUC/ECE-385/Vivado_Projects/lab_6_2/workspace/mb_usb_hdmi_top/hw/mb_usb_hdmi_top.xsa
TRACE::2024-10-24.22:32:01::SCWPlatform::DSA absoulate path C:/Users/curti/OneDrive/Documents/UIUC/ECE-385/Vivado_Projects/lab_6_2/workspace/mb_usb_hdmi_top/hw/mb_usb_hdmi_top.xsa
TRACE::2024-10-24.22:32:01::SCWPlatform:: Platform location is C:/Users/curti/OneDrive/Documents/UIUC/ECE-385/Vivado_Projects/lab_6_2/workspace/mb_usb_hdmi_top/hw
TRACE::2024-10-24.22:32:01::SCWPlatform:: Platform Path C:/Users/curti/OneDrive/Documents/UIUC/ECE-385/Vivado_Projects/lab_6_2/workspace/mb_usb_hdmi_top/hw/mb_usb_hdmi_top.xsa
TRACE::2024-10-24.22:32:01::SCWPlatform:: Unique name xilinx:::0.0
TRACE::2024-10-24.22:32:01::SCWPlatform::Removing the HwDB with name C:/Users/curti/OneDrive/Documents/UIUC/ECE-385/Vivado_Projects/lab_6_2/workspace/mb_usb_hdmi_top/hw/mb_usb_hdmi_top.xsa
TRACE::2024-10-24.22:32:01::SCWPlatform::Trying to open the hw design at C:/Users/curti/OneDrive/Documents/UIUC/ECE-385/Vivado_Projects/lab_6_2/workspace/mb_usb_hdmi_top/hw/mb_usb_hdmi_top.xsa
TRACE::2024-10-24.22:32:01::SCWPlatform::DSA given C:/Users/curti/OneDrive/Documents/UIUC/ECE-385/Vivado_Projects/lab_6_2/workspace/mb_usb_hdmi_top/hw/mb_usb_hdmi_top.xsa
TRACE::2024-10-24.22:32:01::SCWPlatform::DSA absoulate path C:/Users/curti/OneDrive/Documents/UIUC/ECE-385/Vivado_Projects/lab_6_2/workspace/mb_usb_hdmi_top/hw/mb_usb_hdmi_top.xsa
TRACE::2024-10-24.22:32:01::SCWPlatform::DSA directory C:/Users/curti/OneDrive/Documents/UIUC/ECE-385/Vivado_Projects/lab_6_2/workspace/mb_usb_hdmi_top/hw
TRACE::2024-10-24.22:32:01::SCWPlatform:: Platform Path C:/Users/curti/OneDrive/Documents/UIUC/ECE-385/Vivado_Projects/lab_6_2/workspace/mb_usb_hdmi_top/hw/mb_usb_hdmi_top.xsa
TRACE::2024-10-24.22:32:01::SCWPlatform:: Unique name xilinx:::0.0
TRACE::2024-10-24.22:32:01::SCWPlatform::Do not have an existing db opened. 
TRACE::2024-10-24.22:32:02::SCWPlatform::Opened new HwDB with name mb_usb_hdmi_top_4
TRACE::2024-10-24.22:32:02::SCWReader::Active system found as  mb_usb_hdmi_top
TRACE::2024-10-24.22:32:02::SCWReader::Handling sysconfig mb_usb_hdmi_top
TRACE::2024-10-24.22:32:02::SCWDomain::checking for install qemu data   : 
TRACE::2024-10-24.22:32:02::SCWPlatform::Trying to open the hw design at C:/Users/curti/OneDrive/Documents/UIUC/ECE-385/Vivado_Projects/lab_6_2/workspace/mb_usb_hdmi_top/hw/mb_usb_hdmi_top.xsa
TRACE::2024-10-24.22:32:02::SCWPlatform::DSA given C:/Users/curti/OneDrive/Documents/UIUC/ECE-385/Vivado_Projects/lab_6_2/workspace/mb_usb_hdmi_top/hw/mb_usb_hdmi_top.xsa
TRACE::2024-10-24.22:32:02::SCWPlatform::DSA absoulate path C:/Users/curti/OneDrive/Documents/UIUC/ECE-385/Vivado_Projects/lab_6_2/workspace/mb_usb_hdmi_top/hw/mb_usb_hdmi_top.xsa
TRACE::2024-10-24.22:32:02::SCWPlatform::DSA directory C:/Users/curti/OneDrive/Documents/UIUC/ECE-385/Vivado_Projects/lab_6_2/workspace/mb_usb_hdmi_top/hw
TRACE::2024-10-24.22:32:02::SCWPlatform:: Platform Path C:/Users/curti/OneDrive/Documents/UIUC/ECE-385/Vivado_Projects/lab_6_2/workspace/mb_usb_hdmi_top/hw/mb_usb_hdmi_top.xsa
TRACE::2024-10-24.22:32:02::SCWPlatform:: Unique name xilinx:::0.0
TRACE::2024-10-24.22:32:02::SCWPlatform::Trying to set the existing hwdb with name mb_usb_hdmi_top_4
TRACE::2024-10-24.22:32:02::SCWPlatform::Opened existing hwdb mb_usb_hdmi_top_4
TRACE::2024-10-24.22:32:02::SCWPlatform::Found the Hw Db part of the input DSA
TRACE::2024-10-24.22:32:02::SCWPlatform::Trying to open the hw design at C:/Users/curti/OneDrive/Documents/UIUC/ECE-385/Vivado_Projects/lab_6_2/workspace/mb_usb_hdmi_top/hw/mb_usb_hdmi_top.xsa
TRACE::2024-10-24.22:32:02::SCWPlatform::DSA given C:/Users/curti/OneDrive/Documents/UIUC/ECE-385/Vivado_Projects/lab_6_2/workspace/mb_usb_hdmi_top/hw/mb_usb_hdmi_top.xsa
TRACE::2024-10-24.22:32:02::SCWPlatform::DSA absoulate path C:/Users/curti/OneDrive/Documents/UIUC/ECE-385/Vivado_Projects/lab_6_2/workspace/mb_usb_hdmi_top/hw/mb_usb_hdmi_top.xsa
TRACE::2024-10-24.22:32:02::SCWPlatform::DSA directory C:/Users/curti/OneDrive/Documents/UIUC/ECE-385/Vivado_Projects/lab_6_2/workspace/mb_usb_hdmi_top/hw
TRACE::2024-10-24.22:32:02::SCWPlatform:: Platform Path C:/Users/curti/OneDrive/Documents/UIUC/ECE-385/Vivado_Projects/lab_6_2/workspace/mb_usb_hdmi_top/hw/mb_usb_hdmi_top.xsa
TRACE::2024-10-24.22:32:02::SCWPlatform:: Unique name xilinx:::0.0
TRACE::2024-10-24.22:32:02::SCWPlatform::Trying to set the existing hwdb with name mb_usb_hdmi_top_4
TRACE::2024-10-24.22:32:02::SCWPlatform::Opened existing hwdb mb_usb_hdmi_top_4
TRACE::2024-10-24.22:32:02::SCWPlatform::Found the Hw Db part of the input DSA
TRACE::2024-10-24.22:32:02::SCWPlatform::Trying to open the hw design at C:/Users/curti/OneDrive/Documents/UIUC/ECE-385/Vivado_Projects/lab_6_2/workspace/mb_usb_hdmi_top/hw/mb_usb_hdmi_top.xsa
TRACE::2024-10-24.22:32:02::SCWPlatform::DSA given C:/Users/curti/OneDrive/Documents/UIUC/ECE-385/Vivado_Projects/lab_6_2/workspace/mb_usb_hdmi_top/hw/mb_usb_hdmi_top.xsa
TRACE::2024-10-24.22:32:02::SCWPlatform::DSA absoulate path C:/Users/curti/OneDrive/Documents/UIUC/ECE-385/Vivado_Projects/lab_6_2/workspace/mb_usb_hdmi_top/hw/mb_usb_hdmi_top.xsa
TRACE::2024-10-24.22:32:02::SCWPlatform::DSA directory C:/Users/curti/OneDrive/Documents/UIUC/ECE-385/Vivado_Projects/lab_6_2/workspace/mb_usb_hdmi_top/hw
TRACE::2024-10-24.22:32:02::SCWPlatform:: Platform Path C:/Users/curti/OneDrive/Documents/UIUC/ECE-385/Vivado_Projects/lab_6_2/workspace/mb_usb_hdmi_top/hw/mb_usb_hdmi_top.xsa
TRACE::2024-10-24.22:32:02::SCWPlatform:: Unique name xilinx:::0.0
TRACE::2024-10-24.22:32:02::SCWPlatform::Trying to set the existing hwdb with name mb_usb_hdmi_top_4
TRACE::2024-10-24.22:32:02::SCWPlatform::Opened existing hwdb mb_usb_hdmi_top_4
TRACE::2024-10-24.22:32:02::SCWPlatform::Found the Hw Db part of the input DSA
TRACE::2024-10-24.22:32:02::SCWPlatform::Trying to open the hw design at C:/Users/curti/OneDrive/Documents/UIUC/ECE-385/Vivado_Projects/lab_6_2/workspace/mb_usb_hdmi_top/hw/mb_usb_hdmi_top.xsa
TRACE::2024-10-24.22:32:02::SCWPlatform::DSA given C:/Users/curti/OneDrive/Documents/UIUC/ECE-385/Vivado_Projects/lab_6_2/workspace/mb_usb_hdmi_top/hw/mb_usb_hdmi_top.xsa
TRACE::2024-10-24.22:32:02::SCWPlatform::DSA absoulate path C:/Users/curti/OneDrive/Documents/UIUC/ECE-385/Vivado_Projects/lab_6_2/workspace/mb_usb_hdmi_top/hw/mb_usb_hdmi_top.xsa
TRACE::2024-10-24.22:32:02::SCWPlatform::DSA directory C:/Users/curti/OneDrive/Documents/UIUC/ECE-385/Vivado_Projects/lab_6_2/workspace/mb_usb_hdmi_top/hw
TRACE::2024-10-24.22:32:02::SCWPlatform:: Platform Path C:/Users/curti/OneDrive/Documents/UIUC/ECE-385/Vivado_Projects/lab_6_2/workspace/mb_usb_hdmi_top/hw/mb_usb_hdmi_top.xsa
TRACE::2024-10-24.22:32:02::SCWPlatform:: Unique name xilinx:::0.0
TRACE::2024-10-24.22:32:02::SCWPlatform::Trying to set the existing hwdb with name mb_usb_hdmi_top_4
TRACE::2024-10-24.22:32:02::SCWPlatform::Opened existing hwdb mb_usb_hdmi_top_4
TRACE::2024-10-24.22:32:02::SCWPlatform::Found the Hw Db part of the input DSA
TRACE::2024-10-24.22:32:02::SCWMssOS::Checking the sw design at  C:/Users/curti/OneDrive/Documents/UIUC/ECE-385/Vivado_Projects/lab_6_2/workspace/mb_usb_hdmi_top/microblaze_0/standalone_microblaze_0/bsp/system.mss
TRACE::2024-10-24.22:32:02::SCWMssOS::DEBUG:  swdes dump  
TRACE::2024-10-24.22:32:02::SCWMssOS::No sw design opened at  C:/Users/curti/OneDrive/Documents/UIUC/ECE-385/Vivado_Projects/lab_6_2/workspace/mb_usb_hdmi_top/microblaze_0/standalone_microblaze_0/bsp/system.mss
TRACE::2024-10-24.22:32:02::SCWMssOS::mss exists loading the mss file  C:/Users/curti/OneDrive/Documents/UIUC/ECE-385/Vivado_Projects/lab_6_2/workspace/mb_usb_hdmi_top/microblaze_0/standalone_microblaze_0/bsp/system.mss
TRACE::2024-10-24.22:32:02::SCWMssOS::Opened the sw design from mss  C:/Users/curti/OneDrive/Documents/UIUC/ECE-385/Vivado_Projects/lab_6_2/workspace/mb_usb_hdmi_top/microblaze_0/standalone_microblaze_0/bsp/system.mss
TRACE::2024-10-24.22:32:02::SCWMssOS::Adding the swdes entry C:/Users/curti/OneDrive/Documents/UIUC/ECE-385/Vivado_Projects/lab_6_2/workspace/mb_usb_hdmi_top/microblaze_0/standalone_microblaze_0/bsp/system.mss with des name system
TRACE::2024-10-24.22:32:02::SCWMssOS::updating the scw layer about changes
TRACE::2024-10-24.22:32:02::SCWMssOS::Opened the sw design.  C:/Users/curti/OneDrive/Documents/UIUC/ECE-385/Vivado_Projects/lab_6_2/workspace/mb_usb_hdmi_top/microblaze_0/standalone_microblaze_0/bsp/system.mss
TRACE::2024-10-24.22:32:02::SCWMssOS::Saving the mss changes C:/Users/curti/OneDrive/Documents/UIUC/ECE-385/Vivado_Projects/lab_6_2/workspace/mb_usb_hdmi_top/microblaze_0/standalone_microblaze_0/bsp/system.mss
TRACE::2024-10-24.22:32:02::SCWMssOS::Found a swdesign opened with the mssfile.
TRACE::2024-10-24.22:32:02::SCWMssOS::Completed writemss as part of save.
TRACE::2024-10-24.22:32:02::SCWMssOS::Commit changes completed.
TRACE::2024-10-24.22:32:02::SCWReader::Adding prebuilt librarypaths as   
TRACE::2024-10-24.22:32:02::SCWReader::Adding prebuilt incpaths  as   
TRACE::2024-10-24.22:32:02::SCWPlatform::Trying to open the hw design at C:/Users/curti/OneDrive/Documents/UIUC/ECE-385/Vivado_Projects/lab_6_2/workspace/mb_usb_hdmi_top/hw/mb_usb_hdmi_top.xsa
TRACE::2024-10-24.22:32:02::SCWPlatform::DSA given C:/Users/curti/OneDrive/Documents/UIUC/ECE-385/Vivado_Projects/lab_6_2/workspace/mb_usb_hdmi_top/hw/mb_usb_hdmi_top.xsa
TRACE::2024-10-24.22:32:02::SCWPlatform::DSA absoulate path C:/Users/curti/OneDrive/Documents/UIUC/ECE-385/Vivado_Projects/lab_6_2/workspace/mb_usb_hdmi_top/hw/mb_usb_hdmi_top.xsa
TRACE::2024-10-24.22:32:02::SCWPlatform::DSA directory C:/Users/curti/OneDrive/Documents/UIUC/ECE-385/Vivado_Projects/lab_6_2/workspace/mb_usb_hdmi_top/hw
TRACE::2024-10-24.22:32:02::SCWPlatform:: Platform Path C:/Users/curti/OneDrive/Documents/UIUC/ECE-385/Vivado_Projects/lab_6_2/workspace/mb_usb_hdmi_top/hw/mb_usb_hdmi_top.xsa
TRACE::2024-10-24.22:32:02::SCWPlatform:: Unique name xilinx:::0.0
TRACE::2024-10-24.22:32:02::SCWPlatform::Trying to set the existing hwdb with name mb_usb_hdmi_top_4
TRACE::2024-10-24.22:32:02::SCWPlatform::Opened existing hwdb mb_usb_hdmi_top_4
TRACE::2024-10-24.22:32:02::SCWPlatform::Found the Hw Db part of the input DSA
TRACE::2024-10-24.22:32:02::SCWMssOS::Checking the sw design at  C:/Users/curti/OneDrive/Documents/UIUC/ECE-385/Vivado_Projects/lab_6_2/workspace/mb_usb_hdmi_top/microblaze_0/standalone_microblaze_0/bsp/system.mss
TRACE::2024-10-24.22:32:02::SCWMssOS::DEBUG:  swdes dump  C:/Users/curti/OneDrive/Documents/UIUC/ECE-385/Vivado_Projects/lab_6_2/workspace/mb_usb_hdmi_top/microblaze_0/standalone_microblaze_0/bsp/system.mss|system||

TRACE::2024-10-24.22:32:02::SCWMssOS::Sw design exists and opened at  C:/Users/curti/OneDrive/Documents/UIUC/ECE-385/Vivado_Projects/lab_6_2/workspace/mb_usb_hdmi_top/microblaze_0/standalone_microblaze_0/bsp/system.mss
TRACE::2024-10-24.22:32:02::SCWReader::No isolation master present  
TRACE::2024-10-24.22:32:04::SCWPlatform::DSA given C:/Users/curti/OneDrive/Documents/UIUC/ECE-385/Vivado_Projects/lab_6_2/workspace/mb_usb_hdmi_top/tempdsa/mb_usb_hdmi_top.xsa
TRACE::2024-10-24.22:32:04::SCWPlatform::DSA absoulate path C:/Users/curti/OneDrive/Documents/UIUC/ECE-385/Vivado_Projects/lab_6_2/workspace/mb_usb_hdmi_top/tempdsa/mb_usb_hdmi_top.xsa
TRACE::2024-10-24.22:32:04::SCWPlatform:: Platform location is C:/Users/curti/OneDrive/Documents/UIUC/ECE-385/Vivado_Projects/lab_6_2/workspace/mb_usb_hdmi_top/tempdsa
TRACE::2024-10-24.22:32:04::SCWPlatform:: Platform Path C:/Users/curti/OneDrive/Documents/UIUC/ECE-385/Vivado_Projects/lab_6_2/workspace/mb_usb_hdmi_top/tempdsa/mb_usb_hdmi_top.xsa
TRACE::2024-10-24.22:32:04::SCWPlatform:: Unique name xilinx:::0.0
TRACE::2024-10-24.22:32:04::SCWPlatform::Found the Hw Db part of the input DSA
TRACE::2024-10-24.22:32:04::SCWMssOS::Doing hw sync for the mss in domain: standalone_microblaze_0
TRACE::2024-10-24.22:32:04::SCWPlatform::Trying to open the hw design at C:/Users/curti/OneDrive/Documents/UIUC/ECE-385/Vivado_Projects/lab_6_2/workspace/mb_usb_hdmi_top/hw/mb_usb_hdmi_top.xsa
TRACE::2024-10-24.22:32:04::SCWPlatform::DSA given C:/Users/curti/OneDrive/Documents/UIUC/ECE-385/Vivado_Projects/lab_6_2/workspace/mb_usb_hdmi_top/hw/mb_usb_hdmi_top.xsa
TRACE::2024-10-24.22:32:04::SCWPlatform::DSA absoulate path C:/Users/curti/OneDrive/Documents/UIUC/ECE-385/Vivado_Projects/lab_6_2/workspace/mb_usb_hdmi_top/hw/mb_usb_hdmi_top.xsa
TRACE::2024-10-24.22:32:04::SCWPlatform::DSA directory C:/Users/curti/OneDrive/Documents/UIUC/ECE-385/Vivado_Projects/lab_6_2/workspace/mb_usb_hdmi_top/hw
TRACE::2024-10-24.22:32:04::SCWPlatform:: Platform Path C:/Users/curti/OneDrive/Documents/UIUC/ECE-385/Vivado_Projects/lab_6_2/workspace/mb_usb_hdmi_top/hw/mb_usb_hdmi_top.xsa
TRACE::2024-10-24.22:32:04::SCWPlatform:: Unique name xilinx:::0.0
TRACE::2024-10-24.22:32:04::SCWPlatform::Trying to set the existing hwdb with name mb_usb_hdmi_top_4
TRACE::2024-10-24.22:32:04::SCWPlatform::Opened existing hwdb mb_usb_hdmi_top_4
TRACE::2024-10-24.22:32:04::SCWPlatform::Found the Hw Db part of the input DSA
TRACE::2024-10-24.22:32:04::SCWPlatform::Trying to open the hw design at C:/Users/curti/OneDrive/Documents/UIUC/ECE-385/Vivado_Projects/lab_6_2/workspace/mb_usb_hdmi_top/hw/mb_usb_hdmi_top.xsa
TRACE::2024-10-24.22:32:04::SCWPlatform::DSA given C:/Users/curti/OneDrive/Documents/UIUC/ECE-385/Vivado_Projects/lab_6_2/workspace/mb_usb_hdmi_top/hw/mb_usb_hdmi_top.xsa
TRACE::2024-10-24.22:32:04::SCWPlatform::DSA absoulate path C:/Users/curti/OneDrive/Documents/UIUC/ECE-385/Vivado_Projects/lab_6_2/workspace/mb_usb_hdmi_top/hw/mb_usb_hdmi_top.xsa
TRACE::2024-10-24.22:32:04::SCWPlatform::DSA directory C:/Users/curti/OneDrive/Documents/UIUC/ECE-385/Vivado_Projects/lab_6_2/workspace/mb_usb_hdmi_top/hw
TRACE::2024-10-24.22:32:04::SCWPlatform:: Platform Path C:/Users/curti/OneDrive/Documents/UIUC/ECE-385/Vivado_Projects/lab_6_2/workspace/mb_usb_hdmi_top/hw/mb_usb_hdmi_top.xsa
TRACE::2024-10-24.22:32:04::SCWPlatform:: Unique name xilinx:::0.0
TRACE::2024-10-24.22:32:04::SCWPlatform::Trying to set the existing hwdb with name mb_usb_hdmi_top_4
TRACE::2024-10-24.22:32:04::SCWPlatform::Opened existing hwdb mb_usb_hdmi_top_4
TRACE::2024-10-24.22:32:04::SCWPlatform::Found the Hw Db part of the input DSA
TRACE::2024-10-24.22:32:04::SCWMssOS::Checking the sw design at  C:/Users/curti/OneDrive/Documents/UIUC/ECE-385/Vivado_Projects/lab_6_2/workspace/mb_usb_hdmi_top/microblaze_0/standalone_microblaze_0/bsp/system.mss
TRACE::2024-10-24.22:32:04::SCWMssOS::DEBUG:  swdes dump  C:/Users/curti/OneDrive/Documents/UIUC/ECE-385/Vivado_Projects/lab_6_2/workspace/mb_usb_hdmi_top/microblaze_0/standalone_microblaze_0/bsp/system.mss|system||

TRACE::2024-10-24.22:32:04::SCWMssOS::Sw design exists and opened at  C:/Users/curti/OneDrive/Documents/UIUC/ECE-385/Vivado_Projects/lab_6_2/workspace/mb_usb_hdmi_top/microblaze_0/standalone_microblaze_0/bsp/system.mss
TRACE::2024-10-24.22:32:04::SCWPlatform::Trying to open the hw design at C:/Users/curti/OneDrive/Documents/UIUC/ECE-385/Vivado_Projects/lab_6_2/workspace/mb_usb_hdmi_top/tempdsa/mb_usb_hdmi_top.xsa
TRACE::2024-10-24.22:32:04::SCWPlatform::DSA given C:/Users/curti/OneDrive/Documents/UIUC/ECE-385/Vivado_Projects/lab_6_2/workspace/mb_usb_hdmi_top/tempdsa/mb_usb_hdmi_top.xsa
TRACE::2024-10-24.22:32:04::SCWPlatform::DSA absoulate path C:/Users/curti/OneDrive/Documents/UIUC/ECE-385/Vivado_Projects/lab_6_2/workspace/mb_usb_hdmi_top/tempdsa/mb_usb_hdmi_top.xsa
TRACE::2024-10-24.22:32:04::SCWPlatform::DSA directory C:/Users/curti/OneDrive/Documents/UIUC/ECE-385/Vivado_Projects/lab_6_2/workspace/mb_usb_hdmi_top/tempdsa
TRACE::2024-10-24.22:32:04::SCWPlatform:: Platform Path C:/Users/curti/OneDrive/Documents/UIUC/ECE-385/Vivado_Projects/lab_6_2/workspace/mb_usb_hdmi_top/tempdsa/mb_usb_hdmi_top.xsa
TRACE::2024-10-24.22:32:04::SCWPlatform:: Unique name xilinx:::0.0
TRACE::2024-10-24.22:32:04::SCWPlatform::update - Opened existing hwdb mb_usb_hdmi_top_5
TRACE::2024-10-24.22:32:04::SCWPlatform::Found the Hw Db part of the input DSA
TRACE::2024-10-24.22:32:04::SCWMssOS::Saving the mss changes C:/Users/curti/OneDrive/Documents/UIUC/ECE-385/Vivado_Projects/lab_6_2/workspace/mb_usb_hdmi_top/microblaze_0/standalone_microblaze_0/bsp/system.mss
TRACE::2024-10-24.22:32:04::SCWMssOS::Found a swdesign opened with the mssfile.
TRACE::2024-10-24.22:32:04::SCWMssOS::Completed writemss as part of save.
TRACE::2024-10-24.22:32:04::SCWMssOS::Commit changes completed.
TRACE::2024-10-24.22:32:04::SCWMssOS::Completed hw sync for the mss in domain: standalone_microblaze_0
TRACE::2024-10-24.22:32:04::SCWMssOS::Removing the swdes entry for  C:/Users/curti/OneDrive/Documents/UIUC/ECE-385/Vivado_Projects/lab_6_2/workspace/mb_usb_hdmi_top/microblaze_0/standalone_microblaze_0/bsp/system.mss
TRACE::2024-10-24.22:32:04::SCWPlatform::Trying to open the hw design at C:/Users/curti/OneDrive/Documents/UIUC/ECE-385/Vivado_Projects/lab_6_2/workspace/mb_usb_hdmi_top/hw/mb_usb_hdmi_top.xsa
TRACE::2024-10-24.22:32:04::SCWPlatform::DSA given C:/Users/curti/OneDrive/Documents/UIUC/ECE-385/Vivado_Projects/lab_6_2/workspace/mb_usb_hdmi_top/hw/mb_usb_hdmi_top.xsa
TRACE::2024-10-24.22:32:04::SCWPlatform::DSA absoulate path C:/Users/curti/OneDrive/Documents/UIUC/ECE-385/Vivado_Projects/lab_6_2/workspace/mb_usb_hdmi_top/hw/mb_usb_hdmi_top.xsa
TRACE::2024-10-24.22:32:04::SCWPlatform::DSA directory C:/Users/curti/OneDrive/Documents/UIUC/ECE-385/Vivado_Projects/lab_6_2/workspace/mb_usb_hdmi_top/hw
TRACE::2024-10-24.22:32:04::SCWPlatform:: Platform Path C:/Users/curti/OneDrive/Documents/UIUC/ECE-385/Vivado_Projects/lab_6_2/workspace/mb_usb_hdmi_top/hw/mb_usb_hdmi_top.xsa
TRACE::2024-10-24.22:32:04::SCWPlatform:: Unique name xilinx:::0.0
TRACE::2024-10-24.22:32:04::SCWPlatform::Do not have an existing db opened. 
TRACE::2024-10-24.22:32:04::SCWPlatform::Opened new HwDB with name mb_usb_hdmi_top_6
TRACE::2024-10-24.22:32:04::SCWMssOS::Saving the mss changes C:/Users/curti/OneDrive/Documents/UIUC/ECE-385/Vivado_Projects/lab_6_2/workspace/mb_usb_hdmi_top/microblaze_0/standalone_microblaze_0/bsp/system.mss
TRACE::2024-10-24.22:32:04::SCWMssOS::Adding the swdes entry, mss present, able to open swdb C:/Users/curti/OneDrive/Documents/UIUC/ECE-385/Vivado_Projects/lab_6_2/workspace/mb_usb_hdmi_top/microblaze_0/standalone_microblaze_0/bsp/system.mss with des name system
TRACE::2024-10-24.22:32:04::SCWMssOS::Writing the mss file completed C:/Users/curti/OneDrive/Documents/UIUC/ECE-385/Vivado_Projects/lab_6_2/workspace/mb_usb_hdmi_top/microblaze_0/standalone_microblaze_0/bsp/system.mss
TRACE::2024-10-24.22:32:04::SCWMssOS::Commit changes completed.
TRACE::2024-10-24.22:32:04::SCWPlatform::Trying to open the hw design at C:/Users/curti/OneDrive/Documents/UIUC/ECE-385/Vivado_Projects/lab_6_2/workspace/mb_usb_hdmi_top/hw/mb_usb_hdmi_top.xsa
TRACE::2024-10-24.22:32:04::SCWPlatform::DSA given C:/Users/curti/OneDrive/Documents/UIUC/ECE-385/Vivado_Projects/lab_6_2/workspace/mb_usb_hdmi_top/hw/mb_usb_hdmi_top.xsa
TRACE::2024-10-24.22:32:04::SCWPlatform::DSA absoulate path C:/Users/curti/OneDrive/Documents/UIUC/ECE-385/Vivado_Projects/lab_6_2/workspace/mb_usb_hdmi_top/hw/mb_usb_hdmi_top.xsa
TRACE::2024-10-24.22:32:04::SCWPlatform::DSA directory C:/Users/curti/OneDrive/Documents/UIUC/ECE-385/Vivado_Projects/lab_6_2/workspace/mb_usb_hdmi_top/hw
TRACE::2024-10-24.22:32:04::SCWPlatform:: Platform Path C:/Users/curti/OneDrive/Documents/UIUC/ECE-385/Vivado_Projects/lab_6_2/workspace/mb_usb_hdmi_top/hw/mb_usb_hdmi_top.xsa
TRACE::2024-10-24.22:32:04::SCWPlatform:: Unique name xilinx:::0.0
TRACE::2024-10-24.22:32:04::SCWPlatform::Trying to set the existing hwdb with name mb_usb_hdmi_top_6
TRACE::2024-10-24.22:32:04::SCWPlatform::Opened existing hwdb mb_usb_hdmi_top_6
TRACE::2024-10-24.22:32:04::SCWPlatform::Found the Hw Db part of the input DSA
TRACE::2024-10-24.22:32:04::SCWMssOS::Checking the sw design at  C:/Users/curti/OneDrive/Documents/UIUC/ECE-385/Vivado_Projects/lab_6_2/workspace/mb_usb_hdmi_top/microblaze_0/standalone_microblaze_0/bsp/system.mss
TRACE::2024-10-24.22:32:04::SCWMssOS::DEBUG:  swdes dump  C:/Users/curti/OneDrive/Documents/UIUC/ECE-385/Vivado_Projects/lab_6_2/workspace/mb_usb_hdmi_top/microblaze_0/standalone_microblaze_0/bsp/system.mss|system||

TRACE::2024-10-24.22:32:04::SCWMssOS::Sw design exists and opened at  C:/Users/curti/OneDrive/Documents/UIUC/ECE-385/Vivado_Projects/lab_6_2/workspace/mb_usb_hdmi_top/microblaze_0/standalone_microblaze_0/bsp/system.mss
TRACE::2024-10-24.22:32:04::SCWWriter::formatted JSON is {
	"platformName":	"mb_usb_hdmi_top",
	"sprVersion":	"2.0",
	"mode":	"gui",
	"dsaType":	"Fixed",
	"platformDesc":	"mb_usb_hdmi_top",
	"platHandOff":	"C:/Users/curti/OneDrive/Documents/UIUC/ECE-385/Vivado_Projects/lab_6_2/mb_usb_hdmi_top.xsa",
	"platIntHandOff":	"<platformDir>/hw/mb_usb_hdmi_top.xsa",
	"deviceType":	"FPGA",
	"platIsPrebuiltAutogen":	"false",
	"platIsNoBootBsp":	"false",
	"hasFsblMakeHasChanges":	"false",
	"hasPmufwMakeHasChanges":	"false",
	"platPreBuiltFlag":	false,
	"platformSamplesDir":	"",
	"platActiveSys":	"mb_usb_hdmi_top",
	"systems":	[{
			"systemName":	"mb_usb_hdmi_top",
			"systemDesc":	"mb_usb_hdmi_top",
			"sysIsBootAutoGen":	"true",
			"systemDispName":	"mb_usb_hdmi_top",
			"sysActiveDom":	"standalone_microblaze_0",
			"sysDefaultDom":	"standalone_microblaze_0",
			"domains":	[{
					"domainName":	"standalone_microblaze_0",
					"domainDispName":	"standalone_microblaze_0",
					"domainDesc":	"standalone_microblaze_0",
					"processors":	"microblaze_0",
					"os":	"standalone",
					"sdxOs":	"standalone",
					"debugEnable":	"False",
					"domRuntimes":	["cpp"],
					"swRepo":	"",
					"mssOsVer":	"8.0",
					"mssFile":	"",
					"md5Digest":	"304529987e879521ca977c68d163f3621",
					"compatibleApp":	"",
					"domType":	"mssDomain",
					"arch":	"32-bit",
					"appSettings":	{
						"appCompilerFlags":	"",
						"appLinkerFlags":	""
					},
					"addedLibs":	[],
					"libOptions":	{
						"libsContainingOptions":	[]
					},
					"prebuiltLibs":	{
						"prebuiltIncPath":	[],
						"prebuiltLibPath":	[]
					},
					"isolation":	{
					}
				}]
		}]
}
TRACE::2024-10-24.22:32:11::SCWMssOS::cleaning the bsp 
TRACE::2024-10-24.22:32:11::SCWMssOS::System Command Ran  C: & cd  C:/Users/curti/OneDrive/Documents/UIUC/ECE-385/Vivado_Projects/lab_6_2/workspace/mb_usb_hdmi_top/microblaze_0/standalone_microblaze_0/bsp & make clean 
TRACE::2024-10-24.22:32:11::SCWMssOS::make -C microblaze_0/libsrc/bram_v4_8/src -s clean 

TRACE::2024-10-24.22:32:11::SCWMssOS::make -C microblaze_0/libsrc/cpu_v2_16/src -s clean 

TRACE::2024-10-24.22:32:11::SCWMssOS::make -C microblaze_0/libsrc/gpio_v4_9/src -s clean 

TRACE::2024-10-24.22:32:11::SCWMssOS::make -C microblaze_0/libsrc/intc_v3_15/src -s clean 

TRACE::2024-10-24.22:32:11::SCWMssOS::make -C microblaze_0/libsrc/spi_v4_9/src -s clean 

TRACE::2024-10-24.22:32:11::SCWMssOS::make -C microblaze_0/libsrc/standalone_v8_0/src -s clean 

TRACE::2024-10-24.22:32:12::SCWMssOS::make -C microblaze_0/libsrc/tmrctr_v4_9/src -s clean 

TRACE::2024-10-24.22:32:12::SCWMssOS::make -C microblaze_0/libsrc/uartlite_v3_7/src -s clean 

TRACE::2024-10-24.22:32:12::SCWMssOS::rm -f microblaze_0/lib/libxil.a

LOG::2024-10-24.22:32:30::SCWPlatform::Started generating the artifacts platform mb_usb_hdmi_top
TRACE::2024-10-24.22:32:30::SCWPlatform::Sanity checking of platform is completed
LOG::2024-10-24.22:32:30::SCWPlatform::Started generating the artifacts for system configuration mb_usb_hdmi_top
LOG::2024-10-24.22:32:30::SCWSystem::Checking the domain standalone_microblaze_0
LOG::2024-10-24.22:32:30::SCWSystem::Not a boot domain 
LOG::2024-10-24.22:32:30::SCWSystem::Started Processing the domain standalone_microblaze_0
TRACE::2024-10-24.22:32:30::SCWDomain::Generating domain artifcats
TRACE::2024-10-24.22:32:30::SCWMssOS::Generating standalone artifcats
TRACE::2024-10-24.22:32:30::SCWMssOS:: Copying the user libraries. 
TRACE::2024-10-24.22:32:30::SCWPlatform::Trying to open the hw design at C:/Users/curti/OneDrive/Documents/UIUC/ECE-385/Vivado_Projects/lab_6_2/workspace/mb_usb_hdmi_top/hw/mb_usb_hdmi_top.xsa
TRACE::2024-10-24.22:32:30::SCWPlatform::DSA given C:/Users/curti/OneDrive/Documents/UIUC/ECE-385/Vivado_Projects/lab_6_2/workspace/mb_usb_hdmi_top/hw/mb_usb_hdmi_top.xsa
TRACE::2024-10-24.22:32:30::SCWPlatform::DSA absoulate path C:/Users/curti/OneDrive/Documents/UIUC/ECE-385/Vivado_Projects/lab_6_2/workspace/mb_usb_hdmi_top/hw/mb_usb_hdmi_top.xsa
TRACE::2024-10-24.22:32:30::SCWPlatform::DSA directory C:/Users/curti/OneDrive/Documents/UIUC/ECE-385/Vivado_Projects/lab_6_2/workspace/mb_usb_hdmi_top/hw
TRACE::2024-10-24.22:32:30::SCWPlatform:: Platform Path C:/Users/curti/OneDrive/Documents/UIUC/ECE-385/Vivado_Projects/lab_6_2/workspace/mb_usb_hdmi_top/hw/mb_usb_hdmi_top.xsa
TRACE::2024-10-24.22:32:30::SCWPlatform:: Unique name xilinx:::0.0
TRACE::2024-10-24.22:32:30::SCWPlatform::Trying to set the existing hwdb with name mb_usb_hdmi_top_6
TRACE::2024-10-24.22:32:30::SCWPlatform::Opened existing hwdb mb_usb_hdmi_top_6
TRACE::2024-10-24.22:32:30::SCWPlatform::Found the Hw Db part of the input DSA
TRACE::2024-10-24.22:32:30::SCWMssOS::Checking the sw design at  C:/Users/curti/OneDrive/Documents/UIUC/ECE-385/Vivado_Projects/lab_6_2/workspace/mb_usb_hdmi_top/microblaze_0/standalone_microblaze_0/bsp/system.mss
TRACE::2024-10-24.22:32:30::SCWMssOS::DEBUG:  swdes dump  C:/Users/curti/OneDrive/Documents/UIUC/ECE-385/Vivado_Projects/lab_6_2/workspace/mb_usb_hdmi_top/microblaze_0/standalone_microblaze_0/bsp/system.mss|system||

TRACE::2024-10-24.22:32:30::SCWMssOS::Sw design exists and opened at  C:/Users/curti/OneDrive/Documents/UIUC/ECE-385/Vivado_Projects/lab_6_2/workspace/mb_usb_hdmi_top/microblaze_0/standalone_microblaze_0/bsp/system.mss
TRACE::2024-10-24.22:32:30::SCWMssOS::Completed writing the mss file at C:/Users/curti/OneDrive/Documents/UIUC/ECE-385/Vivado_Projects/lab_6_2/workspace/mb_usb_hdmi_top/microblaze_0/standalone_microblaze_0/bsp
TRACE::2024-10-24.22:32:30::SCWMssOS::Mss edits present, copying mssfile into export location C:/Users/curti/OneDrive/Documents/UIUC/ECE-385/Vivado_Projects/lab_6_2/workspace/mb_usb_hdmi_top/microblaze_0/standalone_microblaze_0/bsp/system.mss
TRACE::2024-10-24.22:32:30::SCWMssOS::bsp generated is stale removing and regenerating. 
TRACE::2024-10-24.22:32:32::SCWMssOS::doing bsp build ... 
TRACE::2024-10-24.22:32:32::SCWMssOS::System Command Ran  C: & cd  C:/Users/curti/OneDrive/Documents/UIUC/ECE-385/Vivado_Projects/lab_6_2/workspace/mb_usb_hdmi_top/microblaze_0/standalone_microblaze_0/bsp & make 
TRACE::2024-10-24.22:32:32::SCWMssOS::make --no-print-directory seq_libs

TRACE::2024-10-24.22:32:32::SCWMssOS::'Finished building libraries sequentially.'

TRACE::2024-10-24.22:32:32::SCWMssOS::make -j 18 --no-print-directory par_libs

TRACE::2024-10-24.22:32:32::SCWMssOS::"Running Make include in microblaze_0/libsrc/bram_v4_8/src"

TRACE::2024-10-24.22:32:32::SCWMssOS::make -C microblaze_0/libsrc/bram_v4_8/src -s include  "SHELL=CMD" "COMPILER=mb-gcc" "ASSEMBLER=mb-as" "ARCHIVER=mb-ar" "COMPILE
TRACE::2024-10-24.22:32:32::SCWMssOS::R_FLAGS=  -O2 -c -mcpu=v11.0 -mlittle-endian -mno-xl-reorder -mno-xl-soft-mul -mxl-barrel-shift -mxl-pattern-compare" "EXTRA_CO
TRACE::2024-10-24.22:32:32::SCWMssOS::MPILER_FLAGS=-g -ffunction-sections -fdata-sections -Wall -Wextra -fno-tree-loop-distribute-patterns"

TRACE::2024-10-24.22:32:32::SCWMssOS::"Running Make include in microblaze_0/libsrc/cpu_v2_16/src"

TRACE::2024-10-24.22:32:32::SCWMssOS::make -C microblaze_0/libsrc/cpu_v2_16/src -s include  "SHELL=CMD" "COMPILER=mb-gcc" "ASSEMBLER=mb-as" "ARCHIVER=mb-ar" "COMPILE
TRACE::2024-10-24.22:32:32::SCWMssOS::R_FLAGS=  -O2 -c -mcpu=v11.0 -mlittle-endian -mno-xl-reorder -mno-xl-soft-mul -mxl-barrel-shift -mxl-pattern-compare" "EXTRA_CO
TRACE::2024-10-24.22:32:32::SCWMssOS::MPILER_FLAGS=-g -ffunction-sections -fdata-sections -Wall -Wextra -fno-tree-loop-distribute-patterns"

TRACE::2024-10-24.22:32:32::SCWMssOS::"Running Make include in microblaze_0/libsrc/gpio_v4_9/src"

TRACE::2024-10-24.22:32:32::SCWMssOS::make -C microblaze_0/libsrc/gpio_v4_9/src -s include  "SHELL=CMD" "COMPILER=mb-gcc" "ASSEMBLER=mb-as" "ARCHIVER=mb-ar" "COMPILE
TRACE::2024-10-24.22:32:32::SCWMssOS::R_FLAGS=  -O2 -c -mcpu=v11.0 -mlittle-endian -mno-xl-reorder -mno-xl-soft-mul -mxl-barrel-shift -mxl-pattern-compare" "EXTRA_CO
TRACE::2024-10-24.22:32:32::SCWMssOS::MPILER_FLAGS=-g -ffunction-sections -fdata-sections -Wall -Wextra -fno-tree-loop-distribute-patterns"

TRACE::2024-10-24.22:32:32::SCWMssOS::"Running Make include in microblaze_0/libsrc/intc_v3_15/src"

TRACE::2024-10-24.22:32:32::SCWMssOS::make -C microblaze_0/libsrc/intc_v3_15/src -s include  "SHELL=CMD" "COMPILER=mb-gcc" "ASSEMBLER=mb-as" "ARCHIVER=mb-ar" "COMPIL
TRACE::2024-10-24.22:32:32::SCWMssOS::ER_FLAGS=  -O2 -c -mcpu=v11.0 -mlittle-endian -mno-xl-reorder -mno-xl-soft-mul -mxl-barrel-shift -mxl-pattern-compare" "EXTRA_C
TRACE::2024-10-24.22:32:32::SCWMssOS::OMPILER_FLAGS=-g -ffunction-sections -fdata-sections -Wall -Wextra -fno-tree-loop-distribute-patterns"

TRACE::2024-10-24.22:32:32::SCWMssOS::"Running Make include in microblaze_0/libsrc/spi_v4_9/src"

TRACE::2024-10-24.22:32:32::SCWMssOS::make -C microblaze_0/libsrc/spi_v4_9/src -s include  "SHELL=CMD" "COMPILER=mb-gcc" "ASSEMBLER=mb-as" "ARCHIVER=mb-ar" "COMPILER
TRACE::2024-10-24.22:32:32::SCWMssOS::_FLAGS=  -O2 -c -mcpu=v11.0 -mlittle-endian -mno-xl-reorder -mno-xl-soft-mul -mxl-barrel-shift -mxl-pattern-compare" "EXTRA_COM
TRACE::2024-10-24.22:32:32::SCWMssOS::PILER_FLAGS=-g -ffunction-sections -fdata-sections -Wall -Wextra -fno-tree-loop-distribute-patterns"

TRACE::2024-10-24.22:32:32::SCWMssOS::"Running Make include in microblaze_0/libsrc/standalone_v8_0/src"

TRACE::2024-10-24.22:32:32::SCWMssOS::make -C microblaze_0/libsrc/standalone_v8_0/src -s include  "SHELL=CMD" "COMPILER=mb-gcc" "ASSEMBLER=mb-as" "ARCHIVER=mb-ar" "C
TRACE::2024-10-24.22:32:32::SCWMssOS::OMPILER_FLAGS=  -O2 -c -mcpu=v11.0 -mlittle-endian -mno-xl-reorder -mno-xl-soft-mul -mxl-barrel-shift -mxl-pattern-compare" "EX
TRACE::2024-10-24.22:32:32::SCWMssOS::TRA_COMPILER_FLAGS=-g -ffunction-sections -fdata-sections -Wall -Wextra -fno-tree-loop-distribute-patterns"

TRACE::2024-10-24.22:32:32::SCWMssOS::"Running Make include in microblaze_0/libsrc/tmrctr_v4_9/src"

TRACE::2024-10-24.22:32:32::SCWMssOS::make -C microblaze_0/libsrc/tmrctr_v4_9/src -s include  "SHELL=CMD" "COMPILER=mb-gcc" "ASSEMBLER=mb-as" "ARCHIVER=mb-ar" "COMPI
TRACE::2024-10-24.22:32:32::SCWMssOS::LER_FLAGS=  -O2 -c -mcpu=v11.0 -mlittle-endian -mno-xl-reorder -mno-xl-soft-mul -mxl-barrel-shift -mxl-pattern-compare" "EXTRA_
TRACE::2024-10-24.22:32:32::SCWMssOS::COMPILER_FLAGS=-g -ffunction-sections -fdata-sections -Wall -Wextra -fno-tree-loop-distribute-patterns"

TRACE::2024-10-24.22:32:32::SCWMssOS::"Running Make include in microblaze_0/libsrc/uartlite_v3_7/src"

TRACE::2024-10-24.22:32:32::SCWMssOS::make -C microblaze_0/libsrc/uartlite_v3_7/src -s include  "SHELL=CMD" "COMPILER=mb-gcc" "ASSEMBLER=mb-as" "ARCHIVER=mb-ar" "COM
TRACE::2024-10-24.22:32:32::SCWMssOS::PILER_FLAGS=  -O2 -c -mcpu=v11.0 -mlittle-endian -mno-xl-reorder -mno-xl-soft-mul -mxl-barrel-shift -mxl-pattern-compare" "EXTR
TRACE::2024-10-24.22:32:32::SCWMssOS::A_COMPILER_FLAGS=-g -ffunction-sections -fdata-sections -Wall -Wextra -fno-tree-loop-distribute-patterns"

TRACE::2024-10-24.22:32:33::SCWMssOS::"Running Make libs in microblaze_0/libsrc/bram_v4_8/src"

TRACE::2024-10-24.22:32:33::SCWMssOS::make -C microblaze_0/libsrc/bram_v4_8/src -s libs  "SHELL=CMD" "COMPILER=mb-gcc" "ASSEMBLER=mb-as" "ARCHIVER=mb-ar" "COMPILER_F
TRACE::2024-10-24.22:32:33::SCWMssOS::LAGS=  -O2 -c -mcpu=v11.0 -mlittle-endian -mno-xl-reorder -mno-xl-soft-mul -mxl-barrel-shift -mxl-pattern-compare" "EXTRA_COMPI
TRACE::2024-10-24.22:32:33::SCWMssOS::LER_FLAGS=-g -ffunction-sections -fdata-sections -Wall -Wextra -fno-tree-loop-distribute-patterns"

TRACE::2024-10-24.22:32:33::SCWMssOS::"Running Make libs in microblaze_0/libsrc/cpu_v2_16/src"

TRACE::2024-10-24.22:32:33::SCWMssOS::make -C microblaze_0/libsrc/cpu_v2_16/src -s libs  "SHELL=CMD" "COMPILER=mb-gcc" "ASSEMBLER=mb-as" "ARCHIVER=mb-ar" "COMPILER_F
TRACE::2024-10-24.22:32:33::SCWMssOS::LAGS=  -O2 -c -mcpu=v11.0 -mlittle-endian -mno-xl-reorder -mno-xl-soft-mul -mxl-barrel-shift -mxl-pattern-compare" "EXTRA_COMPI
TRACE::2024-10-24.22:32:33::SCWMssOS::LER_FLAGS=-g -ffunction-sections -fdata-sections -Wall -Wextra -fno-tree-loop-distribute-patterns"

TRACE::2024-10-24.22:32:33::SCWMssOS::"Running Make libs in microblaze_0/libsrc/gpio_v4_9/src"

TRACE::2024-10-24.22:32:33::SCWMssOS::make -C microblaze_0/libsrc/gpio_v4_9/src -s libs  "SHELL=CMD" "COMPILER=mb-gcc" "ASSEMBLER=mb-as" "ARCHIVER=mb-ar" "COMPILER_F
TRACE::2024-10-24.22:32:33::SCWMssOS::LAGS=  -O2 -c -mcpu=v11.0 -mlittle-endian -mno-xl-reorder -mno-xl-soft-mul -mxl-barrel-shift -mxl-pattern-compare" "EXTRA_COMPI
TRACE::2024-10-24.22:32:33::SCWMssOS::LER_FLAGS=-g -ffunction-sections -fdata-sections -Wall -Wextra -fno-tree-loop-distribute-patterns"

TRACE::2024-10-24.22:32:33::SCWMssOS::"Running Make libs in microblaze_0/libsrc/intc_v3_15/src"

TRACE::2024-10-24.22:32:33::SCWMssOS::make -C microblaze_0/libsrc/intc_v3_15/src -s libs  "SHELL=CMD" "COMPILER=mb-gcc" "ASSEMBLER=mb-as" "ARCHIVER=mb-ar" "COMPILER_
TRACE::2024-10-24.22:32:33::SCWMssOS::FLAGS=  -O2 -c -mcpu=v11.0 -mlittle-endian -mno-xl-reorder -mno-xl-soft-mul -mxl-barrel-shift -mxl-pattern-compare" "EXTRA_COMP
TRACE::2024-10-24.22:32:33::SCWMssOS::ILER_FLAGS=-g -ffunction-sections -fdata-sections -Wall -Wextra -fno-tree-loop-distribute-patterns"

TRACE::2024-10-24.22:32:33::SCWMssOS::"Running Make libs in microblaze_0/libsrc/spi_v4_9/src"

TRACE::2024-10-24.22:32:33::SCWMssOS::make -C microblaze_0/libsrc/spi_v4_9/src -s libs  "SHELL=CMD" "COMPILER=mb-gcc" "ASSEMBLER=mb-as" "ARCHIVER=mb-ar" "COMPILER_FL
TRACE::2024-10-24.22:32:33::SCWMssOS::AGS=  -O2 -c -mcpu=v11.0 -mlittle-endian -mno-xl-reorder -mno-xl-soft-mul -mxl-barrel-shift -mxl-pattern-compare" "EXTRA_COMPIL
TRACE::2024-10-24.22:32:33::SCWMssOS::ER_FLAGS=-g -ffunction-sections -fdata-sections -Wall -Wextra -fno-tree-loop-distribute-patterns"

TRACE::2024-10-24.22:32:33::SCWMssOS::"Running Make libs in microblaze_0/libsrc/standalone_v8_0/src"

TRACE::2024-10-24.22:32:33::SCWMssOS::make -C microblaze_0/libsrc/standalone_v8_0/src -s libs  "SHELL=CMD" "COMPILER=mb-gcc" "ASSEMBLER=mb-as" "ARCHIVER=mb-ar" "COMP
TRACE::2024-10-24.22:32:33::SCWMssOS::ILER_FLAGS=  -O2 -c -mcpu=v11.0 -mlittle-endian -mno-xl-reorder -mno-xl-soft-mul -mxl-barrel-shift -mxl-pattern-compare" "EXTRA
TRACE::2024-10-24.22:32:33::SCWMssOS::_COMPILER_FLAGS=-g -ffunction-sections -fdata-sections -Wall -Wextra -fno-tree-loop-distribute-patterns"

TRACE::2024-10-24.22:32:33::SCWMssOS::"Running Make libs in microblaze_0/libsrc/tmrctr_v4_9/src"

TRACE::2024-10-24.22:32:33::SCWMssOS::make -C microblaze_0/libsrc/tmrctr_v4_9/src -s libs  "SHELL=CMD" "COMPILER=mb-gcc" "ASSEMBLER=mb-as" "ARCHIVER=mb-ar" "COMPILER
TRACE::2024-10-24.22:32:33::SCWMssOS::_FLAGS=  -O2 -c -mcpu=v11.0 -mlittle-endian -mno-xl-reorder -mno-xl-soft-mul -mxl-barrel-shift -mxl-pattern-compare" "EXTRA_COM
TRACE::2024-10-24.22:32:33::SCWMssOS::PILER_FLAGS=-g -ffunction-sections -fdata-sections -Wall -Wextra -fno-tree-loop-distribute-patterns"

TRACE::2024-10-24.22:32:33::SCWMssOS::"Running Make libs in microblaze_0/libsrc/uartlite_v3_7/src"

TRACE::2024-10-24.22:32:33::SCWMssOS::make -C microblaze_0/libsrc/uartlite_v3_7/src -s libs  "SHELL=CMD" "COMPILER=mb-gcc" "ASSEMBLER=mb-as" "ARCHIVER=mb-ar" "COMPIL
TRACE::2024-10-24.22:32:33::SCWMssOS::ER_FLAGS=  -O2 -c -mcpu=v11.0 -mlittle-endian -mno-xl-reorder -mno-xl-soft-mul -mxl-barrel-shift -mxl-pattern-compare" "EXTRA_C
TRACE::2024-10-24.22:32:33::SCWMssOS::OMPILER_FLAGS=-g -ffunction-sections -fdata-sections -Wall -Wextra -fno-tree-loop-distribute-patterns"

TRACE::2024-10-24.22:32:34::SCWMssOS::"DEBUG NON_LTO_OBJECTS is ../../../lib/microblaze_interrupt_handler.o"

TRACE::2024-10-24.22:32:34::SCWMssOS::'Finished building libraries parallelly.'

TRACE::2024-10-24.22:32:34::SCWMssOS::make --no-print-directory archive

TRACE::2024-10-24.22:32:34::SCWMssOS::mb-ar -r  microblaze_0/lib/libxil.a microblaze_0/lib/_exit.o microblaze_0/lib/errno.o microblaze_0/lib/fcntl.o microblaze_0/lib
TRACE::2024-10-24.22:32:34::SCWMssOS::/hw_exception_handler.o microblaze_0/lib/inbyte.o microblaze_0/lib/microblaze_disable_dcache.o microblaze_0/lib/microblaze_disa
TRACE::2024-10-24.22:32:34::SCWMssOS::ble_exceptions.o microblaze_0/lib/microblaze_disable_icache.o microblaze_0/lib/microblaze_disable_interrupts.o microblaze_0/lib
TRACE::2024-10-24.22:32:34::SCWMssOS::/microblaze_enable_dcache.o microblaze_0/lib/microblaze_enable_exceptions.o microblaze_0/lib/microblaze_enable_icache.o microbl
TRACE::2024-10-24.22:32:34::SCWMssOS::aze_0/lib/microblaze_enable_interrupts.o microblaze_0/lib/microblaze_exception_handler.o microblaze_0/lib/microblaze_flush_cach
TRACE::2024-10-24.22:32:34::SCWMssOS::e_ext.o microblaze_0/lib/microblaze_flush_cache_ext_range.o microblaze_0/lib/microblaze_flush_dcache.o microblaze_0/lib/microbl
TRACE::2024-10-24.22:32:34::SCWMssOS::aze_flush_dcache_range.o microblaze_0/lib/microblaze_init_dcache_range.o microblaze_0/lib/microblaze_init_icache_range.o microb
TRACE::2024-10-24.22:32:34::SCWMssOS::laze_0/lib/microblaze_interrupt_handler.o microblaze_0/lib/microblaze_interrupts_g.o microblaze_0/lib/microblaze_invalidate_cac
TRACE::2024-10-24.22:32:34::SCWMssOS::he_ext.o microblaze_0/lib/microblaze_invalidate_cache_ext_range.o microblaze_0/lib/microblaze_invalidate_dcache.o microblaze_0/
TRACE::2024-10-24.22:32:34::SCWMssOS::lib/microblaze_invalidate_dcache_range.o microblaze_0/lib/microblaze_invalidate_icache.o microblaze_0/lib/microblaze_invalidate
TRACE::2024-10-24.22:32:34::SCWMssOS::_icache_range.o microblaze_0/lib/microblaze_scrub.o microblaze_0/lib/microblaze_selftest.o microblaze_0/lib/microblaze_sleep.o 
TRACE::2024-10-24.22:32:34::SCWMssOS::microblaze_0/lib/microblaze_update_dcache.o microblaze_0/lib/microblaze_update_icache.o microblaze_0/lib/outbyte.o microblaze_0
TRACE::2024-10-24.22:32:34::SCWMssOS::/lib/print.o microblaze_0/lib/pvr.o microblaze_0/lib/xbram.o microblaze_0/lib/xbram_g.o microblaze_0/lib/xbram_intr.o microblaz
TRACE::2024-10-24.22:32:34::SCWMssOS::e_0/lib/xbram_selftest.o microblaze_0/lib/xbram_sinit.o microblaze_0/lib/xgpio.o microblaze_0/lib/xgpio_extra.o microblaze_0/li
TRACE::2024-10-24.22:32:34::SCWMssOS::b/xgpio_g.o microblaze_0/lib/xgpio_intr.o microblaze_0/lib/xgpio_selftest.o microblaze_0/lib/xgpio_sinit.o microblaze_0/lib/xil
TRACE::2024-10-24.22:32:34::SCWMssOS::_assert.o microblaze_0/lib/xil_cache.o microblaze_0/lib/xil_clocking.o microblaze_0/lib/xil_exception.o microblaze_0/lib/xil_me
TRACE::2024-10-24.22:32:34::SCWMssOS::m.o microblaze_0/lib/xil_misc_psreset_api.o microblaze_0/lib/xil_printf.o microblaze_0/lib/xil_sleepcommon.o microblaze_0/lib/x
TRACE::2024-10-24.22:32:34::SCWMssOS::il_testcache.o microblaze_0/lib/xil_testio.o microblaze_0/lib/xil_testmem.o microblaze_0/lib/xil_util.o microblaze_0/lib/xintc.
TRACE::2024-10-24.22:32:34::SCWMssOS::o microblaze_0/lib/xintc_g.o microblaze_0/lib/xintc_intr.o microblaze_0/lib/xintc_l.o microblaze_0/lib/xintc_options.o microbla
TRACE::2024-10-24.22:32:34::SCWMssOS::ze_0/lib/xintc_selftest.o microblaze_0/lib/xinterrupt_wrap.o microblaze_0/lib/xio.o microblaze_0/lib/xplatform_info.o microblaz
TRACE::2024-10-24.22:32:34::SCWMssOS::e_0/lib/xspi.o microblaze_0/lib/xspi_g.o microblaze_0/lib/xspi_options.o microblaze_0/lib/xspi_selftest.o microblaze_0/lib/xspi
TRACE::2024-10-24.22:32:34::SCWMssOS::_sinit.o microblaze_0/lib/xspi_stats.o microblaze_0/lib/xtmrctr.o microblaze_0/lib/xtmrctr_g.o microblaze_0/lib/xtmrctr_intr.o 
TRACE::2024-10-24.22:32:34::SCWMssOS::microblaze_0/lib/xtmrctr_l.o microblaze_0/lib/xtmrctr_options.o microblaze_0/lib/xtmrctr_selftest.o microblaze_0/lib/xtmrctr_si
TRACE::2024-10-24.22:32:34::SCWMssOS::nit.o microblaze_0/lib/xtmrctr_stats.o microblaze_0/lib/xuartlite.o microblaze_0/lib/xuartlite_g.o microblaze_0/lib/xuartlite_i
TRACE::2024-10-24.22:32:34::SCWMssOS::ntr.o microblaze_0/lib/xuartlite_l.o microblaze_0/lib/xuartlite_selftest.o microblaze_0/lib/xuartlite_sinit.o microblaze_0/lib/
TRACE::2024-10-24.22:32:34::SCWMssOS::xuartlite_stats.o

TRACE::2024-10-24.22:32:34::SCWMssOS::'Finished building libraries'

TRACE::2024-10-24.22:32:35::SCWMssOS:: Checking if to create the Supporting Applications
TRACE::2024-10-24.22:32:35::SCWMssOS:: No Linux domain exists, trying to generate FSBL 
LOG::2024-10-24.22:32:35::SCWSystem::Completed Processing the domain standalone_microblaze_0
LOG::2024-10-24.22:32:35::SCWSystem::Completed Processing the sysconfig mb_usb_hdmi_top
LOG::2024-10-24.22:32:35::SCWPlatform::Completed generating the artifacts for system configuration mb_usb_hdmi_top
TRACE::2024-10-24.22:32:35::SCWPlatform::Started preparing the platform 
TRACE::2024-10-24.22:32:35::SCWSystem::Writing the bif file for system config mb_usb_hdmi_top
TRACE::2024-10-24.22:32:35::SCWSystem::dir created 
TRACE::2024-10-24.22:32:35::SCWSystem::Writing the bif 
TRACE::2024-10-24.22:32:35::SCWPlatform::Started writing the spfm file 
TRACE::2024-10-24.22:32:35::SCWPlatform::Started writing the xpfm file 
TRACE::2024-10-24.22:32:35::SCWPlatform::Completed generating the platform
TRACE::2024-10-24.22:32:35::SCWMssOS::Saving the mss changes C:/Users/curti/OneDrive/Documents/UIUC/ECE-385/Vivado_Projects/lab_6_2/workspace/mb_usb_hdmi_top/microblaze_0/standalone_microblaze_0/bsp/system.mss
TRACE::2024-10-24.22:32:35::SCWMssOS::Adding the swdes entry, mss present, able to open swdb C:/Users/curti/OneDrive/Documents/UIUC/ECE-385/Vivado_Projects/lab_6_2/workspace/mb_usb_hdmi_top/microblaze_0/standalone_microblaze_0/bsp/system.mss with des name system
TRACE::2024-10-24.22:32:35::SCWMssOS::Writing the mss file completed C:/Users/curti/OneDrive/Documents/UIUC/ECE-385/Vivado_Projects/lab_6_2/workspace/mb_usb_hdmi_top/microblaze_0/standalone_microblaze_0/bsp/system.mss
TRACE::2024-10-24.22:32:35::SCWMssOS::Commit changes completed.
TRACE::2024-10-24.22:32:35::SCWPlatform::Trying to open the hw design at C:/Users/curti/OneDrive/Documents/UIUC/ECE-385/Vivado_Projects/lab_6_2/workspace/mb_usb_hdmi_top/hw/mb_usb_hdmi_top.xsa
TRACE::2024-10-24.22:32:35::SCWPlatform::DSA given C:/Users/curti/OneDrive/Documents/UIUC/ECE-385/Vivado_Projects/lab_6_2/workspace/mb_usb_hdmi_top/hw/mb_usb_hdmi_top.xsa
TRACE::2024-10-24.22:32:35::SCWPlatform::DSA absoulate path C:/Users/curti/OneDrive/Documents/UIUC/ECE-385/Vivado_Projects/lab_6_2/workspace/mb_usb_hdmi_top/hw/mb_usb_hdmi_top.xsa
TRACE::2024-10-24.22:32:35::SCWPlatform::DSA directory C:/Users/curti/OneDrive/Documents/UIUC/ECE-385/Vivado_Projects/lab_6_2/workspace/mb_usb_hdmi_top/hw
TRACE::2024-10-24.22:32:35::SCWPlatform:: Platform Path C:/Users/curti/OneDrive/Documents/UIUC/ECE-385/Vivado_Projects/lab_6_2/workspace/mb_usb_hdmi_top/hw/mb_usb_hdmi_top.xsa
TRACE::2024-10-24.22:32:35::SCWPlatform:: Unique name xilinx:::0.0
TRACE::2024-10-24.22:32:35::SCWPlatform::Trying to set the existing hwdb with name mb_usb_hdmi_top_6
TRACE::2024-10-24.22:32:35::SCWPlatform::Opened existing hwdb mb_usb_hdmi_top_6
TRACE::2024-10-24.22:32:35::SCWPlatform::Found the Hw Db part of the input DSA
TRACE::2024-10-24.22:32:35::SCWMssOS::Checking the sw design at  C:/Users/curti/OneDrive/Documents/UIUC/ECE-385/Vivado_Projects/lab_6_2/workspace/mb_usb_hdmi_top/microblaze_0/standalone_microblaze_0/bsp/system.mss
TRACE::2024-10-24.22:32:35::SCWMssOS::DEBUG:  swdes dump  C:/Users/curti/OneDrive/Documents/UIUC/ECE-385/Vivado_Projects/lab_6_2/workspace/mb_usb_hdmi_top/microblaze_0/standalone_microblaze_0/bsp/system.mss|system||

TRACE::2024-10-24.22:32:35::SCWMssOS::Sw design exists and opened at  C:/Users/curti/OneDrive/Documents/UIUC/ECE-385/Vivado_Projects/lab_6_2/workspace/mb_usb_hdmi_top/microblaze_0/standalone_microblaze_0/bsp/system.mss
TRACE::2024-10-24.22:32:35::SCWWriter::formatted JSON is {
	"platformName":	"mb_usb_hdmi_top",
	"sprVersion":	"2.0",
	"mode":	"gui",
	"dsaType":	"Fixed",
	"platformDesc":	"mb_usb_hdmi_top",
	"platHandOff":	"C:/Users/curti/OneDrive/Documents/UIUC/ECE-385/Vivado_Projects/lab_6_2/mb_usb_hdmi_top.xsa",
	"platIntHandOff":	"<platformDir>/hw/mb_usb_hdmi_top.xsa",
	"deviceType":	"FPGA",
	"platIsPrebuiltAutogen":	"false",
	"platIsNoBootBsp":	"false",
	"hasFsblMakeHasChanges":	"false",
	"hasPmufwMakeHasChanges":	"false",
	"platPreBuiltFlag":	false,
	"platformSamplesDir":	"",
	"platActiveSys":	"mb_usb_hdmi_top",
	"systems":	[{
			"systemName":	"mb_usb_hdmi_top",
			"systemDesc":	"mb_usb_hdmi_top",
			"sysIsBootAutoGen":	"true",
			"systemDispName":	"mb_usb_hdmi_top",
			"sysActiveDom":	"standalone_microblaze_0",
			"sysDefaultDom":	"standalone_microblaze_0",
			"domains":	[{
					"domainName":	"standalone_microblaze_0",
					"domainDispName":	"standalone_microblaze_0",
					"domainDesc":	"standalone_microblaze_0",
					"processors":	"microblaze_0",
					"os":	"standalone",
					"sdxOs":	"standalone",
					"debugEnable":	"False",
					"domRuntimes":	["cpp"],
					"swRepo":	"",
					"mssOsVer":	"8.0",
					"mssFile":	"",
					"md5Digest":	"304529987e879521ca977c68d163f362",
					"compatibleApp":	"",
					"domType":	"mssDomain",
					"arch":	"32-bit",
					"appSettings":	{
						"appCompilerFlags":	"",
						"appLinkerFlags":	""
					},
					"addedLibs":	[],
					"libOptions":	{
						"libsContainingOptions":	[]
					},
					"prebuiltLibs":	{
						"prebuiltIncPath":	[],
						"prebuiltLibPath":	[]
					},
					"isolation":	{
					}
				}]
		}]
}
KEYINFO::2024-10-24.22:32:35::SCWPlatform::updated the xpfm file.
TRACE::2024-10-24.22:32:35::SCWPlatform::Trying to open the hw design at C:/Users/curti/OneDrive/Documents/UIUC/ECE-385/Vivado_Projects/lab_6_2/workspace/mb_usb_hdmi_top/hw/mb_usb_hdmi_top.xsa
TRACE::2024-10-24.22:32:35::SCWPlatform::DSA given C:/Users/curti/OneDrive/Documents/UIUC/ECE-385/Vivado_Projects/lab_6_2/workspace/mb_usb_hdmi_top/hw/mb_usb_hdmi_top.xsa
TRACE::2024-10-24.22:32:35::SCWPlatform::DSA absoulate path C:/Users/curti/OneDrive/Documents/UIUC/ECE-385/Vivado_Projects/lab_6_2/workspace/mb_usb_hdmi_top/hw/mb_usb_hdmi_top.xsa
TRACE::2024-10-24.22:32:35::SCWPlatform::DSA directory C:/Users/curti/OneDrive/Documents/UIUC/ECE-385/Vivado_Projects/lab_6_2/workspace/mb_usb_hdmi_top/hw
TRACE::2024-10-24.22:32:35::SCWPlatform:: Platform Path C:/Users/curti/OneDrive/Documents/UIUC/ECE-385/Vivado_Projects/lab_6_2/workspace/mb_usb_hdmi_top/hw/mb_usb_hdmi_top.xsa
TRACE::2024-10-24.22:32:35::SCWPlatform:: Unique name xilinx:::0.0
TRACE::2024-10-24.22:32:35::SCWPlatform::Trying to set the existing hwdb with name mb_usb_hdmi_top_6
TRACE::2024-10-24.22:32:35::SCWPlatform::Opened existing hwdb mb_usb_hdmi_top_6
TRACE::2024-10-24.22:32:35::SCWPlatform::Found the Hw Db part of the input DSA
TRACE::2024-10-24.22:32:35::SCWMssOS::Checking the sw design at  C:/Users/curti/OneDrive/Documents/UIUC/ECE-385/Vivado_Projects/lab_6_2/workspace/mb_usb_hdmi_top/microblaze_0/standalone_microblaze_0/bsp/system.mss
TRACE::2024-10-24.22:32:35::SCWMssOS::DEBUG:  swdes dump  C:/Users/curti/OneDrive/Documents/UIUC/ECE-385/Vivado_Projects/lab_6_2/workspace/mb_usb_hdmi_top/microblaze_0/standalone_microblaze_0/bsp/system.mss|system||

TRACE::2024-10-24.22:32:35::SCWMssOS::Sw design exists and opened at  C:/Users/curti/OneDrive/Documents/UIUC/ECE-385/Vivado_Projects/lab_6_2/workspace/mb_usb_hdmi_top/microblaze_0/standalone_microblaze_0/bsp/system.mss
TRACE::2024-10-24.23:34:43::SCWPlatform::Trying to open the hw design at C:/Users/curti/OneDrive/Documents/UIUC/ECE-385/Vivado_Projects/lab_6_2/workspace/mb_usb_hdmi_top/hw/mb_usb_hdmi_top.xsa
TRACE::2024-10-24.23:34:43::SCWPlatform::DSA given C:/Users/curti/OneDrive/Documents/UIUC/ECE-385/Vivado_Projects/lab_6_2/workspace/mb_usb_hdmi_top/hw/mb_usb_hdmi_top.xsa
TRACE::2024-10-24.23:34:43::SCWPlatform::DSA absoulate path C:/Users/curti/OneDrive/Documents/UIUC/ECE-385/Vivado_Projects/lab_6_2/workspace/mb_usb_hdmi_top/hw/mb_usb_hdmi_top.xsa
TRACE::2024-10-24.23:34:43::SCWPlatform::DSA directory C:/Users/curti/OneDrive/Documents/UIUC/ECE-385/Vivado_Projects/lab_6_2/workspace/mb_usb_hdmi_top/hw
TRACE::2024-10-24.23:34:43::SCWPlatform:: Platform Path C:/Users/curti/OneDrive/Documents/UIUC/ECE-385/Vivado_Projects/lab_6_2/workspace/mb_usb_hdmi_top/hw/mb_usb_hdmi_top.xsa
TRACE::2024-10-24.23:34:43::SCWPlatform:: Unique name xilinx:::0.0
TRACE::2024-10-24.23:34:43::SCWPlatform::Do not have an existing db opened. 
TRACE::2024-10-24.23:34:44::SCWPlatform::Opened new HwDB with name mb_usb_hdmi_top_8
TRACE::2024-10-24.23:34:44::SCWReader::Active system found as  mb_usb_hdmi_top
TRACE::2024-10-24.23:34:44::SCWReader::Handling sysconfig mb_usb_hdmi_top
TRACE::2024-10-24.23:34:44::SCWDomain::checking for install qemu data   : 
TRACE::2024-10-24.23:34:44::SCWPlatform::Trying to open the hw design at C:/Users/curti/OneDrive/Documents/UIUC/ECE-385/Vivado_Projects/lab_6_2/workspace/mb_usb_hdmi_top/hw/mb_usb_hdmi_top.xsa
TRACE::2024-10-24.23:34:44::SCWPlatform::DSA given C:/Users/curti/OneDrive/Documents/UIUC/ECE-385/Vivado_Projects/lab_6_2/workspace/mb_usb_hdmi_top/hw/mb_usb_hdmi_top.xsa
TRACE::2024-10-24.23:34:44::SCWPlatform::DSA absoulate path C:/Users/curti/OneDrive/Documents/UIUC/ECE-385/Vivado_Projects/lab_6_2/workspace/mb_usb_hdmi_top/hw/mb_usb_hdmi_top.xsa
TRACE::2024-10-24.23:34:44::SCWPlatform::DSA directory C:/Users/curti/OneDrive/Documents/UIUC/ECE-385/Vivado_Projects/lab_6_2/workspace/mb_usb_hdmi_top/hw
TRACE::2024-10-24.23:34:44::SCWPlatform:: Platform Path C:/Users/curti/OneDrive/Documents/UIUC/ECE-385/Vivado_Projects/lab_6_2/workspace/mb_usb_hdmi_top/hw/mb_usb_hdmi_top.xsa
TRACE::2024-10-24.23:34:44::SCWPlatform:: Unique name xilinx:::0.0
TRACE::2024-10-24.23:34:44::SCWPlatform::Trying to set the existing hwdb with name mb_usb_hdmi_top_8
TRACE::2024-10-24.23:34:44::SCWPlatform::Opened existing hwdb mb_usb_hdmi_top_8
TRACE::2024-10-24.23:34:44::SCWPlatform::Found the Hw Db part of the input DSA
TRACE::2024-10-24.23:34:44::SCWPlatform::Trying to open the hw design at C:/Users/curti/OneDrive/Documents/UIUC/ECE-385/Vivado_Projects/lab_6_2/workspace/mb_usb_hdmi_top/hw/mb_usb_hdmi_top.xsa
TRACE::2024-10-24.23:34:44::SCWPlatform::DSA given C:/Users/curti/OneDrive/Documents/UIUC/ECE-385/Vivado_Projects/lab_6_2/workspace/mb_usb_hdmi_top/hw/mb_usb_hdmi_top.xsa
TRACE::2024-10-24.23:34:44::SCWPlatform::DSA absoulate path C:/Users/curti/OneDrive/Documents/UIUC/ECE-385/Vivado_Projects/lab_6_2/workspace/mb_usb_hdmi_top/hw/mb_usb_hdmi_top.xsa
TRACE::2024-10-24.23:34:44::SCWPlatform::DSA directory C:/Users/curti/OneDrive/Documents/UIUC/ECE-385/Vivado_Projects/lab_6_2/workspace/mb_usb_hdmi_top/hw
TRACE::2024-10-24.23:34:44::SCWPlatform:: Platform Path C:/Users/curti/OneDrive/Documents/UIUC/ECE-385/Vivado_Projects/lab_6_2/workspace/mb_usb_hdmi_top/hw/mb_usb_hdmi_top.xsa
TRACE::2024-10-24.23:34:44::SCWPlatform:: Unique name xilinx:::0.0
TRACE::2024-10-24.23:34:44::SCWPlatform::Trying to set the existing hwdb with name mb_usb_hdmi_top_8
TRACE::2024-10-24.23:34:44::SCWPlatform::Opened existing hwdb mb_usb_hdmi_top_8
TRACE::2024-10-24.23:34:44::SCWPlatform::Found the Hw Db part of the input DSA
TRACE::2024-10-24.23:34:44::SCWPlatform::Trying to open the hw design at C:/Users/curti/OneDrive/Documents/UIUC/ECE-385/Vivado_Projects/lab_6_2/workspace/mb_usb_hdmi_top/hw/mb_usb_hdmi_top.xsa
TRACE::2024-10-24.23:34:44::SCWPlatform::DSA given C:/Users/curti/OneDrive/Documents/UIUC/ECE-385/Vivado_Projects/lab_6_2/workspace/mb_usb_hdmi_top/hw/mb_usb_hdmi_top.xsa
TRACE::2024-10-24.23:34:44::SCWPlatform::DSA absoulate path C:/Users/curti/OneDrive/Documents/UIUC/ECE-385/Vivado_Projects/lab_6_2/workspace/mb_usb_hdmi_top/hw/mb_usb_hdmi_top.xsa
TRACE::2024-10-24.23:34:44::SCWPlatform::DSA directory C:/Users/curti/OneDrive/Documents/UIUC/ECE-385/Vivado_Projects/lab_6_2/workspace/mb_usb_hdmi_top/hw
TRACE::2024-10-24.23:34:44::SCWPlatform:: Platform Path C:/Users/curti/OneDrive/Documents/UIUC/ECE-385/Vivado_Projects/lab_6_2/workspace/mb_usb_hdmi_top/hw/mb_usb_hdmi_top.xsa
TRACE::2024-10-24.23:34:44::SCWPlatform:: Unique name xilinx:::0.0
TRACE::2024-10-24.23:34:44::SCWPlatform::Trying to set the existing hwdb with name mb_usb_hdmi_top_8
TRACE::2024-10-24.23:34:44::SCWPlatform::Opened existing hwdb mb_usb_hdmi_top_8
TRACE::2024-10-24.23:34:44::SCWPlatform::Found the Hw Db part of the input DSA
TRACE::2024-10-24.23:34:44::SCWPlatform::Trying to open the hw design at C:/Users/curti/OneDrive/Documents/UIUC/ECE-385/Vivado_Projects/lab_6_2/workspace/mb_usb_hdmi_top/hw/mb_usb_hdmi_top.xsa
TRACE::2024-10-24.23:34:44::SCWPlatform::DSA given C:/Users/curti/OneDrive/Documents/UIUC/ECE-385/Vivado_Projects/lab_6_2/workspace/mb_usb_hdmi_top/hw/mb_usb_hdmi_top.xsa
TRACE::2024-10-24.23:34:44::SCWPlatform::DSA absoulate path C:/Users/curti/OneDrive/Documents/UIUC/ECE-385/Vivado_Projects/lab_6_2/workspace/mb_usb_hdmi_top/hw/mb_usb_hdmi_top.xsa
TRACE::2024-10-24.23:34:44::SCWPlatform::DSA directory C:/Users/curti/OneDrive/Documents/UIUC/ECE-385/Vivado_Projects/lab_6_2/workspace/mb_usb_hdmi_top/hw
TRACE::2024-10-24.23:34:44::SCWPlatform:: Platform Path C:/Users/curti/OneDrive/Documents/UIUC/ECE-385/Vivado_Projects/lab_6_2/workspace/mb_usb_hdmi_top/hw/mb_usb_hdmi_top.xsa
TRACE::2024-10-24.23:34:44::SCWPlatform:: Unique name xilinx:::0.0
TRACE::2024-10-24.23:34:44::SCWPlatform::Trying to set the existing hwdb with name mb_usb_hdmi_top_8
TRACE::2024-10-24.23:34:44::SCWPlatform::Opened existing hwdb mb_usb_hdmi_top_8
TRACE::2024-10-24.23:34:44::SCWPlatform::Found the Hw Db part of the input DSA
TRACE::2024-10-24.23:34:44::SCWMssOS::Checking the sw design at  C:/Users/curti/OneDrive/Documents/UIUC/ECE-385/Vivado_Projects/lab_6_2/workspace/mb_usb_hdmi_top/microblaze_0/standalone_microblaze_0/bsp/system.mss
TRACE::2024-10-24.23:34:44::SCWMssOS::DEBUG:  swdes dump  
TRACE::2024-10-24.23:34:44::SCWMssOS::No sw design opened at  C:/Users/curti/OneDrive/Documents/UIUC/ECE-385/Vivado_Projects/lab_6_2/workspace/mb_usb_hdmi_top/microblaze_0/standalone_microblaze_0/bsp/system.mss
TRACE::2024-10-24.23:34:44::SCWMssOS::mss exists loading the mss file  C:/Users/curti/OneDrive/Documents/UIUC/ECE-385/Vivado_Projects/lab_6_2/workspace/mb_usb_hdmi_top/microblaze_0/standalone_microblaze_0/bsp/system.mss
TRACE::2024-10-24.23:34:44::SCWMssOS::Opened the sw design from mss  C:/Users/curti/OneDrive/Documents/UIUC/ECE-385/Vivado_Projects/lab_6_2/workspace/mb_usb_hdmi_top/microblaze_0/standalone_microblaze_0/bsp/system.mss
TRACE::2024-10-24.23:34:44::SCWMssOS::Adding the swdes entry C:/Users/curti/OneDrive/Documents/UIUC/ECE-385/Vivado_Projects/lab_6_2/workspace/mb_usb_hdmi_top/microblaze_0/standalone_microblaze_0/bsp/system.mss with des name system
TRACE::2024-10-24.23:34:44::SCWMssOS::updating the scw layer about changes
TRACE::2024-10-24.23:34:44::SCWMssOS::Opened the sw design.  C:/Users/curti/OneDrive/Documents/UIUC/ECE-385/Vivado_Projects/lab_6_2/workspace/mb_usb_hdmi_top/microblaze_0/standalone_microblaze_0/bsp/system.mss
TRACE::2024-10-24.23:34:44::SCWMssOS::Saving the mss changes C:/Users/curti/OneDrive/Documents/UIUC/ECE-385/Vivado_Projects/lab_6_2/workspace/mb_usb_hdmi_top/microblaze_0/standalone_microblaze_0/bsp/system.mss
TRACE::2024-10-24.23:34:44::SCWMssOS::Found a swdesign opened with the mssfile.
TRACE::2024-10-24.23:34:44::SCWMssOS::Completed writemss as part of save.
TRACE::2024-10-24.23:34:44::SCWMssOS::Commit changes completed.
TRACE::2024-10-24.23:34:44::SCWReader::Adding prebuilt librarypaths as   
TRACE::2024-10-24.23:34:44::SCWReader::Adding prebuilt incpaths  as   
TRACE::2024-10-24.23:34:44::SCWPlatform::Trying to open the hw design at C:/Users/curti/OneDrive/Documents/UIUC/ECE-385/Vivado_Projects/lab_6_2/workspace/mb_usb_hdmi_top/hw/mb_usb_hdmi_top.xsa
TRACE::2024-10-24.23:34:44::SCWPlatform::DSA given C:/Users/curti/OneDrive/Documents/UIUC/ECE-385/Vivado_Projects/lab_6_2/workspace/mb_usb_hdmi_top/hw/mb_usb_hdmi_top.xsa
TRACE::2024-10-24.23:34:44::SCWPlatform::DSA absoulate path C:/Users/curti/OneDrive/Documents/UIUC/ECE-385/Vivado_Projects/lab_6_2/workspace/mb_usb_hdmi_top/hw/mb_usb_hdmi_top.xsa
TRACE::2024-10-24.23:34:44::SCWPlatform::DSA directory C:/Users/curti/OneDrive/Documents/UIUC/ECE-385/Vivado_Projects/lab_6_2/workspace/mb_usb_hdmi_top/hw
TRACE::2024-10-24.23:34:44::SCWPlatform:: Platform Path C:/Users/curti/OneDrive/Documents/UIUC/ECE-385/Vivado_Projects/lab_6_2/workspace/mb_usb_hdmi_top/hw/mb_usb_hdmi_top.xsa
TRACE::2024-10-24.23:34:44::SCWPlatform:: Unique name xilinx:::0.0
TRACE::2024-10-24.23:34:44::SCWPlatform::Trying to set the existing hwdb with name mb_usb_hdmi_top_8
TRACE::2024-10-24.23:34:44::SCWPlatform::Opened existing hwdb mb_usb_hdmi_top_8
TRACE::2024-10-24.23:34:44::SCWPlatform::Found the Hw Db part of the input DSA
TRACE::2024-10-24.23:34:44::SCWMssOS::Checking the sw design at  C:/Users/curti/OneDrive/Documents/UIUC/ECE-385/Vivado_Projects/lab_6_2/workspace/mb_usb_hdmi_top/microblaze_0/standalone_microblaze_0/bsp/system.mss
TRACE::2024-10-24.23:34:44::SCWMssOS::DEBUG:  swdes dump  C:/Users/curti/OneDrive/Documents/UIUC/ECE-385/Vivado_Projects/lab_6_2/workspace/mb_usb_hdmi_top/microblaze_0/standalone_microblaze_0/bsp/system.mss|system||

TRACE::2024-10-24.23:34:44::SCWMssOS::Sw design exists and opened at  C:/Users/curti/OneDrive/Documents/UIUC/ECE-385/Vivado_Projects/lab_6_2/workspace/mb_usb_hdmi_top/microblaze_0/standalone_microblaze_0/bsp/system.mss
TRACE::2024-10-24.23:34:44::SCWReader::No isolation master present  
TRACE::2024-10-24.23:34:55::SCWPlatform::DSA given C:/Users/curti/OneDrive/Documents/UIUC/ECE-385/Vivado_Projects/lab_6_2/workspace/mb_usb_hdmi_top/tempdsa/mb_usb_hdmi_top.xsa
TRACE::2024-10-24.23:34:55::SCWPlatform::DSA absoulate path C:/Users/curti/OneDrive/Documents/UIUC/ECE-385/Vivado_Projects/lab_6_2/workspace/mb_usb_hdmi_top/tempdsa/mb_usb_hdmi_top.xsa
TRACE::2024-10-24.23:34:55::SCWPlatform:: Platform location is C:/Users/curti/OneDrive/Documents/UIUC/ECE-385/Vivado_Projects/lab_6_2/workspace/mb_usb_hdmi_top/tempdsa
TRACE::2024-10-24.23:34:55::SCWPlatform:: Platform Path C:/Users/curti/OneDrive/Documents/UIUC/ECE-385/Vivado_Projects/lab_6_2/workspace/mb_usb_hdmi_top/tempdsa/mb_usb_hdmi_top.xsa
TRACE::2024-10-24.23:34:55::SCWPlatform:: Unique name xilinx:::0.0
TRACE::2024-10-24.23:34:56::SCWPlatform::Found the Hw Db part of the input DSA
TRACE::2024-10-24.23:34:56::SCWMssOS::Doing hw sync for the mss in domain: standalone_microblaze_0
TRACE::2024-10-24.23:34:56::SCWPlatform::Trying to open the hw design at C:/Users/curti/OneDrive/Documents/UIUC/ECE-385/Vivado_Projects/lab_6_2/workspace/mb_usb_hdmi_top/hw/mb_usb_hdmi_top.xsa
TRACE::2024-10-24.23:34:56::SCWPlatform::DSA given C:/Users/curti/OneDrive/Documents/UIUC/ECE-385/Vivado_Projects/lab_6_2/workspace/mb_usb_hdmi_top/hw/mb_usb_hdmi_top.xsa
TRACE::2024-10-24.23:34:56::SCWPlatform::DSA absoulate path C:/Users/curti/OneDrive/Documents/UIUC/ECE-385/Vivado_Projects/lab_6_2/workspace/mb_usb_hdmi_top/hw/mb_usb_hdmi_top.xsa
TRACE::2024-10-24.23:34:56::SCWPlatform::DSA directory C:/Users/curti/OneDrive/Documents/UIUC/ECE-385/Vivado_Projects/lab_6_2/workspace/mb_usb_hdmi_top/hw
TRACE::2024-10-24.23:34:56::SCWPlatform:: Platform Path C:/Users/curti/OneDrive/Documents/UIUC/ECE-385/Vivado_Projects/lab_6_2/workspace/mb_usb_hdmi_top/hw/mb_usb_hdmi_top.xsa
TRACE::2024-10-24.23:34:56::SCWPlatform:: Unique name xilinx:::0.0
TRACE::2024-10-24.23:34:56::SCWPlatform::Trying to set the existing hwdb with name mb_usb_hdmi_top_8
TRACE::2024-10-24.23:34:56::SCWPlatform::Opened existing hwdb mb_usb_hdmi_top_8
TRACE::2024-10-24.23:34:56::SCWPlatform::Found the Hw Db part of the input DSA
TRACE::2024-10-24.23:34:56::SCWPlatform::Trying to open the hw design at C:/Users/curti/OneDrive/Documents/UIUC/ECE-385/Vivado_Projects/lab_6_2/workspace/mb_usb_hdmi_top/hw/mb_usb_hdmi_top.xsa
TRACE::2024-10-24.23:34:56::SCWPlatform::DSA given C:/Users/curti/OneDrive/Documents/UIUC/ECE-385/Vivado_Projects/lab_6_2/workspace/mb_usb_hdmi_top/hw/mb_usb_hdmi_top.xsa
TRACE::2024-10-24.23:34:56::SCWPlatform::DSA absoulate path C:/Users/curti/OneDrive/Documents/UIUC/ECE-385/Vivado_Projects/lab_6_2/workspace/mb_usb_hdmi_top/hw/mb_usb_hdmi_top.xsa
TRACE::2024-10-24.23:34:56::SCWPlatform::DSA directory C:/Users/curti/OneDrive/Documents/UIUC/ECE-385/Vivado_Projects/lab_6_2/workspace/mb_usb_hdmi_top/hw
TRACE::2024-10-24.23:34:56::SCWPlatform:: Platform Path C:/Users/curti/OneDrive/Documents/UIUC/ECE-385/Vivado_Projects/lab_6_2/workspace/mb_usb_hdmi_top/hw/mb_usb_hdmi_top.xsa
TRACE::2024-10-24.23:34:56::SCWPlatform:: Unique name xilinx:::0.0
TRACE::2024-10-24.23:34:56::SCWPlatform::Trying to set the existing hwdb with name mb_usb_hdmi_top_8
TRACE::2024-10-24.23:34:56::SCWPlatform::Opened existing hwdb mb_usb_hdmi_top_8
TRACE::2024-10-24.23:34:56::SCWPlatform::Found the Hw Db part of the input DSA
TRACE::2024-10-24.23:34:56::SCWMssOS::Checking the sw design at  C:/Users/curti/OneDrive/Documents/UIUC/ECE-385/Vivado_Projects/lab_6_2/workspace/mb_usb_hdmi_top/microblaze_0/standalone_microblaze_0/bsp/system.mss
TRACE::2024-10-24.23:34:56::SCWMssOS::DEBUG:  swdes dump  C:/Users/curti/OneDrive/Documents/UIUC/ECE-385/Vivado_Projects/lab_6_2/workspace/mb_usb_hdmi_top/microblaze_0/standalone_microblaze_0/bsp/system.mss|system||

TRACE::2024-10-24.23:34:56::SCWMssOS::Sw design exists and opened at  C:/Users/curti/OneDrive/Documents/UIUC/ECE-385/Vivado_Projects/lab_6_2/workspace/mb_usb_hdmi_top/microblaze_0/standalone_microblaze_0/bsp/system.mss
TRACE::2024-10-24.23:34:56::SCWPlatform::Trying to open the hw design at C:/Users/curti/OneDrive/Documents/UIUC/ECE-385/Vivado_Projects/lab_6_2/workspace/mb_usb_hdmi_top/tempdsa/mb_usb_hdmi_top.xsa
TRACE::2024-10-24.23:34:56::SCWPlatform::DSA given C:/Users/curti/OneDrive/Documents/UIUC/ECE-385/Vivado_Projects/lab_6_2/workspace/mb_usb_hdmi_top/tempdsa/mb_usb_hdmi_top.xsa
TRACE::2024-10-24.23:34:56::SCWPlatform::DSA absoulate path C:/Users/curti/OneDrive/Documents/UIUC/ECE-385/Vivado_Projects/lab_6_2/workspace/mb_usb_hdmi_top/tempdsa/mb_usb_hdmi_top.xsa
TRACE::2024-10-24.23:34:56::SCWPlatform::DSA directory C:/Users/curti/OneDrive/Documents/UIUC/ECE-385/Vivado_Projects/lab_6_2/workspace/mb_usb_hdmi_top/tempdsa
TRACE::2024-10-24.23:34:56::SCWPlatform:: Platform Path C:/Users/curti/OneDrive/Documents/UIUC/ECE-385/Vivado_Projects/lab_6_2/workspace/mb_usb_hdmi_top/tempdsa/mb_usb_hdmi_top.xsa
TRACE::2024-10-24.23:34:56::SCWPlatform:: Unique name xilinx:::0.0
TRACE::2024-10-24.23:34:56::SCWPlatform::update - Opened existing hwdb mb_usb_hdmi_top_9
TRACE::2024-10-24.23:34:56::SCWPlatform::Found the Hw Db part of the input DSA
TRACE::2024-10-24.23:34:56::SCWMssOS::Saving the mss changes C:/Users/curti/OneDrive/Documents/UIUC/ECE-385/Vivado_Projects/lab_6_2/workspace/mb_usb_hdmi_top/microblaze_0/standalone_microblaze_0/bsp/system.mss
TRACE::2024-10-24.23:34:56::SCWMssOS::Found a swdesign opened with the mssfile.
TRACE::2024-10-24.23:34:56::SCWMssOS::Completed writemss as part of save.
TRACE::2024-10-24.23:34:56::SCWMssOS::Commit changes completed.
TRACE::2024-10-24.23:34:56::SCWMssOS::Completed hw sync for the mss in domain: standalone_microblaze_0
TRACE::2024-10-24.23:34:56::SCWMssOS::Removing the swdes entry for  C:/Users/curti/OneDrive/Documents/UIUC/ECE-385/Vivado_Projects/lab_6_2/workspace/mb_usb_hdmi_top/microblaze_0/standalone_microblaze_0/bsp/system.mss
TRACE::2024-10-24.23:34:56::SCWPlatform::Trying to open the hw design at C:/Users/curti/OneDrive/Documents/UIUC/ECE-385/Vivado_Projects/lab_6_2/workspace/mb_usb_hdmi_top/hw/mb_usb_hdmi_top.xsa
TRACE::2024-10-24.23:34:56::SCWPlatform::DSA given C:/Users/curti/OneDrive/Documents/UIUC/ECE-385/Vivado_Projects/lab_6_2/workspace/mb_usb_hdmi_top/hw/mb_usb_hdmi_top.xsa
TRACE::2024-10-24.23:34:56::SCWPlatform::DSA absoulate path C:/Users/curti/OneDrive/Documents/UIUC/ECE-385/Vivado_Projects/lab_6_2/workspace/mb_usb_hdmi_top/hw/mb_usb_hdmi_top.xsa
TRACE::2024-10-24.23:34:56::SCWPlatform::DSA directory C:/Users/curti/OneDrive/Documents/UIUC/ECE-385/Vivado_Projects/lab_6_2/workspace/mb_usb_hdmi_top/hw
TRACE::2024-10-24.23:34:56::SCWPlatform:: Platform Path C:/Users/curti/OneDrive/Documents/UIUC/ECE-385/Vivado_Projects/lab_6_2/workspace/mb_usb_hdmi_top/hw/mb_usb_hdmi_top.xsa
TRACE::2024-10-24.23:34:56::SCWPlatform:: Unique name xilinx:::0.0
TRACE::2024-10-24.23:34:56::SCWPlatform::Do not have an existing db opened. 
TRACE::2024-10-24.23:34:56::SCWPlatform::Opened new HwDB with name mb_usb_hdmi_top_10
TRACE::2024-10-24.23:34:56::SCWMssOS::Saving the mss changes C:/Users/curti/OneDrive/Documents/UIUC/ECE-385/Vivado_Projects/lab_6_2/workspace/mb_usb_hdmi_top/microblaze_0/standalone_microblaze_0/bsp/system.mss
TRACE::2024-10-24.23:34:56::SCWMssOS::Adding the swdes entry, mss present, able to open swdb C:/Users/curti/OneDrive/Documents/UIUC/ECE-385/Vivado_Projects/lab_6_2/workspace/mb_usb_hdmi_top/microblaze_0/standalone_microblaze_0/bsp/system.mss with des name system
TRACE::2024-10-24.23:34:56::SCWMssOS::Writing the mss file completed C:/Users/curti/OneDrive/Documents/UIUC/ECE-385/Vivado_Projects/lab_6_2/workspace/mb_usb_hdmi_top/microblaze_0/standalone_microblaze_0/bsp/system.mss
TRACE::2024-10-24.23:34:56::SCWMssOS::Commit changes completed.
TRACE::2024-10-24.23:34:56::SCWPlatform::Trying to open the hw design at C:/Users/curti/OneDrive/Documents/UIUC/ECE-385/Vivado_Projects/lab_6_2/workspace/mb_usb_hdmi_top/hw/mb_usb_hdmi_top.xsa
TRACE::2024-10-24.23:34:56::SCWPlatform::DSA given C:/Users/curti/OneDrive/Documents/UIUC/ECE-385/Vivado_Projects/lab_6_2/workspace/mb_usb_hdmi_top/hw/mb_usb_hdmi_top.xsa
TRACE::2024-10-24.23:34:56::SCWPlatform::DSA absoulate path C:/Users/curti/OneDrive/Documents/UIUC/ECE-385/Vivado_Projects/lab_6_2/workspace/mb_usb_hdmi_top/hw/mb_usb_hdmi_top.xsa
TRACE::2024-10-24.23:34:56::SCWPlatform::DSA directory C:/Users/curti/OneDrive/Documents/UIUC/ECE-385/Vivado_Projects/lab_6_2/workspace/mb_usb_hdmi_top/hw
TRACE::2024-10-24.23:34:56::SCWPlatform:: Platform Path C:/Users/curti/OneDrive/Documents/UIUC/ECE-385/Vivado_Projects/lab_6_2/workspace/mb_usb_hdmi_top/hw/mb_usb_hdmi_top.xsa
TRACE::2024-10-24.23:34:56::SCWPlatform:: Unique name xilinx:::0.0
TRACE::2024-10-24.23:34:56::SCWPlatform::Trying to set the existing hwdb with name mb_usb_hdmi_top_10
TRACE::2024-10-24.23:34:56::SCWPlatform::Opened existing hwdb mb_usb_hdmi_top_10
TRACE::2024-10-24.23:34:56::SCWPlatform::Found the Hw Db part of the input DSA
TRACE::2024-10-24.23:34:56::SCWMssOS::Checking the sw design at  C:/Users/curti/OneDrive/Documents/UIUC/ECE-385/Vivado_Projects/lab_6_2/workspace/mb_usb_hdmi_top/microblaze_0/standalone_microblaze_0/bsp/system.mss
TRACE::2024-10-24.23:34:56::SCWMssOS::DEBUG:  swdes dump  C:/Users/curti/OneDrive/Documents/UIUC/ECE-385/Vivado_Projects/lab_6_2/workspace/mb_usb_hdmi_top/microblaze_0/standalone_microblaze_0/bsp/system.mss|system||

TRACE::2024-10-24.23:34:56::SCWMssOS::Sw design exists and opened at  C:/Users/curti/OneDrive/Documents/UIUC/ECE-385/Vivado_Projects/lab_6_2/workspace/mb_usb_hdmi_top/microblaze_0/standalone_microblaze_0/bsp/system.mss
TRACE::2024-10-24.23:34:56::SCWWriter::formatted JSON is {
	"platformName":	"mb_usb_hdmi_top",
	"sprVersion":	"2.0",
	"mode":	"gui",
	"dsaType":	"Fixed",
	"platformDesc":	"mb_usb_hdmi_top",
	"platHandOff":	"C:/Users/curti/OneDrive/Documents/UIUC/ECE-385/Vivado_Projects/lab_6_2/mb_usb_hdmi_top.xsa",
	"platIntHandOff":	"<platformDir>/hw/mb_usb_hdmi_top.xsa",
	"deviceType":	"FPGA",
	"platIsPrebuiltAutogen":	"false",
	"platIsNoBootBsp":	"false",
	"hasFsblMakeHasChanges":	"false",
	"hasPmufwMakeHasChanges":	"false",
	"platPreBuiltFlag":	false,
	"platformSamplesDir":	"",
	"platActiveSys":	"mb_usb_hdmi_top",
	"systems":	[{
			"systemName":	"mb_usb_hdmi_top",
			"systemDesc":	"mb_usb_hdmi_top",
			"sysIsBootAutoGen":	"true",
			"systemDispName":	"mb_usb_hdmi_top",
			"sysActiveDom":	"standalone_microblaze_0",
			"sysDefaultDom":	"standalone_microblaze_0",
			"domains":	[{
					"domainName":	"standalone_microblaze_0",
					"domainDispName":	"standalone_microblaze_0",
					"domainDesc":	"standalone_microblaze_0",
					"processors":	"microblaze_0",
					"os":	"standalone",
					"sdxOs":	"standalone",
					"debugEnable":	"False",
					"domRuntimes":	["cpp"],
					"swRepo":	"",
					"mssOsVer":	"8.0",
					"mssFile":	"",
					"md5Digest":	"304529987e879521ca977c68d163f3621",
					"compatibleApp":	"",
					"domType":	"mssDomain",
					"arch":	"32-bit",
					"appSettings":	{
						"appCompilerFlags":	"",
						"appLinkerFlags":	""
					},
					"addedLibs":	[],
					"libOptions":	{
						"libsContainingOptions":	[]
					},
					"prebuiltLibs":	{
						"prebuiltIncPath":	[],
						"prebuiltLibPath":	[]
					},
					"isolation":	{
					}
				}]
		}]
}
TRACE::2024-10-24.23:35:04::SCWMssOS::cleaning the bsp 
TRACE::2024-10-24.23:35:04::SCWMssOS::System Command Ran  C: & cd  C:/Users/curti/OneDrive/Documents/UIUC/ECE-385/Vivado_Projects/lab_6_2/workspace/mb_usb_hdmi_top/microblaze_0/standalone_microblaze_0/bsp & make clean 
TRACE::2024-10-24.23:35:04::SCWMssOS::make -C microblaze_0/libsrc/bram_v4_8/src -s clean 

TRACE::2024-10-24.23:35:04::SCWMssOS::make -C microblaze_0/libsrc/cpu_v2_16/src -s clean 

TRACE::2024-10-24.23:35:04::SCWMssOS::make -C microblaze_0/libsrc/gpio_v4_9/src -s clean 

TRACE::2024-10-24.23:35:05::SCWMssOS::make -C microblaze_0/libsrc/intc_v3_15/src -s clean 

TRACE::2024-10-24.23:35:05::SCWMssOS::make -C microblaze_0/libsrc/spi_v4_9/src -s clean 

TRACE::2024-10-24.23:35:05::SCWMssOS::make -C microblaze_0/libsrc/standalone_v8_0/src -s clean 

TRACE::2024-10-24.23:35:05::SCWMssOS::make -C microblaze_0/libsrc/tmrctr_v4_9/src -s clean 

TRACE::2024-10-24.23:35:05::SCWMssOS::make -C microblaze_0/libsrc/uartlite_v3_7/src -s clean 

TRACE::2024-10-24.23:35:05::SCWMssOS::rm -f microblaze_0/lib/libxil.a

LOG::2024-10-24.23:35:10::SCWPlatform::Started generating the artifacts platform mb_usb_hdmi_top
TRACE::2024-10-24.23:35:10::SCWPlatform::Sanity checking of platform is completed
LOG::2024-10-24.23:35:10::SCWPlatform::Started generating the artifacts for system configuration mb_usb_hdmi_top
LOG::2024-10-24.23:35:10::SCWSystem::Checking the domain standalone_microblaze_0
LOG::2024-10-24.23:35:10::SCWSystem::Not a boot domain 
LOG::2024-10-24.23:35:10::SCWSystem::Started Processing the domain standalone_microblaze_0
TRACE::2024-10-24.23:35:10::SCWDomain::Generating domain artifcats
TRACE::2024-10-24.23:35:10::SCWMssOS::Generating standalone artifcats
TRACE::2024-10-24.23:35:10::SCWMssOS:: Copying the user libraries. 
TRACE::2024-10-24.23:35:10::SCWPlatform::Trying to open the hw design at C:/Users/curti/OneDrive/Documents/UIUC/ECE-385/Vivado_Projects/lab_6_2/workspace/mb_usb_hdmi_top/hw/mb_usb_hdmi_top.xsa
TRACE::2024-10-24.23:35:10::SCWPlatform::DSA given C:/Users/curti/OneDrive/Documents/UIUC/ECE-385/Vivado_Projects/lab_6_2/workspace/mb_usb_hdmi_top/hw/mb_usb_hdmi_top.xsa
TRACE::2024-10-24.23:35:10::SCWPlatform::DSA absoulate path C:/Users/curti/OneDrive/Documents/UIUC/ECE-385/Vivado_Projects/lab_6_2/workspace/mb_usb_hdmi_top/hw/mb_usb_hdmi_top.xsa
TRACE::2024-10-24.23:35:10::SCWPlatform::DSA directory C:/Users/curti/OneDrive/Documents/UIUC/ECE-385/Vivado_Projects/lab_6_2/workspace/mb_usb_hdmi_top/hw
TRACE::2024-10-24.23:35:10::SCWPlatform:: Platform Path C:/Users/curti/OneDrive/Documents/UIUC/ECE-385/Vivado_Projects/lab_6_2/workspace/mb_usb_hdmi_top/hw/mb_usb_hdmi_top.xsa
TRACE::2024-10-24.23:35:10::SCWPlatform:: Unique name xilinx:::0.0
TRACE::2024-10-24.23:35:10::SCWPlatform::Trying to set the existing hwdb with name mb_usb_hdmi_top_10
TRACE::2024-10-24.23:35:10::SCWPlatform::Opened existing hwdb mb_usb_hdmi_top_10
TRACE::2024-10-24.23:35:10::SCWPlatform::Found the Hw Db part of the input DSA
TRACE::2024-10-24.23:35:10::SCWMssOS::Checking the sw design at  C:/Users/curti/OneDrive/Documents/UIUC/ECE-385/Vivado_Projects/lab_6_2/workspace/mb_usb_hdmi_top/microblaze_0/standalone_microblaze_0/bsp/system.mss
TRACE::2024-10-24.23:35:10::SCWMssOS::DEBUG:  swdes dump  C:/Users/curti/OneDrive/Documents/UIUC/ECE-385/Vivado_Projects/lab_6_2/workspace/mb_usb_hdmi_top/microblaze_0/standalone_microblaze_0/bsp/system.mss|system||

TRACE::2024-10-24.23:35:10::SCWMssOS::Sw design exists and opened at  C:/Users/curti/OneDrive/Documents/UIUC/ECE-385/Vivado_Projects/lab_6_2/workspace/mb_usb_hdmi_top/microblaze_0/standalone_microblaze_0/bsp/system.mss
TRACE::2024-10-24.23:35:10::SCWMssOS::Completed writing the mss file at C:/Users/curti/OneDrive/Documents/UIUC/ECE-385/Vivado_Projects/lab_6_2/workspace/mb_usb_hdmi_top/microblaze_0/standalone_microblaze_0/bsp
TRACE::2024-10-24.23:35:10::SCWMssOS::Mss edits present, copying mssfile into export location C:/Users/curti/OneDrive/Documents/UIUC/ECE-385/Vivado_Projects/lab_6_2/workspace/mb_usb_hdmi_top/microblaze_0/standalone_microblaze_0/bsp/system.mss
TRACE::2024-10-24.23:35:10::SCWMssOS::bsp generated is stale removing and regenerating. 
TRACE::2024-10-24.23:35:14::SCWMssOS::doing bsp build ... 
TRACE::2024-10-24.23:35:14::SCWMssOS::System Command Ran  C: & cd  C:/Users/curti/OneDrive/Documents/UIUC/ECE-385/Vivado_Projects/lab_6_2/workspace/mb_usb_hdmi_top/microblaze_0/standalone_microblaze_0/bsp & make 
TRACE::2024-10-24.23:35:14::SCWMssOS::make --no-print-directory seq_libs

TRACE::2024-10-24.23:35:14::SCWMssOS::'Finished building libraries sequentially.'

TRACE::2024-10-24.23:35:14::SCWMssOS::make -j 18 --no-print-directory par_libs

TRACE::2024-10-24.23:35:14::SCWMssOS::"Running Make include in microblaze_0/libsrc/bram_v4_8/src"

TRACE::2024-10-24.23:35:15::SCWMssOS::make -C microblaze_0/libsrc/bram_v4_8/src -s include  "SHELL=CMD" "COMPILER=mb-gcc" "ASSEMBLER=mb-as" "ARCHIVER=mb-ar" "COMPILE
TRACE::2024-10-24.23:35:15::SCWMssOS::R_FLAGS=  -O2 -c -mcpu=v11.0 -mlittle-endian -mno-xl-reorder -mno-xl-soft-mul -mxl-barrel-shift -mxl-pattern-compare" "EXTRA_CO
TRACE::2024-10-24.23:35:15::SCWMssOS::MPILER_FLAGS=-g -ffunction-sections -fdata-sections -Wall -Wextra -fno-tree-loop-distribute-patterns"

TRACE::2024-10-24.23:35:15::SCWMssOS::"Running Make include in microblaze_0/libsrc/cpu_v2_16/src"

TRACE::2024-10-24.23:35:15::SCWMssOS::"Running Make include in microblaze_0/libsrc/gpio_v4_9/src"

TRACE::2024-10-24.23:35:15::SCWMssOS::make -C microblaze_0/libsrc/cpu_v2_16/src -s include  "SHELL=CMD" "COMPILER=mb-gcc" "ASSEMBLER=mb-as" "ARCHIVER=mb-ar" "COMPILE
TRACE::2024-10-24.23:35:15::SCWMssOS::R_FLAGS=  -O2 -c -mcpu=v11.0 -mlittle-endian -mno-xl-reorder -mno-xl-soft-mul -mxl-barrel-shift -mxl-pattern-compare" "EXTRA_CO
TRACE::2024-10-24.23:35:15::SCWMssOS::MPILER_FLAGS=-g -ffunction-sections -fdata-sections -Wall -Wextra -fno-tree-loop-distribute-patterns"

TRACE::2024-10-24.23:35:15::SCWMssOS::make -C microblaze_0/libsrc/gpio_v4_9/src -s include  "SHELL=CMD" "COMPILER=mb-gcc" "ASSEMBLER=mb-as" "ARCHIVER=mb-ar" "COMPILE
TRACE::2024-10-24.23:35:15::SCWMssOS::R_FLAGS=  -O2 -c -mcpu=v11.0 -mlittle-endian -mno-xl-reorder -mno-xl-soft-mul -mxl-barrel-shift -mxl-pattern-compare" "EXTRA_CO
TRACE::2024-10-24.23:35:15::SCWMssOS::MPILER_FLAGS=-g -ffunction-sections -fdata-sections -Wall -Wextra -fno-tree-loop-distribute-patterns"

TRACE::2024-10-24.23:35:15::SCWMssOS::"Running Make include in microblaze_0/libsrc/intc_v3_15/src"

TRACE::2024-10-24.23:35:15::SCWMssOS::make -C microblaze_0/libsrc/intc_v3_15/src -s include  "SHELL=CMD" "COMPILER=mb-gcc" "ASSEMBLER=mb-as" "ARCHIVER=mb-ar" "COMPIL
TRACE::2024-10-24.23:35:15::SCWMssOS::ER_FLAGS=  -O2 -c -mcpu=v11.0 -mlittle-endian -mno-xl-reorder -mno-xl-soft-mul -mxl-barrel-shift -mxl-pattern-compare" "EXTRA_C
TRACE::2024-10-24.23:35:15::SCWMssOS::OMPILER_FLAGS=-g -ffunction-sections -fdata-sections -Wall -Wextra -fno-tree-loop-distribute-patterns"

TRACE::2024-10-24.23:35:15::SCWMssOS::"Running Make include in microblaze_0/libsrc/spi_v4_9/src"

TRACE::2024-10-24.23:35:15::SCWMssOS::make -C microblaze_0/libsrc/spi_v4_9/src -s include  "SHELL=CMD" "COMPILER=mb-gcc" "ASSEMBLER=mb-as" "ARCHIVER=mb-ar" "COMPILER
TRACE::2024-10-24.23:35:15::SCWMssOS::_FLAGS=  -O2 -c -mcpu=v11.0 -mlittle-endian -mno-xl-reorder -mno-xl-soft-mul -mxl-barrel-shift -mxl-pattern-compare" "EXTRA_COM
TRACE::2024-10-24.23:35:15::SCWMssOS::PILER_FLAGS=-g -ffunction-sections -fdata-sections -Wall -Wextra -fno-tree-loop-distribute-patterns"

TRACE::2024-10-24.23:35:15::SCWMssOS::"Running Make include in microblaze_0/libsrc/standalone_v8_0/src"

TRACE::2024-10-24.23:35:15::SCWMssOS::make -C microblaze_0/libsrc/standalone_v8_0/src -s include  "SHELL=CMD" "COMPILER=mb-gcc" "ASSEMBLER=mb-as" "ARCHIVER=mb-ar" "C
TRACE::2024-10-24.23:35:15::SCWMssOS::OMPILER_FLAGS=  -O2 -c -mcpu=v11.0 -mlittle-endian -mno-xl-reorder -mno-xl-soft-mul -mxl-barrel-shift -mxl-pattern-compare" "EX
TRACE::2024-10-24.23:35:15::SCWMssOS::TRA_COMPILER_FLAGS=-g -ffunction-sections -fdata-sections -Wall -Wextra -fno-tree-loop-distribute-patterns"

TRACE::2024-10-24.23:35:15::SCWMssOS::"Running Make include in microblaze_0/libsrc/tmrctr_v4_9/src"

TRACE::2024-10-24.23:35:15::SCWMssOS::make -C microblaze_0/libsrc/tmrctr_v4_9/src -s include  "SHELL=CMD" "COMPILER=mb-gcc" "ASSEMBLER=mb-as" "ARCHIVER=mb-ar" "COMPI
TRACE::2024-10-24.23:35:15::SCWMssOS::LER_FLAGS=  -O2 -c -mcpu=v11.0 -mlittle-endian -mno-xl-reorder -mno-xl-soft-mul -mxl-barrel-shift -mxl-pattern-compare" "EXTRA_
TRACE::2024-10-24.23:35:15::SCWMssOS::COMPILER_FLAGS=-g -ffunction-sections -fdata-sections -Wall -Wextra -fno-tree-loop-distribute-patterns"

TRACE::2024-10-24.23:35:15::SCWMssOS::"Running Make include in microblaze_0/libsrc/uartlite_v3_7/src"

TRACE::2024-10-24.23:35:15::SCWMssOS::make -C microblaze_0/libsrc/uartlite_v3_7/src -s include  "SHELL=CMD" "COMPILER=mb-gcc" "ASSEMBLER=mb-as" "ARCHIVER=mb-ar" "COM
TRACE::2024-10-24.23:35:15::SCWMssOS::PILER_FLAGS=  -O2 -c -mcpu=v11.0 -mlittle-endian -mno-xl-reorder -mno-xl-soft-mul -mxl-barrel-shift -mxl-pattern-compare" "EXTR
TRACE::2024-10-24.23:35:15::SCWMssOS::A_COMPILER_FLAGS=-g -ffunction-sections -fdata-sections -Wall -Wextra -fno-tree-loop-distribute-patterns"

TRACE::2024-10-24.23:35:16::SCWMssOS::"Running Make libs in microblaze_0/libsrc/bram_v4_8/src"

TRACE::2024-10-24.23:35:16::SCWMssOS::make -C microblaze_0/libsrc/bram_v4_8/src -s libs  "SHELL=CMD" "COMPILER=mb-gcc" "ASSEMBLER=mb-as" "ARCHIVER=mb-ar" "COMPILER_F
TRACE::2024-10-24.23:35:16::SCWMssOS::LAGS=  -O2 -c -mcpu=v11.0 -mlittle-endian -mno-xl-reorder -mno-xl-soft-mul -mxl-barrel-shift -mxl-pattern-compare" "EXTRA_COMPI
TRACE::2024-10-24.23:35:16::SCWMssOS::LER_FLAGS=-g -ffunction-sections -fdata-sections -Wall -Wextra -fno-tree-loop-distribute-patterns"

TRACE::2024-10-24.23:35:16::SCWMssOS::"Running Make libs in microblaze_0/libsrc/cpu_v2_16/src"

TRACE::2024-10-24.23:35:16::SCWMssOS::make -C microblaze_0/libsrc/cpu_v2_16/src -s libs  "SHELL=CMD" "COMPILER=mb-gcc" "ASSEMBLER=mb-as" "ARCHIVER=mb-ar" "COMPILER_F
TRACE::2024-10-24.23:35:16::SCWMssOS::LAGS=  -O2 -c -mcpu=v11.0 -mlittle-endian -mno-xl-reorder -mno-xl-soft-mul -mxl-barrel-shift -mxl-pattern-compare" "EXTRA_COMPI
TRACE::2024-10-24.23:35:16::SCWMssOS::LER_FLAGS=-g -ffunction-sections -fdata-sections -Wall -Wextra -fno-tree-loop-distribute-patterns"

TRACE::2024-10-24.23:35:16::SCWMssOS::"Running Make libs in microblaze_0/libsrc/gpio_v4_9/src"

TRACE::2024-10-24.23:35:16::SCWMssOS::make -C microblaze_0/libsrc/gpio_v4_9/src -s libs  "SHELL=CMD" "COMPILER=mb-gcc" "ASSEMBLER=mb-as" "ARCHIVER=mb-ar" "COMPILER_F
TRACE::2024-10-24.23:35:16::SCWMssOS::LAGS=  -O2 -c -mcpu=v11.0 -mlittle-endian -mno-xl-reorder -mno-xl-soft-mul -mxl-barrel-shift -mxl-pattern-compare" "EXTRA_COMPI
TRACE::2024-10-24.23:35:16::SCWMssOS::LER_FLAGS=-g -ffunction-sections -fdata-sections -Wall -Wextra -fno-tree-loop-distribute-patterns"

TRACE::2024-10-24.23:35:16::SCWMssOS::"Running Make libs in microblaze_0/libsrc/intc_v3_15/src"

TRACE::2024-10-24.23:35:16::SCWMssOS::make -C microblaze_0/libsrc/intc_v3_15/src -s libs  "SHELL=CMD" "COMPILER=mb-gcc" "ASSEMBLER=mb-as" "ARCHIVER=mb-ar" "COMPILER_
TRACE::2024-10-24.23:35:16::SCWMssOS::FLAGS=  -O2 -c -mcpu=v11.0 -mlittle-endian -mno-xl-reorder -mno-xl-soft-mul -mxl-barrel-shift -mxl-pattern-compare" "EXTRA_COMP
TRACE::2024-10-24.23:35:16::SCWMssOS::ILER_FLAGS=-g -ffunction-sections -fdata-sections -Wall -Wextra -fno-tree-loop-distribute-patterns"

TRACE::2024-10-24.23:35:16::SCWMssOS::"Running Make libs in microblaze_0/libsrc/spi_v4_9/src"

TRACE::2024-10-24.23:35:17::SCWMssOS::make -C microblaze_0/libsrc/spi_v4_9/src -s libs  "SHELL=CMD" "COMPILER=mb-gcc" "ASSEMBLER=mb-as" "ARCHIVER=mb-ar" "COMPILER_FL
TRACE::2024-10-24.23:35:17::SCWMssOS::AGS=  -O2 -c -mcpu=v11.0 -mlittle-endian -mno-xl-reorder -mno-xl-soft-mul -mxl-barrel-shift -mxl-pattern-compare" "EXTRA_COMPIL
TRACE::2024-10-24.23:35:17::SCWMssOS::ER_FLAGS=-g -ffunction-sections -fdata-sections -Wall -Wextra -fno-tree-loop-distribute-patterns"

TRACE::2024-10-24.23:35:17::SCWMssOS::"Running Make libs in microblaze_0/libsrc/standalone_v8_0/src"

TRACE::2024-10-24.23:35:17::SCWMssOS::make -C microblaze_0/libsrc/standalone_v8_0/src -s libs  "SHELL=CMD" "COMPILER=mb-gcc" "ASSEMBLER=mb-as" "ARCHIVER=mb-ar" "COMP
TRACE::2024-10-24.23:35:17::SCWMssOS::ILER_FLAGS=  -O2 -c -mcpu=v11.0 -mlittle-endian -mno-xl-reorder -mno-xl-soft-mul -mxl-barrel-shift -mxl-pattern-compare" "EXTRA
TRACE::2024-10-24.23:35:17::SCWMssOS::_COMPILER_FLAGS=-g -ffunction-sections -fdata-sections -Wall -Wextra -fno-tree-loop-distribute-patterns"

TRACE::2024-10-24.23:35:17::SCWMssOS::"Running Make libs in microblaze_0/libsrc/tmrctr_v4_9/src"

TRACE::2024-10-24.23:35:17::SCWMssOS::make -C microblaze_0/libsrc/tmrctr_v4_9/src -s libs  "SHELL=CMD" "COMPILER=mb-gcc" "ASSEMBLER=mb-as" "ARCHIVER=mb-ar" "COMPILER
TRACE::2024-10-24.23:35:17::SCWMssOS::_FLAGS=  -O2 -c -mcpu=v11.0 -mlittle-endian -mno-xl-reorder -mno-xl-soft-mul -mxl-barrel-shift -mxl-pattern-compare" "EXTRA_COM
TRACE::2024-10-24.23:35:17::SCWMssOS::PILER_FLAGS=-g -ffunction-sections -fdata-sections -Wall -Wextra -fno-tree-loop-distribute-patterns"

TRACE::2024-10-24.23:35:17::SCWMssOS::"Running Make libs in microblaze_0/libsrc/uartlite_v3_7/src"

TRACE::2024-10-24.23:35:17::SCWMssOS::make -C microblaze_0/libsrc/uartlite_v3_7/src -s libs  "SHELL=CMD" "COMPILER=mb-gcc" "ASSEMBLER=mb-as" "ARCHIVER=mb-ar" "COMPIL
TRACE::2024-10-24.23:35:17::SCWMssOS::ER_FLAGS=  -O2 -c -mcpu=v11.0 -mlittle-endian -mno-xl-reorder -mno-xl-soft-mul -mxl-barrel-shift -mxl-pattern-compare" "EXTRA_C
TRACE::2024-10-24.23:35:17::SCWMssOS::OMPILER_FLAGS=-g -ffunction-sections -fdata-sections -Wall -Wextra -fno-tree-loop-distribute-patterns"

TRACE::2024-10-24.23:35:20::SCWMssOS::"DEBUG NON_LTO_OBJECTS is ../../../lib/microblaze_interrupt_handler.o"

TRACE::2024-10-24.23:35:21::SCWMssOS::'Finished building libraries parallelly.'

TRACE::2024-10-24.23:35:21::SCWMssOS::make --no-print-directory archive

TRACE::2024-10-24.23:35:21::SCWMssOS::mb-ar -r  microblaze_0/lib/libxil.a microblaze_0/lib/_exit.o microblaze_0/lib/errno.o microblaze_0/lib/fcntl.o microblaze_0/lib
TRACE::2024-10-24.23:35:21::SCWMssOS::/hw_exception_handler.o microblaze_0/lib/inbyte.o microblaze_0/lib/microblaze_disable_dcache.o microblaze_0/lib/microblaze_disa
TRACE::2024-10-24.23:35:21::SCWMssOS::ble_exceptions.o microblaze_0/lib/microblaze_disable_icache.o microblaze_0/lib/microblaze_disable_interrupts.o microblaze_0/lib
TRACE::2024-10-24.23:35:21::SCWMssOS::/microblaze_enable_dcache.o microblaze_0/lib/microblaze_enable_exceptions.o microblaze_0/lib/microblaze_enable_icache.o microbl
TRACE::2024-10-24.23:35:21::SCWMssOS::aze_0/lib/microblaze_enable_interrupts.o microblaze_0/lib/microblaze_exception_handler.o microblaze_0/lib/microblaze_flush_cach
TRACE::2024-10-24.23:35:21::SCWMssOS::e_ext.o microblaze_0/lib/microblaze_flush_cache_ext_range.o microblaze_0/lib/microblaze_flush_dcache.o microblaze_0/lib/microbl
TRACE::2024-10-24.23:35:21::SCWMssOS::aze_flush_dcache_range.o microblaze_0/lib/microblaze_init_dcache_range.o microblaze_0/lib/microblaze_init_icache_range.o microb
TRACE::2024-10-24.23:35:21::SCWMssOS::laze_0/lib/microblaze_interrupt_handler.o microblaze_0/lib/microblaze_interrupts_g.o microblaze_0/lib/microblaze_invalidate_cac
TRACE::2024-10-24.23:35:21::SCWMssOS::he_ext.o microblaze_0/lib/microblaze_invalidate_cache_ext_range.o microblaze_0/lib/microblaze_invalidate_dcache.o microblaze_0/
TRACE::2024-10-24.23:35:21::SCWMssOS::lib/microblaze_invalidate_dcache_range.o microblaze_0/lib/microblaze_invalidate_icache.o microblaze_0/lib/microblaze_invalidate
TRACE::2024-10-24.23:35:21::SCWMssOS::_icache_range.o microblaze_0/lib/microblaze_scrub.o microblaze_0/lib/microblaze_selftest.o microblaze_0/lib/microblaze_sleep.o 
TRACE::2024-10-24.23:35:21::SCWMssOS::microblaze_0/lib/microblaze_update_dcache.o microblaze_0/lib/microblaze_update_icache.o microblaze_0/lib/outbyte.o microblaze_0
TRACE::2024-10-24.23:35:21::SCWMssOS::/lib/print.o microblaze_0/lib/pvr.o microblaze_0/lib/xbram.o microblaze_0/lib/xbram_g.o microblaze_0/lib/xbram_intr.o microblaz
TRACE::2024-10-24.23:35:21::SCWMssOS::e_0/lib/xbram_selftest.o microblaze_0/lib/xbram_sinit.o microblaze_0/lib/xgpio.o microblaze_0/lib/xgpio_extra.o microblaze_0/li
TRACE::2024-10-24.23:35:21::SCWMssOS::b/xgpio_g.o microblaze_0/lib/xgpio_intr.o microblaze_0/lib/xgpio_selftest.o microblaze_0/lib/xgpio_sinit.o microblaze_0/lib/xil
TRACE::2024-10-24.23:35:21::SCWMssOS::_assert.o microblaze_0/lib/xil_cache.o microblaze_0/lib/xil_clocking.o microblaze_0/lib/xil_exception.o microblaze_0/lib/xil_me
TRACE::2024-10-24.23:35:21::SCWMssOS::m.o microblaze_0/lib/xil_misc_psreset_api.o microblaze_0/lib/xil_printf.o microblaze_0/lib/xil_sleepcommon.o microblaze_0/lib/x
TRACE::2024-10-24.23:35:21::SCWMssOS::il_testcache.o microblaze_0/lib/xil_testio.o microblaze_0/lib/xil_testmem.o microblaze_0/lib/xil_util.o microblaze_0/lib/xintc.
TRACE::2024-10-24.23:35:21::SCWMssOS::o microblaze_0/lib/xintc_g.o microblaze_0/lib/xintc_intr.o microblaze_0/lib/xintc_l.o microblaze_0/lib/xintc_options.o microbla
TRACE::2024-10-24.23:35:21::SCWMssOS::ze_0/lib/xintc_selftest.o microblaze_0/lib/xinterrupt_wrap.o microblaze_0/lib/xio.o microblaze_0/lib/xplatform_info.o microblaz
TRACE::2024-10-24.23:35:21::SCWMssOS::e_0/lib/xspi.o microblaze_0/lib/xspi_g.o microblaze_0/lib/xspi_options.o microblaze_0/lib/xspi_selftest.o microblaze_0/lib/xspi
TRACE::2024-10-24.23:35:21::SCWMssOS::_sinit.o microblaze_0/lib/xspi_stats.o microblaze_0/lib/xtmrctr.o microblaze_0/lib/xtmrctr_g.o microblaze_0/lib/xtmrctr_intr.o 
TRACE::2024-10-24.23:35:21::SCWMssOS::microblaze_0/lib/xtmrctr_l.o microblaze_0/lib/xtmrctr_options.o microblaze_0/lib/xtmrctr_selftest.o microblaze_0/lib/xtmrctr_si
TRACE::2024-10-24.23:35:21::SCWMssOS::nit.o microblaze_0/lib/xtmrctr_stats.o microblaze_0/lib/xuartlite.o microblaze_0/lib/xuartlite_g.o microblaze_0/lib/xuartlite_i
TRACE::2024-10-24.23:35:21::SCWMssOS::ntr.o microblaze_0/lib/xuartlite_l.o microblaze_0/lib/xuartlite_selftest.o microblaze_0/lib/xuartlite_sinit.o microblaze_0/lib/
TRACE::2024-10-24.23:35:21::SCWMssOS::xuartlite_stats.o

TRACE::2024-10-24.23:35:21::SCWMssOS::'Finished building libraries'

TRACE::2024-10-24.23:35:21::SCWMssOS:: Checking if to create the Supporting Applications
TRACE::2024-10-24.23:35:21::SCWMssOS:: No Linux domain exists, trying to generate FSBL 
LOG::2024-10-24.23:35:21::SCWSystem::Completed Processing the domain standalone_microblaze_0
LOG::2024-10-24.23:35:21::SCWSystem::Completed Processing the sysconfig mb_usb_hdmi_top
LOG::2024-10-24.23:35:21::SCWPlatform::Completed generating the artifacts for system configuration mb_usb_hdmi_top
TRACE::2024-10-24.23:35:21::SCWPlatform::Started preparing the platform 
TRACE::2024-10-24.23:35:21::SCWSystem::Writing the bif file for system config mb_usb_hdmi_top
TRACE::2024-10-24.23:35:21::SCWSystem::dir created 
TRACE::2024-10-24.23:35:21::SCWSystem::Writing the bif 
TRACE::2024-10-24.23:35:21::SCWPlatform::Started writing the spfm file 
TRACE::2024-10-24.23:35:21::SCWPlatform::Started writing the xpfm file 
TRACE::2024-10-24.23:35:21::SCWPlatform::Completed generating the platform
TRACE::2024-10-24.23:35:21::SCWMssOS::Saving the mss changes C:/Users/curti/OneDrive/Documents/UIUC/ECE-385/Vivado_Projects/lab_6_2/workspace/mb_usb_hdmi_top/microblaze_0/standalone_microblaze_0/bsp/system.mss
TRACE::2024-10-24.23:35:21::SCWMssOS::Adding the swdes entry, mss present, able to open swdb C:/Users/curti/OneDrive/Documents/UIUC/ECE-385/Vivado_Projects/lab_6_2/workspace/mb_usb_hdmi_top/microblaze_0/standalone_microblaze_0/bsp/system.mss with des name system
TRACE::2024-10-24.23:35:21::SCWMssOS::Writing the mss file completed C:/Users/curti/OneDrive/Documents/UIUC/ECE-385/Vivado_Projects/lab_6_2/workspace/mb_usb_hdmi_top/microblaze_0/standalone_microblaze_0/bsp/system.mss
TRACE::2024-10-24.23:35:21::SCWMssOS::Commit changes completed.
TRACE::2024-10-24.23:35:21::SCWPlatform::Trying to open the hw design at C:/Users/curti/OneDrive/Documents/UIUC/ECE-385/Vivado_Projects/lab_6_2/workspace/mb_usb_hdmi_top/hw/mb_usb_hdmi_top.xsa
TRACE::2024-10-24.23:35:21::SCWPlatform::DSA given C:/Users/curti/OneDrive/Documents/UIUC/ECE-385/Vivado_Projects/lab_6_2/workspace/mb_usb_hdmi_top/hw/mb_usb_hdmi_top.xsa
TRACE::2024-10-24.23:35:21::SCWPlatform::DSA absoulate path C:/Users/curti/OneDrive/Documents/UIUC/ECE-385/Vivado_Projects/lab_6_2/workspace/mb_usb_hdmi_top/hw/mb_usb_hdmi_top.xsa
TRACE::2024-10-24.23:35:21::SCWPlatform::DSA directory C:/Users/curti/OneDrive/Documents/UIUC/ECE-385/Vivado_Projects/lab_6_2/workspace/mb_usb_hdmi_top/hw
TRACE::2024-10-24.23:35:21::SCWPlatform:: Platform Path C:/Users/curti/OneDrive/Documents/UIUC/ECE-385/Vivado_Projects/lab_6_2/workspace/mb_usb_hdmi_top/hw/mb_usb_hdmi_top.xsa
TRACE::2024-10-24.23:35:21::SCWPlatform:: Unique name xilinx:::0.0
TRACE::2024-10-24.23:35:21::SCWPlatform::Trying to set the existing hwdb with name mb_usb_hdmi_top_10
TRACE::2024-10-24.23:35:21::SCWPlatform::Opened existing hwdb mb_usb_hdmi_top_10
TRACE::2024-10-24.23:35:21::SCWPlatform::Found the Hw Db part of the input DSA
TRACE::2024-10-24.23:35:21::SCWMssOS::Checking the sw design at  C:/Users/curti/OneDrive/Documents/UIUC/ECE-385/Vivado_Projects/lab_6_2/workspace/mb_usb_hdmi_top/microblaze_0/standalone_microblaze_0/bsp/system.mss
TRACE::2024-10-24.23:35:21::SCWMssOS::DEBUG:  swdes dump  C:/Users/curti/OneDrive/Documents/UIUC/ECE-385/Vivado_Projects/lab_6_2/workspace/mb_usb_hdmi_top/microblaze_0/standalone_microblaze_0/bsp/system.mss|system||

TRACE::2024-10-24.23:35:21::SCWMssOS::Sw design exists and opened at  C:/Users/curti/OneDrive/Documents/UIUC/ECE-385/Vivado_Projects/lab_6_2/workspace/mb_usb_hdmi_top/microblaze_0/standalone_microblaze_0/bsp/system.mss
TRACE::2024-10-24.23:35:21::SCWWriter::formatted JSON is {
	"platformName":	"mb_usb_hdmi_top",
	"sprVersion":	"2.0",
	"mode":	"gui",
	"dsaType":	"Fixed",
	"platformDesc":	"mb_usb_hdmi_top",
	"platHandOff":	"C:/Users/curti/OneDrive/Documents/UIUC/ECE-385/Vivado_Projects/lab_6_2/mb_usb_hdmi_top.xsa",
	"platIntHandOff":	"<platformDir>/hw/mb_usb_hdmi_top.xsa",
	"deviceType":	"FPGA",
	"platIsPrebuiltAutogen":	"false",
	"platIsNoBootBsp":	"false",
	"hasFsblMakeHasChanges":	"false",
	"hasPmufwMakeHasChanges":	"false",
	"platPreBuiltFlag":	false,
	"platformSamplesDir":	"",
	"platActiveSys":	"mb_usb_hdmi_top",
	"systems":	[{
			"systemName":	"mb_usb_hdmi_top",
			"systemDesc":	"mb_usb_hdmi_top",
			"sysIsBootAutoGen":	"true",
			"systemDispName":	"mb_usb_hdmi_top",
			"sysActiveDom":	"standalone_microblaze_0",
			"sysDefaultDom":	"standalone_microblaze_0",
			"domains":	[{
					"domainName":	"standalone_microblaze_0",
					"domainDispName":	"standalone_microblaze_0",
					"domainDesc":	"standalone_microblaze_0",
					"processors":	"microblaze_0",
					"os":	"standalone",
					"sdxOs":	"standalone",
					"debugEnable":	"False",
					"domRuntimes":	["cpp"],
					"swRepo":	"",
					"mssOsVer":	"8.0",
					"mssFile":	"",
					"md5Digest":	"304529987e879521ca977c68d163f362",
					"compatibleApp":	"",
					"domType":	"mssDomain",
					"arch":	"32-bit",
					"appSettings":	{
						"appCompilerFlags":	"",
						"appLinkerFlags":	""
					},
					"addedLibs":	[],
					"libOptions":	{
						"libsContainingOptions":	[]
					},
					"prebuiltLibs":	{
						"prebuiltIncPath":	[],
						"prebuiltLibPath":	[]
					},
					"isolation":	{
					}
				}]
		}]
}
KEYINFO::2024-10-24.23:35:21::SCWPlatform::updated the xpfm file.
TRACE::2024-10-24.23:35:22::SCWPlatform::Trying to open the hw design at C:/Users/curti/OneDrive/Documents/UIUC/ECE-385/Vivado_Projects/lab_6_2/workspace/mb_usb_hdmi_top/hw/mb_usb_hdmi_top.xsa
TRACE::2024-10-24.23:35:22::SCWPlatform::DSA given C:/Users/curti/OneDrive/Documents/UIUC/ECE-385/Vivado_Projects/lab_6_2/workspace/mb_usb_hdmi_top/hw/mb_usb_hdmi_top.xsa
TRACE::2024-10-24.23:35:22::SCWPlatform::DSA absoulate path C:/Users/curti/OneDrive/Documents/UIUC/ECE-385/Vivado_Projects/lab_6_2/workspace/mb_usb_hdmi_top/hw/mb_usb_hdmi_top.xsa
TRACE::2024-10-24.23:35:22::SCWPlatform::DSA directory C:/Users/curti/OneDrive/Documents/UIUC/ECE-385/Vivado_Projects/lab_6_2/workspace/mb_usb_hdmi_top/hw
TRACE::2024-10-24.23:35:22::SCWPlatform:: Platform Path C:/Users/curti/OneDrive/Documents/UIUC/ECE-385/Vivado_Projects/lab_6_2/workspace/mb_usb_hdmi_top/hw/mb_usb_hdmi_top.xsa
TRACE::2024-10-24.23:35:22::SCWPlatform:: Unique name xilinx:::0.0
TRACE::2024-10-24.23:35:22::SCWPlatform::Trying to set the existing hwdb with name mb_usb_hdmi_top_10
TRACE::2024-10-24.23:35:22::SCWPlatform::Opened existing hwdb mb_usb_hdmi_top_10
TRACE::2024-10-24.23:35:22::SCWPlatform::Found the Hw Db part of the input DSA
TRACE::2024-10-24.23:35:22::SCWMssOS::Checking the sw design at  C:/Users/curti/OneDrive/Documents/UIUC/ECE-385/Vivado_Projects/lab_6_2/workspace/mb_usb_hdmi_top/microblaze_0/standalone_microblaze_0/bsp/system.mss
TRACE::2024-10-24.23:35:22::SCWMssOS::DEBUG:  swdes dump  C:/Users/curti/OneDrive/Documents/UIUC/ECE-385/Vivado_Projects/lab_6_2/workspace/mb_usb_hdmi_top/microblaze_0/standalone_microblaze_0/bsp/system.mss|system||

TRACE::2024-10-24.23:35:22::SCWMssOS::Sw design exists and opened at  C:/Users/curti/OneDrive/Documents/UIUC/ECE-385/Vivado_Projects/lab_6_2/workspace/mb_usb_hdmi_top/microblaze_0/standalone_microblaze_0/bsp/system.mss
TRACE::2024-10-24.23:48:02::SCWPlatform::Clearing the existing platform
TRACE::2024-10-24.23:48:02::SCWSystem::Clearing the existing sysconfig
TRACE::2024-10-24.23:48:02::SCWMssOS::Removing the swdes entry for  C:/Users/curti/OneDrive/Documents/UIUC/ECE-385/Vivado_Projects/lab_6_2/workspace/mb_usb_hdmi_top/microblaze_0/standalone_microblaze_0/bsp/system.mss
TRACE::2024-10-24.23:48:02::SCWSystem::Clearing the domains completed.
TRACE::2024-10-24.23:48:02::SCWPlatform::Clearing the opened hw db.
TRACE::2024-10-24.23:48:02::SCWPlatform::DSA given C:/Users/curti/OneDrive/Documents/UIUC/ECE-385/Vivado_Projects/lab_6_2/workspace/mb_usb_hdmi_top/hw/mb_usb_hdmi_top.xsa
TRACE::2024-10-24.23:48:02::SCWPlatform::DSA absoulate path C:/Users/curti/OneDrive/Documents/UIUC/ECE-385/Vivado_Projects/lab_6_2/workspace/mb_usb_hdmi_top/hw/mb_usb_hdmi_top.xsa
TRACE::2024-10-24.23:48:02::SCWPlatform:: Platform location is C:/Users/curti/OneDrive/Documents/UIUC/ECE-385/Vivado_Projects/lab_6_2/workspace/mb_usb_hdmi_top/hw
TRACE::2024-10-24.23:48:02::SCWPlatform:: Platform Path C:/Users/curti/OneDrive/Documents/UIUC/ECE-385/Vivado_Projects/lab_6_2/workspace/mb_usb_hdmi_top/hw/mb_usb_hdmi_top.xsa
TRACE::2024-10-24.23:48:02::SCWPlatform:: Unique name xilinx:::0.0
TRACE::2024-10-24.23:48:02::SCWPlatform::Removing the HwDB with name C:/Users/curti/OneDrive/Documents/UIUC/ECE-385/Vivado_Projects/lab_6_2/workspace/mb_usb_hdmi_top/hw/mb_usb_hdmi_top.xsa
TRACE::2024-10-24.23:48:02::SCWPlatform::Trying to open the hw design at C:/Users/curti/OneDrive/Documents/UIUC/ECE-385/Vivado_Projects/lab_6_2/workspace/mb_usb_hdmi_top/hw/mb_usb_hdmi_top.xsa
TRACE::2024-10-24.23:48:02::SCWPlatform::DSA given C:/Users/curti/OneDrive/Documents/UIUC/ECE-385/Vivado_Projects/lab_6_2/workspace/mb_usb_hdmi_top/hw/mb_usb_hdmi_top.xsa
TRACE::2024-10-24.23:48:02::SCWPlatform::DSA absoulate path C:/Users/curti/OneDrive/Documents/UIUC/ECE-385/Vivado_Projects/lab_6_2/workspace/mb_usb_hdmi_top/hw/mb_usb_hdmi_top.xsa
TRACE::2024-10-24.23:48:02::SCWPlatform::DSA directory C:/Users/curti/OneDrive/Documents/UIUC/ECE-385/Vivado_Projects/lab_6_2/workspace/mb_usb_hdmi_top/hw
TRACE::2024-10-24.23:48:02::SCWPlatform:: Platform Path C:/Users/curti/OneDrive/Documents/UIUC/ECE-385/Vivado_Projects/lab_6_2/workspace/mb_usb_hdmi_top/hw/mb_usb_hdmi_top.xsa
TRACE::2024-10-24.23:48:02::SCWPlatform:: Unique name xilinx:::0.0
TRACE::2024-10-24.23:48:02::SCWPlatform::Do not have an existing db opened. 
TRACE::2024-10-24.23:48:02::SCWPlatform::Opened new HwDB with name mb_usb_hdmi_top_12
TRACE::2024-10-24.23:48:02::SCWReader::Active system found as  mb_usb_hdmi_top
TRACE::2024-10-24.23:48:02::SCWReader::Handling sysconfig mb_usb_hdmi_top
TRACE::2024-10-24.23:48:02::SCWDomain::checking for install qemu data   : 
TRACE::2024-10-24.23:48:02::SCWPlatform::Trying to open the hw design at C:/Users/curti/OneDrive/Documents/UIUC/ECE-385/Vivado_Projects/lab_6_2/workspace/mb_usb_hdmi_top/hw/mb_usb_hdmi_top.xsa
TRACE::2024-10-24.23:48:02::SCWPlatform::DSA given C:/Users/curti/OneDrive/Documents/UIUC/ECE-385/Vivado_Projects/lab_6_2/workspace/mb_usb_hdmi_top/hw/mb_usb_hdmi_top.xsa
TRACE::2024-10-24.23:48:02::SCWPlatform::DSA absoulate path C:/Users/curti/OneDrive/Documents/UIUC/ECE-385/Vivado_Projects/lab_6_2/workspace/mb_usb_hdmi_top/hw/mb_usb_hdmi_top.xsa
TRACE::2024-10-24.23:48:02::SCWPlatform::DSA directory C:/Users/curti/OneDrive/Documents/UIUC/ECE-385/Vivado_Projects/lab_6_2/workspace/mb_usb_hdmi_top/hw
TRACE::2024-10-24.23:48:02::SCWPlatform:: Platform Path C:/Users/curti/OneDrive/Documents/UIUC/ECE-385/Vivado_Projects/lab_6_2/workspace/mb_usb_hdmi_top/hw/mb_usb_hdmi_top.xsa
TRACE::2024-10-24.23:48:02::SCWPlatform:: Unique name xilinx:::0.0
TRACE::2024-10-24.23:48:02::SCWPlatform::Trying to set the existing hwdb with name mb_usb_hdmi_top_12
TRACE::2024-10-24.23:48:02::SCWPlatform::Opened existing hwdb mb_usb_hdmi_top_12
TRACE::2024-10-24.23:48:02::SCWPlatform::Found the Hw Db part of the input DSA
TRACE::2024-10-24.23:48:02::SCWPlatform::Trying to open the hw design at C:/Users/curti/OneDrive/Documents/UIUC/ECE-385/Vivado_Projects/lab_6_2/workspace/mb_usb_hdmi_top/hw/mb_usb_hdmi_top.xsa
TRACE::2024-10-24.23:48:02::SCWPlatform::DSA given C:/Users/curti/OneDrive/Documents/UIUC/ECE-385/Vivado_Projects/lab_6_2/workspace/mb_usb_hdmi_top/hw/mb_usb_hdmi_top.xsa
TRACE::2024-10-24.23:48:02::SCWPlatform::DSA absoulate path C:/Users/curti/OneDrive/Documents/UIUC/ECE-385/Vivado_Projects/lab_6_2/workspace/mb_usb_hdmi_top/hw/mb_usb_hdmi_top.xsa
TRACE::2024-10-24.23:48:02::SCWPlatform::DSA directory C:/Users/curti/OneDrive/Documents/UIUC/ECE-385/Vivado_Projects/lab_6_2/workspace/mb_usb_hdmi_top/hw
TRACE::2024-10-24.23:48:02::SCWPlatform:: Platform Path C:/Users/curti/OneDrive/Documents/UIUC/ECE-385/Vivado_Projects/lab_6_2/workspace/mb_usb_hdmi_top/hw/mb_usb_hdmi_top.xsa
TRACE::2024-10-24.23:48:02::SCWPlatform:: Unique name xilinx:::0.0
TRACE::2024-10-24.23:48:02::SCWPlatform::Trying to set the existing hwdb with name mb_usb_hdmi_top_12
TRACE::2024-10-24.23:48:02::SCWPlatform::Opened existing hwdb mb_usb_hdmi_top_12
TRACE::2024-10-24.23:48:02::SCWPlatform::Found the Hw Db part of the input DSA
TRACE::2024-10-24.23:48:02::SCWPlatform::Trying to open the hw design at C:/Users/curti/OneDrive/Documents/UIUC/ECE-385/Vivado_Projects/lab_6_2/workspace/mb_usb_hdmi_top/hw/mb_usb_hdmi_top.xsa
TRACE::2024-10-24.23:48:02::SCWPlatform::DSA given C:/Users/curti/OneDrive/Documents/UIUC/ECE-385/Vivado_Projects/lab_6_2/workspace/mb_usb_hdmi_top/hw/mb_usb_hdmi_top.xsa
TRACE::2024-10-24.23:48:02::SCWPlatform::DSA absoulate path C:/Users/curti/OneDrive/Documents/UIUC/ECE-385/Vivado_Projects/lab_6_2/workspace/mb_usb_hdmi_top/hw/mb_usb_hdmi_top.xsa
TRACE::2024-10-24.23:48:02::SCWPlatform::DSA directory C:/Users/curti/OneDrive/Documents/UIUC/ECE-385/Vivado_Projects/lab_6_2/workspace/mb_usb_hdmi_top/hw
TRACE::2024-10-24.23:48:02::SCWPlatform:: Platform Path C:/Users/curti/OneDrive/Documents/UIUC/ECE-385/Vivado_Projects/lab_6_2/workspace/mb_usb_hdmi_top/hw/mb_usb_hdmi_top.xsa
TRACE::2024-10-24.23:48:02::SCWPlatform:: Unique name xilinx:::0.0
TRACE::2024-10-24.23:48:02::SCWPlatform::Trying to set the existing hwdb with name mb_usb_hdmi_top_12
TRACE::2024-10-24.23:48:02::SCWPlatform::Opened existing hwdb mb_usb_hdmi_top_12
TRACE::2024-10-24.23:48:02::SCWPlatform::Found the Hw Db part of the input DSA
TRACE::2024-10-24.23:48:02::SCWPlatform::Trying to open the hw design at C:/Users/curti/OneDrive/Documents/UIUC/ECE-385/Vivado_Projects/lab_6_2/workspace/mb_usb_hdmi_top/hw/mb_usb_hdmi_top.xsa
TRACE::2024-10-24.23:48:02::SCWPlatform::DSA given C:/Users/curti/OneDrive/Documents/UIUC/ECE-385/Vivado_Projects/lab_6_2/workspace/mb_usb_hdmi_top/hw/mb_usb_hdmi_top.xsa
TRACE::2024-10-24.23:48:02::SCWPlatform::DSA absoulate path C:/Users/curti/OneDrive/Documents/UIUC/ECE-385/Vivado_Projects/lab_6_2/workspace/mb_usb_hdmi_top/hw/mb_usb_hdmi_top.xsa
TRACE::2024-10-24.23:48:02::SCWPlatform::DSA directory C:/Users/curti/OneDrive/Documents/UIUC/ECE-385/Vivado_Projects/lab_6_2/workspace/mb_usb_hdmi_top/hw
TRACE::2024-10-24.23:48:02::SCWPlatform:: Platform Path C:/Users/curti/OneDrive/Documents/UIUC/ECE-385/Vivado_Projects/lab_6_2/workspace/mb_usb_hdmi_top/hw/mb_usb_hdmi_top.xsa
TRACE::2024-10-24.23:48:02::SCWPlatform:: Unique name xilinx:::0.0
TRACE::2024-10-24.23:48:02::SCWPlatform::Trying to set the existing hwdb with name mb_usb_hdmi_top_12
TRACE::2024-10-24.23:48:02::SCWPlatform::Opened existing hwdb mb_usb_hdmi_top_12
TRACE::2024-10-24.23:48:02::SCWPlatform::Found the Hw Db part of the input DSA
TRACE::2024-10-24.23:48:02::SCWMssOS::Checking the sw design at  C:/Users/curti/OneDrive/Documents/UIUC/ECE-385/Vivado_Projects/lab_6_2/workspace/mb_usb_hdmi_top/microblaze_0/standalone_microblaze_0/bsp/system.mss
TRACE::2024-10-24.23:48:02::SCWMssOS::DEBUG:  swdes dump  
TRACE::2024-10-24.23:48:02::SCWMssOS::No sw design opened at  C:/Users/curti/OneDrive/Documents/UIUC/ECE-385/Vivado_Projects/lab_6_2/workspace/mb_usb_hdmi_top/microblaze_0/standalone_microblaze_0/bsp/system.mss
TRACE::2024-10-24.23:48:02::SCWMssOS::mss exists loading the mss file  C:/Users/curti/OneDrive/Documents/UIUC/ECE-385/Vivado_Projects/lab_6_2/workspace/mb_usb_hdmi_top/microblaze_0/standalone_microblaze_0/bsp/system.mss
TRACE::2024-10-24.23:48:02::SCWMssOS::Opened the sw design from mss  C:/Users/curti/OneDrive/Documents/UIUC/ECE-385/Vivado_Projects/lab_6_2/workspace/mb_usb_hdmi_top/microblaze_0/standalone_microblaze_0/bsp/system.mss
TRACE::2024-10-24.23:48:02::SCWMssOS::Adding the swdes entry C:/Users/curti/OneDrive/Documents/UIUC/ECE-385/Vivado_Projects/lab_6_2/workspace/mb_usb_hdmi_top/microblaze_0/standalone_microblaze_0/bsp/system.mss with des name system
TRACE::2024-10-24.23:48:02::SCWMssOS::updating the scw layer about changes
TRACE::2024-10-24.23:48:02::SCWMssOS::Opened the sw design.  C:/Users/curti/OneDrive/Documents/UIUC/ECE-385/Vivado_Projects/lab_6_2/workspace/mb_usb_hdmi_top/microblaze_0/standalone_microblaze_0/bsp/system.mss
TRACE::2024-10-24.23:48:02::SCWMssOS::Saving the mss changes C:/Users/curti/OneDrive/Documents/UIUC/ECE-385/Vivado_Projects/lab_6_2/workspace/mb_usb_hdmi_top/microblaze_0/standalone_microblaze_0/bsp/system.mss
TRACE::2024-10-24.23:48:02::SCWMssOS::Found a swdesign opened with the mssfile.
TRACE::2024-10-24.23:48:02::SCWMssOS::Completed writemss as part of save.
TRACE::2024-10-24.23:48:02::SCWMssOS::Commit changes completed.
TRACE::2024-10-24.23:48:02::SCWReader::Adding prebuilt librarypaths as   
TRACE::2024-10-24.23:48:02::SCWReader::Adding prebuilt incpaths  as   
TRACE::2024-10-24.23:48:02::SCWPlatform::Trying to open the hw design at C:/Users/curti/OneDrive/Documents/UIUC/ECE-385/Vivado_Projects/lab_6_2/workspace/mb_usb_hdmi_top/hw/mb_usb_hdmi_top.xsa
TRACE::2024-10-24.23:48:02::SCWPlatform::DSA given C:/Users/curti/OneDrive/Documents/UIUC/ECE-385/Vivado_Projects/lab_6_2/workspace/mb_usb_hdmi_top/hw/mb_usb_hdmi_top.xsa
TRACE::2024-10-24.23:48:02::SCWPlatform::DSA absoulate path C:/Users/curti/OneDrive/Documents/UIUC/ECE-385/Vivado_Projects/lab_6_2/workspace/mb_usb_hdmi_top/hw/mb_usb_hdmi_top.xsa
TRACE::2024-10-24.23:48:02::SCWPlatform::DSA directory C:/Users/curti/OneDrive/Documents/UIUC/ECE-385/Vivado_Projects/lab_6_2/workspace/mb_usb_hdmi_top/hw
TRACE::2024-10-24.23:48:02::SCWPlatform:: Platform Path C:/Users/curti/OneDrive/Documents/UIUC/ECE-385/Vivado_Projects/lab_6_2/workspace/mb_usb_hdmi_top/hw/mb_usb_hdmi_top.xsa
TRACE::2024-10-24.23:48:02::SCWPlatform:: Unique name xilinx:::0.0
TRACE::2024-10-24.23:48:02::SCWPlatform::Trying to set the existing hwdb with name mb_usb_hdmi_top_12
TRACE::2024-10-24.23:48:02::SCWPlatform::Opened existing hwdb mb_usb_hdmi_top_12
TRACE::2024-10-24.23:48:02::SCWPlatform::Found the Hw Db part of the input DSA
TRACE::2024-10-24.23:48:02::SCWMssOS::Checking the sw design at  C:/Users/curti/OneDrive/Documents/UIUC/ECE-385/Vivado_Projects/lab_6_2/workspace/mb_usb_hdmi_top/microblaze_0/standalone_microblaze_0/bsp/system.mss
TRACE::2024-10-24.23:48:02::SCWMssOS::DEBUG:  swdes dump  C:/Users/curti/OneDrive/Documents/UIUC/ECE-385/Vivado_Projects/lab_6_2/workspace/mb_usb_hdmi_top/microblaze_0/standalone_microblaze_0/bsp/system.mss|system||

TRACE::2024-10-24.23:48:02::SCWMssOS::Sw design exists and opened at  C:/Users/curti/OneDrive/Documents/UIUC/ECE-385/Vivado_Projects/lab_6_2/workspace/mb_usb_hdmi_top/microblaze_0/standalone_microblaze_0/bsp/system.mss
TRACE::2024-10-24.23:48:02::SCWReader::No isolation master present  
TRACE::2024-10-24.23:48:32::SCWPlatform::Clearing the existing platform
TRACE::2024-10-24.23:48:32::SCWSystem::Clearing the existing sysconfig
TRACE::2024-10-24.23:48:32::SCWMssOS::Removing the swdes entry for  C:/Users/curti/OneDrive/Documents/UIUC/ECE-385/Vivado_Projects/lab_6_2/workspace/mb_usb_hdmi_top/microblaze_0/standalone_microblaze_0/bsp/system.mss
TRACE::2024-10-24.23:48:32::SCWSystem::Clearing the domains completed.
TRACE::2024-10-24.23:48:32::SCWPlatform::Clearing the opened hw db.
TRACE::2024-10-24.23:48:32::SCWPlatform::DSA given C:/Users/curti/OneDrive/Documents/UIUC/ECE-385/Vivado_Projects/lab_6_2/workspace/mb_usb_hdmi_top/hw/mb_usb_hdmi_top.xsa
TRACE::2024-10-24.23:48:32::SCWPlatform::DSA absoulate path C:/Users/curti/OneDrive/Documents/UIUC/ECE-385/Vivado_Projects/lab_6_2/workspace/mb_usb_hdmi_top/hw/mb_usb_hdmi_top.xsa
TRACE::2024-10-24.23:48:32::SCWPlatform:: Platform location is C:/Users/curti/OneDrive/Documents/UIUC/ECE-385/Vivado_Projects/lab_6_2/workspace/mb_usb_hdmi_top/hw
TRACE::2024-10-24.23:48:32::SCWPlatform:: Platform Path C:/Users/curti/OneDrive/Documents/UIUC/ECE-385/Vivado_Projects/lab_6_2/workspace/mb_usb_hdmi_top/hw/mb_usb_hdmi_top.xsa
TRACE::2024-10-24.23:48:32::SCWPlatform:: Unique name xilinx:::0.0
TRACE::2024-10-24.23:48:32::SCWPlatform::Removing the HwDB with name C:/Users/curti/OneDrive/Documents/UIUC/ECE-385/Vivado_Projects/lab_6_2/workspace/mb_usb_hdmi_top/hw/mb_usb_hdmi_top.xsa
TRACE::2024-10-24.23:48:32::SCWPlatform::Trying to open the hw design at C:/Users/curti/OneDrive/Documents/UIUC/ECE-385/Vivado_Projects/lab_6_2/workspace/mb_usb_hdmi_top/hw/mb_usb_hdmi_top.xsa
TRACE::2024-10-24.23:48:32::SCWPlatform::DSA given C:/Users/curti/OneDrive/Documents/UIUC/ECE-385/Vivado_Projects/lab_6_2/workspace/mb_usb_hdmi_top/hw/mb_usb_hdmi_top.xsa
TRACE::2024-10-24.23:48:32::SCWPlatform::DSA absoulate path C:/Users/curti/OneDrive/Documents/UIUC/ECE-385/Vivado_Projects/lab_6_2/workspace/mb_usb_hdmi_top/hw/mb_usb_hdmi_top.xsa
TRACE::2024-10-24.23:48:32::SCWPlatform::DSA directory C:/Users/curti/OneDrive/Documents/UIUC/ECE-385/Vivado_Projects/lab_6_2/workspace/mb_usb_hdmi_top/hw
TRACE::2024-10-24.23:48:32::SCWPlatform:: Platform Path C:/Users/curti/OneDrive/Documents/UIUC/ECE-385/Vivado_Projects/lab_6_2/workspace/mb_usb_hdmi_top/hw/mb_usb_hdmi_top.xsa
TRACE::2024-10-24.23:48:32::SCWPlatform:: Unique name xilinx:::0.0
TRACE::2024-10-24.23:48:32::SCWPlatform::Do not have an existing db opened. 
TRACE::2024-10-24.23:48:32::SCWPlatform::Opened new HwDB with name mb_usb_hdmi_top_13
TRACE::2024-10-24.23:48:32::SCWReader::Active system found as  mb_usb_hdmi_top
TRACE::2024-10-24.23:48:32::SCWReader::Handling sysconfig mb_usb_hdmi_top
TRACE::2024-10-24.23:48:32::SCWDomain::checking for install qemu data   : 
TRACE::2024-10-24.23:48:32::SCWPlatform::Trying to open the hw design at C:/Users/curti/OneDrive/Documents/UIUC/ECE-385/Vivado_Projects/lab_6_2/workspace/mb_usb_hdmi_top/hw/mb_usb_hdmi_top.xsa
TRACE::2024-10-24.23:48:32::SCWPlatform::DSA given C:/Users/curti/OneDrive/Documents/UIUC/ECE-385/Vivado_Projects/lab_6_2/workspace/mb_usb_hdmi_top/hw/mb_usb_hdmi_top.xsa
TRACE::2024-10-24.23:48:32::SCWPlatform::DSA absoulate path C:/Users/curti/OneDrive/Documents/UIUC/ECE-385/Vivado_Projects/lab_6_2/workspace/mb_usb_hdmi_top/hw/mb_usb_hdmi_top.xsa
TRACE::2024-10-24.23:48:32::SCWPlatform::DSA directory C:/Users/curti/OneDrive/Documents/UIUC/ECE-385/Vivado_Projects/lab_6_2/workspace/mb_usb_hdmi_top/hw
TRACE::2024-10-24.23:48:32::SCWPlatform:: Platform Path C:/Users/curti/OneDrive/Documents/UIUC/ECE-385/Vivado_Projects/lab_6_2/workspace/mb_usb_hdmi_top/hw/mb_usb_hdmi_top.xsa
TRACE::2024-10-24.23:48:32::SCWPlatform:: Unique name xilinx:::0.0
TRACE::2024-10-24.23:48:32::SCWPlatform::Trying to set the existing hwdb with name mb_usb_hdmi_top_13
TRACE::2024-10-24.23:48:32::SCWPlatform::Opened existing hwdb mb_usb_hdmi_top_13
TRACE::2024-10-24.23:48:32::SCWPlatform::Found the Hw Db part of the input DSA
TRACE::2024-10-24.23:48:32::SCWPlatform::Trying to open the hw design at C:/Users/curti/OneDrive/Documents/UIUC/ECE-385/Vivado_Projects/lab_6_2/workspace/mb_usb_hdmi_top/hw/mb_usb_hdmi_top.xsa
TRACE::2024-10-24.23:48:32::SCWPlatform::DSA given C:/Users/curti/OneDrive/Documents/UIUC/ECE-385/Vivado_Projects/lab_6_2/workspace/mb_usb_hdmi_top/hw/mb_usb_hdmi_top.xsa
TRACE::2024-10-24.23:48:32::SCWPlatform::DSA absoulate path C:/Users/curti/OneDrive/Documents/UIUC/ECE-385/Vivado_Projects/lab_6_2/workspace/mb_usb_hdmi_top/hw/mb_usb_hdmi_top.xsa
TRACE::2024-10-24.23:48:32::SCWPlatform::DSA directory C:/Users/curti/OneDrive/Documents/UIUC/ECE-385/Vivado_Projects/lab_6_2/workspace/mb_usb_hdmi_top/hw
TRACE::2024-10-24.23:48:32::SCWPlatform:: Platform Path C:/Users/curti/OneDrive/Documents/UIUC/ECE-385/Vivado_Projects/lab_6_2/workspace/mb_usb_hdmi_top/hw/mb_usb_hdmi_top.xsa
TRACE::2024-10-24.23:48:32::SCWPlatform:: Unique name xilinx:::0.0
TRACE::2024-10-24.23:48:32::SCWPlatform::Trying to set the existing hwdb with name mb_usb_hdmi_top_13
TRACE::2024-10-24.23:48:32::SCWPlatform::Opened existing hwdb mb_usb_hdmi_top_13
TRACE::2024-10-24.23:48:32::SCWPlatform::Found the Hw Db part of the input DSA
TRACE::2024-10-24.23:48:32::SCWPlatform::Trying to open the hw design at C:/Users/curti/OneDrive/Documents/UIUC/ECE-385/Vivado_Projects/lab_6_2/workspace/mb_usb_hdmi_top/hw/mb_usb_hdmi_top.xsa
TRACE::2024-10-24.23:48:32::SCWPlatform::DSA given C:/Users/curti/OneDrive/Documents/UIUC/ECE-385/Vivado_Projects/lab_6_2/workspace/mb_usb_hdmi_top/hw/mb_usb_hdmi_top.xsa
TRACE::2024-10-24.23:48:32::SCWPlatform::DSA absoulate path C:/Users/curti/OneDrive/Documents/UIUC/ECE-385/Vivado_Projects/lab_6_2/workspace/mb_usb_hdmi_top/hw/mb_usb_hdmi_top.xsa
TRACE::2024-10-24.23:48:32::SCWPlatform::DSA directory C:/Users/curti/OneDrive/Documents/UIUC/ECE-385/Vivado_Projects/lab_6_2/workspace/mb_usb_hdmi_top/hw
TRACE::2024-10-24.23:48:32::SCWPlatform:: Platform Path C:/Users/curti/OneDrive/Documents/UIUC/ECE-385/Vivado_Projects/lab_6_2/workspace/mb_usb_hdmi_top/hw/mb_usb_hdmi_top.xsa
TRACE::2024-10-24.23:48:32::SCWPlatform:: Unique name xilinx:::0.0
TRACE::2024-10-24.23:48:32::SCWPlatform::Trying to set the existing hwdb with name mb_usb_hdmi_top_13
TRACE::2024-10-24.23:48:32::SCWPlatform::Opened existing hwdb mb_usb_hdmi_top_13
TRACE::2024-10-24.23:48:32::SCWPlatform::Found the Hw Db part of the input DSA
TRACE::2024-10-24.23:48:32::SCWPlatform::Trying to open the hw design at C:/Users/curti/OneDrive/Documents/UIUC/ECE-385/Vivado_Projects/lab_6_2/workspace/mb_usb_hdmi_top/hw/mb_usb_hdmi_top.xsa
TRACE::2024-10-24.23:48:32::SCWPlatform::DSA given C:/Users/curti/OneDrive/Documents/UIUC/ECE-385/Vivado_Projects/lab_6_2/workspace/mb_usb_hdmi_top/hw/mb_usb_hdmi_top.xsa
TRACE::2024-10-24.23:48:32::SCWPlatform::DSA absoulate path C:/Users/curti/OneDrive/Documents/UIUC/ECE-385/Vivado_Projects/lab_6_2/workspace/mb_usb_hdmi_top/hw/mb_usb_hdmi_top.xsa
TRACE::2024-10-24.23:48:32::SCWPlatform::DSA directory C:/Users/curti/OneDrive/Documents/UIUC/ECE-385/Vivado_Projects/lab_6_2/workspace/mb_usb_hdmi_top/hw
TRACE::2024-10-24.23:48:32::SCWPlatform:: Platform Path C:/Users/curti/OneDrive/Documents/UIUC/ECE-385/Vivado_Projects/lab_6_2/workspace/mb_usb_hdmi_top/hw/mb_usb_hdmi_top.xsa
TRACE::2024-10-24.23:48:32::SCWPlatform:: Unique name xilinx:::0.0
TRACE::2024-10-24.23:48:32::SCWPlatform::Trying to set the existing hwdb with name mb_usb_hdmi_top_13
TRACE::2024-10-24.23:48:32::SCWPlatform::Opened existing hwdb mb_usb_hdmi_top_13
TRACE::2024-10-24.23:48:32::SCWPlatform::Found the Hw Db part of the input DSA
TRACE::2024-10-24.23:48:32::SCWMssOS::Checking the sw design at  C:/Users/curti/OneDrive/Documents/UIUC/ECE-385/Vivado_Projects/lab_6_2/workspace/mb_usb_hdmi_top/microblaze_0/standalone_microblaze_0/bsp/system.mss
TRACE::2024-10-24.23:48:32::SCWMssOS::DEBUG:  swdes dump  
TRACE::2024-10-24.23:48:32::SCWMssOS::No sw design opened at  C:/Users/curti/OneDrive/Documents/UIUC/ECE-385/Vivado_Projects/lab_6_2/workspace/mb_usb_hdmi_top/microblaze_0/standalone_microblaze_0/bsp/system.mss
TRACE::2024-10-24.23:48:32::SCWMssOS::mss exists loading the mss file  C:/Users/curti/OneDrive/Documents/UIUC/ECE-385/Vivado_Projects/lab_6_2/workspace/mb_usb_hdmi_top/microblaze_0/standalone_microblaze_0/bsp/system.mss
TRACE::2024-10-24.23:48:32::SCWMssOS::Opened the sw design from mss  C:/Users/curti/OneDrive/Documents/UIUC/ECE-385/Vivado_Projects/lab_6_2/workspace/mb_usb_hdmi_top/microblaze_0/standalone_microblaze_0/bsp/system.mss
TRACE::2024-10-24.23:48:32::SCWMssOS::Adding the swdes entry C:/Users/curti/OneDrive/Documents/UIUC/ECE-385/Vivado_Projects/lab_6_2/workspace/mb_usb_hdmi_top/microblaze_0/standalone_microblaze_0/bsp/system.mss with des name system
TRACE::2024-10-24.23:48:32::SCWMssOS::updating the scw layer about changes
TRACE::2024-10-24.23:48:32::SCWMssOS::Opened the sw design.  C:/Users/curti/OneDrive/Documents/UIUC/ECE-385/Vivado_Projects/lab_6_2/workspace/mb_usb_hdmi_top/microblaze_0/standalone_microblaze_0/bsp/system.mss
TRACE::2024-10-24.23:48:32::SCWMssOS::Saving the mss changes C:/Users/curti/OneDrive/Documents/UIUC/ECE-385/Vivado_Projects/lab_6_2/workspace/mb_usb_hdmi_top/microblaze_0/standalone_microblaze_0/bsp/system.mss
TRACE::2024-10-24.23:48:32::SCWMssOS::Found a swdesign opened with the mssfile.
TRACE::2024-10-24.23:48:32::SCWMssOS::Completed writemss as part of save.
TRACE::2024-10-24.23:48:32::SCWMssOS::Commit changes completed.
TRACE::2024-10-24.23:48:32::SCWReader::Adding prebuilt librarypaths as   
TRACE::2024-10-24.23:48:33::SCWReader::Adding prebuilt incpaths  as   
TRACE::2024-10-24.23:48:33::SCWPlatform::Trying to open the hw design at C:/Users/curti/OneDrive/Documents/UIUC/ECE-385/Vivado_Projects/lab_6_2/workspace/mb_usb_hdmi_top/hw/mb_usb_hdmi_top.xsa
TRACE::2024-10-24.23:48:33::SCWPlatform::DSA given C:/Users/curti/OneDrive/Documents/UIUC/ECE-385/Vivado_Projects/lab_6_2/workspace/mb_usb_hdmi_top/hw/mb_usb_hdmi_top.xsa
TRACE::2024-10-24.23:48:33::SCWPlatform::DSA absoulate path C:/Users/curti/OneDrive/Documents/UIUC/ECE-385/Vivado_Projects/lab_6_2/workspace/mb_usb_hdmi_top/hw/mb_usb_hdmi_top.xsa
TRACE::2024-10-24.23:48:33::SCWPlatform::DSA directory C:/Users/curti/OneDrive/Documents/UIUC/ECE-385/Vivado_Projects/lab_6_2/workspace/mb_usb_hdmi_top/hw
TRACE::2024-10-24.23:48:33::SCWPlatform:: Platform Path C:/Users/curti/OneDrive/Documents/UIUC/ECE-385/Vivado_Projects/lab_6_2/workspace/mb_usb_hdmi_top/hw/mb_usb_hdmi_top.xsa
TRACE::2024-10-24.23:48:33::SCWPlatform:: Unique name xilinx:::0.0
TRACE::2024-10-24.23:48:33::SCWPlatform::Trying to set the existing hwdb with name mb_usb_hdmi_top_13
TRACE::2024-10-24.23:48:33::SCWPlatform::Opened existing hwdb mb_usb_hdmi_top_13
TRACE::2024-10-24.23:48:33::SCWPlatform::Found the Hw Db part of the input DSA
TRACE::2024-10-24.23:48:33::SCWMssOS::Checking the sw design at  C:/Users/curti/OneDrive/Documents/UIUC/ECE-385/Vivado_Projects/lab_6_2/workspace/mb_usb_hdmi_top/microblaze_0/standalone_microblaze_0/bsp/system.mss
TRACE::2024-10-24.23:48:33::SCWMssOS::DEBUG:  swdes dump  C:/Users/curti/OneDrive/Documents/UIUC/ECE-385/Vivado_Projects/lab_6_2/workspace/mb_usb_hdmi_top/microblaze_0/standalone_microblaze_0/bsp/system.mss|system||

TRACE::2024-10-24.23:48:33::SCWMssOS::Sw design exists and opened at  C:/Users/curti/OneDrive/Documents/UIUC/ECE-385/Vivado_Projects/lab_6_2/workspace/mb_usb_hdmi_top/microblaze_0/standalone_microblaze_0/bsp/system.mss
TRACE::2024-10-24.23:48:33::SCWReader::No isolation master present  
TRACE::2024-10-24.23:48:37::SCWPlatform::Clearing the existing platform
TRACE::2024-10-24.23:48:37::SCWSystem::Clearing the existing sysconfig
TRACE::2024-10-24.23:48:37::SCWMssOS::Removing the swdes entry for  C:/Users/curti/OneDrive/Documents/UIUC/ECE-385/Vivado_Projects/lab_6_2/workspace/mb_usb_hdmi_top/microblaze_0/standalone_microblaze_0/bsp/system.mss
TRACE::2024-10-24.23:48:37::SCWSystem::Clearing the domains completed.
TRACE::2024-10-24.23:48:37::SCWPlatform::Clearing the opened hw db.
TRACE::2024-10-24.23:48:37::SCWPlatform::DSA given C:/Users/curti/OneDrive/Documents/UIUC/ECE-385/Vivado_Projects/lab_6_2/workspace/mb_usb_hdmi_top/hw/mb_usb_hdmi_top.xsa
TRACE::2024-10-24.23:48:37::SCWPlatform::DSA absoulate path C:/Users/curti/OneDrive/Documents/UIUC/ECE-385/Vivado_Projects/lab_6_2/workspace/mb_usb_hdmi_top/hw/mb_usb_hdmi_top.xsa
TRACE::2024-10-24.23:48:37::SCWPlatform:: Platform location is C:/Users/curti/OneDrive/Documents/UIUC/ECE-385/Vivado_Projects/lab_6_2/workspace/mb_usb_hdmi_top/hw
TRACE::2024-10-24.23:48:37::SCWPlatform:: Platform Path C:/Users/curti/OneDrive/Documents/UIUC/ECE-385/Vivado_Projects/lab_6_2/workspace/mb_usb_hdmi_top/hw/mb_usb_hdmi_top.xsa
TRACE::2024-10-24.23:48:37::SCWPlatform:: Unique name xilinx:::0.0
TRACE::2024-10-24.23:48:37::SCWPlatform::Removing the HwDB with name C:/Users/curti/OneDrive/Documents/UIUC/ECE-385/Vivado_Projects/lab_6_2/workspace/mb_usb_hdmi_top/hw/mb_usb_hdmi_top.xsa
TRACE::2024-10-24.23:48:37::SCWPlatform::Trying to open the hw design at C:/Users/curti/OneDrive/Documents/UIUC/ECE-385/Vivado_Projects/lab_6_2/workspace/mb_usb_hdmi_top/hw/mb_usb_hdmi_top.xsa
TRACE::2024-10-24.23:48:37::SCWPlatform::DSA given C:/Users/curti/OneDrive/Documents/UIUC/ECE-385/Vivado_Projects/lab_6_2/workspace/mb_usb_hdmi_top/hw/mb_usb_hdmi_top.xsa
TRACE::2024-10-24.23:48:37::SCWPlatform::DSA absoulate path C:/Users/curti/OneDrive/Documents/UIUC/ECE-385/Vivado_Projects/lab_6_2/workspace/mb_usb_hdmi_top/hw/mb_usb_hdmi_top.xsa
TRACE::2024-10-24.23:48:37::SCWPlatform::DSA directory C:/Users/curti/OneDrive/Documents/UIUC/ECE-385/Vivado_Projects/lab_6_2/workspace/mb_usb_hdmi_top/hw
TRACE::2024-10-24.23:48:37::SCWPlatform:: Platform Path C:/Users/curti/OneDrive/Documents/UIUC/ECE-385/Vivado_Projects/lab_6_2/workspace/mb_usb_hdmi_top/hw/mb_usb_hdmi_top.xsa
TRACE::2024-10-24.23:48:37::SCWPlatform:: Unique name xilinx:::0.0
TRACE::2024-10-24.23:48:37::SCWPlatform::Do not have an existing db opened. 
TRACE::2024-10-24.23:48:38::SCWPlatform::Opened new HwDB with name mb_usb_hdmi_top_14
TRACE::2024-10-24.23:48:38::SCWReader::Active system found as  mb_usb_hdmi_top
TRACE::2024-10-24.23:48:38::SCWReader::Handling sysconfig mb_usb_hdmi_top
TRACE::2024-10-24.23:48:38::SCWDomain::checking for install qemu data   : 
TRACE::2024-10-24.23:48:38::SCWPlatform::Trying to open the hw design at C:/Users/curti/OneDrive/Documents/UIUC/ECE-385/Vivado_Projects/lab_6_2/workspace/mb_usb_hdmi_top/hw/mb_usb_hdmi_top.xsa
TRACE::2024-10-24.23:48:38::SCWPlatform::DSA given C:/Users/curti/OneDrive/Documents/UIUC/ECE-385/Vivado_Projects/lab_6_2/workspace/mb_usb_hdmi_top/hw/mb_usb_hdmi_top.xsa
TRACE::2024-10-24.23:48:38::SCWPlatform::DSA absoulate path C:/Users/curti/OneDrive/Documents/UIUC/ECE-385/Vivado_Projects/lab_6_2/workspace/mb_usb_hdmi_top/hw/mb_usb_hdmi_top.xsa
TRACE::2024-10-24.23:48:38::SCWPlatform::DSA directory C:/Users/curti/OneDrive/Documents/UIUC/ECE-385/Vivado_Projects/lab_6_2/workspace/mb_usb_hdmi_top/hw
TRACE::2024-10-24.23:48:38::SCWPlatform:: Platform Path C:/Users/curti/OneDrive/Documents/UIUC/ECE-385/Vivado_Projects/lab_6_2/workspace/mb_usb_hdmi_top/hw/mb_usb_hdmi_top.xsa
TRACE::2024-10-24.23:48:38::SCWPlatform:: Unique name xilinx:::0.0
TRACE::2024-10-24.23:48:38::SCWPlatform::Trying to set the existing hwdb with name mb_usb_hdmi_top_14
TRACE::2024-10-24.23:48:38::SCWPlatform::Opened existing hwdb mb_usb_hdmi_top_14
TRACE::2024-10-24.23:48:38::SCWPlatform::Found the Hw Db part of the input DSA
TRACE::2024-10-24.23:48:38::SCWPlatform::Trying to open the hw design at C:/Users/curti/OneDrive/Documents/UIUC/ECE-385/Vivado_Projects/lab_6_2/workspace/mb_usb_hdmi_top/hw/mb_usb_hdmi_top.xsa
TRACE::2024-10-24.23:48:38::SCWPlatform::DSA given C:/Users/curti/OneDrive/Documents/UIUC/ECE-385/Vivado_Projects/lab_6_2/workspace/mb_usb_hdmi_top/hw/mb_usb_hdmi_top.xsa
TRACE::2024-10-24.23:48:38::SCWPlatform::DSA absoulate path C:/Users/curti/OneDrive/Documents/UIUC/ECE-385/Vivado_Projects/lab_6_2/workspace/mb_usb_hdmi_top/hw/mb_usb_hdmi_top.xsa
TRACE::2024-10-24.23:48:38::SCWPlatform::DSA directory C:/Users/curti/OneDrive/Documents/UIUC/ECE-385/Vivado_Projects/lab_6_2/workspace/mb_usb_hdmi_top/hw
TRACE::2024-10-24.23:48:38::SCWPlatform:: Platform Path C:/Users/curti/OneDrive/Documents/UIUC/ECE-385/Vivado_Projects/lab_6_2/workspace/mb_usb_hdmi_top/hw/mb_usb_hdmi_top.xsa
TRACE::2024-10-24.23:48:38::SCWPlatform:: Unique name xilinx:::0.0
TRACE::2024-10-24.23:48:38::SCWPlatform::Trying to set the existing hwdb with name mb_usb_hdmi_top_14
TRACE::2024-10-24.23:48:38::SCWPlatform::Opened existing hwdb mb_usb_hdmi_top_14
TRACE::2024-10-24.23:48:38::SCWPlatform::Found the Hw Db part of the input DSA
TRACE::2024-10-24.23:48:38::SCWPlatform::Trying to open the hw design at C:/Users/curti/OneDrive/Documents/UIUC/ECE-385/Vivado_Projects/lab_6_2/workspace/mb_usb_hdmi_top/hw/mb_usb_hdmi_top.xsa
TRACE::2024-10-24.23:48:38::SCWPlatform::DSA given C:/Users/curti/OneDrive/Documents/UIUC/ECE-385/Vivado_Projects/lab_6_2/workspace/mb_usb_hdmi_top/hw/mb_usb_hdmi_top.xsa
TRACE::2024-10-24.23:48:38::SCWPlatform::DSA absoulate path C:/Users/curti/OneDrive/Documents/UIUC/ECE-385/Vivado_Projects/lab_6_2/workspace/mb_usb_hdmi_top/hw/mb_usb_hdmi_top.xsa
TRACE::2024-10-24.23:48:38::SCWPlatform::DSA directory C:/Users/curti/OneDrive/Documents/UIUC/ECE-385/Vivado_Projects/lab_6_2/workspace/mb_usb_hdmi_top/hw
TRACE::2024-10-24.23:48:38::SCWPlatform:: Platform Path C:/Users/curti/OneDrive/Documents/UIUC/ECE-385/Vivado_Projects/lab_6_2/workspace/mb_usb_hdmi_top/hw/mb_usb_hdmi_top.xsa
TRACE::2024-10-24.23:48:38::SCWPlatform:: Unique name xilinx:::0.0
TRACE::2024-10-24.23:48:38::SCWPlatform::Trying to set the existing hwdb with name mb_usb_hdmi_top_14
TRACE::2024-10-24.23:48:38::SCWPlatform::Opened existing hwdb mb_usb_hdmi_top_14
TRACE::2024-10-24.23:48:38::SCWPlatform::Found the Hw Db part of the input DSA
TRACE::2024-10-24.23:48:38::SCWPlatform::Trying to open the hw design at C:/Users/curti/OneDrive/Documents/UIUC/ECE-385/Vivado_Projects/lab_6_2/workspace/mb_usb_hdmi_top/hw/mb_usb_hdmi_top.xsa
TRACE::2024-10-24.23:48:38::SCWPlatform::DSA given C:/Users/curti/OneDrive/Documents/UIUC/ECE-385/Vivado_Projects/lab_6_2/workspace/mb_usb_hdmi_top/hw/mb_usb_hdmi_top.xsa
TRACE::2024-10-24.23:48:38::SCWPlatform::DSA absoulate path C:/Users/curti/OneDrive/Documents/UIUC/ECE-385/Vivado_Projects/lab_6_2/workspace/mb_usb_hdmi_top/hw/mb_usb_hdmi_top.xsa
TRACE::2024-10-24.23:48:38::SCWPlatform::DSA directory C:/Users/curti/OneDrive/Documents/UIUC/ECE-385/Vivado_Projects/lab_6_2/workspace/mb_usb_hdmi_top/hw
TRACE::2024-10-24.23:48:38::SCWPlatform:: Platform Path C:/Users/curti/OneDrive/Documents/UIUC/ECE-385/Vivado_Projects/lab_6_2/workspace/mb_usb_hdmi_top/hw/mb_usb_hdmi_top.xsa
TRACE::2024-10-24.23:48:38::SCWPlatform:: Unique name xilinx:::0.0
TRACE::2024-10-24.23:48:38::SCWPlatform::Trying to set the existing hwdb with name mb_usb_hdmi_top_14
TRACE::2024-10-24.23:48:38::SCWPlatform::Opened existing hwdb mb_usb_hdmi_top_14
TRACE::2024-10-24.23:48:38::SCWPlatform::Found the Hw Db part of the input DSA
TRACE::2024-10-24.23:48:38::SCWMssOS::Checking the sw design at  C:/Users/curti/OneDrive/Documents/UIUC/ECE-385/Vivado_Projects/lab_6_2/workspace/mb_usb_hdmi_top/microblaze_0/standalone_microblaze_0/bsp/system.mss
TRACE::2024-10-24.23:48:38::SCWMssOS::DEBUG:  swdes dump  
TRACE::2024-10-24.23:48:38::SCWMssOS::No sw design opened at  C:/Users/curti/OneDrive/Documents/UIUC/ECE-385/Vivado_Projects/lab_6_2/workspace/mb_usb_hdmi_top/microblaze_0/standalone_microblaze_0/bsp/system.mss
TRACE::2024-10-24.23:48:38::SCWMssOS::mss exists loading the mss file  C:/Users/curti/OneDrive/Documents/UIUC/ECE-385/Vivado_Projects/lab_6_2/workspace/mb_usb_hdmi_top/microblaze_0/standalone_microblaze_0/bsp/system.mss
TRACE::2024-10-24.23:48:38::SCWMssOS::Opened the sw design from mss  C:/Users/curti/OneDrive/Documents/UIUC/ECE-385/Vivado_Projects/lab_6_2/workspace/mb_usb_hdmi_top/microblaze_0/standalone_microblaze_0/bsp/system.mss
TRACE::2024-10-24.23:48:38::SCWMssOS::Adding the swdes entry C:/Users/curti/OneDrive/Documents/UIUC/ECE-385/Vivado_Projects/lab_6_2/workspace/mb_usb_hdmi_top/microblaze_0/standalone_microblaze_0/bsp/system.mss with des name system
TRACE::2024-10-24.23:48:38::SCWMssOS::updating the scw layer about changes
TRACE::2024-10-24.23:48:38::SCWMssOS::Opened the sw design.  C:/Users/curti/OneDrive/Documents/UIUC/ECE-385/Vivado_Projects/lab_6_2/workspace/mb_usb_hdmi_top/microblaze_0/standalone_microblaze_0/bsp/system.mss
TRACE::2024-10-24.23:48:38::SCWMssOS::Saving the mss changes C:/Users/curti/OneDrive/Documents/UIUC/ECE-385/Vivado_Projects/lab_6_2/workspace/mb_usb_hdmi_top/microblaze_0/standalone_microblaze_0/bsp/system.mss
TRACE::2024-10-24.23:48:38::SCWMssOS::Found a swdesign opened with the mssfile.
TRACE::2024-10-24.23:48:38::SCWMssOS::Completed writemss as part of save.
TRACE::2024-10-24.23:48:38::SCWMssOS::Commit changes completed.
TRACE::2024-10-24.23:48:38::SCWReader::Adding prebuilt librarypaths as   
TRACE::2024-10-24.23:48:38::SCWReader::Adding prebuilt incpaths  as   
TRACE::2024-10-24.23:48:38::SCWPlatform::Trying to open the hw design at C:/Users/curti/OneDrive/Documents/UIUC/ECE-385/Vivado_Projects/lab_6_2/workspace/mb_usb_hdmi_top/hw/mb_usb_hdmi_top.xsa
TRACE::2024-10-24.23:48:38::SCWPlatform::DSA given C:/Users/curti/OneDrive/Documents/UIUC/ECE-385/Vivado_Projects/lab_6_2/workspace/mb_usb_hdmi_top/hw/mb_usb_hdmi_top.xsa
TRACE::2024-10-24.23:48:38::SCWPlatform::DSA absoulate path C:/Users/curti/OneDrive/Documents/UIUC/ECE-385/Vivado_Projects/lab_6_2/workspace/mb_usb_hdmi_top/hw/mb_usb_hdmi_top.xsa
TRACE::2024-10-24.23:48:38::SCWPlatform::DSA directory C:/Users/curti/OneDrive/Documents/UIUC/ECE-385/Vivado_Projects/lab_6_2/workspace/mb_usb_hdmi_top/hw
TRACE::2024-10-24.23:48:38::SCWPlatform:: Platform Path C:/Users/curti/OneDrive/Documents/UIUC/ECE-385/Vivado_Projects/lab_6_2/workspace/mb_usb_hdmi_top/hw/mb_usb_hdmi_top.xsa
TRACE::2024-10-24.23:48:38::SCWPlatform:: Unique name xilinx:::0.0
TRACE::2024-10-24.23:48:38::SCWPlatform::Trying to set the existing hwdb with name mb_usb_hdmi_top_14
TRACE::2024-10-24.23:48:38::SCWPlatform::Opened existing hwdb mb_usb_hdmi_top_14
TRACE::2024-10-24.23:48:38::SCWPlatform::Found the Hw Db part of the input DSA
TRACE::2024-10-24.23:48:38::SCWMssOS::Checking the sw design at  C:/Users/curti/OneDrive/Documents/UIUC/ECE-385/Vivado_Projects/lab_6_2/workspace/mb_usb_hdmi_top/microblaze_0/standalone_microblaze_0/bsp/system.mss
TRACE::2024-10-24.23:48:38::SCWMssOS::DEBUG:  swdes dump  C:/Users/curti/OneDrive/Documents/UIUC/ECE-385/Vivado_Projects/lab_6_2/workspace/mb_usb_hdmi_top/microblaze_0/standalone_microblaze_0/bsp/system.mss|system||

TRACE::2024-10-24.23:48:38::SCWMssOS::Sw design exists and opened at  C:/Users/curti/OneDrive/Documents/UIUC/ECE-385/Vivado_Projects/lab_6_2/workspace/mb_usb_hdmi_top/microblaze_0/standalone_microblaze_0/bsp/system.mss
TRACE::2024-10-24.23:48:38::SCWReader::No isolation master present  
TRACE::2024-10-24.23:48:42::SCWPlatform::DSA given C:/Users/curti/OneDrive/Documents/UIUC/ECE-385/Vivado_Projects/lab_6_2/workspace/mb_usb_hdmi_top/tempdsa/mb_usb_hdmi_top.xsa
TRACE::2024-10-24.23:48:42::SCWPlatform::DSA absoulate path C:/Users/curti/OneDrive/Documents/UIUC/ECE-385/Vivado_Projects/lab_6_2/workspace/mb_usb_hdmi_top/tempdsa/mb_usb_hdmi_top.xsa
TRACE::2024-10-24.23:48:42::SCWPlatform:: Platform location is C:/Users/curti/OneDrive/Documents/UIUC/ECE-385/Vivado_Projects/lab_6_2/workspace/mb_usb_hdmi_top/tempdsa
TRACE::2024-10-24.23:48:42::SCWPlatform:: Platform Path C:/Users/curti/OneDrive/Documents/UIUC/ECE-385/Vivado_Projects/lab_6_2/workspace/mb_usb_hdmi_top/tempdsa/mb_usb_hdmi_top.xsa
TRACE::2024-10-24.23:48:42::SCWPlatform:: Unique name xilinx:::0.0
TRACE::2024-10-24.23:48:42::SCWPlatform::Found the Hw Db part of the input DSA
TRACE::2024-10-24.23:48:42::SCWMssOS::Doing hw sync for the mss in domain: standalone_microblaze_0
TRACE::2024-10-24.23:48:42::SCWPlatform::Trying to open the hw design at C:/Users/curti/OneDrive/Documents/UIUC/ECE-385/Vivado_Projects/lab_6_2/workspace/mb_usb_hdmi_top/hw/mb_usb_hdmi_top.xsa
TRACE::2024-10-24.23:48:42::SCWPlatform::DSA given C:/Users/curti/OneDrive/Documents/UIUC/ECE-385/Vivado_Projects/lab_6_2/workspace/mb_usb_hdmi_top/hw/mb_usb_hdmi_top.xsa
TRACE::2024-10-24.23:48:42::SCWPlatform::DSA absoulate path C:/Users/curti/OneDrive/Documents/UIUC/ECE-385/Vivado_Projects/lab_6_2/workspace/mb_usb_hdmi_top/hw/mb_usb_hdmi_top.xsa
TRACE::2024-10-24.23:48:42::SCWPlatform::DSA directory C:/Users/curti/OneDrive/Documents/UIUC/ECE-385/Vivado_Projects/lab_6_2/workspace/mb_usb_hdmi_top/hw
TRACE::2024-10-24.23:48:42::SCWPlatform:: Platform Path C:/Users/curti/OneDrive/Documents/UIUC/ECE-385/Vivado_Projects/lab_6_2/workspace/mb_usb_hdmi_top/hw/mb_usb_hdmi_top.xsa
TRACE::2024-10-24.23:48:42::SCWPlatform:: Unique name xilinx:::0.0
TRACE::2024-10-24.23:48:42::SCWPlatform::Trying to set the existing hwdb with name mb_usb_hdmi_top_14
TRACE::2024-10-24.23:48:42::SCWPlatform::Opened existing hwdb mb_usb_hdmi_top_14
TRACE::2024-10-24.23:48:42::SCWPlatform::Found the Hw Db part of the input DSA
TRACE::2024-10-24.23:48:42::SCWPlatform::Trying to open the hw design at C:/Users/curti/OneDrive/Documents/UIUC/ECE-385/Vivado_Projects/lab_6_2/workspace/mb_usb_hdmi_top/hw/mb_usb_hdmi_top.xsa
TRACE::2024-10-24.23:48:42::SCWPlatform::DSA given C:/Users/curti/OneDrive/Documents/UIUC/ECE-385/Vivado_Projects/lab_6_2/workspace/mb_usb_hdmi_top/hw/mb_usb_hdmi_top.xsa
TRACE::2024-10-24.23:48:42::SCWPlatform::DSA absoulate path C:/Users/curti/OneDrive/Documents/UIUC/ECE-385/Vivado_Projects/lab_6_2/workspace/mb_usb_hdmi_top/hw/mb_usb_hdmi_top.xsa
TRACE::2024-10-24.23:48:42::SCWPlatform::DSA directory C:/Users/curti/OneDrive/Documents/UIUC/ECE-385/Vivado_Projects/lab_6_2/workspace/mb_usb_hdmi_top/hw
TRACE::2024-10-24.23:48:42::SCWPlatform:: Platform Path C:/Users/curti/OneDrive/Documents/UIUC/ECE-385/Vivado_Projects/lab_6_2/workspace/mb_usb_hdmi_top/hw/mb_usb_hdmi_top.xsa
TRACE::2024-10-24.23:48:42::SCWPlatform:: Unique name xilinx:::0.0
TRACE::2024-10-24.23:48:42::SCWPlatform::Trying to set the existing hwdb with name mb_usb_hdmi_top_14
TRACE::2024-10-24.23:48:42::SCWPlatform::Opened existing hwdb mb_usb_hdmi_top_14
TRACE::2024-10-24.23:48:42::SCWPlatform::Found the Hw Db part of the input DSA
TRACE::2024-10-24.23:48:42::SCWMssOS::Checking the sw design at  C:/Users/curti/OneDrive/Documents/UIUC/ECE-385/Vivado_Projects/lab_6_2/workspace/mb_usb_hdmi_top/microblaze_0/standalone_microblaze_0/bsp/system.mss
TRACE::2024-10-24.23:48:42::SCWMssOS::DEBUG:  swdes dump  C:/Users/curti/OneDrive/Documents/UIUC/ECE-385/Vivado_Projects/lab_6_2/workspace/mb_usb_hdmi_top/microblaze_0/standalone_microblaze_0/bsp/system.mss|system||

TRACE::2024-10-24.23:48:42::SCWMssOS::Sw design exists and opened at  C:/Users/curti/OneDrive/Documents/UIUC/ECE-385/Vivado_Projects/lab_6_2/workspace/mb_usb_hdmi_top/microblaze_0/standalone_microblaze_0/bsp/system.mss
TRACE::2024-10-24.23:48:42::SCWPlatform::Trying to open the hw design at C:/Users/curti/OneDrive/Documents/UIUC/ECE-385/Vivado_Projects/lab_6_2/workspace/mb_usb_hdmi_top/tempdsa/mb_usb_hdmi_top.xsa
TRACE::2024-10-24.23:48:42::SCWPlatform::DSA given C:/Users/curti/OneDrive/Documents/UIUC/ECE-385/Vivado_Projects/lab_6_2/workspace/mb_usb_hdmi_top/tempdsa/mb_usb_hdmi_top.xsa
TRACE::2024-10-24.23:48:42::SCWPlatform::DSA absoulate path C:/Users/curti/OneDrive/Documents/UIUC/ECE-385/Vivado_Projects/lab_6_2/workspace/mb_usb_hdmi_top/tempdsa/mb_usb_hdmi_top.xsa
TRACE::2024-10-24.23:48:42::SCWPlatform::DSA directory C:/Users/curti/OneDrive/Documents/UIUC/ECE-385/Vivado_Projects/lab_6_2/workspace/mb_usb_hdmi_top/tempdsa
TRACE::2024-10-24.23:48:42::SCWPlatform:: Platform Path C:/Users/curti/OneDrive/Documents/UIUC/ECE-385/Vivado_Projects/lab_6_2/workspace/mb_usb_hdmi_top/tempdsa/mb_usb_hdmi_top.xsa
TRACE::2024-10-24.23:48:42::SCWPlatform:: Unique name xilinx:::0.0
TRACE::2024-10-24.23:48:42::SCWPlatform::update - Opened existing hwdb mb_usb_hdmi_top_15
TRACE::2024-10-24.23:48:42::SCWPlatform::Found the Hw Db part of the input DSA
TRACE::2024-10-24.23:48:42::SCWMssOS::Saving the mss changes C:/Users/curti/OneDrive/Documents/UIUC/ECE-385/Vivado_Projects/lab_6_2/workspace/mb_usb_hdmi_top/microblaze_0/standalone_microblaze_0/bsp/system.mss
TRACE::2024-10-24.23:48:42::SCWMssOS::Found a swdesign opened with the mssfile.
TRACE::2024-10-24.23:48:42::SCWMssOS::Completed writemss as part of save.
TRACE::2024-10-24.23:48:42::SCWMssOS::Commit changes completed.
TRACE::2024-10-24.23:48:42::SCWMssOS::Completed hw sync for the mss in domain: standalone_microblaze_0
TRACE::2024-10-24.23:48:42::SCWMssOS::Removing the swdes entry for  C:/Users/curti/OneDrive/Documents/UIUC/ECE-385/Vivado_Projects/lab_6_2/workspace/mb_usb_hdmi_top/microblaze_0/standalone_microblaze_0/bsp/system.mss
TRACE::2024-10-24.23:48:42::SCWPlatform::Trying to open the hw design at C:/Users/curti/OneDrive/Documents/UIUC/ECE-385/Vivado_Projects/lab_6_2/workspace/mb_usb_hdmi_top/hw/mb_usb_hdmi_top.xsa
TRACE::2024-10-24.23:48:42::SCWPlatform::DSA given C:/Users/curti/OneDrive/Documents/UIUC/ECE-385/Vivado_Projects/lab_6_2/workspace/mb_usb_hdmi_top/hw/mb_usb_hdmi_top.xsa
TRACE::2024-10-24.23:48:42::SCWPlatform::DSA absoulate path C:/Users/curti/OneDrive/Documents/UIUC/ECE-385/Vivado_Projects/lab_6_2/workspace/mb_usb_hdmi_top/hw/mb_usb_hdmi_top.xsa
TRACE::2024-10-24.23:48:42::SCWPlatform::DSA directory C:/Users/curti/OneDrive/Documents/UIUC/ECE-385/Vivado_Projects/lab_6_2/workspace/mb_usb_hdmi_top/hw
TRACE::2024-10-24.23:48:42::SCWPlatform:: Platform Path C:/Users/curti/OneDrive/Documents/UIUC/ECE-385/Vivado_Projects/lab_6_2/workspace/mb_usb_hdmi_top/hw/mb_usb_hdmi_top.xsa
TRACE::2024-10-24.23:48:42::SCWPlatform:: Unique name xilinx:::0.0
TRACE::2024-10-24.23:48:42::SCWPlatform::Do not have an existing db opened. 
TRACE::2024-10-24.23:48:43::SCWPlatform::Opened new HwDB with name mb_usb_hdmi_top_16
TRACE::2024-10-24.23:48:43::SCWMssOS::Saving the mss changes C:/Users/curti/OneDrive/Documents/UIUC/ECE-385/Vivado_Projects/lab_6_2/workspace/mb_usb_hdmi_top/microblaze_0/standalone_microblaze_0/bsp/system.mss
TRACE::2024-10-24.23:48:43::SCWMssOS::Adding the swdes entry, mss present, able to open swdb C:/Users/curti/OneDrive/Documents/UIUC/ECE-385/Vivado_Projects/lab_6_2/workspace/mb_usb_hdmi_top/microblaze_0/standalone_microblaze_0/bsp/system.mss with des name system
TRACE::2024-10-24.23:48:43::SCWMssOS::Writing the mss file completed C:/Users/curti/OneDrive/Documents/UIUC/ECE-385/Vivado_Projects/lab_6_2/workspace/mb_usb_hdmi_top/microblaze_0/standalone_microblaze_0/bsp/system.mss
TRACE::2024-10-24.23:48:43::SCWMssOS::Commit changes completed.
TRACE::2024-10-24.23:48:43::SCWPlatform::Trying to open the hw design at C:/Users/curti/OneDrive/Documents/UIUC/ECE-385/Vivado_Projects/lab_6_2/workspace/mb_usb_hdmi_top/hw/mb_usb_hdmi_top.xsa
TRACE::2024-10-24.23:48:43::SCWPlatform::DSA given C:/Users/curti/OneDrive/Documents/UIUC/ECE-385/Vivado_Projects/lab_6_2/workspace/mb_usb_hdmi_top/hw/mb_usb_hdmi_top.xsa
TRACE::2024-10-24.23:48:43::SCWPlatform::DSA absoulate path C:/Users/curti/OneDrive/Documents/UIUC/ECE-385/Vivado_Projects/lab_6_2/workspace/mb_usb_hdmi_top/hw/mb_usb_hdmi_top.xsa
TRACE::2024-10-24.23:48:43::SCWPlatform::DSA directory C:/Users/curti/OneDrive/Documents/UIUC/ECE-385/Vivado_Projects/lab_6_2/workspace/mb_usb_hdmi_top/hw
TRACE::2024-10-24.23:48:43::SCWPlatform:: Platform Path C:/Users/curti/OneDrive/Documents/UIUC/ECE-385/Vivado_Projects/lab_6_2/workspace/mb_usb_hdmi_top/hw/mb_usb_hdmi_top.xsa
TRACE::2024-10-24.23:48:43::SCWPlatform:: Unique name xilinx:::0.0
TRACE::2024-10-24.23:48:43::SCWPlatform::Trying to set the existing hwdb with name mb_usb_hdmi_top_16
TRACE::2024-10-24.23:48:43::SCWPlatform::Opened existing hwdb mb_usb_hdmi_top_16
TRACE::2024-10-24.23:48:43::SCWPlatform::Found the Hw Db part of the input DSA
TRACE::2024-10-24.23:48:43::SCWMssOS::Checking the sw design at  C:/Users/curti/OneDrive/Documents/UIUC/ECE-385/Vivado_Projects/lab_6_2/workspace/mb_usb_hdmi_top/microblaze_0/standalone_microblaze_0/bsp/system.mss
TRACE::2024-10-24.23:48:43::SCWMssOS::DEBUG:  swdes dump  C:/Users/curti/OneDrive/Documents/UIUC/ECE-385/Vivado_Projects/lab_6_2/workspace/mb_usb_hdmi_top/microblaze_0/standalone_microblaze_0/bsp/system.mss|system||

TRACE::2024-10-24.23:48:43::SCWMssOS::Sw design exists and opened at  C:/Users/curti/OneDrive/Documents/UIUC/ECE-385/Vivado_Projects/lab_6_2/workspace/mb_usb_hdmi_top/microblaze_0/standalone_microblaze_0/bsp/system.mss
TRACE::2024-10-24.23:48:43::SCWWriter::formatted JSON is {
	"platformName":	"mb_usb_hdmi_top",
	"sprVersion":	"2.0",
	"mode":	"gui",
	"dsaType":	"Fixed",
	"platformDesc":	"mb_usb_hdmi_top",
	"platHandOff":	"C:/Users/curti/OneDrive/Documents/UIUC/ECE-385/Vivado_Projects/lab_6_2/mb_usb_hdmi_top.xsa",
	"platIntHandOff":	"<platformDir>/hw/mb_usb_hdmi_top.xsa",
	"deviceType":	"FPGA",
	"platIsPrebuiltAutogen":	"false",
	"platIsNoBootBsp":	"false",
	"hasFsblMakeHasChanges":	"false",
	"hasPmufwMakeHasChanges":	"false",
	"platPreBuiltFlag":	false,
	"platformSamplesDir":	"",
	"platActiveSys":	"mb_usb_hdmi_top",
	"systems":	[{
			"systemName":	"mb_usb_hdmi_top",
			"systemDesc":	"mb_usb_hdmi_top",
			"sysIsBootAutoGen":	"true",
			"systemDispName":	"mb_usb_hdmi_top",
			"sysActiveDom":	"standalone_microblaze_0",
			"sysDefaultDom":	"standalone_microblaze_0",
			"domains":	[{
					"domainName":	"standalone_microblaze_0",
					"domainDispName":	"standalone_microblaze_0",
					"domainDesc":	"standalone_microblaze_0",
					"processors":	"microblaze_0",
					"os":	"standalone",
					"sdxOs":	"standalone",
					"debugEnable":	"False",
					"domRuntimes":	["cpp"],
					"swRepo":	"",
					"mssOsVer":	"8.0",
					"mssFile":	"",
					"md5Digest":	"304529987e879521ca977c68d163f3621",
					"compatibleApp":	"",
					"domType":	"mssDomain",
					"arch":	"32-bit",
					"appSettings":	{
						"appCompilerFlags":	"",
						"appLinkerFlags":	""
					},
					"addedLibs":	[],
					"libOptions":	{
						"libsContainingOptions":	[]
					},
					"prebuiltLibs":	{
						"prebuiltIncPath":	[],
						"prebuiltLibPath":	[]
					},
					"isolation":	{
					}
				}]
		}]
}
TRACE::2024-10-24.23:48:51::SCWMssOS::cleaning the bsp 
TRACE::2024-10-24.23:48:51::SCWMssOS::System Command Ran  C: & cd  C:/Users/curti/OneDrive/Documents/UIUC/ECE-385/Vivado_Projects/lab_6_2/workspace/mb_usb_hdmi_top/microblaze_0/standalone_microblaze_0/bsp & make clean 
TRACE::2024-10-24.23:48:51::SCWMssOS::make -C microblaze_0/libsrc/bram_v4_8/src -s clean 

TRACE::2024-10-24.23:48:51::SCWMssOS::make -C microblaze_0/libsrc/cpu_v2_16/src -s clean 

TRACE::2024-10-24.23:48:51::SCWMssOS::make -C microblaze_0/libsrc/gpio_v4_9/src -s clean 

TRACE::2024-10-24.23:48:52::SCWMssOS::make -C microblaze_0/libsrc/intc_v3_15/src -s clean 

TRACE::2024-10-24.23:48:52::SCWMssOS::make -C microblaze_0/libsrc/spi_v4_9/src -s clean 

TRACE::2024-10-24.23:48:52::SCWMssOS::make -C microblaze_0/libsrc/standalone_v8_0/src -s clean 

TRACE::2024-10-24.23:48:52::SCWMssOS::make -C microblaze_0/libsrc/tmrctr_v4_9/src -s clean 

TRACE::2024-10-24.23:48:52::SCWMssOS::make -C microblaze_0/libsrc/uartlite_v3_7/src -s clean 

TRACE::2024-10-24.23:48:53::SCWMssOS::rm -f microblaze_0/lib/libxil.a

LOG::2024-10-24.23:48:58::SCWPlatform::Started generating the artifacts platform mb_usb_hdmi_top
TRACE::2024-10-24.23:48:58::SCWPlatform::Sanity checking of platform is completed
LOG::2024-10-24.23:48:58::SCWPlatform::Started generating the artifacts for system configuration mb_usb_hdmi_top
LOG::2024-10-24.23:48:58::SCWSystem::Checking the domain standalone_microblaze_0
LOG::2024-10-24.23:48:58::SCWSystem::Not a boot domain 
LOG::2024-10-24.23:48:58::SCWSystem::Started Processing the domain standalone_microblaze_0
TRACE::2024-10-24.23:48:58::SCWDomain::Generating domain artifcats
TRACE::2024-10-24.23:48:58::SCWMssOS::Generating standalone artifcats
TRACE::2024-10-24.23:48:58::SCWMssOS:: Copying the user libraries. 
TRACE::2024-10-24.23:48:58::SCWPlatform::Trying to open the hw design at C:/Users/curti/OneDrive/Documents/UIUC/ECE-385/Vivado_Projects/lab_6_2/workspace/mb_usb_hdmi_top/hw/mb_usb_hdmi_top.xsa
TRACE::2024-10-24.23:48:58::SCWPlatform::DSA given C:/Users/curti/OneDrive/Documents/UIUC/ECE-385/Vivado_Projects/lab_6_2/workspace/mb_usb_hdmi_top/hw/mb_usb_hdmi_top.xsa
TRACE::2024-10-24.23:48:58::SCWPlatform::DSA absoulate path C:/Users/curti/OneDrive/Documents/UIUC/ECE-385/Vivado_Projects/lab_6_2/workspace/mb_usb_hdmi_top/hw/mb_usb_hdmi_top.xsa
TRACE::2024-10-24.23:48:58::SCWPlatform::DSA directory C:/Users/curti/OneDrive/Documents/UIUC/ECE-385/Vivado_Projects/lab_6_2/workspace/mb_usb_hdmi_top/hw
TRACE::2024-10-24.23:48:58::SCWPlatform:: Platform Path C:/Users/curti/OneDrive/Documents/UIUC/ECE-385/Vivado_Projects/lab_6_2/workspace/mb_usb_hdmi_top/hw/mb_usb_hdmi_top.xsa
TRACE::2024-10-24.23:48:58::SCWPlatform:: Unique name xilinx:::0.0
TRACE::2024-10-24.23:48:58::SCWPlatform::Trying to set the existing hwdb with name mb_usb_hdmi_top_16
TRACE::2024-10-24.23:48:58::SCWPlatform::Opened existing hwdb mb_usb_hdmi_top_16
TRACE::2024-10-24.23:48:58::SCWPlatform::Found the Hw Db part of the input DSA
TRACE::2024-10-24.23:48:58::SCWMssOS::Checking the sw design at  C:/Users/curti/OneDrive/Documents/UIUC/ECE-385/Vivado_Projects/lab_6_2/workspace/mb_usb_hdmi_top/microblaze_0/standalone_microblaze_0/bsp/system.mss
TRACE::2024-10-24.23:48:58::SCWMssOS::DEBUG:  swdes dump  C:/Users/curti/OneDrive/Documents/UIUC/ECE-385/Vivado_Projects/lab_6_2/workspace/mb_usb_hdmi_top/microblaze_0/standalone_microblaze_0/bsp/system.mss|system||

TRACE::2024-10-24.23:48:58::SCWMssOS::Sw design exists and opened at  C:/Users/curti/OneDrive/Documents/UIUC/ECE-385/Vivado_Projects/lab_6_2/workspace/mb_usb_hdmi_top/microblaze_0/standalone_microblaze_0/bsp/system.mss
TRACE::2024-10-24.23:48:58::SCWMssOS::Completed writing the mss file at C:/Users/curti/OneDrive/Documents/UIUC/ECE-385/Vivado_Projects/lab_6_2/workspace/mb_usb_hdmi_top/microblaze_0/standalone_microblaze_0/bsp
TRACE::2024-10-24.23:48:58::SCWMssOS::Mss edits present, copying mssfile into export location C:/Users/curti/OneDrive/Documents/UIUC/ECE-385/Vivado_Projects/lab_6_2/workspace/mb_usb_hdmi_top/microblaze_0/standalone_microblaze_0/bsp/system.mss
TRACE::2024-10-24.23:48:58::SCWMssOS::bsp generated is stale removing and regenerating. 
TRACE::2024-10-24.23:49:00::SCWMssOS::doing bsp build ... 
TRACE::2024-10-24.23:49:00::SCWMssOS::System Command Ran  C: & cd  C:/Users/curti/OneDrive/Documents/UIUC/ECE-385/Vivado_Projects/lab_6_2/workspace/mb_usb_hdmi_top/microblaze_0/standalone_microblaze_0/bsp & make 
TRACE::2024-10-24.23:49:00::SCWMssOS::make --no-print-directory seq_libs

TRACE::2024-10-24.23:49:00::SCWMssOS::'Finished building libraries sequentially.'

TRACE::2024-10-24.23:49:00::SCWMssOS::make -j 18 --no-print-directory par_libs

TRACE::2024-10-24.23:49:00::SCWMssOS::"Running Make include in microblaze_0/libsrc/bram_v4_8/src"

TRACE::2024-10-24.23:49:00::SCWMssOS::make -C microblaze_0/libsrc/bram_v4_8/src -s include  "SHELL=CMD" "COMPILER=mb-gcc" "ASSEMBLER=mb-as" "ARCHIVER=mb-ar" "COMPILE
TRACE::2024-10-24.23:49:00::SCWMssOS::R_FLAGS=  -O2 -c -mcpu=v11.0 -mlittle-endian -mno-xl-reorder -mno-xl-soft-mul -mxl-barrel-shift -mxl-pattern-compare" "EXTRA_CO
TRACE::2024-10-24.23:49:00::SCWMssOS::MPILER_FLAGS=-g -ffunction-sections -fdata-sections -Wall -Wextra -fno-tree-loop-distribute-patterns"

TRACE::2024-10-24.23:49:00::SCWMssOS::"Running Make include in microblaze_0/libsrc/cpu_v2_16/src"

TRACE::2024-10-24.23:49:00::SCWMssOS::make -C microblaze_0/libsrc/cpu_v2_16/src -s include  "SHELL=CMD" "COMPILER=mb-gcc" "ASSEMBLER=mb-as" "ARCHIVER=mb-ar" "COMPILE
TRACE::2024-10-24.23:49:00::SCWMssOS::R_FLAGS=  -O2 -c -mcpu=v11.0 -mlittle-endian -mno-xl-reorder -mno-xl-soft-mul -mxl-barrel-shift -mxl-pattern-compare" "EXTRA_CO
TRACE::2024-10-24.23:49:00::SCWMssOS::MPILER_FLAGS=-g -ffunction-sections -fdata-sections -Wall -Wextra -fno-tree-loop-distribute-patterns"

TRACE::2024-10-24.23:49:00::SCWMssOS::"Running Make include in microblaze_0/libsrc/gpio_v4_9/src"

TRACE::2024-10-24.23:49:01::SCWMssOS::make -C microblaze_0/libsrc/gpio_v4_9/src -s include  "SHELL=CMD" "COMPILER=mb-gcc" "ASSEMBLER=mb-as" "ARCHIVER=mb-ar" "COMPILE
TRACE::2024-10-24.23:49:01::SCWMssOS::R_FLAGS=  -O2 -c -mcpu=v11.0 -mlittle-endian -mno-xl-reorder -mno-xl-soft-mul -mxl-barrel-shift -mxl-pattern-compare" "EXTRA_CO
TRACE::2024-10-24.23:49:01::SCWMssOS::MPILER_FLAGS=-g -ffunction-sections -fdata-sections -Wall -Wextra -fno-tree-loop-distribute-patterns"

TRACE::2024-10-24.23:49:01::SCWMssOS::"Running Make include in microblaze_0/libsrc/intc_v3_15/src"

TRACE::2024-10-24.23:49:01::SCWMssOS::"Running Make include in microblaze_0/libsrc/spi_v4_9/src"

TRACE::2024-10-24.23:49:01::SCWMssOS::make -C microblaze_0/libsrc/intc_v3_15/src -s include  "SHELL=CMD" "COMPILER=mb-gcc" "ASSEMBLER=mb-as" "ARCHIVER=mb-ar" "COMPIL
TRACE::2024-10-24.23:49:01::SCWMssOS::ER_FLAGS=  -O2 -c -mcpu=v11.0 -mlittle-endian -mno-xl-reorder -mno-xl-soft-mul -mxl-barrel-shift -mxl-pattern-compare" "EXTRA_C
TRACE::2024-10-24.23:49:01::SCWMssOS::OMPILER_FLAGS=-g -ffunction-sections -fdata-sections -Wall -Wextra -fno-tree-loop-distribute-patterns"

TRACE::2024-10-24.23:49:01::SCWMssOS::"Running Make include in microblaze_0/libsrc/standalone_v8_0/src"

TRACE::2024-10-24.23:49:01::SCWMssOS::make -C microblaze_0/libsrc/spi_v4_9/src -s include  "SHELL=CMD" "COMPILER=mb-gcc" "ASSEMBLER=mb-as" "ARCHIVER=mb-ar" "COMPILER
TRACE::2024-10-24.23:49:01::SCWMssOS::_FLAGS=  -O2 -c -mcpu=v11.0 -mlittle-endian -mno-xl-reorder -mno-xl-soft-mul -mxl-barrel-shift -mxl-pattern-compare" "EXTRA_COM
TRACE::2024-10-24.23:49:01::SCWMssOS::PILER_FLAGS=-g -ffunction-sections -fdata-sections -Wall -Wextra -fno-tree-loop-distribute-patterns"

TRACE::2024-10-24.23:49:01::SCWMssOS::make -C microblaze_0/libsrc/standalone_v8_0/src -s include  "SHELL=CMD" "COMPILER=mb-gcc" "ASSEMBLER=mb-as" "ARCHIVER=mb-ar" "C
TRACE::2024-10-24.23:49:01::SCWMssOS::OMPILER_FLAGS=  -O2 -c -mcpu=v11.0 -mlittle-endian -mno-xl-reorder -mno-xl-soft-mul -mxl-barrel-shift -mxl-pattern-compare" "EX
TRACE::2024-10-24.23:49:01::SCWMssOS::TRA_COMPILER_FLAGS=-g -ffunction-sections -fdata-sections -Wall -Wextra -fno-tree-loop-distribute-patterns"

TRACE::2024-10-24.23:49:01::SCWMssOS::"Running Make include in microblaze_0/libsrc/tmrctr_v4_9/src"

TRACE::2024-10-24.23:49:01::SCWMssOS::make -C microblaze_0/libsrc/tmrctr_v4_9/src -s include  "SHELL=CMD" "COMPILER=mb-gcc" "ASSEMBLER=mb-as" "ARCHIVER=mb-ar" "COMPI
TRACE::2024-10-24.23:49:01::SCWMssOS::LER_FLAGS=  -O2 -c -mcpu=v11.0 -mlittle-endian -mno-xl-reorder -mno-xl-soft-mul -mxl-barrel-shift -mxl-pattern-compare" "EXTRA_
TRACE::2024-10-24.23:49:01::SCWMssOS::COMPILER_FLAGS=-g -ffunction-sections -fdata-sections -Wall -Wextra -fno-tree-loop-distribute-patterns"

TRACE::2024-10-24.23:49:01::SCWMssOS::"Running Make include in microblaze_0/libsrc/uartlite_v3_7/src"

TRACE::2024-10-24.23:49:01::SCWMssOS::make -C microblaze_0/libsrc/uartlite_v3_7/src -s include  "SHELL=CMD" "COMPILER=mb-gcc" "ASSEMBLER=mb-as" "ARCHIVER=mb-ar" "COM
TRACE::2024-10-24.23:49:01::SCWMssOS::PILER_FLAGS=  -O2 -c -mcpu=v11.0 -mlittle-endian -mno-xl-reorder -mno-xl-soft-mul -mxl-barrel-shift -mxl-pattern-compare" "EXTR
TRACE::2024-10-24.23:49:01::SCWMssOS::A_COMPILER_FLAGS=-g -ffunction-sections -fdata-sections -Wall -Wextra -fno-tree-loop-distribute-patterns"

TRACE::2024-10-24.23:49:02::SCWMssOS::"Running Make libs in microblaze_0/libsrc/bram_v4_8/src"

TRACE::2024-10-24.23:49:02::SCWMssOS::make -C microblaze_0/libsrc/bram_v4_8/src -s libs  "SHELL=CMD" "COMPILER=mb-gcc" "ASSEMBLER=mb-as" "ARCHIVER=mb-ar" "COMPILER_F
TRACE::2024-10-24.23:49:02::SCWMssOS::LAGS=  -O2 -c -mcpu=v11.0 -mlittle-endian -mno-xl-reorder -mno-xl-soft-mul -mxl-barrel-shift -mxl-pattern-compare" "EXTRA_COMPI
TRACE::2024-10-24.23:49:02::SCWMssOS::LER_FLAGS=-g -ffunction-sections -fdata-sections -Wall -Wextra -fno-tree-loop-distribute-patterns"

TRACE::2024-10-24.23:49:02::SCWMssOS::"Running Make libs in microblaze_0/libsrc/cpu_v2_16/src"

TRACE::2024-10-24.23:49:02::SCWMssOS::make -C microblaze_0/libsrc/cpu_v2_16/src -s libs  "SHELL=CMD" "COMPILER=mb-gcc" "ASSEMBLER=mb-as" "ARCHIVER=mb-ar" "COMPILER_F
TRACE::2024-10-24.23:49:02::SCWMssOS::LAGS=  -O2 -c -mcpu=v11.0 -mlittle-endian -mno-xl-reorder -mno-xl-soft-mul -mxl-barrel-shift -mxl-pattern-compare" "EXTRA_COMPI
TRACE::2024-10-24.23:49:02::SCWMssOS::LER_FLAGS=-g -ffunction-sections -fdata-sections -Wall -Wextra -fno-tree-loop-distribute-patterns"

TRACE::2024-10-24.23:49:02::SCWMssOS::"Running Make libs in microblaze_0/libsrc/gpio_v4_9/src"

TRACE::2024-10-24.23:49:03::SCWMssOS::make -C microblaze_0/libsrc/gpio_v4_9/src -s libs  "SHELL=CMD" "COMPILER=mb-gcc" "ASSEMBLER=mb-as" "ARCHIVER=mb-ar" "COMPILER_F
TRACE::2024-10-24.23:49:03::SCWMssOS::LAGS=  -O2 -c -mcpu=v11.0 -mlittle-endian -mno-xl-reorder -mno-xl-soft-mul -mxl-barrel-shift -mxl-pattern-compare" "EXTRA_COMPI
TRACE::2024-10-24.23:49:03::SCWMssOS::LER_FLAGS=-g -ffunction-sections -fdata-sections -Wall -Wextra -fno-tree-loop-distribute-patterns"

TRACE::2024-10-24.23:49:03::SCWMssOS::"Running Make libs in microblaze_0/libsrc/intc_v3_15/src"

TRACE::2024-10-24.23:49:03::SCWMssOS::make -C microblaze_0/libsrc/intc_v3_15/src -s libs  "SHELL=CMD" "COMPILER=mb-gcc" "ASSEMBLER=mb-as" "ARCHIVER=mb-ar" "COMPILER_
TRACE::2024-10-24.23:49:03::SCWMssOS::FLAGS=  -O2 -c -mcpu=v11.0 -mlittle-endian -mno-xl-reorder -mno-xl-soft-mul -mxl-barrel-shift -mxl-pattern-compare" "EXTRA_COMP
TRACE::2024-10-24.23:49:03::SCWMssOS::ILER_FLAGS=-g -ffunction-sections -fdata-sections -Wall -Wextra -fno-tree-loop-distribute-patterns"

TRACE::2024-10-24.23:49:03::SCWMssOS::"Running Make libs in microblaze_0/libsrc/spi_v4_9/src"

TRACE::2024-10-24.23:49:03::SCWMssOS::make -C microblaze_0/libsrc/spi_v4_9/src -s libs  "SHELL=CMD" "COMPILER=mb-gcc" "ASSEMBLER=mb-as" "ARCHIVER=mb-ar" "COMPILER_FL
TRACE::2024-10-24.23:49:03::SCWMssOS::AGS=  -O2 -c -mcpu=v11.0 -mlittle-endian -mno-xl-reorder -mno-xl-soft-mul -mxl-barrel-shift -mxl-pattern-compare" "EXTRA_COMPIL
TRACE::2024-10-24.23:49:03::SCWMssOS::ER_FLAGS=-g -ffunction-sections -fdata-sections -Wall -Wextra -fno-tree-loop-distribute-patterns"

TRACE::2024-10-24.23:49:03::SCWMssOS::"Running Make libs in microblaze_0/libsrc/standalone_v8_0/src"

TRACE::2024-10-24.23:49:03::SCWMssOS::"Running Make libs in microblaze_0/libsrc/tmrctr_v4_9/src"

TRACE::2024-10-24.23:49:03::SCWMssOS::make -C microblaze_0/libsrc/standalone_v8_0/src -s libs  "SHELL=CMD" "COMPILER=mb-gcc" "ASSEMBLER=mb-as" "ARCHIVER=mb-ar" "COMP
TRACE::2024-10-24.23:49:03::SCWMssOS::ILER_FLAGS=  -O2 -c -mcpu=v11.0 -mlittle-endian -mno-xl-reorder -mno-xl-soft-mul -mxl-barrel-shift -mxl-pattern-compare" "EXTRA
TRACE::2024-10-24.23:49:03::SCWMssOS::_COMPILER_FLAGS=-g -ffunction-sections -fdata-sections -Wall -Wextra -fno-tree-loop-distribute-patterns"

TRACE::2024-10-24.23:49:03::SCWMssOS::"Running Make libs in microblaze_0/libsrc/uartlite_v3_7/src"

TRACE::2024-10-24.23:49:03::SCWMssOS::make -C microblaze_0/libsrc/tmrctr_v4_9/src -s libs  "SHELL=CMD" "COMPILER=mb-gcc" "ASSEMBLER=mb-as" "ARCHIVER=mb-ar" "COMPILER
TRACE::2024-10-24.23:49:03::SCWMssOS::_FLAGS=  -O2 -c -mcpu=v11.0 -mlittle-endian -mno-xl-reorder -mno-xl-soft-mul -mxl-barrel-shift -mxl-pattern-compare" "EXTRA_COM
TRACE::2024-10-24.23:49:03::SCWMssOS::PILER_FLAGS=-g -ffunction-sections -fdata-sections -Wall -Wextra -fno-tree-loop-distribute-patterns"

TRACE::2024-10-24.23:49:03::SCWMssOS::make -C microblaze_0/libsrc/uartlite_v3_7/src -s libs  "SHELL=CMD" "COMPILER=mb-gcc" "ASSEMBLER=mb-as" "ARCHIVER=mb-ar" "COMPIL
TRACE::2024-10-24.23:49:03::SCWMssOS::ER_FLAGS=  -O2 -c -mcpu=v11.0 -mlittle-endian -mno-xl-reorder -mno-xl-soft-mul -mxl-barrel-shift -mxl-pattern-compare" "EXTRA_C
TRACE::2024-10-24.23:49:03::SCWMssOS::OMPILER_FLAGS=-g -ffunction-sections -fdata-sections -Wall -Wextra -fno-tree-loop-distribute-patterns"

TRACE::2024-10-24.23:49:06::SCWMssOS::"DEBUG NON_LTO_OBJECTS is ../../../lib/microblaze_interrupt_handler.o"

TRACE::2024-10-24.23:49:06::SCWMssOS::'Finished building libraries parallelly.'

TRACE::2024-10-24.23:49:06::SCWMssOS::make --no-print-directory archive

TRACE::2024-10-24.23:49:06::SCWMssOS::mb-ar -r  microblaze_0/lib/libxil.a microblaze_0/lib/_exit.o microblaze_0/lib/errno.o microblaze_0/lib/fcntl.o microblaze_0/lib
TRACE::2024-10-24.23:49:06::SCWMssOS::/hw_exception_handler.o microblaze_0/lib/inbyte.o microblaze_0/lib/microblaze_disable_dcache.o microblaze_0/lib/microblaze_disa
TRACE::2024-10-24.23:49:06::SCWMssOS::ble_exceptions.o microblaze_0/lib/microblaze_disable_icache.o microblaze_0/lib/microblaze_disable_interrupts.o microblaze_0/lib
TRACE::2024-10-24.23:49:06::SCWMssOS::/microblaze_enable_dcache.o microblaze_0/lib/microblaze_enable_exceptions.o microblaze_0/lib/microblaze_enable_icache.o microbl
TRACE::2024-10-24.23:49:06::SCWMssOS::aze_0/lib/microblaze_enable_interrupts.o microblaze_0/lib/microblaze_exception_handler.o microblaze_0/lib/microblaze_flush_cach
TRACE::2024-10-24.23:49:06::SCWMssOS::e_ext.o microblaze_0/lib/microblaze_flush_cache_ext_range.o microblaze_0/lib/microblaze_flush_dcache.o microblaze_0/lib/microbl
TRACE::2024-10-24.23:49:06::SCWMssOS::aze_flush_dcache_range.o microblaze_0/lib/microblaze_init_dcache_range.o microblaze_0/lib/microblaze_init_icache_range.o microb
TRACE::2024-10-24.23:49:06::SCWMssOS::laze_0/lib/microblaze_interrupt_handler.o microblaze_0/lib/microblaze_interrupts_g.o microblaze_0/lib/microblaze_invalidate_cac
TRACE::2024-10-24.23:49:06::SCWMssOS::he_ext.o microblaze_0/lib/microblaze_invalidate_cache_ext_range.o microblaze_0/lib/microblaze_invalidate_dcache.o microblaze_0/
TRACE::2024-10-24.23:49:06::SCWMssOS::lib/microblaze_invalidate_dcache_range.o microblaze_0/lib/microblaze_invalidate_icache.o microblaze_0/lib/microblaze_invalidate
TRACE::2024-10-24.23:49:06::SCWMssOS::_icache_range.o microblaze_0/lib/microblaze_scrub.o microblaze_0/lib/microblaze_selftest.o microblaze_0/lib/microblaze_sleep.o 
TRACE::2024-10-24.23:49:06::SCWMssOS::microblaze_0/lib/microblaze_update_dcache.o microblaze_0/lib/microblaze_update_icache.o microblaze_0/lib/outbyte.o microblaze_0
TRACE::2024-10-24.23:49:06::SCWMssOS::/lib/print.o microblaze_0/lib/pvr.o microblaze_0/lib/xbram.o microblaze_0/lib/xbram_g.o microblaze_0/lib/xbram_intr.o microblaz
TRACE::2024-10-24.23:49:06::SCWMssOS::e_0/lib/xbram_selftest.o microblaze_0/lib/xbram_sinit.o microblaze_0/lib/xgpio.o microblaze_0/lib/xgpio_extra.o microblaze_0/li
TRACE::2024-10-24.23:49:06::SCWMssOS::b/xgpio_g.o microblaze_0/lib/xgpio_intr.o microblaze_0/lib/xgpio_selftest.o microblaze_0/lib/xgpio_sinit.o microblaze_0/lib/xil
TRACE::2024-10-24.23:49:06::SCWMssOS::_assert.o microblaze_0/lib/xil_cache.o microblaze_0/lib/xil_clocking.o microblaze_0/lib/xil_exception.o microblaze_0/lib/xil_me
TRACE::2024-10-24.23:49:06::SCWMssOS::m.o microblaze_0/lib/xil_misc_psreset_api.o microblaze_0/lib/xil_printf.o microblaze_0/lib/xil_sleepcommon.o microblaze_0/lib/x
TRACE::2024-10-24.23:49:06::SCWMssOS::il_testcache.o microblaze_0/lib/xil_testio.o microblaze_0/lib/xil_testmem.o microblaze_0/lib/xil_util.o microblaze_0/lib/xintc.
TRACE::2024-10-24.23:49:06::SCWMssOS::o microblaze_0/lib/xintc_g.o microblaze_0/lib/xintc_intr.o microblaze_0/lib/xintc_l.o microblaze_0/lib/xintc_options.o microbla
TRACE::2024-10-24.23:49:06::SCWMssOS::ze_0/lib/xintc_selftest.o microblaze_0/lib/xinterrupt_wrap.o microblaze_0/lib/xio.o microblaze_0/lib/xplatform_info.o microblaz
TRACE::2024-10-24.23:49:06::SCWMssOS::e_0/lib/xspi.o microblaze_0/lib/xspi_g.o microblaze_0/lib/xspi_options.o microblaze_0/lib/xspi_selftest.o microblaze_0/lib/xspi
TRACE::2024-10-24.23:49:06::SCWMssOS::_sinit.o microblaze_0/lib/xspi_stats.o microblaze_0/lib/xtmrctr.o microblaze_0/lib/xtmrctr_g.o microblaze_0/lib/xtmrctr_intr.o 
TRACE::2024-10-24.23:49:06::SCWMssOS::microblaze_0/lib/xtmrctr_l.o microblaze_0/lib/xtmrctr_options.o microblaze_0/lib/xtmrctr_selftest.o microblaze_0/lib/xtmrctr_si
TRACE::2024-10-24.23:49:06::SCWMssOS::nit.o microblaze_0/lib/xtmrctr_stats.o microblaze_0/lib/xuartlite.o microblaze_0/lib/xuartlite_g.o microblaze_0/lib/xuartlite_i
TRACE::2024-10-24.23:49:06::SCWMssOS::ntr.o microblaze_0/lib/xuartlite_l.o microblaze_0/lib/xuartlite_selftest.o microblaze_0/lib/xuartlite_sinit.o microblaze_0/lib/
TRACE::2024-10-24.23:49:06::SCWMssOS::xuartlite_stats.o

TRACE::2024-10-24.23:49:06::SCWMssOS::'Finished building libraries'

TRACE::2024-10-24.23:49:07::SCWMssOS:: Checking if to create the Supporting Applications
TRACE::2024-10-24.23:49:07::SCWMssOS:: No Linux domain exists, trying to generate FSBL 
LOG::2024-10-24.23:49:07::SCWSystem::Completed Processing the domain standalone_microblaze_0
LOG::2024-10-24.23:49:07::SCWSystem::Completed Processing the sysconfig mb_usb_hdmi_top
LOG::2024-10-24.23:49:07::SCWPlatform::Completed generating the artifacts for system configuration mb_usb_hdmi_top
TRACE::2024-10-24.23:49:07::SCWPlatform::Started preparing the platform 
TRACE::2024-10-24.23:49:07::SCWSystem::Writing the bif file for system config mb_usb_hdmi_top
TRACE::2024-10-24.23:49:07::SCWSystem::dir created 
TRACE::2024-10-24.23:49:07::SCWSystem::Writing the bif 
TRACE::2024-10-24.23:49:07::SCWPlatform::Started writing the spfm file 
TRACE::2024-10-24.23:49:07::SCWPlatform::Started writing the xpfm file 
TRACE::2024-10-24.23:49:07::SCWPlatform::Completed generating the platform
TRACE::2024-10-24.23:49:07::SCWMssOS::Saving the mss changes C:/Users/curti/OneDrive/Documents/UIUC/ECE-385/Vivado_Projects/lab_6_2/workspace/mb_usb_hdmi_top/microblaze_0/standalone_microblaze_0/bsp/system.mss
TRACE::2024-10-24.23:49:07::SCWMssOS::Adding the swdes entry, mss present, able to open swdb C:/Users/curti/OneDrive/Documents/UIUC/ECE-385/Vivado_Projects/lab_6_2/workspace/mb_usb_hdmi_top/microblaze_0/standalone_microblaze_0/bsp/system.mss with des name system
TRACE::2024-10-24.23:49:07::SCWMssOS::Writing the mss file completed C:/Users/curti/OneDrive/Documents/UIUC/ECE-385/Vivado_Projects/lab_6_2/workspace/mb_usb_hdmi_top/microblaze_0/standalone_microblaze_0/bsp/system.mss
TRACE::2024-10-24.23:49:07::SCWMssOS::Commit changes completed.
TRACE::2024-10-24.23:49:07::SCWPlatform::Trying to open the hw design at C:/Users/curti/OneDrive/Documents/UIUC/ECE-385/Vivado_Projects/lab_6_2/workspace/mb_usb_hdmi_top/hw/mb_usb_hdmi_top.xsa
TRACE::2024-10-24.23:49:07::SCWPlatform::DSA given C:/Users/curti/OneDrive/Documents/UIUC/ECE-385/Vivado_Projects/lab_6_2/workspace/mb_usb_hdmi_top/hw/mb_usb_hdmi_top.xsa
TRACE::2024-10-24.23:49:07::SCWPlatform::DSA absoulate path C:/Users/curti/OneDrive/Documents/UIUC/ECE-385/Vivado_Projects/lab_6_2/workspace/mb_usb_hdmi_top/hw/mb_usb_hdmi_top.xsa
TRACE::2024-10-24.23:49:07::SCWPlatform::DSA directory C:/Users/curti/OneDrive/Documents/UIUC/ECE-385/Vivado_Projects/lab_6_2/workspace/mb_usb_hdmi_top/hw
TRACE::2024-10-24.23:49:07::SCWPlatform:: Platform Path C:/Users/curti/OneDrive/Documents/UIUC/ECE-385/Vivado_Projects/lab_6_2/workspace/mb_usb_hdmi_top/hw/mb_usb_hdmi_top.xsa
TRACE::2024-10-24.23:49:07::SCWPlatform:: Unique name xilinx:::0.0
TRACE::2024-10-24.23:49:07::SCWPlatform::Trying to set the existing hwdb with name mb_usb_hdmi_top_16
TRACE::2024-10-24.23:49:07::SCWPlatform::Opened existing hwdb mb_usb_hdmi_top_16
TRACE::2024-10-24.23:49:07::SCWPlatform::Found the Hw Db part of the input DSA
TRACE::2024-10-24.23:49:07::SCWMssOS::Checking the sw design at  C:/Users/curti/OneDrive/Documents/UIUC/ECE-385/Vivado_Projects/lab_6_2/workspace/mb_usb_hdmi_top/microblaze_0/standalone_microblaze_0/bsp/system.mss
TRACE::2024-10-24.23:49:07::SCWMssOS::DEBUG:  swdes dump  C:/Users/curti/OneDrive/Documents/UIUC/ECE-385/Vivado_Projects/lab_6_2/workspace/mb_usb_hdmi_top/microblaze_0/standalone_microblaze_0/bsp/system.mss|system||

TRACE::2024-10-24.23:49:07::SCWMssOS::Sw design exists and opened at  C:/Users/curti/OneDrive/Documents/UIUC/ECE-385/Vivado_Projects/lab_6_2/workspace/mb_usb_hdmi_top/microblaze_0/standalone_microblaze_0/bsp/system.mss
TRACE::2024-10-24.23:49:07::SCWWriter::formatted JSON is {
	"platformName":	"mb_usb_hdmi_top",
	"sprVersion":	"2.0",
	"mode":	"gui",
	"dsaType":	"Fixed",
	"platformDesc":	"mb_usb_hdmi_top",
	"platHandOff":	"C:/Users/curti/OneDrive/Documents/UIUC/ECE-385/Vivado_Projects/lab_6_2/mb_usb_hdmi_top.xsa",
	"platIntHandOff":	"<platformDir>/hw/mb_usb_hdmi_top.xsa",
	"deviceType":	"FPGA",
	"platIsPrebuiltAutogen":	"false",
	"platIsNoBootBsp":	"false",
	"hasFsblMakeHasChanges":	"false",
	"hasPmufwMakeHasChanges":	"false",
	"platPreBuiltFlag":	false,
	"platformSamplesDir":	"",
	"platActiveSys":	"mb_usb_hdmi_top",
	"systems":	[{
			"systemName":	"mb_usb_hdmi_top",
			"systemDesc":	"mb_usb_hdmi_top",
			"sysIsBootAutoGen":	"true",
			"systemDispName":	"mb_usb_hdmi_top",
			"sysActiveDom":	"standalone_microblaze_0",
			"sysDefaultDom":	"standalone_microblaze_0",
			"domains":	[{
					"domainName":	"standalone_microblaze_0",
					"domainDispName":	"standalone_microblaze_0",
					"domainDesc":	"standalone_microblaze_0",
					"processors":	"microblaze_0",
					"os":	"standalone",
					"sdxOs":	"standalone",
					"debugEnable":	"False",
					"domRuntimes":	["cpp"],
					"swRepo":	"",
					"mssOsVer":	"8.0",
					"mssFile":	"",
					"md5Digest":	"304529987e879521ca977c68d163f362",
					"compatibleApp":	"",
					"domType":	"mssDomain",
					"arch":	"32-bit",
					"appSettings":	{
						"appCompilerFlags":	"",
						"appLinkerFlags":	""
					},
					"addedLibs":	[],
					"libOptions":	{
						"libsContainingOptions":	[]
					},
					"prebuiltLibs":	{
						"prebuiltIncPath":	[],
						"prebuiltLibPath":	[]
					},
					"isolation":	{
					}
				}]
		}]
}
KEYINFO::2024-10-24.23:49:07::SCWPlatform::updated the xpfm file.
TRACE::2024-10-24.23:49:07::SCWPlatform::Trying to open the hw design at C:/Users/curti/OneDrive/Documents/UIUC/ECE-385/Vivado_Projects/lab_6_2/workspace/mb_usb_hdmi_top/hw/mb_usb_hdmi_top.xsa
TRACE::2024-10-24.23:49:07::SCWPlatform::DSA given C:/Users/curti/OneDrive/Documents/UIUC/ECE-385/Vivado_Projects/lab_6_2/workspace/mb_usb_hdmi_top/hw/mb_usb_hdmi_top.xsa
TRACE::2024-10-24.23:49:07::SCWPlatform::DSA absoulate path C:/Users/curti/OneDrive/Documents/UIUC/ECE-385/Vivado_Projects/lab_6_2/workspace/mb_usb_hdmi_top/hw/mb_usb_hdmi_top.xsa
TRACE::2024-10-24.23:49:07::SCWPlatform::DSA directory C:/Users/curti/OneDrive/Documents/UIUC/ECE-385/Vivado_Projects/lab_6_2/workspace/mb_usb_hdmi_top/hw
TRACE::2024-10-24.23:49:07::SCWPlatform:: Platform Path C:/Users/curti/OneDrive/Documents/UIUC/ECE-385/Vivado_Projects/lab_6_2/workspace/mb_usb_hdmi_top/hw/mb_usb_hdmi_top.xsa
TRACE::2024-10-24.23:49:07::SCWPlatform:: Unique name xilinx:::0.0
TRACE::2024-10-24.23:49:07::SCWPlatform::Trying to set the existing hwdb with name mb_usb_hdmi_top_16
TRACE::2024-10-24.23:49:07::SCWPlatform::Opened existing hwdb mb_usb_hdmi_top_16
TRACE::2024-10-24.23:49:07::SCWPlatform::Found the Hw Db part of the input DSA
TRACE::2024-10-24.23:49:07::SCWMssOS::Checking the sw design at  C:/Users/curti/OneDrive/Documents/UIUC/ECE-385/Vivado_Projects/lab_6_2/workspace/mb_usb_hdmi_top/microblaze_0/standalone_microblaze_0/bsp/system.mss
TRACE::2024-10-24.23:49:07::SCWMssOS::DEBUG:  swdes dump  C:/Users/curti/OneDrive/Documents/UIUC/ECE-385/Vivado_Projects/lab_6_2/workspace/mb_usb_hdmi_top/microblaze_0/standalone_microblaze_0/bsp/system.mss|system||

TRACE::2024-10-24.23:49:07::SCWMssOS::Sw design exists and opened at  C:/Users/curti/OneDrive/Documents/UIUC/ECE-385/Vivado_Projects/lab_6_2/workspace/mb_usb_hdmi_top/microblaze_0/standalone_microblaze_0/bsp/system.mss
TRACE::2024-10-24.23:50:32::SCWPlatform::Clearing the existing platform
TRACE::2024-10-24.23:50:32::SCWSystem::Clearing the existing sysconfig
TRACE::2024-10-24.23:50:32::SCWMssOS::Removing the swdes entry for  C:/Users/curti/OneDrive/Documents/UIUC/ECE-385/Vivado_Projects/lab_6_2/workspace/mb_usb_hdmi_top/microblaze_0/standalone_microblaze_0/bsp/system.mss
TRACE::2024-10-24.23:50:32::SCWSystem::Clearing the domains completed.
TRACE::2024-10-24.23:50:32::SCWPlatform::Clearing the opened hw db.
TRACE::2024-10-24.23:50:32::SCWPlatform::DSA given C:/Users/curti/OneDrive/Documents/UIUC/ECE-385/Vivado_Projects/lab_6_2/workspace/mb_usb_hdmi_top/hw/mb_usb_hdmi_top.xsa
TRACE::2024-10-24.23:50:32::SCWPlatform::DSA absoulate path C:/Users/curti/OneDrive/Documents/UIUC/ECE-385/Vivado_Projects/lab_6_2/workspace/mb_usb_hdmi_top/hw/mb_usb_hdmi_top.xsa
TRACE::2024-10-24.23:50:32::SCWPlatform:: Platform location is C:/Users/curti/OneDrive/Documents/UIUC/ECE-385/Vivado_Projects/lab_6_2/workspace/mb_usb_hdmi_top/hw
TRACE::2024-10-24.23:50:32::SCWPlatform:: Platform Path C:/Users/curti/OneDrive/Documents/UIUC/ECE-385/Vivado_Projects/lab_6_2/workspace/mb_usb_hdmi_top/hw/mb_usb_hdmi_top.xsa
TRACE::2024-10-24.23:50:32::SCWPlatform:: Unique name xilinx:::0.0
TRACE::2024-10-24.23:50:32::SCWPlatform::Removing the HwDB with name C:/Users/curti/OneDrive/Documents/UIUC/ECE-385/Vivado_Projects/lab_6_2/workspace/mb_usb_hdmi_top/hw/mb_usb_hdmi_top.xsa
TRACE::2024-10-24.23:50:32::SCWPlatform::Trying to open the hw design at C:/Users/curti/OneDrive/Documents/UIUC/ECE-385/Vivado_Projects/lab_6_2/workspace/mb_usb_hdmi_top/hw/mb_usb_hdmi_top.xsa
TRACE::2024-10-24.23:50:32::SCWPlatform::DSA given C:/Users/curti/OneDrive/Documents/UIUC/ECE-385/Vivado_Projects/lab_6_2/workspace/mb_usb_hdmi_top/hw/mb_usb_hdmi_top.xsa
TRACE::2024-10-24.23:50:32::SCWPlatform::DSA absoulate path C:/Users/curti/OneDrive/Documents/UIUC/ECE-385/Vivado_Projects/lab_6_2/workspace/mb_usb_hdmi_top/hw/mb_usb_hdmi_top.xsa
TRACE::2024-10-24.23:50:32::SCWPlatform::DSA directory C:/Users/curti/OneDrive/Documents/UIUC/ECE-385/Vivado_Projects/lab_6_2/workspace/mb_usb_hdmi_top/hw
TRACE::2024-10-24.23:50:32::SCWPlatform:: Platform Path C:/Users/curti/OneDrive/Documents/UIUC/ECE-385/Vivado_Projects/lab_6_2/workspace/mb_usb_hdmi_top/hw/mb_usb_hdmi_top.xsa
TRACE::2024-10-24.23:50:32::SCWPlatform:: Unique name xilinx:::0.0
TRACE::2024-10-24.23:50:32::SCWPlatform::Do not have an existing db opened. 
TRACE::2024-10-24.23:50:33::SCWPlatform::Opened new HwDB with name mb_usb_hdmi_top_18
TRACE::2024-10-24.23:50:33::SCWReader::Active system found as  mb_usb_hdmi_top
TRACE::2024-10-24.23:50:33::SCWReader::Handling sysconfig mb_usb_hdmi_top
TRACE::2024-10-24.23:50:33::SCWDomain::checking for install qemu data   : 
TRACE::2024-10-24.23:50:33::SCWPlatform::Trying to open the hw design at C:/Users/curti/OneDrive/Documents/UIUC/ECE-385/Vivado_Projects/lab_6_2/workspace/mb_usb_hdmi_top/hw/mb_usb_hdmi_top.xsa
TRACE::2024-10-24.23:50:33::SCWPlatform::DSA given C:/Users/curti/OneDrive/Documents/UIUC/ECE-385/Vivado_Projects/lab_6_2/workspace/mb_usb_hdmi_top/hw/mb_usb_hdmi_top.xsa
TRACE::2024-10-24.23:50:33::SCWPlatform::DSA absoulate path C:/Users/curti/OneDrive/Documents/UIUC/ECE-385/Vivado_Projects/lab_6_2/workspace/mb_usb_hdmi_top/hw/mb_usb_hdmi_top.xsa
TRACE::2024-10-24.23:50:33::SCWPlatform::DSA directory C:/Users/curti/OneDrive/Documents/UIUC/ECE-385/Vivado_Projects/lab_6_2/workspace/mb_usb_hdmi_top/hw
TRACE::2024-10-24.23:50:33::SCWPlatform:: Platform Path C:/Users/curti/OneDrive/Documents/UIUC/ECE-385/Vivado_Projects/lab_6_2/workspace/mb_usb_hdmi_top/hw/mb_usb_hdmi_top.xsa
TRACE::2024-10-24.23:50:33::SCWPlatform:: Unique name xilinx:::0.0
TRACE::2024-10-24.23:50:33::SCWPlatform::Trying to set the existing hwdb with name mb_usb_hdmi_top_18
TRACE::2024-10-24.23:50:33::SCWPlatform::Opened existing hwdb mb_usb_hdmi_top_18
TRACE::2024-10-24.23:50:33::SCWPlatform::Found the Hw Db part of the input DSA
TRACE::2024-10-24.23:50:33::SCWPlatform::Trying to open the hw design at C:/Users/curti/OneDrive/Documents/UIUC/ECE-385/Vivado_Projects/lab_6_2/workspace/mb_usb_hdmi_top/hw/mb_usb_hdmi_top.xsa
TRACE::2024-10-24.23:50:33::SCWPlatform::DSA given C:/Users/curti/OneDrive/Documents/UIUC/ECE-385/Vivado_Projects/lab_6_2/workspace/mb_usb_hdmi_top/hw/mb_usb_hdmi_top.xsa
TRACE::2024-10-24.23:50:33::SCWPlatform::DSA absoulate path C:/Users/curti/OneDrive/Documents/UIUC/ECE-385/Vivado_Projects/lab_6_2/workspace/mb_usb_hdmi_top/hw/mb_usb_hdmi_top.xsa
TRACE::2024-10-24.23:50:33::SCWPlatform::DSA directory C:/Users/curti/OneDrive/Documents/UIUC/ECE-385/Vivado_Projects/lab_6_2/workspace/mb_usb_hdmi_top/hw
TRACE::2024-10-24.23:50:33::SCWPlatform:: Platform Path C:/Users/curti/OneDrive/Documents/UIUC/ECE-385/Vivado_Projects/lab_6_2/workspace/mb_usb_hdmi_top/hw/mb_usb_hdmi_top.xsa
TRACE::2024-10-24.23:50:33::SCWPlatform:: Unique name xilinx:::0.0
TRACE::2024-10-24.23:50:33::SCWPlatform::Trying to set the existing hwdb with name mb_usb_hdmi_top_18
TRACE::2024-10-24.23:50:33::SCWPlatform::Opened existing hwdb mb_usb_hdmi_top_18
TRACE::2024-10-24.23:50:33::SCWPlatform::Found the Hw Db part of the input DSA
TRACE::2024-10-24.23:50:33::SCWPlatform::Trying to open the hw design at C:/Users/curti/OneDrive/Documents/UIUC/ECE-385/Vivado_Projects/lab_6_2/workspace/mb_usb_hdmi_top/hw/mb_usb_hdmi_top.xsa
TRACE::2024-10-24.23:50:33::SCWPlatform::DSA given C:/Users/curti/OneDrive/Documents/UIUC/ECE-385/Vivado_Projects/lab_6_2/workspace/mb_usb_hdmi_top/hw/mb_usb_hdmi_top.xsa
TRACE::2024-10-24.23:50:33::SCWPlatform::DSA absoulate path C:/Users/curti/OneDrive/Documents/UIUC/ECE-385/Vivado_Projects/lab_6_2/workspace/mb_usb_hdmi_top/hw/mb_usb_hdmi_top.xsa
TRACE::2024-10-24.23:50:33::SCWPlatform::DSA directory C:/Users/curti/OneDrive/Documents/UIUC/ECE-385/Vivado_Projects/lab_6_2/workspace/mb_usb_hdmi_top/hw
TRACE::2024-10-24.23:50:33::SCWPlatform:: Platform Path C:/Users/curti/OneDrive/Documents/UIUC/ECE-385/Vivado_Projects/lab_6_2/workspace/mb_usb_hdmi_top/hw/mb_usb_hdmi_top.xsa
TRACE::2024-10-24.23:50:33::SCWPlatform:: Unique name xilinx:::0.0
TRACE::2024-10-24.23:50:33::SCWPlatform::Trying to set the existing hwdb with name mb_usb_hdmi_top_18
TRACE::2024-10-24.23:50:33::SCWPlatform::Opened existing hwdb mb_usb_hdmi_top_18
TRACE::2024-10-24.23:50:33::SCWPlatform::Found the Hw Db part of the input DSA
TRACE::2024-10-24.23:50:33::SCWPlatform::Trying to open the hw design at C:/Users/curti/OneDrive/Documents/UIUC/ECE-385/Vivado_Projects/lab_6_2/workspace/mb_usb_hdmi_top/hw/mb_usb_hdmi_top.xsa
TRACE::2024-10-24.23:50:33::SCWPlatform::DSA given C:/Users/curti/OneDrive/Documents/UIUC/ECE-385/Vivado_Projects/lab_6_2/workspace/mb_usb_hdmi_top/hw/mb_usb_hdmi_top.xsa
TRACE::2024-10-24.23:50:33::SCWPlatform::DSA absoulate path C:/Users/curti/OneDrive/Documents/UIUC/ECE-385/Vivado_Projects/lab_6_2/workspace/mb_usb_hdmi_top/hw/mb_usb_hdmi_top.xsa
TRACE::2024-10-24.23:50:33::SCWPlatform::DSA directory C:/Users/curti/OneDrive/Documents/UIUC/ECE-385/Vivado_Projects/lab_6_2/workspace/mb_usb_hdmi_top/hw
TRACE::2024-10-24.23:50:33::SCWPlatform:: Platform Path C:/Users/curti/OneDrive/Documents/UIUC/ECE-385/Vivado_Projects/lab_6_2/workspace/mb_usb_hdmi_top/hw/mb_usb_hdmi_top.xsa
TRACE::2024-10-24.23:50:33::SCWPlatform:: Unique name xilinx:::0.0
TRACE::2024-10-24.23:50:33::SCWPlatform::Trying to set the existing hwdb with name mb_usb_hdmi_top_18
TRACE::2024-10-24.23:50:33::SCWPlatform::Opened existing hwdb mb_usb_hdmi_top_18
TRACE::2024-10-24.23:50:33::SCWPlatform::Found the Hw Db part of the input DSA
TRACE::2024-10-24.23:50:33::SCWMssOS::Checking the sw design at  C:/Users/curti/OneDrive/Documents/UIUC/ECE-385/Vivado_Projects/lab_6_2/workspace/mb_usb_hdmi_top/microblaze_0/standalone_microblaze_0/bsp/system.mss
TRACE::2024-10-24.23:50:33::SCWMssOS::DEBUG:  swdes dump  
TRACE::2024-10-24.23:50:33::SCWMssOS::No sw design opened at  C:/Users/curti/OneDrive/Documents/UIUC/ECE-385/Vivado_Projects/lab_6_2/workspace/mb_usb_hdmi_top/microblaze_0/standalone_microblaze_0/bsp/system.mss
TRACE::2024-10-24.23:50:33::SCWMssOS::mss exists loading the mss file  C:/Users/curti/OneDrive/Documents/UIUC/ECE-385/Vivado_Projects/lab_6_2/workspace/mb_usb_hdmi_top/microblaze_0/standalone_microblaze_0/bsp/system.mss
TRACE::2024-10-24.23:50:33::SCWMssOS::Opened the sw design from mss  C:/Users/curti/OneDrive/Documents/UIUC/ECE-385/Vivado_Projects/lab_6_2/workspace/mb_usb_hdmi_top/microblaze_0/standalone_microblaze_0/bsp/system.mss
TRACE::2024-10-24.23:50:33::SCWMssOS::Adding the swdes entry C:/Users/curti/OneDrive/Documents/UIUC/ECE-385/Vivado_Projects/lab_6_2/workspace/mb_usb_hdmi_top/microblaze_0/standalone_microblaze_0/bsp/system.mss with des name system
TRACE::2024-10-24.23:50:33::SCWMssOS::updating the scw layer about changes
TRACE::2024-10-24.23:50:33::SCWMssOS::Opened the sw design.  C:/Users/curti/OneDrive/Documents/UIUC/ECE-385/Vivado_Projects/lab_6_2/workspace/mb_usb_hdmi_top/microblaze_0/standalone_microblaze_0/bsp/system.mss
TRACE::2024-10-24.23:50:33::SCWMssOS::Saving the mss changes C:/Users/curti/OneDrive/Documents/UIUC/ECE-385/Vivado_Projects/lab_6_2/workspace/mb_usb_hdmi_top/microblaze_0/standalone_microblaze_0/bsp/system.mss
TRACE::2024-10-24.23:50:33::SCWMssOS::Found a swdesign opened with the mssfile.
TRACE::2024-10-24.23:50:33::SCWMssOS::Completed writemss as part of save.
TRACE::2024-10-24.23:50:33::SCWMssOS::Commit changes completed.
TRACE::2024-10-24.23:50:33::SCWReader::Adding prebuilt librarypaths as   
TRACE::2024-10-24.23:50:33::SCWReader::Adding prebuilt incpaths  as   
TRACE::2024-10-24.23:50:33::SCWPlatform::Trying to open the hw design at C:/Users/curti/OneDrive/Documents/UIUC/ECE-385/Vivado_Projects/lab_6_2/workspace/mb_usb_hdmi_top/hw/mb_usb_hdmi_top.xsa
TRACE::2024-10-24.23:50:33::SCWPlatform::DSA given C:/Users/curti/OneDrive/Documents/UIUC/ECE-385/Vivado_Projects/lab_6_2/workspace/mb_usb_hdmi_top/hw/mb_usb_hdmi_top.xsa
TRACE::2024-10-24.23:50:33::SCWPlatform::DSA absoulate path C:/Users/curti/OneDrive/Documents/UIUC/ECE-385/Vivado_Projects/lab_6_2/workspace/mb_usb_hdmi_top/hw/mb_usb_hdmi_top.xsa
TRACE::2024-10-24.23:50:33::SCWPlatform::DSA directory C:/Users/curti/OneDrive/Documents/UIUC/ECE-385/Vivado_Projects/lab_6_2/workspace/mb_usb_hdmi_top/hw
TRACE::2024-10-24.23:50:33::SCWPlatform:: Platform Path C:/Users/curti/OneDrive/Documents/UIUC/ECE-385/Vivado_Projects/lab_6_2/workspace/mb_usb_hdmi_top/hw/mb_usb_hdmi_top.xsa
TRACE::2024-10-24.23:50:33::SCWPlatform:: Unique name xilinx:::0.0
TRACE::2024-10-24.23:50:33::SCWPlatform::Trying to set the existing hwdb with name mb_usb_hdmi_top_18
TRACE::2024-10-24.23:50:33::SCWPlatform::Opened existing hwdb mb_usb_hdmi_top_18
TRACE::2024-10-24.23:50:33::SCWPlatform::Found the Hw Db part of the input DSA
TRACE::2024-10-24.23:50:33::SCWMssOS::Checking the sw design at  C:/Users/curti/OneDrive/Documents/UIUC/ECE-385/Vivado_Projects/lab_6_2/workspace/mb_usb_hdmi_top/microblaze_0/standalone_microblaze_0/bsp/system.mss
TRACE::2024-10-24.23:50:33::SCWMssOS::DEBUG:  swdes dump  C:/Users/curti/OneDrive/Documents/UIUC/ECE-385/Vivado_Projects/lab_6_2/workspace/mb_usb_hdmi_top/microblaze_0/standalone_microblaze_0/bsp/system.mss|system||

TRACE::2024-10-24.23:50:33::SCWMssOS::Sw design exists and opened at  C:/Users/curti/OneDrive/Documents/UIUC/ECE-385/Vivado_Projects/lab_6_2/workspace/mb_usb_hdmi_top/microblaze_0/standalone_microblaze_0/bsp/system.mss
TRACE::2024-10-24.23:50:33::SCWReader::No isolation master present  
TRACE::2024-10-24.23:50:35::SCWPlatform::DSA given C:/Users/curti/OneDrive/Documents/UIUC/ECE-385/Vivado_Projects/lab_6_2/workspace/mb_usb_hdmi_top/tempdsa/mb_usb_hdmi_top.xsa
TRACE::2024-10-24.23:50:35::SCWPlatform::DSA absoulate path C:/Users/curti/OneDrive/Documents/UIUC/ECE-385/Vivado_Projects/lab_6_2/workspace/mb_usb_hdmi_top/tempdsa/mb_usb_hdmi_top.xsa
TRACE::2024-10-24.23:50:35::SCWPlatform:: Platform location is C:/Users/curti/OneDrive/Documents/UIUC/ECE-385/Vivado_Projects/lab_6_2/workspace/mb_usb_hdmi_top/tempdsa
TRACE::2024-10-24.23:50:35::SCWPlatform:: Platform Path C:/Users/curti/OneDrive/Documents/UIUC/ECE-385/Vivado_Projects/lab_6_2/workspace/mb_usb_hdmi_top/tempdsa/mb_usb_hdmi_top.xsa
TRACE::2024-10-24.23:50:35::SCWPlatform:: Unique name xilinx:::0.0
TRACE::2024-10-24.23:50:35::SCWPlatform::Found the Hw Db part of the input DSA
TRACE::2024-10-24.23:50:35::SCWMssOS::Doing hw sync for the mss in domain: standalone_microblaze_0
TRACE::2024-10-24.23:50:35::SCWPlatform::Trying to open the hw design at C:/Users/curti/OneDrive/Documents/UIUC/ECE-385/Vivado_Projects/lab_6_2/workspace/mb_usb_hdmi_top/hw/mb_usb_hdmi_top.xsa
TRACE::2024-10-24.23:50:35::SCWPlatform::DSA given C:/Users/curti/OneDrive/Documents/UIUC/ECE-385/Vivado_Projects/lab_6_2/workspace/mb_usb_hdmi_top/hw/mb_usb_hdmi_top.xsa
TRACE::2024-10-24.23:50:35::SCWPlatform::DSA absoulate path C:/Users/curti/OneDrive/Documents/UIUC/ECE-385/Vivado_Projects/lab_6_2/workspace/mb_usb_hdmi_top/hw/mb_usb_hdmi_top.xsa
TRACE::2024-10-24.23:50:35::SCWPlatform::DSA directory C:/Users/curti/OneDrive/Documents/UIUC/ECE-385/Vivado_Projects/lab_6_2/workspace/mb_usb_hdmi_top/hw
TRACE::2024-10-24.23:50:35::SCWPlatform:: Platform Path C:/Users/curti/OneDrive/Documents/UIUC/ECE-385/Vivado_Projects/lab_6_2/workspace/mb_usb_hdmi_top/hw/mb_usb_hdmi_top.xsa
TRACE::2024-10-24.23:50:35::SCWPlatform:: Unique name xilinx:::0.0
TRACE::2024-10-24.23:50:35::SCWPlatform::Trying to set the existing hwdb with name mb_usb_hdmi_top_18
TRACE::2024-10-24.23:50:35::SCWPlatform::Opened existing hwdb mb_usb_hdmi_top_18
TRACE::2024-10-24.23:50:35::SCWPlatform::Found the Hw Db part of the input DSA
TRACE::2024-10-24.23:50:35::SCWPlatform::Trying to open the hw design at C:/Users/curti/OneDrive/Documents/UIUC/ECE-385/Vivado_Projects/lab_6_2/workspace/mb_usb_hdmi_top/hw/mb_usb_hdmi_top.xsa
TRACE::2024-10-24.23:50:35::SCWPlatform::DSA given C:/Users/curti/OneDrive/Documents/UIUC/ECE-385/Vivado_Projects/lab_6_2/workspace/mb_usb_hdmi_top/hw/mb_usb_hdmi_top.xsa
TRACE::2024-10-24.23:50:35::SCWPlatform::DSA absoulate path C:/Users/curti/OneDrive/Documents/UIUC/ECE-385/Vivado_Projects/lab_6_2/workspace/mb_usb_hdmi_top/hw/mb_usb_hdmi_top.xsa
TRACE::2024-10-24.23:50:35::SCWPlatform::DSA directory C:/Users/curti/OneDrive/Documents/UIUC/ECE-385/Vivado_Projects/lab_6_2/workspace/mb_usb_hdmi_top/hw
TRACE::2024-10-24.23:50:35::SCWPlatform:: Platform Path C:/Users/curti/OneDrive/Documents/UIUC/ECE-385/Vivado_Projects/lab_6_2/workspace/mb_usb_hdmi_top/hw/mb_usb_hdmi_top.xsa
TRACE::2024-10-24.23:50:35::SCWPlatform:: Unique name xilinx:::0.0
TRACE::2024-10-24.23:50:35::SCWPlatform::Trying to set the existing hwdb with name mb_usb_hdmi_top_18
TRACE::2024-10-24.23:50:35::SCWPlatform::Opened existing hwdb mb_usb_hdmi_top_18
TRACE::2024-10-24.23:50:35::SCWPlatform::Found the Hw Db part of the input DSA
TRACE::2024-10-24.23:50:35::SCWMssOS::Checking the sw design at  C:/Users/curti/OneDrive/Documents/UIUC/ECE-385/Vivado_Projects/lab_6_2/workspace/mb_usb_hdmi_top/microblaze_0/standalone_microblaze_0/bsp/system.mss
TRACE::2024-10-24.23:50:35::SCWMssOS::DEBUG:  swdes dump  C:/Users/curti/OneDrive/Documents/UIUC/ECE-385/Vivado_Projects/lab_6_2/workspace/mb_usb_hdmi_top/microblaze_0/standalone_microblaze_0/bsp/system.mss|system||

TRACE::2024-10-24.23:50:35::SCWMssOS::Sw design exists and opened at  C:/Users/curti/OneDrive/Documents/UIUC/ECE-385/Vivado_Projects/lab_6_2/workspace/mb_usb_hdmi_top/microblaze_0/standalone_microblaze_0/bsp/system.mss
TRACE::2024-10-24.23:50:35::SCWPlatform::Trying to open the hw design at C:/Users/curti/OneDrive/Documents/UIUC/ECE-385/Vivado_Projects/lab_6_2/workspace/mb_usb_hdmi_top/tempdsa/mb_usb_hdmi_top.xsa
TRACE::2024-10-24.23:50:35::SCWPlatform::DSA given C:/Users/curti/OneDrive/Documents/UIUC/ECE-385/Vivado_Projects/lab_6_2/workspace/mb_usb_hdmi_top/tempdsa/mb_usb_hdmi_top.xsa
TRACE::2024-10-24.23:50:35::SCWPlatform::DSA absoulate path C:/Users/curti/OneDrive/Documents/UIUC/ECE-385/Vivado_Projects/lab_6_2/workspace/mb_usb_hdmi_top/tempdsa/mb_usb_hdmi_top.xsa
TRACE::2024-10-24.23:50:35::SCWPlatform::DSA directory C:/Users/curti/OneDrive/Documents/UIUC/ECE-385/Vivado_Projects/lab_6_2/workspace/mb_usb_hdmi_top/tempdsa
TRACE::2024-10-24.23:50:35::SCWPlatform:: Platform Path C:/Users/curti/OneDrive/Documents/UIUC/ECE-385/Vivado_Projects/lab_6_2/workspace/mb_usb_hdmi_top/tempdsa/mb_usb_hdmi_top.xsa
TRACE::2024-10-24.23:50:35::SCWPlatform:: Unique name xilinx:::0.0
TRACE::2024-10-24.23:50:35::SCWPlatform::update - Opened existing hwdb mb_usb_hdmi_top_19
TRACE::2024-10-24.23:50:35::SCWPlatform::Found the Hw Db part of the input DSA
TRACE::2024-10-24.23:50:35::SCWMssOS::Saving the mss changes C:/Users/curti/OneDrive/Documents/UIUC/ECE-385/Vivado_Projects/lab_6_2/workspace/mb_usb_hdmi_top/microblaze_0/standalone_microblaze_0/bsp/system.mss
TRACE::2024-10-24.23:50:35::SCWMssOS::Found a swdesign opened with the mssfile.
TRACE::2024-10-24.23:50:35::SCWMssOS::Completed writemss as part of save.
TRACE::2024-10-24.23:50:35::SCWMssOS::Commit changes completed.
TRACE::2024-10-24.23:50:35::SCWMssOS::Completed hw sync for the mss in domain: standalone_microblaze_0
TRACE::2024-10-24.23:50:35::SCWMssOS::Removing the swdes entry for  C:/Users/curti/OneDrive/Documents/UIUC/ECE-385/Vivado_Projects/lab_6_2/workspace/mb_usb_hdmi_top/microblaze_0/standalone_microblaze_0/bsp/system.mss
TRACE::2024-10-24.23:50:35::SCWPlatform::Trying to open the hw design at C:/Users/curti/OneDrive/Documents/UIUC/ECE-385/Vivado_Projects/lab_6_2/workspace/mb_usb_hdmi_top/hw/mb_usb_hdmi_top.xsa
TRACE::2024-10-24.23:50:35::SCWPlatform::DSA given C:/Users/curti/OneDrive/Documents/UIUC/ECE-385/Vivado_Projects/lab_6_2/workspace/mb_usb_hdmi_top/hw/mb_usb_hdmi_top.xsa
TRACE::2024-10-24.23:50:35::SCWPlatform::DSA absoulate path C:/Users/curti/OneDrive/Documents/UIUC/ECE-385/Vivado_Projects/lab_6_2/workspace/mb_usb_hdmi_top/hw/mb_usb_hdmi_top.xsa
TRACE::2024-10-24.23:50:35::SCWPlatform::DSA directory C:/Users/curti/OneDrive/Documents/UIUC/ECE-385/Vivado_Projects/lab_6_2/workspace/mb_usb_hdmi_top/hw
TRACE::2024-10-24.23:50:35::SCWPlatform:: Platform Path C:/Users/curti/OneDrive/Documents/UIUC/ECE-385/Vivado_Projects/lab_6_2/workspace/mb_usb_hdmi_top/hw/mb_usb_hdmi_top.xsa
TRACE::2024-10-24.23:50:35::SCWPlatform:: Unique name xilinx:::0.0
TRACE::2024-10-24.23:50:35::SCWPlatform::Do not have an existing db opened. 
TRACE::2024-10-24.23:50:35::SCWPlatform::Opened new HwDB with name mb_usb_hdmi_top_20
TRACE::2024-10-24.23:50:35::SCWMssOS::Saving the mss changes C:/Users/curti/OneDrive/Documents/UIUC/ECE-385/Vivado_Projects/lab_6_2/workspace/mb_usb_hdmi_top/microblaze_0/standalone_microblaze_0/bsp/system.mss
TRACE::2024-10-24.23:50:35::SCWMssOS::Adding the swdes entry, mss present, able to open swdb C:/Users/curti/OneDrive/Documents/UIUC/ECE-385/Vivado_Projects/lab_6_2/workspace/mb_usb_hdmi_top/microblaze_0/standalone_microblaze_0/bsp/system.mss with des name system
TRACE::2024-10-24.23:50:35::SCWMssOS::Writing the mss file completed C:/Users/curti/OneDrive/Documents/UIUC/ECE-385/Vivado_Projects/lab_6_2/workspace/mb_usb_hdmi_top/microblaze_0/standalone_microblaze_0/bsp/system.mss
TRACE::2024-10-24.23:50:35::SCWMssOS::Commit changes completed.
TRACE::2024-10-24.23:50:35::SCWPlatform::Trying to open the hw design at C:/Users/curti/OneDrive/Documents/UIUC/ECE-385/Vivado_Projects/lab_6_2/workspace/mb_usb_hdmi_top/hw/mb_usb_hdmi_top.xsa
TRACE::2024-10-24.23:50:35::SCWPlatform::DSA given C:/Users/curti/OneDrive/Documents/UIUC/ECE-385/Vivado_Projects/lab_6_2/workspace/mb_usb_hdmi_top/hw/mb_usb_hdmi_top.xsa
TRACE::2024-10-24.23:50:35::SCWPlatform::DSA absoulate path C:/Users/curti/OneDrive/Documents/UIUC/ECE-385/Vivado_Projects/lab_6_2/workspace/mb_usb_hdmi_top/hw/mb_usb_hdmi_top.xsa
TRACE::2024-10-24.23:50:35::SCWPlatform::DSA directory C:/Users/curti/OneDrive/Documents/UIUC/ECE-385/Vivado_Projects/lab_6_2/workspace/mb_usb_hdmi_top/hw
TRACE::2024-10-24.23:50:35::SCWPlatform:: Platform Path C:/Users/curti/OneDrive/Documents/UIUC/ECE-385/Vivado_Projects/lab_6_2/workspace/mb_usb_hdmi_top/hw/mb_usb_hdmi_top.xsa
TRACE::2024-10-24.23:50:35::SCWPlatform:: Unique name xilinx:::0.0
TRACE::2024-10-24.23:50:35::SCWPlatform::Trying to set the existing hwdb with name mb_usb_hdmi_top_20
TRACE::2024-10-24.23:50:35::SCWPlatform::Opened existing hwdb mb_usb_hdmi_top_20
TRACE::2024-10-24.23:50:35::SCWPlatform::Found the Hw Db part of the input DSA
TRACE::2024-10-24.23:50:35::SCWMssOS::Checking the sw design at  C:/Users/curti/OneDrive/Documents/UIUC/ECE-385/Vivado_Projects/lab_6_2/workspace/mb_usb_hdmi_top/microblaze_0/standalone_microblaze_0/bsp/system.mss
TRACE::2024-10-24.23:50:35::SCWMssOS::DEBUG:  swdes dump  C:/Users/curti/OneDrive/Documents/UIUC/ECE-385/Vivado_Projects/lab_6_2/workspace/mb_usb_hdmi_top/microblaze_0/standalone_microblaze_0/bsp/system.mss|system||

TRACE::2024-10-24.23:50:35::SCWMssOS::Sw design exists and opened at  C:/Users/curti/OneDrive/Documents/UIUC/ECE-385/Vivado_Projects/lab_6_2/workspace/mb_usb_hdmi_top/microblaze_0/standalone_microblaze_0/bsp/system.mss
TRACE::2024-10-24.23:50:35::SCWWriter::formatted JSON is {
	"platformName":	"mb_usb_hdmi_top",
	"sprVersion":	"2.0",
	"mode":	"gui",
	"dsaType":	"Fixed",
	"platformDesc":	"mb_usb_hdmi_top",
	"platHandOff":	"C:/Users/curti/OneDrive/Documents/UIUC/ECE-385/Vivado_Projects/lab_6_2/mb_usb_hdmi_top.xsa",
	"platIntHandOff":	"<platformDir>/hw/mb_usb_hdmi_top.xsa",
	"deviceType":	"FPGA",
	"platIsPrebuiltAutogen":	"false",
	"platIsNoBootBsp":	"false",
	"hasFsblMakeHasChanges":	"false",
	"hasPmufwMakeHasChanges":	"false",
	"platPreBuiltFlag":	false,
	"platformSamplesDir":	"",
	"platActiveSys":	"mb_usb_hdmi_top",
	"systems":	[{
			"systemName":	"mb_usb_hdmi_top",
			"systemDesc":	"mb_usb_hdmi_top",
			"sysIsBootAutoGen":	"true",
			"systemDispName":	"mb_usb_hdmi_top",
			"sysActiveDom":	"standalone_microblaze_0",
			"sysDefaultDom":	"standalone_microblaze_0",
			"domains":	[{
					"domainName":	"standalone_microblaze_0",
					"domainDispName":	"standalone_microblaze_0",
					"domainDesc":	"standalone_microblaze_0",
					"processors":	"microblaze_0",
					"os":	"standalone",
					"sdxOs":	"standalone",
					"debugEnable":	"False",
					"domRuntimes":	["cpp"],
					"swRepo":	"",
					"mssOsVer":	"8.0",
					"mssFile":	"",
					"md5Digest":	"304529987e879521ca977c68d163f3621",
					"compatibleApp":	"",
					"domType":	"mssDomain",
					"arch":	"32-bit",
					"appSettings":	{
						"appCompilerFlags":	"",
						"appLinkerFlags":	""
					},
					"addedLibs":	[],
					"libOptions":	{
						"libsContainingOptions":	[]
					},
					"prebuiltLibs":	{
						"prebuiltIncPath":	[],
						"prebuiltLibPath":	[]
					},
					"isolation":	{
					}
				}]
		}]
}
TRACE::2024-10-24.23:50:42::SCWMssOS::cleaning the bsp 
TRACE::2024-10-24.23:50:42::SCWMssOS::System Command Ran  C: & cd  C:/Users/curti/OneDrive/Documents/UIUC/ECE-385/Vivado_Projects/lab_6_2/workspace/mb_usb_hdmi_top/microblaze_0/standalone_microblaze_0/bsp & make clean 
TRACE::2024-10-24.23:50:42::SCWMssOS::make -C microblaze_0/libsrc/bram_v4_8/src -s clean 

TRACE::2024-10-24.23:50:42::SCWMssOS::make -C microblaze_0/libsrc/cpu_v2_16/src -s clean 

TRACE::2024-10-24.23:50:42::SCWMssOS::make -C microblaze_0/libsrc/gpio_v4_9/src -s clean 

TRACE::2024-10-24.23:50:42::SCWMssOS::make -C microblaze_0/libsrc/intc_v3_15/src -s clean 

TRACE::2024-10-24.23:50:43::SCWMssOS::make -C microblaze_0/libsrc/spi_v4_9/src -s clean 

TRACE::2024-10-24.23:50:43::SCWMssOS::make -C microblaze_0/libsrc/standalone_v8_0/src -s clean 

TRACE::2024-10-24.23:50:43::SCWMssOS::make -C microblaze_0/libsrc/tmrctr_v4_9/src -s clean 

TRACE::2024-10-24.23:50:43::SCWMssOS::make -C microblaze_0/libsrc/uartlite_v3_7/src -s clean 

TRACE::2024-10-24.23:50:43::SCWMssOS::rm -f microblaze_0/lib/libxil.a

LOG::2024-10-24.23:50:54::SCWPlatform::Started generating the artifacts platform mb_usb_hdmi_top
TRACE::2024-10-24.23:50:54::SCWPlatform::Sanity checking of platform is completed
LOG::2024-10-24.23:50:54::SCWPlatform::Started generating the artifacts for system configuration mb_usb_hdmi_top
LOG::2024-10-24.23:50:54::SCWSystem::Checking the domain standalone_microblaze_0
LOG::2024-10-24.23:50:54::SCWSystem::Not a boot domain 
LOG::2024-10-24.23:50:54::SCWSystem::Started Processing the domain standalone_microblaze_0
TRACE::2024-10-24.23:50:54::SCWDomain::Generating domain artifcats
TRACE::2024-10-24.23:50:54::SCWMssOS::Generating standalone artifcats
TRACE::2024-10-24.23:50:54::SCWMssOS:: Copying the user libraries. 
TRACE::2024-10-24.23:50:54::SCWPlatform::Trying to open the hw design at C:/Users/curti/OneDrive/Documents/UIUC/ECE-385/Vivado_Projects/lab_6_2/workspace/mb_usb_hdmi_top/hw/mb_usb_hdmi_top.xsa
TRACE::2024-10-24.23:50:54::SCWPlatform::DSA given C:/Users/curti/OneDrive/Documents/UIUC/ECE-385/Vivado_Projects/lab_6_2/workspace/mb_usb_hdmi_top/hw/mb_usb_hdmi_top.xsa
TRACE::2024-10-24.23:50:54::SCWPlatform::DSA absoulate path C:/Users/curti/OneDrive/Documents/UIUC/ECE-385/Vivado_Projects/lab_6_2/workspace/mb_usb_hdmi_top/hw/mb_usb_hdmi_top.xsa
TRACE::2024-10-24.23:50:54::SCWPlatform::DSA directory C:/Users/curti/OneDrive/Documents/UIUC/ECE-385/Vivado_Projects/lab_6_2/workspace/mb_usb_hdmi_top/hw
TRACE::2024-10-24.23:50:54::SCWPlatform:: Platform Path C:/Users/curti/OneDrive/Documents/UIUC/ECE-385/Vivado_Projects/lab_6_2/workspace/mb_usb_hdmi_top/hw/mb_usb_hdmi_top.xsa
TRACE::2024-10-24.23:50:54::SCWPlatform:: Unique name xilinx:::0.0
TRACE::2024-10-24.23:50:54::SCWPlatform::Trying to set the existing hwdb with name mb_usb_hdmi_top_20
TRACE::2024-10-24.23:50:54::SCWPlatform::Opened existing hwdb mb_usb_hdmi_top_20
TRACE::2024-10-24.23:50:54::SCWPlatform::Found the Hw Db part of the input DSA
TRACE::2024-10-24.23:50:54::SCWMssOS::Checking the sw design at  C:/Users/curti/OneDrive/Documents/UIUC/ECE-385/Vivado_Projects/lab_6_2/workspace/mb_usb_hdmi_top/microblaze_0/standalone_microblaze_0/bsp/system.mss
TRACE::2024-10-24.23:50:54::SCWMssOS::DEBUG:  swdes dump  C:/Users/curti/OneDrive/Documents/UIUC/ECE-385/Vivado_Projects/lab_6_2/workspace/mb_usb_hdmi_top/microblaze_0/standalone_microblaze_0/bsp/system.mss|system||

TRACE::2024-10-24.23:50:54::SCWMssOS::Sw design exists and opened at  C:/Users/curti/OneDrive/Documents/UIUC/ECE-385/Vivado_Projects/lab_6_2/workspace/mb_usb_hdmi_top/microblaze_0/standalone_microblaze_0/bsp/system.mss
TRACE::2024-10-24.23:50:54::SCWMssOS::Completed writing the mss file at C:/Users/curti/OneDrive/Documents/UIUC/ECE-385/Vivado_Projects/lab_6_2/workspace/mb_usb_hdmi_top/microblaze_0/standalone_microblaze_0/bsp
TRACE::2024-10-24.23:50:54::SCWMssOS::Mss edits present, copying mssfile into export location C:/Users/curti/OneDrive/Documents/UIUC/ECE-385/Vivado_Projects/lab_6_2/workspace/mb_usb_hdmi_top/microblaze_0/standalone_microblaze_0/bsp/system.mss
TRACE::2024-10-24.23:50:54::SCWMssOS::bsp generated is stale removing and regenerating. 
TRACE::2024-10-24.23:50:56::SCWMssOS::doing bsp build ... 
TRACE::2024-10-24.23:50:56::SCWMssOS::System Command Ran  C: & cd  C:/Users/curti/OneDrive/Documents/UIUC/ECE-385/Vivado_Projects/lab_6_2/workspace/mb_usb_hdmi_top/microblaze_0/standalone_microblaze_0/bsp & make 
TRACE::2024-10-24.23:50:56::SCWMssOS::make --no-print-directory seq_libs

TRACE::2024-10-24.23:50:56::SCWMssOS::'Finished building libraries sequentially.'

TRACE::2024-10-24.23:50:56::SCWMssOS::make -j 18 --no-print-directory par_libs

TRACE::2024-10-24.23:50:56::SCWMssOS::"Running Make include in microblaze_0/libsrc/bram_v4_8/src"

TRACE::2024-10-24.23:50:56::SCWMssOS::make -C microblaze_0/libsrc/bram_v4_8/src -s include  "SHELL=CMD" "COMPILER=mb-gcc" "ASSEMBLER=mb-as" "ARCHIVER=mb-ar" "COMPILE
TRACE::2024-10-24.23:50:56::SCWMssOS::R_FLAGS=  -O2 -c -mcpu=v11.0 -mlittle-endian -mno-xl-reorder -mno-xl-soft-mul -mxl-barrel-shift -mxl-pattern-compare" "EXTRA_CO
TRACE::2024-10-24.23:50:56::SCWMssOS::MPILER_FLAGS=-g -ffunction-sections -fdata-sections -Wall -Wextra -fno-tree-loop-distribute-patterns"

TRACE::2024-10-24.23:50:56::SCWMssOS::"Running Make include in microblaze_0/libsrc/cpu_v2_16/src"

TRACE::2024-10-24.23:50:56::SCWMssOS::make -C microblaze_0/libsrc/cpu_v2_16/src -s include  "SHELL=CMD" "COMPILER=mb-gcc" "ASSEMBLER=mb-as" "ARCHIVER=mb-ar" "COMPILE
TRACE::2024-10-24.23:50:56::SCWMssOS::R_FLAGS=  -O2 -c -mcpu=v11.0 -mlittle-endian -mno-xl-reorder -mno-xl-soft-mul -mxl-barrel-shift -mxl-pattern-compare" "EXTRA_CO
TRACE::2024-10-24.23:50:56::SCWMssOS::MPILER_FLAGS=-g -ffunction-sections -fdata-sections -Wall -Wextra -fno-tree-loop-distribute-patterns"

TRACE::2024-10-24.23:50:56::SCWMssOS::"Running Make include in microblaze_0/libsrc/gpio_v4_9/src"

TRACE::2024-10-24.23:50:56::SCWMssOS::make -C microblaze_0/libsrc/gpio_v4_9/src -s include  "SHELL=CMD" "COMPILER=mb-gcc" "ASSEMBLER=mb-as" "ARCHIVER=mb-ar" "COMPILE
TRACE::2024-10-24.23:50:56::SCWMssOS::R_FLAGS=  -O2 -c -mcpu=v11.0 -mlittle-endian -mno-xl-reorder -mno-xl-soft-mul -mxl-barrel-shift -mxl-pattern-compare" "EXTRA_CO
TRACE::2024-10-24.23:50:56::SCWMssOS::MPILER_FLAGS=-g -ffunction-sections -fdata-sections -Wall -Wextra -fno-tree-loop-distribute-patterns"

TRACE::2024-10-24.23:50:56::SCWMssOS::"Running Make include in microblaze_0/libsrc/intc_v3_15/src"

TRACE::2024-10-24.23:50:56::SCWMssOS::make -C microblaze_0/libsrc/intc_v3_15/src -s include  "SHELL=CMD" "COMPILER=mb-gcc" "ASSEMBLER=mb-as" "ARCHIVER=mb-ar" "COMPIL
TRACE::2024-10-24.23:50:56::SCWMssOS::ER_FLAGS=  -O2 -c -mcpu=v11.0 -mlittle-endian -mno-xl-reorder -mno-xl-soft-mul -mxl-barrel-shift -mxl-pattern-compare" "EXTRA_C
TRACE::2024-10-24.23:50:56::SCWMssOS::OMPILER_FLAGS=-g -ffunction-sections -fdata-sections -Wall -Wextra -fno-tree-loop-distribute-patterns"

TRACE::2024-10-24.23:50:56::SCWMssOS::"Running Make include in microblaze_0/libsrc/spi_v4_9/src"

TRACE::2024-10-24.23:50:56::SCWMssOS::make -C microblaze_0/libsrc/spi_v4_9/src -s include  "SHELL=CMD" "COMPILER=mb-gcc" "ASSEMBLER=mb-as" "ARCHIVER=mb-ar" "COMPILER
TRACE::2024-10-24.23:50:56::SCWMssOS::_FLAGS=  -O2 -c -mcpu=v11.0 -mlittle-endian -mno-xl-reorder -mno-xl-soft-mul -mxl-barrel-shift -mxl-pattern-compare" "EXTRA_COM
TRACE::2024-10-24.23:50:56::SCWMssOS::PILER_FLAGS=-g -ffunction-sections -fdata-sections -Wall -Wextra -fno-tree-loop-distribute-patterns"

TRACE::2024-10-24.23:50:56::SCWMssOS::"Running Make include in microblaze_0/libsrc/standalone_v8_0/src"

TRACE::2024-10-24.23:50:57::SCWMssOS::make -C microblaze_0/libsrc/standalone_v8_0/src -s include  "SHELL=CMD" "COMPILER=mb-gcc" "ASSEMBLER=mb-as" "ARCHIVER=mb-ar" "C
TRACE::2024-10-24.23:50:57::SCWMssOS::OMPILER_FLAGS=  -O2 -c -mcpu=v11.0 -mlittle-endian -mno-xl-reorder -mno-xl-soft-mul -mxl-barrel-shift -mxl-pattern-compare" "EX
TRACE::2024-10-24.23:50:57::SCWMssOS::TRA_COMPILER_FLAGS=-g -ffunction-sections -fdata-sections -Wall -Wextra -fno-tree-loop-distribute-patterns"

TRACE::2024-10-24.23:50:57::SCWMssOS::"Running Make include in microblaze_0/libsrc/tmrctr_v4_9/src"

TRACE::2024-10-24.23:50:57::SCWMssOS::make -C microblaze_0/libsrc/tmrctr_v4_9/src -s include  "SHELL=CMD" "COMPILER=mb-gcc" "ASSEMBLER=mb-as" "ARCHIVER=mb-ar" "COMPI
TRACE::2024-10-24.23:50:57::SCWMssOS::LER_FLAGS=  -O2 -c -mcpu=v11.0 -mlittle-endian -mno-xl-reorder -mno-xl-soft-mul -mxl-barrel-shift -mxl-pattern-compare" "EXTRA_
TRACE::2024-10-24.23:50:57::SCWMssOS::COMPILER_FLAGS=-g -ffunction-sections -fdata-sections -Wall -Wextra -fno-tree-loop-distribute-patterns"

TRACE::2024-10-24.23:50:57::SCWMssOS::"Running Make include in microblaze_0/libsrc/uartlite_v3_7/src"

TRACE::2024-10-24.23:50:57::SCWMssOS::make -C microblaze_0/libsrc/uartlite_v3_7/src -s include  "SHELL=CMD" "COMPILER=mb-gcc" "ASSEMBLER=mb-as" "ARCHIVER=mb-ar" "COM
TRACE::2024-10-24.23:50:57::SCWMssOS::PILER_FLAGS=  -O2 -c -mcpu=v11.0 -mlittle-endian -mno-xl-reorder -mno-xl-soft-mul -mxl-barrel-shift -mxl-pattern-compare" "EXTR
TRACE::2024-10-24.23:50:57::SCWMssOS::A_COMPILER_FLAGS=-g -ffunction-sections -fdata-sections -Wall -Wextra -fno-tree-loop-distribute-patterns"

TRACE::2024-10-24.23:50:57::SCWMssOS::"Running Make libs in microblaze_0/libsrc/bram_v4_8/src"

TRACE::2024-10-24.23:50:57::SCWMssOS::make -C microblaze_0/libsrc/bram_v4_8/src -s libs  "SHELL=CMD" "COMPILER=mb-gcc" "ASSEMBLER=mb-as" "ARCHIVER=mb-ar" "COMPILER_F
TRACE::2024-10-24.23:50:57::SCWMssOS::LAGS=  -O2 -c -mcpu=v11.0 -mlittle-endian -mno-xl-reorder -mno-xl-soft-mul -mxl-barrel-shift -mxl-pattern-compare" "EXTRA_COMPI
TRACE::2024-10-24.23:50:57::SCWMssOS::LER_FLAGS=-g -ffunction-sections -fdata-sections -Wall -Wextra -fno-tree-loop-distribute-patterns"

TRACE::2024-10-24.23:50:57::SCWMssOS::"Running Make libs in microblaze_0/libsrc/cpu_v2_16/src"

TRACE::2024-10-24.23:50:57::SCWMssOS::make -C microblaze_0/libsrc/cpu_v2_16/src -s libs  "SHELL=CMD" "COMPILER=mb-gcc" "ASSEMBLER=mb-as" "ARCHIVER=mb-ar" "COMPILER_F
TRACE::2024-10-24.23:50:57::SCWMssOS::LAGS=  -O2 -c -mcpu=v11.0 -mlittle-endian -mno-xl-reorder -mno-xl-soft-mul -mxl-barrel-shift -mxl-pattern-compare" "EXTRA_COMPI
TRACE::2024-10-24.23:50:57::SCWMssOS::LER_FLAGS=-g -ffunction-sections -fdata-sections -Wall -Wextra -fno-tree-loop-distribute-patterns"

TRACE::2024-10-24.23:50:57::SCWMssOS::"Running Make libs in microblaze_0/libsrc/gpio_v4_9/src"

TRACE::2024-10-24.23:50:57::SCWMssOS::make -C microblaze_0/libsrc/gpio_v4_9/src -s libs  "SHELL=CMD" "COMPILER=mb-gcc" "ASSEMBLER=mb-as" "ARCHIVER=mb-ar" "COMPILER_F
TRACE::2024-10-24.23:50:57::SCWMssOS::LAGS=  -O2 -c -mcpu=v11.0 -mlittle-endian -mno-xl-reorder -mno-xl-soft-mul -mxl-barrel-shift -mxl-pattern-compare" "EXTRA_COMPI
TRACE::2024-10-24.23:50:57::SCWMssOS::LER_FLAGS=-g -ffunction-sections -fdata-sections -Wall -Wextra -fno-tree-loop-distribute-patterns"

TRACE::2024-10-24.23:50:57::SCWMssOS::"Running Make libs in microblaze_0/libsrc/intc_v3_15/src"

TRACE::2024-10-24.23:50:57::SCWMssOS::make -C microblaze_0/libsrc/intc_v3_15/src -s libs  "SHELL=CMD" "COMPILER=mb-gcc" "ASSEMBLER=mb-as" "ARCHIVER=mb-ar" "COMPILER_
TRACE::2024-10-24.23:50:57::SCWMssOS::FLAGS=  -O2 -c -mcpu=v11.0 -mlittle-endian -mno-xl-reorder -mno-xl-soft-mul -mxl-barrel-shift -mxl-pattern-compare" "EXTRA_COMP
TRACE::2024-10-24.23:50:57::SCWMssOS::ILER_FLAGS=-g -ffunction-sections -fdata-sections -Wall -Wextra -fno-tree-loop-distribute-patterns"

TRACE::2024-10-24.23:50:57::SCWMssOS::"Running Make libs in microblaze_0/libsrc/spi_v4_9/src"

TRACE::2024-10-24.23:50:58::SCWMssOS::make -C microblaze_0/libsrc/spi_v4_9/src -s libs  "SHELL=CMD" "COMPILER=mb-gcc" "ASSEMBLER=mb-as" "ARCHIVER=mb-ar" "COMPILER_FL
TRACE::2024-10-24.23:50:58::SCWMssOS::AGS=  -O2 -c -mcpu=v11.0 -mlittle-endian -mno-xl-reorder -mno-xl-soft-mul -mxl-barrel-shift -mxl-pattern-compare" "EXTRA_COMPIL
TRACE::2024-10-24.23:50:58::SCWMssOS::ER_FLAGS=-g -ffunction-sections -fdata-sections -Wall -Wextra -fno-tree-loop-distribute-patterns"

TRACE::2024-10-24.23:50:58::SCWMssOS::"Running Make libs in microblaze_0/libsrc/standalone_v8_0/src"

TRACE::2024-10-24.23:50:58::SCWMssOS::make -C microblaze_0/libsrc/standalone_v8_0/src -s libs  "SHELL=CMD" "COMPILER=mb-gcc" "ASSEMBLER=mb-as" "ARCHIVER=mb-ar" "COMP
TRACE::2024-10-24.23:50:58::SCWMssOS::ILER_FLAGS=  -O2 -c -mcpu=v11.0 -mlittle-endian -mno-xl-reorder -mno-xl-soft-mul -mxl-barrel-shift -mxl-pattern-compare" "EXTRA
TRACE::2024-10-24.23:50:58::SCWMssOS::_COMPILER_FLAGS=-g -ffunction-sections -fdata-sections -Wall -Wextra -fno-tree-loop-distribute-patterns"

TRACE::2024-10-24.23:50:58::SCWMssOS::"Running Make libs in microblaze_0/libsrc/tmrctr_v4_9/src"

TRACE::2024-10-24.23:50:58::SCWMssOS::make -C microblaze_0/libsrc/tmrctr_v4_9/src -s libs  "SHELL=CMD" "COMPILER=mb-gcc" "ASSEMBLER=mb-as" "ARCHIVER=mb-ar" "COMPILER
TRACE::2024-10-24.23:50:58::SCWMssOS::_FLAGS=  -O2 -c -mcpu=v11.0 -mlittle-endian -mno-xl-reorder -mno-xl-soft-mul -mxl-barrel-shift -mxl-pattern-compare" "EXTRA_COM
TRACE::2024-10-24.23:50:58::SCWMssOS::PILER_FLAGS=-g -ffunction-sections -fdata-sections -Wall -Wextra -fno-tree-loop-distribute-patterns"

TRACE::2024-10-24.23:50:58::SCWMssOS::"Running Make libs in microblaze_0/libsrc/uartlite_v3_7/src"

TRACE::2024-10-24.23:50:58::SCWMssOS::make -C microblaze_0/libsrc/uartlite_v3_7/src -s libs  "SHELL=CMD" "COMPILER=mb-gcc" "ASSEMBLER=mb-as" "ARCHIVER=mb-ar" "COMPIL
TRACE::2024-10-24.23:50:58::SCWMssOS::ER_FLAGS=  -O2 -c -mcpu=v11.0 -mlittle-endian -mno-xl-reorder -mno-xl-soft-mul -mxl-barrel-shift -mxl-pattern-compare" "EXTRA_C
TRACE::2024-10-24.23:50:58::SCWMssOS::OMPILER_FLAGS=-g -ffunction-sections -fdata-sections -Wall -Wextra -fno-tree-loop-distribute-patterns"

TRACE::2024-10-24.23:50:59::SCWMssOS::"DEBUG NON_LTO_OBJECTS is ../../../lib/microblaze_interrupt_handler.o"

TRACE::2024-10-24.23:51:00::SCWMssOS::'Finished building libraries parallelly.'

TRACE::2024-10-24.23:51:00::SCWMssOS::make --no-print-directory archive

TRACE::2024-10-24.23:51:00::SCWMssOS::mb-ar -r  microblaze_0/lib/libxil.a microblaze_0/lib/_exit.o microblaze_0/lib/errno.o microblaze_0/lib/fcntl.o microblaze_0/lib
TRACE::2024-10-24.23:51:00::SCWMssOS::/hw_exception_handler.o microblaze_0/lib/inbyte.o microblaze_0/lib/microblaze_disable_dcache.o microblaze_0/lib/microblaze_disa
TRACE::2024-10-24.23:51:00::SCWMssOS::ble_exceptions.o microblaze_0/lib/microblaze_disable_icache.o microblaze_0/lib/microblaze_disable_interrupts.o microblaze_0/lib
TRACE::2024-10-24.23:51:00::SCWMssOS::/microblaze_enable_dcache.o microblaze_0/lib/microblaze_enable_exceptions.o microblaze_0/lib/microblaze_enable_icache.o microbl
TRACE::2024-10-24.23:51:00::SCWMssOS::aze_0/lib/microblaze_enable_interrupts.o microblaze_0/lib/microblaze_exception_handler.o microblaze_0/lib/microblaze_flush_cach
TRACE::2024-10-24.23:51:00::SCWMssOS::e_ext.o microblaze_0/lib/microblaze_flush_cache_ext_range.o microblaze_0/lib/microblaze_flush_dcache.o microblaze_0/lib/microbl
TRACE::2024-10-24.23:51:00::SCWMssOS::aze_flush_dcache_range.o microblaze_0/lib/microblaze_init_dcache_range.o microblaze_0/lib/microblaze_init_icache_range.o microb
TRACE::2024-10-24.23:51:00::SCWMssOS::laze_0/lib/microblaze_interrupt_handler.o microblaze_0/lib/microblaze_interrupts_g.o microblaze_0/lib/microblaze_invalidate_cac
TRACE::2024-10-24.23:51:00::SCWMssOS::he_ext.o microblaze_0/lib/microblaze_invalidate_cache_ext_range.o microblaze_0/lib/microblaze_invalidate_dcache.o microblaze_0/
TRACE::2024-10-24.23:51:00::SCWMssOS::lib/microblaze_invalidate_dcache_range.o microblaze_0/lib/microblaze_invalidate_icache.o microblaze_0/lib/microblaze_invalidate
TRACE::2024-10-24.23:51:00::SCWMssOS::_icache_range.o microblaze_0/lib/microblaze_scrub.o microblaze_0/lib/microblaze_selftest.o microblaze_0/lib/microblaze_sleep.o 
TRACE::2024-10-24.23:51:00::SCWMssOS::microblaze_0/lib/microblaze_update_dcache.o microblaze_0/lib/microblaze_update_icache.o microblaze_0/lib/outbyte.o microblaze_0
TRACE::2024-10-24.23:51:00::SCWMssOS::/lib/print.o microblaze_0/lib/pvr.o microblaze_0/lib/xbram.o microblaze_0/lib/xbram_g.o microblaze_0/lib/xbram_intr.o microblaz
TRACE::2024-10-24.23:51:00::SCWMssOS::e_0/lib/xbram_selftest.o microblaze_0/lib/xbram_sinit.o microblaze_0/lib/xgpio.o microblaze_0/lib/xgpio_extra.o microblaze_0/li
TRACE::2024-10-24.23:51:00::SCWMssOS::b/xgpio_g.o microblaze_0/lib/xgpio_intr.o microblaze_0/lib/xgpio_selftest.o microblaze_0/lib/xgpio_sinit.o microblaze_0/lib/xil
TRACE::2024-10-24.23:51:00::SCWMssOS::_assert.o microblaze_0/lib/xil_cache.o microblaze_0/lib/xil_clocking.o microblaze_0/lib/xil_exception.o microblaze_0/lib/xil_me
TRACE::2024-10-24.23:51:00::SCWMssOS::m.o microblaze_0/lib/xil_misc_psreset_api.o microblaze_0/lib/xil_printf.o microblaze_0/lib/xil_sleepcommon.o microblaze_0/lib/x
TRACE::2024-10-24.23:51:00::SCWMssOS::il_testcache.o microblaze_0/lib/xil_testio.o microblaze_0/lib/xil_testmem.o microblaze_0/lib/xil_util.o microblaze_0/lib/xintc.
TRACE::2024-10-24.23:51:00::SCWMssOS::o microblaze_0/lib/xintc_g.o microblaze_0/lib/xintc_intr.o microblaze_0/lib/xintc_l.o microblaze_0/lib/xintc_options.o microbla
TRACE::2024-10-24.23:51:00::SCWMssOS::ze_0/lib/xintc_selftest.o microblaze_0/lib/xinterrupt_wrap.o microblaze_0/lib/xio.o microblaze_0/lib/xplatform_info.o microblaz
TRACE::2024-10-24.23:51:00::SCWMssOS::e_0/lib/xspi.o microblaze_0/lib/xspi_g.o microblaze_0/lib/xspi_options.o microblaze_0/lib/xspi_selftest.o microblaze_0/lib/xspi
TRACE::2024-10-24.23:51:00::SCWMssOS::_sinit.o microblaze_0/lib/xspi_stats.o microblaze_0/lib/xtmrctr.o microblaze_0/lib/xtmrctr_g.o microblaze_0/lib/xtmrctr_intr.o 
TRACE::2024-10-24.23:51:00::SCWMssOS::microblaze_0/lib/xtmrctr_l.o microblaze_0/lib/xtmrctr_options.o microblaze_0/lib/xtmrctr_selftest.o microblaze_0/lib/xtmrctr_si
TRACE::2024-10-24.23:51:00::SCWMssOS::nit.o microblaze_0/lib/xtmrctr_stats.o microblaze_0/lib/xuartlite.o microblaze_0/lib/xuartlite_g.o microblaze_0/lib/xuartlite_i
TRACE::2024-10-24.23:51:00::SCWMssOS::ntr.o microblaze_0/lib/xuartlite_l.o microblaze_0/lib/xuartlite_selftest.o microblaze_0/lib/xuartlite_sinit.o microblaze_0/lib/
TRACE::2024-10-24.23:51:00::SCWMssOS::xuartlite_stats.o

TRACE::2024-10-24.23:51:00::SCWMssOS::'Finished building libraries'

TRACE::2024-10-24.23:51:00::SCWMssOS:: Checking if to create the Supporting Applications
TRACE::2024-10-24.23:51:00::SCWMssOS:: No Linux domain exists, trying to generate FSBL 
LOG::2024-10-24.23:51:00::SCWSystem::Completed Processing the domain standalone_microblaze_0
LOG::2024-10-24.23:51:00::SCWSystem::Completed Processing the sysconfig mb_usb_hdmi_top
LOG::2024-10-24.23:51:00::SCWPlatform::Completed generating the artifacts for system configuration mb_usb_hdmi_top
TRACE::2024-10-24.23:51:00::SCWPlatform::Started preparing the platform 
TRACE::2024-10-24.23:51:00::SCWSystem::Writing the bif file for system config mb_usb_hdmi_top
TRACE::2024-10-24.23:51:00::SCWSystem::dir created 
TRACE::2024-10-24.23:51:00::SCWSystem::Writing the bif 
TRACE::2024-10-24.23:51:00::SCWPlatform::Started writing the spfm file 
TRACE::2024-10-24.23:51:00::SCWPlatform::Started writing the xpfm file 
TRACE::2024-10-24.23:51:00::SCWPlatform::Completed generating the platform
TRACE::2024-10-24.23:51:00::SCWMssOS::Saving the mss changes C:/Users/curti/OneDrive/Documents/UIUC/ECE-385/Vivado_Projects/lab_6_2/workspace/mb_usb_hdmi_top/microblaze_0/standalone_microblaze_0/bsp/system.mss
TRACE::2024-10-24.23:51:00::SCWMssOS::Adding the swdes entry, mss present, able to open swdb C:/Users/curti/OneDrive/Documents/UIUC/ECE-385/Vivado_Projects/lab_6_2/workspace/mb_usb_hdmi_top/microblaze_0/standalone_microblaze_0/bsp/system.mss with des name system
TRACE::2024-10-24.23:51:00::SCWMssOS::Writing the mss file completed C:/Users/curti/OneDrive/Documents/UIUC/ECE-385/Vivado_Projects/lab_6_2/workspace/mb_usb_hdmi_top/microblaze_0/standalone_microblaze_0/bsp/system.mss
TRACE::2024-10-24.23:51:00::SCWMssOS::Commit changes completed.
TRACE::2024-10-24.23:51:00::SCWPlatform::Trying to open the hw design at C:/Users/curti/OneDrive/Documents/UIUC/ECE-385/Vivado_Projects/lab_6_2/workspace/mb_usb_hdmi_top/hw/mb_usb_hdmi_top.xsa
TRACE::2024-10-24.23:51:00::SCWPlatform::DSA given C:/Users/curti/OneDrive/Documents/UIUC/ECE-385/Vivado_Projects/lab_6_2/workspace/mb_usb_hdmi_top/hw/mb_usb_hdmi_top.xsa
TRACE::2024-10-24.23:51:00::SCWPlatform::DSA absoulate path C:/Users/curti/OneDrive/Documents/UIUC/ECE-385/Vivado_Projects/lab_6_2/workspace/mb_usb_hdmi_top/hw/mb_usb_hdmi_top.xsa
TRACE::2024-10-24.23:51:00::SCWPlatform::DSA directory C:/Users/curti/OneDrive/Documents/UIUC/ECE-385/Vivado_Projects/lab_6_2/workspace/mb_usb_hdmi_top/hw
TRACE::2024-10-24.23:51:00::SCWPlatform:: Platform Path C:/Users/curti/OneDrive/Documents/UIUC/ECE-385/Vivado_Projects/lab_6_2/workspace/mb_usb_hdmi_top/hw/mb_usb_hdmi_top.xsa
TRACE::2024-10-24.23:51:00::SCWPlatform:: Unique name xilinx:::0.0
TRACE::2024-10-24.23:51:00::SCWPlatform::Trying to set the existing hwdb with name mb_usb_hdmi_top_20
TRACE::2024-10-24.23:51:00::SCWPlatform::Opened existing hwdb mb_usb_hdmi_top_20
TRACE::2024-10-24.23:51:00::SCWPlatform::Found the Hw Db part of the input DSA
TRACE::2024-10-24.23:51:00::SCWMssOS::Checking the sw design at  C:/Users/curti/OneDrive/Documents/UIUC/ECE-385/Vivado_Projects/lab_6_2/workspace/mb_usb_hdmi_top/microblaze_0/standalone_microblaze_0/bsp/system.mss
TRACE::2024-10-24.23:51:00::SCWMssOS::DEBUG:  swdes dump  C:/Users/curti/OneDrive/Documents/UIUC/ECE-385/Vivado_Projects/lab_6_2/workspace/mb_usb_hdmi_top/microblaze_0/standalone_microblaze_0/bsp/system.mss|system||

TRACE::2024-10-24.23:51:00::SCWMssOS::Sw design exists and opened at  C:/Users/curti/OneDrive/Documents/UIUC/ECE-385/Vivado_Projects/lab_6_2/workspace/mb_usb_hdmi_top/microblaze_0/standalone_microblaze_0/bsp/system.mss
TRACE::2024-10-24.23:51:00::SCWWriter::formatted JSON is {
	"platformName":	"mb_usb_hdmi_top",
	"sprVersion":	"2.0",
	"mode":	"gui",
	"dsaType":	"Fixed",
	"platformDesc":	"mb_usb_hdmi_top",
	"platHandOff":	"C:/Users/curti/OneDrive/Documents/UIUC/ECE-385/Vivado_Projects/lab_6_2/mb_usb_hdmi_top.xsa",
	"platIntHandOff":	"<platformDir>/hw/mb_usb_hdmi_top.xsa",
	"deviceType":	"FPGA",
	"platIsPrebuiltAutogen":	"false",
	"platIsNoBootBsp":	"false",
	"hasFsblMakeHasChanges":	"false",
	"hasPmufwMakeHasChanges":	"false",
	"platPreBuiltFlag":	false,
	"platformSamplesDir":	"",
	"platActiveSys":	"mb_usb_hdmi_top",
	"systems":	[{
			"systemName":	"mb_usb_hdmi_top",
			"systemDesc":	"mb_usb_hdmi_top",
			"sysIsBootAutoGen":	"true",
			"systemDispName":	"mb_usb_hdmi_top",
			"sysActiveDom":	"standalone_microblaze_0",
			"sysDefaultDom":	"standalone_microblaze_0",
			"domains":	[{
					"domainName":	"standalone_microblaze_0",
					"domainDispName":	"standalone_microblaze_0",
					"domainDesc":	"standalone_microblaze_0",
					"processors":	"microblaze_0",
					"os":	"standalone",
					"sdxOs":	"standalone",
					"debugEnable":	"False",
					"domRuntimes":	["cpp"],
					"swRepo":	"",
					"mssOsVer":	"8.0",
					"mssFile":	"",
					"md5Digest":	"304529987e879521ca977c68d163f362",
					"compatibleApp":	"",
					"domType":	"mssDomain",
					"arch":	"32-bit",
					"appSettings":	{
						"appCompilerFlags":	"",
						"appLinkerFlags":	""
					},
					"addedLibs":	[],
					"libOptions":	{
						"libsContainingOptions":	[]
					},
					"prebuiltLibs":	{
						"prebuiltIncPath":	[],
						"prebuiltLibPath":	[]
					},
					"isolation":	{
					}
				}]
		}]
}
KEYINFO::2024-10-24.23:51:00::SCWPlatform::updated the xpfm file.
TRACE::2024-10-24.23:51:00::SCWPlatform::Trying to open the hw design at C:/Users/curti/OneDrive/Documents/UIUC/ECE-385/Vivado_Projects/lab_6_2/workspace/mb_usb_hdmi_top/hw/mb_usb_hdmi_top.xsa
TRACE::2024-10-24.23:51:00::SCWPlatform::DSA given C:/Users/curti/OneDrive/Documents/UIUC/ECE-385/Vivado_Projects/lab_6_2/workspace/mb_usb_hdmi_top/hw/mb_usb_hdmi_top.xsa
TRACE::2024-10-24.23:51:00::SCWPlatform::DSA absoulate path C:/Users/curti/OneDrive/Documents/UIUC/ECE-385/Vivado_Projects/lab_6_2/workspace/mb_usb_hdmi_top/hw/mb_usb_hdmi_top.xsa
TRACE::2024-10-24.23:51:00::SCWPlatform::DSA directory C:/Users/curti/OneDrive/Documents/UIUC/ECE-385/Vivado_Projects/lab_6_2/workspace/mb_usb_hdmi_top/hw
TRACE::2024-10-24.23:51:00::SCWPlatform:: Platform Path C:/Users/curti/OneDrive/Documents/UIUC/ECE-385/Vivado_Projects/lab_6_2/workspace/mb_usb_hdmi_top/hw/mb_usb_hdmi_top.xsa
TRACE::2024-10-24.23:51:00::SCWPlatform:: Unique name xilinx:::0.0
TRACE::2024-10-24.23:51:00::SCWPlatform::Trying to set the existing hwdb with name mb_usb_hdmi_top_20
TRACE::2024-10-24.23:51:00::SCWPlatform::Opened existing hwdb mb_usb_hdmi_top_20
TRACE::2024-10-24.23:51:00::SCWPlatform::Found the Hw Db part of the input DSA
TRACE::2024-10-24.23:51:00::SCWMssOS::Checking the sw design at  C:/Users/curti/OneDrive/Documents/UIUC/ECE-385/Vivado_Projects/lab_6_2/workspace/mb_usb_hdmi_top/microblaze_0/standalone_microblaze_0/bsp/system.mss
TRACE::2024-10-24.23:51:00::SCWMssOS::DEBUG:  swdes dump  C:/Users/curti/OneDrive/Documents/UIUC/ECE-385/Vivado_Projects/lab_6_2/workspace/mb_usb_hdmi_top/microblaze_0/standalone_microblaze_0/bsp/system.mss|system||

TRACE::2024-10-24.23:51:00::SCWMssOS::Sw design exists and opened at  C:/Users/curti/OneDrive/Documents/UIUC/ECE-385/Vivado_Projects/lab_6_2/workspace/mb_usb_hdmi_top/microblaze_0/standalone_microblaze_0/bsp/system.mss
TRACE::2024-10-25.00:00:34::SCWPlatform::Clearing the existing platform
TRACE::2024-10-25.00:00:34::SCWSystem::Clearing the existing sysconfig
TRACE::2024-10-25.00:00:34::SCWMssOS::Removing the swdes entry for  C:/Users/curti/OneDrive/Documents/UIUC/ECE-385/Vivado_Projects/lab_6_2/workspace/mb_usb_hdmi_top/microblaze_0/standalone_microblaze_0/bsp/system.mss
TRACE::2024-10-25.00:00:34::SCWSystem::Clearing the domains completed.
TRACE::2024-10-25.00:00:34::SCWPlatform::Clearing the opened hw db.
TRACE::2024-10-25.00:00:34::SCWPlatform::DSA given C:/Users/curti/OneDrive/Documents/UIUC/ECE-385/Vivado_Projects/lab_6_2/workspace/mb_usb_hdmi_top/hw/mb_usb_hdmi_top.xsa
TRACE::2024-10-25.00:00:34::SCWPlatform::DSA absoulate path C:/Users/curti/OneDrive/Documents/UIUC/ECE-385/Vivado_Projects/lab_6_2/workspace/mb_usb_hdmi_top/hw/mb_usb_hdmi_top.xsa
TRACE::2024-10-25.00:00:34::SCWPlatform:: Platform location is C:/Users/curti/OneDrive/Documents/UIUC/ECE-385/Vivado_Projects/lab_6_2/workspace/mb_usb_hdmi_top/hw
TRACE::2024-10-25.00:00:34::SCWPlatform:: Platform Path C:/Users/curti/OneDrive/Documents/UIUC/ECE-385/Vivado_Projects/lab_6_2/workspace/mb_usb_hdmi_top/hw/mb_usb_hdmi_top.xsa
TRACE::2024-10-25.00:00:34::SCWPlatform:: Unique name xilinx:::0.0
TRACE::2024-10-25.00:00:34::SCWPlatform::Removing the HwDB with name C:/Users/curti/OneDrive/Documents/UIUC/ECE-385/Vivado_Projects/lab_6_2/workspace/mb_usb_hdmi_top/hw/mb_usb_hdmi_top.xsa
TRACE::2024-10-25.00:00:34::SCWPlatform::Trying to open the hw design at C:/Users/curti/OneDrive/Documents/UIUC/ECE-385/Vivado_Projects/lab_6_2/workspace/mb_usb_hdmi_top/hw/mb_usb_hdmi_top.xsa
TRACE::2024-10-25.00:00:34::SCWPlatform::DSA given C:/Users/curti/OneDrive/Documents/UIUC/ECE-385/Vivado_Projects/lab_6_2/workspace/mb_usb_hdmi_top/hw/mb_usb_hdmi_top.xsa
TRACE::2024-10-25.00:00:34::SCWPlatform::DSA absoulate path C:/Users/curti/OneDrive/Documents/UIUC/ECE-385/Vivado_Projects/lab_6_2/workspace/mb_usb_hdmi_top/hw/mb_usb_hdmi_top.xsa
TRACE::2024-10-25.00:00:34::SCWPlatform::DSA directory C:/Users/curti/OneDrive/Documents/UIUC/ECE-385/Vivado_Projects/lab_6_2/workspace/mb_usb_hdmi_top/hw
TRACE::2024-10-25.00:00:34::SCWPlatform:: Platform Path C:/Users/curti/OneDrive/Documents/UIUC/ECE-385/Vivado_Projects/lab_6_2/workspace/mb_usb_hdmi_top/hw/mb_usb_hdmi_top.xsa
TRACE::2024-10-25.00:00:34::SCWPlatform:: Unique name xilinx:::0.0
TRACE::2024-10-25.00:00:34::SCWPlatform::Do not have an existing db opened. 
TRACE::2024-10-25.00:00:35::SCWPlatform::Opened new HwDB with name mb_usb_hdmi_top_21
TRACE::2024-10-25.00:00:35::SCWReader::Active system found as  mb_usb_hdmi_top
TRACE::2024-10-25.00:00:35::SCWReader::Handling sysconfig mb_usb_hdmi_top
TRACE::2024-10-25.00:00:35::SCWDomain::checking for install qemu data   : 
TRACE::2024-10-25.00:00:35::SCWPlatform::Trying to open the hw design at C:/Users/curti/OneDrive/Documents/UIUC/ECE-385/Vivado_Projects/lab_6_2/workspace/mb_usb_hdmi_top/hw/mb_usb_hdmi_top.xsa
TRACE::2024-10-25.00:00:35::SCWPlatform::DSA given C:/Users/curti/OneDrive/Documents/UIUC/ECE-385/Vivado_Projects/lab_6_2/workspace/mb_usb_hdmi_top/hw/mb_usb_hdmi_top.xsa
TRACE::2024-10-25.00:00:35::SCWPlatform::DSA absoulate path C:/Users/curti/OneDrive/Documents/UIUC/ECE-385/Vivado_Projects/lab_6_2/workspace/mb_usb_hdmi_top/hw/mb_usb_hdmi_top.xsa
TRACE::2024-10-25.00:00:35::SCWPlatform::DSA directory C:/Users/curti/OneDrive/Documents/UIUC/ECE-385/Vivado_Projects/lab_6_2/workspace/mb_usb_hdmi_top/hw
TRACE::2024-10-25.00:00:35::SCWPlatform:: Platform Path C:/Users/curti/OneDrive/Documents/UIUC/ECE-385/Vivado_Projects/lab_6_2/workspace/mb_usb_hdmi_top/hw/mb_usb_hdmi_top.xsa
TRACE::2024-10-25.00:00:35::SCWPlatform:: Unique name xilinx:::0.0
TRACE::2024-10-25.00:00:35::SCWPlatform::Trying to set the existing hwdb with name mb_usb_hdmi_top_21
TRACE::2024-10-25.00:00:35::SCWPlatform::Opened existing hwdb mb_usb_hdmi_top_21
TRACE::2024-10-25.00:00:35::SCWPlatform::Found the Hw Db part of the input DSA
TRACE::2024-10-25.00:00:35::SCWPlatform::Trying to open the hw design at C:/Users/curti/OneDrive/Documents/UIUC/ECE-385/Vivado_Projects/lab_6_2/workspace/mb_usb_hdmi_top/hw/mb_usb_hdmi_top.xsa
TRACE::2024-10-25.00:00:35::SCWPlatform::DSA given C:/Users/curti/OneDrive/Documents/UIUC/ECE-385/Vivado_Projects/lab_6_2/workspace/mb_usb_hdmi_top/hw/mb_usb_hdmi_top.xsa
TRACE::2024-10-25.00:00:35::SCWPlatform::DSA absoulate path C:/Users/curti/OneDrive/Documents/UIUC/ECE-385/Vivado_Projects/lab_6_2/workspace/mb_usb_hdmi_top/hw/mb_usb_hdmi_top.xsa
TRACE::2024-10-25.00:00:35::SCWPlatform::DSA directory C:/Users/curti/OneDrive/Documents/UIUC/ECE-385/Vivado_Projects/lab_6_2/workspace/mb_usb_hdmi_top/hw
TRACE::2024-10-25.00:00:35::SCWPlatform:: Platform Path C:/Users/curti/OneDrive/Documents/UIUC/ECE-385/Vivado_Projects/lab_6_2/workspace/mb_usb_hdmi_top/hw/mb_usb_hdmi_top.xsa
TRACE::2024-10-25.00:00:35::SCWPlatform:: Unique name xilinx:::0.0
TRACE::2024-10-25.00:00:35::SCWPlatform::Trying to set the existing hwdb with name mb_usb_hdmi_top_21
TRACE::2024-10-25.00:00:35::SCWPlatform::Opened existing hwdb mb_usb_hdmi_top_21
TRACE::2024-10-25.00:00:35::SCWPlatform::Found the Hw Db part of the input DSA
TRACE::2024-10-25.00:00:35::SCWPlatform::Trying to open the hw design at C:/Users/curti/OneDrive/Documents/UIUC/ECE-385/Vivado_Projects/lab_6_2/workspace/mb_usb_hdmi_top/hw/mb_usb_hdmi_top.xsa
TRACE::2024-10-25.00:00:35::SCWPlatform::DSA given C:/Users/curti/OneDrive/Documents/UIUC/ECE-385/Vivado_Projects/lab_6_2/workspace/mb_usb_hdmi_top/hw/mb_usb_hdmi_top.xsa
TRACE::2024-10-25.00:00:35::SCWPlatform::DSA absoulate path C:/Users/curti/OneDrive/Documents/UIUC/ECE-385/Vivado_Projects/lab_6_2/workspace/mb_usb_hdmi_top/hw/mb_usb_hdmi_top.xsa
TRACE::2024-10-25.00:00:35::SCWPlatform::DSA directory C:/Users/curti/OneDrive/Documents/UIUC/ECE-385/Vivado_Projects/lab_6_2/workspace/mb_usb_hdmi_top/hw
TRACE::2024-10-25.00:00:35::SCWPlatform:: Platform Path C:/Users/curti/OneDrive/Documents/UIUC/ECE-385/Vivado_Projects/lab_6_2/workspace/mb_usb_hdmi_top/hw/mb_usb_hdmi_top.xsa
TRACE::2024-10-25.00:00:35::SCWPlatform:: Unique name xilinx:::0.0
TRACE::2024-10-25.00:00:35::SCWPlatform::Trying to set the existing hwdb with name mb_usb_hdmi_top_21
TRACE::2024-10-25.00:00:35::SCWPlatform::Opened existing hwdb mb_usb_hdmi_top_21
TRACE::2024-10-25.00:00:35::SCWPlatform::Found the Hw Db part of the input DSA
TRACE::2024-10-25.00:00:35::SCWPlatform::Trying to open the hw design at C:/Users/curti/OneDrive/Documents/UIUC/ECE-385/Vivado_Projects/lab_6_2/workspace/mb_usb_hdmi_top/hw/mb_usb_hdmi_top.xsa
TRACE::2024-10-25.00:00:35::SCWPlatform::DSA given C:/Users/curti/OneDrive/Documents/UIUC/ECE-385/Vivado_Projects/lab_6_2/workspace/mb_usb_hdmi_top/hw/mb_usb_hdmi_top.xsa
TRACE::2024-10-25.00:00:35::SCWPlatform::DSA absoulate path C:/Users/curti/OneDrive/Documents/UIUC/ECE-385/Vivado_Projects/lab_6_2/workspace/mb_usb_hdmi_top/hw/mb_usb_hdmi_top.xsa
TRACE::2024-10-25.00:00:35::SCWPlatform::DSA directory C:/Users/curti/OneDrive/Documents/UIUC/ECE-385/Vivado_Projects/lab_6_2/workspace/mb_usb_hdmi_top/hw
TRACE::2024-10-25.00:00:35::SCWPlatform:: Platform Path C:/Users/curti/OneDrive/Documents/UIUC/ECE-385/Vivado_Projects/lab_6_2/workspace/mb_usb_hdmi_top/hw/mb_usb_hdmi_top.xsa
TRACE::2024-10-25.00:00:35::SCWPlatform:: Unique name xilinx:::0.0
TRACE::2024-10-25.00:00:35::SCWPlatform::Trying to set the existing hwdb with name mb_usb_hdmi_top_21
TRACE::2024-10-25.00:00:35::SCWPlatform::Opened existing hwdb mb_usb_hdmi_top_21
TRACE::2024-10-25.00:00:35::SCWPlatform::Found the Hw Db part of the input DSA
TRACE::2024-10-25.00:00:35::SCWMssOS::Checking the sw design at  C:/Users/curti/OneDrive/Documents/UIUC/ECE-385/Vivado_Projects/lab_6_2/workspace/mb_usb_hdmi_top/microblaze_0/standalone_microblaze_0/bsp/system.mss
TRACE::2024-10-25.00:00:35::SCWMssOS::DEBUG:  swdes dump  
TRACE::2024-10-25.00:00:35::SCWMssOS::No sw design opened at  C:/Users/curti/OneDrive/Documents/UIUC/ECE-385/Vivado_Projects/lab_6_2/workspace/mb_usb_hdmi_top/microblaze_0/standalone_microblaze_0/bsp/system.mss
TRACE::2024-10-25.00:00:35::SCWMssOS::mss exists loading the mss file  C:/Users/curti/OneDrive/Documents/UIUC/ECE-385/Vivado_Projects/lab_6_2/workspace/mb_usb_hdmi_top/microblaze_0/standalone_microblaze_0/bsp/system.mss
TRACE::2024-10-25.00:00:35::SCWMssOS::Opened the sw design from mss  C:/Users/curti/OneDrive/Documents/UIUC/ECE-385/Vivado_Projects/lab_6_2/workspace/mb_usb_hdmi_top/microblaze_0/standalone_microblaze_0/bsp/system.mss
TRACE::2024-10-25.00:00:35::SCWMssOS::Adding the swdes entry C:/Users/curti/OneDrive/Documents/UIUC/ECE-385/Vivado_Projects/lab_6_2/workspace/mb_usb_hdmi_top/microblaze_0/standalone_microblaze_0/bsp/system.mss with des name system
TRACE::2024-10-25.00:00:35::SCWMssOS::updating the scw layer about changes
TRACE::2024-10-25.00:00:35::SCWMssOS::Opened the sw design.  C:/Users/curti/OneDrive/Documents/UIUC/ECE-385/Vivado_Projects/lab_6_2/workspace/mb_usb_hdmi_top/microblaze_0/standalone_microblaze_0/bsp/system.mss
TRACE::2024-10-25.00:00:35::SCWMssOS::Saving the mss changes C:/Users/curti/OneDrive/Documents/UIUC/ECE-385/Vivado_Projects/lab_6_2/workspace/mb_usb_hdmi_top/microblaze_0/standalone_microblaze_0/bsp/system.mss
TRACE::2024-10-25.00:00:35::SCWMssOS::Found a swdesign opened with the mssfile.
TRACE::2024-10-25.00:00:35::SCWMssOS::Completed writemss as part of save.
TRACE::2024-10-25.00:00:35::SCWMssOS::Commit changes completed.
TRACE::2024-10-25.00:00:35::SCWReader::Adding prebuilt librarypaths as   
TRACE::2024-10-25.00:00:35::SCWReader::Adding prebuilt incpaths  as   
TRACE::2024-10-25.00:00:35::SCWPlatform::Trying to open the hw design at C:/Users/curti/OneDrive/Documents/UIUC/ECE-385/Vivado_Projects/lab_6_2/workspace/mb_usb_hdmi_top/hw/mb_usb_hdmi_top.xsa
TRACE::2024-10-25.00:00:35::SCWPlatform::DSA given C:/Users/curti/OneDrive/Documents/UIUC/ECE-385/Vivado_Projects/lab_6_2/workspace/mb_usb_hdmi_top/hw/mb_usb_hdmi_top.xsa
TRACE::2024-10-25.00:00:35::SCWPlatform::DSA absoulate path C:/Users/curti/OneDrive/Documents/UIUC/ECE-385/Vivado_Projects/lab_6_2/workspace/mb_usb_hdmi_top/hw/mb_usb_hdmi_top.xsa
TRACE::2024-10-25.00:00:35::SCWPlatform::DSA directory C:/Users/curti/OneDrive/Documents/UIUC/ECE-385/Vivado_Projects/lab_6_2/workspace/mb_usb_hdmi_top/hw
TRACE::2024-10-25.00:00:35::SCWPlatform:: Platform Path C:/Users/curti/OneDrive/Documents/UIUC/ECE-385/Vivado_Projects/lab_6_2/workspace/mb_usb_hdmi_top/hw/mb_usb_hdmi_top.xsa
TRACE::2024-10-25.00:00:35::SCWPlatform:: Unique name xilinx:::0.0
TRACE::2024-10-25.00:00:35::SCWPlatform::Trying to set the existing hwdb with name mb_usb_hdmi_top_21
TRACE::2024-10-25.00:00:35::SCWPlatform::Opened existing hwdb mb_usb_hdmi_top_21
TRACE::2024-10-25.00:00:35::SCWPlatform::Found the Hw Db part of the input DSA
TRACE::2024-10-25.00:00:35::SCWMssOS::Checking the sw design at  C:/Users/curti/OneDrive/Documents/UIUC/ECE-385/Vivado_Projects/lab_6_2/workspace/mb_usb_hdmi_top/microblaze_0/standalone_microblaze_0/bsp/system.mss
TRACE::2024-10-25.00:00:35::SCWMssOS::DEBUG:  swdes dump  C:/Users/curti/OneDrive/Documents/UIUC/ECE-385/Vivado_Projects/lab_6_2/workspace/mb_usb_hdmi_top/microblaze_0/standalone_microblaze_0/bsp/system.mss|system||

TRACE::2024-10-25.00:00:35::SCWMssOS::Sw design exists and opened at  C:/Users/curti/OneDrive/Documents/UIUC/ECE-385/Vivado_Projects/lab_6_2/workspace/mb_usb_hdmi_top/microblaze_0/standalone_microblaze_0/bsp/system.mss
TRACE::2024-10-25.00:00:35::SCWReader::No isolation master present  
TRACE::2024-10-25.00:00:38::SCWPlatform::DSA given C:/Users/curti/OneDrive/Documents/UIUC/ECE-385/Vivado_Projects/lab_6_2/workspace/mb_usb_hdmi_top/tempdsa/mb_usb_hdmi_top.xsa
TRACE::2024-10-25.00:00:38::SCWPlatform::DSA absoulate path C:/Users/curti/OneDrive/Documents/UIUC/ECE-385/Vivado_Projects/lab_6_2/workspace/mb_usb_hdmi_top/tempdsa/mb_usb_hdmi_top.xsa
TRACE::2024-10-25.00:00:38::SCWPlatform:: Platform location is C:/Users/curti/OneDrive/Documents/UIUC/ECE-385/Vivado_Projects/lab_6_2/workspace/mb_usb_hdmi_top/tempdsa
TRACE::2024-10-25.00:00:38::SCWPlatform:: Platform Path C:/Users/curti/OneDrive/Documents/UIUC/ECE-385/Vivado_Projects/lab_6_2/workspace/mb_usb_hdmi_top/tempdsa/mb_usb_hdmi_top.xsa
TRACE::2024-10-25.00:00:38::SCWPlatform:: Unique name xilinx:::0.0
TRACE::2024-10-25.00:00:38::SCWPlatform::Found the Hw Db part of the input DSA
TRACE::2024-10-25.00:00:38::SCWMssOS::Doing hw sync for the mss in domain: standalone_microblaze_0
TRACE::2024-10-25.00:00:38::SCWPlatform::Trying to open the hw design at C:/Users/curti/OneDrive/Documents/UIUC/ECE-385/Vivado_Projects/lab_6_2/workspace/mb_usb_hdmi_top/hw/mb_usb_hdmi_top.xsa
TRACE::2024-10-25.00:00:38::SCWPlatform::DSA given C:/Users/curti/OneDrive/Documents/UIUC/ECE-385/Vivado_Projects/lab_6_2/workspace/mb_usb_hdmi_top/hw/mb_usb_hdmi_top.xsa
TRACE::2024-10-25.00:00:38::SCWPlatform::DSA absoulate path C:/Users/curti/OneDrive/Documents/UIUC/ECE-385/Vivado_Projects/lab_6_2/workspace/mb_usb_hdmi_top/hw/mb_usb_hdmi_top.xsa
TRACE::2024-10-25.00:00:38::SCWPlatform::DSA directory C:/Users/curti/OneDrive/Documents/UIUC/ECE-385/Vivado_Projects/lab_6_2/workspace/mb_usb_hdmi_top/hw
TRACE::2024-10-25.00:00:38::SCWPlatform:: Platform Path C:/Users/curti/OneDrive/Documents/UIUC/ECE-385/Vivado_Projects/lab_6_2/workspace/mb_usb_hdmi_top/hw/mb_usb_hdmi_top.xsa
TRACE::2024-10-25.00:00:38::SCWPlatform:: Unique name xilinx:::0.0
TRACE::2024-10-25.00:00:38::SCWPlatform::Trying to set the existing hwdb with name mb_usb_hdmi_top_21
TRACE::2024-10-25.00:00:38::SCWPlatform::Opened existing hwdb mb_usb_hdmi_top_21
TRACE::2024-10-25.00:00:38::SCWPlatform::Found the Hw Db part of the input DSA
TRACE::2024-10-25.00:00:38::SCWPlatform::Trying to open the hw design at C:/Users/curti/OneDrive/Documents/UIUC/ECE-385/Vivado_Projects/lab_6_2/workspace/mb_usb_hdmi_top/hw/mb_usb_hdmi_top.xsa
TRACE::2024-10-25.00:00:38::SCWPlatform::DSA given C:/Users/curti/OneDrive/Documents/UIUC/ECE-385/Vivado_Projects/lab_6_2/workspace/mb_usb_hdmi_top/hw/mb_usb_hdmi_top.xsa
TRACE::2024-10-25.00:00:38::SCWPlatform::DSA absoulate path C:/Users/curti/OneDrive/Documents/UIUC/ECE-385/Vivado_Projects/lab_6_2/workspace/mb_usb_hdmi_top/hw/mb_usb_hdmi_top.xsa
TRACE::2024-10-25.00:00:38::SCWPlatform::DSA directory C:/Users/curti/OneDrive/Documents/UIUC/ECE-385/Vivado_Projects/lab_6_2/workspace/mb_usb_hdmi_top/hw
TRACE::2024-10-25.00:00:38::SCWPlatform:: Platform Path C:/Users/curti/OneDrive/Documents/UIUC/ECE-385/Vivado_Projects/lab_6_2/workspace/mb_usb_hdmi_top/hw/mb_usb_hdmi_top.xsa
TRACE::2024-10-25.00:00:38::SCWPlatform:: Unique name xilinx:::0.0
TRACE::2024-10-25.00:00:38::SCWPlatform::Trying to set the existing hwdb with name mb_usb_hdmi_top_21
TRACE::2024-10-25.00:00:38::SCWPlatform::Opened existing hwdb mb_usb_hdmi_top_21
TRACE::2024-10-25.00:00:38::SCWPlatform::Found the Hw Db part of the input DSA
TRACE::2024-10-25.00:00:38::SCWMssOS::Checking the sw design at  C:/Users/curti/OneDrive/Documents/UIUC/ECE-385/Vivado_Projects/lab_6_2/workspace/mb_usb_hdmi_top/microblaze_0/standalone_microblaze_0/bsp/system.mss
TRACE::2024-10-25.00:00:38::SCWMssOS::DEBUG:  swdes dump  C:/Users/curti/OneDrive/Documents/UIUC/ECE-385/Vivado_Projects/lab_6_2/workspace/mb_usb_hdmi_top/microblaze_0/standalone_microblaze_0/bsp/system.mss|system||

TRACE::2024-10-25.00:00:38::SCWMssOS::Sw design exists and opened at  C:/Users/curti/OneDrive/Documents/UIUC/ECE-385/Vivado_Projects/lab_6_2/workspace/mb_usb_hdmi_top/microblaze_0/standalone_microblaze_0/bsp/system.mss
TRACE::2024-10-25.00:00:38::SCWPlatform::Trying to open the hw design at C:/Users/curti/OneDrive/Documents/UIUC/ECE-385/Vivado_Projects/lab_6_2/workspace/mb_usb_hdmi_top/tempdsa/mb_usb_hdmi_top.xsa
TRACE::2024-10-25.00:00:38::SCWPlatform::DSA given C:/Users/curti/OneDrive/Documents/UIUC/ECE-385/Vivado_Projects/lab_6_2/workspace/mb_usb_hdmi_top/tempdsa/mb_usb_hdmi_top.xsa
TRACE::2024-10-25.00:00:38::SCWPlatform::DSA absoulate path C:/Users/curti/OneDrive/Documents/UIUC/ECE-385/Vivado_Projects/lab_6_2/workspace/mb_usb_hdmi_top/tempdsa/mb_usb_hdmi_top.xsa
TRACE::2024-10-25.00:00:38::SCWPlatform::DSA directory C:/Users/curti/OneDrive/Documents/UIUC/ECE-385/Vivado_Projects/lab_6_2/workspace/mb_usb_hdmi_top/tempdsa
TRACE::2024-10-25.00:00:38::SCWPlatform:: Platform Path C:/Users/curti/OneDrive/Documents/UIUC/ECE-385/Vivado_Projects/lab_6_2/workspace/mb_usb_hdmi_top/tempdsa/mb_usb_hdmi_top.xsa
TRACE::2024-10-25.00:00:38::SCWPlatform:: Unique name xilinx:::0.0
TRACE::2024-10-25.00:00:38::SCWPlatform::update - Opened existing hwdb mb_usb_hdmi_top_22
TRACE::2024-10-25.00:00:38::SCWPlatform::Found the Hw Db part of the input DSA
TRACE::2024-10-25.00:00:38::SCWMssOS::Saving the mss changes C:/Users/curti/OneDrive/Documents/UIUC/ECE-385/Vivado_Projects/lab_6_2/workspace/mb_usb_hdmi_top/microblaze_0/standalone_microblaze_0/bsp/system.mss
TRACE::2024-10-25.00:00:38::SCWMssOS::Found a swdesign opened with the mssfile.
TRACE::2024-10-25.00:00:38::SCWMssOS::Completed writemss as part of save.
TRACE::2024-10-25.00:00:38::SCWMssOS::Commit changes completed.
TRACE::2024-10-25.00:00:38::SCWMssOS::Completed hw sync for the mss in domain: standalone_microblaze_0
TRACE::2024-10-25.00:00:38::SCWMssOS::Removing the swdes entry for  C:/Users/curti/OneDrive/Documents/UIUC/ECE-385/Vivado_Projects/lab_6_2/workspace/mb_usb_hdmi_top/microblaze_0/standalone_microblaze_0/bsp/system.mss
TRACE::2024-10-25.00:00:38::SCWPlatform::Trying to open the hw design at C:/Users/curti/OneDrive/Documents/UIUC/ECE-385/Vivado_Projects/lab_6_2/workspace/mb_usb_hdmi_top/hw/mb_usb_hdmi_top.xsa
TRACE::2024-10-25.00:00:38::SCWPlatform::DSA given C:/Users/curti/OneDrive/Documents/UIUC/ECE-385/Vivado_Projects/lab_6_2/workspace/mb_usb_hdmi_top/hw/mb_usb_hdmi_top.xsa
TRACE::2024-10-25.00:00:38::SCWPlatform::DSA absoulate path C:/Users/curti/OneDrive/Documents/UIUC/ECE-385/Vivado_Projects/lab_6_2/workspace/mb_usb_hdmi_top/hw/mb_usb_hdmi_top.xsa
TRACE::2024-10-25.00:00:38::SCWPlatform::DSA directory C:/Users/curti/OneDrive/Documents/UIUC/ECE-385/Vivado_Projects/lab_6_2/workspace/mb_usb_hdmi_top/hw
TRACE::2024-10-25.00:00:38::SCWPlatform:: Platform Path C:/Users/curti/OneDrive/Documents/UIUC/ECE-385/Vivado_Projects/lab_6_2/workspace/mb_usb_hdmi_top/hw/mb_usb_hdmi_top.xsa
TRACE::2024-10-25.00:00:38::SCWPlatform:: Unique name xilinx:::0.0
TRACE::2024-10-25.00:00:38::SCWPlatform::Do not have an existing db opened. 
TRACE::2024-10-25.00:00:39::SCWPlatform::Opened new HwDB with name mb_usb_hdmi_top_23
TRACE::2024-10-25.00:00:39::SCWMssOS::Saving the mss changes C:/Users/curti/OneDrive/Documents/UIUC/ECE-385/Vivado_Projects/lab_6_2/workspace/mb_usb_hdmi_top/microblaze_0/standalone_microblaze_0/bsp/system.mss
TRACE::2024-10-25.00:00:39::SCWMssOS::Adding the swdes entry, mss present, able to open swdb C:/Users/curti/OneDrive/Documents/UIUC/ECE-385/Vivado_Projects/lab_6_2/workspace/mb_usb_hdmi_top/microblaze_0/standalone_microblaze_0/bsp/system.mss with des name system
TRACE::2024-10-25.00:00:39::SCWMssOS::Writing the mss file completed C:/Users/curti/OneDrive/Documents/UIUC/ECE-385/Vivado_Projects/lab_6_2/workspace/mb_usb_hdmi_top/microblaze_0/standalone_microblaze_0/bsp/system.mss
TRACE::2024-10-25.00:00:39::SCWMssOS::Commit changes completed.
TRACE::2024-10-25.00:00:39::SCWPlatform::Trying to open the hw design at C:/Users/curti/OneDrive/Documents/UIUC/ECE-385/Vivado_Projects/lab_6_2/workspace/mb_usb_hdmi_top/hw/mb_usb_hdmi_top.xsa
TRACE::2024-10-25.00:00:39::SCWPlatform::DSA given C:/Users/curti/OneDrive/Documents/UIUC/ECE-385/Vivado_Projects/lab_6_2/workspace/mb_usb_hdmi_top/hw/mb_usb_hdmi_top.xsa
TRACE::2024-10-25.00:00:39::SCWPlatform::DSA absoulate path C:/Users/curti/OneDrive/Documents/UIUC/ECE-385/Vivado_Projects/lab_6_2/workspace/mb_usb_hdmi_top/hw/mb_usb_hdmi_top.xsa
TRACE::2024-10-25.00:00:39::SCWPlatform::DSA directory C:/Users/curti/OneDrive/Documents/UIUC/ECE-385/Vivado_Projects/lab_6_2/workspace/mb_usb_hdmi_top/hw
TRACE::2024-10-25.00:00:39::SCWPlatform:: Platform Path C:/Users/curti/OneDrive/Documents/UIUC/ECE-385/Vivado_Projects/lab_6_2/workspace/mb_usb_hdmi_top/hw/mb_usb_hdmi_top.xsa
TRACE::2024-10-25.00:00:39::SCWPlatform:: Unique name xilinx:::0.0
TRACE::2024-10-25.00:00:39::SCWPlatform::Trying to set the existing hwdb with name mb_usb_hdmi_top_23
TRACE::2024-10-25.00:00:39::SCWPlatform::Opened existing hwdb mb_usb_hdmi_top_23
TRACE::2024-10-25.00:00:39::SCWPlatform::Found the Hw Db part of the input DSA
TRACE::2024-10-25.00:00:39::SCWMssOS::Checking the sw design at  C:/Users/curti/OneDrive/Documents/UIUC/ECE-385/Vivado_Projects/lab_6_2/workspace/mb_usb_hdmi_top/microblaze_0/standalone_microblaze_0/bsp/system.mss
TRACE::2024-10-25.00:00:39::SCWMssOS::DEBUG:  swdes dump  C:/Users/curti/OneDrive/Documents/UIUC/ECE-385/Vivado_Projects/lab_6_2/workspace/mb_usb_hdmi_top/microblaze_0/standalone_microblaze_0/bsp/system.mss|system||

TRACE::2024-10-25.00:00:39::SCWMssOS::Sw design exists and opened at  C:/Users/curti/OneDrive/Documents/UIUC/ECE-385/Vivado_Projects/lab_6_2/workspace/mb_usb_hdmi_top/microblaze_0/standalone_microblaze_0/bsp/system.mss
TRACE::2024-10-25.00:00:39::SCWWriter::formatted JSON is {
	"platformName":	"mb_usb_hdmi_top",
	"sprVersion":	"2.0",
	"mode":	"gui",
	"dsaType":	"Fixed",
	"platformDesc":	"mb_usb_hdmi_top",
	"platHandOff":	"C:/Users/curti/OneDrive/Documents/UIUC/ECE-385/Vivado_Projects/lab_6_2/mb_usb_hdmi_top.xsa",
	"platIntHandOff":	"<platformDir>/hw/mb_usb_hdmi_top.xsa",
	"deviceType":	"FPGA",
	"platIsPrebuiltAutogen":	"false",
	"platIsNoBootBsp":	"false",
	"hasFsblMakeHasChanges":	"false",
	"hasPmufwMakeHasChanges":	"false",
	"platPreBuiltFlag":	false,
	"platformSamplesDir":	"",
	"platActiveSys":	"mb_usb_hdmi_top",
	"systems":	[{
			"systemName":	"mb_usb_hdmi_top",
			"systemDesc":	"mb_usb_hdmi_top",
			"sysIsBootAutoGen":	"true",
			"systemDispName":	"mb_usb_hdmi_top",
			"sysActiveDom":	"standalone_microblaze_0",
			"sysDefaultDom":	"standalone_microblaze_0",
			"domains":	[{
					"domainName":	"standalone_microblaze_0",
					"domainDispName":	"standalone_microblaze_0",
					"domainDesc":	"standalone_microblaze_0",
					"processors":	"microblaze_0",
					"os":	"standalone",
					"sdxOs":	"standalone",
					"debugEnable":	"False",
					"domRuntimes":	["cpp"],
					"swRepo":	"",
					"mssOsVer":	"8.0",
					"mssFile":	"",
					"md5Digest":	"304529987e879521ca977c68d163f3621",
					"compatibleApp":	"",
					"domType":	"mssDomain",
					"arch":	"32-bit",
					"appSettings":	{
						"appCompilerFlags":	"",
						"appLinkerFlags":	""
					},
					"addedLibs":	[],
					"libOptions":	{
						"libsContainingOptions":	[]
					},
					"prebuiltLibs":	{
						"prebuiltIncPath":	[],
						"prebuiltLibPath":	[]
					},
					"isolation":	{
					}
				}]
		}]
}
TRACE::2024-10-25.00:00:52::SCWMssOS::cleaning the bsp 
TRACE::2024-10-25.00:00:52::SCWMssOS::System Command Ran  C: & cd  C:/Users/curti/OneDrive/Documents/UIUC/ECE-385/Vivado_Projects/lab_6_2/workspace/mb_usb_hdmi_top/microblaze_0/standalone_microblaze_0/bsp & make clean 
TRACE::2024-10-25.00:00:52::SCWMssOS::make -C microblaze_0/libsrc/bram_v4_8/src -s clean 

TRACE::2024-10-25.00:00:52::SCWMssOS::make -C microblaze_0/libsrc/cpu_v2_16/src -s clean 

TRACE::2024-10-25.00:00:52::SCWMssOS::make -C microblaze_0/libsrc/gpio_v4_9/src -s clean 

TRACE::2024-10-25.00:00:52::SCWMssOS::make -C microblaze_0/libsrc/intc_v3_15/src -s clean 

TRACE::2024-10-25.00:00:53::SCWMssOS::make -C microblaze_0/libsrc/spi_v4_9/src -s clean 

TRACE::2024-10-25.00:00:53::SCWMssOS::make -C microblaze_0/libsrc/standalone_v8_0/src -s clean 

TRACE::2024-10-25.00:00:53::SCWMssOS::make -C microblaze_0/libsrc/tmrctr_v4_9/src -s clean 

TRACE::2024-10-25.00:00:53::SCWMssOS::make -C microblaze_0/libsrc/uartlite_v3_7/src -s clean 

TRACE::2024-10-25.00:00:53::SCWMssOS::rm -f microblaze_0/lib/libxil.a

TRACE::2024-10-25.00:05:20::SCWPlatform::Trying to open the hw design at C:/Users/curti/OneDrive/Documents/UIUC/ECE-385/Vivado_Projects/lab_6_2/workspace/mb_usb_hdmi_top/hw/mb_usb_hdmi_top.xsa
TRACE::2024-10-25.00:05:20::SCWPlatform::DSA given C:/Users/curti/OneDrive/Documents/UIUC/ECE-385/Vivado_Projects/lab_6_2/workspace/mb_usb_hdmi_top/hw/mb_usb_hdmi_top.xsa
TRACE::2024-10-25.00:05:20::SCWPlatform::DSA absoulate path C:/Users/curti/OneDrive/Documents/UIUC/ECE-385/Vivado_Projects/lab_6_2/workspace/mb_usb_hdmi_top/hw/mb_usb_hdmi_top.xsa
TRACE::2024-10-25.00:05:20::SCWPlatform::DSA directory C:/Users/curti/OneDrive/Documents/UIUC/ECE-385/Vivado_Projects/lab_6_2/workspace/mb_usb_hdmi_top/hw
TRACE::2024-10-25.00:05:20::SCWPlatform:: Platform Path C:/Users/curti/OneDrive/Documents/UIUC/ECE-385/Vivado_Projects/lab_6_2/workspace/mb_usb_hdmi_top/hw/mb_usb_hdmi_top.xsa
TRACE::2024-10-25.00:05:20::SCWPlatform:: Unique name xilinx:::0.0
TRACE::2024-10-25.00:05:20::SCWPlatform::Do not have an existing db opened. 
TRACE::2024-10-25.00:05:20::SCWPlatform::Opened new HwDB with name mb_usb_hdmi_top
TRACE::2024-10-25.00:05:20::SCWReader::Active system found as  mb_usb_hdmi_top
TRACE::2024-10-25.00:05:20::SCWReader::Handling sysconfig mb_usb_hdmi_top
TRACE::2024-10-25.00:05:20::SCWDomain::checking for install qemu data   : 
TRACE::2024-10-25.00:05:20::SCWPlatform::Trying to open the hw design at C:/Users/curti/OneDrive/Documents/UIUC/ECE-385/Vivado_Projects/lab_6_2/workspace/mb_usb_hdmi_top/hw/mb_usb_hdmi_top.xsa
TRACE::2024-10-25.00:05:20::SCWPlatform::DSA given C:/Users/curti/OneDrive/Documents/UIUC/ECE-385/Vivado_Projects/lab_6_2/workspace/mb_usb_hdmi_top/hw/mb_usb_hdmi_top.xsa
TRACE::2024-10-25.00:05:20::SCWPlatform::DSA absoulate path C:/Users/curti/OneDrive/Documents/UIUC/ECE-385/Vivado_Projects/lab_6_2/workspace/mb_usb_hdmi_top/hw/mb_usb_hdmi_top.xsa
TRACE::2024-10-25.00:05:20::SCWPlatform::DSA directory C:/Users/curti/OneDrive/Documents/UIUC/ECE-385/Vivado_Projects/lab_6_2/workspace/mb_usb_hdmi_top/hw
TRACE::2024-10-25.00:05:20::SCWPlatform:: Platform Path C:/Users/curti/OneDrive/Documents/UIUC/ECE-385/Vivado_Projects/lab_6_2/workspace/mb_usb_hdmi_top/hw/mb_usb_hdmi_top.xsa
TRACE::2024-10-25.00:05:20::SCWPlatform:: Unique name xilinx:::0.0
TRACE::2024-10-25.00:05:20::SCWPlatform::Trying to set the existing hwdb with name mb_usb_hdmi_top
TRACE::2024-10-25.00:05:20::SCWPlatform::Opened existing hwdb mb_usb_hdmi_top
TRACE::2024-10-25.00:05:20::SCWPlatform::Found the Hw Db part of the input DSA
TRACE::2024-10-25.00:05:20::SCWPlatform::Trying to open the hw design at C:/Users/curti/OneDrive/Documents/UIUC/ECE-385/Vivado_Projects/lab_6_2/workspace/mb_usb_hdmi_top/hw/mb_usb_hdmi_top.xsa
TRACE::2024-10-25.00:05:20::SCWPlatform::DSA given C:/Users/curti/OneDrive/Documents/UIUC/ECE-385/Vivado_Projects/lab_6_2/workspace/mb_usb_hdmi_top/hw/mb_usb_hdmi_top.xsa
TRACE::2024-10-25.00:05:20::SCWPlatform::DSA absoulate path C:/Users/curti/OneDrive/Documents/UIUC/ECE-385/Vivado_Projects/lab_6_2/workspace/mb_usb_hdmi_top/hw/mb_usb_hdmi_top.xsa
TRACE::2024-10-25.00:05:20::SCWPlatform::DSA directory C:/Users/curti/OneDrive/Documents/UIUC/ECE-385/Vivado_Projects/lab_6_2/workspace/mb_usb_hdmi_top/hw
TRACE::2024-10-25.00:05:20::SCWPlatform:: Platform Path C:/Users/curti/OneDrive/Documents/UIUC/ECE-385/Vivado_Projects/lab_6_2/workspace/mb_usb_hdmi_top/hw/mb_usb_hdmi_top.xsa
TRACE::2024-10-25.00:05:20::SCWPlatform:: Unique name xilinx:::0.0
TRACE::2024-10-25.00:05:20::SCWPlatform::Trying to set the existing hwdb with name mb_usb_hdmi_top
TRACE::2024-10-25.00:05:20::SCWPlatform::Opened existing hwdb mb_usb_hdmi_top
TRACE::2024-10-25.00:05:20::SCWPlatform::Found the Hw Db part of the input DSA
TRACE::2024-10-25.00:05:20::SCWPlatform::Trying to open the hw design at C:/Users/curti/OneDrive/Documents/UIUC/ECE-385/Vivado_Projects/lab_6_2/workspace/mb_usb_hdmi_top/hw/mb_usb_hdmi_top.xsa
TRACE::2024-10-25.00:05:20::SCWPlatform::DSA given C:/Users/curti/OneDrive/Documents/UIUC/ECE-385/Vivado_Projects/lab_6_2/workspace/mb_usb_hdmi_top/hw/mb_usb_hdmi_top.xsa
TRACE::2024-10-25.00:05:20::SCWPlatform::DSA absoulate path C:/Users/curti/OneDrive/Documents/UIUC/ECE-385/Vivado_Projects/lab_6_2/workspace/mb_usb_hdmi_top/hw/mb_usb_hdmi_top.xsa
TRACE::2024-10-25.00:05:20::SCWPlatform::DSA directory C:/Users/curti/OneDrive/Documents/UIUC/ECE-385/Vivado_Projects/lab_6_2/workspace/mb_usb_hdmi_top/hw
TRACE::2024-10-25.00:05:20::SCWPlatform:: Platform Path C:/Users/curti/OneDrive/Documents/UIUC/ECE-385/Vivado_Projects/lab_6_2/workspace/mb_usb_hdmi_top/hw/mb_usb_hdmi_top.xsa
TRACE::2024-10-25.00:05:20::SCWPlatform:: Unique name xilinx:::0.0
TRACE::2024-10-25.00:05:20::SCWPlatform::Trying to set the existing hwdb with name mb_usb_hdmi_top
TRACE::2024-10-25.00:05:20::SCWPlatform::Opened existing hwdb mb_usb_hdmi_top
TRACE::2024-10-25.00:05:20::SCWPlatform::Found the Hw Db part of the input DSA
TRACE::2024-10-25.00:05:20::SCWPlatform::Trying to open the hw design at C:/Users/curti/OneDrive/Documents/UIUC/ECE-385/Vivado_Projects/lab_6_2/workspace/mb_usb_hdmi_top/hw/mb_usb_hdmi_top.xsa
TRACE::2024-10-25.00:05:20::SCWPlatform::DSA given C:/Users/curti/OneDrive/Documents/UIUC/ECE-385/Vivado_Projects/lab_6_2/workspace/mb_usb_hdmi_top/hw/mb_usb_hdmi_top.xsa
TRACE::2024-10-25.00:05:20::SCWPlatform::DSA absoulate path C:/Users/curti/OneDrive/Documents/UIUC/ECE-385/Vivado_Projects/lab_6_2/workspace/mb_usb_hdmi_top/hw/mb_usb_hdmi_top.xsa
TRACE::2024-10-25.00:05:20::SCWPlatform::DSA directory C:/Users/curti/OneDrive/Documents/UIUC/ECE-385/Vivado_Projects/lab_6_2/workspace/mb_usb_hdmi_top/hw
TRACE::2024-10-25.00:05:20::SCWPlatform:: Platform Path C:/Users/curti/OneDrive/Documents/UIUC/ECE-385/Vivado_Projects/lab_6_2/workspace/mb_usb_hdmi_top/hw/mb_usb_hdmi_top.xsa
TRACE::2024-10-25.00:05:20::SCWPlatform:: Unique name xilinx:::0.0
TRACE::2024-10-25.00:05:20::SCWPlatform::Trying to set the existing hwdb with name mb_usb_hdmi_top
TRACE::2024-10-25.00:05:20::SCWPlatform::Opened existing hwdb mb_usb_hdmi_top
TRACE::2024-10-25.00:05:20::SCWPlatform::Found the Hw Db part of the input DSA
TRACE::2024-10-25.00:05:20::SCWMssOS::Checking the sw design at  C:/Users/curti/OneDrive/Documents/UIUC/ECE-385/Vivado_Projects/lab_6_2/workspace/mb_usb_hdmi_top/microblaze_0/standalone_microblaze_0/bsp/system.mss
TRACE::2024-10-25.00:05:20::SCWMssOS::DEBUG:  swdes dump  
TRACE::2024-10-25.00:05:20::SCWMssOS::No sw design opened at  C:/Users/curti/OneDrive/Documents/UIUC/ECE-385/Vivado_Projects/lab_6_2/workspace/mb_usb_hdmi_top/microblaze_0/standalone_microblaze_0/bsp/system.mss
TRACE::2024-10-25.00:05:20::SCWMssOS::mss exists loading the mss file  C:/Users/curti/OneDrive/Documents/UIUC/ECE-385/Vivado_Projects/lab_6_2/workspace/mb_usb_hdmi_top/microblaze_0/standalone_microblaze_0/bsp/system.mss
TRACE::2024-10-25.00:05:20::SCWMssOS::Opened the sw design from mss  C:/Users/curti/OneDrive/Documents/UIUC/ECE-385/Vivado_Projects/lab_6_2/workspace/mb_usb_hdmi_top/microblaze_0/standalone_microblaze_0/bsp/system.mss
TRACE::2024-10-25.00:05:20::SCWMssOS::Adding the swdes entry C:/Users/curti/OneDrive/Documents/UIUC/ECE-385/Vivado_Projects/lab_6_2/workspace/mb_usb_hdmi_top/microblaze_0/standalone_microblaze_0/bsp/system.mss with des name system
TRACE::2024-10-25.00:05:20::SCWMssOS::updating the scw layer about changes
TRACE::2024-10-25.00:05:20::SCWMssOS::Opened the sw design.  C:/Users/curti/OneDrive/Documents/UIUC/ECE-385/Vivado_Projects/lab_6_2/workspace/mb_usb_hdmi_top/microblaze_0/standalone_microblaze_0/bsp/system.mss
TRACE::2024-10-25.00:05:20::SCWMssOS::Saving the mss changes C:/Users/curti/OneDrive/Documents/UIUC/ECE-385/Vivado_Projects/lab_6_2/workspace/mb_usb_hdmi_top/microblaze_0/standalone_microblaze_0/bsp/system.mss
TRACE::2024-10-25.00:05:20::SCWMssOS::Found a swdesign opened with the mssfile.
TRACE::2024-10-25.00:05:20::SCWMssOS::Completed writemss as part of save.
TRACE::2024-10-25.00:05:20::SCWMssOS::Commit changes completed.
TRACE::2024-10-25.00:05:20::SCWReader::Adding prebuilt librarypaths as   
TRACE::2024-10-25.00:05:20::SCWReader::Adding prebuilt incpaths  as   
TRACE::2024-10-25.00:05:20::SCWPlatform::Trying to open the hw design at C:/Users/curti/OneDrive/Documents/UIUC/ECE-385/Vivado_Projects/lab_6_2/workspace/mb_usb_hdmi_top/hw/mb_usb_hdmi_top.xsa
TRACE::2024-10-25.00:05:20::SCWPlatform::DSA given C:/Users/curti/OneDrive/Documents/UIUC/ECE-385/Vivado_Projects/lab_6_2/workspace/mb_usb_hdmi_top/hw/mb_usb_hdmi_top.xsa
TRACE::2024-10-25.00:05:20::SCWPlatform::DSA absoulate path C:/Users/curti/OneDrive/Documents/UIUC/ECE-385/Vivado_Projects/lab_6_2/workspace/mb_usb_hdmi_top/hw/mb_usb_hdmi_top.xsa
TRACE::2024-10-25.00:05:20::SCWPlatform::DSA directory C:/Users/curti/OneDrive/Documents/UIUC/ECE-385/Vivado_Projects/lab_6_2/workspace/mb_usb_hdmi_top/hw
TRACE::2024-10-25.00:05:20::SCWPlatform:: Platform Path C:/Users/curti/OneDrive/Documents/UIUC/ECE-385/Vivado_Projects/lab_6_2/workspace/mb_usb_hdmi_top/hw/mb_usb_hdmi_top.xsa
TRACE::2024-10-25.00:05:20::SCWPlatform:: Unique name xilinx:::0.0
TRACE::2024-10-25.00:05:20::SCWPlatform::Trying to set the existing hwdb with name mb_usb_hdmi_top
TRACE::2024-10-25.00:05:20::SCWPlatform::Opened existing hwdb mb_usb_hdmi_top
TRACE::2024-10-25.00:05:20::SCWPlatform::Found the Hw Db part of the input DSA
TRACE::2024-10-25.00:05:20::SCWMssOS::Checking the sw design at  C:/Users/curti/OneDrive/Documents/UIUC/ECE-385/Vivado_Projects/lab_6_2/workspace/mb_usb_hdmi_top/microblaze_0/standalone_microblaze_0/bsp/system.mss
TRACE::2024-10-25.00:05:20::SCWMssOS::DEBUG:  swdes dump  C:/Users/curti/OneDrive/Documents/UIUC/ECE-385/Vivado_Projects/lab_6_2/workspace/mb_usb_hdmi_top/microblaze_0/standalone_microblaze_0/bsp/system.mss|system||

TRACE::2024-10-25.00:05:20::SCWMssOS::Sw design exists and opened at  C:/Users/curti/OneDrive/Documents/UIUC/ECE-385/Vivado_Projects/lab_6_2/workspace/mb_usb_hdmi_top/microblaze_0/standalone_microblaze_0/bsp/system.mss
TRACE::2024-10-25.00:05:20::SCWReader::No isolation master present  
TRACE::2024-10-25.00:05:23::SCWPlatform::DSA given C:/Users/curti/OneDrive/Documents/UIUC/ECE-385/Vivado_Projects/lab_6_2/workspace/mb_usb_hdmi_top/tempdsa/mb_usb_hdmi_top.xsa
TRACE::2024-10-25.00:05:23::SCWPlatform::DSA absoulate path C:/Users/curti/OneDrive/Documents/UIUC/ECE-385/Vivado_Projects/lab_6_2/workspace/mb_usb_hdmi_top/tempdsa/mb_usb_hdmi_top.xsa
TRACE::2024-10-25.00:05:23::SCWPlatform:: Platform location is C:/Users/curti/OneDrive/Documents/UIUC/ECE-385/Vivado_Projects/lab_6_2/workspace/mb_usb_hdmi_top/tempdsa
TRACE::2024-10-25.00:05:23::SCWPlatform:: Platform Path C:/Users/curti/OneDrive/Documents/UIUC/ECE-385/Vivado_Projects/lab_6_2/workspace/mb_usb_hdmi_top/tempdsa/mb_usb_hdmi_top.xsa
TRACE::2024-10-25.00:05:23::SCWPlatform:: Unique name xilinx:::0.0
TRACE::2024-10-25.00:05:23::SCWPlatform::Found the Hw Db part of the input DSA
TRACE::2024-10-25.00:05:23::SCWMssOS::Doing hw sync for the mss in domain: standalone_microblaze_0
TRACE::2024-10-25.00:05:23::SCWPlatform::Trying to open the hw design at C:/Users/curti/OneDrive/Documents/UIUC/ECE-385/Vivado_Projects/lab_6_2/workspace/mb_usb_hdmi_top/hw/mb_usb_hdmi_top.xsa
TRACE::2024-10-25.00:05:23::SCWPlatform::DSA given C:/Users/curti/OneDrive/Documents/UIUC/ECE-385/Vivado_Projects/lab_6_2/workspace/mb_usb_hdmi_top/hw/mb_usb_hdmi_top.xsa
TRACE::2024-10-25.00:05:23::SCWPlatform::DSA absoulate path C:/Users/curti/OneDrive/Documents/UIUC/ECE-385/Vivado_Projects/lab_6_2/workspace/mb_usb_hdmi_top/hw/mb_usb_hdmi_top.xsa
TRACE::2024-10-25.00:05:23::SCWPlatform::DSA directory C:/Users/curti/OneDrive/Documents/UIUC/ECE-385/Vivado_Projects/lab_6_2/workspace/mb_usb_hdmi_top/hw
TRACE::2024-10-25.00:05:23::SCWPlatform:: Platform Path C:/Users/curti/OneDrive/Documents/UIUC/ECE-385/Vivado_Projects/lab_6_2/workspace/mb_usb_hdmi_top/hw/mb_usb_hdmi_top.xsa
TRACE::2024-10-25.00:05:23::SCWPlatform:: Unique name xilinx:::0.0
TRACE::2024-10-25.00:05:23::SCWPlatform::Trying to set the existing hwdb with name mb_usb_hdmi_top
TRACE::2024-10-25.00:05:23::SCWPlatform::Opened existing hwdb mb_usb_hdmi_top
TRACE::2024-10-25.00:05:23::SCWPlatform::Found the Hw Db part of the input DSA
TRACE::2024-10-25.00:05:23::SCWPlatform::Trying to open the hw design at C:/Users/curti/OneDrive/Documents/UIUC/ECE-385/Vivado_Projects/lab_6_2/workspace/mb_usb_hdmi_top/hw/mb_usb_hdmi_top.xsa
TRACE::2024-10-25.00:05:23::SCWPlatform::DSA given C:/Users/curti/OneDrive/Documents/UIUC/ECE-385/Vivado_Projects/lab_6_2/workspace/mb_usb_hdmi_top/hw/mb_usb_hdmi_top.xsa
TRACE::2024-10-25.00:05:23::SCWPlatform::DSA absoulate path C:/Users/curti/OneDrive/Documents/UIUC/ECE-385/Vivado_Projects/lab_6_2/workspace/mb_usb_hdmi_top/hw/mb_usb_hdmi_top.xsa
TRACE::2024-10-25.00:05:23::SCWPlatform::DSA directory C:/Users/curti/OneDrive/Documents/UIUC/ECE-385/Vivado_Projects/lab_6_2/workspace/mb_usb_hdmi_top/hw
TRACE::2024-10-25.00:05:23::SCWPlatform:: Platform Path C:/Users/curti/OneDrive/Documents/UIUC/ECE-385/Vivado_Projects/lab_6_2/workspace/mb_usb_hdmi_top/hw/mb_usb_hdmi_top.xsa
TRACE::2024-10-25.00:05:23::SCWPlatform:: Unique name xilinx:::0.0
TRACE::2024-10-25.00:05:23::SCWPlatform::Trying to set the existing hwdb with name mb_usb_hdmi_top
TRACE::2024-10-25.00:05:23::SCWPlatform::Opened existing hwdb mb_usb_hdmi_top
TRACE::2024-10-25.00:05:23::SCWPlatform::Found the Hw Db part of the input DSA
TRACE::2024-10-25.00:05:23::SCWMssOS::Checking the sw design at  C:/Users/curti/OneDrive/Documents/UIUC/ECE-385/Vivado_Projects/lab_6_2/workspace/mb_usb_hdmi_top/microblaze_0/standalone_microblaze_0/bsp/system.mss
TRACE::2024-10-25.00:05:23::SCWMssOS::DEBUG:  swdes dump  C:/Users/curti/OneDrive/Documents/UIUC/ECE-385/Vivado_Projects/lab_6_2/workspace/mb_usb_hdmi_top/microblaze_0/standalone_microblaze_0/bsp/system.mss|system||

TRACE::2024-10-25.00:05:23::SCWMssOS::Sw design exists and opened at  C:/Users/curti/OneDrive/Documents/UIUC/ECE-385/Vivado_Projects/lab_6_2/workspace/mb_usb_hdmi_top/microblaze_0/standalone_microblaze_0/bsp/system.mss
TRACE::2024-10-25.00:05:23::SCWPlatform::Trying to open the hw design at C:/Users/curti/OneDrive/Documents/UIUC/ECE-385/Vivado_Projects/lab_6_2/workspace/mb_usb_hdmi_top/tempdsa/mb_usb_hdmi_top.xsa
TRACE::2024-10-25.00:05:23::SCWPlatform::DSA given C:/Users/curti/OneDrive/Documents/UIUC/ECE-385/Vivado_Projects/lab_6_2/workspace/mb_usb_hdmi_top/tempdsa/mb_usb_hdmi_top.xsa
TRACE::2024-10-25.00:05:23::SCWPlatform::DSA absoulate path C:/Users/curti/OneDrive/Documents/UIUC/ECE-385/Vivado_Projects/lab_6_2/workspace/mb_usb_hdmi_top/tempdsa/mb_usb_hdmi_top.xsa
TRACE::2024-10-25.00:05:23::SCWPlatform::DSA directory C:/Users/curti/OneDrive/Documents/UIUC/ECE-385/Vivado_Projects/lab_6_2/workspace/mb_usb_hdmi_top/tempdsa
TRACE::2024-10-25.00:05:23::SCWPlatform:: Platform Path C:/Users/curti/OneDrive/Documents/UIUC/ECE-385/Vivado_Projects/lab_6_2/workspace/mb_usb_hdmi_top/tempdsa/mb_usb_hdmi_top.xsa
TRACE::2024-10-25.00:05:23::SCWPlatform:: Unique name xilinx:::0.0
TRACE::2024-10-25.00:05:23::SCWPlatform::update - Opened existing hwdb mb_usb_hdmi_top_0
TRACE::2024-10-25.00:05:23::SCWPlatform::Found the Hw Db part of the input DSA
TRACE::2024-10-25.00:05:23::SCWMssOS::Saving the mss changes C:/Users/curti/OneDrive/Documents/UIUC/ECE-385/Vivado_Projects/lab_6_2/workspace/mb_usb_hdmi_top/microblaze_0/standalone_microblaze_0/bsp/system.mss
TRACE::2024-10-25.00:05:23::SCWMssOS::Found a swdesign opened with the mssfile.
TRACE::2024-10-25.00:05:23::SCWMssOS::Completed writemss as part of save.
TRACE::2024-10-25.00:05:23::SCWMssOS::Commit changes completed.
TRACE::2024-10-25.00:05:23::SCWMssOS::Completed hw sync for the mss in domain: standalone_microblaze_0
TRACE::2024-10-25.00:05:23::SCWMssOS::Removing the swdes entry for  C:/Users/curti/OneDrive/Documents/UIUC/ECE-385/Vivado_Projects/lab_6_2/workspace/mb_usb_hdmi_top/microblaze_0/standalone_microblaze_0/bsp/system.mss
TRACE::2024-10-25.00:05:23::SCWPlatform::Trying to open the hw design at C:/Users/curti/OneDrive/Documents/UIUC/ECE-385/Vivado_Projects/lab_6_2/workspace/mb_usb_hdmi_top/hw/mb_usb_hdmi_top.xsa
TRACE::2024-10-25.00:05:23::SCWPlatform::DSA given C:/Users/curti/OneDrive/Documents/UIUC/ECE-385/Vivado_Projects/lab_6_2/workspace/mb_usb_hdmi_top/hw/mb_usb_hdmi_top.xsa
TRACE::2024-10-25.00:05:23::SCWPlatform::DSA absoulate path C:/Users/curti/OneDrive/Documents/UIUC/ECE-385/Vivado_Projects/lab_6_2/workspace/mb_usb_hdmi_top/hw/mb_usb_hdmi_top.xsa
TRACE::2024-10-25.00:05:23::SCWPlatform::DSA directory C:/Users/curti/OneDrive/Documents/UIUC/ECE-385/Vivado_Projects/lab_6_2/workspace/mb_usb_hdmi_top/hw
TRACE::2024-10-25.00:05:23::SCWPlatform:: Platform Path C:/Users/curti/OneDrive/Documents/UIUC/ECE-385/Vivado_Projects/lab_6_2/workspace/mb_usb_hdmi_top/hw/mb_usb_hdmi_top.xsa
TRACE::2024-10-25.00:05:23::SCWPlatform:: Unique name xilinx:::0.0
TRACE::2024-10-25.00:05:23::SCWPlatform::Do not have an existing db opened. 
TRACE::2024-10-25.00:05:24::SCWPlatform::Opened new HwDB with name mb_usb_hdmi_top_1
TRACE::2024-10-25.00:05:24::SCWMssOS::Saving the mss changes C:/Users/curti/OneDrive/Documents/UIUC/ECE-385/Vivado_Projects/lab_6_2/workspace/mb_usb_hdmi_top/microblaze_0/standalone_microblaze_0/bsp/system.mss
TRACE::2024-10-25.00:05:24::SCWMssOS::Adding the swdes entry, mss present, able to open swdb C:/Users/curti/OneDrive/Documents/UIUC/ECE-385/Vivado_Projects/lab_6_2/workspace/mb_usb_hdmi_top/microblaze_0/standalone_microblaze_0/bsp/system.mss with des name system
TRACE::2024-10-25.00:05:24::SCWMssOS::Writing the mss file completed C:/Users/curti/OneDrive/Documents/UIUC/ECE-385/Vivado_Projects/lab_6_2/workspace/mb_usb_hdmi_top/microblaze_0/standalone_microblaze_0/bsp/system.mss
TRACE::2024-10-25.00:05:24::SCWMssOS::Commit changes completed.
TRACE::2024-10-25.00:05:24::SCWPlatform::Trying to open the hw design at C:/Users/curti/OneDrive/Documents/UIUC/ECE-385/Vivado_Projects/lab_6_2/workspace/mb_usb_hdmi_top/hw/mb_usb_hdmi_top.xsa
TRACE::2024-10-25.00:05:24::SCWPlatform::DSA given C:/Users/curti/OneDrive/Documents/UIUC/ECE-385/Vivado_Projects/lab_6_2/workspace/mb_usb_hdmi_top/hw/mb_usb_hdmi_top.xsa
TRACE::2024-10-25.00:05:24::SCWPlatform::DSA absoulate path C:/Users/curti/OneDrive/Documents/UIUC/ECE-385/Vivado_Projects/lab_6_2/workspace/mb_usb_hdmi_top/hw/mb_usb_hdmi_top.xsa
TRACE::2024-10-25.00:05:24::SCWPlatform::DSA directory C:/Users/curti/OneDrive/Documents/UIUC/ECE-385/Vivado_Projects/lab_6_2/workspace/mb_usb_hdmi_top/hw
TRACE::2024-10-25.00:05:24::SCWPlatform:: Platform Path C:/Users/curti/OneDrive/Documents/UIUC/ECE-385/Vivado_Projects/lab_6_2/workspace/mb_usb_hdmi_top/hw/mb_usb_hdmi_top.xsa
TRACE::2024-10-25.00:05:24::SCWPlatform:: Unique name xilinx:::0.0
TRACE::2024-10-25.00:05:24::SCWPlatform::Trying to set the existing hwdb with name mb_usb_hdmi_top_1
TRACE::2024-10-25.00:05:24::SCWPlatform::Opened existing hwdb mb_usb_hdmi_top_1
TRACE::2024-10-25.00:05:24::SCWPlatform::Found the Hw Db part of the input DSA
TRACE::2024-10-25.00:05:24::SCWMssOS::Checking the sw design at  C:/Users/curti/OneDrive/Documents/UIUC/ECE-385/Vivado_Projects/lab_6_2/workspace/mb_usb_hdmi_top/microblaze_0/standalone_microblaze_0/bsp/system.mss
TRACE::2024-10-25.00:05:24::SCWMssOS::DEBUG:  swdes dump  C:/Users/curti/OneDrive/Documents/UIUC/ECE-385/Vivado_Projects/lab_6_2/workspace/mb_usb_hdmi_top/microblaze_0/standalone_microblaze_0/bsp/system.mss|system||

TRACE::2024-10-25.00:05:24::SCWMssOS::Sw design exists and opened at  C:/Users/curti/OneDrive/Documents/UIUC/ECE-385/Vivado_Projects/lab_6_2/workspace/mb_usb_hdmi_top/microblaze_0/standalone_microblaze_0/bsp/system.mss
TRACE::2024-10-25.00:05:24::SCWWriter::formatted JSON is {
	"platformName":	"mb_usb_hdmi_top",
	"sprVersion":	"2.0",
	"mode":	"gui",
	"dsaType":	"Fixed",
	"platformDesc":	"mb_usb_hdmi_top",
	"platHandOff":	"C:/Users/curti/OneDrive/Documents/UIUC/ECE-385/Vivado_Projects/lab_6_2/mb_usb_hdmi_top.xsa",
	"platIntHandOff":	"<platformDir>/hw/mb_usb_hdmi_top.xsa",
	"deviceType":	"FPGA",
	"platIsPrebuiltAutogen":	"false",
	"platIsNoBootBsp":	"false",
	"hasFsblMakeHasChanges":	"false",
	"hasPmufwMakeHasChanges":	"false",
	"platPreBuiltFlag":	false,
	"platformSamplesDir":	"",
	"platActiveSys":	"mb_usb_hdmi_top",
	"systems":	[{
			"systemName":	"mb_usb_hdmi_top",
			"systemDesc":	"mb_usb_hdmi_top",
			"sysIsBootAutoGen":	"true",
			"systemDispName":	"mb_usb_hdmi_top",
			"sysActiveDom":	"standalone_microblaze_0",
			"sysDefaultDom":	"standalone_microblaze_0",
			"domains":	[{
					"domainName":	"standalone_microblaze_0",
					"domainDispName":	"standalone_microblaze_0",
					"domainDesc":	"standalone_microblaze_0",
					"processors":	"microblaze_0",
					"os":	"standalone",
					"sdxOs":	"standalone",
					"debugEnable":	"False",
					"domRuntimes":	["cpp"],
					"swRepo":	"",
					"mssOsVer":	"8.0",
					"mssFile":	"",
					"md5Digest":	"304529987e879521ca977c68d163f3621",
					"compatibleApp":	"",
					"domType":	"mssDomain",
					"arch":	"32-bit",
					"appSettings":	{
						"appCompilerFlags":	"",
						"appLinkerFlags":	""
					},
					"addedLibs":	[],
					"libOptions":	{
						"libsContainingOptions":	[]
					},
					"prebuiltLibs":	{
						"prebuiltIncPath":	[],
						"prebuiltLibPath":	[]
					},
					"isolation":	{
					}
				}]
		}]
}
TRACE::2024-10-25.00:05:31::SCWMssOS::cleaning the bsp 
TRACE::2024-10-25.00:05:31::SCWMssOS::System Command Ran  C: & cd  C:/Users/curti/OneDrive/Documents/UIUC/ECE-385/Vivado_Projects/lab_6_2/workspace/mb_usb_hdmi_top/microblaze_0/standalone_microblaze_0/bsp & make clean 
TRACE::2024-10-25.00:05:31::SCWMssOS::make -C microblaze_0/libsrc/bram_v4_8/src -s clean 

TRACE::2024-10-25.00:05:31::SCWMssOS::make -C microblaze_0/libsrc/cpu_v2_16/src -s clean 

TRACE::2024-10-25.00:05:32::SCWMssOS::make -C microblaze_0/libsrc/gpio_v4_9/src -s clean 

TRACE::2024-10-25.00:05:32::SCWMssOS::make -C microblaze_0/libsrc/intc_v3_15/src -s clean 

TRACE::2024-10-25.00:05:32::SCWMssOS::make -C microblaze_0/libsrc/spi_v4_9/src -s clean 

TRACE::2024-10-25.00:05:32::SCWMssOS::make -C microblaze_0/libsrc/standalone_v8_0/src -s clean 

TRACE::2024-10-25.00:05:32::SCWMssOS::make -C microblaze_0/libsrc/tmrctr_v4_9/src -s clean 

TRACE::2024-10-25.00:05:32::SCWMssOS::make -C microblaze_0/libsrc/uartlite_v3_7/src -s clean 

TRACE::2024-10-25.00:05:32::SCWMssOS::rm -f microblaze_0/lib/libxil.a

LOG::2024-10-25.00:05:38::SCWPlatform::Started generating the artifacts platform mb_usb_hdmi_top
TRACE::2024-10-25.00:05:38::SCWPlatform::Sanity checking of platform is completed
LOG::2024-10-25.00:05:38::SCWPlatform::Started generating the artifacts for system configuration mb_usb_hdmi_top
LOG::2024-10-25.00:05:38::SCWSystem::Checking the domain standalone_microblaze_0
LOG::2024-10-25.00:05:38::SCWSystem::Not a boot domain 
LOG::2024-10-25.00:05:38::SCWSystem::Started Processing the domain standalone_microblaze_0
TRACE::2024-10-25.00:05:38::SCWDomain::Generating domain artifcats
TRACE::2024-10-25.00:05:38::SCWMssOS::Generating standalone artifcats
TRACE::2024-10-25.00:05:38::SCWMssOS:: Copying the user libraries. 
TRACE::2024-10-25.00:05:38::SCWPlatform::Trying to open the hw design at C:/Users/curti/OneDrive/Documents/UIUC/ECE-385/Vivado_Projects/lab_6_2/workspace/mb_usb_hdmi_top/hw/mb_usb_hdmi_top.xsa
TRACE::2024-10-25.00:05:38::SCWPlatform::DSA given C:/Users/curti/OneDrive/Documents/UIUC/ECE-385/Vivado_Projects/lab_6_2/workspace/mb_usb_hdmi_top/hw/mb_usb_hdmi_top.xsa
TRACE::2024-10-25.00:05:38::SCWPlatform::DSA absoulate path C:/Users/curti/OneDrive/Documents/UIUC/ECE-385/Vivado_Projects/lab_6_2/workspace/mb_usb_hdmi_top/hw/mb_usb_hdmi_top.xsa
TRACE::2024-10-25.00:05:38::SCWPlatform::DSA directory C:/Users/curti/OneDrive/Documents/UIUC/ECE-385/Vivado_Projects/lab_6_2/workspace/mb_usb_hdmi_top/hw
TRACE::2024-10-25.00:05:38::SCWPlatform:: Platform Path C:/Users/curti/OneDrive/Documents/UIUC/ECE-385/Vivado_Projects/lab_6_2/workspace/mb_usb_hdmi_top/hw/mb_usb_hdmi_top.xsa
TRACE::2024-10-25.00:05:38::SCWPlatform:: Unique name xilinx:::0.0
TRACE::2024-10-25.00:05:38::SCWPlatform::Trying to set the existing hwdb with name mb_usb_hdmi_top_1
TRACE::2024-10-25.00:05:38::SCWPlatform::Opened existing hwdb mb_usb_hdmi_top_1
TRACE::2024-10-25.00:05:38::SCWPlatform::Found the Hw Db part of the input DSA
TRACE::2024-10-25.00:05:38::SCWMssOS::Checking the sw design at  C:/Users/curti/OneDrive/Documents/UIUC/ECE-385/Vivado_Projects/lab_6_2/workspace/mb_usb_hdmi_top/microblaze_0/standalone_microblaze_0/bsp/system.mss
TRACE::2024-10-25.00:05:38::SCWMssOS::DEBUG:  swdes dump  C:/Users/curti/OneDrive/Documents/UIUC/ECE-385/Vivado_Projects/lab_6_2/workspace/mb_usb_hdmi_top/microblaze_0/standalone_microblaze_0/bsp/system.mss|system||

TRACE::2024-10-25.00:05:38::SCWMssOS::Sw design exists and opened at  C:/Users/curti/OneDrive/Documents/UIUC/ECE-385/Vivado_Projects/lab_6_2/workspace/mb_usb_hdmi_top/microblaze_0/standalone_microblaze_0/bsp/system.mss
TRACE::2024-10-25.00:05:38::SCWMssOS::Completed writing the mss file at C:/Users/curti/OneDrive/Documents/UIUC/ECE-385/Vivado_Projects/lab_6_2/workspace/mb_usb_hdmi_top/microblaze_0/standalone_microblaze_0/bsp
TRACE::2024-10-25.00:05:38::SCWMssOS::Mss edits present, copying mssfile into export location C:/Users/curti/OneDrive/Documents/UIUC/ECE-385/Vivado_Projects/lab_6_2/workspace/mb_usb_hdmi_top/microblaze_0/standalone_microblaze_0/bsp/system.mss
TRACE::2024-10-25.00:05:38::SCWMssOS::bsp generated is stale removing and regenerating. 
TRACE::2024-10-25.00:05:40::SCWMssOS::doing bsp build ... 
TRACE::2024-10-25.00:05:40::SCWMssOS::System Command Ran  C: & cd  C:/Users/curti/OneDrive/Documents/UIUC/ECE-385/Vivado_Projects/lab_6_2/workspace/mb_usb_hdmi_top/microblaze_0/standalone_microblaze_0/bsp & make 
TRACE::2024-10-25.00:05:40::SCWMssOS::make --no-print-directory seq_libs

TRACE::2024-10-25.00:05:41::SCWMssOS::'Finished building libraries sequentially.'

TRACE::2024-10-25.00:05:41::SCWMssOS::make -j 18 --no-print-directory par_libs

TRACE::2024-10-25.00:05:41::SCWMssOS::"Running Make include in microblaze_0/libsrc/bram_v4_8/src"

TRACE::2024-10-25.00:05:41::SCWMssOS::make -C microblaze_0/libsrc/bram_v4_8/src -s include  "SHELL=CMD" "COMPILER=mb-gcc" "ASSEMBLER=mb-as" "ARCHIVER=mb-ar" "COMPILE
TRACE::2024-10-25.00:05:41::SCWMssOS::R_FLAGS=  -O2 -c -mcpu=v11.0 -mlittle-endian -mno-xl-reorder -mno-xl-soft-mul -mxl-barrel-shift -mxl-pattern-compare" "EXTRA_CO
TRACE::2024-10-25.00:05:41::SCWMssOS::MPILER_FLAGS=-g -ffunction-sections -fdata-sections -Wall -Wextra -fno-tree-loop-distribute-patterns"

TRACE::2024-10-25.00:05:41::SCWMssOS::"Running Make include in microblaze_0/libsrc/cpu_v2_16/src"

TRACE::2024-10-25.00:05:41::SCWMssOS::make -C microblaze_0/libsrc/cpu_v2_16/src -s include  "SHELL=CMD" "COMPILER=mb-gcc" "ASSEMBLER=mb-as" "ARCHIVER=mb-ar" "COMPILE
TRACE::2024-10-25.00:05:41::SCWMssOS::R_FLAGS=  -O2 -c -mcpu=v11.0 -mlittle-endian -mno-xl-reorder -mno-xl-soft-mul -mxl-barrel-shift -mxl-pattern-compare" "EXTRA_CO
TRACE::2024-10-25.00:05:41::SCWMssOS::MPILER_FLAGS=-g -ffunction-sections -fdata-sections -Wall -Wextra -fno-tree-loop-distribute-patterns"

TRACE::2024-10-25.00:05:41::SCWMssOS::"Running Make include in microblaze_0/libsrc/gpio_v4_9/src"

TRACE::2024-10-25.00:05:41::SCWMssOS::make -C microblaze_0/libsrc/gpio_v4_9/src -s include  "SHELL=CMD" "COMPILER=mb-gcc" "ASSEMBLER=mb-as" "ARCHIVER=mb-ar" "COMPILE
TRACE::2024-10-25.00:05:41::SCWMssOS::R_FLAGS=  -O2 -c -mcpu=v11.0 -mlittle-endian -mno-xl-reorder -mno-xl-soft-mul -mxl-barrel-shift -mxl-pattern-compare" "EXTRA_CO
TRACE::2024-10-25.00:05:41::SCWMssOS::MPILER_FLAGS=-g -ffunction-sections -fdata-sections -Wall -Wextra -fno-tree-loop-distribute-patterns"

TRACE::2024-10-25.00:05:41::SCWMssOS::"Running Make include in microblaze_0/libsrc/intc_v3_15/src"

TRACE::2024-10-25.00:05:41::SCWMssOS::make -C microblaze_0/libsrc/intc_v3_15/src -s include  "SHELL=CMD" "COMPILER=mb-gcc" "ASSEMBLER=mb-as" "ARCHIVER=mb-ar" "COMPIL
TRACE::2024-10-25.00:05:41::SCWMssOS::ER_FLAGS=  -O2 -c -mcpu=v11.0 -mlittle-endian -mno-xl-reorder -mno-xl-soft-mul -mxl-barrel-shift -mxl-pattern-compare" "EXTRA_C
TRACE::2024-10-25.00:05:41::SCWMssOS::OMPILER_FLAGS=-g -ffunction-sections -fdata-sections -Wall -Wextra -fno-tree-loop-distribute-patterns"

TRACE::2024-10-25.00:05:41::SCWMssOS::"Running Make include in microblaze_0/libsrc/spi_v4_9/src"

TRACE::2024-10-25.00:05:41::SCWMssOS::make -C microblaze_0/libsrc/spi_v4_9/src -s include  "SHELL=CMD" "COMPILER=mb-gcc" "ASSEMBLER=mb-as" "ARCHIVER=mb-ar" "COMPILER
TRACE::2024-10-25.00:05:41::SCWMssOS::_FLAGS=  -O2 -c -mcpu=v11.0 -mlittle-endian -mno-xl-reorder -mno-xl-soft-mul -mxl-barrel-shift -mxl-pattern-compare" "EXTRA_COM
TRACE::2024-10-25.00:05:41::SCWMssOS::PILER_FLAGS=-g -ffunction-sections -fdata-sections -Wall -Wextra -fno-tree-loop-distribute-patterns"

TRACE::2024-10-25.00:05:41::SCWMssOS::"Running Make include in microblaze_0/libsrc/standalone_v8_0/src"

TRACE::2024-10-25.00:05:41::SCWMssOS::make -C microblaze_0/libsrc/standalone_v8_0/src -s include  "SHELL=CMD" "COMPILER=mb-gcc" "ASSEMBLER=mb-as" "ARCHIVER=mb-ar" "C
TRACE::2024-10-25.00:05:41::SCWMssOS::OMPILER_FLAGS=  -O2 -c -mcpu=v11.0 -mlittle-endian -mno-xl-reorder -mno-xl-soft-mul -mxl-barrel-shift -mxl-pattern-compare" "EX
TRACE::2024-10-25.00:05:41::SCWMssOS::TRA_COMPILER_FLAGS=-g -ffunction-sections -fdata-sections -Wall -Wextra -fno-tree-loop-distribute-patterns"

TRACE::2024-10-25.00:05:41::SCWMssOS::"Running Make include in microblaze_0/libsrc/tmrctr_v4_9/src"

TRACE::2024-10-25.00:05:41::SCWMssOS::make -C microblaze_0/libsrc/tmrctr_v4_9/src -s include  "SHELL=CMD" "COMPILER=mb-gcc" "ASSEMBLER=mb-as" "ARCHIVER=mb-ar" "COMPI
TRACE::2024-10-25.00:05:41::SCWMssOS::LER_FLAGS=  -O2 -c -mcpu=v11.0 -mlittle-endian -mno-xl-reorder -mno-xl-soft-mul -mxl-barrel-shift -mxl-pattern-compare" "EXTRA_
TRACE::2024-10-25.00:05:41::SCWMssOS::COMPILER_FLAGS=-g -ffunction-sections -fdata-sections -Wall -Wextra -fno-tree-loop-distribute-patterns"

TRACE::2024-10-25.00:05:42::SCWMssOS::"Running Make include in microblaze_0/libsrc/uartlite_v3_7/src"

TRACE::2024-10-25.00:05:42::SCWMssOS::make -C microblaze_0/libsrc/uartlite_v3_7/src -s include  "SHELL=CMD" "COMPILER=mb-gcc" "ASSEMBLER=mb-as" "ARCHIVER=mb-ar" "COM
TRACE::2024-10-25.00:05:42::SCWMssOS::PILER_FLAGS=  -O2 -c -mcpu=v11.0 -mlittle-endian -mno-xl-reorder -mno-xl-soft-mul -mxl-barrel-shift -mxl-pattern-compare" "EXTR
TRACE::2024-10-25.00:05:42::SCWMssOS::A_COMPILER_FLAGS=-g -ffunction-sections -fdata-sections -Wall -Wextra -fno-tree-loop-distribute-patterns"

TRACE::2024-10-25.00:05:42::SCWMssOS::"Running Make libs in microblaze_0/libsrc/bram_v4_8/src"

TRACE::2024-10-25.00:05:42::SCWMssOS::make -C microblaze_0/libsrc/bram_v4_8/src -s libs  "SHELL=CMD" "COMPILER=mb-gcc" "ASSEMBLER=mb-as" "ARCHIVER=mb-ar" "COMPILER_F
TRACE::2024-10-25.00:05:42::SCWMssOS::LAGS=  -O2 -c -mcpu=v11.0 -mlittle-endian -mno-xl-reorder -mno-xl-soft-mul -mxl-barrel-shift -mxl-pattern-compare" "EXTRA_COMPI
TRACE::2024-10-25.00:05:42::SCWMssOS::LER_FLAGS=-g -ffunction-sections -fdata-sections -Wall -Wextra -fno-tree-loop-distribute-patterns"

TRACE::2024-10-25.00:05:42::SCWMssOS::"Running Make libs in microblaze_0/libsrc/cpu_v2_16/src"

TRACE::2024-10-25.00:05:43::SCWMssOS::make -C microblaze_0/libsrc/cpu_v2_16/src -s libs  "SHELL=CMD" "COMPILER=mb-gcc" "ASSEMBLER=mb-as" "ARCHIVER=mb-ar" "COMPILER_F
TRACE::2024-10-25.00:05:43::SCWMssOS::LAGS=  -O2 -c -mcpu=v11.0 -mlittle-endian -mno-xl-reorder -mno-xl-soft-mul -mxl-barrel-shift -mxl-pattern-compare" "EXTRA_COMPI
TRACE::2024-10-25.00:05:43::SCWMssOS::LER_FLAGS=-g -ffunction-sections -fdata-sections -Wall -Wextra -fno-tree-loop-distribute-patterns"

TRACE::2024-10-25.00:05:43::SCWMssOS::"Running Make libs in microblaze_0/libsrc/gpio_v4_9/src"

TRACE::2024-10-25.00:05:43::SCWMssOS::make -C microblaze_0/libsrc/gpio_v4_9/src -s libs  "SHELL=CMD" "COMPILER=mb-gcc" "ASSEMBLER=mb-as" "ARCHIVER=mb-ar" "COMPILER_F
TRACE::2024-10-25.00:05:43::SCWMssOS::LAGS=  -O2 -c -mcpu=v11.0 -mlittle-endian -mno-xl-reorder -mno-xl-soft-mul -mxl-barrel-shift -mxl-pattern-compare" "EXTRA_COMPI
TRACE::2024-10-25.00:05:43::SCWMssOS::LER_FLAGS=-g -ffunction-sections -fdata-sections -Wall -Wextra -fno-tree-loop-distribute-patterns"

TRACE::2024-10-25.00:05:43::SCWMssOS::"Running Make libs in microblaze_0/libsrc/intc_v3_15/src"

TRACE::2024-10-25.00:05:43::SCWMssOS::make -C microblaze_0/libsrc/intc_v3_15/src -s libs  "SHELL=CMD" "COMPILER=mb-gcc" "ASSEMBLER=mb-as" "ARCHIVER=mb-ar" "COMPILER_
TRACE::2024-10-25.00:05:43::SCWMssOS::FLAGS=  -O2 -c -mcpu=v11.0 -mlittle-endian -mno-xl-reorder -mno-xl-soft-mul -mxl-barrel-shift -mxl-pattern-compare" "EXTRA_COMP
TRACE::2024-10-25.00:05:43::SCWMssOS::ILER_FLAGS=-g -ffunction-sections -fdata-sections -Wall -Wextra -fno-tree-loop-distribute-patterns"

TRACE::2024-10-25.00:05:43::SCWMssOS::"Running Make libs in microblaze_0/libsrc/spi_v4_9/src"

TRACE::2024-10-25.00:05:43::SCWMssOS::make -C microblaze_0/libsrc/spi_v4_9/src -s libs  "SHELL=CMD" "COMPILER=mb-gcc" "ASSEMBLER=mb-as" "ARCHIVER=mb-ar" "COMPILER_FL
TRACE::2024-10-25.00:05:43::SCWMssOS::AGS=  -O2 -c -mcpu=v11.0 -mlittle-endian -mno-xl-reorder -mno-xl-soft-mul -mxl-barrel-shift -mxl-pattern-compare" "EXTRA_COMPIL
TRACE::2024-10-25.00:05:43::SCWMssOS::ER_FLAGS=-g -ffunction-sections -fdata-sections -Wall -Wextra -fno-tree-loop-distribute-patterns"

TRACE::2024-10-25.00:05:43::SCWMssOS::"Running Make libs in microblaze_0/libsrc/standalone_v8_0/src"

TRACE::2024-10-25.00:05:43::SCWMssOS::make -C microblaze_0/libsrc/standalone_v8_0/src -s libs  "SHELL=CMD" "COMPILER=mb-gcc" "ASSEMBLER=mb-as" "ARCHIVER=mb-ar" "COMP
TRACE::2024-10-25.00:05:43::SCWMssOS::ILER_FLAGS=  -O2 -c -mcpu=v11.0 -mlittle-endian -mno-xl-reorder -mno-xl-soft-mul -mxl-barrel-shift -mxl-pattern-compare" "EXTRA
TRACE::2024-10-25.00:05:43::SCWMssOS::_COMPILER_FLAGS=-g -ffunction-sections -fdata-sections -Wall -Wextra -fno-tree-loop-distribute-patterns"

TRACE::2024-10-25.00:05:43::SCWMssOS::"Running Make libs in microblaze_0/libsrc/tmrctr_v4_9/src"

TRACE::2024-10-25.00:05:44::SCWMssOS::make -C microblaze_0/libsrc/tmrctr_v4_9/src -s libs  "SHELL=CMD" "COMPILER=mb-gcc" "ASSEMBLER=mb-as" "ARCHIVER=mb-ar" "COMPILER
TRACE::2024-10-25.00:05:44::SCWMssOS::_FLAGS=  -O2 -c -mcpu=v11.0 -mlittle-endian -mno-xl-reorder -mno-xl-soft-mul -mxl-barrel-shift -mxl-pattern-compare" "EXTRA_COM
TRACE::2024-10-25.00:05:44::SCWMssOS::PILER_FLAGS=-g -ffunction-sections -fdata-sections -Wall -Wextra -fno-tree-loop-distribute-patterns"

TRACE::2024-10-25.00:05:44::SCWMssOS::"Running Make libs in microblaze_0/libsrc/uartlite_v3_7/src"

TRACE::2024-10-25.00:05:44::SCWMssOS::make -C microblaze_0/libsrc/uartlite_v3_7/src -s libs  "SHELL=CMD" "COMPILER=mb-gcc" "ASSEMBLER=mb-as" "ARCHIVER=mb-ar" "COMPIL
TRACE::2024-10-25.00:05:44::SCWMssOS::ER_FLAGS=  -O2 -c -mcpu=v11.0 -mlittle-endian -mno-xl-reorder -mno-xl-soft-mul -mxl-barrel-shift -mxl-pattern-compare" "EXTRA_C
TRACE::2024-10-25.00:05:44::SCWMssOS::OMPILER_FLAGS=-g -ffunction-sections -fdata-sections -Wall -Wextra -fno-tree-loop-distribute-patterns"

TRACE::2024-10-25.00:05:46::SCWMssOS::"DEBUG NON_LTO_OBJECTS is ../../../lib/microblaze_interrupt_handler.o"

TRACE::2024-10-25.00:05:46::SCWMssOS::'Finished building libraries parallelly.'

TRACE::2024-10-25.00:05:46::SCWMssOS::make --no-print-directory archive

TRACE::2024-10-25.00:05:46::SCWMssOS::mb-ar -r  microblaze_0/lib/libxil.a microblaze_0/lib/_exit.o microblaze_0/lib/errno.o microblaze_0/lib/fcntl.o microblaze_0/lib
TRACE::2024-10-25.00:05:46::SCWMssOS::/hw_exception_handler.o microblaze_0/lib/inbyte.o microblaze_0/lib/microblaze_disable_dcache.o microblaze_0/lib/microblaze_disa
TRACE::2024-10-25.00:05:46::SCWMssOS::ble_exceptions.o microblaze_0/lib/microblaze_disable_icache.o microblaze_0/lib/microblaze_disable_interrupts.o microblaze_0/lib
TRACE::2024-10-25.00:05:46::SCWMssOS::/microblaze_enable_dcache.o microblaze_0/lib/microblaze_enable_exceptions.o microblaze_0/lib/microblaze_enable_icache.o microbl
TRACE::2024-10-25.00:05:46::SCWMssOS::aze_0/lib/microblaze_enable_interrupts.o microblaze_0/lib/microblaze_exception_handler.o microblaze_0/lib/microblaze_flush_cach
TRACE::2024-10-25.00:05:46::SCWMssOS::e_ext.o microblaze_0/lib/microblaze_flush_cache_ext_range.o microblaze_0/lib/microblaze_flush_dcache.o microblaze_0/lib/microbl
TRACE::2024-10-25.00:05:46::SCWMssOS::aze_flush_dcache_range.o microblaze_0/lib/microblaze_init_dcache_range.o microblaze_0/lib/microblaze_init_icache_range.o microb
TRACE::2024-10-25.00:05:46::SCWMssOS::laze_0/lib/microblaze_interrupt_handler.o microblaze_0/lib/microblaze_interrupts_g.o microblaze_0/lib/microblaze_invalidate_cac
TRACE::2024-10-25.00:05:46::SCWMssOS::he_ext.o microblaze_0/lib/microblaze_invalidate_cache_ext_range.o microblaze_0/lib/microblaze_invalidate_dcache.o microblaze_0/
TRACE::2024-10-25.00:05:46::SCWMssOS::lib/microblaze_invalidate_dcache_range.o microblaze_0/lib/microblaze_invalidate_icache.o microblaze_0/lib/microblaze_invalidate
TRACE::2024-10-25.00:05:46::SCWMssOS::_icache_range.o microblaze_0/lib/microblaze_scrub.o microblaze_0/lib/microblaze_selftest.o microblaze_0/lib/microblaze_sleep.o 
TRACE::2024-10-25.00:05:46::SCWMssOS::microblaze_0/lib/microblaze_update_dcache.o microblaze_0/lib/microblaze_update_icache.o microblaze_0/lib/outbyte.o microblaze_0
TRACE::2024-10-25.00:05:46::SCWMssOS::/lib/print.o microblaze_0/lib/pvr.o microblaze_0/lib/xbram.o microblaze_0/lib/xbram_g.o microblaze_0/lib/xbram_intr.o microblaz
TRACE::2024-10-25.00:05:46::SCWMssOS::e_0/lib/xbram_selftest.o microblaze_0/lib/xbram_sinit.o microblaze_0/lib/xgpio.o microblaze_0/lib/xgpio_extra.o microblaze_0/li
TRACE::2024-10-25.00:05:46::SCWMssOS::b/xgpio_g.o microblaze_0/lib/xgpio_intr.o microblaze_0/lib/xgpio_selftest.o microblaze_0/lib/xgpio_sinit.o microblaze_0/lib/xil
TRACE::2024-10-25.00:05:46::SCWMssOS::_assert.o microblaze_0/lib/xil_cache.o microblaze_0/lib/xil_clocking.o microblaze_0/lib/xil_exception.o microblaze_0/lib/xil_me
TRACE::2024-10-25.00:05:46::SCWMssOS::m.o microblaze_0/lib/xil_misc_psreset_api.o microblaze_0/lib/xil_printf.o microblaze_0/lib/xil_sleepcommon.o microblaze_0/lib/x
TRACE::2024-10-25.00:05:46::SCWMssOS::il_testcache.o microblaze_0/lib/xil_testio.o microblaze_0/lib/xil_testmem.o microblaze_0/lib/xil_util.o microblaze_0/lib/xintc.
TRACE::2024-10-25.00:05:46::SCWMssOS::o microblaze_0/lib/xintc_g.o microblaze_0/lib/xintc_intr.o microblaze_0/lib/xintc_l.o microblaze_0/lib/xintc_options.o microbla
TRACE::2024-10-25.00:05:46::SCWMssOS::ze_0/lib/xintc_selftest.o microblaze_0/lib/xinterrupt_wrap.o microblaze_0/lib/xio.o microblaze_0/lib/xplatform_info.o microblaz
TRACE::2024-10-25.00:05:46::SCWMssOS::e_0/lib/xspi.o microblaze_0/lib/xspi_g.o microblaze_0/lib/xspi_options.o microblaze_0/lib/xspi_selftest.o microblaze_0/lib/xspi
TRACE::2024-10-25.00:05:46::SCWMssOS::_sinit.o microblaze_0/lib/xspi_stats.o microblaze_0/lib/xtmrctr.o microblaze_0/lib/xtmrctr_g.o microblaze_0/lib/xtmrctr_intr.o 
TRACE::2024-10-25.00:05:46::SCWMssOS::microblaze_0/lib/xtmrctr_l.o microblaze_0/lib/xtmrctr_options.o microblaze_0/lib/xtmrctr_selftest.o microblaze_0/lib/xtmrctr_si
TRACE::2024-10-25.00:05:46::SCWMssOS::nit.o microblaze_0/lib/xtmrctr_stats.o microblaze_0/lib/xuartlite.o microblaze_0/lib/xuartlite_g.o microblaze_0/lib/xuartlite_i
TRACE::2024-10-25.00:05:46::SCWMssOS::ntr.o microblaze_0/lib/xuartlite_l.o microblaze_0/lib/xuartlite_selftest.o microblaze_0/lib/xuartlite_sinit.o microblaze_0/lib/
TRACE::2024-10-25.00:05:46::SCWMssOS::xuartlite_stats.o

TRACE::2024-10-25.00:05:47::SCWMssOS::'Finished building libraries'

TRACE::2024-10-25.00:05:47::SCWMssOS:: Checking if to create the Supporting Applications
TRACE::2024-10-25.00:05:47::SCWMssOS:: No Linux domain exists, trying to generate FSBL 
LOG::2024-10-25.00:05:47::SCWSystem::Completed Processing the domain standalone_microblaze_0
LOG::2024-10-25.00:05:47::SCWSystem::Completed Processing the sysconfig mb_usb_hdmi_top
LOG::2024-10-25.00:05:47::SCWPlatform::Completed generating the artifacts for system configuration mb_usb_hdmi_top
TRACE::2024-10-25.00:05:47::SCWPlatform::Started preparing the platform 
TRACE::2024-10-25.00:05:47::SCWSystem::Writing the bif file for system config mb_usb_hdmi_top
TRACE::2024-10-25.00:05:47::SCWSystem::dir created 
TRACE::2024-10-25.00:05:47::SCWSystem::Writing the bif 
TRACE::2024-10-25.00:05:47::SCWPlatform::Started writing the spfm file 
TRACE::2024-10-25.00:05:47::SCWPlatform::Started writing the xpfm file 
TRACE::2024-10-25.00:05:47::SCWPlatform::Completed generating the platform
TRACE::2024-10-25.00:05:47::SCWMssOS::Saving the mss changes C:/Users/curti/OneDrive/Documents/UIUC/ECE-385/Vivado_Projects/lab_6_2/workspace/mb_usb_hdmi_top/microblaze_0/standalone_microblaze_0/bsp/system.mss
TRACE::2024-10-25.00:05:47::SCWMssOS::Adding the swdes entry, mss present, able to open swdb C:/Users/curti/OneDrive/Documents/UIUC/ECE-385/Vivado_Projects/lab_6_2/workspace/mb_usb_hdmi_top/microblaze_0/standalone_microblaze_0/bsp/system.mss with des name system
TRACE::2024-10-25.00:05:47::SCWMssOS::Writing the mss file completed C:/Users/curti/OneDrive/Documents/UIUC/ECE-385/Vivado_Projects/lab_6_2/workspace/mb_usb_hdmi_top/microblaze_0/standalone_microblaze_0/bsp/system.mss
TRACE::2024-10-25.00:05:47::SCWMssOS::Commit changes completed.
TRACE::2024-10-25.00:05:47::SCWPlatform::Trying to open the hw design at C:/Users/curti/OneDrive/Documents/UIUC/ECE-385/Vivado_Projects/lab_6_2/workspace/mb_usb_hdmi_top/hw/mb_usb_hdmi_top.xsa
TRACE::2024-10-25.00:05:47::SCWPlatform::DSA given C:/Users/curti/OneDrive/Documents/UIUC/ECE-385/Vivado_Projects/lab_6_2/workspace/mb_usb_hdmi_top/hw/mb_usb_hdmi_top.xsa
TRACE::2024-10-25.00:05:47::SCWPlatform::DSA absoulate path C:/Users/curti/OneDrive/Documents/UIUC/ECE-385/Vivado_Projects/lab_6_2/workspace/mb_usb_hdmi_top/hw/mb_usb_hdmi_top.xsa
TRACE::2024-10-25.00:05:47::SCWPlatform::DSA directory C:/Users/curti/OneDrive/Documents/UIUC/ECE-385/Vivado_Projects/lab_6_2/workspace/mb_usb_hdmi_top/hw
TRACE::2024-10-25.00:05:47::SCWPlatform:: Platform Path C:/Users/curti/OneDrive/Documents/UIUC/ECE-385/Vivado_Projects/lab_6_2/workspace/mb_usb_hdmi_top/hw/mb_usb_hdmi_top.xsa
TRACE::2024-10-25.00:05:47::SCWPlatform:: Unique name xilinx:::0.0
TRACE::2024-10-25.00:05:47::SCWPlatform::Trying to set the existing hwdb with name mb_usb_hdmi_top_1
TRACE::2024-10-25.00:05:47::SCWPlatform::Opened existing hwdb mb_usb_hdmi_top_1
TRACE::2024-10-25.00:05:47::SCWPlatform::Found the Hw Db part of the input DSA
TRACE::2024-10-25.00:05:47::SCWMssOS::Checking the sw design at  C:/Users/curti/OneDrive/Documents/UIUC/ECE-385/Vivado_Projects/lab_6_2/workspace/mb_usb_hdmi_top/microblaze_0/standalone_microblaze_0/bsp/system.mss
TRACE::2024-10-25.00:05:47::SCWMssOS::DEBUG:  swdes dump  C:/Users/curti/OneDrive/Documents/UIUC/ECE-385/Vivado_Projects/lab_6_2/workspace/mb_usb_hdmi_top/microblaze_0/standalone_microblaze_0/bsp/system.mss|system||

TRACE::2024-10-25.00:05:47::SCWMssOS::Sw design exists and opened at  C:/Users/curti/OneDrive/Documents/UIUC/ECE-385/Vivado_Projects/lab_6_2/workspace/mb_usb_hdmi_top/microblaze_0/standalone_microblaze_0/bsp/system.mss
TRACE::2024-10-25.00:05:47::SCWWriter::formatted JSON is {
	"platformName":	"mb_usb_hdmi_top",
	"sprVersion":	"2.0",
	"mode":	"gui",
	"dsaType":	"Fixed",
	"platformDesc":	"mb_usb_hdmi_top",
	"platHandOff":	"C:/Users/curti/OneDrive/Documents/UIUC/ECE-385/Vivado_Projects/lab_6_2/mb_usb_hdmi_top.xsa",
	"platIntHandOff":	"<platformDir>/hw/mb_usb_hdmi_top.xsa",
	"deviceType":	"FPGA",
	"platIsPrebuiltAutogen":	"false",
	"platIsNoBootBsp":	"false",
	"hasFsblMakeHasChanges":	"false",
	"hasPmufwMakeHasChanges":	"false",
	"platPreBuiltFlag":	false,
	"platformSamplesDir":	"",
	"platActiveSys":	"mb_usb_hdmi_top",
	"systems":	[{
			"systemName":	"mb_usb_hdmi_top",
			"systemDesc":	"mb_usb_hdmi_top",
			"sysIsBootAutoGen":	"true",
			"systemDispName":	"mb_usb_hdmi_top",
			"sysActiveDom":	"standalone_microblaze_0",
			"sysDefaultDom":	"standalone_microblaze_0",
			"domains":	[{
					"domainName":	"standalone_microblaze_0",
					"domainDispName":	"standalone_microblaze_0",
					"domainDesc":	"standalone_microblaze_0",
					"processors":	"microblaze_0",
					"os":	"standalone",
					"sdxOs":	"standalone",
					"debugEnable":	"False",
					"domRuntimes":	["cpp"],
					"swRepo":	"",
					"mssOsVer":	"8.0",
					"mssFile":	"",
					"md5Digest":	"304529987e879521ca977c68d163f362",
					"compatibleApp":	"",
					"domType":	"mssDomain",
					"arch":	"32-bit",
					"appSettings":	{
						"appCompilerFlags":	"",
						"appLinkerFlags":	""
					},
					"addedLibs":	[],
					"libOptions":	{
						"libsContainingOptions":	[]
					},
					"prebuiltLibs":	{
						"prebuiltIncPath":	[],
						"prebuiltLibPath":	[]
					},
					"isolation":	{
					}
				}]
		}]
}
KEYINFO::2024-10-25.00:05:47::SCWPlatform::updated the xpfm file.
TRACE::2024-10-25.00:05:47::SCWPlatform::Trying to open the hw design at C:/Users/curti/OneDrive/Documents/UIUC/ECE-385/Vivado_Projects/lab_6_2/workspace/mb_usb_hdmi_top/hw/mb_usb_hdmi_top.xsa
TRACE::2024-10-25.00:05:47::SCWPlatform::DSA given C:/Users/curti/OneDrive/Documents/UIUC/ECE-385/Vivado_Projects/lab_6_2/workspace/mb_usb_hdmi_top/hw/mb_usb_hdmi_top.xsa
TRACE::2024-10-25.00:05:47::SCWPlatform::DSA absoulate path C:/Users/curti/OneDrive/Documents/UIUC/ECE-385/Vivado_Projects/lab_6_2/workspace/mb_usb_hdmi_top/hw/mb_usb_hdmi_top.xsa
TRACE::2024-10-25.00:05:47::SCWPlatform::DSA directory C:/Users/curti/OneDrive/Documents/UIUC/ECE-385/Vivado_Projects/lab_6_2/workspace/mb_usb_hdmi_top/hw
TRACE::2024-10-25.00:05:47::SCWPlatform:: Platform Path C:/Users/curti/OneDrive/Documents/UIUC/ECE-385/Vivado_Projects/lab_6_2/workspace/mb_usb_hdmi_top/hw/mb_usb_hdmi_top.xsa
TRACE::2024-10-25.00:05:47::SCWPlatform:: Unique name xilinx:::0.0
TRACE::2024-10-25.00:05:47::SCWPlatform::Trying to set the existing hwdb with name mb_usb_hdmi_top_1
TRACE::2024-10-25.00:05:47::SCWPlatform::Opened existing hwdb mb_usb_hdmi_top_1
TRACE::2024-10-25.00:05:47::SCWPlatform::Found the Hw Db part of the input DSA
TRACE::2024-10-25.00:05:47::SCWMssOS::Checking the sw design at  C:/Users/curti/OneDrive/Documents/UIUC/ECE-385/Vivado_Projects/lab_6_2/workspace/mb_usb_hdmi_top/microblaze_0/standalone_microblaze_0/bsp/system.mss
TRACE::2024-10-25.00:05:47::SCWMssOS::DEBUG:  swdes dump  C:/Users/curti/OneDrive/Documents/UIUC/ECE-385/Vivado_Projects/lab_6_2/workspace/mb_usb_hdmi_top/microblaze_0/standalone_microblaze_0/bsp/system.mss|system||

TRACE::2024-10-25.00:05:47::SCWMssOS::Sw design exists and opened at  C:/Users/curti/OneDrive/Documents/UIUC/ECE-385/Vivado_Projects/lab_6_2/workspace/mb_usb_hdmi_top/microblaze_0/standalone_microblaze_0/bsp/system.mss
TRACE::2024-10-25.13:49:41::SCWPlatform::Trying to open the hw design at C:/Users/curti/OneDrive/Documents/UIUC/ECE-385/Vivado_Projects/lab_6_2/workspace/mb_usb_hdmi_top/hw/mb_usb_hdmi_top.xsa
TRACE::2024-10-25.13:49:41::SCWPlatform::DSA given C:/Users/curti/OneDrive/Documents/UIUC/ECE-385/Vivado_Projects/lab_6_2/workspace/mb_usb_hdmi_top/hw/mb_usb_hdmi_top.xsa
TRACE::2024-10-25.13:49:41::SCWPlatform::DSA absoulate path C:/Users/curti/OneDrive/Documents/UIUC/ECE-385/Vivado_Projects/lab_6_2/workspace/mb_usb_hdmi_top/hw/mb_usb_hdmi_top.xsa
TRACE::2024-10-25.13:49:41::SCWPlatform::DSA directory C:/Users/curti/OneDrive/Documents/UIUC/ECE-385/Vivado_Projects/lab_6_2/workspace/mb_usb_hdmi_top/hw
TRACE::2024-10-25.13:49:41::SCWPlatform:: Platform Path C:/Users/curti/OneDrive/Documents/UIUC/ECE-385/Vivado_Projects/lab_6_2/workspace/mb_usb_hdmi_top/hw/mb_usb_hdmi_top.xsa
TRACE::2024-10-25.13:49:41::SCWPlatform:: Unique name xilinx:::0.0
TRACE::2024-10-25.13:49:41::SCWPlatform::Do not have an existing db opened. 
TRACE::2024-10-25.13:49:41::SCWPlatform::Opened new HwDB with name mb_usb_hdmi_top_1
TRACE::2024-10-25.13:49:41::SCWReader::Active system found as  mb_usb_hdmi_top
TRACE::2024-10-25.13:49:41::SCWReader::Handling sysconfig mb_usb_hdmi_top
TRACE::2024-10-25.13:49:41::SCWDomain::checking for install qemu data   : 
TRACE::2024-10-25.13:49:41::SCWPlatform::Trying to open the hw design at C:/Users/curti/OneDrive/Documents/UIUC/ECE-385/Vivado_Projects/lab_6_2/workspace/mb_usb_hdmi_top/hw/mb_usb_hdmi_top.xsa
TRACE::2024-10-25.13:49:41::SCWPlatform::DSA given C:/Users/curti/OneDrive/Documents/UIUC/ECE-385/Vivado_Projects/lab_6_2/workspace/mb_usb_hdmi_top/hw/mb_usb_hdmi_top.xsa
TRACE::2024-10-25.13:49:41::SCWPlatform::DSA absoulate path C:/Users/curti/OneDrive/Documents/UIUC/ECE-385/Vivado_Projects/lab_6_2/workspace/mb_usb_hdmi_top/hw/mb_usb_hdmi_top.xsa
TRACE::2024-10-25.13:49:41::SCWPlatform::DSA directory C:/Users/curti/OneDrive/Documents/UIUC/ECE-385/Vivado_Projects/lab_6_2/workspace/mb_usb_hdmi_top/hw
TRACE::2024-10-25.13:49:41::SCWPlatform:: Platform Path C:/Users/curti/OneDrive/Documents/UIUC/ECE-385/Vivado_Projects/lab_6_2/workspace/mb_usb_hdmi_top/hw/mb_usb_hdmi_top.xsa
TRACE::2024-10-25.13:49:41::SCWPlatform:: Unique name xilinx:::0.0
TRACE::2024-10-25.13:49:41::SCWPlatform::Trying to set the existing hwdb with name mb_usb_hdmi_top_1
TRACE::2024-10-25.13:49:41::SCWPlatform::Opened existing hwdb mb_usb_hdmi_top_1
TRACE::2024-10-25.13:49:41::SCWPlatform::Found the Hw Db part of the input DSA
TRACE::2024-10-25.13:49:41::SCWPlatform::Trying to open the hw design at C:/Users/curti/OneDrive/Documents/UIUC/ECE-385/Vivado_Projects/lab_6_2/workspace/mb_usb_hdmi_top/hw/mb_usb_hdmi_top.xsa
TRACE::2024-10-25.13:49:41::SCWPlatform::DSA given C:/Users/curti/OneDrive/Documents/UIUC/ECE-385/Vivado_Projects/lab_6_2/workspace/mb_usb_hdmi_top/hw/mb_usb_hdmi_top.xsa
TRACE::2024-10-25.13:49:41::SCWPlatform::DSA absoulate path C:/Users/curti/OneDrive/Documents/UIUC/ECE-385/Vivado_Projects/lab_6_2/workspace/mb_usb_hdmi_top/hw/mb_usb_hdmi_top.xsa
TRACE::2024-10-25.13:49:41::SCWPlatform::DSA directory C:/Users/curti/OneDrive/Documents/UIUC/ECE-385/Vivado_Projects/lab_6_2/workspace/mb_usb_hdmi_top/hw
TRACE::2024-10-25.13:49:41::SCWPlatform:: Platform Path C:/Users/curti/OneDrive/Documents/UIUC/ECE-385/Vivado_Projects/lab_6_2/workspace/mb_usb_hdmi_top/hw/mb_usb_hdmi_top.xsa
TRACE::2024-10-25.13:49:41::SCWPlatform:: Unique name xilinx:::0.0
TRACE::2024-10-25.13:49:41::SCWPlatform::Trying to set the existing hwdb with name mb_usb_hdmi_top_1
TRACE::2024-10-25.13:49:41::SCWPlatform::Opened existing hwdb mb_usb_hdmi_top_1
TRACE::2024-10-25.13:49:41::SCWPlatform::Found the Hw Db part of the input DSA
TRACE::2024-10-25.13:49:41::SCWPlatform::Trying to open the hw design at C:/Users/curti/OneDrive/Documents/UIUC/ECE-385/Vivado_Projects/lab_6_2/workspace/mb_usb_hdmi_top/hw/mb_usb_hdmi_top.xsa
TRACE::2024-10-25.13:49:41::SCWPlatform::DSA given C:/Users/curti/OneDrive/Documents/UIUC/ECE-385/Vivado_Projects/lab_6_2/workspace/mb_usb_hdmi_top/hw/mb_usb_hdmi_top.xsa
TRACE::2024-10-25.13:49:41::SCWPlatform::DSA absoulate path C:/Users/curti/OneDrive/Documents/UIUC/ECE-385/Vivado_Projects/lab_6_2/workspace/mb_usb_hdmi_top/hw/mb_usb_hdmi_top.xsa
TRACE::2024-10-25.13:49:41::SCWPlatform::DSA directory C:/Users/curti/OneDrive/Documents/UIUC/ECE-385/Vivado_Projects/lab_6_2/workspace/mb_usb_hdmi_top/hw
TRACE::2024-10-25.13:49:41::SCWPlatform:: Platform Path C:/Users/curti/OneDrive/Documents/UIUC/ECE-385/Vivado_Projects/lab_6_2/workspace/mb_usb_hdmi_top/hw/mb_usb_hdmi_top.xsa
TRACE::2024-10-25.13:49:41::SCWPlatform:: Unique name xilinx:::0.0
TRACE::2024-10-25.13:49:41::SCWPlatform::Trying to set the existing hwdb with name mb_usb_hdmi_top_1
TRACE::2024-10-25.13:49:41::SCWPlatform::Opened existing hwdb mb_usb_hdmi_top_1
TRACE::2024-10-25.13:49:41::SCWPlatform::Found the Hw Db part of the input DSA
TRACE::2024-10-25.13:49:41::SCWPlatform::Trying to open the hw design at C:/Users/curti/OneDrive/Documents/UIUC/ECE-385/Vivado_Projects/lab_6_2/workspace/mb_usb_hdmi_top/hw/mb_usb_hdmi_top.xsa
TRACE::2024-10-25.13:49:41::SCWPlatform::DSA given C:/Users/curti/OneDrive/Documents/UIUC/ECE-385/Vivado_Projects/lab_6_2/workspace/mb_usb_hdmi_top/hw/mb_usb_hdmi_top.xsa
TRACE::2024-10-25.13:49:41::SCWPlatform::DSA absoulate path C:/Users/curti/OneDrive/Documents/UIUC/ECE-385/Vivado_Projects/lab_6_2/workspace/mb_usb_hdmi_top/hw/mb_usb_hdmi_top.xsa
TRACE::2024-10-25.13:49:41::SCWPlatform::DSA directory C:/Users/curti/OneDrive/Documents/UIUC/ECE-385/Vivado_Projects/lab_6_2/workspace/mb_usb_hdmi_top/hw
TRACE::2024-10-25.13:49:41::SCWPlatform:: Platform Path C:/Users/curti/OneDrive/Documents/UIUC/ECE-385/Vivado_Projects/lab_6_2/workspace/mb_usb_hdmi_top/hw/mb_usb_hdmi_top.xsa
TRACE::2024-10-25.13:49:41::SCWPlatform:: Unique name xilinx:::0.0
TRACE::2024-10-25.13:49:41::SCWPlatform::Trying to set the existing hwdb with name mb_usb_hdmi_top_1
TRACE::2024-10-25.13:49:41::SCWPlatform::Opened existing hwdb mb_usb_hdmi_top_1
TRACE::2024-10-25.13:49:41::SCWPlatform::Found the Hw Db part of the input DSA
TRACE::2024-10-25.13:49:41::SCWMssOS::Checking the sw design at  C:/Users/curti/OneDrive/Documents/UIUC/ECE-385/Vivado_Projects/lab_6_2/workspace/mb_usb_hdmi_top/microblaze_0/standalone_microblaze_0/bsp/system.mss
TRACE::2024-10-25.13:49:41::SCWMssOS::DEBUG:  swdes dump  
TRACE::2024-10-25.13:49:41::SCWMssOS::No sw design opened at  C:/Users/curti/OneDrive/Documents/UIUC/ECE-385/Vivado_Projects/lab_6_2/workspace/mb_usb_hdmi_top/microblaze_0/standalone_microblaze_0/bsp/system.mss
TRACE::2024-10-25.13:49:41::SCWMssOS::mss exists loading the mss file  C:/Users/curti/OneDrive/Documents/UIUC/ECE-385/Vivado_Projects/lab_6_2/workspace/mb_usb_hdmi_top/microblaze_0/standalone_microblaze_0/bsp/system.mss
TRACE::2024-10-25.13:49:41::SCWMssOS::Opened the sw design from mss  C:/Users/curti/OneDrive/Documents/UIUC/ECE-385/Vivado_Projects/lab_6_2/workspace/mb_usb_hdmi_top/microblaze_0/standalone_microblaze_0/bsp/system.mss
TRACE::2024-10-25.13:49:41::SCWMssOS::Adding the swdes entry C:/Users/curti/OneDrive/Documents/UIUC/ECE-385/Vivado_Projects/lab_6_2/workspace/mb_usb_hdmi_top/microblaze_0/standalone_microblaze_0/bsp/system.mss with des name system
TRACE::2024-10-25.13:49:41::SCWMssOS::updating the scw layer about changes
TRACE::2024-10-25.13:49:41::SCWMssOS::Opened the sw design.  C:/Users/curti/OneDrive/Documents/UIUC/ECE-385/Vivado_Projects/lab_6_2/workspace/mb_usb_hdmi_top/microblaze_0/standalone_microblaze_0/bsp/system.mss
TRACE::2024-10-25.13:49:41::SCWMssOS::Saving the mss changes C:/Users/curti/OneDrive/Documents/UIUC/ECE-385/Vivado_Projects/lab_6_2/workspace/mb_usb_hdmi_top/microblaze_0/standalone_microblaze_0/bsp/system.mss
TRACE::2024-10-25.13:49:41::SCWMssOS::Found a swdesign opened with the mssfile.
TRACE::2024-10-25.13:49:41::SCWMssOS::Completed writemss as part of save.
TRACE::2024-10-25.13:49:41::SCWMssOS::Commit changes completed.
TRACE::2024-10-25.13:49:41::SCWReader::Adding prebuilt librarypaths as   
TRACE::2024-10-25.13:49:41::SCWReader::Adding prebuilt incpaths  as   
TRACE::2024-10-25.13:49:41::SCWPlatform::Trying to open the hw design at C:/Users/curti/OneDrive/Documents/UIUC/ECE-385/Vivado_Projects/lab_6_2/workspace/mb_usb_hdmi_top/hw/mb_usb_hdmi_top.xsa
TRACE::2024-10-25.13:49:41::SCWPlatform::DSA given C:/Users/curti/OneDrive/Documents/UIUC/ECE-385/Vivado_Projects/lab_6_2/workspace/mb_usb_hdmi_top/hw/mb_usb_hdmi_top.xsa
TRACE::2024-10-25.13:49:41::SCWPlatform::DSA absoulate path C:/Users/curti/OneDrive/Documents/UIUC/ECE-385/Vivado_Projects/lab_6_2/workspace/mb_usb_hdmi_top/hw/mb_usb_hdmi_top.xsa
TRACE::2024-10-25.13:49:41::SCWPlatform::DSA directory C:/Users/curti/OneDrive/Documents/UIUC/ECE-385/Vivado_Projects/lab_6_2/workspace/mb_usb_hdmi_top/hw
TRACE::2024-10-25.13:49:41::SCWPlatform:: Platform Path C:/Users/curti/OneDrive/Documents/UIUC/ECE-385/Vivado_Projects/lab_6_2/workspace/mb_usb_hdmi_top/hw/mb_usb_hdmi_top.xsa
TRACE::2024-10-25.13:49:41::SCWPlatform:: Unique name xilinx:::0.0
TRACE::2024-10-25.13:49:41::SCWPlatform::Trying to set the existing hwdb with name mb_usb_hdmi_top_1
TRACE::2024-10-25.13:49:41::SCWPlatform::Opened existing hwdb mb_usb_hdmi_top_1
TRACE::2024-10-25.13:49:41::SCWPlatform::Found the Hw Db part of the input DSA
TRACE::2024-10-25.13:49:41::SCWMssOS::Checking the sw design at  C:/Users/curti/OneDrive/Documents/UIUC/ECE-385/Vivado_Projects/lab_6_2/workspace/mb_usb_hdmi_top/microblaze_0/standalone_microblaze_0/bsp/system.mss
TRACE::2024-10-25.13:49:41::SCWMssOS::DEBUG:  swdes dump  C:/Users/curti/OneDrive/Documents/UIUC/ECE-385/Vivado_Projects/lab_6_2/workspace/mb_usb_hdmi_top/microblaze_0/standalone_microblaze_0/bsp/system.mss|system||

TRACE::2024-10-25.13:49:41::SCWMssOS::Sw design exists and opened at  C:/Users/curti/OneDrive/Documents/UIUC/ECE-385/Vivado_Projects/lab_6_2/workspace/mb_usb_hdmi_top/microblaze_0/standalone_microblaze_0/bsp/system.mss
TRACE::2024-10-25.13:49:41::SCWReader::No isolation master present  
TRACE::2024-10-25.13:49:41::SCWMssOS::cleaning the bsp 
TRACE::2024-10-25.13:49:41::SCWMssOS::System Command Ran  C: & cd  C:/Users/curti/OneDrive/Documents/UIUC/ECE-385/Vivado_Projects/lab_6_2/workspace/mb_usb_hdmi_top/microblaze_0/standalone_microblaze_0/bsp & make clean 
TRACE::2024-10-25.13:49:41::SCWMssOS::make -C microblaze_0/libsrc/bram_v4_8/src -s clean 

TRACE::2024-10-25.13:49:41::SCWMssOS::make -C microblaze_0/libsrc/cpu_v2_16/src -s clean 

TRACE::2024-10-25.13:49:42::SCWMssOS::make -C microblaze_0/libsrc/gpio_v4_9/src -s clean 

TRACE::2024-10-25.13:49:42::SCWMssOS::make -C microblaze_0/libsrc/intc_v3_15/src -s clean 

TRACE::2024-10-25.13:49:42::SCWMssOS::make -C microblaze_0/libsrc/spi_v4_9/src -s clean 

TRACE::2024-10-25.13:49:42::SCWMssOS::make -C microblaze_0/libsrc/standalone_v8_0/src -s clean 

TRACE::2024-10-25.13:49:43::SCWMssOS::make -C microblaze_0/libsrc/tmrctr_v4_9/src -s clean 

TRACE::2024-10-25.13:49:43::SCWMssOS::make -C microblaze_0/libsrc/uartlite_v3_7/src -s clean 

TRACE::2024-10-25.13:49:43::SCWMssOS::rm -f microblaze_0/lib/libxil.a

LOG::2024-10-25.13:49:53::SCWPlatform::Started generating the artifacts platform mb_usb_hdmi_top
TRACE::2024-10-25.13:49:53::SCWPlatform::Sanity checking of platform is completed
LOG::2024-10-25.13:49:53::SCWPlatform::Started generating the artifacts for system configuration mb_usb_hdmi_top
LOG::2024-10-25.13:49:53::SCWSystem::Checking the domain standalone_microblaze_0
LOG::2024-10-25.13:49:53::SCWSystem::Not a boot domain 
LOG::2024-10-25.13:49:53::SCWSystem::Started Processing the domain standalone_microblaze_0
TRACE::2024-10-25.13:49:53::SCWDomain::Generating domain artifcats
TRACE::2024-10-25.13:49:53::SCWMssOS::Generating standalone artifcats
TRACE::2024-10-25.13:49:53::SCWMssOS:: Copying the user libraries. 
TRACE::2024-10-25.13:49:53::SCWPlatform::Trying to open the hw design at C:/Users/curti/OneDrive/Documents/UIUC/ECE-385/Vivado_Projects/lab_6_2/workspace/mb_usb_hdmi_top/hw/mb_usb_hdmi_top.xsa
TRACE::2024-10-25.13:49:53::SCWPlatform::DSA given C:/Users/curti/OneDrive/Documents/UIUC/ECE-385/Vivado_Projects/lab_6_2/workspace/mb_usb_hdmi_top/hw/mb_usb_hdmi_top.xsa
TRACE::2024-10-25.13:49:53::SCWPlatform::DSA absoulate path C:/Users/curti/OneDrive/Documents/UIUC/ECE-385/Vivado_Projects/lab_6_2/workspace/mb_usb_hdmi_top/hw/mb_usb_hdmi_top.xsa
TRACE::2024-10-25.13:49:53::SCWPlatform::DSA directory C:/Users/curti/OneDrive/Documents/UIUC/ECE-385/Vivado_Projects/lab_6_2/workspace/mb_usb_hdmi_top/hw
TRACE::2024-10-25.13:49:53::SCWPlatform:: Platform Path C:/Users/curti/OneDrive/Documents/UIUC/ECE-385/Vivado_Projects/lab_6_2/workspace/mb_usb_hdmi_top/hw/mb_usb_hdmi_top.xsa
TRACE::2024-10-25.13:49:53::SCWPlatform:: Unique name xilinx:::0.0
TRACE::2024-10-25.13:49:53::SCWPlatform::Trying to set the existing hwdb with name mb_usb_hdmi_top_1
TRACE::2024-10-25.13:49:53::SCWPlatform::Opened existing hwdb mb_usb_hdmi_top_1
TRACE::2024-10-25.13:49:53::SCWPlatform::Found the Hw Db part of the input DSA
TRACE::2024-10-25.13:49:53::SCWMssOS::Checking the sw design at  C:/Users/curti/OneDrive/Documents/UIUC/ECE-385/Vivado_Projects/lab_6_2/workspace/mb_usb_hdmi_top/microblaze_0/standalone_microblaze_0/bsp/system.mss
TRACE::2024-10-25.13:49:53::SCWMssOS::DEBUG:  swdes dump  C:/Users/curti/OneDrive/Documents/UIUC/ECE-385/Vivado_Projects/lab_6_2/workspace/mb_usb_hdmi_top/microblaze_0/standalone_microblaze_0/bsp/system.mss|system||

TRACE::2024-10-25.13:49:53::SCWMssOS::Sw design exists and opened at  C:/Users/curti/OneDrive/Documents/UIUC/ECE-385/Vivado_Projects/lab_6_2/workspace/mb_usb_hdmi_top/microblaze_0/standalone_microblaze_0/bsp/system.mss
TRACE::2024-10-25.13:49:53::SCWMssOS::Completed writing the mss file at C:/Users/curti/OneDrive/Documents/UIUC/ECE-385/Vivado_Projects/lab_6_2/workspace/mb_usb_hdmi_top/microblaze_0/standalone_microblaze_0/bsp
TRACE::2024-10-25.13:49:53::SCWMssOS::Mss edits present, copying mssfile into export location C:/Users/curti/OneDrive/Documents/UIUC/ECE-385/Vivado_Projects/lab_6_2/workspace/mb_usb_hdmi_top/microblaze_0/standalone_microblaze_0/bsp/system.mss
TRACE::2024-10-25.13:49:53::SCWMssOS::bsp generated is upto date with the mss file. Skipping bsp generation.
TRACE::2024-10-25.13:49:53::SCWMssOS::BSP is already built. skipping the bsp build ... 
TRACE::2024-10-25.13:49:53::SCWDomain::Building the domain as part of full build :  standalone_microblaze_0
TRACE::2024-10-25.13:49:53::SCWMssOS::doing bsp build ... 
TRACE::2024-10-25.13:49:53::SCWMssOS::System Command Ran  C: & cd  C:/Users/curti/OneDrive/Documents/UIUC/ECE-385/Vivado_Projects/lab_6_2/workspace/mb_usb_hdmi_top/microblaze_0/standalone_microblaze_0/bsp & make 
TRACE::2024-10-25.13:49:53::SCWMssOS::make --no-print-directory seq_libs

TRACE::2024-10-25.13:49:53::SCWMssOS::'Finished building libraries sequentially.'

TRACE::2024-10-25.13:49:53::SCWMssOS::make -j 18 --no-print-directory par_libs

TRACE::2024-10-25.13:49:53::SCWMssOS::"Running Make include in microblaze_0/libsrc/bram_v4_8/src"

TRACE::2024-10-25.13:49:53::SCWMssOS::make -C microblaze_0/libsrc/bram_v4_8/src -s include  "SHELL=CMD" "COMPILER=mb-gcc" "ASSEMBLER=mb-as" "ARCHIVER=mb-ar" "COMPILE
TRACE::2024-10-25.13:49:53::SCWMssOS::R_FLAGS=  -O2 -c -mcpu=v11.0 -mlittle-endian -mno-xl-reorder -mno-xl-soft-mul -mxl-barrel-shift -mxl-pattern-compare" "EXTRA_CO
TRACE::2024-10-25.13:49:53::SCWMssOS::MPILER_FLAGS=-g -ffunction-sections -fdata-sections -Wall -Wextra -fno-tree-loop-distribute-patterns"

TRACE::2024-10-25.13:49:53::SCWMssOS::"Running Make include in microblaze_0/libsrc/cpu_v2_16/src"

TRACE::2024-10-25.13:49:53::SCWMssOS::make -C microblaze_0/libsrc/cpu_v2_16/src -s include  "SHELL=CMD" "COMPILER=mb-gcc" "ASSEMBLER=mb-as" "ARCHIVER=mb-ar" "COMPILE
TRACE::2024-10-25.13:49:53::SCWMssOS::R_FLAGS=  -O2 -c -mcpu=v11.0 -mlittle-endian -mno-xl-reorder -mno-xl-soft-mul -mxl-barrel-shift -mxl-pattern-compare" "EXTRA_CO
TRACE::2024-10-25.13:49:53::SCWMssOS::MPILER_FLAGS=-g -ffunction-sections -fdata-sections -Wall -Wextra -fno-tree-loop-distribute-patterns"

TRACE::2024-10-25.13:49:53::SCWMssOS::"Running Make include in microblaze_0/libsrc/gpio_v4_9/src"

TRACE::2024-10-25.13:49:53::SCWMssOS::make -C microblaze_0/libsrc/gpio_v4_9/src -s include  "SHELL=CMD" "COMPILER=mb-gcc" "ASSEMBLER=mb-as" "ARCHIVER=mb-ar" "COMPILE
TRACE::2024-10-25.13:49:53::SCWMssOS::R_FLAGS=  -O2 -c -mcpu=v11.0 -mlittle-endian -mno-xl-reorder -mno-xl-soft-mul -mxl-barrel-shift -mxl-pattern-compare" "EXTRA_CO
TRACE::2024-10-25.13:49:53::SCWMssOS::MPILER_FLAGS=-g -ffunction-sections -fdata-sections -Wall -Wextra -fno-tree-loop-distribute-patterns"

TRACE::2024-10-25.13:49:53::SCWMssOS::"Running Make include in microblaze_0/libsrc/intc_v3_15/src"

TRACE::2024-10-25.13:49:53::SCWMssOS::make -C microblaze_0/libsrc/intc_v3_15/src -s include  "SHELL=CMD" "COMPILER=mb-gcc" "ASSEMBLER=mb-as" "ARCHIVER=mb-ar" "COMPIL
TRACE::2024-10-25.13:49:53::SCWMssOS::ER_FLAGS=  -O2 -c -mcpu=v11.0 -mlittle-endian -mno-xl-reorder -mno-xl-soft-mul -mxl-barrel-shift -mxl-pattern-compare" "EXTRA_C
TRACE::2024-10-25.13:49:53::SCWMssOS::OMPILER_FLAGS=-g -ffunction-sections -fdata-sections -Wall -Wextra -fno-tree-loop-distribute-patterns"

TRACE::2024-10-25.13:49:53::SCWMssOS::"Running Make include in microblaze_0/libsrc/spi_v4_9/src"

TRACE::2024-10-25.13:49:53::SCWMssOS::make -C microblaze_0/libsrc/spi_v4_9/src -s include  "SHELL=CMD" "COMPILER=mb-gcc" "ASSEMBLER=mb-as" "ARCHIVER=mb-ar" "COMPILER
TRACE::2024-10-25.13:49:53::SCWMssOS::_FLAGS=  -O2 -c -mcpu=v11.0 -mlittle-endian -mno-xl-reorder -mno-xl-soft-mul -mxl-barrel-shift -mxl-pattern-compare" "EXTRA_COM
TRACE::2024-10-25.13:49:53::SCWMssOS::PILER_FLAGS=-g -ffunction-sections -fdata-sections -Wall -Wextra -fno-tree-loop-distribute-patterns"

TRACE::2024-10-25.13:49:53::SCWMssOS::"Running Make include in microblaze_0/libsrc/standalone_v8_0/src"

TRACE::2024-10-25.13:49:53::SCWMssOS::make -C microblaze_0/libsrc/standalone_v8_0/src -s include  "SHELL=CMD" "COMPILER=mb-gcc" "ASSEMBLER=mb-as" "ARCHIVER=mb-ar" "C
TRACE::2024-10-25.13:49:53::SCWMssOS::OMPILER_FLAGS=  -O2 -c -mcpu=v11.0 -mlittle-endian -mno-xl-reorder -mno-xl-soft-mul -mxl-barrel-shift -mxl-pattern-compare" "EX
TRACE::2024-10-25.13:49:53::SCWMssOS::TRA_COMPILER_FLAGS=-g -ffunction-sections -fdata-sections -Wall -Wextra -fno-tree-loop-distribute-patterns"

TRACE::2024-10-25.13:49:53::SCWMssOS::"Running Make include in microblaze_0/libsrc/tmrctr_v4_9/src"

TRACE::2024-10-25.13:49:53::SCWMssOS::make -C microblaze_0/libsrc/tmrctr_v4_9/src -s include  "SHELL=CMD" "COMPILER=mb-gcc" "ASSEMBLER=mb-as" "ARCHIVER=mb-ar" "COMPI
TRACE::2024-10-25.13:49:53::SCWMssOS::LER_FLAGS=  -O2 -c -mcpu=v11.0 -mlittle-endian -mno-xl-reorder -mno-xl-soft-mul -mxl-barrel-shift -mxl-pattern-compare" "EXTRA_
TRACE::2024-10-25.13:49:53::SCWMssOS::COMPILER_FLAGS=-g -ffunction-sections -fdata-sections -Wall -Wextra -fno-tree-loop-distribute-patterns"

TRACE::2024-10-25.13:49:53::SCWMssOS::"Running Make include in microblaze_0/libsrc/uartlite_v3_7/src"

TRACE::2024-10-25.13:49:53::SCWMssOS::make -C microblaze_0/libsrc/uartlite_v3_7/src -s include  "SHELL=CMD" "COMPILER=mb-gcc" "ASSEMBLER=mb-as" "ARCHIVER=mb-ar" "COM
TRACE::2024-10-25.13:49:53::SCWMssOS::PILER_FLAGS=  -O2 -c -mcpu=v11.0 -mlittle-endian -mno-xl-reorder -mno-xl-soft-mul -mxl-barrel-shift -mxl-pattern-compare" "EXTR
TRACE::2024-10-25.13:49:53::SCWMssOS::A_COMPILER_FLAGS=-g -ffunction-sections -fdata-sections -Wall -Wextra -fno-tree-loop-distribute-patterns"

TRACE::2024-10-25.13:49:54::SCWMssOS::"Running Make libs in microblaze_0/libsrc/bram_v4_8/src"

TRACE::2024-10-25.13:49:54::SCWMssOS::make -C microblaze_0/libsrc/bram_v4_8/src -s libs  "SHELL=CMD" "COMPILER=mb-gcc" "ASSEMBLER=mb-as" "ARCHIVER=mb-ar" "COMPILER_F
TRACE::2024-10-25.13:49:54::SCWMssOS::LAGS=  -O2 -c -mcpu=v11.0 -mlittle-endian -mno-xl-reorder -mno-xl-soft-mul -mxl-barrel-shift -mxl-pattern-compare" "EXTRA_COMPI
TRACE::2024-10-25.13:49:54::SCWMssOS::LER_FLAGS=-g -ffunction-sections -fdata-sections -Wall -Wextra -fno-tree-loop-distribute-patterns"

TRACE::2024-10-25.13:49:54::SCWMssOS::"Running Make libs in microblaze_0/libsrc/cpu_v2_16/src"

TRACE::2024-10-25.13:49:54::SCWMssOS::make -C microblaze_0/libsrc/cpu_v2_16/src -s libs  "SHELL=CMD" "COMPILER=mb-gcc" "ASSEMBLER=mb-as" "ARCHIVER=mb-ar" "COMPILER_F
TRACE::2024-10-25.13:49:54::SCWMssOS::LAGS=  -O2 -c -mcpu=v11.0 -mlittle-endian -mno-xl-reorder -mno-xl-soft-mul -mxl-barrel-shift -mxl-pattern-compare" "EXTRA_COMPI
TRACE::2024-10-25.13:49:54::SCWMssOS::LER_FLAGS=-g -ffunction-sections -fdata-sections -Wall -Wextra -fno-tree-loop-distribute-patterns"

TRACE::2024-10-25.13:49:54::SCWMssOS::"Running Make libs in microblaze_0/libsrc/gpio_v4_9/src"

TRACE::2024-10-25.13:49:54::SCWMssOS::"Running Make libs in microblaze_0/libsrc/intc_v3_15/src"

TRACE::2024-10-25.13:49:54::SCWMssOS::make -C microblaze_0/libsrc/gpio_v4_9/src -s libs  "SHELL=CMD" "COMPILER=mb-gcc" "ASSEMBLER=mb-as" "ARCHIVER=mb-ar" "COMPILER_F
TRACE::2024-10-25.13:49:54::SCWMssOS::LAGS=  -O2 -c -mcpu=v11.0 -mlittle-endian -mno-xl-reorder -mno-xl-soft-mul -mxl-barrel-shift -mxl-pattern-compare" "EXTRA_COMPI
TRACE::2024-10-25.13:49:54::SCWMssOS::LER_FLAGS=-g -ffunction-sections -fdata-sections -Wall -Wextra -fno-tree-loop-distribute-patterns"

TRACE::2024-10-25.13:49:54::SCWMssOS::make -C microblaze_0/libsrc/intc_v3_15/src -s libs  "SHELL=CMD" "COMPILER=mb-gcc" "ASSEMBLER=mb-as" "ARCHIVER=mb-ar" "COMPILER_
TRACE::2024-10-25.13:49:54::SCWMssOS::FLAGS=  -O2 -c -mcpu=v11.0 -mlittle-endian -mno-xl-reorder -mno-xl-soft-mul -mxl-barrel-shift -mxl-pattern-compare" "EXTRA_COMP
TRACE::2024-10-25.13:49:54::SCWMssOS::ILER_FLAGS=-g -ffunction-sections -fdata-sections -Wall -Wextra -fno-tree-loop-distribute-patterns"

TRACE::2024-10-25.13:49:54::SCWMssOS::"Running Make libs in microblaze_0/libsrc/spi_v4_9/src"

TRACE::2024-10-25.13:49:54::SCWMssOS::make -C microblaze_0/libsrc/spi_v4_9/src -s libs  "SHELL=CMD" "COMPILER=mb-gcc" "ASSEMBLER=mb-as" "ARCHIVER=mb-ar" "COMPILER_FL
TRACE::2024-10-25.13:49:54::SCWMssOS::AGS=  -O2 -c -mcpu=v11.0 -mlittle-endian -mno-xl-reorder -mno-xl-soft-mul -mxl-barrel-shift -mxl-pattern-compare" "EXTRA_COMPIL
TRACE::2024-10-25.13:49:54::SCWMssOS::ER_FLAGS=-g -ffunction-sections -fdata-sections -Wall -Wextra -fno-tree-loop-distribute-patterns"

TRACE::2024-10-25.13:49:54::SCWMssOS::"Running Make libs in microblaze_0/libsrc/standalone_v8_0/src"

TRACE::2024-10-25.13:49:54::SCWMssOS::make -C microblaze_0/libsrc/standalone_v8_0/src -s libs  "SHELL=CMD" "COMPILER=mb-gcc" "ASSEMBLER=mb-as" "ARCHIVER=mb-ar" "COMP
TRACE::2024-10-25.13:49:54::SCWMssOS::ILER_FLAGS=  -O2 -c -mcpu=v11.0 -mlittle-endian -mno-xl-reorder -mno-xl-soft-mul -mxl-barrel-shift -mxl-pattern-compare" "EXTRA
TRACE::2024-10-25.13:49:54::SCWMssOS::_COMPILER_FLAGS=-g -ffunction-sections -fdata-sections -Wall -Wextra -fno-tree-loop-distribute-patterns"

TRACE::2024-10-25.13:49:54::SCWMssOS::"Running Make libs in microblaze_0/libsrc/tmrctr_v4_9/src"

TRACE::2024-10-25.13:49:54::SCWMssOS::make -C microblaze_0/libsrc/tmrctr_v4_9/src -s libs  "SHELL=CMD" "COMPILER=mb-gcc" "ASSEMBLER=mb-as" "ARCHIVER=mb-ar" "COMPILER
TRACE::2024-10-25.13:49:54::SCWMssOS::_FLAGS=  -O2 -c -mcpu=v11.0 -mlittle-endian -mno-xl-reorder -mno-xl-soft-mul -mxl-barrel-shift -mxl-pattern-compare" "EXTRA_COM
TRACE::2024-10-25.13:49:54::SCWMssOS::PILER_FLAGS=-g -ffunction-sections -fdata-sections -Wall -Wextra -fno-tree-loop-distribute-patterns"

TRACE::2024-10-25.13:49:55::SCWMssOS::"Running Make libs in microblaze_0/libsrc/uartlite_v3_7/src"

TRACE::2024-10-25.13:49:55::SCWMssOS::make -C microblaze_0/libsrc/uartlite_v3_7/src -s libs  "SHELL=CMD" "COMPILER=mb-gcc" "ASSEMBLER=mb-as" "ARCHIVER=mb-ar" "COMPIL
TRACE::2024-10-25.13:49:55::SCWMssOS::ER_FLAGS=  -O2 -c -mcpu=v11.0 -mlittle-endian -mno-xl-reorder -mno-xl-soft-mul -mxl-barrel-shift -mxl-pattern-compare" "EXTRA_C
TRACE::2024-10-25.13:49:55::SCWMssOS::OMPILER_FLAGS=-g -ffunction-sections -fdata-sections -Wall -Wextra -fno-tree-loop-distribute-patterns"

TRACE::2024-10-25.13:49:57::SCWMssOS::"DEBUG NON_LTO_OBJECTS is ../../../lib/microblaze_interrupt_handler.o"

TRACE::2024-10-25.13:49:57::SCWMssOS::'Finished building libraries parallelly.'

TRACE::2024-10-25.13:49:57::SCWMssOS::make --no-print-directory archive

TRACE::2024-10-25.13:49:57::SCWMssOS::mb-ar -r  microblaze_0/lib/libxil.a microblaze_0/lib/_exit.o microblaze_0/lib/errno.o microblaze_0/lib/fcntl.o microblaze_0/lib
TRACE::2024-10-25.13:49:57::SCWMssOS::/hw_exception_handler.o microblaze_0/lib/inbyte.o microblaze_0/lib/microblaze_disable_dcache.o microblaze_0/lib/microblaze_disa
TRACE::2024-10-25.13:49:57::SCWMssOS::ble_exceptions.o microblaze_0/lib/microblaze_disable_icache.o microblaze_0/lib/microblaze_disable_interrupts.o microblaze_0/lib
TRACE::2024-10-25.13:49:57::SCWMssOS::/microblaze_enable_dcache.o microblaze_0/lib/microblaze_enable_exceptions.o microblaze_0/lib/microblaze_enable_icache.o microbl
TRACE::2024-10-25.13:49:57::SCWMssOS::aze_0/lib/microblaze_enable_interrupts.o microblaze_0/lib/microblaze_exception_handler.o microblaze_0/lib/microblaze_flush_cach
TRACE::2024-10-25.13:49:57::SCWMssOS::e_ext.o microblaze_0/lib/microblaze_flush_cache_ext_range.o microblaze_0/lib/microblaze_flush_dcache.o microblaze_0/lib/microbl
TRACE::2024-10-25.13:49:57::SCWMssOS::aze_flush_dcache_range.o microblaze_0/lib/microblaze_init_dcache_range.o microblaze_0/lib/microblaze_init_icache_range.o microb
TRACE::2024-10-25.13:49:57::SCWMssOS::laze_0/lib/microblaze_interrupt_handler.o microblaze_0/lib/microblaze_interrupts_g.o microblaze_0/lib/microblaze_invalidate_cac
TRACE::2024-10-25.13:49:57::SCWMssOS::he_ext.o microblaze_0/lib/microblaze_invalidate_cache_ext_range.o microblaze_0/lib/microblaze_invalidate_dcache.o microblaze_0/
TRACE::2024-10-25.13:49:57::SCWMssOS::lib/microblaze_invalidate_dcache_range.o microblaze_0/lib/microblaze_invalidate_icache.o microblaze_0/lib/microblaze_invalidate
TRACE::2024-10-25.13:49:57::SCWMssOS::_icache_range.o microblaze_0/lib/microblaze_scrub.o microblaze_0/lib/microblaze_selftest.o microblaze_0/lib/microblaze_sleep.o 
TRACE::2024-10-25.13:49:57::SCWMssOS::microblaze_0/lib/microblaze_update_dcache.o microblaze_0/lib/microblaze_update_icache.o microblaze_0/lib/outbyte.o microblaze_0
TRACE::2024-10-25.13:49:57::SCWMssOS::/lib/print.o microblaze_0/lib/pvr.o microblaze_0/lib/xbram.o microblaze_0/lib/xbram_g.o microblaze_0/lib/xbram_intr.o microblaz
TRACE::2024-10-25.13:49:57::SCWMssOS::e_0/lib/xbram_selftest.o microblaze_0/lib/xbram_sinit.o microblaze_0/lib/xgpio.o microblaze_0/lib/xgpio_extra.o microblaze_0/li
TRACE::2024-10-25.13:49:57::SCWMssOS::b/xgpio_g.o microblaze_0/lib/xgpio_intr.o microblaze_0/lib/xgpio_selftest.o microblaze_0/lib/xgpio_sinit.o microblaze_0/lib/xil
TRACE::2024-10-25.13:49:57::SCWMssOS::_assert.o microblaze_0/lib/xil_cache.o microblaze_0/lib/xil_clocking.o microblaze_0/lib/xil_exception.o microblaze_0/lib/xil_me
TRACE::2024-10-25.13:49:57::SCWMssOS::m.o microblaze_0/lib/xil_misc_psreset_api.o microblaze_0/lib/xil_printf.o microblaze_0/lib/xil_sleepcommon.o microblaze_0/lib/x
TRACE::2024-10-25.13:49:57::SCWMssOS::il_testcache.o microblaze_0/lib/xil_testio.o microblaze_0/lib/xil_testmem.o microblaze_0/lib/xil_util.o microblaze_0/lib/xintc.
TRACE::2024-10-25.13:49:57::SCWMssOS::o microblaze_0/lib/xintc_g.o microblaze_0/lib/xintc_intr.o microblaze_0/lib/xintc_l.o microblaze_0/lib/xintc_options.o microbla
TRACE::2024-10-25.13:49:57::SCWMssOS::ze_0/lib/xintc_selftest.o microblaze_0/lib/xinterrupt_wrap.o microblaze_0/lib/xio.o microblaze_0/lib/xplatform_info.o microblaz
TRACE::2024-10-25.13:49:57::SCWMssOS::e_0/lib/xspi.o microblaze_0/lib/xspi_g.o microblaze_0/lib/xspi_options.o microblaze_0/lib/xspi_selftest.o microblaze_0/lib/xspi
TRACE::2024-10-25.13:49:57::SCWMssOS::_sinit.o microblaze_0/lib/xspi_stats.o microblaze_0/lib/xtmrctr.o microblaze_0/lib/xtmrctr_g.o microblaze_0/lib/xtmrctr_intr.o 
TRACE::2024-10-25.13:49:57::SCWMssOS::microblaze_0/lib/xtmrctr_l.o microblaze_0/lib/xtmrctr_options.o microblaze_0/lib/xtmrctr_selftest.o microblaze_0/lib/xtmrctr_si
TRACE::2024-10-25.13:49:57::SCWMssOS::nit.o microblaze_0/lib/xtmrctr_stats.o microblaze_0/lib/xuartlite.o microblaze_0/lib/xuartlite_g.o microblaze_0/lib/xuartlite_i
TRACE::2024-10-25.13:49:57::SCWMssOS::ntr.o microblaze_0/lib/xuartlite_l.o microblaze_0/lib/xuartlite_selftest.o microblaze_0/lib/xuartlite_sinit.o microblaze_0/lib/
TRACE::2024-10-25.13:49:57::SCWMssOS::xuartlite_stats.o

TRACE::2024-10-25.13:49:58::SCWMssOS::'Finished building libraries'

TRACE::2024-10-25.13:49:58::SCWMssOS::Copying to export directory.
TRACE::2024-10-25.13:49:58::SCWMssOS:: Checking if to create the Supporting Applications
TRACE::2024-10-25.13:49:58::SCWMssOS:: No Linux domain exists, trying to generate FSBL 
LOG::2024-10-25.13:49:58::SCWSystem::Completed Processing the domain standalone_microblaze_0
LOG::2024-10-25.13:49:58::SCWSystem::Completed Processing the sysconfig mb_usb_hdmi_top
LOG::2024-10-25.13:49:58::SCWPlatform::Completed generating the artifacts for system configuration mb_usb_hdmi_top
TRACE::2024-10-25.13:49:58::SCWPlatform::Started preparing the platform 
TRACE::2024-10-25.13:49:58::SCWSystem::Writing the bif file for system config mb_usb_hdmi_top
TRACE::2024-10-25.13:49:58::SCWSystem::dir created 
TRACE::2024-10-25.13:49:58::SCWSystem::Writing the bif 
TRACE::2024-10-25.13:49:58::SCWPlatform::Started writing the spfm file 
TRACE::2024-10-25.13:49:58::SCWPlatform::Started writing the xpfm file 
TRACE::2024-10-25.13:49:58::SCWPlatform::Completed generating the platform
TRACE::2024-10-25.13:49:58::SCWMssOS::Saving the mss changes C:/Users/curti/OneDrive/Documents/UIUC/ECE-385/Vivado_Projects/lab_6_2/workspace/mb_usb_hdmi_top/microblaze_0/standalone_microblaze_0/bsp/system.mss
TRACE::2024-10-25.13:49:58::SCWMssOS::Found a swdesign opened with the mssfile.
TRACE::2024-10-25.13:49:58::SCWMssOS::Completed writemss as part of save.
TRACE::2024-10-25.13:49:58::SCWMssOS::Commit changes completed.
TRACE::2024-10-25.13:49:58::SCWPlatform::Trying to open the hw design at C:/Users/curti/OneDrive/Documents/UIUC/ECE-385/Vivado_Projects/lab_6_2/workspace/mb_usb_hdmi_top/hw/mb_usb_hdmi_top.xsa
TRACE::2024-10-25.13:49:58::SCWPlatform::DSA given C:/Users/curti/OneDrive/Documents/UIUC/ECE-385/Vivado_Projects/lab_6_2/workspace/mb_usb_hdmi_top/hw/mb_usb_hdmi_top.xsa
TRACE::2024-10-25.13:49:58::SCWPlatform::DSA absoulate path C:/Users/curti/OneDrive/Documents/UIUC/ECE-385/Vivado_Projects/lab_6_2/workspace/mb_usb_hdmi_top/hw/mb_usb_hdmi_top.xsa
TRACE::2024-10-25.13:49:58::SCWPlatform::DSA directory C:/Users/curti/OneDrive/Documents/UIUC/ECE-385/Vivado_Projects/lab_6_2/workspace/mb_usb_hdmi_top/hw
TRACE::2024-10-25.13:49:58::SCWPlatform:: Platform Path C:/Users/curti/OneDrive/Documents/UIUC/ECE-385/Vivado_Projects/lab_6_2/workspace/mb_usb_hdmi_top/hw/mb_usb_hdmi_top.xsa
TRACE::2024-10-25.13:49:58::SCWPlatform:: Unique name xilinx:::0.0
TRACE::2024-10-25.13:49:58::SCWPlatform::Trying to set the existing hwdb with name mb_usb_hdmi_top_1
TRACE::2024-10-25.13:49:58::SCWPlatform::Opened existing hwdb mb_usb_hdmi_top_1
TRACE::2024-10-25.13:49:58::SCWPlatform::Found the Hw Db part of the input DSA
TRACE::2024-10-25.13:49:58::SCWMssOS::Checking the sw design at  C:/Users/curti/OneDrive/Documents/UIUC/ECE-385/Vivado_Projects/lab_6_2/workspace/mb_usb_hdmi_top/microblaze_0/standalone_microblaze_0/bsp/system.mss
TRACE::2024-10-25.13:49:58::SCWMssOS::DEBUG:  swdes dump  C:/Users/curti/OneDrive/Documents/UIUC/ECE-385/Vivado_Projects/lab_6_2/workspace/mb_usb_hdmi_top/microblaze_0/standalone_microblaze_0/bsp/system.mss|system||

TRACE::2024-10-25.13:49:58::SCWMssOS::Sw design exists and opened at  C:/Users/curti/OneDrive/Documents/UIUC/ECE-385/Vivado_Projects/lab_6_2/workspace/mb_usb_hdmi_top/microblaze_0/standalone_microblaze_0/bsp/system.mss
TRACE::2024-10-25.13:49:58::SCWWriter::formatted JSON is {
	"platformName":	"mb_usb_hdmi_top",
	"sprVersion":	"2.0",
	"mode":	"gui",
	"dsaType":	"Fixed",
	"platformDesc":	"mb_usb_hdmi_top",
	"platHandOff":	"C:/Users/curti/OneDrive/Documents/UIUC/ECE-385/Vivado_Projects/lab_6_2/mb_usb_hdmi_top.xsa",
	"platIntHandOff":	"<platformDir>/hw/mb_usb_hdmi_top.xsa",
	"deviceType":	"FPGA",
	"platIsPrebuiltAutogen":	"false",
	"platIsNoBootBsp":	"false",
	"hasFsblMakeHasChanges":	"false",
	"hasPmufwMakeHasChanges":	"false",
	"platPreBuiltFlag":	false,
	"platformSamplesDir":	"",
	"platActiveSys":	"mb_usb_hdmi_top",
	"systems":	[{
			"systemName":	"mb_usb_hdmi_top",
			"systemDesc":	"mb_usb_hdmi_top",
			"sysIsBootAutoGen":	"true",
			"systemDispName":	"mb_usb_hdmi_top",
			"sysActiveDom":	"standalone_microblaze_0",
			"sysDefaultDom":	"standalone_microblaze_0",
			"domains":	[{
					"domainName":	"standalone_microblaze_0",
					"domainDispName":	"standalone_microblaze_0",
					"domainDesc":	"standalone_microblaze_0",
					"processors":	"microblaze_0",
					"os":	"standalone",
					"sdxOs":	"standalone",
					"debugEnable":	"False",
					"domRuntimes":	["cpp"],
					"swRepo":	"",
					"mssOsVer":	"8.0",
					"mssFile":	"",
					"md5Digest":	"304529987e879521ca977c68d163f362",
					"compatibleApp":	"",
					"domType":	"mssDomain",
					"arch":	"32-bit",
					"appSettings":	{
						"appCompilerFlags":	"",
						"appLinkerFlags":	""
					},
					"addedLibs":	[],
					"libOptions":	{
						"libsContainingOptions":	[]
					},
					"prebuiltLibs":	{
						"prebuiltIncPath":	[],
						"prebuiltLibPath":	[]
					},
					"isolation":	{
					}
				}]
		}]
}
KEYINFO::2024-10-25.13:49:58::SCWPlatform::updated the xpfm file.
TRACE::2024-10-25.13:49:58::SCWPlatform::Trying to open the hw design at C:/Users/curti/OneDrive/Documents/UIUC/ECE-385/Vivado_Projects/lab_6_2/workspace/mb_usb_hdmi_top/hw/mb_usb_hdmi_top.xsa
TRACE::2024-10-25.13:49:58::SCWPlatform::DSA given C:/Users/curti/OneDrive/Documents/UIUC/ECE-385/Vivado_Projects/lab_6_2/workspace/mb_usb_hdmi_top/hw/mb_usb_hdmi_top.xsa
TRACE::2024-10-25.13:49:58::SCWPlatform::DSA absoulate path C:/Users/curti/OneDrive/Documents/UIUC/ECE-385/Vivado_Projects/lab_6_2/workspace/mb_usb_hdmi_top/hw/mb_usb_hdmi_top.xsa
TRACE::2024-10-25.13:49:58::SCWPlatform::DSA directory C:/Users/curti/OneDrive/Documents/UIUC/ECE-385/Vivado_Projects/lab_6_2/workspace/mb_usb_hdmi_top/hw
TRACE::2024-10-25.13:49:58::SCWPlatform:: Platform Path C:/Users/curti/OneDrive/Documents/UIUC/ECE-385/Vivado_Projects/lab_6_2/workspace/mb_usb_hdmi_top/hw/mb_usb_hdmi_top.xsa
TRACE::2024-10-25.13:49:58::SCWPlatform:: Unique name xilinx:::0.0
TRACE::2024-10-25.13:49:58::SCWPlatform::Trying to set the existing hwdb with name mb_usb_hdmi_top_1
TRACE::2024-10-25.13:49:58::SCWPlatform::Opened existing hwdb mb_usb_hdmi_top_1
TRACE::2024-10-25.13:49:58::SCWPlatform::Found the Hw Db part of the input DSA
TRACE::2024-10-25.13:49:58::SCWMssOS::Checking the sw design at  C:/Users/curti/OneDrive/Documents/UIUC/ECE-385/Vivado_Projects/lab_6_2/workspace/mb_usb_hdmi_top/microblaze_0/standalone_microblaze_0/bsp/system.mss
TRACE::2024-10-25.13:49:58::SCWMssOS::DEBUG:  swdes dump  C:/Users/curti/OneDrive/Documents/UIUC/ECE-385/Vivado_Projects/lab_6_2/workspace/mb_usb_hdmi_top/microblaze_0/standalone_microblaze_0/bsp/system.mss|system||

TRACE::2024-10-25.13:49:58::SCWMssOS::Sw design exists and opened at  C:/Users/curti/OneDrive/Documents/UIUC/ECE-385/Vivado_Projects/lab_6_2/workspace/mb_usb_hdmi_top/microblaze_0/standalone_microblaze_0/bsp/system.mss
TRACE::2024-10-25.13:50:52::SCWPlatform::Clearing the existing platform
TRACE::2024-10-25.13:50:52::SCWSystem::Clearing the existing sysconfig
TRACE::2024-10-25.13:50:52::SCWMssOS::Removing the swdes entry for  C:/Users/curti/OneDrive/Documents/UIUC/ECE-385/Vivado_Projects/lab_6_2/workspace/mb_usb_hdmi_top/microblaze_0/standalone_microblaze_0/bsp/system.mss
TRACE::2024-10-25.13:50:52::SCWSystem::Clearing the domains completed.
TRACE::2024-10-25.13:50:52::SCWPlatform::Clearing the opened hw db.
TRACE::2024-10-25.13:50:52::SCWPlatform::DSA given C:/Users/curti/OneDrive/Documents/UIUC/ECE-385/Vivado_Projects/lab_6_2/workspace/mb_usb_hdmi_top/hw/mb_usb_hdmi_top.xsa
TRACE::2024-10-25.13:50:52::SCWPlatform::DSA absoulate path C:/Users/curti/OneDrive/Documents/UIUC/ECE-385/Vivado_Projects/lab_6_2/workspace/mb_usb_hdmi_top/hw/mb_usb_hdmi_top.xsa
TRACE::2024-10-25.13:50:52::SCWPlatform:: Platform location is C:/Users/curti/OneDrive/Documents/UIUC/ECE-385/Vivado_Projects/lab_6_2/workspace/mb_usb_hdmi_top/hw
TRACE::2024-10-25.13:50:52::SCWPlatform:: Platform Path C:/Users/curti/OneDrive/Documents/UIUC/ECE-385/Vivado_Projects/lab_6_2/workspace/mb_usb_hdmi_top/hw/mb_usb_hdmi_top.xsa
TRACE::2024-10-25.13:50:52::SCWPlatform:: Unique name xilinx:::0.0
TRACE::2024-10-25.13:50:52::SCWPlatform::Removing the HwDB with name C:/Users/curti/OneDrive/Documents/UIUC/ECE-385/Vivado_Projects/lab_6_2/workspace/mb_usb_hdmi_top/hw/mb_usb_hdmi_top.xsa
TRACE::2024-10-25.13:50:52::SCWPlatform::Trying to open the hw design at C:/Users/curti/OneDrive/Documents/UIUC/ECE-385/Vivado_Projects/lab_6_2/workspace/mb_usb_hdmi_top/hw/mb_usb_hdmi_top.xsa
TRACE::2024-10-25.13:50:52::SCWPlatform::DSA given C:/Users/curti/OneDrive/Documents/UIUC/ECE-385/Vivado_Projects/lab_6_2/workspace/mb_usb_hdmi_top/hw/mb_usb_hdmi_top.xsa
TRACE::2024-10-25.13:50:52::SCWPlatform::DSA absoulate path C:/Users/curti/OneDrive/Documents/UIUC/ECE-385/Vivado_Projects/lab_6_2/workspace/mb_usb_hdmi_top/hw/mb_usb_hdmi_top.xsa
TRACE::2024-10-25.13:50:52::SCWPlatform::DSA directory C:/Users/curti/OneDrive/Documents/UIUC/ECE-385/Vivado_Projects/lab_6_2/workspace/mb_usb_hdmi_top/hw
TRACE::2024-10-25.13:50:52::SCWPlatform:: Platform Path C:/Users/curti/OneDrive/Documents/UIUC/ECE-385/Vivado_Projects/lab_6_2/workspace/mb_usb_hdmi_top/hw/mb_usb_hdmi_top.xsa
TRACE::2024-10-25.13:50:52::SCWPlatform:: Unique name xilinx:::0.0
TRACE::2024-10-25.13:50:52::SCWPlatform::Do not have an existing db opened. 
TRACE::2024-10-25.13:50:52::SCWPlatform::Opened new HwDB with name mb_usb_hdmi_top_3
TRACE::2024-10-25.13:50:52::SCWReader::Active system found as  mb_usb_hdmi_top
TRACE::2024-10-25.13:50:52::SCWReader::Handling sysconfig mb_usb_hdmi_top
TRACE::2024-10-25.13:50:52::SCWDomain::checking for install qemu data   : 
TRACE::2024-10-25.13:50:52::SCWPlatform::Trying to open the hw design at C:/Users/curti/OneDrive/Documents/UIUC/ECE-385/Vivado_Projects/lab_6_2/workspace/mb_usb_hdmi_top/hw/mb_usb_hdmi_top.xsa
TRACE::2024-10-25.13:50:52::SCWPlatform::DSA given C:/Users/curti/OneDrive/Documents/UIUC/ECE-385/Vivado_Projects/lab_6_2/workspace/mb_usb_hdmi_top/hw/mb_usb_hdmi_top.xsa
TRACE::2024-10-25.13:50:52::SCWPlatform::DSA absoulate path C:/Users/curti/OneDrive/Documents/UIUC/ECE-385/Vivado_Projects/lab_6_2/workspace/mb_usb_hdmi_top/hw/mb_usb_hdmi_top.xsa
TRACE::2024-10-25.13:50:52::SCWPlatform::DSA directory C:/Users/curti/OneDrive/Documents/UIUC/ECE-385/Vivado_Projects/lab_6_2/workspace/mb_usb_hdmi_top/hw
TRACE::2024-10-25.13:50:52::SCWPlatform:: Platform Path C:/Users/curti/OneDrive/Documents/UIUC/ECE-385/Vivado_Projects/lab_6_2/workspace/mb_usb_hdmi_top/hw/mb_usb_hdmi_top.xsa
TRACE::2024-10-25.13:50:52::SCWPlatform:: Unique name xilinx:::0.0
TRACE::2024-10-25.13:50:52::SCWPlatform::Trying to set the existing hwdb with name mb_usb_hdmi_top_3
TRACE::2024-10-25.13:50:52::SCWPlatform::Opened existing hwdb mb_usb_hdmi_top_3
TRACE::2024-10-25.13:50:52::SCWPlatform::Found the Hw Db part of the input DSA
TRACE::2024-10-25.13:50:52::SCWPlatform::Trying to open the hw design at C:/Users/curti/OneDrive/Documents/UIUC/ECE-385/Vivado_Projects/lab_6_2/workspace/mb_usb_hdmi_top/hw/mb_usb_hdmi_top.xsa
TRACE::2024-10-25.13:50:52::SCWPlatform::DSA given C:/Users/curti/OneDrive/Documents/UIUC/ECE-385/Vivado_Projects/lab_6_2/workspace/mb_usb_hdmi_top/hw/mb_usb_hdmi_top.xsa
TRACE::2024-10-25.13:50:52::SCWPlatform::DSA absoulate path C:/Users/curti/OneDrive/Documents/UIUC/ECE-385/Vivado_Projects/lab_6_2/workspace/mb_usb_hdmi_top/hw/mb_usb_hdmi_top.xsa
TRACE::2024-10-25.13:50:52::SCWPlatform::DSA directory C:/Users/curti/OneDrive/Documents/UIUC/ECE-385/Vivado_Projects/lab_6_2/workspace/mb_usb_hdmi_top/hw
TRACE::2024-10-25.13:50:52::SCWPlatform:: Platform Path C:/Users/curti/OneDrive/Documents/UIUC/ECE-385/Vivado_Projects/lab_6_2/workspace/mb_usb_hdmi_top/hw/mb_usb_hdmi_top.xsa
TRACE::2024-10-25.13:50:52::SCWPlatform:: Unique name xilinx:::0.0
TRACE::2024-10-25.13:50:52::SCWPlatform::Trying to set the existing hwdb with name mb_usb_hdmi_top_3
TRACE::2024-10-25.13:50:52::SCWPlatform::Opened existing hwdb mb_usb_hdmi_top_3
TRACE::2024-10-25.13:50:52::SCWPlatform::Found the Hw Db part of the input DSA
TRACE::2024-10-25.13:50:52::SCWPlatform::Trying to open the hw design at C:/Users/curti/OneDrive/Documents/UIUC/ECE-385/Vivado_Projects/lab_6_2/workspace/mb_usb_hdmi_top/hw/mb_usb_hdmi_top.xsa
TRACE::2024-10-25.13:50:52::SCWPlatform::DSA given C:/Users/curti/OneDrive/Documents/UIUC/ECE-385/Vivado_Projects/lab_6_2/workspace/mb_usb_hdmi_top/hw/mb_usb_hdmi_top.xsa
TRACE::2024-10-25.13:50:52::SCWPlatform::DSA absoulate path C:/Users/curti/OneDrive/Documents/UIUC/ECE-385/Vivado_Projects/lab_6_2/workspace/mb_usb_hdmi_top/hw/mb_usb_hdmi_top.xsa
TRACE::2024-10-25.13:50:52::SCWPlatform::DSA directory C:/Users/curti/OneDrive/Documents/UIUC/ECE-385/Vivado_Projects/lab_6_2/workspace/mb_usb_hdmi_top/hw
TRACE::2024-10-25.13:50:52::SCWPlatform:: Platform Path C:/Users/curti/OneDrive/Documents/UIUC/ECE-385/Vivado_Projects/lab_6_2/workspace/mb_usb_hdmi_top/hw/mb_usb_hdmi_top.xsa
TRACE::2024-10-25.13:50:52::SCWPlatform:: Unique name xilinx:::0.0
TRACE::2024-10-25.13:50:52::SCWPlatform::Trying to set the existing hwdb with name mb_usb_hdmi_top_3
TRACE::2024-10-25.13:50:52::SCWPlatform::Opened existing hwdb mb_usb_hdmi_top_3
TRACE::2024-10-25.13:50:52::SCWPlatform::Found the Hw Db part of the input DSA
TRACE::2024-10-25.13:50:52::SCWPlatform::Trying to open the hw design at C:/Users/curti/OneDrive/Documents/UIUC/ECE-385/Vivado_Projects/lab_6_2/workspace/mb_usb_hdmi_top/hw/mb_usb_hdmi_top.xsa
TRACE::2024-10-25.13:50:52::SCWPlatform::DSA given C:/Users/curti/OneDrive/Documents/UIUC/ECE-385/Vivado_Projects/lab_6_2/workspace/mb_usb_hdmi_top/hw/mb_usb_hdmi_top.xsa
TRACE::2024-10-25.13:50:52::SCWPlatform::DSA absoulate path C:/Users/curti/OneDrive/Documents/UIUC/ECE-385/Vivado_Projects/lab_6_2/workspace/mb_usb_hdmi_top/hw/mb_usb_hdmi_top.xsa
TRACE::2024-10-25.13:50:52::SCWPlatform::DSA directory C:/Users/curti/OneDrive/Documents/UIUC/ECE-385/Vivado_Projects/lab_6_2/workspace/mb_usb_hdmi_top/hw
TRACE::2024-10-25.13:50:52::SCWPlatform:: Platform Path C:/Users/curti/OneDrive/Documents/UIUC/ECE-385/Vivado_Projects/lab_6_2/workspace/mb_usb_hdmi_top/hw/mb_usb_hdmi_top.xsa
TRACE::2024-10-25.13:50:52::SCWPlatform:: Unique name xilinx:::0.0
TRACE::2024-10-25.13:50:52::SCWPlatform::Trying to set the existing hwdb with name mb_usb_hdmi_top_3
TRACE::2024-10-25.13:50:52::SCWPlatform::Opened existing hwdb mb_usb_hdmi_top_3
TRACE::2024-10-25.13:50:52::SCWPlatform::Found the Hw Db part of the input DSA
TRACE::2024-10-25.13:50:52::SCWMssOS::Checking the sw design at  C:/Users/curti/OneDrive/Documents/UIUC/ECE-385/Vivado_Projects/lab_6_2/workspace/mb_usb_hdmi_top/microblaze_0/standalone_microblaze_0/bsp/system.mss
TRACE::2024-10-25.13:50:52::SCWMssOS::DEBUG:  swdes dump  
TRACE::2024-10-25.13:50:52::SCWMssOS::No sw design opened at  C:/Users/curti/OneDrive/Documents/UIUC/ECE-385/Vivado_Projects/lab_6_2/workspace/mb_usb_hdmi_top/microblaze_0/standalone_microblaze_0/bsp/system.mss
TRACE::2024-10-25.13:50:52::SCWMssOS::mss exists loading the mss file  C:/Users/curti/OneDrive/Documents/UIUC/ECE-385/Vivado_Projects/lab_6_2/workspace/mb_usb_hdmi_top/microblaze_0/standalone_microblaze_0/bsp/system.mss
TRACE::2024-10-25.13:50:52::SCWMssOS::Opened the sw design from mss  C:/Users/curti/OneDrive/Documents/UIUC/ECE-385/Vivado_Projects/lab_6_2/workspace/mb_usb_hdmi_top/microblaze_0/standalone_microblaze_0/bsp/system.mss
TRACE::2024-10-25.13:50:52::SCWMssOS::Adding the swdes entry C:/Users/curti/OneDrive/Documents/UIUC/ECE-385/Vivado_Projects/lab_6_2/workspace/mb_usb_hdmi_top/microblaze_0/standalone_microblaze_0/bsp/system.mss with des name system
TRACE::2024-10-25.13:50:52::SCWMssOS::updating the scw layer about changes
TRACE::2024-10-25.13:50:53::SCWMssOS::Opened the sw design.  C:/Users/curti/OneDrive/Documents/UIUC/ECE-385/Vivado_Projects/lab_6_2/workspace/mb_usb_hdmi_top/microblaze_0/standalone_microblaze_0/bsp/system.mss
TRACE::2024-10-25.13:50:53::SCWMssOS::Saving the mss changes C:/Users/curti/OneDrive/Documents/UIUC/ECE-385/Vivado_Projects/lab_6_2/workspace/mb_usb_hdmi_top/microblaze_0/standalone_microblaze_0/bsp/system.mss
TRACE::2024-10-25.13:50:53::SCWMssOS::Found a swdesign opened with the mssfile.
TRACE::2024-10-25.13:50:53::SCWMssOS::Completed writemss as part of save.
TRACE::2024-10-25.13:50:53::SCWMssOS::Commit changes completed.
TRACE::2024-10-25.13:50:53::SCWReader::Adding prebuilt librarypaths as   
TRACE::2024-10-25.13:50:53::SCWReader::Adding prebuilt incpaths  as   
TRACE::2024-10-25.13:50:53::SCWPlatform::Trying to open the hw design at C:/Users/curti/OneDrive/Documents/UIUC/ECE-385/Vivado_Projects/lab_6_2/workspace/mb_usb_hdmi_top/hw/mb_usb_hdmi_top.xsa
TRACE::2024-10-25.13:50:53::SCWPlatform::DSA given C:/Users/curti/OneDrive/Documents/UIUC/ECE-385/Vivado_Projects/lab_6_2/workspace/mb_usb_hdmi_top/hw/mb_usb_hdmi_top.xsa
TRACE::2024-10-25.13:50:53::SCWPlatform::DSA absoulate path C:/Users/curti/OneDrive/Documents/UIUC/ECE-385/Vivado_Projects/lab_6_2/workspace/mb_usb_hdmi_top/hw/mb_usb_hdmi_top.xsa
TRACE::2024-10-25.13:50:53::SCWPlatform::DSA directory C:/Users/curti/OneDrive/Documents/UIUC/ECE-385/Vivado_Projects/lab_6_2/workspace/mb_usb_hdmi_top/hw
TRACE::2024-10-25.13:50:53::SCWPlatform:: Platform Path C:/Users/curti/OneDrive/Documents/UIUC/ECE-385/Vivado_Projects/lab_6_2/workspace/mb_usb_hdmi_top/hw/mb_usb_hdmi_top.xsa
TRACE::2024-10-25.13:50:53::SCWPlatform:: Unique name xilinx:::0.0
TRACE::2024-10-25.13:50:53::SCWPlatform::Trying to set the existing hwdb with name mb_usb_hdmi_top_3
TRACE::2024-10-25.13:50:53::SCWPlatform::Opened existing hwdb mb_usb_hdmi_top_3
TRACE::2024-10-25.13:50:53::SCWPlatform::Found the Hw Db part of the input DSA
TRACE::2024-10-25.13:50:53::SCWMssOS::Checking the sw design at  C:/Users/curti/OneDrive/Documents/UIUC/ECE-385/Vivado_Projects/lab_6_2/workspace/mb_usb_hdmi_top/microblaze_0/standalone_microblaze_0/bsp/system.mss
TRACE::2024-10-25.13:50:53::SCWMssOS::DEBUG:  swdes dump  C:/Users/curti/OneDrive/Documents/UIUC/ECE-385/Vivado_Projects/lab_6_2/workspace/mb_usb_hdmi_top/microblaze_0/standalone_microblaze_0/bsp/system.mss|system||

TRACE::2024-10-25.13:50:53::SCWMssOS::Sw design exists and opened at  C:/Users/curti/OneDrive/Documents/UIUC/ECE-385/Vivado_Projects/lab_6_2/workspace/mb_usb_hdmi_top/microblaze_0/standalone_microblaze_0/bsp/system.mss
TRACE::2024-10-25.13:50:53::SCWReader::No isolation master present  
TRACE::2024-10-25.13:50:55::SCWPlatform::DSA given C:/Users/curti/OneDrive/Documents/UIUC/ECE-385/Vivado_Projects/lab_6_2/workspace/mb_usb_hdmi_top/tempdsa/mb_usb_hdmi_top.xsa
TRACE::2024-10-25.13:50:55::SCWPlatform::DSA absoulate path C:/Users/curti/OneDrive/Documents/UIUC/ECE-385/Vivado_Projects/lab_6_2/workspace/mb_usb_hdmi_top/tempdsa/mb_usb_hdmi_top.xsa
TRACE::2024-10-25.13:50:55::SCWPlatform:: Platform location is C:/Users/curti/OneDrive/Documents/UIUC/ECE-385/Vivado_Projects/lab_6_2/workspace/mb_usb_hdmi_top/tempdsa
TRACE::2024-10-25.13:50:55::SCWPlatform:: Platform Path C:/Users/curti/OneDrive/Documents/UIUC/ECE-385/Vivado_Projects/lab_6_2/workspace/mb_usb_hdmi_top/tempdsa/mb_usb_hdmi_top.xsa
TRACE::2024-10-25.13:50:55::SCWPlatform:: Unique name xilinx:::0.0
TRACE::2024-10-25.13:50:56::SCWPlatform::Found the Hw Db part of the input DSA
TRACE::2024-10-25.13:50:56::SCWMssOS::Doing hw sync for the mss in domain: standalone_microblaze_0
TRACE::2024-10-25.13:50:56::SCWPlatform::Trying to open the hw design at C:/Users/curti/OneDrive/Documents/UIUC/ECE-385/Vivado_Projects/lab_6_2/workspace/mb_usb_hdmi_top/hw/mb_usb_hdmi_top.xsa
TRACE::2024-10-25.13:50:56::SCWPlatform::DSA given C:/Users/curti/OneDrive/Documents/UIUC/ECE-385/Vivado_Projects/lab_6_2/workspace/mb_usb_hdmi_top/hw/mb_usb_hdmi_top.xsa
TRACE::2024-10-25.13:50:56::SCWPlatform::DSA absoulate path C:/Users/curti/OneDrive/Documents/UIUC/ECE-385/Vivado_Projects/lab_6_2/workspace/mb_usb_hdmi_top/hw/mb_usb_hdmi_top.xsa
TRACE::2024-10-25.13:50:56::SCWPlatform::DSA directory C:/Users/curti/OneDrive/Documents/UIUC/ECE-385/Vivado_Projects/lab_6_2/workspace/mb_usb_hdmi_top/hw
TRACE::2024-10-25.13:50:56::SCWPlatform:: Platform Path C:/Users/curti/OneDrive/Documents/UIUC/ECE-385/Vivado_Projects/lab_6_2/workspace/mb_usb_hdmi_top/hw/mb_usb_hdmi_top.xsa
TRACE::2024-10-25.13:50:56::SCWPlatform:: Unique name xilinx:::0.0
TRACE::2024-10-25.13:50:56::SCWPlatform::Trying to set the existing hwdb with name mb_usb_hdmi_top_3
TRACE::2024-10-25.13:50:56::SCWPlatform::Opened existing hwdb mb_usb_hdmi_top_3
TRACE::2024-10-25.13:50:56::SCWPlatform::Found the Hw Db part of the input DSA
TRACE::2024-10-25.13:50:56::SCWPlatform::Trying to open the hw design at C:/Users/curti/OneDrive/Documents/UIUC/ECE-385/Vivado_Projects/lab_6_2/workspace/mb_usb_hdmi_top/hw/mb_usb_hdmi_top.xsa
TRACE::2024-10-25.13:50:56::SCWPlatform::DSA given C:/Users/curti/OneDrive/Documents/UIUC/ECE-385/Vivado_Projects/lab_6_2/workspace/mb_usb_hdmi_top/hw/mb_usb_hdmi_top.xsa
TRACE::2024-10-25.13:50:56::SCWPlatform::DSA absoulate path C:/Users/curti/OneDrive/Documents/UIUC/ECE-385/Vivado_Projects/lab_6_2/workspace/mb_usb_hdmi_top/hw/mb_usb_hdmi_top.xsa
TRACE::2024-10-25.13:50:56::SCWPlatform::DSA directory C:/Users/curti/OneDrive/Documents/UIUC/ECE-385/Vivado_Projects/lab_6_2/workspace/mb_usb_hdmi_top/hw
TRACE::2024-10-25.13:50:56::SCWPlatform:: Platform Path C:/Users/curti/OneDrive/Documents/UIUC/ECE-385/Vivado_Projects/lab_6_2/workspace/mb_usb_hdmi_top/hw/mb_usb_hdmi_top.xsa
TRACE::2024-10-25.13:50:56::SCWPlatform:: Unique name xilinx:::0.0
TRACE::2024-10-25.13:50:56::SCWPlatform::Trying to set the existing hwdb with name mb_usb_hdmi_top_3
TRACE::2024-10-25.13:50:56::SCWPlatform::Opened existing hwdb mb_usb_hdmi_top_3
TRACE::2024-10-25.13:50:56::SCWPlatform::Found the Hw Db part of the input DSA
TRACE::2024-10-25.13:50:56::SCWMssOS::Checking the sw design at  C:/Users/curti/OneDrive/Documents/UIUC/ECE-385/Vivado_Projects/lab_6_2/workspace/mb_usb_hdmi_top/microblaze_0/standalone_microblaze_0/bsp/system.mss
TRACE::2024-10-25.13:50:56::SCWMssOS::DEBUG:  swdes dump  C:/Users/curti/OneDrive/Documents/UIUC/ECE-385/Vivado_Projects/lab_6_2/workspace/mb_usb_hdmi_top/microblaze_0/standalone_microblaze_0/bsp/system.mss|system||

TRACE::2024-10-25.13:50:56::SCWMssOS::Sw design exists and opened at  C:/Users/curti/OneDrive/Documents/UIUC/ECE-385/Vivado_Projects/lab_6_2/workspace/mb_usb_hdmi_top/microblaze_0/standalone_microblaze_0/bsp/system.mss
TRACE::2024-10-25.13:50:56::SCWPlatform::Trying to open the hw design at C:/Users/curti/OneDrive/Documents/UIUC/ECE-385/Vivado_Projects/lab_6_2/workspace/mb_usb_hdmi_top/tempdsa/mb_usb_hdmi_top.xsa
TRACE::2024-10-25.13:50:56::SCWPlatform::DSA given C:/Users/curti/OneDrive/Documents/UIUC/ECE-385/Vivado_Projects/lab_6_2/workspace/mb_usb_hdmi_top/tempdsa/mb_usb_hdmi_top.xsa
TRACE::2024-10-25.13:50:56::SCWPlatform::DSA absoulate path C:/Users/curti/OneDrive/Documents/UIUC/ECE-385/Vivado_Projects/lab_6_2/workspace/mb_usb_hdmi_top/tempdsa/mb_usb_hdmi_top.xsa
TRACE::2024-10-25.13:50:56::SCWPlatform::DSA directory C:/Users/curti/OneDrive/Documents/UIUC/ECE-385/Vivado_Projects/lab_6_2/workspace/mb_usb_hdmi_top/tempdsa
TRACE::2024-10-25.13:50:56::SCWPlatform:: Platform Path C:/Users/curti/OneDrive/Documents/UIUC/ECE-385/Vivado_Projects/lab_6_2/workspace/mb_usb_hdmi_top/tempdsa/mb_usb_hdmi_top.xsa
TRACE::2024-10-25.13:50:56::SCWPlatform:: Unique name xilinx:::0.0
TRACE::2024-10-25.13:50:56::SCWPlatform::update - Opened existing hwdb mb_usb_hdmi_top_4
TRACE::2024-10-25.13:50:56::SCWPlatform::Found the Hw Db part of the input DSA
TRACE::2024-10-25.13:50:56::SCWMssOS::Saving the mss changes C:/Users/curti/OneDrive/Documents/UIUC/ECE-385/Vivado_Projects/lab_6_2/workspace/mb_usb_hdmi_top/microblaze_0/standalone_microblaze_0/bsp/system.mss
TRACE::2024-10-25.13:50:56::SCWMssOS::Found a swdesign opened with the mssfile.
TRACE::2024-10-25.13:50:56::SCWMssOS::Completed writemss as part of save.
TRACE::2024-10-25.13:50:56::SCWMssOS::Commit changes completed.
TRACE::2024-10-25.13:50:56::SCWMssOS::Completed hw sync for the mss in domain: standalone_microblaze_0
TRACE::2024-10-25.13:50:56::SCWMssOS::Removing the swdes entry for  C:/Users/curti/OneDrive/Documents/UIUC/ECE-385/Vivado_Projects/lab_6_2/workspace/mb_usb_hdmi_top/microblaze_0/standalone_microblaze_0/bsp/system.mss
TRACE::2024-10-25.13:50:56::SCWPlatform::Trying to open the hw design at C:/Users/curti/OneDrive/Documents/UIUC/ECE-385/Vivado_Projects/lab_6_2/workspace/mb_usb_hdmi_top/hw/mb_usb_hdmi_top.xsa
TRACE::2024-10-25.13:50:56::SCWPlatform::DSA given C:/Users/curti/OneDrive/Documents/UIUC/ECE-385/Vivado_Projects/lab_6_2/workspace/mb_usb_hdmi_top/hw/mb_usb_hdmi_top.xsa
TRACE::2024-10-25.13:50:56::SCWPlatform::DSA absoulate path C:/Users/curti/OneDrive/Documents/UIUC/ECE-385/Vivado_Projects/lab_6_2/workspace/mb_usb_hdmi_top/hw/mb_usb_hdmi_top.xsa
TRACE::2024-10-25.13:50:56::SCWPlatform::DSA directory C:/Users/curti/OneDrive/Documents/UIUC/ECE-385/Vivado_Projects/lab_6_2/workspace/mb_usb_hdmi_top/hw
TRACE::2024-10-25.13:50:56::SCWPlatform:: Platform Path C:/Users/curti/OneDrive/Documents/UIUC/ECE-385/Vivado_Projects/lab_6_2/workspace/mb_usb_hdmi_top/hw/mb_usb_hdmi_top.xsa
TRACE::2024-10-25.13:50:56::SCWPlatform:: Unique name xilinx:::0.0
TRACE::2024-10-25.13:50:56::SCWPlatform::Do not have an existing db opened. 
TRACE::2024-10-25.13:50:56::SCWPlatform::Opened new HwDB with name mb_usb_hdmi_top_5
TRACE::2024-10-25.13:50:56::SCWMssOS::Saving the mss changes C:/Users/curti/OneDrive/Documents/UIUC/ECE-385/Vivado_Projects/lab_6_2/workspace/mb_usb_hdmi_top/microblaze_0/standalone_microblaze_0/bsp/system.mss
TRACE::2024-10-25.13:50:56::SCWMssOS::Adding the swdes entry, mss present, able to open swdb C:/Users/curti/OneDrive/Documents/UIUC/ECE-385/Vivado_Projects/lab_6_2/workspace/mb_usb_hdmi_top/microblaze_0/standalone_microblaze_0/bsp/system.mss with des name system
TRACE::2024-10-25.13:50:56::SCWMssOS::Writing the mss file completed C:/Users/curti/OneDrive/Documents/UIUC/ECE-385/Vivado_Projects/lab_6_2/workspace/mb_usb_hdmi_top/microblaze_0/standalone_microblaze_0/bsp/system.mss
TRACE::2024-10-25.13:50:56::SCWMssOS::Commit changes completed.
TRACE::2024-10-25.13:50:56::SCWPlatform::Trying to open the hw design at C:/Users/curti/OneDrive/Documents/UIUC/ECE-385/Vivado_Projects/lab_6_2/workspace/mb_usb_hdmi_top/hw/mb_usb_hdmi_top.xsa
TRACE::2024-10-25.13:50:56::SCWPlatform::DSA given C:/Users/curti/OneDrive/Documents/UIUC/ECE-385/Vivado_Projects/lab_6_2/workspace/mb_usb_hdmi_top/hw/mb_usb_hdmi_top.xsa
TRACE::2024-10-25.13:50:56::SCWPlatform::DSA absoulate path C:/Users/curti/OneDrive/Documents/UIUC/ECE-385/Vivado_Projects/lab_6_2/workspace/mb_usb_hdmi_top/hw/mb_usb_hdmi_top.xsa
TRACE::2024-10-25.13:50:56::SCWPlatform::DSA directory C:/Users/curti/OneDrive/Documents/UIUC/ECE-385/Vivado_Projects/lab_6_2/workspace/mb_usb_hdmi_top/hw
TRACE::2024-10-25.13:50:56::SCWPlatform:: Platform Path C:/Users/curti/OneDrive/Documents/UIUC/ECE-385/Vivado_Projects/lab_6_2/workspace/mb_usb_hdmi_top/hw/mb_usb_hdmi_top.xsa
TRACE::2024-10-25.13:50:56::SCWPlatform:: Unique name xilinx:::0.0
TRACE::2024-10-25.13:50:56::SCWPlatform::Trying to set the existing hwdb with name mb_usb_hdmi_top_5
TRACE::2024-10-25.13:50:56::SCWPlatform::Opened existing hwdb mb_usb_hdmi_top_5
TRACE::2024-10-25.13:50:56::SCWPlatform::Found the Hw Db part of the input DSA
TRACE::2024-10-25.13:50:56::SCWMssOS::Checking the sw design at  C:/Users/curti/OneDrive/Documents/UIUC/ECE-385/Vivado_Projects/lab_6_2/workspace/mb_usb_hdmi_top/microblaze_0/standalone_microblaze_0/bsp/system.mss
TRACE::2024-10-25.13:50:56::SCWMssOS::DEBUG:  swdes dump  C:/Users/curti/OneDrive/Documents/UIUC/ECE-385/Vivado_Projects/lab_6_2/workspace/mb_usb_hdmi_top/microblaze_0/standalone_microblaze_0/bsp/system.mss|system||

TRACE::2024-10-25.13:50:56::SCWMssOS::Sw design exists and opened at  C:/Users/curti/OneDrive/Documents/UIUC/ECE-385/Vivado_Projects/lab_6_2/workspace/mb_usb_hdmi_top/microblaze_0/standalone_microblaze_0/bsp/system.mss
TRACE::2024-10-25.13:50:56::SCWWriter::formatted JSON is {
	"platformName":	"mb_usb_hdmi_top",
	"sprVersion":	"2.0",
	"mode":	"gui",
	"dsaType":	"Fixed",
	"platformDesc":	"mb_usb_hdmi_top",
	"platHandOff":	"C:/Users/curti/OneDrive/Documents/UIUC/ECE-385/Vivado_Projects/lab_6_2/mb_usb_hdmi_top.xsa",
	"platIntHandOff":	"<platformDir>/hw/mb_usb_hdmi_top.xsa",
	"deviceType":	"FPGA",
	"platIsPrebuiltAutogen":	"false",
	"platIsNoBootBsp":	"false",
	"hasFsblMakeHasChanges":	"false",
	"hasPmufwMakeHasChanges":	"false",
	"platPreBuiltFlag":	false,
	"platformSamplesDir":	"",
	"platActiveSys":	"mb_usb_hdmi_top",
	"systems":	[{
			"systemName":	"mb_usb_hdmi_top",
			"systemDesc":	"mb_usb_hdmi_top",
			"sysIsBootAutoGen":	"true",
			"systemDispName":	"mb_usb_hdmi_top",
			"sysActiveDom":	"standalone_microblaze_0",
			"sysDefaultDom":	"standalone_microblaze_0",
			"domains":	[{
					"domainName":	"standalone_microblaze_0",
					"domainDispName":	"standalone_microblaze_0",
					"domainDesc":	"standalone_microblaze_0",
					"processors":	"microblaze_0",
					"os":	"standalone",
					"sdxOs":	"standalone",
					"debugEnable":	"False",
					"domRuntimes":	["cpp"],
					"swRepo":	"",
					"mssOsVer":	"8.0",
					"mssFile":	"",
					"md5Digest":	"304529987e879521ca977c68d163f3621",
					"compatibleApp":	"",
					"domType":	"mssDomain",
					"arch":	"32-bit",
					"appSettings":	{
						"appCompilerFlags":	"",
						"appLinkerFlags":	""
					},
					"addedLibs":	[],
					"libOptions":	{
						"libsContainingOptions":	[]
					},
					"prebuiltLibs":	{
						"prebuiltIncPath":	[],
						"prebuiltLibPath":	[]
					},
					"isolation":	{
					}
				}]
		}]
}
TRACE::2024-10-25.13:51:03::SCWMssOS::cleaning the bsp 
TRACE::2024-10-25.13:51:03::SCWMssOS::System Command Ran  C: & cd  C:/Users/curti/OneDrive/Documents/UIUC/ECE-385/Vivado_Projects/lab_6_2/workspace/mb_usb_hdmi_top/microblaze_0/standalone_microblaze_0/bsp & make clean 
TRACE::2024-10-25.13:51:03::SCWMssOS::make -C microblaze_0/libsrc/bram_v4_8/src -s clean 

TRACE::2024-10-25.13:51:03::SCWMssOS::make -C microblaze_0/libsrc/cpu_v2_16/src -s clean 

TRACE::2024-10-25.13:51:04::SCWMssOS::make -C microblaze_0/libsrc/gpio_v4_9/src -s clean 

TRACE::2024-10-25.13:51:04::SCWMssOS::make -C microblaze_0/libsrc/intc_v3_15/src -s clean 

TRACE::2024-10-25.13:51:04::SCWMssOS::make -C microblaze_0/libsrc/spi_v4_9/src -s clean 

TRACE::2024-10-25.13:51:04::SCWMssOS::make -C microblaze_0/libsrc/standalone_v8_0/src -s clean 

TRACE::2024-10-25.13:51:04::SCWMssOS::make -C microblaze_0/libsrc/tmrctr_v4_9/src -s clean 

TRACE::2024-10-25.13:51:04::SCWMssOS::make -C microblaze_0/libsrc/uartlite_v3_7/src -s clean 

TRACE::2024-10-25.13:51:04::SCWMssOS::rm -f microblaze_0/lib/libxil.a

LOG::2024-10-25.13:51:10::SCWPlatform::Started generating the artifacts platform mb_usb_hdmi_top
TRACE::2024-10-25.13:51:10::SCWPlatform::Sanity checking of platform is completed
LOG::2024-10-25.13:51:10::SCWPlatform::Started generating the artifacts for system configuration mb_usb_hdmi_top
LOG::2024-10-25.13:51:10::SCWSystem::Checking the domain standalone_microblaze_0
LOG::2024-10-25.13:51:10::SCWSystem::Not a boot domain 
LOG::2024-10-25.13:51:10::SCWSystem::Started Processing the domain standalone_microblaze_0
TRACE::2024-10-25.13:51:10::SCWDomain::Generating domain artifcats
TRACE::2024-10-25.13:51:10::SCWMssOS::Generating standalone artifcats
TRACE::2024-10-25.13:51:10::SCWMssOS:: Copying the user libraries. 
TRACE::2024-10-25.13:51:10::SCWPlatform::Trying to open the hw design at C:/Users/curti/OneDrive/Documents/UIUC/ECE-385/Vivado_Projects/lab_6_2/workspace/mb_usb_hdmi_top/hw/mb_usb_hdmi_top.xsa
TRACE::2024-10-25.13:51:10::SCWPlatform::DSA given C:/Users/curti/OneDrive/Documents/UIUC/ECE-385/Vivado_Projects/lab_6_2/workspace/mb_usb_hdmi_top/hw/mb_usb_hdmi_top.xsa
TRACE::2024-10-25.13:51:10::SCWPlatform::DSA absoulate path C:/Users/curti/OneDrive/Documents/UIUC/ECE-385/Vivado_Projects/lab_6_2/workspace/mb_usb_hdmi_top/hw/mb_usb_hdmi_top.xsa
TRACE::2024-10-25.13:51:10::SCWPlatform::DSA directory C:/Users/curti/OneDrive/Documents/UIUC/ECE-385/Vivado_Projects/lab_6_2/workspace/mb_usb_hdmi_top/hw
TRACE::2024-10-25.13:51:10::SCWPlatform:: Platform Path C:/Users/curti/OneDrive/Documents/UIUC/ECE-385/Vivado_Projects/lab_6_2/workspace/mb_usb_hdmi_top/hw/mb_usb_hdmi_top.xsa
TRACE::2024-10-25.13:51:10::SCWPlatform:: Unique name xilinx:::0.0
TRACE::2024-10-25.13:51:10::SCWPlatform::Trying to set the existing hwdb with name mb_usb_hdmi_top_5
TRACE::2024-10-25.13:51:10::SCWPlatform::Opened existing hwdb mb_usb_hdmi_top_5
TRACE::2024-10-25.13:51:10::SCWPlatform::Found the Hw Db part of the input DSA
TRACE::2024-10-25.13:51:10::SCWMssOS::Checking the sw design at  C:/Users/curti/OneDrive/Documents/UIUC/ECE-385/Vivado_Projects/lab_6_2/workspace/mb_usb_hdmi_top/microblaze_0/standalone_microblaze_0/bsp/system.mss
TRACE::2024-10-25.13:51:10::SCWMssOS::DEBUG:  swdes dump  C:/Users/curti/OneDrive/Documents/UIUC/ECE-385/Vivado_Projects/lab_6_2/workspace/mb_usb_hdmi_top/microblaze_0/standalone_microblaze_0/bsp/system.mss|system||

TRACE::2024-10-25.13:51:10::SCWMssOS::Sw design exists and opened at  C:/Users/curti/OneDrive/Documents/UIUC/ECE-385/Vivado_Projects/lab_6_2/workspace/mb_usb_hdmi_top/microblaze_0/standalone_microblaze_0/bsp/system.mss
TRACE::2024-10-25.13:51:10::SCWMssOS::Completed writing the mss file at C:/Users/curti/OneDrive/Documents/UIUC/ECE-385/Vivado_Projects/lab_6_2/workspace/mb_usb_hdmi_top/microblaze_0/standalone_microblaze_0/bsp
TRACE::2024-10-25.13:51:10::SCWMssOS::Mss edits present, copying mssfile into export location C:/Users/curti/OneDrive/Documents/UIUC/ECE-385/Vivado_Projects/lab_6_2/workspace/mb_usb_hdmi_top/microblaze_0/standalone_microblaze_0/bsp/system.mss
TRACE::2024-10-25.13:51:10::SCWMssOS::bsp generated is stale removing and regenerating. 
TRACE::2024-10-25.13:51:12::SCWMssOS::doing bsp build ... 
TRACE::2024-10-25.13:51:12::SCWMssOS::System Command Ran  C: & cd  C:/Users/curti/OneDrive/Documents/UIUC/ECE-385/Vivado_Projects/lab_6_2/workspace/mb_usb_hdmi_top/microblaze_0/standalone_microblaze_0/bsp & make 
TRACE::2024-10-25.13:51:12::SCWMssOS::make --no-print-directory seq_libs

TRACE::2024-10-25.13:51:12::SCWMssOS::'Finished building libraries sequentially.'

TRACE::2024-10-25.13:51:12::SCWMssOS::make -j 18 --no-print-directory par_libs

TRACE::2024-10-25.13:51:13::SCWMssOS::"Running Make include in microblaze_0/libsrc/bram_v4_8/src"

TRACE::2024-10-25.13:51:13::SCWMssOS::make -C microblaze_0/libsrc/bram_v4_8/src -s include  "SHELL=CMD" "COMPILER=mb-gcc" "ASSEMBLER=mb-as" "ARCHIVER=mb-ar" "COMPILE
TRACE::2024-10-25.13:51:13::SCWMssOS::R_FLAGS=  -O2 -c -mcpu=v11.0 -mlittle-endian -mno-xl-reorder -mno-xl-soft-mul -mxl-barrel-shift -mxl-pattern-compare" "EXTRA_CO
TRACE::2024-10-25.13:51:13::SCWMssOS::MPILER_FLAGS=-g -ffunction-sections -fdata-sections -Wall -Wextra -fno-tree-loop-distribute-patterns"

TRACE::2024-10-25.13:51:13::SCWMssOS::"Running Make include in microblaze_0/libsrc/cpu_v2_16/src"

TRACE::2024-10-25.13:51:13::SCWMssOS::make -C microblaze_0/libsrc/cpu_v2_16/src -s include  "SHELL=CMD" "COMPILER=mb-gcc" "ASSEMBLER=mb-as" "ARCHIVER=mb-ar" "COMPILE
TRACE::2024-10-25.13:51:13::SCWMssOS::R_FLAGS=  -O2 -c -mcpu=v11.0 -mlittle-endian -mno-xl-reorder -mno-xl-soft-mul -mxl-barrel-shift -mxl-pattern-compare" "EXTRA_CO
TRACE::2024-10-25.13:51:13::SCWMssOS::MPILER_FLAGS=-g -ffunction-sections -fdata-sections -Wall -Wextra -fno-tree-loop-distribute-patterns"

TRACE::2024-10-25.13:51:13::SCWMssOS::"Running Make include in microblaze_0/libsrc/gpio_v4_9/src"

TRACE::2024-10-25.13:51:13::SCWMssOS::"Running Make include in microblaze_0/libsrc/intc_v3_15/src"

TRACE::2024-10-25.13:51:13::SCWMssOS::make -C microblaze_0/libsrc/gpio_v4_9/src -s include  "SHELL=CMD" "COMPILER=mb-gcc" "ASSEMBLER=mb-as" "ARCHIVER=mb-ar" "COMPILE
TRACE::2024-10-25.13:51:13::SCWMssOS::R_FLAGS=  -O2 -c -mcpu=v11.0 -mlittle-endian -mno-xl-reorder -mno-xl-soft-mul -mxl-barrel-shift -mxl-pattern-compare" "EXTRA_CO
TRACE::2024-10-25.13:51:13::SCWMssOS::MPILER_FLAGS=-g -ffunction-sections -fdata-sections -Wall -Wextra -fno-tree-loop-distribute-patterns"

TRACE::2024-10-25.13:51:13::SCWMssOS::make -C microblaze_0/libsrc/intc_v3_15/src -s include  "SHELL=CMD" "COMPILER=mb-gcc" "ASSEMBLER=mb-as" "ARCHIVER=mb-ar" "COMPIL
TRACE::2024-10-25.13:51:13::SCWMssOS::ER_FLAGS=  -O2 -c -mcpu=v11.0 -mlittle-endian -mno-xl-reorder -mno-xl-soft-mul -mxl-barrel-shift -mxl-pattern-compare" "EXTRA_C
TRACE::2024-10-25.13:51:13::SCWMssOS::OMPILER_FLAGS=-g -ffunction-sections -fdata-sections -Wall -Wextra -fno-tree-loop-distribute-patterns"

TRACE::2024-10-25.13:51:13::SCWMssOS::"Running Make include in microblaze_0/libsrc/spi_v4_9/src"

TRACE::2024-10-25.13:51:13::SCWMssOS::make -C microblaze_0/libsrc/spi_v4_9/src -s include  "SHELL=CMD" "COMPILER=mb-gcc" "ASSEMBLER=mb-as" "ARCHIVER=mb-ar" "COMPILER
TRACE::2024-10-25.13:51:13::SCWMssOS::_FLAGS=  -O2 -c -mcpu=v11.0 -mlittle-endian -mno-xl-reorder -mno-xl-soft-mul -mxl-barrel-shift -mxl-pattern-compare" "EXTRA_COM
TRACE::2024-10-25.13:51:13::SCWMssOS::PILER_FLAGS=-g -ffunction-sections -fdata-sections -Wall -Wextra -fno-tree-loop-distribute-patterns"

TRACE::2024-10-25.13:51:13::SCWMssOS::"Running Make include in microblaze_0/libsrc/standalone_v8_0/src"

TRACE::2024-10-25.13:51:13::SCWMssOS::make -C microblaze_0/libsrc/standalone_v8_0/src -s include  "SHELL=CMD" "COMPILER=mb-gcc" "ASSEMBLER=mb-as" "ARCHIVER=mb-ar" "C
TRACE::2024-10-25.13:51:13::SCWMssOS::OMPILER_FLAGS=  -O2 -c -mcpu=v11.0 -mlittle-endian -mno-xl-reorder -mno-xl-soft-mul -mxl-barrel-shift -mxl-pattern-compare" "EX
TRACE::2024-10-25.13:51:13::SCWMssOS::TRA_COMPILER_FLAGS=-g -ffunction-sections -fdata-sections -Wall -Wextra -fno-tree-loop-distribute-patterns"

TRACE::2024-10-25.13:51:13::SCWMssOS::"Running Make include in microblaze_0/libsrc/tmrctr_v4_9/src"

TRACE::2024-10-25.13:51:13::SCWMssOS::make -C microblaze_0/libsrc/tmrctr_v4_9/src -s include  "SHELL=CMD" "COMPILER=mb-gcc" "ASSEMBLER=mb-as" "ARCHIVER=mb-ar" "COMPI
TRACE::2024-10-25.13:51:13::SCWMssOS::LER_FLAGS=  -O2 -c -mcpu=v11.0 -mlittle-endian -mno-xl-reorder -mno-xl-soft-mul -mxl-barrel-shift -mxl-pattern-compare" "EXTRA_
TRACE::2024-10-25.13:51:13::SCWMssOS::COMPILER_FLAGS=-g -ffunction-sections -fdata-sections -Wall -Wextra -fno-tree-loop-distribute-patterns"

TRACE::2024-10-25.13:51:13::SCWMssOS::"Running Make include in microblaze_0/libsrc/uartlite_v3_7/src"

TRACE::2024-10-25.13:51:13::SCWMssOS::make -C microblaze_0/libsrc/uartlite_v3_7/src -s include  "SHELL=CMD" "COMPILER=mb-gcc" "ASSEMBLER=mb-as" "ARCHIVER=mb-ar" "COM
TRACE::2024-10-25.13:51:13::SCWMssOS::PILER_FLAGS=  -O2 -c -mcpu=v11.0 -mlittle-endian -mno-xl-reorder -mno-xl-soft-mul -mxl-barrel-shift -mxl-pattern-compare" "EXTR
TRACE::2024-10-25.13:51:13::SCWMssOS::A_COMPILER_FLAGS=-g -ffunction-sections -fdata-sections -Wall -Wextra -fno-tree-loop-distribute-patterns"

TRACE::2024-10-25.13:51:14::SCWMssOS::"Running Make libs in microblaze_0/libsrc/bram_v4_8/src"

TRACE::2024-10-25.13:51:14::SCWMssOS::"Running Make libs in microblaze_0/libsrc/cpu_v2_16/src"

TRACE::2024-10-25.13:51:14::SCWMssOS::make -C microblaze_0/libsrc/bram_v4_8/src -s libs  "SHELL=CMD" "COMPILER=mb-gcc" "ASSEMBLER=mb-as" "ARCHIVER=mb-ar" "COMPILER_F
TRACE::2024-10-25.13:51:14::SCWMssOS::LAGS=  -O2 -c -mcpu=v11.0 -mlittle-endian -mno-xl-reorder -mno-xl-soft-mul -mxl-barrel-shift -mxl-pattern-compare" "EXTRA_COMPI
TRACE::2024-10-25.13:51:14::SCWMssOS::LER_FLAGS=-g -ffunction-sections -fdata-sections -Wall -Wextra -fno-tree-loop-distribute-patterns"

TRACE::2024-10-25.13:51:14::SCWMssOS::make -C microblaze_0/libsrc/cpu_v2_16/src -s libs  "SHELL=CMD" "COMPILER=mb-gcc" "ASSEMBLER=mb-as" "ARCHIVER=mb-ar" "COMPILER_F
TRACE::2024-10-25.13:51:14::SCWMssOS::LAGS=  -O2 -c -mcpu=v11.0 -mlittle-endian -mno-xl-reorder -mno-xl-soft-mul -mxl-barrel-shift -mxl-pattern-compare" "EXTRA_COMPI
TRACE::2024-10-25.13:51:14::SCWMssOS::LER_FLAGS=-g -ffunction-sections -fdata-sections -Wall -Wextra -fno-tree-loop-distribute-patterns"

TRACE::2024-10-25.13:51:14::SCWMssOS::"Running Make libs in microblaze_0/libsrc/gpio_v4_9/src"

TRACE::2024-10-25.13:51:14::SCWMssOS::make -C microblaze_0/libsrc/gpio_v4_9/src -s libs  "SHELL=CMD" "COMPILER=mb-gcc" "ASSEMBLER=mb-as" "ARCHIVER=mb-ar" "COMPILER_F
TRACE::2024-10-25.13:51:14::SCWMssOS::LAGS=  -O2 -c -mcpu=v11.0 -mlittle-endian -mno-xl-reorder -mno-xl-soft-mul -mxl-barrel-shift -mxl-pattern-compare" "EXTRA_COMPI
TRACE::2024-10-25.13:51:14::SCWMssOS::LER_FLAGS=-g -ffunction-sections -fdata-sections -Wall -Wextra -fno-tree-loop-distribute-patterns"

TRACE::2024-10-25.13:51:14::SCWMssOS::"Running Make libs in microblaze_0/libsrc/intc_v3_15/src"

TRACE::2024-10-25.13:51:14::SCWMssOS::"Running Make libs in microblaze_0/libsrc/spi_v4_9/src"

TRACE::2024-10-25.13:51:14::SCWMssOS::make -C microblaze_0/libsrc/intc_v3_15/src -s libs  "SHELL=CMD" "COMPILER=mb-gcc" "ASSEMBLER=mb-as" "ARCHIVER=mb-ar" "COMPILER_
TRACE::2024-10-25.13:51:14::SCWMssOS::FLAGS=  -O2 -c -mcpu=v11.0 -mlittle-endian -mno-xl-reorder -mno-xl-soft-mul -mxl-barrel-shift -mxl-pattern-compare" "EXTRA_COMP
TRACE::2024-10-25.13:51:14::SCWMssOS::ILER_FLAGS=-g -ffunction-sections -fdata-sections -Wall -Wextra -fno-tree-loop-distribute-patterns"

TRACE::2024-10-25.13:51:14::SCWMssOS::make -C microblaze_0/libsrc/spi_v4_9/src -s libs  "SHELL=CMD" "COMPILER=mb-gcc" "ASSEMBLER=mb-as" "ARCHIVER=mb-ar" "COMPILER_FL
TRACE::2024-10-25.13:51:14::SCWMssOS::AGS=  -O2 -c -mcpu=v11.0 -mlittle-endian -mno-xl-reorder -mno-xl-soft-mul -mxl-barrel-shift -mxl-pattern-compare" "EXTRA_COMPIL
TRACE::2024-10-25.13:51:14::SCWMssOS::ER_FLAGS=-g -ffunction-sections -fdata-sections -Wall -Wextra -fno-tree-loop-distribute-patterns"

TRACE::2024-10-25.13:51:14::SCWMssOS::"Running Make libs in microblaze_0/libsrc/standalone_v8_0/src"

TRACE::2024-10-25.13:51:14::SCWMssOS::make -C microblaze_0/libsrc/standalone_v8_0/src -s libs  "SHELL=CMD" "COMPILER=mb-gcc" "ASSEMBLER=mb-as" "ARCHIVER=mb-ar" "COMP
TRACE::2024-10-25.13:51:14::SCWMssOS::ILER_FLAGS=  -O2 -c -mcpu=v11.0 -mlittle-endian -mno-xl-reorder -mno-xl-soft-mul -mxl-barrel-shift -mxl-pattern-compare" "EXTRA
TRACE::2024-10-25.13:51:14::SCWMssOS::_COMPILER_FLAGS=-g -ffunction-sections -fdata-sections -Wall -Wextra -fno-tree-loop-distribute-patterns"

TRACE::2024-10-25.13:51:15::SCWMssOS::"Running Make libs in microblaze_0/libsrc/tmrctr_v4_9/src"

TRACE::2024-10-25.13:51:15::SCWMssOS::make -C microblaze_0/libsrc/tmrctr_v4_9/src -s libs  "SHELL=CMD" "COMPILER=mb-gcc" "ASSEMBLER=mb-as" "ARCHIVER=mb-ar" "COMPILER
TRACE::2024-10-25.13:51:15::SCWMssOS::_FLAGS=  -O2 -c -mcpu=v11.0 -mlittle-endian -mno-xl-reorder -mno-xl-soft-mul -mxl-barrel-shift -mxl-pattern-compare" "EXTRA_COM
TRACE::2024-10-25.13:51:15::SCWMssOS::PILER_FLAGS=-g -ffunction-sections -fdata-sections -Wall -Wextra -fno-tree-loop-distribute-patterns"

TRACE::2024-10-25.13:51:15::SCWMssOS::"Running Make libs in microblaze_0/libsrc/uartlite_v3_7/src"

TRACE::2024-10-25.13:51:15::SCWMssOS::make -C microblaze_0/libsrc/uartlite_v3_7/src -s libs  "SHELL=CMD" "COMPILER=mb-gcc" "ASSEMBLER=mb-as" "ARCHIVER=mb-ar" "COMPIL
TRACE::2024-10-25.13:51:15::SCWMssOS::ER_FLAGS=  -O2 -c -mcpu=v11.0 -mlittle-endian -mno-xl-reorder -mno-xl-soft-mul -mxl-barrel-shift -mxl-pattern-compare" "EXTRA_C
TRACE::2024-10-25.13:51:15::SCWMssOS::OMPILER_FLAGS=-g -ffunction-sections -fdata-sections -Wall -Wextra -fno-tree-loop-distribute-patterns"

TRACE::2024-10-25.13:51:16::SCWMssOS::"DEBUG NON_LTO_OBJECTS is ../../../lib/microblaze_interrupt_handler.o"

TRACE::2024-10-25.13:51:16::SCWMssOS::'Finished building libraries parallelly.'

TRACE::2024-10-25.13:51:16::SCWMssOS::make --no-print-directory archive

TRACE::2024-10-25.13:51:16::SCWMssOS::mb-ar -r  microblaze_0/lib/libxil.a microblaze_0/lib/_exit.o microblaze_0/lib/errno.o microblaze_0/lib/fcntl.o microblaze_0/lib
TRACE::2024-10-25.13:51:16::SCWMssOS::/hw_exception_handler.o microblaze_0/lib/inbyte.o microblaze_0/lib/microblaze_disable_dcache.o microblaze_0/lib/microblaze_disa
TRACE::2024-10-25.13:51:16::SCWMssOS::ble_exceptions.o microblaze_0/lib/microblaze_disable_icache.o microblaze_0/lib/microblaze_disable_interrupts.o microblaze_0/lib
TRACE::2024-10-25.13:51:16::SCWMssOS::/microblaze_enable_dcache.o microblaze_0/lib/microblaze_enable_exceptions.o microblaze_0/lib/microblaze_enable_icache.o microbl
TRACE::2024-10-25.13:51:16::SCWMssOS::aze_0/lib/microblaze_enable_interrupts.o microblaze_0/lib/microblaze_exception_handler.o microblaze_0/lib/microblaze_flush_cach
TRACE::2024-10-25.13:51:16::SCWMssOS::e_ext.o microblaze_0/lib/microblaze_flush_cache_ext_range.o microblaze_0/lib/microblaze_flush_dcache.o microblaze_0/lib/microbl
TRACE::2024-10-25.13:51:16::SCWMssOS::aze_flush_dcache_range.o microblaze_0/lib/microblaze_init_dcache_range.o microblaze_0/lib/microblaze_init_icache_range.o microb
TRACE::2024-10-25.13:51:16::SCWMssOS::laze_0/lib/microblaze_interrupt_handler.o microblaze_0/lib/microblaze_interrupts_g.o microblaze_0/lib/microblaze_invalidate_cac
TRACE::2024-10-25.13:51:16::SCWMssOS::he_ext.o microblaze_0/lib/microblaze_invalidate_cache_ext_range.o microblaze_0/lib/microblaze_invalidate_dcache.o microblaze_0/
TRACE::2024-10-25.13:51:16::SCWMssOS::lib/microblaze_invalidate_dcache_range.o microblaze_0/lib/microblaze_invalidate_icache.o microblaze_0/lib/microblaze_invalidate
TRACE::2024-10-25.13:51:16::SCWMssOS::_icache_range.o microblaze_0/lib/microblaze_scrub.o microblaze_0/lib/microblaze_selftest.o microblaze_0/lib/microblaze_sleep.o 
TRACE::2024-10-25.13:51:16::SCWMssOS::microblaze_0/lib/microblaze_update_dcache.o microblaze_0/lib/microblaze_update_icache.o microblaze_0/lib/outbyte.o microblaze_0
TRACE::2024-10-25.13:51:16::SCWMssOS::/lib/print.o microblaze_0/lib/pvr.o microblaze_0/lib/xbram.o microblaze_0/lib/xbram_g.o microblaze_0/lib/xbram_intr.o microblaz
TRACE::2024-10-25.13:51:16::SCWMssOS::e_0/lib/xbram_selftest.o microblaze_0/lib/xbram_sinit.o microblaze_0/lib/xgpio.o microblaze_0/lib/xgpio_extra.o microblaze_0/li
TRACE::2024-10-25.13:51:16::SCWMssOS::b/xgpio_g.o microblaze_0/lib/xgpio_intr.o microblaze_0/lib/xgpio_selftest.o microblaze_0/lib/xgpio_sinit.o microblaze_0/lib/xil
TRACE::2024-10-25.13:51:16::SCWMssOS::_assert.o microblaze_0/lib/xil_cache.o microblaze_0/lib/xil_clocking.o microblaze_0/lib/xil_exception.o microblaze_0/lib/xil_me
TRACE::2024-10-25.13:51:16::SCWMssOS::m.o microblaze_0/lib/xil_misc_psreset_api.o microblaze_0/lib/xil_printf.o microblaze_0/lib/xil_sleepcommon.o microblaze_0/lib/x
TRACE::2024-10-25.13:51:16::SCWMssOS::il_testcache.o microblaze_0/lib/xil_testio.o microblaze_0/lib/xil_testmem.o microblaze_0/lib/xil_util.o microblaze_0/lib/xintc.
TRACE::2024-10-25.13:51:16::SCWMssOS::o microblaze_0/lib/xintc_g.o microblaze_0/lib/xintc_intr.o microblaze_0/lib/xintc_l.o microblaze_0/lib/xintc_options.o microbla
TRACE::2024-10-25.13:51:16::SCWMssOS::ze_0/lib/xintc_selftest.o microblaze_0/lib/xinterrupt_wrap.o microblaze_0/lib/xio.o microblaze_0/lib/xplatform_info.o microblaz
TRACE::2024-10-25.13:51:16::SCWMssOS::e_0/lib/xspi.o microblaze_0/lib/xspi_g.o microblaze_0/lib/xspi_options.o microblaze_0/lib/xspi_selftest.o microblaze_0/lib/xspi
TRACE::2024-10-25.13:51:16::SCWMssOS::_sinit.o microblaze_0/lib/xspi_stats.o microblaze_0/lib/xtmrctr.o microblaze_0/lib/xtmrctr_g.o microblaze_0/lib/xtmrctr_intr.o 
TRACE::2024-10-25.13:51:16::SCWMssOS::microblaze_0/lib/xtmrctr_l.o microblaze_0/lib/xtmrctr_options.o microblaze_0/lib/xtmrctr_selftest.o microblaze_0/lib/xtmrctr_si
TRACE::2024-10-25.13:51:16::SCWMssOS::nit.o microblaze_0/lib/xtmrctr_stats.o microblaze_0/lib/xuartlite.o microblaze_0/lib/xuartlite_g.o microblaze_0/lib/xuartlite_i
TRACE::2024-10-25.13:51:16::SCWMssOS::ntr.o microblaze_0/lib/xuartlite_l.o microblaze_0/lib/xuartlite_selftest.o microblaze_0/lib/xuartlite_sinit.o microblaze_0/lib/
TRACE::2024-10-25.13:51:16::SCWMssOS::xuartlite_stats.o

TRACE::2024-10-25.13:51:17::SCWMssOS::'Finished building libraries'

TRACE::2024-10-25.13:51:17::SCWMssOS:: Checking if to create the Supporting Applications
TRACE::2024-10-25.13:51:17::SCWMssOS:: No Linux domain exists, trying to generate FSBL 
LOG::2024-10-25.13:51:17::SCWSystem::Completed Processing the domain standalone_microblaze_0
LOG::2024-10-25.13:51:17::SCWSystem::Completed Processing the sysconfig mb_usb_hdmi_top
LOG::2024-10-25.13:51:17::SCWPlatform::Completed generating the artifacts for system configuration mb_usb_hdmi_top
TRACE::2024-10-25.13:51:17::SCWPlatform::Started preparing the platform 
TRACE::2024-10-25.13:51:17::SCWSystem::Writing the bif file for system config mb_usb_hdmi_top
TRACE::2024-10-25.13:51:17::SCWSystem::dir created 
TRACE::2024-10-25.13:51:17::SCWSystem::Writing the bif 
TRACE::2024-10-25.13:51:17::SCWPlatform::Started writing the spfm file 
TRACE::2024-10-25.13:51:17::SCWPlatform::Started writing the xpfm file 
TRACE::2024-10-25.13:51:17::SCWPlatform::Completed generating the platform
TRACE::2024-10-25.13:51:17::SCWMssOS::Saving the mss changes C:/Users/curti/OneDrive/Documents/UIUC/ECE-385/Vivado_Projects/lab_6_2/workspace/mb_usb_hdmi_top/microblaze_0/standalone_microblaze_0/bsp/system.mss
TRACE::2024-10-25.13:51:17::SCWMssOS::Adding the swdes entry, mss present, able to open swdb C:/Users/curti/OneDrive/Documents/UIUC/ECE-385/Vivado_Projects/lab_6_2/workspace/mb_usb_hdmi_top/microblaze_0/standalone_microblaze_0/bsp/system.mss with des name system
TRACE::2024-10-25.13:51:17::SCWMssOS::Writing the mss file completed C:/Users/curti/OneDrive/Documents/UIUC/ECE-385/Vivado_Projects/lab_6_2/workspace/mb_usb_hdmi_top/microblaze_0/standalone_microblaze_0/bsp/system.mss
TRACE::2024-10-25.13:51:17::SCWMssOS::Commit changes completed.
TRACE::2024-10-25.13:51:17::SCWPlatform::Trying to open the hw design at C:/Users/curti/OneDrive/Documents/UIUC/ECE-385/Vivado_Projects/lab_6_2/workspace/mb_usb_hdmi_top/hw/mb_usb_hdmi_top.xsa
TRACE::2024-10-25.13:51:17::SCWPlatform::DSA given C:/Users/curti/OneDrive/Documents/UIUC/ECE-385/Vivado_Projects/lab_6_2/workspace/mb_usb_hdmi_top/hw/mb_usb_hdmi_top.xsa
TRACE::2024-10-25.13:51:17::SCWPlatform::DSA absoulate path C:/Users/curti/OneDrive/Documents/UIUC/ECE-385/Vivado_Projects/lab_6_2/workspace/mb_usb_hdmi_top/hw/mb_usb_hdmi_top.xsa
TRACE::2024-10-25.13:51:17::SCWPlatform::DSA directory C:/Users/curti/OneDrive/Documents/UIUC/ECE-385/Vivado_Projects/lab_6_2/workspace/mb_usb_hdmi_top/hw
TRACE::2024-10-25.13:51:17::SCWPlatform:: Platform Path C:/Users/curti/OneDrive/Documents/UIUC/ECE-385/Vivado_Projects/lab_6_2/workspace/mb_usb_hdmi_top/hw/mb_usb_hdmi_top.xsa
TRACE::2024-10-25.13:51:17::SCWPlatform:: Unique name xilinx:::0.0
TRACE::2024-10-25.13:51:17::SCWPlatform::Trying to set the existing hwdb with name mb_usb_hdmi_top_5
TRACE::2024-10-25.13:51:17::SCWPlatform::Opened existing hwdb mb_usb_hdmi_top_5
TRACE::2024-10-25.13:51:17::SCWPlatform::Found the Hw Db part of the input DSA
TRACE::2024-10-25.13:51:17::SCWMssOS::Checking the sw design at  C:/Users/curti/OneDrive/Documents/UIUC/ECE-385/Vivado_Projects/lab_6_2/workspace/mb_usb_hdmi_top/microblaze_0/standalone_microblaze_0/bsp/system.mss
TRACE::2024-10-25.13:51:17::SCWMssOS::DEBUG:  swdes dump  C:/Users/curti/OneDrive/Documents/UIUC/ECE-385/Vivado_Projects/lab_6_2/workspace/mb_usb_hdmi_top/microblaze_0/standalone_microblaze_0/bsp/system.mss|system||

TRACE::2024-10-25.13:51:17::SCWMssOS::Sw design exists and opened at  C:/Users/curti/OneDrive/Documents/UIUC/ECE-385/Vivado_Projects/lab_6_2/workspace/mb_usb_hdmi_top/microblaze_0/standalone_microblaze_0/bsp/system.mss
TRACE::2024-10-25.13:51:17::SCWWriter::formatted JSON is {
	"platformName":	"mb_usb_hdmi_top",
	"sprVersion":	"2.0",
	"mode":	"gui",
	"dsaType":	"Fixed",
	"platformDesc":	"mb_usb_hdmi_top",
	"platHandOff":	"C:/Users/curti/OneDrive/Documents/UIUC/ECE-385/Vivado_Projects/lab_6_2/mb_usb_hdmi_top.xsa",
	"platIntHandOff":	"<platformDir>/hw/mb_usb_hdmi_top.xsa",
	"deviceType":	"FPGA",
	"platIsPrebuiltAutogen":	"false",
	"platIsNoBootBsp":	"false",
	"hasFsblMakeHasChanges":	"false",
	"hasPmufwMakeHasChanges":	"false",
	"platPreBuiltFlag":	false,
	"platformSamplesDir":	"",
	"platActiveSys":	"mb_usb_hdmi_top",
	"systems":	[{
			"systemName":	"mb_usb_hdmi_top",
			"systemDesc":	"mb_usb_hdmi_top",
			"sysIsBootAutoGen":	"true",
			"systemDispName":	"mb_usb_hdmi_top",
			"sysActiveDom":	"standalone_microblaze_0",
			"sysDefaultDom":	"standalone_microblaze_0",
			"domains":	[{
					"domainName":	"standalone_microblaze_0",
					"domainDispName":	"standalone_microblaze_0",
					"domainDesc":	"standalone_microblaze_0",
					"processors":	"microblaze_0",
					"os":	"standalone",
					"sdxOs":	"standalone",
					"debugEnable":	"False",
					"domRuntimes":	["cpp"],
					"swRepo":	"",
					"mssOsVer":	"8.0",
					"mssFile":	"",
					"md5Digest":	"304529987e879521ca977c68d163f362",
					"compatibleApp":	"",
					"domType":	"mssDomain",
					"arch":	"32-bit",
					"appSettings":	{
						"appCompilerFlags":	"",
						"appLinkerFlags":	""
					},
					"addedLibs":	[],
					"libOptions":	{
						"libsContainingOptions":	[]
					},
					"prebuiltLibs":	{
						"prebuiltIncPath":	[],
						"prebuiltLibPath":	[]
					},
					"isolation":	{
					}
				}]
		}]
}
KEYINFO::2024-10-25.13:51:17::SCWPlatform::updated the xpfm file.
TRACE::2024-10-25.13:51:17::SCWPlatform::Trying to open the hw design at C:/Users/curti/OneDrive/Documents/UIUC/ECE-385/Vivado_Projects/lab_6_2/workspace/mb_usb_hdmi_top/hw/mb_usb_hdmi_top.xsa
TRACE::2024-10-25.13:51:17::SCWPlatform::DSA given C:/Users/curti/OneDrive/Documents/UIUC/ECE-385/Vivado_Projects/lab_6_2/workspace/mb_usb_hdmi_top/hw/mb_usb_hdmi_top.xsa
TRACE::2024-10-25.13:51:17::SCWPlatform::DSA absoulate path C:/Users/curti/OneDrive/Documents/UIUC/ECE-385/Vivado_Projects/lab_6_2/workspace/mb_usb_hdmi_top/hw/mb_usb_hdmi_top.xsa
TRACE::2024-10-25.13:51:17::SCWPlatform::DSA directory C:/Users/curti/OneDrive/Documents/UIUC/ECE-385/Vivado_Projects/lab_6_2/workspace/mb_usb_hdmi_top/hw
TRACE::2024-10-25.13:51:17::SCWPlatform:: Platform Path C:/Users/curti/OneDrive/Documents/UIUC/ECE-385/Vivado_Projects/lab_6_2/workspace/mb_usb_hdmi_top/hw/mb_usb_hdmi_top.xsa
TRACE::2024-10-25.13:51:17::SCWPlatform:: Unique name xilinx:::0.0
TRACE::2024-10-25.13:51:17::SCWPlatform::Trying to set the existing hwdb with name mb_usb_hdmi_top_5
TRACE::2024-10-25.13:51:17::SCWPlatform::Opened existing hwdb mb_usb_hdmi_top_5
TRACE::2024-10-25.13:51:17::SCWPlatform::Found the Hw Db part of the input DSA
TRACE::2024-10-25.13:51:17::SCWMssOS::Checking the sw design at  C:/Users/curti/OneDrive/Documents/UIUC/ECE-385/Vivado_Projects/lab_6_2/workspace/mb_usb_hdmi_top/microblaze_0/standalone_microblaze_0/bsp/system.mss
TRACE::2024-10-25.13:51:17::SCWMssOS::DEBUG:  swdes dump  C:/Users/curti/OneDrive/Documents/UIUC/ECE-385/Vivado_Projects/lab_6_2/workspace/mb_usb_hdmi_top/microblaze_0/standalone_microblaze_0/bsp/system.mss|system||

TRACE::2024-10-25.13:51:17::SCWMssOS::Sw design exists and opened at  C:/Users/curti/OneDrive/Documents/UIUC/ECE-385/Vivado_Projects/lab_6_2/workspace/mb_usb_hdmi_top/microblaze_0/standalone_microblaze_0/bsp/system.mss
TRACE::2024-11-19.03:09:03::SCWPlatform::Trying to open the hw design at C:/Users/curti/OneDrive/Documents/UIUC/ECE-385/Vivado_Projects/lab_6_2/workspace/mb_usb_hdmi_top/hw/mb_usb_hdmi_top.xsa
TRACE::2024-11-19.03:09:03::SCWPlatform::DSA given C:/Users/curti/OneDrive/Documents/UIUC/ECE-385/Vivado_Projects/lab_6_2/workspace/mb_usb_hdmi_top/hw/mb_usb_hdmi_top.xsa
TRACE::2024-11-19.03:09:03::SCWPlatform::DSA absoulate path C:/Users/curti/OneDrive/Documents/UIUC/ECE-385/Vivado_Projects/lab_6_2/workspace/mb_usb_hdmi_top/hw/mb_usb_hdmi_top.xsa
TRACE::2024-11-19.03:09:03::SCWPlatform::DSA directory C:/Users/curti/OneDrive/Documents/UIUC/ECE-385/Vivado_Projects/lab_6_2/workspace/mb_usb_hdmi_top/hw
TRACE::2024-11-19.03:09:03::SCWPlatform:: Platform Path C:/Users/curti/OneDrive/Documents/UIUC/ECE-385/Vivado_Projects/lab_6_2/workspace/mb_usb_hdmi_top/hw/mb_usb_hdmi_top.xsa
TRACE::2024-11-19.03:09:03::SCWPlatform:: Unique name xilinx:::0.0
TRACE::2024-11-19.03:09:03::SCWPlatform::Do not have an existing db opened. 
TRACE::2024-11-19.03:09:04::SCWPlatform::Opened new HwDB with name mb_usb_hdmi_top
TRACE::2024-11-19.03:09:04::SCWReader::Active system found as  mb_usb_hdmi_top
TRACE::2024-11-19.03:09:04::SCWReader::Handling sysconfig mb_usb_hdmi_top
TRACE::2024-11-19.03:09:04::SCWDomain::checking for install qemu data   : 
TRACE::2024-11-19.03:09:04::SCWPlatform::Trying to open the hw design at C:/Users/curti/OneDrive/Documents/UIUC/ECE-385/Vivado_Projects/lab_6_2/workspace/mb_usb_hdmi_top/hw/mb_usb_hdmi_top.xsa
TRACE::2024-11-19.03:09:04::SCWPlatform::DSA given C:/Users/curti/OneDrive/Documents/UIUC/ECE-385/Vivado_Projects/lab_6_2/workspace/mb_usb_hdmi_top/hw/mb_usb_hdmi_top.xsa
TRACE::2024-11-19.03:09:04::SCWPlatform::DSA absoulate path C:/Users/curti/OneDrive/Documents/UIUC/ECE-385/Vivado_Projects/lab_6_2/workspace/mb_usb_hdmi_top/hw/mb_usb_hdmi_top.xsa
TRACE::2024-11-19.03:09:04::SCWPlatform::DSA directory C:/Users/curti/OneDrive/Documents/UIUC/ECE-385/Vivado_Projects/lab_6_2/workspace/mb_usb_hdmi_top/hw
TRACE::2024-11-19.03:09:04::SCWPlatform:: Platform Path C:/Users/curti/OneDrive/Documents/UIUC/ECE-385/Vivado_Projects/lab_6_2/workspace/mb_usb_hdmi_top/hw/mb_usb_hdmi_top.xsa
TRACE::2024-11-19.03:09:04::SCWPlatform:: Unique name xilinx:::0.0
TRACE::2024-11-19.03:09:04::SCWPlatform::Trying to set the existing hwdb with name mb_usb_hdmi_top
TRACE::2024-11-19.03:09:04::SCWPlatform::Opened existing hwdb mb_usb_hdmi_top
TRACE::2024-11-19.03:09:04::SCWPlatform::Found the Hw Db part of the input DSA
TRACE::2024-11-19.03:09:04::SCWPlatform::Trying to open the hw design at C:/Users/curti/OneDrive/Documents/UIUC/ECE-385/Vivado_Projects/lab_6_2/workspace/mb_usb_hdmi_top/hw/mb_usb_hdmi_top.xsa
TRACE::2024-11-19.03:09:04::SCWPlatform::DSA given C:/Users/curti/OneDrive/Documents/UIUC/ECE-385/Vivado_Projects/lab_6_2/workspace/mb_usb_hdmi_top/hw/mb_usb_hdmi_top.xsa
TRACE::2024-11-19.03:09:04::SCWPlatform::DSA absoulate path C:/Users/curti/OneDrive/Documents/UIUC/ECE-385/Vivado_Projects/lab_6_2/workspace/mb_usb_hdmi_top/hw/mb_usb_hdmi_top.xsa
TRACE::2024-11-19.03:09:04::SCWPlatform::DSA directory C:/Users/curti/OneDrive/Documents/UIUC/ECE-385/Vivado_Projects/lab_6_2/workspace/mb_usb_hdmi_top/hw
TRACE::2024-11-19.03:09:04::SCWPlatform:: Platform Path C:/Users/curti/OneDrive/Documents/UIUC/ECE-385/Vivado_Projects/lab_6_2/workspace/mb_usb_hdmi_top/hw/mb_usb_hdmi_top.xsa
TRACE::2024-11-19.03:09:04::SCWPlatform:: Unique name xilinx:::0.0
TRACE::2024-11-19.03:09:04::SCWPlatform::Trying to set the existing hwdb with name mb_usb_hdmi_top
TRACE::2024-11-19.03:09:04::SCWPlatform::Opened existing hwdb mb_usb_hdmi_top
TRACE::2024-11-19.03:09:04::SCWPlatform::Found the Hw Db part of the input DSA
TRACE::2024-11-19.03:09:04::SCWPlatform::Trying to open the hw design at C:/Users/curti/OneDrive/Documents/UIUC/ECE-385/Vivado_Projects/lab_6_2/workspace/mb_usb_hdmi_top/hw/mb_usb_hdmi_top.xsa
TRACE::2024-11-19.03:09:04::SCWPlatform::DSA given C:/Users/curti/OneDrive/Documents/UIUC/ECE-385/Vivado_Projects/lab_6_2/workspace/mb_usb_hdmi_top/hw/mb_usb_hdmi_top.xsa
TRACE::2024-11-19.03:09:04::SCWPlatform::DSA absoulate path C:/Users/curti/OneDrive/Documents/UIUC/ECE-385/Vivado_Projects/lab_6_2/workspace/mb_usb_hdmi_top/hw/mb_usb_hdmi_top.xsa
TRACE::2024-11-19.03:09:04::SCWPlatform::DSA directory C:/Users/curti/OneDrive/Documents/UIUC/ECE-385/Vivado_Projects/lab_6_2/workspace/mb_usb_hdmi_top/hw
TRACE::2024-11-19.03:09:04::SCWPlatform:: Platform Path C:/Users/curti/OneDrive/Documents/UIUC/ECE-385/Vivado_Projects/lab_6_2/workspace/mb_usb_hdmi_top/hw/mb_usb_hdmi_top.xsa
TRACE::2024-11-19.03:09:04::SCWPlatform:: Unique name xilinx:::0.0
TRACE::2024-11-19.03:09:04::SCWPlatform::Trying to set the existing hwdb with name mb_usb_hdmi_top
TRACE::2024-11-19.03:09:04::SCWPlatform::Opened existing hwdb mb_usb_hdmi_top
TRACE::2024-11-19.03:09:04::SCWPlatform::Found the Hw Db part of the input DSA
TRACE::2024-11-19.03:09:04::SCWPlatform::Trying to open the hw design at C:/Users/curti/OneDrive/Documents/UIUC/ECE-385/Vivado_Projects/lab_6_2/workspace/mb_usb_hdmi_top/hw/mb_usb_hdmi_top.xsa
TRACE::2024-11-19.03:09:04::SCWPlatform::DSA given C:/Users/curti/OneDrive/Documents/UIUC/ECE-385/Vivado_Projects/lab_6_2/workspace/mb_usb_hdmi_top/hw/mb_usb_hdmi_top.xsa
TRACE::2024-11-19.03:09:04::SCWPlatform::DSA absoulate path C:/Users/curti/OneDrive/Documents/UIUC/ECE-385/Vivado_Projects/lab_6_2/workspace/mb_usb_hdmi_top/hw/mb_usb_hdmi_top.xsa
TRACE::2024-11-19.03:09:04::SCWPlatform::DSA directory C:/Users/curti/OneDrive/Documents/UIUC/ECE-385/Vivado_Projects/lab_6_2/workspace/mb_usb_hdmi_top/hw
TRACE::2024-11-19.03:09:04::SCWPlatform:: Platform Path C:/Users/curti/OneDrive/Documents/UIUC/ECE-385/Vivado_Projects/lab_6_2/workspace/mb_usb_hdmi_top/hw/mb_usb_hdmi_top.xsa
TRACE::2024-11-19.03:09:04::SCWPlatform:: Unique name xilinx:::0.0
TRACE::2024-11-19.03:09:04::SCWPlatform::Trying to set the existing hwdb with name mb_usb_hdmi_top
TRACE::2024-11-19.03:09:04::SCWPlatform::Opened existing hwdb mb_usb_hdmi_top
TRACE::2024-11-19.03:09:04::SCWPlatform::Found the Hw Db part of the input DSA
TRACE::2024-11-19.03:09:04::SCWMssOS::Checking the sw design at  C:/Users/curti/OneDrive/Documents/UIUC/ECE-385/Vivado_Projects/lab_6_2/workspace/mb_usb_hdmi_top/microblaze_0/standalone_microblaze_0/bsp/system.mss
TRACE::2024-11-19.03:09:04::SCWMssOS::DEBUG:  swdes dump  
TRACE::2024-11-19.03:09:04::SCWMssOS::No sw design opened at  C:/Users/curti/OneDrive/Documents/UIUC/ECE-385/Vivado_Projects/lab_6_2/workspace/mb_usb_hdmi_top/microblaze_0/standalone_microblaze_0/bsp/system.mss
TRACE::2024-11-19.03:09:04::SCWMssOS::mss exists loading the mss file  C:/Users/curti/OneDrive/Documents/UIUC/ECE-385/Vivado_Projects/lab_6_2/workspace/mb_usb_hdmi_top/microblaze_0/standalone_microblaze_0/bsp/system.mss
TRACE::2024-11-19.03:09:04::SCWMssOS::Opened the sw design from mss  C:/Users/curti/OneDrive/Documents/UIUC/ECE-385/Vivado_Projects/lab_6_2/workspace/mb_usb_hdmi_top/microblaze_0/standalone_microblaze_0/bsp/system.mss
TRACE::2024-11-19.03:09:04::SCWMssOS::Adding the swdes entry C:/Users/curti/OneDrive/Documents/UIUC/ECE-385/Vivado_Projects/lab_6_2/workspace/mb_usb_hdmi_top/microblaze_0/standalone_microblaze_0/bsp/system.mss with des name system
TRACE::2024-11-19.03:09:04::SCWMssOS::updating the scw layer about changes
TRACE::2024-11-19.03:09:04::SCWMssOS::Opened the sw design.  C:/Users/curti/OneDrive/Documents/UIUC/ECE-385/Vivado_Projects/lab_6_2/workspace/mb_usb_hdmi_top/microblaze_0/standalone_microblaze_0/bsp/system.mss
TRACE::2024-11-19.03:09:04::SCWMssOS::Saving the mss changes C:/Users/curti/OneDrive/Documents/UIUC/ECE-385/Vivado_Projects/lab_6_2/workspace/mb_usb_hdmi_top/microblaze_0/standalone_microblaze_0/bsp/system.mss
TRACE::2024-11-19.03:09:04::SCWMssOS::Found a swdesign opened with the mssfile.
TRACE::2024-11-19.03:09:04::SCWMssOS::Completed writemss as part of save.
TRACE::2024-11-19.03:09:04::SCWMssOS::Commit changes completed.
TRACE::2024-11-19.03:09:04::SCWReader::Adding prebuilt librarypaths as   
TRACE::2024-11-19.03:09:04::SCWReader::Adding prebuilt incpaths  as   
TRACE::2024-11-19.03:09:04::SCWPlatform::Trying to open the hw design at C:/Users/curti/OneDrive/Documents/UIUC/ECE-385/Vivado_Projects/lab_6_2/workspace/mb_usb_hdmi_top/hw/mb_usb_hdmi_top.xsa
TRACE::2024-11-19.03:09:04::SCWPlatform::DSA given C:/Users/curti/OneDrive/Documents/UIUC/ECE-385/Vivado_Projects/lab_6_2/workspace/mb_usb_hdmi_top/hw/mb_usb_hdmi_top.xsa
TRACE::2024-11-19.03:09:04::SCWPlatform::DSA absoulate path C:/Users/curti/OneDrive/Documents/UIUC/ECE-385/Vivado_Projects/lab_6_2/workspace/mb_usb_hdmi_top/hw/mb_usb_hdmi_top.xsa
TRACE::2024-11-19.03:09:04::SCWPlatform::DSA directory C:/Users/curti/OneDrive/Documents/UIUC/ECE-385/Vivado_Projects/lab_6_2/workspace/mb_usb_hdmi_top/hw
TRACE::2024-11-19.03:09:04::SCWPlatform:: Platform Path C:/Users/curti/OneDrive/Documents/UIUC/ECE-385/Vivado_Projects/lab_6_2/workspace/mb_usb_hdmi_top/hw/mb_usb_hdmi_top.xsa
TRACE::2024-11-19.03:09:04::SCWPlatform:: Unique name xilinx:::0.0
TRACE::2024-11-19.03:09:04::SCWPlatform::Trying to set the existing hwdb with name mb_usb_hdmi_top
TRACE::2024-11-19.03:09:04::SCWPlatform::Opened existing hwdb mb_usb_hdmi_top
TRACE::2024-11-19.03:09:04::SCWPlatform::Found the Hw Db part of the input DSA
TRACE::2024-11-19.03:09:04::SCWMssOS::Checking the sw design at  C:/Users/curti/OneDrive/Documents/UIUC/ECE-385/Vivado_Projects/lab_6_2/workspace/mb_usb_hdmi_top/microblaze_0/standalone_microblaze_0/bsp/system.mss
TRACE::2024-11-19.03:09:04::SCWMssOS::DEBUG:  swdes dump  C:/Users/curti/OneDrive/Documents/UIUC/ECE-385/Vivado_Projects/lab_6_2/workspace/mb_usb_hdmi_top/microblaze_0/standalone_microblaze_0/bsp/system.mss|system||

TRACE::2024-11-19.03:09:04::SCWMssOS::Sw design exists and opened at  C:/Users/curti/OneDrive/Documents/UIUC/ECE-385/Vivado_Projects/lab_6_2/workspace/mb_usb_hdmi_top/microblaze_0/standalone_microblaze_0/bsp/system.mss
TRACE::2024-11-19.03:09:04::SCWReader::No isolation master present  
TRACE::2024-11-19.03:09:18::SCWPlatform::DSA given C:/Users/curti/OneDrive/Documents/UIUC/ECE-385/Vivado_Projects/lab_6_2/workspace/mb_usb_hdmi_top/tempdsa/mb_usb_hdmi_top.xsa
TRACE::2024-11-19.03:09:18::SCWPlatform::DSA absoulate path C:/Users/curti/OneDrive/Documents/UIUC/ECE-385/Vivado_Projects/lab_6_2/workspace/mb_usb_hdmi_top/tempdsa/mb_usb_hdmi_top.xsa
TRACE::2024-11-19.03:09:18::SCWPlatform:: Platform location is C:/Users/curti/OneDrive/Documents/UIUC/ECE-385/Vivado_Projects/lab_6_2/workspace/mb_usb_hdmi_top/tempdsa
TRACE::2024-11-19.03:09:18::SCWPlatform:: Platform Path C:/Users/curti/OneDrive/Documents/UIUC/ECE-385/Vivado_Projects/lab_6_2/workspace/mb_usb_hdmi_top/tempdsa/mb_usb_hdmi_top.xsa
TRACE::2024-11-19.03:09:18::SCWPlatform:: Unique name xilinx:::0.0
TRACE::2024-11-19.03:09:19::SCWPlatform::Found the Hw Db part of the input DSA
TRACE::2024-11-19.03:09:19::SCWMssOS::Doing hw sync for the mss in domain: standalone_microblaze_0
TRACE::2024-11-19.03:09:19::SCWPlatform::Trying to open the hw design at C:/Users/curti/OneDrive/Documents/UIUC/ECE-385/Vivado_Projects/lab_6_2/workspace/mb_usb_hdmi_top/hw/mb_usb_hdmi_top.xsa
TRACE::2024-11-19.03:09:19::SCWPlatform::DSA given C:/Users/curti/OneDrive/Documents/UIUC/ECE-385/Vivado_Projects/lab_6_2/workspace/mb_usb_hdmi_top/hw/mb_usb_hdmi_top.xsa
TRACE::2024-11-19.03:09:19::SCWPlatform::DSA absoulate path C:/Users/curti/OneDrive/Documents/UIUC/ECE-385/Vivado_Projects/lab_6_2/workspace/mb_usb_hdmi_top/hw/mb_usb_hdmi_top.xsa
TRACE::2024-11-19.03:09:19::SCWPlatform::DSA directory C:/Users/curti/OneDrive/Documents/UIUC/ECE-385/Vivado_Projects/lab_6_2/workspace/mb_usb_hdmi_top/hw
TRACE::2024-11-19.03:09:19::SCWPlatform:: Platform Path C:/Users/curti/OneDrive/Documents/UIUC/ECE-385/Vivado_Projects/lab_6_2/workspace/mb_usb_hdmi_top/hw/mb_usb_hdmi_top.xsa
TRACE::2024-11-19.03:09:19::SCWPlatform:: Unique name xilinx:::0.0
TRACE::2024-11-19.03:09:19::SCWPlatform::Trying to set the existing hwdb with name mb_usb_hdmi_top
TRACE::2024-11-19.03:09:19::SCWPlatform::Opened existing hwdb mb_usb_hdmi_top
TRACE::2024-11-19.03:09:19::SCWPlatform::Found the Hw Db part of the input DSA
TRACE::2024-11-19.03:09:19::SCWPlatform::Trying to open the hw design at C:/Users/curti/OneDrive/Documents/UIUC/ECE-385/Vivado_Projects/lab_6_2/workspace/mb_usb_hdmi_top/hw/mb_usb_hdmi_top.xsa
TRACE::2024-11-19.03:09:19::SCWPlatform::DSA given C:/Users/curti/OneDrive/Documents/UIUC/ECE-385/Vivado_Projects/lab_6_2/workspace/mb_usb_hdmi_top/hw/mb_usb_hdmi_top.xsa
TRACE::2024-11-19.03:09:19::SCWPlatform::DSA absoulate path C:/Users/curti/OneDrive/Documents/UIUC/ECE-385/Vivado_Projects/lab_6_2/workspace/mb_usb_hdmi_top/hw/mb_usb_hdmi_top.xsa
TRACE::2024-11-19.03:09:19::SCWPlatform::DSA directory C:/Users/curti/OneDrive/Documents/UIUC/ECE-385/Vivado_Projects/lab_6_2/workspace/mb_usb_hdmi_top/hw
TRACE::2024-11-19.03:09:19::SCWPlatform:: Platform Path C:/Users/curti/OneDrive/Documents/UIUC/ECE-385/Vivado_Projects/lab_6_2/workspace/mb_usb_hdmi_top/hw/mb_usb_hdmi_top.xsa
TRACE::2024-11-19.03:09:19::SCWPlatform:: Unique name xilinx:::0.0
TRACE::2024-11-19.03:09:19::SCWPlatform::Trying to set the existing hwdb with name mb_usb_hdmi_top
TRACE::2024-11-19.03:09:19::SCWPlatform::Opened existing hwdb mb_usb_hdmi_top
TRACE::2024-11-19.03:09:19::SCWPlatform::Found the Hw Db part of the input DSA
TRACE::2024-11-19.03:09:19::SCWMssOS::Checking the sw design at  C:/Users/curti/OneDrive/Documents/UIUC/ECE-385/Vivado_Projects/lab_6_2/workspace/mb_usb_hdmi_top/microblaze_0/standalone_microblaze_0/bsp/system.mss
TRACE::2024-11-19.03:09:19::SCWMssOS::DEBUG:  swdes dump  C:/Users/curti/OneDrive/Documents/UIUC/ECE-385/Vivado_Projects/lab_6_2/workspace/mb_usb_hdmi_top/microblaze_0/standalone_microblaze_0/bsp/system.mss|system||

TRACE::2024-11-19.03:09:19::SCWMssOS::Sw design exists and opened at  C:/Users/curti/OneDrive/Documents/UIUC/ECE-385/Vivado_Projects/lab_6_2/workspace/mb_usb_hdmi_top/microblaze_0/standalone_microblaze_0/bsp/system.mss
TRACE::2024-11-19.03:09:19::SCWPlatform::Trying to open the hw design at C:/Users/curti/OneDrive/Documents/UIUC/ECE-385/Vivado_Projects/lab_6_2/workspace/mb_usb_hdmi_top/tempdsa/mb_usb_hdmi_top.xsa
TRACE::2024-11-19.03:09:19::SCWPlatform::DSA given C:/Users/curti/OneDrive/Documents/UIUC/ECE-385/Vivado_Projects/lab_6_2/workspace/mb_usb_hdmi_top/tempdsa/mb_usb_hdmi_top.xsa
TRACE::2024-11-19.03:09:19::SCWPlatform::DSA absoulate path C:/Users/curti/OneDrive/Documents/UIUC/ECE-385/Vivado_Projects/lab_6_2/workspace/mb_usb_hdmi_top/tempdsa/mb_usb_hdmi_top.xsa
TRACE::2024-11-19.03:09:19::SCWPlatform::DSA directory C:/Users/curti/OneDrive/Documents/UIUC/ECE-385/Vivado_Projects/lab_6_2/workspace/mb_usb_hdmi_top/tempdsa
TRACE::2024-11-19.03:09:19::SCWPlatform:: Platform Path C:/Users/curti/OneDrive/Documents/UIUC/ECE-385/Vivado_Projects/lab_6_2/workspace/mb_usb_hdmi_top/tempdsa/mb_usb_hdmi_top.xsa
TRACE::2024-11-19.03:09:19::SCWPlatform:: Unique name xilinx:::0.0
TRACE::2024-11-19.03:09:19::SCWPlatform::update - Opened existing hwdb mb_usb_hdmi_top_0
TRACE::2024-11-19.03:09:19::SCWPlatform::Found the Hw Db part of the input DSA
TRACE::2024-11-19.03:09:19::SCWMssOS::Saving the mss changes C:/Users/curti/OneDrive/Documents/UIUC/ECE-385/Vivado_Projects/lab_6_2/workspace/mb_usb_hdmi_top/microblaze_0/standalone_microblaze_0/bsp/system.mss
TRACE::2024-11-19.03:09:19::SCWMssOS::Found a swdesign opened with the mssfile.
TRACE::2024-11-19.03:09:19::SCWMssOS::Completed writemss as part of save.
TRACE::2024-11-19.03:09:19::SCWMssOS::Commit changes completed.
TRACE::2024-11-19.03:09:19::SCWMssOS::Completed hw sync for the mss in domain: standalone_microblaze_0
TRACE::2024-11-19.03:09:19::SCWMssOS::Removing the swdes entry for  C:/Users/curti/OneDrive/Documents/UIUC/ECE-385/Vivado_Projects/lab_6_2/workspace/mb_usb_hdmi_top/microblaze_0/standalone_microblaze_0/bsp/system.mss
TRACE::2024-11-19.03:09:19::SCWPlatform::Trying to open the hw design at C:/Users/curti/OneDrive/Documents/UIUC/ECE-385/Vivado_Projects/lab_6_2/workspace/mb_usb_hdmi_top/hw/mb_usb_hdmi_top.xsa
TRACE::2024-11-19.03:09:19::SCWPlatform::DSA given C:/Users/curti/OneDrive/Documents/UIUC/ECE-385/Vivado_Projects/lab_6_2/workspace/mb_usb_hdmi_top/hw/mb_usb_hdmi_top.xsa
TRACE::2024-11-19.03:09:19::SCWPlatform::DSA absoulate path C:/Users/curti/OneDrive/Documents/UIUC/ECE-385/Vivado_Projects/lab_6_2/workspace/mb_usb_hdmi_top/hw/mb_usb_hdmi_top.xsa
TRACE::2024-11-19.03:09:19::SCWPlatform::DSA directory C:/Users/curti/OneDrive/Documents/UIUC/ECE-385/Vivado_Projects/lab_6_2/workspace/mb_usb_hdmi_top/hw
TRACE::2024-11-19.03:09:19::SCWPlatform:: Platform Path C:/Users/curti/OneDrive/Documents/UIUC/ECE-385/Vivado_Projects/lab_6_2/workspace/mb_usb_hdmi_top/hw/mb_usb_hdmi_top.xsa
TRACE::2024-11-19.03:09:19::SCWPlatform:: Unique name xilinx:::0.0
TRACE::2024-11-19.03:09:19::SCWPlatform::Do not have an existing db opened. 
TRACE::2024-11-19.03:09:19::SCWPlatform::Opened new HwDB with name mb_usb_hdmi_top_1
TRACE::2024-11-19.03:09:19::SCWMssOS::Saving the mss changes C:/Users/curti/OneDrive/Documents/UIUC/ECE-385/Vivado_Projects/lab_6_2/workspace/mb_usb_hdmi_top/microblaze_0/standalone_microblaze_0/bsp/system.mss
TRACE::2024-11-19.03:09:19::SCWMssOS::Adding the swdes entry, mss present, able to open swdb C:/Users/curti/OneDrive/Documents/UIUC/ECE-385/Vivado_Projects/lab_6_2/workspace/mb_usb_hdmi_top/microblaze_0/standalone_microblaze_0/bsp/system.mss with des name system
TRACE::2024-11-19.03:09:19::SCWMssOS::Writing the mss file completed C:/Users/curti/OneDrive/Documents/UIUC/ECE-385/Vivado_Projects/lab_6_2/workspace/mb_usb_hdmi_top/microblaze_0/standalone_microblaze_0/bsp/system.mss
TRACE::2024-11-19.03:09:19::SCWMssOS::Commit changes completed.
TRACE::2024-11-19.03:09:19::SCWPlatform::Trying to open the hw design at C:/Users/curti/OneDrive/Documents/UIUC/ECE-385/Vivado_Projects/lab_6_2/workspace/mb_usb_hdmi_top/hw/mb_usb_hdmi_top.xsa
TRACE::2024-11-19.03:09:19::SCWPlatform::DSA given C:/Users/curti/OneDrive/Documents/UIUC/ECE-385/Vivado_Projects/lab_6_2/workspace/mb_usb_hdmi_top/hw/mb_usb_hdmi_top.xsa
TRACE::2024-11-19.03:09:19::SCWPlatform::DSA absoulate path C:/Users/curti/OneDrive/Documents/UIUC/ECE-385/Vivado_Projects/lab_6_2/workspace/mb_usb_hdmi_top/hw/mb_usb_hdmi_top.xsa
TRACE::2024-11-19.03:09:19::SCWPlatform::DSA directory C:/Users/curti/OneDrive/Documents/UIUC/ECE-385/Vivado_Projects/lab_6_2/workspace/mb_usb_hdmi_top/hw
TRACE::2024-11-19.03:09:19::SCWPlatform:: Platform Path C:/Users/curti/OneDrive/Documents/UIUC/ECE-385/Vivado_Projects/lab_6_2/workspace/mb_usb_hdmi_top/hw/mb_usb_hdmi_top.xsa
TRACE::2024-11-19.03:09:19::SCWPlatform:: Unique name xilinx:::0.0
TRACE::2024-11-19.03:09:19::SCWPlatform::Trying to set the existing hwdb with name mb_usb_hdmi_top_1
TRACE::2024-11-19.03:09:19::SCWPlatform::Opened existing hwdb mb_usb_hdmi_top_1
TRACE::2024-11-19.03:09:19::SCWPlatform::Found the Hw Db part of the input DSA
TRACE::2024-11-19.03:09:19::SCWMssOS::Checking the sw design at  C:/Users/curti/OneDrive/Documents/UIUC/ECE-385/Vivado_Projects/lab_6_2/workspace/mb_usb_hdmi_top/microblaze_0/standalone_microblaze_0/bsp/system.mss
TRACE::2024-11-19.03:09:19::SCWMssOS::DEBUG:  swdes dump  C:/Users/curti/OneDrive/Documents/UIUC/ECE-385/Vivado_Projects/lab_6_2/workspace/mb_usb_hdmi_top/microblaze_0/standalone_microblaze_0/bsp/system.mss|system||

TRACE::2024-11-19.03:09:19::SCWMssOS::Sw design exists and opened at  C:/Users/curti/OneDrive/Documents/UIUC/ECE-385/Vivado_Projects/lab_6_2/workspace/mb_usb_hdmi_top/microblaze_0/standalone_microblaze_0/bsp/system.mss
TRACE::2024-11-19.03:09:19::SCWWriter::formatted JSON is {
	"platformName":	"mb_usb_hdmi_top",
	"sprVersion":	"2.0",
	"mode":	"gui",
	"dsaType":	"Fixed",
	"platformDesc":	"mb_usb_hdmi_top",
	"platHandOff":	"C:/Users/curti/OneDrive/Documents/UIUC/ECE-385/Vivado_Projects/Final_Project/mb_usb_hdmi_top.xsa",
	"platIntHandOff":	"<platformDir>/hw/mb_usb_hdmi_top.xsa",
	"deviceType":	"FPGA",
	"platIsPrebuiltAutogen":	"false",
	"platIsNoBootBsp":	"false",
	"hasFsblMakeHasChanges":	"false",
	"hasPmufwMakeHasChanges":	"false",
	"platPreBuiltFlag":	false,
	"platformSamplesDir":	"",
	"platActiveSys":	"mb_usb_hdmi_top",
	"systems":	[{
			"systemName":	"mb_usb_hdmi_top",
			"systemDesc":	"mb_usb_hdmi_top",
			"sysIsBootAutoGen":	"true",
			"systemDispName":	"mb_usb_hdmi_top",
			"sysActiveDom":	"standalone_microblaze_0",
			"sysDefaultDom":	"standalone_microblaze_0",
			"domains":	[{
					"domainName":	"standalone_microblaze_0",
					"domainDispName":	"standalone_microblaze_0",
					"domainDesc":	"standalone_microblaze_0",
					"processors":	"microblaze_0",
					"os":	"standalone",
					"sdxOs":	"standalone",
					"debugEnable":	"False",
					"domRuntimes":	["cpp"],
					"swRepo":	"",
					"mssOsVer":	"8.0",
					"mssFile":	"",
					"md5Digest":	"304529987e879521ca977c68d163f3621",
					"compatibleApp":	"",
					"domType":	"mssDomain",
					"arch":	"32-bit",
					"appSettings":	{
						"appCompilerFlags":	"",
						"appLinkerFlags":	""
					},
					"addedLibs":	[],
					"libOptions":	{
						"libsContainingOptions":	[]
					},
					"prebuiltLibs":	{
						"prebuiltIncPath":	[],
						"prebuiltLibPath":	[]
					},
					"isolation":	{
					}
				}]
		}]
}
TRACE::2024-11-19.03:09:30::SCWMssOS::cleaning the bsp 
TRACE::2024-11-19.03:09:30::SCWMssOS::System Command Ran  C: & cd  C:/Users/curti/OneDrive/Documents/UIUC/ECE-385/Vivado_Projects/lab_6_2/workspace/mb_usb_hdmi_top/microblaze_0/standalone_microblaze_0/bsp & make clean 
TRACE::2024-11-19.03:09:30::SCWMssOS::make -C microblaze_0/libsrc/bram_v4_8/src -s clean 

TRACE::2024-11-19.03:09:30::SCWMssOS::make -C microblaze_0/libsrc/cpu_v2_16/src -s clean 

TRACE::2024-11-19.03:09:30::SCWMssOS::make -C microblaze_0/libsrc/gpio_v4_9/src -s clean 

TRACE::2024-11-19.03:09:30::SCWMssOS::make -C microblaze_0/libsrc/intc_v3_15/src -s clean 

TRACE::2024-11-19.03:09:30::SCWMssOS::make -C microblaze_0/libsrc/spi_v4_9/src -s clean 

TRACE::2024-11-19.03:09:30::SCWMssOS::make -C microblaze_0/libsrc/standalone_v8_0/src -s clean 

TRACE::2024-11-19.03:09:31::SCWMssOS::make -C microblaze_0/libsrc/tmrctr_v4_9/src -s clean 

TRACE::2024-11-19.03:09:31::SCWMssOS::make -C microblaze_0/libsrc/uartlite_v3_7/src -s clean 

TRACE::2024-11-19.03:09:32::SCWMssOS::rm -f microblaze_0/lib/libxil.a

TRACE::2024-11-19.03:09:34::SCWMssOS::cleaning the bsp 
TRACE::2024-11-19.03:09:34::SCWMssOS::System Command Ran  C: & cd  C:/Users/curti/OneDrive/Documents/UIUC/ECE-385/Vivado_Projects/lab_6_2/workspace/mb_usb_hdmi_top/microblaze_0/standalone_microblaze_0/bsp & make clean 
TRACE::2024-11-19.03:09:34::SCWMssOS::make -C microblaze_0/libsrc/bram_v4_8/src -s clean 

TRACE::2024-11-19.03:09:34::SCWMssOS::make -C microblaze_0/libsrc/cpu_v2_16/src -s clean 

TRACE::2024-11-19.03:09:34::SCWMssOS::make -C microblaze_0/libsrc/gpio_v4_9/src -s clean 

TRACE::2024-11-19.03:09:34::SCWMssOS::make -C microblaze_0/libsrc/intc_v3_15/src -s clean 

TRACE::2024-11-19.03:09:34::SCWMssOS::make -C microblaze_0/libsrc/spi_v4_9/src -s clean 

TRACE::2024-11-19.03:09:34::SCWMssOS::make -C microblaze_0/libsrc/standalone_v8_0/src -s clean 

TRACE::2024-11-19.03:09:34::SCWMssOS::make -C microblaze_0/libsrc/tmrctr_v4_9/src -s clean 

TRACE::2024-11-19.03:09:34::SCWMssOS::make -C microblaze_0/libsrc/uartlite_v3_7/src -s clean 

TRACE::2024-11-19.03:09:34::SCWMssOS::rm -f microblaze_0/lib/libxil.a

TRACE::2024-11-19.03:09:48::SCWMssOS::cleaning the bsp 
TRACE::2024-11-19.03:09:48::SCWMssOS::System Command Ran  C: & cd  C:/Users/curti/OneDrive/Documents/UIUC/ECE-385/Vivado_Projects/lab_6_2/workspace/mb_usb_hdmi_top/microblaze_0/standalone_microblaze_0/bsp & make clean 
TRACE::2024-11-19.03:09:48::SCWMssOS::make -C microblaze_0/libsrc/bram_v4_8/src -s clean 

TRACE::2024-11-19.03:09:48::SCWMssOS::make -C microblaze_0/libsrc/cpu_v2_16/src -s clean 

TRACE::2024-11-19.03:09:48::SCWMssOS::make -C microblaze_0/libsrc/gpio_v4_9/src -s clean 

TRACE::2024-11-19.03:09:48::SCWMssOS::make -C microblaze_0/libsrc/intc_v3_15/src -s clean 

TRACE::2024-11-19.03:09:48::SCWMssOS::make -C microblaze_0/libsrc/spi_v4_9/src -s clean 

TRACE::2024-11-19.03:09:48::SCWMssOS::make -C microblaze_0/libsrc/standalone_v8_0/src -s clean 

TRACE::2024-11-19.03:09:48::SCWMssOS::make -C microblaze_0/libsrc/tmrctr_v4_9/src -s clean 

TRACE::2024-11-19.03:09:48::SCWMssOS::make -C microblaze_0/libsrc/uartlite_v3_7/src -s clean 

TRACE::2024-11-19.03:09:48::SCWMssOS::rm -f microblaze_0/lib/libxil.a

TRACE::2024-11-19.03:09:56::SCWMssOS::cleaning the bsp 
TRACE::2024-11-19.03:09:56::SCWMssOS::System Command Ran  C: & cd  C:/Users/curti/OneDrive/Documents/UIUC/ECE-385/Vivado_Projects/lab_6_2/workspace/mb_usb_hdmi_top/microblaze_0/standalone_microblaze_0/bsp & make clean 
TRACE::2024-11-19.03:09:56::SCWMssOS::make -C microblaze_0/libsrc/bram_v4_8/src -s clean 

TRACE::2024-11-19.03:09:56::SCWMssOS::make -C microblaze_0/libsrc/cpu_v2_16/src -s clean 

TRACE::2024-11-19.03:09:56::SCWMssOS::make -C microblaze_0/libsrc/gpio_v4_9/src -s clean 

TRACE::2024-11-19.03:09:56::SCWMssOS::make -C microblaze_0/libsrc/intc_v3_15/src -s clean 

TRACE::2024-11-19.03:09:56::SCWMssOS::make -C microblaze_0/libsrc/spi_v4_9/src -s clean 

TRACE::2024-11-19.03:09:56::SCWMssOS::make -C microblaze_0/libsrc/standalone_v8_0/src -s clean 

TRACE::2024-11-19.03:09:57::SCWMssOS::make -C microblaze_0/libsrc/tmrctr_v4_9/src -s clean 

TRACE::2024-11-19.03:09:57::SCWMssOS::make -C microblaze_0/libsrc/uartlite_v3_7/src -s clean 

TRACE::2024-11-19.03:09:57::SCWMssOS::rm -f microblaze_0/lib/libxil.a

LOG::2024-11-19.03:10:03::SCWPlatform::Started generating the artifacts platform mb_usb_hdmi_top
TRACE::2024-11-19.03:10:03::SCWPlatform::Sanity checking of platform is completed
LOG::2024-11-19.03:10:03::SCWPlatform::Started generating the artifacts for system configuration mb_usb_hdmi_top
LOG::2024-11-19.03:10:03::SCWSystem::Checking the domain standalone_microblaze_0
LOG::2024-11-19.03:10:03::SCWSystem::Not a boot domain 
LOG::2024-11-19.03:10:03::SCWSystem::Started Processing the domain standalone_microblaze_0
TRACE::2024-11-19.03:10:03::SCWDomain::Generating domain artifcats
TRACE::2024-11-19.03:10:03::SCWMssOS::Generating standalone artifcats
TRACE::2024-11-19.03:10:03::SCWMssOS:: Copying the user libraries. 
TRACE::2024-11-19.03:10:03::SCWPlatform::Trying to open the hw design at C:/Users/curti/OneDrive/Documents/UIUC/ECE-385/Vivado_Projects/lab_6_2/workspace/mb_usb_hdmi_top/hw/mb_usb_hdmi_top.xsa
TRACE::2024-11-19.03:10:03::SCWPlatform::DSA given C:/Users/curti/OneDrive/Documents/UIUC/ECE-385/Vivado_Projects/lab_6_2/workspace/mb_usb_hdmi_top/hw/mb_usb_hdmi_top.xsa
TRACE::2024-11-19.03:10:03::SCWPlatform::DSA absoulate path C:/Users/curti/OneDrive/Documents/UIUC/ECE-385/Vivado_Projects/lab_6_2/workspace/mb_usb_hdmi_top/hw/mb_usb_hdmi_top.xsa
TRACE::2024-11-19.03:10:03::SCWPlatform::DSA directory C:/Users/curti/OneDrive/Documents/UIUC/ECE-385/Vivado_Projects/lab_6_2/workspace/mb_usb_hdmi_top/hw
TRACE::2024-11-19.03:10:03::SCWPlatform:: Platform Path C:/Users/curti/OneDrive/Documents/UIUC/ECE-385/Vivado_Projects/lab_6_2/workspace/mb_usb_hdmi_top/hw/mb_usb_hdmi_top.xsa
TRACE::2024-11-19.03:10:03::SCWPlatform:: Unique name xilinx:::0.0
TRACE::2024-11-19.03:10:03::SCWPlatform::Trying to set the existing hwdb with name mb_usb_hdmi_top_1
TRACE::2024-11-19.03:10:03::SCWPlatform::Opened existing hwdb mb_usb_hdmi_top_1
TRACE::2024-11-19.03:10:03::SCWPlatform::Found the Hw Db part of the input DSA
TRACE::2024-11-19.03:10:03::SCWMssOS::Checking the sw design at  C:/Users/curti/OneDrive/Documents/UIUC/ECE-385/Vivado_Projects/lab_6_2/workspace/mb_usb_hdmi_top/microblaze_0/standalone_microblaze_0/bsp/system.mss
TRACE::2024-11-19.03:10:03::SCWMssOS::DEBUG:  swdes dump  C:/Users/curti/OneDrive/Documents/UIUC/ECE-385/Vivado_Projects/lab_6_2/workspace/mb_usb_hdmi_top/microblaze_0/standalone_microblaze_0/bsp/system.mss|system||

TRACE::2024-11-19.03:10:03::SCWMssOS::Sw design exists and opened at  C:/Users/curti/OneDrive/Documents/UIUC/ECE-385/Vivado_Projects/lab_6_2/workspace/mb_usb_hdmi_top/microblaze_0/standalone_microblaze_0/bsp/system.mss
TRACE::2024-11-19.03:10:03::SCWMssOS::Completed writing the mss file at C:/Users/curti/OneDrive/Documents/UIUC/ECE-385/Vivado_Projects/lab_6_2/workspace/mb_usb_hdmi_top/microblaze_0/standalone_microblaze_0/bsp
TRACE::2024-11-19.03:10:03::SCWMssOS::Mss edits present, copying mssfile into export location C:/Users/curti/OneDrive/Documents/UIUC/ECE-385/Vivado_Projects/lab_6_2/workspace/mb_usb_hdmi_top/microblaze_0/standalone_microblaze_0/bsp/system.mss
TRACE::2024-11-19.03:10:03::SCWMssOS::bsp generated is stale removing and regenerating. 
TRACE::2024-11-19.03:10:05::SCWMssOS::doing bsp build ... 
TRACE::2024-11-19.03:10:05::SCWMssOS::System Command Ran  C: & cd  C:/Users/curti/OneDrive/Documents/UIUC/ECE-385/Vivado_Projects/lab_6_2/workspace/mb_usb_hdmi_top/microblaze_0/standalone_microblaze_0/bsp & make 
TRACE::2024-11-19.03:10:05::SCWMssOS::make --no-print-directory seq_libs

TRACE::2024-11-19.03:10:05::SCWMssOS::'Finished building libraries sequentially.'

TRACE::2024-11-19.03:10:05::SCWMssOS::make -j 18 --no-print-directory par_libs

TRACE::2024-11-19.03:10:05::SCWMssOS::"Running Make include in microblaze_0/libsrc/bram_v4_8/src"

TRACE::2024-11-19.03:10:05::SCWMssOS::make -C microblaze_0/libsrc/bram_v4_8/src -s include  "SHELL=CMD" "COMPILER=mb-gcc" "ASSEMBLER=mb-as" "ARCHIVER=mb-ar" "COMPILE
TRACE::2024-11-19.03:10:05::SCWMssOS::R_FLAGS=  -O2 -c -mcpu=v11.0 -mlittle-endian -mno-xl-reorder -mno-xl-soft-mul -mxl-barrel-shift -mxl-pattern-compare" "EXTRA_CO
TRACE::2024-11-19.03:10:05::SCWMssOS::MPILER_FLAGS=-g -ffunction-sections -fdata-sections -Wall -Wextra -fno-tree-loop-distribute-patterns"

TRACE::2024-11-19.03:10:05::SCWMssOS::"Running Make include in microblaze_0/libsrc/cpu_v2_16/src"

TRACE::2024-11-19.03:10:05::SCWMssOS::make -C microblaze_0/libsrc/cpu_v2_16/src -s include  "SHELL=CMD" "COMPILER=mb-gcc" "ASSEMBLER=mb-as" "ARCHIVER=mb-ar" "COMPILE
TRACE::2024-11-19.03:10:05::SCWMssOS::R_FLAGS=  -O2 -c -mcpu=v11.0 -mlittle-endian -mno-xl-reorder -mno-xl-soft-mul -mxl-barrel-shift -mxl-pattern-compare" "EXTRA_CO
TRACE::2024-11-19.03:10:05::SCWMssOS::MPILER_FLAGS=-g -ffunction-sections -fdata-sections -Wall -Wextra -fno-tree-loop-distribute-patterns"

TRACE::2024-11-19.03:10:05::SCWMssOS::"Running Make include in microblaze_0/libsrc/gpio_v4_9/src"

TRACE::2024-11-19.03:10:05::SCWMssOS::make -C microblaze_0/libsrc/gpio_v4_9/src -s include  "SHELL=CMD" "COMPILER=mb-gcc" "ASSEMBLER=mb-as" "ARCHIVER=mb-ar" "COMPILE
TRACE::2024-11-19.03:10:05::SCWMssOS::R_FLAGS=  -O2 -c -mcpu=v11.0 -mlittle-endian -mno-xl-reorder -mno-xl-soft-mul -mxl-barrel-shift -mxl-pattern-compare" "EXTRA_CO
TRACE::2024-11-19.03:10:05::SCWMssOS::MPILER_FLAGS=-g -ffunction-sections -fdata-sections -Wall -Wextra -fno-tree-loop-distribute-patterns"

TRACE::2024-11-19.03:10:05::SCWMssOS::"Running Make include in microblaze_0/libsrc/intc_v3_15/src"

TRACE::2024-11-19.03:10:05::SCWMssOS::make -C microblaze_0/libsrc/intc_v3_15/src -s include  "SHELL=CMD" "COMPILER=mb-gcc" "ASSEMBLER=mb-as" "ARCHIVER=mb-ar" "COMPIL
TRACE::2024-11-19.03:10:05::SCWMssOS::ER_FLAGS=  -O2 -c -mcpu=v11.0 -mlittle-endian -mno-xl-reorder -mno-xl-soft-mul -mxl-barrel-shift -mxl-pattern-compare" "EXTRA_C
TRACE::2024-11-19.03:10:05::SCWMssOS::OMPILER_FLAGS=-g -ffunction-sections -fdata-sections -Wall -Wextra -fno-tree-loop-distribute-patterns"

TRACE::2024-11-19.03:10:05::SCWMssOS::"Running Make include in microblaze_0/libsrc/spi_v4_9/src"

TRACE::2024-11-19.03:10:05::SCWMssOS::"Running Make include in microblaze_0/libsrc/standalone_v8_0/src"

TRACE::2024-11-19.03:10:05::SCWMssOS::"Running Make include in microblaze_0/libsrc/tmrctr_v4_9/src"

TRACE::2024-11-19.03:10:05::SCWMssOS::make -C microblaze_0/libsrc/spi_v4_9/src -s include  "SHELL=CMD" "COMPILER=mb-gcc" "ASSEMBLER=mb-as" "ARCHIVER=mb-ar" "COMPILER
TRACE::2024-11-19.03:10:05::SCWMssOS::_FLAGS=  -O2 -c -mcpu=v11.0 -mlittle-endian -mno-xl-reorder -mno-xl-soft-mul -mxl-barrel-shift -mxl-pattern-compare" "EXTRA_COM
TRACE::2024-11-19.03:10:05::SCWMssOS::PILER_FLAGS=-g -ffunction-sections -fdata-sections -Wall -Wextra -fno-tree-loop-distribute-patterns"

TRACE::2024-11-19.03:10:05::SCWMssOS::make -C microblaze_0/libsrc/standalone_v8_0/src -s include  "SHELL=CMD" "COMPILER=mb-gcc" "ASSEMBLER=mb-as" "ARCHIVER=mb-ar" "C
TRACE::2024-11-19.03:10:05::SCWMssOS::OMPILER_FLAGS=  -O2 -c -mcpu=v11.0 -mlittle-endian -mno-xl-reorder -mno-xl-soft-mul -mxl-barrel-shift -mxl-pattern-compare" "EX
TRACE::2024-11-19.03:10:05::SCWMssOS::TRA_COMPILER_FLAGS=-g -ffunction-sections -fdata-sections -Wall -Wextra -fno-tree-loop-distribute-patterns"

TRACE::2024-11-19.03:10:05::SCWMssOS::make -C microblaze_0/libsrc/tmrctr_v4_9/src -s include  "SHELL=CMD" "COMPILER=mb-gcc" "ASSEMBLER=mb-as" "ARCHIVER=mb-ar" "COMPI
TRACE::2024-11-19.03:10:05::SCWMssOS::LER_FLAGS=  -O2 -c -mcpu=v11.0 -mlittle-endian -mno-xl-reorder -mno-xl-soft-mul -mxl-barrel-shift -mxl-pattern-compare" "EXTRA_
TRACE::2024-11-19.03:10:05::SCWMssOS::COMPILER_FLAGS=-g -ffunction-sections -fdata-sections -Wall -Wextra -fno-tree-loop-distribute-patterns"

TRACE::2024-11-19.03:10:05::SCWMssOS::"Running Make include in microblaze_0/libsrc/uartlite_v3_7/src"

TRACE::2024-11-19.03:10:05::SCWMssOS::make -C microblaze_0/libsrc/uartlite_v3_7/src -s include  "SHELL=CMD" "COMPILER=mb-gcc" "ASSEMBLER=mb-as" "ARCHIVER=mb-ar" "COM
TRACE::2024-11-19.03:10:05::SCWMssOS::PILER_FLAGS=  -O2 -c -mcpu=v11.0 -mlittle-endian -mno-xl-reorder -mno-xl-soft-mul -mxl-barrel-shift -mxl-pattern-compare" "EXTR
TRACE::2024-11-19.03:10:05::SCWMssOS::A_COMPILER_FLAGS=-g -ffunction-sections -fdata-sections -Wall -Wextra -fno-tree-loop-distribute-patterns"

TRACE::2024-11-19.03:10:06::SCWMssOS::"Running Make libs in microblaze_0/libsrc/bram_v4_8/src"

TRACE::2024-11-19.03:10:06::SCWMssOS::make -C microblaze_0/libsrc/bram_v4_8/src -s libs  "SHELL=CMD" "COMPILER=mb-gcc" "ASSEMBLER=mb-as" "ARCHIVER=mb-ar" "COMPILER_F
TRACE::2024-11-19.03:10:06::SCWMssOS::LAGS=  -O2 -c -mcpu=v11.0 -mlittle-endian -mno-xl-reorder -mno-xl-soft-mul -mxl-barrel-shift -mxl-pattern-compare" "EXTRA_COMPI
TRACE::2024-11-19.03:10:06::SCWMssOS::LER_FLAGS=-g -ffunction-sections -fdata-sections -Wall -Wextra -fno-tree-loop-distribute-patterns"

TRACE::2024-11-19.03:10:06::SCWMssOS::"Running Make libs in microblaze_0/libsrc/cpu_v2_16/src"

TRACE::2024-11-19.03:10:06::SCWMssOS::make -C microblaze_0/libsrc/cpu_v2_16/src -s libs  "SHELL=CMD" "COMPILER=mb-gcc" "ASSEMBLER=mb-as" "ARCHIVER=mb-ar" "COMPILER_F
TRACE::2024-11-19.03:10:06::SCWMssOS::LAGS=  -O2 -c -mcpu=v11.0 -mlittle-endian -mno-xl-reorder -mno-xl-soft-mul -mxl-barrel-shift -mxl-pattern-compare" "EXTRA_COMPI
TRACE::2024-11-19.03:10:06::SCWMssOS::LER_FLAGS=-g -ffunction-sections -fdata-sections -Wall -Wextra -fno-tree-loop-distribute-patterns"

TRACE::2024-11-19.03:10:06::SCWMssOS::"Running Make libs in microblaze_0/libsrc/gpio_v4_9/src"

TRACE::2024-11-19.03:10:06::SCWMssOS::make -C microblaze_0/libsrc/gpio_v4_9/src -s libs  "SHELL=CMD" "COMPILER=mb-gcc" "ASSEMBLER=mb-as" "ARCHIVER=mb-ar" "COMPILER_F
TRACE::2024-11-19.03:10:06::SCWMssOS::LAGS=  -O2 -c -mcpu=v11.0 -mlittle-endian -mno-xl-reorder -mno-xl-soft-mul -mxl-barrel-shift -mxl-pattern-compare" "EXTRA_COMPI
TRACE::2024-11-19.03:10:06::SCWMssOS::LER_FLAGS=-g -ffunction-sections -fdata-sections -Wall -Wextra -fno-tree-loop-distribute-patterns"

TRACE::2024-11-19.03:10:06::SCWMssOS::"Running Make libs in microblaze_0/libsrc/intc_v3_15/src"

TRACE::2024-11-19.03:10:06::SCWMssOS::"Running Make libs in microblaze_0/libsrc/spi_v4_9/src"

TRACE::2024-11-19.03:10:06::SCWMssOS::make -C microblaze_0/libsrc/intc_v3_15/src -s libs  "SHELL=CMD" "COMPILER=mb-gcc" "ASSEMBLER=mb-as" "ARCHIVER=mb-ar" "COMPILER_
TRACE::2024-11-19.03:10:06::SCWMssOS::FLAGS=  -O2 -c -mcpu=v11.0 -mlittle-endian -mno-xl-reorder -mno-xl-soft-mul -mxl-barrel-shift -mxl-pattern-compare" "EXTRA_COMP
TRACE::2024-11-19.03:10:06::SCWMssOS::ILER_FLAGS=-g -ffunction-sections -fdata-sections -Wall -Wextra -fno-tree-loop-distribute-patterns"

TRACE::2024-11-19.03:10:06::SCWMssOS::make -C microblaze_0/libsrc/spi_v4_9/src -s libs  "SHELL=CMD" "COMPILER=mb-gcc" "ASSEMBLER=mb-as" "ARCHIVER=mb-ar" "COMPILER_FL
TRACE::2024-11-19.03:10:06::SCWMssOS::AGS=  -O2 -c -mcpu=v11.0 -mlittle-endian -mno-xl-reorder -mno-xl-soft-mul -mxl-barrel-shift -mxl-pattern-compare" "EXTRA_COMPIL
TRACE::2024-11-19.03:10:06::SCWMssOS::ER_FLAGS=-g -ffunction-sections -fdata-sections -Wall -Wextra -fno-tree-loop-distribute-patterns"

TRACE::2024-11-19.03:10:06::SCWMssOS::"Running Make libs in microblaze_0/libsrc/standalone_v8_0/src"

TRACE::2024-11-19.03:10:06::SCWMssOS::make -C microblaze_0/libsrc/standalone_v8_0/src -s libs  "SHELL=CMD" "COMPILER=mb-gcc" "ASSEMBLER=mb-as" "ARCHIVER=mb-ar" "COMP
TRACE::2024-11-19.03:10:06::SCWMssOS::ILER_FLAGS=  -O2 -c -mcpu=v11.0 -mlittle-endian -mno-xl-reorder -mno-xl-soft-mul -mxl-barrel-shift -mxl-pattern-compare" "EXTRA
TRACE::2024-11-19.03:10:06::SCWMssOS::_COMPILER_FLAGS=-g -ffunction-sections -fdata-sections -Wall -Wextra -fno-tree-loop-distribute-patterns"

TRACE::2024-11-19.03:10:07::SCWMssOS::"Running Make libs in microblaze_0/libsrc/tmrctr_v4_9/src"

TRACE::2024-11-19.03:10:07::SCWMssOS::"Running Make libs in microblaze_0/libsrc/uartlite_v3_7/src"

TRACE::2024-11-19.03:10:07::SCWMssOS::make -C microblaze_0/libsrc/tmrctr_v4_9/src -s libs  "SHELL=CMD" "COMPILER=mb-gcc" "ASSEMBLER=mb-as" "ARCHIVER=mb-ar" "COMPILER
TRACE::2024-11-19.03:10:07::SCWMssOS::_FLAGS=  -O2 -c -mcpu=v11.0 -mlittle-endian -mno-xl-reorder -mno-xl-soft-mul -mxl-barrel-shift -mxl-pattern-compare" "EXTRA_COM
TRACE::2024-11-19.03:10:07::SCWMssOS::PILER_FLAGS=-g -ffunction-sections -fdata-sections -Wall -Wextra -fno-tree-loop-distribute-patterns"

TRACE::2024-11-19.03:10:07::SCWMssOS::make -C microblaze_0/libsrc/uartlite_v3_7/src -s libs  "SHELL=CMD" "COMPILER=mb-gcc" "ASSEMBLER=mb-as" "ARCHIVER=mb-ar" "COMPIL
TRACE::2024-11-19.03:10:07::SCWMssOS::ER_FLAGS=  -O2 -c -mcpu=v11.0 -mlittle-endian -mno-xl-reorder -mno-xl-soft-mul -mxl-barrel-shift -mxl-pattern-compare" "EXTRA_C
TRACE::2024-11-19.03:10:07::SCWMssOS::OMPILER_FLAGS=-g -ffunction-sections -fdata-sections -Wall -Wextra -fno-tree-loop-distribute-patterns"

TRACE::2024-11-19.03:10:07::SCWMssOS::"DEBUG NON_LTO_OBJECTS is ../../../lib/microblaze_interrupt_handler.o"

TRACE::2024-11-19.03:10:08::SCWMssOS::'Finished building libraries parallelly.'

TRACE::2024-11-19.03:10:08::SCWMssOS::make --no-print-directory archive

TRACE::2024-11-19.03:10:08::SCWMssOS::mb-ar -r  microblaze_0/lib/libxil.a microblaze_0/lib/_exit.o microblaze_0/lib/errno.o microblaze_0/lib/fcntl.o microblaze_0/lib
TRACE::2024-11-19.03:10:08::SCWMssOS::/hw_exception_handler.o microblaze_0/lib/inbyte.o microblaze_0/lib/microblaze_disable_dcache.o microblaze_0/lib/microblaze_disa
TRACE::2024-11-19.03:10:08::SCWMssOS::ble_exceptions.o microblaze_0/lib/microblaze_disable_icache.o microblaze_0/lib/microblaze_disable_interrupts.o microblaze_0/lib
TRACE::2024-11-19.03:10:08::SCWMssOS::/microblaze_enable_dcache.o microblaze_0/lib/microblaze_enable_exceptions.o microblaze_0/lib/microblaze_enable_icache.o microbl
TRACE::2024-11-19.03:10:08::SCWMssOS::aze_0/lib/microblaze_enable_interrupts.o microblaze_0/lib/microblaze_exception_handler.o microblaze_0/lib/microblaze_flush_cach
TRACE::2024-11-19.03:10:08::SCWMssOS::e_ext.o microblaze_0/lib/microblaze_flush_cache_ext_range.o microblaze_0/lib/microblaze_flush_dcache.o microblaze_0/lib/microbl
TRACE::2024-11-19.03:10:08::SCWMssOS::aze_flush_dcache_range.o microblaze_0/lib/microblaze_init_dcache_range.o microblaze_0/lib/microblaze_init_icache_range.o microb
TRACE::2024-11-19.03:10:08::SCWMssOS::laze_0/lib/microblaze_interrupt_handler.o microblaze_0/lib/microblaze_interrupts_g.o microblaze_0/lib/microblaze_invalidate_cac
TRACE::2024-11-19.03:10:08::SCWMssOS::he_ext.o microblaze_0/lib/microblaze_invalidate_cache_ext_range.o microblaze_0/lib/microblaze_invalidate_dcache.o microblaze_0/
TRACE::2024-11-19.03:10:08::SCWMssOS::lib/microblaze_invalidate_dcache_range.o microblaze_0/lib/microblaze_invalidate_icache.o microblaze_0/lib/microblaze_invalidate
TRACE::2024-11-19.03:10:08::SCWMssOS::_icache_range.o microblaze_0/lib/microblaze_scrub.o microblaze_0/lib/microblaze_selftest.o microblaze_0/lib/microblaze_sleep.o 
TRACE::2024-11-19.03:10:08::SCWMssOS::microblaze_0/lib/microblaze_update_dcache.o microblaze_0/lib/microblaze_update_icache.o microblaze_0/lib/outbyte.o microblaze_0
TRACE::2024-11-19.03:10:08::SCWMssOS::/lib/print.o microblaze_0/lib/pvr.o microblaze_0/lib/xbram.o microblaze_0/lib/xbram_g.o microblaze_0/lib/xbram_intr.o microblaz
TRACE::2024-11-19.03:10:08::SCWMssOS::e_0/lib/xbram_selftest.o microblaze_0/lib/xbram_sinit.o microblaze_0/lib/xgpio.o microblaze_0/lib/xgpio_extra.o microblaze_0/li
TRACE::2024-11-19.03:10:08::SCWMssOS::b/xgpio_g.o microblaze_0/lib/xgpio_intr.o microblaze_0/lib/xgpio_selftest.o microblaze_0/lib/xgpio_sinit.o microblaze_0/lib/xil
TRACE::2024-11-19.03:10:08::SCWMssOS::_assert.o microblaze_0/lib/xil_cache.o microblaze_0/lib/xil_clocking.o microblaze_0/lib/xil_exception.o microblaze_0/lib/xil_me
TRACE::2024-11-19.03:10:08::SCWMssOS::m.o microblaze_0/lib/xil_misc_psreset_api.o microblaze_0/lib/xil_printf.o microblaze_0/lib/xil_sleepcommon.o microblaze_0/lib/x
TRACE::2024-11-19.03:10:08::SCWMssOS::il_testcache.o microblaze_0/lib/xil_testio.o microblaze_0/lib/xil_testmem.o microblaze_0/lib/xil_util.o microblaze_0/lib/xintc.
TRACE::2024-11-19.03:10:08::SCWMssOS::o microblaze_0/lib/xintc_g.o microblaze_0/lib/xintc_intr.o microblaze_0/lib/xintc_l.o microblaze_0/lib/xintc_options.o microbla
TRACE::2024-11-19.03:10:08::SCWMssOS::ze_0/lib/xintc_selftest.o microblaze_0/lib/xinterrupt_wrap.o microblaze_0/lib/xio.o microblaze_0/lib/xplatform_info.o microblaz
TRACE::2024-11-19.03:10:08::SCWMssOS::e_0/lib/xspi.o microblaze_0/lib/xspi_g.o microblaze_0/lib/xspi_options.o microblaze_0/lib/xspi_selftest.o microblaze_0/lib/xspi
TRACE::2024-11-19.03:10:08::SCWMssOS::_sinit.o microblaze_0/lib/xspi_stats.o microblaze_0/lib/xtmrctr.o microblaze_0/lib/xtmrctr_g.o microblaze_0/lib/xtmrctr_intr.o 
TRACE::2024-11-19.03:10:08::SCWMssOS::microblaze_0/lib/xtmrctr_l.o microblaze_0/lib/xtmrctr_options.o microblaze_0/lib/xtmrctr_selftest.o microblaze_0/lib/xtmrctr_si
TRACE::2024-11-19.03:10:08::SCWMssOS::nit.o microblaze_0/lib/xtmrctr_stats.o microblaze_0/lib/xuartlite.o microblaze_0/lib/xuartlite_g.o microblaze_0/lib/xuartlite_i
TRACE::2024-11-19.03:10:08::SCWMssOS::ntr.o microblaze_0/lib/xuartlite_l.o microblaze_0/lib/xuartlite_selftest.o microblaze_0/lib/xuartlite_sinit.o microblaze_0/lib/
TRACE::2024-11-19.03:10:08::SCWMssOS::xuartlite_stats.o

TRACE::2024-11-19.03:10:08::SCWMssOS::'Finished building libraries'

TRACE::2024-11-19.03:10:08::SCWMssOS:: Checking if to create the Supporting Applications
TRACE::2024-11-19.03:10:08::SCWMssOS:: No Linux domain exists, trying to generate FSBL 
LOG::2024-11-19.03:10:08::SCWSystem::Completed Processing the domain standalone_microblaze_0
LOG::2024-11-19.03:10:08::SCWSystem::Completed Processing the sysconfig mb_usb_hdmi_top
LOG::2024-11-19.03:10:08::SCWPlatform::Completed generating the artifacts for system configuration mb_usb_hdmi_top
TRACE::2024-11-19.03:10:08::SCWPlatform::Started preparing the platform 
TRACE::2024-11-19.03:10:08::SCWSystem::Writing the bif file for system config mb_usb_hdmi_top
TRACE::2024-11-19.03:10:08::SCWSystem::dir created 
TRACE::2024-11-19.03:10:08::SCWSystem::Writing the bif 
TRACE::2024-11-19.03:10:08::SCWPlatform::Started writing the spfm file 
TRACE::2024-11-19.03:10:08::SCWPlatform::Started writing the xpfm file 
TRACE::2024-11-19.03:10:08::SCWPlatform::Completed generating the platform
TRACE::2024-11-19.03:10:08::SCWMssOS::Saving the mss changes C:/Users/curti/OneDrive/Documents/UIUC/ECE-385/Vivado_Projects/lab_6_2/workspace/mb_usb_hdmi_top/microblaze_0/standalone_microblaze_0/bsp/system.mss
TRACE::2024-11-19.03:10:08::SCWMssOS::Adding the swdes entry, mss present, able to open swdb C:/Users/curti/OneDrive/Documents/UIUC/ECE-385/Vivado_Projects/lab_6_2/workspace/mb_usb_hdmi_top/microblaze_0/standalone_microblaze_0/bsp/system.mss with des name system
TRACE::2024-11-19.03:10:08::SCWMssOS::Writing the mss file completed C:/Users/curti/OneDrive/Documents/UIUC/ECE-385/Vivado_Projects/lab_6_2/workspace/mb_usb_hdmi_top/microblaze_0/standalone_microblaze_0/bsp/system.mss
TRACE::2024-11-19.03:10:08::SCWMssOS::Commit changes completed.
TRACE::2024-11-19.03:10:08::SCWPlatform::Trying to open the hw design at C:/Users/curti/OneDrive/Documents/UIUC/ECE-385/Vivado_Projects/lab_6_2/workspace/mb_usb_hdmi_top/hw/mb_usb_hdmi_top.xsa
TRACE::2024-11-19.03:10:08::SCWPlatform::DSA given C:/Users/curti/OneDrive/Documents/UIUC/ECE-385/Vivado_Projects/lab_6_2/workspace/mb_usb_hdmi_top/hw/mb_usb_hdmi_top.xsa
TRACE::2024-11-19.03:10:08::SCWPlatform::DSA absoulate path C:/Users/curti/OneDrive/Documents/UIUC/ECE-385/Vivado_Projects/lab_6_2/workspace/mb_usb_hdmi_top/hw/mb_usb_hdmi_top.xsa
TRACE::2024-11-19.03:10:08::SCWPlatform::DSA directory C:/Users/curti/OneDrive/Documents/UIUC/ECE-385/Vivado_Projects/lab_6_2/workspace/mb_usb_hdmi_top/hw
TRACE::2024-11-19.03:10:08::SCWPlatform:: Platform Path C:/Users/curti/OneDrive/Documents/UIUC/ECE-385/Vivado_Projects/lab_6_2/workspace/mb_usb_hdmi_top/hw/mb_usb_hdmi_top.xsa
TRACE::2024-11-19.03:10:08::SCWPlatform:: Unique name xilinx:::0.0
TRACE::2024-11-19.03:10:08::SCWPlatform::Trying to set the existing hwdb with name mb_usb_hdmi_top_1
TRACE::2024-11-19.03:10:08::SCWPlatform::Opened existing hwdb mb_usb_hdmi_top_1
TRACE::2024-11-19.03:10:08::SCWPlatform::Found the Hw Db part of the input DSA
TRACE::2024-11-19.03:10:08::SCWMssOS::Checking the sw design at  C:/Users/curti/OneDrive/Documents/UIUC/ECE-385/Vivado_Projects/lab_6_2/workspace/mb_usb_hdmi_top/microblaze_0/standalone_microblaze_0/bsp/system.mss
TRACE::2024-11-19.03:10:08::SCWMssOS::DEBUG:  swdes dump  C:/Users/curti/OneDrive/Documents/UIUC/ECE-385/Vivado_Projects/lab_6_2/workspace/mb_usb_hdmi_top/microblaze_0/standalone_microblaze_0/bsp/system.mss|system||

TRACE::2024-11-19.03:10:08::SCWMssOS::Sw design exists and opened at  C:/Users/curti/OneDrive/Documents/UIUC/ECE-385/Vivado_Projects/lab_6_2/workspace/mb_usb_hdmi_top/microblaze_0/standalone_microblaze_0/bsp/system.mss
TRACE::2024-11-19.03:10:08::SCWWriter::formatted JSON is {
	"platformName":	"mb_usb_hdmi_top",
	"sprVersion":	"2.0",
	"mode":	"gui",
	"dsaType":	"Fixed",
	"platformDesc":	"mb_usb_hdmi_top",
	"platHandOff":	"C:/Users/curti/OneDrive/Documents/UIUC/ECE-385/Vivado_Projects/Final_Project/mb_usb_hdmi_top.xsa",
	"platIntHandOff":	"<platformDir>/hw/mb_usb_hdmi_top.xsa",
	"deviceType":	"FPGA",
	"platIsPrebuiltAutogen":	"false",
	"platIsNoBootBsp":	"false",
	"hasFsblMakeHasChanges":	"false",
	"hasPmufwMakeHasChanges":	"false",
	"platPreBuiltFlag":	false,
	"platformSamplesDir":	"",
	"platActiveSys":	"mb_usb_hdmi_top",
	"systems":	[{
			"systemName":	"mb_usb_hdmi_top",
			"systemDesc":	"mb_usb_hdmi_top",
			"sysIsBootAutoGen":	"true",
			"systemDispName":	"mb_usb_hdmi_top",
			"sysActiveDom":	"standalone_microblaze_0",
			"sysDefaultDom":	"standalone_microblaze_0",
			"domains":	[{
					"domainName":	"standalone_microblaze_0",
					"domainDispName":	"standalone_microblaze_0",
					"domainDesc":	"standalone_microblaze_0",
					"processors":	"microblaze_0",
					"os":	"standalone",
					"sdxOs":	"standalone",
					"debugEnable":	"False",
					"domRuntimes":	["cpp"],
					"swRepo":	"",
					"mssOsVer":	"8.0",
					"mssFile":	"",
					"md5Digest":	"304529987e879521ca977c68d163f362",
					"compatibleApp":	"",
					"domType":	"mssDomain",
					"arch":	"32-bit",
					"appSettings":	{
						"appCompilerFlags":	"",
						"appLinkerFlags":	""
					},
					"addedLibs":	[],
					"libOptions":	{
						"libsContainingOptions":	[]
					},
					"prebuiltLibs":	{
						"prebuiltIncPath":	[],
						"prebuiltLibPath":	[]
					},
					"isolation":	{
					}
				}]
		}]
}
KEYINFO::2024-11-19.03:10:08::SCWPlatform::updated the xpfm file.
TRACE::2024-11-19.03:10:08::SCWPlatform::Trying to open the hw design at C:/Users/curti/OneDrive/Documents/UIUC/ECE-385/Vivado_Projects/lab_6_2/workspace/mb_usb_hdmi_top/hw/mb_usb_hdmi_top.xsa
TRACE::2024-11-19.03:10:08::SCWPlatform::DSA given C:/Users/curti/OneDrive/Documents/UIUC/ECE-385/Vivado_Projects/lab_6_2/workspace/mb_usb_hdmi_top/hw/mb_usb_hdmi_top.xsa
TRACE::2024-11-19.03:10:08::SCWPlatform::DSA absoulate path C:/Users/curti/OneDrive/Documents/UIUC/ECE-385/Vivado_Projects/lab_6_2/workspace/mb_usb_hdmi_top/hw/mb_usb_hdmi_top.xsa
TRACE::2024-11-19.03:10:08::SCWPlatform::DSA directory C:/Users/curti/OneDrive/Documents/UIUC/ECE-385/Vivado_Projects/lab_6_2/workspace/mb_usb_hdmi_top/hw
TRACE::2024-11-19.03:10:08::SCWPlatform:: Platform Path C:/Users/curti/OneDrive/Documents/UIUC/ECE-385/Vivado_Projects/lab_6_2/workspace/mb_usb_hdmi_top/hw/mb_usb_hdmi_top.xsa
TRACE::2024-11-19.03:10:08::SCWPlatform:: Unique name xilinx:::0.0
TRACE::2024-11-19.03:10:08::SCWPlatform::Trying to set the existing hwdb with name mb_usb_hdmi_top_1
TRACE::2024-11-19.03:10:08::SCWPlatform::Opened existing hwdb mb_usb_hdmi_top_1
TRACE::2024-11-19.03:10:08::SCWPlatform::Found the Hw Db part of the input DSA
TRACE::2024-11-19.03:10:08::SCWMssOS::Checking the sw design at  C:/Users/curti/OneDrive/Documents/UIUC/ECE-385/Vivado_Projects/lab_6_2/workspace/mb_usb_hdmi_top/microblaze_0/standalone_microblaze_0/bsp/system.mss
TRACE::2024-11-19.03:10:08::SCWMssOS::DEBUG:  swdes dump  C:/Users/curti/OneDrive/Documents/UIUC/ECE-385/Vivado_Projects/lab_6_2/workspace/mb_usb_hdmi_top/microblaze_0/standalone_microblaze_0/bsp/system.mss|system||

TRACE::2024-11-19.03:10:08::SCWMssOS::Sw design exists and opened at  C:/Users/curti/OneDrive/Documents/UIUC/ECE-385/Vivado_Projects/lab_6_2/workspace/mb_usb_hdmi_top/microblaze_0/standalone_microblaze_0/bsp/system.mss
TRACE::2024-11-19.03:14:52::SCWPlatform::Trying to open the hw design at C:/Users/curti/OneDrive/Documents/UIUC/ECE-385/Vivado_Projects/lab_6_2/workspace/mb_usb_hdmi_top/hw/mb_usb_hdmi_top.xsa
TRACE::2024-11-19.03:14:52::SCWPlatform::DSA given C:/Users/curti/OneDrive/Documents/UIUC/ECE-385/Vivado_Projects/lab_6_2/workspace/mb_usb_hdmi_top/hw/mb_usb_hdmi_top.xsa
TRACE::2024-11-19.03:14:52::SCWPlatform::DSA absoulate path C:/Users/curti/OneDrive/Documents/UIUC/ECE-385/Vivado_Projects/lab_6_2/workspace/mb_usb_hdmi_top/hw/mb_usb_hdmi_top.xsa
TRACE::2024-11-19.03:14:52::SCWPlatform::DSA directory C:/Users/curti/OneDrive/Documents/UIUC/ECE-385/Vivado_Projects/lab_6_2/workspace/mb_usb_hdmi_top/hw
TRACE::2024-11-19.03:14:52::SCWPlatform:: Platform Path C:/Users/curti/OneDrive/Documents/UIUC/ECE-385/Vivado_Projects/lab_6_2/workspace/mb_usb_hdmi_top/hw/mb_usb_hdmi_top.xsa
TRACE::2024-11-19.03:14:52::SCWPlatform:: Unique name xilinx:::0.0
TRACE::2024-11-19.03:14:52::SCWPlatform::Do not have an existing db opened. 
TRACE::2024-11-19.03:14:52::SCWPlatform::Opened new HwDB with name mb_usb_hdmi_top_0
TRACE::2024-11-19.03:14:52::SCWReader::Active system found as  mb_usb_hdmi_top
TRACE::2024-11-19.03:14:52::SCWReader::Handling sysconfig mb_usb_hdmi_top
TRACE::2024-11-19.03:14:52::SCWDomain::checking for install qemu data   : 
TRACE::2024-11-19.03:14:52::SCWPlatform::Trying to open the hw design at C:/Users/curti/OneDrive/Documents/UIUC/ECE-385/Vivado_Projects/lab_6_2/workspace/mb_usb_hdmi_top/hw/mb_usb_hdmi_top.xsa
TRACE::2024-11-19.03:14:52::SCWPlatform::DSA given C:/Users/curti/OneDrive/Documents/UIUC/ECE-385/Vivado_Projects/lab_6_2/workspace/mb_usb_hdmi_top/hw/mb_usb_hdmi_top.xsa
TRACE::2024-11-19.03:14:52::SCWPlatform::DSA absoulate path C:/Users/curti/OneDrive/Documents/UIUC/ECE-385/Vivado_Projects/lab_6_2/workspace/mb_usb_hdmi_top/hw/mb_usb_hdmi_top.xsa
TRACE::2024-11-19.03:14:52::SCWPlatform::DSA directory C:/Users/curti/OneDrive/Documents/UIUC/ECE-385/Vivado_Projects/lab_6_2/workspace/mb_usb_hdmi_top/hw
TRACE::2024-11-19.03:14:52::SCWPlatform:: Platform Path C:/Users/curti/OneDrive/Documents/UIUC/ECE-385/Vivado_Projects/lab_6_2/workspace/mb_usb_hdmi_top/hw/mb_usb_hdmi_top.xsa
TRACE::2024-11-19.03:14:52::SCWPlatform:: Unique name xilinx:::0.0
TRACE::2024-11-19.03:14:52::SCWPlatform::Trying to set the existing hwdb with name mb_usb_hdmi_top_0
TRACE::2024-11-19.03:14:52::SCWPlatform::Opened existing hwdb mb_usb_hdmi_top_0
TRACE::2024-11-19.03:14:52::SCWPlatform::Found the Hw Db part of the input DSA
TRACE::2024-11-19.03:14:52::SCWPlatform::Trying to open the hw design at C:/Users/curti/OneDrive/Documents/UIUC/ECE-385/Vivado_Projects/lab_6_2/workspace/mb_usb_hdmi_top/hw/mb_usb_hdmi_top.xsa
TRACE::2024-11-19.03:14:52::SCWPlatform::DSA given C:/Users/curti/OneDrive/Documents/UIUC/ECE-385/Vivado_Projects/lab_6_2/workspace/mb_usb_hdmi_top/hw/mb_usb_hdmi_top.xsa
TRACE::2024-11-19.03:14:52::SCWPlatform::DSA absoulate path C:/Users/curti/OneDrive/Documents/UIUC/ECE-385/Vivado_Projects/lab_6_2/workspace/mb_usb_hdmi_top/hw/mb_usb_hdmi_top.xsa
TRACE::2024-11-19.03:14:52::SCWPlatform::DSA directory C:/Users/curti/OneDrive/Documents/UIUC/ECE-385/Vivado_Projects/lab_6_2/workspace/mb_usb_hdmi_top/hw
TRACE::2024-11-19.03:14:52::SCWPlatform:: Platform Path C:/Users/curti/OneDrive/Documents/UIUC/ECE-385/Vivado_Projects/lab_6_2/workspace/mb_usb_hdmi_top/hw/mb_usb_hdmi_top.xsa
TRACE::2024-11-19.03:14:52::SCWPlatform:: Unique name xilinx:::0.0
TRACE::2024-11-19.03:14:52::SCWPlatform::Trying to set the existing hwdb with name mb_usb_hdmi_top_0
TRACE::2024-11-19.03:14:52::SCWPlatform::Opened existing hwdb mb_usb_hdmi_top_0
TRACE::2024-11-19.03:14:52::SCWPlatform::Found the Hw Db part of the input DSA
TRACE::2024-11-19.03:14:52::SCWPlatform::Trying to open the hw design at C:/Users/curti/OneDrive/Documents/UIUC/ECE-385/Vivado_Projects/lab_6_2/workspace/mb_usb_hdmi_top/hw/mb_usb_hdmi_top.xsa
TRACE::2024-11-19.03:14:52::SCWPlatform::DSA given C:/Users/curti/OneDrive/Documents/UIUC/ECE-385/Vivado_Projects/lab_6_2/workspace/mb_usb_hdmi_top/hw/mb_usb_hdmi_top.xsa
TRACE::2024-11-19.03:14:52::SCWPlatform::DSA absoulate path C:/Users/curti/OneDrive/Documents/UIUC/ECE-385/Vivado_Projects/lab_6_2/workspace/mb_usb_hdmi_top/hw/mb_usb_hdmi_top.xsa
TRACE::2024-11-19.03:14:52::SCWPlatform::DSA directory C:/Users/curti/OneDrive/Documents/UIUC/ECE-385/Vivado_Projects/lab_6_2/workspace/mb_usb_hdmi_top/hw
TRACE::2024-11-19.03:14:52::SCWPlatform:: Platform Path C:/Users/curti/OneDrive/Documents/UIUC/ECE-385/Vivado_Projects/lab_6_2/workspace/mb_usb_hdmi_top/hw/mb_usb_hdmi_top.xsa
TRACE::2024-11-19.03:14:52::SCWPlatform:: Unique name xilinx:::0.0
TRACE::2024-11-19.03:14:52::SCWPlatform::Trying to set the existing hwdb with name mb_usb_hdmi_top_0
TRACE::2024-11-19.03:14:52::SCWPlatform::Opened existing hwdb mb_usb_hdmi_top_0
TRACE::2024-11-19.03:14:52::SCWPlatform::Found the Hw Db part of the input DSA
TRACE::2024-11-19.03:14:52::SCWPlatform::Trying to open the hw design at C:/Users/curti/OneDrive/Documents/UIUC/ECE-385/Vivado_Projects/lab_6_2/workspace/mb_usb_hdmi_top/hw/mb_usb_hdmi_top.xsa
TRACE::2024-11-19.03:14:52::SCWPlatform::DSA given C:/Users/curti/OneDrive/Documents/UIUC/ECE-385/Vivado_Projects/lab_6_2/workspace/mb_usb_hdmi_top/hw/mb_usb_hdmi_top.xsa
TRACE::2024-11-19.03:14:52::SCWPlatform::DSA absoulate path C:/Users/curti/OneDrive/Documents/UIUC/ECE-385/Vivado_Projects/lab_6_2/workspace/mb_usb_hdmi_top/hw/mb_usb_hdmi_top.xsa
TRACE::2024-11-19.03:14:52::SCWPlatform::DSA directory C:/Users/curti/OneDrive/Documents/UIUC/ECE-385/Vivado_Projects/lab_6_2/workspace/mb_usb_hdmi_top/hw
TRACE::2024-11-19.03:14:52::SCWPlatform:: Platform Path C:/Users/curti/OneDrive/Documents/UIUC/ECE-385/Vivado_Projects/lab_6_2/workspace/mb_usb_hdmi_top/hw/mb_usb_hdmi_top.xsa
TRACE::2024-11-19.03:14:52::SCWPlatform:: Unique name xilinx:::0.0
TRACE::2024-11-19.03:14:52::SCWPlatform::Trying to set the existing hwdb with name mb_usb_hdmi_top_0
TRACE::2024-11-19.03:14:52::SCWPlatform::Opened existing hwdb mb_usb_hdmi_top_0
TRACE::2024-11-19.03:14:52::SCWPlatform::Found the Hw Db part of the input DSA
TRACE::2024-11-19.03:14:52::SCWMssOS::Checking the sw design at  C:/Users/curti/OneDrive/Documents/UIUC/ECE-385/Vivado_Projects/lab_6_2/workspace/mb_usb_hdmi_top/microblaze_0/standalone_microblaze_0/bsp/system.mss
TRACE::2024-11-19.03:14:52::SCWMssOS::DEBUG:  swdes dump  
TRACE::2024-11-19.03:14:52::SCWMssOS::No sw design opened at  C:/Users/curti/OneDrive/Documents/UIUC/ECE-385/Vivado_Projects/lab_6_2/workspace/mb_usb_hdmi_top/microblaze_0/standalone_microblaze_0/bsp/system.mss
TRACE::2024-11-19.03:14:52::SCWMssOS::mss exists loading the mss file  C:/Users/curti/OneDrive/Documents/UIUC/ECE-385/Vivado_Projects/lab_6_2/workspace/mb_usb_hdmi_top/microblaze_0/standalone_microblaze_0/bsp/system.mss
TRACE::2024-11-19.03:14:52::SCWMssOS::Opened the sw design from mss  C:/Users/curti/OneDrive/Documents/UIUC/ECE-385/Vivado_Projects/lab_6_2/workspace/mb_usb_hdmi_top/microblaze_0/standalone_microblaze_0/bsp/system.mss
TRACE::2024-11-19.03:14:52::SCWMssOS::Adding the swdes entry C:/Users/curti/OneDrive/Documents/UIUC/ECE-385/Vivado_Projects/lab_6_2/workspace/mb_usb_hdmi_top/microblaze_0/standalone_microblaze_0/bsp/system.mss with des name system
TRACE::2024-11-19.03:14:52::SCWMssOS::updating the scw layer about changes
TRACE::2024-11-19.03:14:52::SCWMssOS::Opened the sw design.  C:/Users/curti/OneDrive/Documents/UIUC/ECE-385/Vivado_Projects/lab_6_2/workspace/mb_usb_hdmi_top/microblaze_0/standalone_microblaze_0/bsp/system.mss
TRACE::2024-11-19.03:14:52::SCWMssOS::Saving the mss changes C:/Users/curti/OneDrive/Documents/UIUC/ECE-385/Vivado_Projects/lab_6_2/workspace/mb_usb_hdmi_top/microblaze_0/standalone_microblaze_0/bsp/system.mss
TRACE::2024-11-19.03:14:52::SCWMssOS::Found a swdesign opened with the mssfile.
TRACE::2024-11-19.03:14:52::SCWMssOS::Completed writemss as part of save.
TRACE::2024-11-19.03:14:52::SCWMssOS::Commit changes completed.
TRACE::2024-11-19.03:14:52::SCWReader::Adding prebuilt librarypaths as   
TRACE::2024-11-19.03:14:52::SCWReader::Adding prebuilt incpaths  as   
TRACE::2024-11-19.03:14:52::SCWPlatform::Trying to open the hw design at C:/Users/curti/OneDrive/Documents/UIUC/ECE-385/Vivado_Projects/lab_6_2/workspace/mb_usb_hdmi_top/hw/mb_usb_hdmi_top.xsa
TRACE::2024-11-19.03:14:52::SCWPlatform::DSA given C:/Users/curti/OneDrive/Documents/UIUC/ECE-385/Vivado_Projects/lab_6_2/workspace/mb_usb_hdmi_top/hw/mb_usb_hdmi_top.xsa
TRACE::2024-11-19.03:14:52::SCWPlatform::DSA absoulate path C:/Users/curti/OneDrive/Documents/UIUC/ECE-385/Vivado_Projects/lab_6_2/workspace/mb_usb_hdmi_top/hw/mb_usb_hdmi_top.xsa
TRACE::2024-11-19.03:14:52::SCWPlatform::DSA directory C:/Users/curti/OneDrive/Documents/UIUC/ECE-385/Vivado_Projects/lab_6_2/workspace/mb_usb_hdmi_top/hw
TRACE::2024-11-19.03:14:52::SCWPlatform:: Platform Path C:/Users/curti/OneDrive/Documents/UIUC/ECE-385/Vivado_Projects/lab_6_2/workspace/mb_usb_hdmi_top/hw/mb_usb_hdmi_top.xsa
TRACE::2024-11-19.03:14:52::SCWPlatform:: Unique name xilinx:::0.0
TRACE::2024-11-19.03:14:52::SCWPlatform::Trying to set the existing hwdb with name mb_usb_hdmi_top_0
TRACE::2024-11-19.03:14:52::SCWPlatform::Opened existing hwdb mb_usb_hdmi_top_0
TRACE::2024-11-19.03:14:52::SCWPlatform::Found the Hw Db part of the input DSA
TRACE::2024-11-19.03:14:52::SCWMssOS::Checking the sw design at  C:/Users/curti/OneDrive/Documents/UIUC/ECE-385/Vivado_Projects/lab_6_2/workspace/mb_usb_hdmi_top/microblaze_0/standalone_microblaze_0/bsp/system.mss
TRACE::2024-11-19.03:14:52::SCWMssOS::DEBUG:  swdes dump  C:/Users/curti/OneDrive/Documents/UIUC/ECE-385/Vivado_Projects/lab_6_2/workspace/mb_usb_hdmi_top/microblaze_0/standalone_microblaze_0/bsp/system.mss|system||

TRACE::2024-11-19.03:14:52::SCWMssOS::Sw design exists and opened at  C:/Users/curti/OneDrive/Documents/UIUC/ECE-385/Vivado_Projects/lab_6_2/workspace/mb_usb_hdmi_top/microblaze_0/standalone_microblaze_0/bsp/system.mss
TRACE::2024-11-19.03:14:52::SCWReader::No isolation master present  
TRACE::2024-11-19.03:14:59::SCWPlatform::Clearing the existing platform
TRACE::2024-11-19.03:14:59::SCWSystem::Clearing the existing sysconfig
TRACE::2024-11-19.03:14:59::SCWMssOS::Removing the swdes entry for  C:/Users/curti/OneDrive/Documents/UIUC/ECE-385/Vivado_Projects/lab_6_2/workspace/mb_usb_hdmi_top/microblaze_0/standalone_microblaze_0/bsp/system.mss
TRACE::2024-11-19.03:14:59::SCWSystem::Clearing the domains completed.
TRACE::2024-11-19.03:14:59::SCWPlatform::Clearing the opened hw db.
TRACE::2024-11-19.03:14:59::SCWPlatform::DSA given C:/Users/curti/OneDrive/Documents/UIUC/ECE-385/Vivado_Projects/lab_6_2/workspace/mb_usb_hdmi_top/hw/mb_usb_hdmi_top.xsa
TRACE::2024-11-19.03:14:59::SCWPlatform::DSA absoulate path C:/Users/curti/OneDrive/Documents/UIUC/ECE-385/Vivado_Projects/lab_6_2/workspace/mb_usb_hdmi_top/hw/mb_usb_hdmi_top.xsa
TRACE::2024-11-19.03:14:59::SCWPlatform:: Platform location is C:/Users/curti/OneDrive/Documents/UIUC/ECE-385/Vivado_Projects/lab_6_2/workspace/mb_usb_hdmi_top/hw
TRACE::2024-11-19.03:14:59::SCWPlatform:: Platform Path C:/Users/curti/OneDrive/Documents/UIUC/ECE-385/Vivado_Projects/lab_6_2/workspace/mb_usb_hdmi_top/hw/mb_usb_hdmi_top.xsa
TRACE::2024-11-19.03:14:59::SCWPlatform:: Unique name xilinx:::0.0
TRACE::2024-11-19.03:14:59::SCWPlatform::Removing the HwDB with name C:/Users/curti/OneDrive/Documents/UIUC/ECE-385/Vivado_Projects/lab_6_2/workspace/mb_usb_hdmi_top/hw/mb_usb_hdmi_top.xsa
TRACE::2024-11-19.03:14:59::SCWPlatform::Trying to open the hw design at C:/Users/curti/OneDrive/Documents/UIUC/ECE-385/Vivado_Projects/lab_6_2/workspace/mb_usb_hdmi_top/hw/mb_usb_hdmi_top.xsa
TRACE::2024-11-19.03:14:59::SCWPlatform::DSA given C:/Users/curti/OneDrive/Documents/UIUC/ECE-385/Vivado_Projects/lab_6_2/workspace/mb_usb_hdmi_top/hw/mb_usb_hdmi_top.xsa
TRACE::2024-11-19.03:14:59::SCWPlatform::DSA absoulate path C:/Users/curti/OneDrive/Documents/UIUC/ECE-385/Vivado_Projects/lab_6_2/workspace/mb_usb_hdmi_top/hw/mb_usb_hdmi_top.xsa
TRACE::2024-11-19.03:14:59::SCWPlatform::DSA directory C:/Users/curti/OneDrive/Documents/UIUC/ECE-385/Vivado_Projects/lab_6_2/workspace/mb_usb_hdmi_top/hw
TRACE::2024-11-19.03:14:59::SCWPlatform:: Platform Path C:/Users/curti/OneDrive/Documents/UIUC/ECE-385/Vivado_Projects/lab_6_2/workspace/mb_usb_hdmi_top/hw/mb_usb_hdmi_top.xsa
TRACE::2024-11-19.03:14:59::SCWPlatform:: Unique name xilinx:::0.0
TRACE::2024-11-19.03:14:59::SCWPlatform::Do not have an existing db opened. 
TRACE::2024-11-19.03:14:59::SCWPlatform::Opened new HwDB with name mb_usb_hdmi_top_1
TRACE::2024-11-19.03:14:59::SCWReader::Active system found as  mb_usb_hdmi_top
TRACE::2024-11-19.03:14:59::SCWReader::Handling sysconfig mb_usb_hdmi_top
TRACE::2024-11-19.03:14:59::SCWDomain::checking for install qemu data   : 
TRACE::2024-11-19.03:14:59::SCWPlatform::Trying to open the hw design at C:/Users/curti/OneDrive/Documents/UIUC/ECE-385/Vivado_Projects/lab_6_2/workspace/mb_usb_hdmi_top/hw/mb_usb_hdmi_top.xsa
TRACE::2024-11-19.03:14:59::SCWPlatform::DSA given C:/Users/curti/OneDrive/Documents/UIUC/ECE-385/Vivado_Projects/lab_6_2/workspace/mb_usb_hdmi_top/hw/mb_usb_hdmi_top.xsa
TRACE::2024-11-19.03:14:59::SCWPlatform::DSA absoulate path C:/Users/curti/OneDrive/Documents/UIUC/ECE-385/Vivado_Projects/lab_6_2/workspace/mb_usb_hdmi_top/hw/mb_usb_hdmi_top.xsa
TRACE::2024-11-19.03:14:59::SCWPlatform::DSA directory C:/Users/curti/OneDrive/Documents/UIUC/ECE-385/Vivado_Projects/lab_6_2/workspace/mb_usb_hdmi_top/hw
TRACE::2024-11-19.03:14:59::SCWPlatform:: Platform Path C:/Users/curti/OneDrive/Documents/UIUC/ECE-385/Vivado_Projects/lab_6_2/workspace/mb_usb_hdmi_top/hw/mb_usb_hdmi_top.xsa
TRACE::2024-11-19.03:14:59::SCWPlatform:: Unique name xilinx:::0.0
TRACE::2024-11-19.03:14:59::SCWPlatform::Trying to set the existing hwdb with name mb_usb_hdmi_top_1
TRACE::2024-11-19.03:14:59::SCWPlatform::Opened existing hwdb mb_usb_hdmi_top_1
TRACE::2024-11-19.03:14:59::SCWPlatform::Found the Hw Db part of the input DSA
TRACE::2024-11-19.03:14:59::SCWPlatform::Trying to open the hw design at C:/Users/curti/OneDrive/Documents/UIUC/ECE-385/Vivado_Projects/lab_6_2/workspace/mb_usb_hdmi_top/hw/mb_usb_hdmi_top.xsa
TRACE::2024-11-19.03:14:59::SCWPlatform::DSA given C:/Users/curti/OneDrive/Documents/UIUC/ECE-385/Vivado_Projects/lab_6_2/workspace/mb_usb_hdmi_top/hw/mb_usb_hdmi_top.xsa
TRACE::2024-11-19.03:14:59::SCWPlatform::DSA absoulate path C:/Users/curti/OneDrive/Documents/UIUC/ECE-385/Vivado_Projects/lab_6_2/workspace/mb_usb_hdmi_top/hw/mb_usb_hdmi_top.xsa
TRACE::2024-11-19.03:14:59::SCWPlatform::DSA directory C:/Users/curti/OneDrive/Documents/UIUC/ECE-385/Vivado_Projects/lab_6_2/workspace/mb_usb_hdmi_top/hw
TRACE::2024-11-19.03:14:59::SCWPlatform:: Platform Path C:/Users/curti/OneDrive/Documents/UIUC/ECE-385/Vivado_Projects/lab_6_2/workspace/mb_usb_hdmi_top/hw/mb_usb_hdmi_top.xsa
TRACE::2024-11-19.03:14:59::SCWPlatform:: Unique name xilinx:::0.0
TRACE::2024-11-19.03:14:59::SCWPlatform::Trying to set the existing hwdb with name mb_usb_hdmi_top_1
TRACE::2024-11-19.03:14:59::SCWPlatform::Opened existing hwdb mb_usb_hdmi_top_1
TRACE::2024-11-19.03:14:59::SCWPlatform::Found the Hw Db part of the input DSA
TRACE::2024-11-19.03:14:59::SCWPlatform::Trying to open the hw design at C:/Users/curti/OneDrive/Documents/UIUC/ECE-385/Vivado_Projects/lab_6_2/workspace/mb_usb_hdmi_top/hw/mb_usb_hdmi_top.xsa
TRACE::2024-11-19.03:14:59::SCWPlatform::DSA given C:/Users/curti/OneDrive/Documents/UIUC/ECE-385/Vivado_Projects/lab_6_2/workspace/mb_usb_hdmi_top/hw/mb_usb_hdmi_top.xsa
TRACE::2024-11-19.03:14:59::SCWPlatform::DSA absoulate path C:/Users/curti/OneDrive/Documents/UIUC/ECE-385/Vivado_Projects/lab_6_2/workspace/mb_usb_hdmi_top/hw/mb_usb_hdmi_top.xsa
TRACE::2024-11-19.03:14:59::SCWPlatform::DSA directory C:/Users/curti/OneDrive/Documents/UIUC/ECE-385/Vivado_Projects/lab_6_2/workspace/mb_usb_hdmi_top/hw
TRACE::2024-11-19.03:14:59::SCWPlatform:: Platform Path C:/Users/curti/OneDrive/Documents/UIUC/ECE-385/Vivado_Projects/lab_6_2/workspace/mb_usb_hdmi_top/hw/mb_usb_hdmi_top.xsa
TRACE::2024-11-19.03:14:59::SCWPlatform:: Unique name xilinx:::0.0
TRACE::2024-11-19.03:14:59::SCWPlatform::Trying to set the existing hwdb with name mb_usb_hdmi_top_1
TRACE::2024-11-19.03:14:59::SCWPlatform::Opened existing hwdb mb_usb_hdmi_top_1
TRACE::2024-11-19.03:14:59::SCWPlatform::Found the Hw Db part of the input DSA
TRACE::2024-11-19.03:14:59::SCWPlatform::Trying to open the hw design at C:/Users/curti/OneDrive/Documents/UIUC/ECE-385/Vivado_Projects/lab_6_2/workspace/mb_usb_hdmi_top/hw/mb_usb_hdmi_top.xsa
TRACE::2024-11-19.03:14:59::SCWPlatform::DSA given C:/Users/curti/OneDrive/Documents/UIUC/ECE-385/Vivado_Projects/lab_6_2/workspace/mb_usb_hdmi_top/hw/mb_usb_hdmi_top.xsa
TRACE::2024-11-19.03:14:59::SCWPlatform::DSA absoulate path C:/Users/curti/OneDrive/Documents/UIUC/ECE-385/Vivado_Projects/lab_6_2/workspace/mb_usb_hdmi_top/hw/mb_usb_hdmi_top.xsa
TRACE::2024-11-19.03:14:59::SCWPlatform::DSA directory C:/Users/curti/OneDrive/Documents/UIUC/ECE-385/Vivado_Projects/lab_6_2/workspace/mb_usb_hdmi_top/hw
TRACE::2024-11-19.03:14:59::SCWPlatform:: Platform Path C:/Users/curti/OneDrive/Documents/UIUC/ECE-385/Vivado_Projects/lab_6_2/workspace/mb_usb_hdmi_top/hw/mb_usb_hdmi_top.xsa
TRACE::2024-11-19.03:14:59::SCWPlatform:: Unique name xilinx:::0.0
TRACE::2024-11-19.03:14:59::SCWPlatform::Trying to set the existing hwdb with name mb_usb_hdmi_top_1
TRACE::2024-11-19.03:14:59::SCWPlatform::Opened existing hwdb mb_usb_hdmi_top_1
TRACE::2024-11-19.03:14:59::SCWPlatform::Found the Hw Db part of the input DSA
TRACE::2024-11-19.03:14:59::SCWMssOS::Checking the sw design at  C:/Users/curti/OneDrive/Documents/UIUC/ECE-385/Vivado_Projects/lab_6_2/workspace/mb_usb_hdmi_top/microblaze_0/standalone_microblaze_0/bsp/system.mss
TRACE::2024-11-19.03:14:59::SCWMssOS::DEBUG:  swdes dump  
TRACE::2024-11-19.03:14:59::SCWMssOS::No sw design opened at  C:/Users/curti/OneDrive/Documents/UIUC/ECE-385/Vivado_Projects/lab_6_2/workspace/mb_usb_hdmi_top/microblaze_0/standalone_microblaze_0/bsp/system.mss
TRACE::2024-11-19.03:14:59::SCWMssOS::mss exists loading the mss file  C:/Users/curti/OneDrive/Documents/UIUC/ECE-385/Vivado_Projects/lab_6_2/workspace/mb_usb_hdmi_top/microblaze_0/standalone_microblaze_0/bsp/system.mss
TRACE::2024-11-19.03:14:59::SCWMssOS::Opened the sw design from mss  C:/Users/curti/OneDrive/Documents/UIUC/ECE-385/Vivado_Projects/lab_6_2/workspace/mb_usb_hdmi_top/microblaze_0/standalone_microblaze_0/bsp/system.mss
TRACE::2024-11-19.03:14:59::SCWMssOS::Adding the swdes entry C:/Users/curti/OneDrive/Documents/UIUC/ECE-385/Vivado_Projects/lab_6_2/workspace/mb_usb_hdmi_top/microblaze_0/standalone_microblaze_0/bsp/system.mss with des name system
TRACE::2024-11-19.03:14:59::SCWMssOS::updating the scw layer about changes
TRACE::2024-11-19.03:14:59::SCWMssOS::Opened the sw design.  C:/Users/curti/OneDrive/Documents/UIUC/ECE-385/Vivado_Projects/lab_6_2/workspace/mb_usb_hdmi_top/microblaze_0/standalone_microblaze_0/bsp/system.mss
TRACE::2024-11-19.03:14:59::SCWMssOS::Saving the mss changes C:/Users/curti/OneDrive/Documents/UIUC/ECE-385/Vivado_Projects/lab_6_2/workspace/mb_usb_hdmi_top/microblaze_0/standalone_microblaze_0/bsp/system.mss
TRACE::2024-11-19.03:14:59::SCWMssOS::Found a swdesign opened with the mssfile.
TRACE::2024-11-19.03:14:59::SCWMssOS::Completed writemss as part of save.
TRACE::2024-11-19.03:14:59::SCWMssOS::Commit changes completed.
TRACE::2024-11-19.03:14:59::SCWReader::Adding prebuilt librarypaths as   
TRACE::2024-11-19.03:14:59::SCWReader::Adding prebuilt incpaths  as   
TRACE::2024-11-19.03:14:59::SCWPlatform::Trying to open the hw design at C:/Users/curti/OneDrive/Documents/UIUC/ECE-385/Vivado_Projects/lab_6_2/workspace/mb_usb_hdmi_top/hw/mb_usb_hdmi_top.xsa
TRACE::2024-11-19.03:14:59::SCWPlatform::DSA given C:/Users/curti/OneDrive/Documents/UIUC/ECE-385/Vivado_Projects/lab_6_2/workspace/mb_usb_hdmi_top/hw/mb_usb_hdmi_top.xsa
TRACE::2024-11-19.03:14:59::SCWPlatform::DSA absoulate path C:/Users/curti/OneDrive/Documents/UIUC/ECE-385/Vivado_Projects/lab_6_2/workspace/mb_usb_hdmi_top/hw/mb_usb_hdmi_top.xsa
TRACE::2024-11-19.03:14:59::SCWPlatform::DSA directory C:/Users/curti/OneDrive/Documents/UIUC/ECE-385/Vivado_Projects/lab_6_2/workspace/mb_usb_hdmi_top/hw
TRACE::2024-11-19.03:14:59::SCWPlatform:: Platform Path C:/Users/curti/OneDrive/Documents/UIUC/ECE-385/Vivado_Projects/lab_6_2/workspace/mb_usb_hdmi_top/hw/mb_usb_hdmi_top.xsa
TRACE::2024-11-19.03:14:59::SCWPlatform:: Unique name xilinx:::0.0
TRACE::2024-11-19.03:14:59::SCWPlatform::Trying to set the existing hwdb with name mb_usb_hdmi_top_1
TRACE::2024-11-19.03:14:59::SCWPlatform::Opened existing hwdb mb_usb_hdmi_top_1
TRACE::2024-11-19.03:14:59::SCWPlatform::Found the Hw Db part of the input DSA
TRACE::2024-11-19.03:14:59::SCWMssOS::Checking the sw design at  C:/Users/curti/OneDrive/Documents/UIUC/ECE-385/Vivado_Projects/lab_6_2/workspace/mb_usb_hdmi_top/microblaze_0/standalone_microblaze_0/bsp/system.mss
TRACE::2024-11-19.03:14:59::SCWMssOS::DEBUG:  swdes dump  C:/Users/curti/OneDrive/Documents/UIUC/ECE-385/Vivado_Projects/lab_6_2/workspace/mb_usb_hdmi_top/microblaze_0/standalone_microblaze_0/bsp/system.mss|system||

TRACE::2024-11-19.03:14:59::SCWMssOS::Sw design exists and opened at  C:/Users/curti/OneDrive/Documents/UIUC/ECE-385/Vivado_Projects/lab_6_2/workspace/mb_usb_hdmi_top/microblaze_0/standalone_microblaze_0/bsp/system.mss
TRACE::2024-11-19.03:14:59::SCWReader::No isolation master present  
TRACE::2024-11-19.03:16:04::SCWPlatform::Trying to open the hw design at C:/Users/curti/OneDrive/Documents/UIUC/ECE-385/Vivado_Projects/lab_6_2/workspace/mb_usb_hdmi_top/hw/mb_usb_hdmi_top.xsa
TRACE::2024-11-19.03:16:04::SCWPlatform::DSA given C:/Users/curti/OneDrive/Documents/UIUC/ECE-385/Vivado_Projects/lab_6_2/workspace/mb_usb_hdmi_top/hw/mb_usb_hdmi_top.xsa
TRACE::2024-11-19.03:16:04::SCWPlatform::DSA absoulate path C:/Users/curti/OneDrive/Documents/UIUC/ECE-385/Vivado_Projects/lab_6_2/workspace/mb_usb_hdmi_top/hw/mb_usb_hdmi_top.xsa
TRACE::2024-11-19.03:16:04::SCWPlatform::DSA directory C:/Users/curti/OneDrive/Documents/UIUC/ECE-385/Vivado_Projects/lab_6_2/workspace/mb_usb_hdmi_top/hw
TRACE::2024-11-19.03:16:04::SCWPlatform:: Platform Path C:/Users/curti/OneDrive/Documents/UIUC/ECE-385/Vivado_Projects/lab_6_2/workspace/mb_usb_hdmi_top/hw/mb_usb_hdmi_top.xsa
TRACE::2024-11-19.03:16:04::SCWPlatform:: Unique name xilinx:::0.0
TRACE::2024-11-19.03:16:04::SCWPlatform::Do not have an existing db opened. 
TRACE::2024-11-19.03:16:05::SCWPlatform::Opened new HwDB with name mb_usb_hdmi_top
TRACE::2024-11-19.03:16:05::SCWReader::Active system found as  mb_usb_hdmi_top
TRACE::2024-11-19.03:16:05::SCWReader::Handling sysconfig mb_usb_hdmi_top
TRACE::2024-11-19.03:16:05::SCWDomain::checking for install qemu data   : 
TRACE::2024-11-19.03:16:05::SCWPlatform::Trying to open the hw design at C:/Users/curti/OneDrive/Documents/UIUC/ECE-385/Vivado_Projects/lab_6_2/workspace/mb_usb_hdmi_top/hw/mb_usb_hdmi_top.xsa
TRACE::2024-11-19.03:16:05::SCWPlatform::DSA given C:/Users/curti/OneDrive/Documents/UIUC/ECE-385/Vivado_Projects/lab_6_2/workspace/mb_usb_hdmi_top/hw/mb_usb_hdmi_top.xsa
TRACE::2024-11-19.03:16:05::SCWPlatform::DSA absoulate path C:/Users/curti/OneDrive/Documents/UIUC/ECE-385/Vivado_Projects/lab_6_2/workspace/mb_usb_hdmi_top/hw/mb_usb_hdmi_top.xsa
TRACE::2024-11-19.03:16:05::SCWPlatform::DSA directory C:/Users/curti/OneDrive/Documents/UIUC/ECE-385/Vivado_Projects/lab_6_2/workspace/mb_usb_hdmi_top/hw
TRACE::2024-11-19.03:16:05::SCWPlatform:: Platform Path C:/Users/curti/OneDrive/Documents/UIUC/ECE-385/Vivado_Projects/lab_6_2/workspace/mb_usb_hdmi_top/hw/mb_usb_hdmi_top.xsa
TRACE::2024-11-19.03:16:05::SCWPlatform:: Unique name xilinx:::0.0
TRACE::2024-11-19.03:16:05::SCWPlatform::Trying to set the existing hwdb with name mb_usb_hdmi_top
TRACE::2024-11-19.03:16:05::SCWPlatform::Opened existing hwdb mb_usb_hdmi_top
TRACE::2024-11-19.03:16:05::SCWPlatform::Found the Hw Db part of the input DSA
TRACE::2024-11-19.03:16:05::SCWPlatform::Trying to open the hw design at C:/Users/curti/OneDrive/Documents/UIUC/ECE-385/Vivado_Projects/lab_6_2/workspace/mb_usb_hdmi_top/hw/mb_usb_hdmi_top.xsa
TRACE::2024-11-19.03:16:05::SCWPlatform::DSA given C:/Users/curti/OneDrive/Documents/UIUC/ECE-385/Vivado_Projects/lab_6_2/workspace/mb_usb_hdmi_top/hw/mb_usb_hdmi_top.xsa
TRACE::2024-11-19.03:16:05::SCWPlatform::DSA absoulate path C:/Users/curti/OneDrive/Documents/UIUC/ECE-385/Vivado_Projects/lab_6_2/workspace/mb_usb_hdmi_top/hw/mb_usb_hdmi_top.xsa
TRACE::2024-11-19.03:16:05::SCWPlatform::DSA directory C:/Users/curti/OneDrive/Documents/UIUC/ECE-385/Vivado_Projects/lab_6_2/workspace/mb_usb_hdmi_top/hw
TRACE::2024-11-19.03:16:05::SCWPlatform:: Platform Path C:/Users/curti/OneDrive/Documents/UIUC/ECE-385/Vivado_Projects/lab_6_2/workspace/mb_usb_hdmi_top/hw/mb_usb_hdmi_top.xsa
TRACE::2024-11-19.03:16:05::SCWPlatform:: Unique name xilinx:::0.0
TRACE::2024-11-19.03:16:05::SCWPlatform::Trying to set the existing hwdb with name mb_usb_hdmi_top
TRACE::2024-11-19.03:16:05::SCWPlatform::Opened existing hwdb mb_usb_hdmi_top
TRACE::2024-11-19.03:16:05::SCWPlatform::Found the Hw Db part of the input DSA
TRACE::2024-11-19.03:16:05::SCWPlatform::Trying to open the hw design at C:/Users/curti/OneDrive/Documents/UIUC/ECE-385/Vivado_Projects/lab_6_2/workspace/mb_usb_hdmi_top/hw/mb_usb_hdmi_top.xsa
TRACE::2024-11-19.03:16:05::SCWPlatform::DSA given C:/Users/curti/OneDrive/Documents/UIUC/ECE-385/Vivado_Projects/lab_6_2/workspace/mb_usb_hdmi_top/hw/mb_usb_hdmi_top.xsa
TRACE::2024-11-19.03:16:05::SCWPlatform::DSA absoulate path C:/Users/curti/OneDrive/Documents/UIUC/ECE-385/Vivado_Projects/lab_6_2/workspace/mb_usb_hdmi_top/hw/mb_usb_hdmi_top.xsa
TRACE::2024-11-19.03:16:05::SCWPlatform::DSA directory C:/Users/curti/OneDrive/Documents/UIUC/ECE-385/Vivado_Projects/lab_6_2/workspace/mb_usb_hdmi_top/hw
TRACE::2024-11-19.03:16:05::SCWPlatform:: Platform Path C:/Users/curti/OneDrive/Documents/UIUC/ECE-385/Vivado_Projects/lab_6_2/workspace/mb_usb_hdmi_top/hw/mb_usb_hdmi_top.xsa
TRACE::2024-11-19.03:16:05::SCWPlatform:: Unique name xilinx:::0.0
TRACE::2024-11-19.03:16:05::SCWPlatform::Trying to set the existing hwdb with name mb_usb_hdmi_top
TRACE::2024-11-19.03:16:05::SCWPlatform::Opened existing hwdb mb_usb_hdmi_top
TRACE::2024-11-19.03:16:05::SCWPlatform::Found the Hw Db part of the input DSA
TRACE::2024-11-19.03:16:05::SCWPlatform::Trying to open the hw design at C:/Users/curti/OneDrive/Documents/UIUC/ECE-385/Vivado_Projects/lab_6_2/workspace/mb_usb_hdmi_top/hw/mb_usb_hdmi_top.xsa
TRACE::2024-11-19.03:16:05::SCWPlatform::DSA given C:/Users/curti/OneDrive/Documents/UIUC/ECE-385/Vivado_Projects/lab_6_2/workspace/mb_usb_hdmi_top/hw/mb_usb_hdmi_top.xsa
TRACE::2024-11-19.03:16:05::SCWPlatform::DSA absoulate path C:/Users/curti/OneDrive/Documents/UIUC/ECE-385/Vivado_Projects/lab_6_2/workspace/mb_usb_hdmi_top/hw/mb_usb_hdmi_top.xsa
TRACE::2024-11-19.03:16:05::SCWPlatform::DSA directory C:/Users/curti/OneDrive/Documents/UIUC/ECE-385/Vivado_Projects/lab_6_2/workspace/mb_usb_hdmi_top/hw
TRACE::2024-11-19.03:16:05::SCWPlatform:: Platform Path C:/Users/curti/OneDrive/Documents/UIUC/ECE-385/Vivado_Projects/lab_6_2/workspace/mb_usb_hdmi_top/hw/mb_usb_hdmi_top.xsa
TRACE::2024-11-19.03:16:05::SCWPlatform:: Unique name xilinx:::0.0
TRACE::2024-11-19.03:16:05::SCWPlatform::Trying to set the existing hwdb with name mb_usb_hdmi_top
TRACE::2024-11-19.03:16:05::SCWPlatform::Opened existing hwdb mb_usb_hdmi_top
TRACE::2024-11-19.03:16:05::SCWPlatform::Found the Hw Db part of the input DSA
TRACE::2024-11-19.03:16:05::SCWMssOS::Checking the sw design at  C:/Users/curti/OneDrive/Documents/UIUC/ECE-385/Vivado_Projects/lab_6_2/workspace/mb_usb_hdmi_top/microblaze_0/standalone_microblaze_0/bsp/system.mss
TRACE::2024-11-19.03:16:05::SCWMssOS::DEBUG:  swdes dump  
TRACE::2024-11-19.03:16:05::SCWMssOS::No sw design opened at  C:/Users/curti/OneDrive/Documents/UIUC/ECE-385/Vivado_Projects/lab_6_2/workspace/mb_usb_hdmi_top/microblaze_0/standalone_microblaze_0/bsp/system.mss
TRACE::2024-11-19.03:16:05::SCWMssOS::mss exists loading the mss file  C:/Users/curti/OneDrive/Documents/UIUC/ECE-385/Vivado_Projects/lab_6_2/workspace/mb_usb_hdmi_top/microblaze_0/standalone_microblaze_0/bsp/system.mss
TRACE::2024-11-19.03:16:05::SCWMssOS::Opened the sw design from mss  C:/Users/curti/OneDrive/Documents/UIUC/ECE-385/Vivado_Projects/lab_6_2/workspace/mb_usb_hdmi_top/microblaze_0/standalone_microblaze_0/bsp/system.mss
TRACE::2024-11-19.03:16:05::SCWMssOS::Adding the swdes entry C:/Users/curti/OneDrive/Documents/UIUC/ECE-385/Vivado_Projects/lab_6_2/workspace/mb_usb_hdmi_top/microblaze_0/standalone_microblaze_0/bsp/system.mss with des name system
TRACE::2024-11-19.03:16:05::SCWMssOS::updating the scw layer about changes
TRACE::2024-11-19.03:16:05::SCWMssOS::Opened the sw design.  C:/Users/curti/OneDrive/Documents/UIUC/ECE-385/Vivado_Projects/lab_6_2/workspace/mb_usb_hdmi_top/microblaze_0/standalone_microblaze_0/bsp/system.mss
TRACE::2024-11-19.03:16:05::SCWMssOS::Saving the mss changes C:/Users/curti/OneDrive/Documents/UIUC/ECE-385/Vivado_Projects/lab_6_2/workspace/mb_usb_hdmi_top/microblaze_0/standalone_microblaze_0/bsp/system.mss
TRACE::2024-11-19.03:16:05::SCWMssOS::Found a swdesign opened with the mssfile.
TRACE::2024-11-19.03:16:05::SCWMssOS::Completed writemss as part of save.
TRACE::2024-11-19.03:16:05::SCWMssOS::Commit changes completed.
TRACE::2024-11-19.03:16:05::SCWReader::Adding prebuilt librarypaths as   
TRACE::2024-11-19.03:16:05::SCWReader::Adding prebuilt incpaths  as   
TRACE::2024-11-19.03:16:05::SCWPlatform::Trying to open the hw design at C:/Users/curti/OneDrive/Documents/UIUC/ECE-385/Vivado_Projects/lab_6_2/workspace/mb_usb_hdmi_top/hw/mb_usb_hdmi_top.xsa
TRACE::2024-11-19.03:16:05::SCWPlatform::DSA given C:/Users/curti/OneDrive/Documents/UIUC/ECE-385/Vivado_Projects/lab_6_2/workspace/mb_usb_hdmi_top/hw/mb_usb_hdmi_top.xsa
TRACE::2024-11-19.03:16:05::SCWPlatform::DSA absoulate path C:/Users/curti/OneDrive/Documents/UIUC/ECE-385/Vivado_Projects/lab_6_2/workspace/mb_usb_hdmi_top/hw/mb_usb_hdmi_top.xsa
TRACE::2024-11-19.03:16:05::SCWPlatform::DSA directory C:/Users/curti/OneDrive/Documents/UIUC/ECE-385/Vivado_Projects/lab_6_2/workspace/mb_usb_hdmi_top/hw
TRACE::2024-11-19.03:16:05::SCWPlatform:: Platform Path C:/Users/curti/OneDrive/Documents/UIUC/ECE-385/Vivado_Projects/lab_6_2/workspace/mb_usb_hdmi_top/hw/mb_usb_hdmi_top.xsa
TRACE::2024-11-19.03:16:05::SCWPlatform:: Unique name xilinx:::0.0
TRACE::2024-11-19.03:16:05::SCWPlatform::Trying to set the existing hwdb with name mb_usb_hdmi_top
TRACE::2024-11-19.03:16:05::SCWPlatform::Opened existing hwdb mb_usb_hdmi_top
TRACE::2024-11-19.03:16:05::SCWPlatform::Found the Hw Db part of the input DSA
TRACE::2024-11-19.03:16:05::SCWMssOS::Checking the sw design at  C:/Users/curti/OneDrive/Documents/UIUC/ECE-385/Vivado_Projects/lab_6_2/workspace/mb_usb_hdmi_top/microblaze_0/standalone_microblaze_0/bsp/system.mss
TRACE::2024-11-19.03:16:05::SCWMssOS::DEBUG:  swdes dump  C:/Users/curti/OneDrive/Documents/UIUC/ECE-385/Vivado_Projects/lab_6_2/workspace/mb_usb_hdmi_top/microblaze_0/standalone_microblaze_0/bsp/system.mss|system||

TRACE::2024-11-19.03:16:05::SCWMssOS::Sw design exists and opened at  C:/Users/curti/OneDrive/Documents/UIUC/ECE-385/Vivado_Projects/lab_6_2/workspace/mb_usb_hdmi_top/microblaze_0/standalone_microblaze_0/bsp/system.mss
TRACE::2024-11-19.03:16:05::SCWReader::No isolation master present  
TRACE::2024-11-19.03:16:16::SCWPlatform::DSA given C:/Users/curti/OneDrive/Documents/UIUC/ECE-385/Vivado_Projects/lab_6_2/workspace/mb_usb_hdmi_top/tempdsa/mb_usb_hdmi_top.xsa
TRACE::2024-11-19.03:16:16::SCWPlatform::DSA absoulate path C:/Users/curti/OneDrive/Documents/UIUC/ECE-385/Vivado_Projects/lab_6_2/workspace/mb_usb_hdmi_top/tempdsa/mb_usb_hdmi_top.xsa
TRACE::2024-11-19.03:16:16::SCWPlatform:: Platform location is C:/Users/curti/OneDrive/Documents/UIUC/ECE-385/Vivado_Projects/lab_6_2/workspace/mb_usb_hdmi_top/tempdsa
TRACE::2024-11-19.03:16:16::SCWPlatform:: Platform Path C:/Users/curti/OneDrive/Documents/UIUC/ECE-385/Vivado_Projects/lab_6_2/workspace/mb_usb_hdmi_top/tempdsa/mb_usb_hdmi_top.xsa
TRACE::2024-11-19.03:16:16::SCWPlatform:: Unique name xilinx:::0.0
TRACE::2024-11-19.03:16:16::SCWPlatform::Found the Hw Db part of the input DSA
TRACE::2024-11-19.03:16:16::SCWMssOS::Doing hw sync for the mss in domain: standalone_microblaze_0
TRACE::2024-11-19.03:16:16::SCWPlatform::Trying to open the hw design at C:/Users/curti/OneDrive/Documents/UIUC/ECE-385/Vivado_Projects/lab_6_2/workspace/mb_usb_hdmi_top/hw/mb_usb_hdmi_top.xsa
TRACE::2024-11-19.03:16:16::SCWPlatform::DSA given C:/Users/curti/OneDrive/Documents/UIUC/ECE-385/Vivado_Projects/lab_6_2/workspace/mb_usb_hdmi_top/hw/mb_usb_hdmi_top.xsa
TRACE::2024-11-19.03:16:16::SCWPlatform::DSA absoulate path C:/Users/curti/OneDrive/Documents/UIUC/ECE-385/Vivado_Projects/lab_6_2/workspace/mb_usb_hdmi_top/hw/mb_usb_hdmi_top.xsa
TRACE::2024-11-19.03:16:16::SCWPlatform::DSA directory C:/Users/curti/OneDrive/Documents/UIUC/ECE-385/Vivado_Projects/lab_6_2/workspace/mb_usb_hdmi_top/hw
TRACE::2024-11-19.03:16:16::SCWPlatform:: Platform Path C:/Users/curti/OneDrive/Documents/UIUC/ECE-385/Vivado_Projects/lab_6_2/workspace/mb_usb_hdmi_top/hw/mb_usb_hdmi_top.xsa
TRACE::2024-11-19.03:16:16::SCWPlatform:: Unique name xilinx:::0.0
TRACE::2024-11-19.03:16:16::SCWPlatform::Trying to set the existing hwdb with name mb_usb_hdmi_top
TRACE::2024-11-19.03:16:16::SCWPlatform::Opened existing hwdb mb_usb_hdmi_top
TRACE::2024-11-19.03:16:16::SCWPlatform::Found the Hw Db part of the input DSA
TRACE::2024-11-19.03:16:16::SCWPlatform::Trying to open the hw design at C:/Users/curti/OneDrive/Documents/UIUC/ECE-385/Vivado_Projects/lab_6_2/workspace/mb_usb_hdmi_top/hw/mb_usb_hdmi_top.xsa
TRACE::2024-11-19.03:16:16::SCWPlatform::DSA given C:/Users/curti/OneDrive/Documents/UIUC/ECE-385/Vivado_Projects/lab_6_2/workspace/mb_usb_hdmi_top/hw/mb_usb_hdmi_top.xsa
TRACE::2024-11-19.03:16:16::SCWPlatform::DSA absoulate path C:/Users/curti/OneDrive/Documents/UIUC/ECE-385/Vivado_Projects/lab_6_2/workspace/mb_usb_hdmi_top/hw/mb_usb_hdmi_top.xsa
TRACE::2024-11-19.03:16:16::SCWPlatform::DSA directory C:/Users/curti/OneDrive/Documents/UIUC/ECE-385/Vivado_Projects/lab_6_2/workspace/mb_usb_hdmi_top/hw
TRACE::2024-11-19.03:16:16::SCWPlatform:: Platform Path C:/Users/curti/OneDrive/Documents/UIUC/ECE-385/Vivado_Projects/lab_6_2/workspace/mb_usb_hdmi_top/hw/mb_usb_hdmi_top.xsa
TRACE::2024-11-19.03:16:16::SCWPlatform:: Unique name xilinx:::0.0
TRACE::2024-11-19.03:16:16::SCWPlatform::Trying to set the existing hwdb with name mb_usb_hdmi_top
TRACE::2024-11-19.03:16:16::SCWPlatform::Opened existing hwdb mb_usb_hdmi_top
TRACE::2024-11-19.03:16:16::SCWPlatform::Found the Hw Db part of the input DSA
TRACE::2024-11-19.03:16:16::SCWMssOS::Checking the sw design at  C:/Users/curti/OneDrive/Documents/UIUC/ECE-385/Vivado_Projects/lab_6_2/workspace/mb_usb_hdmi_top/microblaze_0/standalone_microblaze_0/bsp/system.mss
TRACE::2024-11-19.03:16:16::SCWMssOS::DEBUG:  swdes dump  C:/Users/curti/OneDrive/Documents/UIUC/ECE-385/Vivado_Projects/lab_6_2/workspace/mb_usb_hdmi_top/microblaze_0/standalone_microblaze_0/bsp/system.mss|system||

TRACE::2024-11-19.03:16:16::SCWMssOS::Sw design exists and opened at  C:/Users/curti/OneDrive/Documents/UIUC/ECE-385/Vivado_Projects/lab_6_2/workspace/mb_usb_hdmi_top/microblaze_0/standalone_microblaze_0/bsp/system.mss
TRACE::2024-11-19.03:16:16::SCWPlatform::Trying to open the hw design at C:/Users/curti/OneDrive/Documents/UIUC/ECE-385/Vivado_Projects/lab_6_2/workspace/mb_usb_hdmi_top/tempdsa/mb_usb_hdmi_top.xsa
TRACE::2024-11-19.03:16:16::SCWPlatform::DSA given C:/Users/curti/OneDrive/Documents/UIUC/ECE-385/Vivado_Projects/lab_6_2/workspace/mb_usb_hdmi_top/tempdsa/mb_usb_hdmi_top.xsa
TRACE::2024-11-19.03:16:16::SCWPlatform::DSA absoulate path C:/Users/curti/OneDrive/Documents/UIUC/ECE-385/Vivado_Projects/lab_6_2/workspace/mb_usb_hdmi_top/tempdsa/mb_usb_hdmi_top.xsa
TRACE::2024-11-19.03:16:16::SCWPlatform::DSA directory C:/Users/curti/OneDrive/Documents/UIUC/ECE-385/Vivado_Projects/lab_6_2/workspace/mb_usb_hdmi_top/tempdsa
TRACE::2024-11-19.03:16:16::SCWPlatform:: Platform Path C:/Users/curti/OneDrive/Documents/UIUC/ECE-385/Vivado_Projects/lab_6_2/workspace/mb_usb_hdmi_top/tempdsa/mb_usb_hdmi_top.xsa
TRACE::2024-11-19.03:16:16::SCWPlatform:: Unique name xilinx:::0.0
TRACE::2024-11-19.03:16:16::SCWPlatform::update - Opened existing hwdb mb_usb_hdmi_top_0
TRACE::2024-11-19.03:16:16::SCWPlatform::Found the Hw Db part of the input DSA
TRACE::2024-11-19.03:16:16::SCWMssOS::Saving the mss changes C:/Users/curti/OneDrive/Documents/UIUC/ECE-385/Vivado_Projects/lab_6_2/workspace/mb_usb_hdmi_top/microblaze_0/standalone_microblaze_0/bsp/system.mss
TRACE::2024-11-19.03:16:16::SCWMssOS::Found a swdesign opened with the mssfile.
TRACE::2024-11-19.03:16:16::SCWMssOS::Completed writemss as part of save.
TRACE::2024-11-19.03:16:16::SCWMssOS::Commit changes completed.
TRACE::2024-11-19.03:16:16::SCWMssOS::Completed hw sync for the mss in domain: standalone_microblaze_0
TRACE::2024-11-19.03:16:16::SCWMssOS::Removing the swdes entry for  C:/Users/curti/OneDrive/Documents/UIUC/ECE-385/Vivado_Projects/lab_6_2/workspace/mb_usb_hdmi_top/microblaze_0/standalone_microblaze_0/bsp/system.mss
TRACE::2024-11-19.03:16:16::SCWPlatform::Trying to open the hw design at C:/Users/curti/OneDrive/Documents/UIUC/ECE-385/Vivado_Projects/lab_6_2/workspace/mb_usb_hdmi_top/hw/mb_usb_hdmi_top.xsa
TRACE::2024-11-19.03:16:16::SCWPlatform::DSA given C:/Users/curti/OneDrive/Documents/UIUC/ECE-385/Vivado_Projects/lab_6_2/workspace/mb_usb_hdmi_top/hw/mb_usb_hdmi_top.xsa
TRACE::2024-11-19.03:16:16::SCWPlatform::DSA absoulate path C:/Users/curti/OneDrive/Documents/UIUC/ECE-385/Vivado_Projects/lab_6_2/workspace/mb_usb_hdmi_top/hw/mb_usb_hdmi_top.xsa
TRACE::2024-11-19.03:16:16::SCWPlatform::DSA directory C:/Users/curti/OneDrive/Documents/UIUC/ECE-385/Vivado_Projects/lab_6_2/workspace/mb_usb_hdmi_top/hw
TRACE::2024-11-19.03:16:16::SCWPlatform:: Platform Path C:/Users/curti/OneDrive/Documents/UIUC/ECE-385/Vivado_Projects/lab_6_2/workspace/mb_usb_hdmi_top/hw/mb_usb_hdmi_top.xsa
TRACE::2024-11-19.03:16:16::SCWPlatform:: Unique name xilinx:::0.0
TRACE::2024-11-19.03:16:16::SCWPlatform::Do not have an existing db opened. 
TRACE::2024-11-19.03:16:16::SCWPlatform::Opened new HwDB with name mb_usb_hdmi_top_1
TRACE::2024-11-19.03:16:16::SCWMssOS::Saving the mss changes C:/Users/curti/OneDrive/Documents/UIUC/ECE-385/Vivado_Projects/lab_6_2/workspace/mb_usb_hdmi_top/microblaze_0/standalone_microblaze_0/bsp/system.mss
TRACE::2024-11-19.03:16:16::SCWMssOS::Adding the swdes entry, mss present, able to open swdb C:/Users/curti/OneDrive/Documents/UIUC/ECE-385/Vivado_Projects/lab_6_2/workspace/mb_usb_hdmi_top/microblaze_0/standalone_microblaze_0/bsp/system.mss with des name system
TRACE::2024-11-19.03:16:16::SCWMssOS::Writing the mss file completed C:/Users/curti/OneDrive/Documents/UIUC/ECE-385/Vivado_Projects/lab_6_2/workspace/mb_usb_hdmi_top/microblaze_0/standalone_microblaze_0/bsp/system.mss
TRACE::2024-11-19.03:16:16::SCWMssOS::Commit changes completed.
TRACE::2024-11-19.03:16:16::SCWPlatform::Trying to open the hw design at C:/Users/curti/OneDrive/Documents/UIUC/ECE-385/Vivado_Projects/lab_6_2/workspace/mb_usb_hdmi_top/hw/mb_usb_hdmi_top.xsa
TRACE::2024-11-19.03:16:16::SCWPlatform::DSA given C:/Users/curti/OneDrive/Documents/UIUC/ECE-385/Vivado_Projects/lab_6_2/workspace/mb_usb_hdmi_top/hw/mb_usb_hdmi_top.xsa
TRACE::2024-11-19.03:16:16::SCWPlatform::DSA absoulate path C:/Users/curti/OneDrive/Documents/UIUC/ECE-385/Vivado_Projects/lab_6_2/workspace/mb_usb_hdmi_top/hw/mb_usb_hdmi_top.xsa
TRACE::2024-11-19.03:16:16::SCWPlatform::DSA directory C:/Users/curti/OneDrive/Documents/UIUC/ECE-385/Vivado_Projects/lab_6_2/workspace/mb_usb_hdmi_top/hw
TRACE::2024-11-19.03:16:16::SCWPlatform:: Platform Path C:/Users/curti/OneDrive/Documents/UIUC/ECE-385/Vivado_Projects/lab_6_2/workspace/mb_usb_hdmi_top/hw/mb_usb_hdmi_top.xsa
TRACE::2024-11-19.03:16:16::SCWPlatform:: Unique name xilinx:::0.0
TRACE::2024-11-19.03:16:16::SCWPlatform::Trying to set the existing hwdb with name mb_usb_hdmi_top_1
TRACE::2024-11-19.03:16:16::SCWPlatform::Opened existing hwdb mb_usb_hdmi_top_1
TRACE::2024-11-19.03:16:16::SCWPlatform::Found the Hw Db part of the input DSA
TRACE::2024-11-19.03:16:16::SCWMssOS::Checking the sw design at  C:/Users/curti/OneDrive/Documents/UIUC/ECE-385/Vivado_Projects/lab_6_2/workspace/mb_usb_hdmi_top/microblaze_0/standalone_microblaze_0/bsp/system.mss
TRACE::2024-11-19.03:16:16::SCWMssOS::DEBUG:  swdes dump  C:/Users/curti/OneDrive/Documents/UIUC/ECE-385/Vivado_Projects/lab_6_2/workspace/mb_usb_hdmi_top/microblaze_0/standalone_microblaze_0/bsp/system.mss|system||

TRACE::2024-11-19.03:16:16::SCWMssOS::Sw design exists and opened at  C:/Users/curti/OneDrive/Documents/UIUC/ECE-385/Vivado_Projects/lab_6_2/workspace/mb_usb_hdmi_top/microblaze_0/standalone_microblaze_0/bsp/system.mss
TRACE::2024-11-19.03:16:16::SCWWriter::formatted JSON is {
	"platformName":	"mb_usb_hdmi_top",
	"sprVersion":	"2.0",
	"mode":	"gui",
	"dsaType":	"Fixed",
	"platformDesc":	"mb_usb_hdmi_top",
	"platHandOff":	"C:/Users/curti/OneDrive/Documents/UIUC/ECE-385/Vivado_Projects/lab_6_2/mb_usb_hdmi_top.xsa",
	"platIntHandOff":	"<platformDir>/hw/mb_usb_hdmi_top.xsa",
	"deviceType":	"FPGA",
	"platIsPrebuiltAutogen":	"false",
	"platIsNoBootBsp":	"false",
	"hasFsblMakeHasChanges":	"false",
	"hasPmufwMakeHasChanges":	"false",
	"platPreBuiltFlag":	false,
	"platformSamplesDir":	"",
	"platActiveSys":	"mb_usb_hdmi_top",
	"systems":	[{
			"systemName":	"mb_usb_hdmi_top",
			"systemDesc":	"mb_usb_hdmi_top",
			"sysIsBootAutoGen":	"true",
			"systemDispName":	"mb_usb_hdmi_top",
			"sysActiveDom":	"standalone_microblaze_0",
			"sysDefaultDom":	"standalone_microblaze_0",
			"domains":	[{
					"domainName":	"standalone_microblaze_0",
					"domainDispName":	"standalone_microblaze_0",
					"domainDesc":	"standalone_microblaze_0",
					"processors":	"microblaze_0",
					"os":	"standalone",
					"sdxOs":	"standalone",
					"debugEnable":	"False",
					"domRuntimes":	["cpp"],
					"swRepo":	"",
					"mssOsVer":	"8.0",
					"mssFile":	"",
					"md5Digest":	"304529987e879521ca977c68d163f3621",
					"compatibleApp":	"",
					"domType":	"mssDomain",
					"arch":	"32-bit",
					"appSettings":	{
						"appCompilerFlags":	"",
						"appLinkerFlags":	""
					},
					"addedLibs":	[],
					"libOptions":	{
						"libsContainingOptions":	[]
					},
					"prebuiltLibs":	{
						"prebuiltIncPath":	[],
						"prebuiltLibPath":	[]
					},
					"isolation":	{
					}
				}]
		}]
}
TRACE::2024-11-19.03:16:24::SCWMssOS::cleaning the bsp 
TRACE::2024-11-19.03:16:24::SCWMssOS::System Command Ran  C: & cd  C:/Users/curti/OneDrive/Documents/UIUC/ECE-385/Vivado_Projects/lab_6_2/workspace/mb_usb_hdmi_top/microblaze_0/standalone_microblaze_0/bsp & make clean 
TRACE::2024-11-19.03:16:24::SCWMssOS::make -C microblaze_0/libsrc/bram_v4_8/src -s clean 

TRACE::2024-11-19.03:16:24::SCWMssOS::make -C microblaze_0/libsrc/cpu_v2_16/src -s clean 

TRACE::2024-11-19.03:16:24::SCWMssOS::make -C microblaze_0/libsrc/gpio_v4_9/src -s clean 

TRACE::2024-11-19.03:16:24::SCWMssOS::make -C microblaze_0/libsrc/intc_v3_15/src -s clean 

TRACE::2024-11-19.03:16:24::SCWMssOS::make -C microblaze_0/libsrc/spi_v4_9/src -s clean 

TRACE::2024-11-19.03:16:24::SCWMssOS::make -C microblaze_0/libsrc/standalone_v8_0/src -s clean 

TRACE::2024-11-19.03:16:25::SCWMssOS::make -C microblaze_0/libsrc/tmrctr_v4_9/src -s clean 

TRACE::2024-11-19.03:16:25::SCWMssOS::make -C microblaze_0/libsrc/uartlite_v3_7/src -s clean 

TRACE::2024-11-19.03:16:25::SCWMssOS::rm -f microblaze_0/lib/libxil.a

TRACE::2024-11-19.03:16:27::SCWMssOS::cleaning the bsp 
TRACE::2024-11-19.03:16:27::SCWMssOS::System Command Ran  C: & cd  C:/Users/curti/OneDrive/Documents/UIUC/ECE-385/Vivado_Projects/lab_6_2/workspace/mb_usb_hdmi_top/microblaze_0/standalone_microblaze_0/bsp & make clean 
TRACE::2024-11-19.03:16:27::SCWMssOS::make -C microblaze_0/libsrc/bram_v4_8/src -s clean 

TRACE::2024-11-19.03:16:28::SCWMssOS::make -C microblaze_0/libsrc/cpu_v2_16/src -s clean 

TRACE::2024-11-19.03:16:28::SCWMssOS::make -C microblaze_0/libsrc/gpio_v4_9/src -s clean 

TRACE::2024-11-19.03:16:28::SCWMssOS::make -C microblaze_0/libsrc/intc_v3_15/src -s clean 

TRACE::2024-11-19.03:16:28::SCWMssOS::make -C microblaze_0/libsrc/spi_v4_9/src -s clean 

TRACE::2024-11-19.03:16:28::SCWMssOS::make -C microblaze_0/libsrc/standalone_v8_0/src -s clean 

TRACE::2024-11-19.03:16:28::SCWMssOS::make -C microblaze_0/libsrc/tmrctr_v4_9/src -s clean 

TRACE::2024-11-19.03:16:28::SCWMssOS::make -C microblaze_0/libsrc/uartlite_v3_7/src -s clean 

TRACE::2024-11-19.03:16:28::SCWMssOS::rm -f microblaze_0/lib/libxil.a

TRACE::2024-11-19.03:16:51::SCWMssOS::cleaning the bsp 
TRACE::2024-11-19.03:16:51::SCWMssOS::System Command Ran  C: & cd  C:/Users/curti/OneDrive/Documents/UIUC/ECE-385/Vivado_Projects/lab_6_2/workspace/mb_usb_hdmi_top/microblaze_0/standalone_microblaze_0/bsp & make clean 
TRACE::2024-11-19.03:16:51::SCWMssOS::make -C microblaze_0/libsrc/bram_v4_8/src -s clean 

TRACE::2024-11-19.03:16:51::SCWMssOS::make -C microblaze_0/libsrc/cpu_v2_16/src -s clean 

TRACE::2024-11-19.03:16:51::SCWMssOS::make -C microblaze_0/libsrc/gpio_v4_9/src -s clean 

TRACE::2024-11-19.03:16:51::SCWMssOS::make -C microblaze_0/libsrc/intc_v3_15/src -s clean 

TRACE::2024-11-19.03:16:51::SCWMssOS::make -C microblaze_0/libsrc/spi_v4_9/src -s clean 

TRACE::2024-11-19.03:16:51::SCWMssOS::make -C microblaze_0/libsrc/standalone_v8_0/src -s clean 

TRACE::2024-11-19.03:16:51::SCWMssOS::make -C microblaze_0/libsrc/tmrctr_v4_9/src -s clean 

TRACE::2024-11-19.03:16:51::SCWMssOS::make -C microblaze_0/libsrc/uartlite_v3_7/src -s clean 

TRACE::2024-11-19.03:16:51::SCWMssOS::rm -f microblaze_0/lib/libxil.a

TRACE::2024-11-19.03:16:54::SCWMssOS::cleaning the bsp 
TRACE::2024-11-19.03:16:54::SCWMssOS::System Command Ran  C: & cd  C:/Users/curti/OneDrive/Documents/UIUC/ECE-385/Vivado_Projects/lab_6_2/workspace/mb_usb_hdmi_top/microblaze_0/standalone_microblaze_0/bsp & make clean 
TRACE::2024-11-19.03:16:54::SCWMssOS::make -C microblaze_0/libsrc/bram_v4_8/src -s clean 

TRACE::2024-11-19.03:16:54::SCWMssOS::make -C microblaze_0/libsrc/cpu_v2_16/src -s clean 

TRACE::2024-11-19.03:16:54::SCWMssOS::make -C microblaze_0/libsrc/gpio_v4_9/src -s clean 

TRACE::2024-11-19.03:16:54::SCWMssOS::make -C microblaze_0/libsrc/intc_v3_15/src -s clean 

TRACE::2024-11-19.03:16:54::SCWMssOS::make -C microblaze_0/libsrc/spi_v4_9/src -s clean 

TRACE::2024-11-19.03:16:54::SCWMssOS::make -C microblaze_0/libsrc/standalone_v8_0/src -s clean 

TRACE::2024-11-19.03:16:54::SCWMssOS::make -C microblaze_0/libsrc/tmrctr_v4_9/src -s clean 

TRACE::2024-11-19.03:16:54::SCWMssOS::make -C microblaze_0/libsrc/uartlite_v3_7/src -s clean 

TRACE::2024-11-19.03:16:54::SCWMssOS::rm -f microblaze_0/lib/libxil.a

TRACE::2024-11-19.03:16:58::SCWPlatform::Clearing the existing platform
TRACE::2024-11-19.03:16:58::SCWSystem::Clearing the existing sysconfig
TRACE::2024-11-19.03:16:58::SCWMssOS::Removing the swdes entry for  C:/Users/curti/OneDrive/Documents/UIUC/ECE-385/Vivado_Projects/lab_6_2/workspace/mb_usb_hdmi_top/microblaze_0/standalone_microblaze_0/bsp/system.mss
TRACE::2024-11-19.03:16:58::SCWSystem::Clearing the domains completed.
TRACE::2024-11-19.03:16:58::SCWPlatform::Clearing the opened hw db.
TRACE::2024-11-19.03:16:58::SCWPlatform::DSA given C:/Users/curti/OneDrive/Documents/UIUC/ECE-385/Vivado_Projects/lab_6_2/workspace/mb_usb_hdmi_top/hw/mb_usb_hdmi_top.xsa
TRACE::2024-11-19.03:16:58::SCWPlatform::DSA absoulate path C:/Users/curti/OneDrive/Documents/UIUC/ECE-385/Vivado_Projects/lab_6_2/workspace/mb_usb_hdmi_top/hw/mb_usb_hdmi_top.xsa
TRACE::2024-11-19.03:16:58::SCWPlatform:: Platform location is C:/Users/curti/OneDrive/Documents/UIUC/ECE-385/Vivado_Projects/lab_6_2/workspace/mb_usb_hdmi_top/hw
TRACE::2024-11-19.03:16:58::SCWPlatform:: Platform Path C:/Users/curti/OneDrive/Documents/UIUC/ECE-385/Vivado_Projects/lab_6_2/workspace/mb_usb_hdmi_top/hw/mb_usb_hdmi_top.xsa
TRACE::2024-11-19.03:16:58::SCWPlatform:: Unique name xilinx:::0.0
TRACE::2024-11-19.03:16:58::SCWPlatform::Removing the HwDB with name C:/Users/curti/OneDrive/Documents/UIUC/ECE-385/Vivado_Projects/lab_6_2/workspace/mb_usb_hdmi_top/hw/mb_usb_hdmi_top.xsa
TRACE::2024-11-19.03:16:58::SCWPlatform::Trying to open the hw design at C:/Users/curti/OneDrive/Documents/UIUC/ECE-385/Vivado_Projects/lab_6_2/workspace/mb_usb_hdmi_top/hw/mb_usb_hdmi_top.xsa
TRACE::2024-11-19.03:16:58::SCWPlatform::DSA given C:/Users/curti/OneDrive/Documents/UIUC/ECE-385/Vivado_Projects/lab_6_2/workspace/mb_usb_hdmi_top/hw/mb_usb_hdmi_top.xsa
TRACE::2024-11-19.03:16:58::SCWPlatform::DSA absoulate path C:/Users/curti/OneDrive/Documents/UIUC/ECE-385/Vivado_Projects/lab_6_2/workspace/mb_usb_hdmi_top/hw/mb_usb_hdmi_top.xsa
TRACE::2024-11-19.03:16:58::SCWPlatform::DSA directory C:/Users/curti/OneDrive/Documents/UIUC/ECE-385/Vivado_Projects/lab_6_2/workspace/mb_usb_hdmi_top/hw
TRACE::2024-11-19.03:16:58::SCWPlatform:: Platform Path C:/Users/curti/OneDrive/Documents/UIUC/ECE-385/Vivado_Projects/lab_6_2/workspace/mb_usb_hdmi_top/hw/mb_usb_hdmi_top.xsa
TRACE::2024-11-19.03:16:58::SCWPlatform:: Unique name xilinx:::0.0
TRACE::2024-11-19.03:16:58::SCWPlatform::Do not have an existing db opened. 
TRACE::2024-11-19.03:16:59::SCWPlatform::Opened new HwDB with name mb_usb_hdmi_top_2
TRACE::2024-11-19.03:16:59::SCWReader::Active system found as  mb_usb_hdmi_top
TRACE::2024-11-19.03:16:59::SCWReader::Handling sysconfig mb_usb_hdmi_top
TRACE::2024-11-19.03:16:59::SCWDomain::checking for install qemu data   : 
TRACE::2024-11-19.03:16:59::SCWPlatform::Trying to open the hw design at C:/Users/curti/OneDrive/Documents/UIUC/ECE-385/Vivado_Projects/lab_6_2/workspace/mb_usb_hdmi_top/hw/mb_usb_hdmi_top.xsa
TRACE::2024-11-19.03:16:59::SCWPlatform::DSA given C:/Users/curti/OneDrive/Documents/UIUC/ECE-385/Vivado_Projects/lab_6_2/workspace/mb_usb_hdmi_top/hw/mb_usb_hdmi_top.xsa
TRACE::2024-11-19.03:16:59::SCWPlatform::DSA absoulate path C:/Users/curti/OneDrive/Documents/UIUC/ECE-385/Vivado_Projects/lab_6_2/workspace/mb_usb_hdmi_top/hw/mb_usb_hdmi_top.xsa
TRACE::2024-11-19.03:16:59::SCWPlatform::DSA directory C:/Users/curti/OneDrive/Documents/UIUC/ECE-385/Vivado_Projects/lab_6_2/workspace/mb_usb_hdmi_top/hw
TRACE::2024-11-19.03:16:59::SCWPlatform:: Platform Path C:/Users/curti/OneDrive/Documents/UIUC/ECE-385/Vivado_Projects/lab_6_2/workspace/mb_usb_hdmi_top/hw/mb_usb_hdmi_top.xsa
TRACE::2024-11-19.03:16:59::SCWPlatform:: Unique name xilinx:::0.0
TRACE::2024-11-19.03:16:59::SCWPlatform::Trying to set the existing hwdb with name mb_usb_hdmi_top_2
TRACE::2024-11-19.03:16:59::SCWPlatform::Opened existing hwdb mb_usb_hdmi_top_2
TRACE::2024-11-19.03:16:59::SCWPlatform::Found the Hw Db part of the input DSA
TRACE::2024-11-19.03:16:59::SCWPlatform::Trying to open the hw design at C:/Users/curti/OneDrive/Documents/UIUC/ECE-385/Vivado_Projects/lab_6_2/workspace/mb_usb_hdmi_top/hw/mb_usb_hdmi_top.xsa
TRACE::2024-11-19.03:16:59::SCWPlatform::DSA given C:/Users/curti/OneDrive/Documents/UIUC/ECE-385/Vivado_Projects/lab_6_2/workspace/mb_usb_hdmi_top/hw/mb_usb_hdmi_top.xsa
TRACE::2024-11-19.03:16:59::SCWPlatform::DSA absoulate path C:/Users/curti/OneDrive/Documents/UIUC/ECE-385/Vivado_Projects/lab_6_2/workspace/mb_usb_hdmi_top/hw/mb_usb_hdmi_top.xsa
TRACE::2024-11-19.03:16:59::SCWPlatform::DSA directory C:/Users/curti/OneDrive/Documents/UIUC/ECE-385/Vivado_Projects/lab_6_2/workspace/mb_usb_hdmi_top/hw
TRACE::2024-11-19.03:16:59::SCWPlatform:: Platform Path C:/Users/curti/OneDrive/Documents/UIUC/ECE-385/Vivado_Projects/lab_6_2/workspace/mb_usb_hdmi_top/hw/mb_usb_hdmi_top.xsa
TRACE::2024-11-19.03:16:59::SCWPlatform:: Unique name xilinx:::0.0
TRACE::2024-11-19.03:16:59::SCWPlatform::Trying to set the existing hwdb with name mb_usb_hdmi_top_2
TRACE::2024-11-19.03:16:59::SCWPlatform::Opened existing hwdb mb_usb_hdmi_top_2
TRACE::2024-11-19.03:16:59::SCWPlatform::Found the Hw Db part of the input DSA
TRACE::2024-11-19.03:16:59::SCWPlatform::Trying to open the hw design at C:/Users/curti/OneDrive/Documents/UIUC/ECE-385/Vivado_Projects/lab_6_2/workspace/mb_usb_hdmi_top/hw/mb_usb_hdmi_top.xsa
TRACE::2024-11-19.03:16:59::SCWPlatform::DSA given C:/Users/curti/OneDrive/Documents/UIUC/ECE-385/Vivado_Projects/lab_6_2/workspace/mb_usb_hdmi_top/hw/mb_usb_hdmi_top.xsa
TRACE::2024-11-19.03:16:59::SCWPlatform::DSA absoulate path C:/Users/curti/OneDrive/Documents/UIUC/ECE-385/Vivado_Projects/lab_6_2/workspace/mb_usb_hdmi_top/hw/mb_usb_hdmi_top.xsa
TRACE::2024-11-19.03:16:59::SCWPlatform::DSA directory C:/Users/curti/OneDrive/Documents/UIUC/ECE-385/Vivado_Projects/lab_6_2/workspace/mb_usb_hdmi_top/hw
TRACE::2024-11-19.03:16:59::SCWPlatform:: Platform Path C:/Users/curti/OneDrive/Documents/UIUC/ECE-385/Vivado_Projects/lab_6_2/workspace/mb_usb_hdmi_top/hw/mb_usb_hdmi_top.xsa
TRACE::2024-11-19.03:16:59::SCWPlatform:: Unique name xilinx:::0.0
TRACE::2024-11-19.03:16:59::SCWPlatform::Trying to set the existing hwdb with name mb_usb_hdmi_top_2
TRACE::2024-11-19.03:16:59::SCWPlatform::Opened existing hwdb mb_usb_hdmi_top_2
TRACE::2024-11-19.03:16:59::SCWPlatform::Found the Hw Db part of the input DSA
TRACE::2024-11-19.03:16:59::SCWPlatform::Trying to open the hw design at C:/Users/curti/OneDrive/Documents/UIUC/ECE-385/Vivado_Projects/lab_6_2/workspace/mb_usb_hdmi_top/hw/mb_usb_hdmi_top.xsa
TRACE::2024-11-19.03:16:59::SCWPlatform::DSA given C:/Users/curti/OneDrive/Documents/UIUC/ECE-385/Vivado_Projects/lab_6_2/workspace/mb_usb_hdmi_top/hw/mb_usb_hdmi_top.xsa
TRACE::2024-11-19.03:16:59::SCWPlatform::DSA absoulate path C:/Users/curti/OneDrive/Documents/UIUC/ECE-385/Vivado_Projects/lab_6_2/workspace/mb_usb_hdmi_top/hw/mb_usb_hdmi_top.xsa
TRACE::2024-11-19.03:16:59::SCWPlatform::DSA directory C:/Users/curti/OneDrive/Documents/UIUC/ECE-385/Vivado_Projects/lab_6_2/workspace/mb_usb_hdmi_top/hw
TRACE::2024-11-19.03:16:59::SCWPlatform:: Platform Path C:/Users/curti/OneDrive/Documents/UIUC/ECE-385/Vivado_Projects/lab_6_2/workspace/mb_usb_hdmi_top/hw/mb_usb_hdmi_top.xsa
TRACE::2024-11-19.03:16:59::SCWPlatform:: Unique name xilinx:::0.0
TRACE::2024-11-19.03:16:59::SCWPlatform::Trying to set the existing hwdb with name mb_usb_hdmi_top_2
TRACE::2024-11-19.03:16:59::SCWPlatform::Opened existing hwdb mb_usb_hdmi_top_2
TRACE::2024-11-19.03:16:59::SCWPlatform::Found the Hw Db part of the input DSA
TRACE::2024-11-19.03:16:59::SCWMssOS::Checking the sw design at  C:/Users/curti/OneDrive/Documents/UIUC/ECE-385/Vivado_Projects/lab_6_2/workspace/mb_usb_hdmi_top/microblaze_0/standalone_microblaze_0/bsp/system.mss
TRACE::2024-11-19.03:16:59::SCWMssOS::DEBUG:  swdes dump  
TRACE::2024-11-19.03:16:59::SCWMssOS::No sw design opened at  C:/Users/curti/OneDrive/Documents/UIUC/ECE-385/Vivado_Projects/lab_6_2/workspace/mb_usb_hdmi_top/microblaze_0/standalone_microblaze_0/bsp/system.mss
TRACE::2024-11-19.03:16:59::SCWMssOS::mss exists loading the mss file  C:/Users/curti/OneDrive/Documents/UIUC/ECE-385/Vivado_Projects/lab_6_2/workspace/mb_usb_hdmi_top/microblaze_0/standalone_microblaze_0/bsp/system.mss
TRACE::2024-11-19.03:16:59::SCWMssOS::Opened the sw design from mss  C:/Users/curti/OneDrive/Documents/UIUC/ECE-385/Vivado_Projects/lab_6_2/workspace/mb_usb_hdmi_top/microblaze_0/standalone_microblaze_0/bsp/system.mss
TRACE::2024-11-19.03:16:59::SCWMssOS::Adding the swdes entry C:/Users/curti/OneDrive/Documents/UIUC/ECE-385/Vivado_Projects/lab_6_2/workspace/mb_usb_hdmi_top/microblaze_0/standalone_microblaze_0/bsp/system.mss with des name system
TRACE::2024-11-19.03:16:59::SCWMssOS::updating the scw layer about changes
TRACE::2024-11-19.03:16:59::SCWMssOS::Opened the sw design.  C:/Users/curti/OneDrive/Documents/UIUC/ECE-385/Vivado_Projects/lab_6_2/workspace/mb_usb_hdmi_top/microblaze_0/standalone_microblaze_0/bsp/system.mss
TRACE::2024-11-19.03:16:59::SCWMssOS::Saving the mss changes C:/Users/curti/OneDrive/Documents/UIUC/ECE-385/Vivado_Projects/lab_6_2/workspace/mb_usb_hdmi_top/microblaze_0/standalone_microblaze_0/bsp/system.mss
TRACE::2024-11-19.03:16:59::SCWMssOS::Found a swdesign opened with the mssfile.
TRACE::2024-11-19.03:16:59::SCWMssOS::Completed writemss as part of save.
TRACE::2024-11-19.03:16:59::SCWMssOS::Commit changes completed.
TRACE::2024-11-19.03:16:59::SCWReader::Adding prebuilt librarypaths as   
TRACE::2024-11-19.03:16:59::SCWReader::Adding prebuilt incpaths  as   
TRACE::2024-11-19.03:16:59::SCWPlatform::Trying to open the hw design at C:/Users/curti/OneDrive/Documents/UIUC/ECE-385/Vivado_Projects/lab_6_2/workspace/mb_usb_hdmi_top/hw/mb_usb_hdmi_top.xsa
TRACE::2024-11-19.03:16:59::SCWPlatform::DSA given C:/Users/curti/OneDrive/Documents/UIUC/ECE-385/Vivado_Projects/lab_6_2/workspace/mb_usb_hdmi_top/hw/mb_usb_hdmi_top.xsa
TRACE::2024-11-19.03:16:59::SCWPlatform::DSA absoulate path C:/Users/curti/OneDrive/Documents/UIUC/ECE-385/Vivado_Projects/lab_6_2/workspace/mb_usb_hdmi_top/hw/mb_usb_hdmi_top.xsa
TRACE::2024-11-19.03:16:59::SCWPlatform::DSA directory C:/Users/curti/OneDrive/Documents/UIUC/ECE-385/Vivado_Projects/lab_6_2/workspace/mb_usb_hdmi_top/hw
TRACE::2024-11-19.03:16:59::SCWPlatform:: Platform Path C:/Users/curti/OneDrive/Documents/UIUC/ECE-385/Vivado_Projects/lab_6_2/workspace/mb_usb_hdmi_top/hw/mb_usb_hdmi_top.xsa
TRACE::2024-11-19.03:16:59::SCWPlatform:: Unique name xilinx:::0.0
TRACE::2024-11-19.03:16:59::SCWPlatform::Trying to set the existing hwdb with name mb_usb_hdmi_top_2
TRACE::2024-11-19.03:16:59::SCWPlatform::Opened existing hwdb mb_usb_hdmi_top_2
TRACE::2024-11-19.03:16:59::SCWPlatform::Found the Hw Db part of the input DSA
TRACE::2024-11-19.03:16:59::SCWMssOS::Checking the sw design at  C:/Users/curti/OneDrive/Documents/UIUC/ECE-385/Vivado_Projects/lab_6_2/workspace/mb_usb_hdmi_top/microblaze_0/standalone_microblaze_0/bsp/system.mss
TRACE::2024-11-19.03:16:59::SCWMssOS::DEBUG:  swdes dump  C:/Users/curti/OneDrive/Documents/UIUC/ECE-385/Vivado_Projects/lab_6_2/workspace/mb_usb_hdmi_top/microblaze_0/standalone_microblaze_0/bsp/system.mss|system||

TRACE::2024-11-19.03:16:59::SCWMssOS::Sw design exists and opened at  C:/Users/curti/OneDrive/Documents/UIUC/ECE-385/Vivado_Projects/lab_6_2/workspace/mb_usb_hdmi_top/microblaze_0/standalone_microblaze_0/bsp/system.mss
TRACE::2024-11-19.03:16:59::SCWReader::No isolation master present  
TRACE::2024-11-19.03:17:02::SCWPlatform::DSA given C:/Users/curti/OneDrive/Documents/UIUC/ECE-385/Vivado_Projects/lab_6_2/workspace/mb_usb_hdmi_top/tempdsa/mb_usb_hdmi_top.xsa
TRACE::2024-11-19.03:17:02::SCWPlatform::DSA absoulate path C:/Users/curti/OneDrive/Documents/UIUC/ECE-385/Vivado_Projects/lab_6_2/workspace/mb_usb_hdmi_top/tempdsa/mb_usb_hdmi_top.xsa
TRACE::2024-11-19.03:17:02::SCWPlatform:: Platform location is C:/Users/curti/OneDrive/Documents/UIUC/ECE-385/Vivado_Projects/lab_6_2/workspace/mb_usb_hdmi_top/tempdsa
TRACE::2024-11-19.03:17:02::SCWPlatform:: Platform Path C:/Users/curti/OneDrive/Documents/UIUC/ECE-385/Vivado_Projects/lab_6_2/workspace/mb_usb_hdmi_top/tempdsa/mb_usb_hdmi_top.xsa
TRACE::2024-11-19.03:17:02::SCWPlatform:: Unique name xilinx:::0.0
TRACE::2024-11-19.03:17:02::SCWPlatform::Found the Hw Db part of the input DSA
TRACE::2024-11-19.03:17:02::SCWMssOS::Doing hw sync for the mss in domain: standalone_microblaze_0
TRACE::2024-11-19.03:17:02::SCWPlatform::Trying to open the hw design at C:/Users/curti/OneDrive/Documents/UIUC/ECE-385/Vivado_Projects/lab_6_2/workspace/mb_usb_hdmi_top/hw/mb_usb_hdmi_top.xsa
TRACE::2024-11-19.03:17:02::SCWPlatform::DSA given C:/Users/curti/OneDrive/Documents/UIUC/ECE-385/Vivado_Projects/lab_6_2/workspace/mb_usb_hdmi_top/hw/mb_usb_hdmi_top.xsa
TRACE::2024-11-19.03:17:02::SCWPlatform::DSA absoulate path C:/Users/curti/OneDrive/Documents/UIUC/ECE-385/Vivado_Projects/lab_6_2/workspace/mb_usb_hdmi_top/hw/mb_usb_hdmi_top.xsa
TRACE::2024-11-19.03:17:02::SCWPlatform::DSA directory C:/Users/curti/OneDrive/Documents/UIUC/ECE-385/Vivado_Projects/lab_6_2/workspace/mb_usb_hdmi_top/hw
TRACE::2024-11-19.03:17:02::SCWPlatform:: Platform Path C:/Users/curti/OneDrive/Documents/UIUC/ECE-385/Vivado_Projects/lab_6_2/workspace/mb_usb_hdmi_top/hw/mb_usb_hdmi_top.xsa
TRACE::2024-11-19.03:17:02::SCWPlatform:: Unique name xilinx:::0.0
TRACE::2024-11-19.03:17:02::SCWPlatform::Trying to set the existing hwdb with name mb_usb_hdmi_top_2
TRACE::2024-11-19.03:17:02::SCWPlatform::Opened existing hwdb mb_usb_hdmi_top_2
TRACE::2024-11-19.03:17:02::SCWPlatform::Found the Hw Db part of the input DSA
TRACE::2024-11-19.03:17:02::SCWPlatform::Trying to open the hw design at C:/Users/curti/OneDrive/Documents/UIUC/ECE-385/Vivado_Projects/lab_6_2/workspace/mb_usb_hdmi_top/hw/mb_usb_hdmi_top.xsa
TRACE::2024-11-19.03:17:02::SCWPlatform::DSA given C:/Users/curti/OneDrive/Documents/UIUC/ECE-385/Vivado_Projects/lab_6_2/workspace/mb_usb_hdmi_top/hw/mb_usb_hdmi_top.xsa
TRACE::2024-11-19.03:17:02::SCWPlatform::DSA absoulate path C:/Users/curti/OneDrive/Documents/UIUC/ECE-385/Vivado_Projects/lab_6_2/workspace/mb_usb_hdmi_top/hw/mb_usb_hdmi_top.xsa
TRACE::2024-11-19.03:17:02::SCWPlatform::DSA directory C:/Users/curti/OneDrive/Documents/UIUC/ECE-385/Vivado_Projects/lab_6_2/workspace/mb_usb_hdmi_top/hw
TRACE::2024-11-19.03:17:02::SCWPlatform:: Platform Path C:/Users/curti/OneDrive/Documents/UIUC/ECE-385/Vivado_Projects/lab_6_2/workspace/mb_usb_hdmi_top/hw/mb_usb_hdmi_top.xsa
TRACE::2024-11-19.03:17:02::SCWPlatform:: Unique name xilinx:::0.0
TRACE::2024-11-19.03:17:02::SCWPlatform::Trying to set the existing hwdb with name mb_usb_hdmi_top_2
TRACE::2024-11-19.03:17:02::SCWPlatform::Opened existing hwdb mb_usb_hdmi_top_2
TRACE::2024-11-19.03:17:02::SCWPlatform::Found the Hw Db part of the input DSA
TRACE::2024-11-19.03:17:02::SCWMssOS::Checking the sw design at  C:/Users/curti/OneDrive/Documents/UIUC/ECE-385/Vivado_Projects/lab_6_2/workspace/mb_usb_hdmi_top/microblaze_0/standalone_microblaze_0/bsp/system.mss
TRACE::2024-11-19.03:17:02::SCWMssOS::DEBUG:  swdes dump  C:/Users/curti/OneDrive/Documents/UIUC/ECE-385/Vivado_Projects/lab_6_2/workspace/mb_usb_hdmi_top/microblaze_0/standalone_microblaze_0/bsp/system.mss|system||

TRACE::2024-11-19.03:17:02::SCWMssOS::Sw design exists and opened at  C:/Users/curti/OneDrive/Documents/UIUC/ECE-385/Vivado_Projects/lab_6_2/workspace/mb_usb_hdmi_top/microblaze_0/standalone_microblaze_0/bsp/system.mss
TRACE::2024-11-19.03:17:02::SCWPlatform::Trying to open the hw design at C:/Users/curti/OneDrive/Documents/UIUC/ECE-385/Vivado_Projects/lab_6_2/workspace/mb_usb_hdmi_top/tempdsa/mb_usb_hdmi_top.xsa
TRACE::2024-11-19.03:17:02::SCWPlatform::DSA given C:/Users/curti/OneDrive/Documents/UIUC/ECE-385/Vivado_Projects/lab_6_2/workspace/mb_usb_hdmi_top/tempdsa/mb_usb_hdmi_top.xsa
TRACE::2024-11-19.03:17:02::SCWPlatform::DSA absoulate path C:/Users/curti/OneDrive/Documents/UIUC/ECE-385/Vivado_Projects/lab_6_2/workspace/mb_usb_hdmi_top/tempdsa/mb_usb_hdmi_top.xsa
TRACE::2024-11-19.03:17:02::SCWPlatform::DSA directory C:/Users/curti/OneDrive/Documents/UIUC/ECE-385/Vivado_Projects/lab_6_2/workspace/mb_usb_hdmi_top/tempdsa
TRACE::2024-11-19.03:17:02::SCWPlatform:: Platform Path C:/Users/curti/OneDrive/Documents/UIUC/ECE-385/Vivado_Projects/lab_6_2/workspace/mb_usb_hdmi_top/tempdsa/mb_usb_hdmi_top.xsa
TRACE::2024-11-19.03:17:02::SCWPlatform:: Unique name xilinx:::0.0
TRACE::2024-11-19.03:17:02::SCWPlatform::update - Opened existing hwdb mb_usb_hdmi_top_3
TRACE::2024-11-19.03:17:02::SCWPlatform::Found the Hw Db part of the input DSA
TRACE::2024-11-19.03:17:02::SCWMssOS::Saving the mss changes C:/Users/curti/OneDrive/Documents/UIUC/ECE-385/Vivado_Projects/lab_6_2/workspace/mb_usb_hdmi_top/microblaze_0/standalone_microblaze_0/bsp/system.mss
TRACE::2024-11-19.03:17:02::SCWMssOS::Found a swdesign opened with the mssfile.
TRACE::2024-11-19.03:17:02::SCWMssOS::Completed writemss as part of save.
TRACE::2024-11-19.03:17:02::SCWMssOS::Commit changes completed.
TRACE::2024-11-19.03:17:02::SCWMssOS::Completed hw sync for the mss in domain: standalone_microblaze_0
TRACE::2024-11-19.03:17:02::SCWMssOS::Removing the swdes entry for  C:/Users/curti/OneDrive/Documents/UIUC/ECE-385/Vivado_Projects/lab_6_2/workspace/mb_usb_hdmi_top/microblaze_0/standalone_microblaze_0/bsp/system.mss
TRACE::2024-11-19.03:17:02::SCWPlatform::Trying to open the hw design at C:/Users/curti/OneDrive/Documents/UIUC/ECE-385/Vivado_Projects/lab_6_2/workspace/mb_usb_hdmi_top/hw/mb_usb_hdmi_top.xsa
TRACE::2024-11-19.03:17:02::SCWPlatform::DSA given C:/Users/curti/OneDrive/Documents/UIUC/ECE-385/Vivado_Projects/lab_6_2/workspace/mb_usb_hdmi_top/hw/mb_usb_hdmi_top.xsa
TRACE::2024-11-19.03:17:02::SCWPlatform::DSA absoulate path C:/Users/curti/OneDrive/Documents/UIUC/ECE-385/Vivado_Projects/lab_6_2/workspace/mb_usb_hdmi_top/hw/mb_usb_hdmi_top.xsa
TRACE::2024-11-19.03:17:02::SCWPlatform::DSA directory C:/Users/curti/OneDrive/Documents/UIUC/ECE-385/Vivado_Projects/lab_6_2/workspace/mb_usb_hdmi_top/hw
TRACE::2024-11-19.03:17:02::SCWPlatform:: Platform Path C:/Users/curti/OneDrive/Documents/UIUC/ECE-385/Vivado_Projects/lab_6_2/workspace/mb_usb_hdmi_top/hw/mb_usb_hdmi_top.xsa
TRACE::2024-11-19.03:17:02::SCWPlatform:: Unique name xilinx:::0.0
TRACE::2024-11-19.03:17:02::SCWPlatform::Do not have an existing db opened. 
TRACE::2024-11-19.03:17:02::SCWPlatform::Opened new HwDB with name mb_usb_hdmi_top_4
TRACE::2024-11-19.03:17:02::SCWMssOS::Saving the mss changes C:/Users/curti/OneDrive/Documents/UIUC/ECE-385/Vivado_Projects/lab_6_2/workspace/mb_usb_hdmi_top/microblaze_0/standalone_microblaze_0/bsp/system.mss
TRACE::2024-11-19.03:17:02::SCWMssOS::Adding the swdes entry, mss present, able to open swdb C:/Users/curti/OneDrive/Documents/UIUC/ECE-385/Vivado_Projects/lab_6_2/workspace/mb_usb_hdmi_top/microblaze_0/standalone_microblaze_0/bsp/system.mss with des name system
TRACE::2024-11-19.03:17:02::SCWMssOS::Writing the mss file completed C:/Users/curti/OneDrive/Documents/UIUC/ECE-385/Vivado_Projects/lab_6_2/workspace/mb_usb_hdmi_top/microblaze_0/standalone_microblaze_0/bsp/system.mss
TRACE::2024-11-19.03:17:02::SCWMssOS::Commit changes completed.
TRACE::2024-11-19.03:17:02::SCWPlatform::Trying to open the hw design at C:/Users/curti/OneDrive/Documents/UIUC/ECE-385/Vivado_Projects/lab_6_2/workspace/mb_usb_hdmi_top/hw/mb_usb_hdmi_top.xsa
TRACE::2024-11-19.03:17:02::SCWPlatform::DSA given C:/Users/curti/OneDrive/Documents/UIUC/ECE-385/Vivado_Projects/lab_6_2/workspace/mb_usb_hdmi_top/hw/mb_usb_hdmi_top.xsa
TRACE::2024-11-19.03:17:02::SCWPlatform::DSA absoulate path C:/Users/curti/OneDrive/Documents/UIUC/ECE-385/Vivado_Projects/lab_6_2/workspace/mb_usb_hdmi_top/hw/mb_usb_hdmi_top.xsa
TRACE::2024-11-19.03:17:02::SCWPlatform::DSA directory C:/Users/curti/OneDrive/Documents/UIUC/ECE-385/Vivado_Projects/lab_6_2/workspace/mb_usb_hdmi_top/hw
TRACE::2024-11-19.03:17:02::SCWPlatform:: Platform Path C:/Users/curti/OneDrive/Documents/UIUC/ECE-385/Vivado_Projects/lab_6_2/workspace/mb_usb_hdmi_top/hw/mb_usb_hdmi_top.xsa
TRACE::2024-11-19.03:17:02::SCWPlatform:: Unique name xilinx:::0.0
TRACE::2024-11-19.03:17:02::SCWPlatform::Trying to set the existing hwdb with name mb_usb_hdmi_top_4
TRACE::2024-11-19.03:17:02::SCWPlatform::Opened existing hwdb mb_usb_hdmi_top_4
TRACE::2024-11-19.03:17:02::SCWPlatform::Found the Hw Db part of the input DSA
TRACE::2024-11-19.03:17:02::SCWMssOS::Checking the sw design at  C:/Users/curti/OneDrive/Documents/UIUC/ECE-385/Vivado_Projects/lab_6_2/workspace/mb_usb_hdmi_top/microblaze_0/standalone_microblaze_0/bsp/system.mss
TRACE::2024-11-19.03:17:02::SCWMssOS::DEBUG:  swdes dump  C:/Users/curti/OneDrive/Documents/UIUC/ECE-385/Vivado_Projects/lab_6_2/workspace/mb_usb_hdmi_top/microblaze_0/standalone_microblaze_0/bsp/system.mss|system||

TRACE::2024-11-19.03:17:02::SCWMssOS::Sw design exists and opened at  C:/Users/curti/OneDrive/Documents/UIUC/ECE-385/Vivado_Projects/lab_6_2/workspace/mb_usb_hdmi_top/microblaze_0/standalone_microblaze_0/bsp/system.mss
TRACE::2024-11-19.03:17:02::SCWWriter::formatted JSON is {
	"platformName":	"mb_usb_hdmi_top",
	"sprVersion":	"2.0",
	"mode":	"gui",
	"dsaType":	"Fixed",
	"platformDesc":	"mb_usb_hdmi_top",
	"platHandOff":	"C:/Users/curti/OneDrive/Documents/UIUC/ECE-385/Vivado_Projects/lab_6_2/mb_usb_hdmi_top.xsa",
	"platIntHandOff":	"<platformDir>/hw/mb_usb_hdmi_top.xsa",
	"deviceType":	"FPGA",
	"platIsPrebuiltAutogen":	"false",
	"platIsNoBootBsp":	"false",
	"hasFsblMakeHasChanges":	"false",
	"hasPmufwMakeHasChanges":	"false",
	"platPreBuiltFlag":	false,
	"platformSamplesDir":	"",
	"platActiveSys":	"mb_usb_hdmi_top",
	"systems":	[{
			"systemName":	"mb_usb_hdmi_top",
			"systemDesc":	"mb_usb_hdmi_top",
			"sysIsBootAutoGen":	"true",
			"systemDispName":	"mb_usb_hdmi_top",
			"sysActiveDom":	"standalone_microblaze_0",
			"sysDefaultDom":	"standalone_microblaze_0",
			"domains":	[{
					"domainName":	"standalone_microblaze_0",
					"domainDispName":	"standalone_microblaze_0",
					"domainDesc":	"standalone_microblaze_0",
					"processors":	"microblaze_0",
					"os":	"standalone",
					"sdxOs":	"standalone",
					"debugEnable":	"False",
					"domRuntimes":	["cpp"],
					"swRepo":	"",
					"mssOsVer":	"8.0",
					"mssFile":	"",
					"md5Digest":	"304529987e879521ca977c68d163f3621",
					"compatibleApp":	"",
					"domType":	"mssDomain",
					"arch":	"32-bit",
					"appSettings":	{
						"appCompilerFlags":	"",
						"appLinkerFlags":	""
					},
					"addedLibs":	[],
					"libOptions":	{
						"libsContainingOptions":	[]
					},
					"prebuiltLibs":	{
						"prebuiltIncPath":	[],
						"prebuiltLibPath":	[]
					},
					"isolation":	{
					}
				}]
		}]
}
LOG::2024-11-19.03:17:09::SCWPlatform::Started generating the artifacts platform mb_usb_hdmi_top
TRACE::2024-11-19.03:17:09::SCWPlatform::Sanity checking of platform is completed
LOG::2024-11-19.03:17:09::SCWPlatform::Started generating the artifacts for system configuration mb_usb_hdmi_top
LOG::2024-11-19.03:17:09::SCWSystem::Checking the domain standalone_microblaze_0
LOG::2024-11-19.03:17:09::SCWSystem::Not a boot domain 
LOG::2024-11-19.03:17:09::SCWSystem::Started Processing the domain standalone_microblaze_0
TRACE::2024-11-19.03:17:09::SCWDomain::Generating domain artifcats
TRACE::2024-11-19.03:17:09::SCWMssOS::Generating standalone artifcats
TRACE::2024-11-19.03:17:09::SCWMssOS:: Copying the user libraries. 
TRACE::2024-11-19.03:17:09::SCWPlatform::Trying to open the hw design at C:/Users/curti/OneDrive/Documents/UIUC/ECE-385/Vivado_Projects/lab_6_2/workspace/mb_usb_hdmi_top/hw/mb_usb_hdmi_top.xsa
TRACE::2024-11-19.03:17:09::SCWPlatform::DSA given C:/Users/curti/OneDrive/Documents/UIUC/ECE-385/Vivado_Projects/lab_6_2/workspace/mb_usb_hdmi_top/hw/mb_usb_hdmi_top.xsa
TRACE::2024-11-19.03:17:09::SCWPlatform::DSA absoulate path C:/Users/curti/OneDrive/Documents/UIUC/ECE-385/Vivado_Projects/lab_6_2/workspace/mb_usb_hdmi_top/hw/mb_usb_hdmi_top.xsa
TRACE::2024-11-19.03:17:09::SCWPlatform::DSA directory C:/Users/curti/OneDrive/Documents/UIUC/ECE-385/Vivado_Projects/lab_6_2/workspace/mb_usb_hdmi_top/hw
TRACE::2024-11-19.03:17:09::SCWPlatform:: Platform Path C:/Users/curti/OneDrive/Documents/UIUC/ECE-385/Vivado_Projects/lab_6_2/workspace/mb_usb_hdmi_top/hw/mb_usb_hdmi_top.xsa
TRACE::2024-11-19.03:17:09::SCWPlatform:: Unique name xilinx:::0.0
TRACE::2024-11-19.03:17:09::SCWPlatform::Trying to set the existing hwdb with name mb_usb_hdmi_top_4
TRACE::2024-11-19.03:17:09::SCWPlatform::Opened existing hwdb mb_usb_hdmi_top_4
TRACE::2024-11-19.03:17:09::SCWPlatform::Found the Hw Db part of the input DSA
TRACE::2024-11-19.03:17:09::SCWMssOS::Checking the sw design at  C:/Users/curti/OneDrive/Documents/UIUC/ECE-385/Vivado_Projects/lab_6_2/workspace/mb_usb_hdmi_top/microblaze_0/standalone_microblaze_0/bsp/system.mss
TRACE::2024-11-19.03:17:09::SCWMssOS::DEBUG:  swdes dump  C:/Users/curti/OneDrive/Documents/UIUC/ECE-385/Vivado_Projects/lab_6_2/workspace/mb_usb_hdmi_top/microblaze_0/standalone_microblaze_0/bsp/system.mss|system||

TRACE::2024-11-19.03:17:09::SCWMssOS::Sw design exists and opened at  C:/Users/curti/OneDrive/Documents/UIUC/ECE-385/Vivado_Projects/lab_6_2/workspace/mb_usb_hdmi_top/microblaze_0/standalone_microblaze_0/bsp/system.mss
TRACE::2024-11-19.03:17:09::SCWMssOS::Completed writing the mss file at C:/Users/curti/OneDrive/Documents/UIUC/ECE-385/Vivado_Projects/lab_6_2/workspace/mb_usb_hdmi_top/microblaze_0/standalone_microblaze_0/bsp
TRACE::2024-11-19.03:17:09::SCWMssOS::Mss edits present, copying mssfile into export location C:/Users/curti/OneDrive/Documents/UIUC/ECE-385/Vivado_Projects/lab_6_2/workspace/mb_usb_hdmi_top/microblaze_0/standalone_microblaze_0/bsp/system.mss
TRACE::2024-11-19.03:17:09::SCWMssOS::bsp generated is stale removing and regenerating. 
TRACE::2024-11-19.03:17:11::SCWMssOS::doing bsp build ... 
TRACE::2024-11-19.03:17:11::SCWMssOS::System Command Ran  C: & cd  C:/Users/curti/OneDrive/Documents/UIUC/ECE-385/Vivado_Projects/lab_6_2/workspace/mb_usb_hdmi_top/microblaze_0/standalone_microblaze_0/bsp & make 
TRACE::2024-11-19.03:17:11::SCWMssOS::make --no-print-directory seq_libs

TRACE::2024-11-19.03:17:11::SCWMssOS::'Finished building libraries sequentially.'

TRACE::2024-11-19.03:17:11::SCWMssOS::make -j 18 --no-print-directory par_libs

TRACE::2024-11-19.03:17:11::SCWMssOS::"Running Make include in microblaze_0/libsrc/bram_v4_8/src"

TRACE::2024-11-19.03:17:11::SCWMssOS::make -C microblaze_0/libsrc/bram_v4_8/src -s include  "SHELL=CMD" "COMPILER=mb-gcc" "ASSEMBLER=mb-as" "ARCHIVER=mb-ar" "COMPILE
TRACE::2024-11-19.03:17:11::SCWMssOS::R_FLAGS=  -O2 -c -mcpu=v11.0 -mlittle-endian -mno-xl-reorder -mno-xl-soft-mul -mxl-barrel-shift -mxl-pattern-compare" "EXTRA_CO
TRACE::2024-11-19.03:17:11::SCWMssOS::MPILER_FLAGS=-g -ffunction-sections -fdata-sections -Wall -Wextra -fno-tree-loop-distribute-patterns"

TRACE::2024-11-19.03:17:11::SCWMssOS::"Running Make include in microblaze_0/libsrc/cpu_v2_16/src"

TRACE::2024-11-19.03:17:11::SCWMssOS::make -C microblaze_0/libsrc/cpu_v2_16/src -s include  "SHELL=CMD" "COMPILER=mb-gcc" "ASSEMBLER=mb-as" "ARCHIVER=mb-ar" "COMPILE
TRACE::2024-11-19.03:17:11::SCWMssOS::R_FLAGS=  -O2 -c -mcpu=v11.0 -mlittle-endian -mno-xl-reorder -mno-xl-soft-mul -mxl-barrel-shift -mxl-pattern-compare" "EXTRA_CO
TRACE::2024-11-19.03:17:11::SCWMssOS::MPILER_FLAGS=-g -ffunction-sections -fdata-sections -Wall -Wextra -fno-tree-loop-distribute-patterns"

TRACE::2024-11-19.03:17:11::SCWMssOS::"Running Make include in microblaze_0/libsrc/gpio_v4_9/src"

TRACE::2024-11-19.03:17:11::SCWMssOS::make -C microblaze_0/libsrc/gpio_v4_9/src -s include  "SHELL=CMD" "COMPILER=mb-gcc" "ASSEMBLER=mb-as" "ARCHIVER=mb-ar" "COMPILE
TRACE::2024-11-19.03:17:11::SCWMssOS::R_FLAGS=  -O2 -c -mcpu=v11.0 -mlittle-endian -mno-xl-reorder -mno-xl-soft-mul -mxl-barrel-shift -mxl-pattern-compare" "EXTRA_CO
TRACE::2024-11-19.03:17:11::SCWMssOS::MPILER_FLAGS=-g -ffunction-sections -fdata-sections -Wall -Wextra -fno-tree-loop-distribute-patterns"

TRACE::2024-11-19.03:17:11::SCWMssOS::"Running Make include in microblaze_0/libsrc/intc_v3_15/src"

TRACE::2024-11-19.03:17:11::SCWMssOS::make -C microblaze_0/libsrc/intc_v3_15/src -s include  "SHELL=CMD" "COMPILER=mb-gcc" "ASSEMBLER=mb-as" "ARCHIVER=mb-ar" "COMPIL
TRACE::2024-11-19.03:17:11::SCWMssOS::ER_FLAGS=  -O2 -c -mcpu=v11.0 -mlittle-endian -mno-xl-reorder -mno-xl-soft-mul -mxl-barrel-shift -mxl-pattern-compare" "EXTRA_C
TRACE::2024-11-19.03:17:11::SCWMssOS::OMPILER_FLAGS=-g -ffunction-sections -fdata-sections -Wall -Wextra -fno-tree-loop-distribute-patterns"

TRACE::2024-11-19.03:17:11::SCWMssOS::"Running Make include in microblaze_0/libsrc/spi_v4_9/src"

TRACE::2024-11-19.03:17:11::SCWMssOS::make -C microblaze_0/libsrc/spi_v4_9/src -s include  "SHELL=CMD" "COMPILER=mb-gcc" "ASSEMBLER=mb-as" "ARCHIVER=mb-ar" "COMPILER
TRACE::2024-11-19.03:17:11::SCWMssOS::_FLAGS=  -O2 -c -mcpu=v11.0 -mlittle-endian -mno-xl-reorder -mno-xl-soft-mul -mxl-barrel-shift -mxl-pattern-compare" "EXTRA_COM
TRACE::2024-11-19.03:17:11::SCWMssOS::PILER_FLAGS=-g -ffunction-sections -fdata-sections -Wall -Wextra -fno-tree-loop-distribute-patterns"

TRACE::2024-11-19.03:17:11::SCWMssOS::"Running Make include in microblaze_0/libsrc/standalone_v8_0/src"

TRACE::2024-11-19.03:17:11::SCWMssOS::make -C microblaze_0/libsrc/standalone_v8_0/src -s include  "SHELL=CMD" "COMPILER=mb-gcc" "ASSEMBLER=mb-as" "ARCHIVER=mb-ar" "C
TRACE::2024-11-19.03:17:11::SCWMssOS::OMPILER_FLAGS=  -O2 -c -mcpu=v11.0 -mlittle-endian -mno-xl-reorder -mno-xl-soft-mul -mxl-barrel-shift -mxl-pattern-compare" "EX
TRACE::2024-11-19.03:17:11::SCWMssOS::TRA_COMPILER_FLAGS=-g -ffunction-sections -fdata-sections -Wall -Wextra -fno-tree-loop-distribute-patterns"

TRACE::2024-11-19.03:17:11::SCWMssOS::"Running Make include in microblaze_0/libsrc/tmrctr_v4_9/src"

TRACE::2024-11-19.03:17:11::SCWMssOS::make -C microblaze_0/libsrc/tmrctr_v4_9/src -s include  "SHELL=CMD" "COMPILER=mb-gcc" "ASSEMBLER=mb-as" "ARCHIVER=mb-ar" "COMPI
TRACE::2024-11-19.03:17:11::SCWMssOS::LER_FLAGS=  -O2 -c -mcpu=v11.0 -mlittle-endian -mno-xl-reorder -mno-xl-soft-mul -mxl-barrel-shift -mxl-pattern-compare" "EXTRA_
TRACE::2024-11-19.03:17:11::SCWMssOS::COMPILER_FLAGS=-g -ffunction-sections -fdata-sections -Wall -Wextra -fno-tree-loop-distribute-patterns"

TRACE::2024-11-19.03:17:11::SCWMssOS::"Running Make include in microblaze_0/libsrc/uartlite_v3_7/src"

TRACE::2024-11-19.03:17:11::SCWMssOS::make -C microblaze_0/libsrc/uartlite_v3_7/src -s include  "SHELL=CMD" "COMPILER=mb-gcc" "ASSEMBLER=mb-as" "ARCHIVER=mb-ar" "COM
TRACE::2024-11-19.03:17:11::SCWMssOS::PILER_FLAGS=  -O2 -c -mcpu=v11.0 -mlittle-endian -mno-xl-reorder -mno-xl-soft-mul -mxl-barrel-shift -mxl-pattern-compare" "EXTR
TRACE::2024-11-19.03:17:11::SCWMssOS::A_COMPILER_FLAGS=-g -ffunction-sections -fdata-sections -Wall -Wextra -fno-tree-loop-distribute-patterns"

TRACE::2024-11-19.03:17:12::SCWMssOS::"Running Make libs in microblaze_0/libsrc/bram_v4_8/src"

TRACE::2024-11-19.03:17:12::SCWMssOS::make -C microblaze_0/libsrc/bram_v4_8/src -s libs  "SHELL=CMD" "COMPILER=mb-gcc" "ASSEMBLER=mb-as" "ARCHIVER=mb-ar" "COMPILER_F
TRACE::2024-11-19.03:17:12::SCWMssOS::LAGS=  -O2 -c -mcpu=v11.0 -mlittle-endian -mno-xl-reorder -mno-xl-soft-mul -mxl-barrel-shift -mxl-pattern-compare" "EXTRA_COMPI
TRACE::2024-11-19.03:17:12::SCWMssOS::LER_FLAGS=-g -ffunction-sections -fdata-sections -Wall -Wextra -fno-tree-loop-distribute-patterns"

TRACE::2024-11-19.03:17:12::SCWMssOS::"Running Make libs in microblaze_0/libsrc/cpu_v2_16/src"

TRACE::2024-11-19.03:17:12::SCWMssOS::make -C microblaze_0/libsrc/cpu_v2_16/src -s libs  "SHELL=CMD" "COMPILER=mb-gcc" "ASSEMBLER=mb-as" "ARCHIVER=mb-ar" "COMPILER_F
TRACE::2024-11-19.03:17:12::SCWMssOS::LAGS=  -O2 -c -mcpu=v11.0 -mlittle-endian -mno-xl-reorder -mno-xl-soft-mul -mxl-barrel-shift -mxl-pattern-compare" "EXTRA_COMPI
TRACE::2024-11-19.03:17:12::SCWMssOS::LER_FLAGS=-g -ffunction-sections -fdata-sections -Wall -Wextra -fno-tree-loop-distribute-patterns"

TRACE::2024-11-19.03:17:12::SCWMssOS::"Running Make libs in microblaze_0/libsrc/gpio_v4_9/src"

TRACE::2024-11-19.03:17:12::SCWMssOS::make -C microblaze_0/libsrc/gpio_v4_9/src -s libs  "SHELL=CMD" "COMPILER=mb-gcc" "ASSEMBLER=mb-as" "ARCHIVER=mb-ar" "COMPILER_F
TRACE::2024-11-19.03:17:12::SCWMssOS::LAGS=  -O2 -c -mcpu=v11.0 -mlittle-endian -mno-xl-reorder -mno-xl-soft-mul -mxl-barrel-shift -mxl-pattern-compare" "EXTRA_COMPI
TRACE::2024-11-19.03:17:12::SCWMssOS::LER_FLAGS=-g -ffunction-sections -fdata-sections -Wall -Wextra -fno-tree-loop-distribute-patterns"

TRACE::2024-11-19.03:17:12::SCWMssOS::"Running Make libs in microblaze_0/libsrc/intc_v3_15/src"

TRACE::2024-11-19.03:17:12::SCWMssOS::make -C microblaze_0/libsrc/intc_v3_15/src -s libs  "SHELL=CMD" "COMPILER=mb-gcc" "ASSEMBLER=mb-as" "ARCHIVER=mb-ar" "COMPILER_
TRACE::2024-11-19.03:17:12::SCWMssOS::FLAGS=  -O2 -c -mcpu=v11.0 -mlittle-endian -mno-xl-reorder -mno-xl-soft-mul -mxl-barrel-shift -mxl-pattern-compare" "EXTRA_COMP
TRACE::2024-11-19.03:17:12::SCWMssOS::ILER_FLAGS=-g -ffunction-sections -fdata-sections -Wall -Wextra -fno-tree-loop-distribute-patterns"

TRACE::2024-11-19.03:17:12::SCWMssOS::"Running Make libs in microblaze_0/libsrc/spi_v4_9/src"

TRACE::2024-11-19.03:17:12::SCWMssOS::make -C microblaze_0/libsrc/spi_v4_9/src -s libs  "SHELL=CMD" "COMPILER=mb-gcc" "ASSEMBLER=mb-as" "ARCHIVER=mb-ar" "COMPILER_FL
TRACE::2024-11-19.03:17:12::SCWMssOS::AGS=  -O2 -c -mcpu=v11.0 -mlittle-endian -mno-xl-reorder -mno-xl-soft-mul -mxl-barrel-shift -mxl-pattern-compare" "EXTRA_COMPIL
TRACE::2024-11-19.03:17:12::SCWMssOS::ER_FLAGS=-g -ffunction-sections -fdata-sections -Wall -Wextra -fno-tree-loop-distribute-patterns"

TRACE::2024-11-19.03:17:12::SCWMssOS::"Running Make libs in microblaze_0/libsrc/standalone_v8_0/src"

TRACE::2024-11-19.03:17:12::SCWMssOS::"Running Make libs in microblaze_0/libsrc/uartlite_v3_7/src"

TRACE::2024-11-19.03:17:12::SCWMssOS::"Running Make libs in microblaze_0/libsrc/tmrctr_v4_9/src"

TRACE::2024-11-19.03:17:12::SCWMssOS::make -C microblaze_0/libsrc/standalone_v8_0/src -s libs  "SHELL=CMD" "COMPILER=mb-gcc" "ASSEMBLER=mb-as" "ARCHIVER=mb-ar" "COMP
TRACE::2024-11-19.03:17:12::SCWMssOS::ILER_FLAGS=  -O2 -c -mcpu=v11.0 -mlittle-endian -mno-xl-reorder -mno-xl-soft-mul -mxl-barrel-shift -mxl-pattern-compare" "EXTRA
TRACE::2024-11-19.03:17:12::SCWMssOS::_COMPILER_FLAGS=-g -ffunction-sections -fdata-sections -Wall -Wextra -fno-tree-loop-distribute-patterns"

TRACE::2024-11-19.03:17:12::SCWMssOS::make -C microblaze_0/libsrc/tmrctr_v4_9/src -s libs  "SHELL=CMD" "COMPILER=mb-gcc" "ASSEMBLER=mb-as" "ARCHIVER=mb-ar" "COMPILER
TRACE::2024-11-19.03:17:12::SCWMssOS::_FLAGS=  -O2 -c -mcpu=v11.0 -mlittle-endian -mno-xl-reorder -mno-xl-soft-mul -mxl-barrel-shift -mxl-pattern-compare" "EXTRA_COM
TRACE::2024-11-19.03:17:12::SCWMssOS::PILER_FLAGS=-g -ffunction-sections -fdata-sections -Wall -Wextra -fno-tree-loop-distribute-patterns"

TRACE::2024-11-19.03:17:12::SCWMssOS::make -C microblaze_0/libsrc/uartlite_v3_7/src -s libs  "SHELL=CMD" "COMPILER=mb-gcc" "ASSEMBLER=mb-as" "ARCHIVER=mb-ar" "COMPIL
TRACE::2024-11-19.03:17:12::SCWMssOS::ER_FLAGS=  -O2 -c -mcpu=v11.0 -mlittle-endian -mno-xl-reorder -mno-xl-soft-mul -mxl-barrel-shift -mxl-pattern-compare" "EXTRA_C
TRACE::2024-11-19.03:17:12::SCWMssOS::OMPILER_FLAGS=-g -ffunction-sections -fdata-sections -Wall -Wextra -fno-tree-loop-distribute-patterns"

TRACE::2024-11-19.03:17:13::SCWMssOS::"DEBUG NON_LTO_OBJECTS is ../../../lib/microblaze_interrupt_handler.o"

TRACE::2024-11-19.03:17:13::SCWMssOS::'Finished building libraries parallelly.'

TRACE::2024-11-19.03:17:13::SCWMssOS::make --no-print-directory archive

TRACE::2024-11-19.03:17:13::SCWMssOS::mb-ar -r  microblaze_0/lib/libxil.a microblaze_0/lib/_exit.o microblaze_0/lib/errno.o microblaze_0/lib/fcntl.o microblaze_0/lib
TRACE::2024-11-19.03:17:13::SCWMssOS::/hw_exception_handler.o microblaze_0/lib/inbyte.o microblaze_0/lib/microblaze_disable_dcache.o microblaze_0/lib/microblaze_disa
TRACE::2024-11-19.03:17:13::SCWMssOS::ble_exceptions.o microblaze_0/lib/microblaze_disable_icache.o microblaze_0/lib/microblaze_disable_interrupts.o microblaze_0/lib
TRACE::2024-11-19.03:17:13::SCWMssOS::/microblaze_enable_dcache.o microblaze_0/lib/microblaze_enable_exceptions.o microblaze_0/lib/microblaze_enable_icache.o microbl
TRACE::2024-11-19.03:17:13::SCWMssOS::aze_0/lib/microblaze_enable_interrupts.o microblaze_0/lib/microblaze_exception_handler.o microblaze_0/lib/microblaze_flush_cach
TRACE::2024-11-19.03:17:13::SCWMssOS::e_ext.o microblaze_0/lib/microblaze_flush_cache_ext_range.o microblaze_0/lib/microblaze_flush_dcache.o microblaze_0/lib/microbl
TRACE::2024-11-19.03:17:13::SCWMssOS::aze_flush_dcache_range.o microblaze_0/lib/microblaze_init_dcache_range.o microblaze_0/lib/microblaze_init_icache_range.o microb
TRACE::2024-11-19.03:17:13::SCWMssOS::laze_0/lib/microblaze_interrupt_handler.o microblaze_0/lib/microblaze_interrupts_g.o microblaze_0/lib/microblaze_invalidate_cac
TRACE::2024-11-19.03:17:13::SCWMssOS::he_ext.o microblaze_0/lib/microblaze_invalidate_cache_ext_range.o microblaze_0/lib/microblaze_invalidate_dcache.o microblaze_0/
TRACE::2024-11-19.03:17:13::SCWMssOS::lib/microblaze_invalidate_dcache_range.o microblaze_0/lib/microblaze_invalidate_icache.o microblaze_0/lib/microblaze_invalidate
TRACE::2024-11-19.03:17:13::SCWMssOS::_icache_range.o microblaze_0/lib/microblaze_scrub.o microblaze_0/lib/microblaze_selftest.o microblaze_0/lib/microblaze_sleep.o 
TRACE::2024-11-19.03:17:13::SCWMssOS::microblaze_0/lib/microblaze_update_dcache.o microblaze_0/lib/microblaze_update_icache.o microblaze_0/lib/outbyte.o microblaze_0
TRACE::2024-11-19.03:17:13::SCWMssOS::/lib/print.o microblaze_0/lib/pvr.o microblaze_0/lib/xbram.o microblaze_0/lib/xbram_g.o microblaze_0/lib/xbram_intr.o microblaz
TRACE::2024-11-19.03:17:13::SCWMssOS::e_0/lib/xbram_selftest.o microblaze_0/lib/xbram_sinit.o microblaze_0/lib/xgpio.o microblaze_0/lib/xgpio_extra.o microblaze_0/li
TRACE::2024-11-19.03:17:13::SCWMssOS::b/xgpio_g.o microblaze_0/lib/xgpio_intr.o microblaze_0/lib/xgpio_selftest.o microblaze_0/lib/xgpio_sinit.o microblaze_0/lib/xil
TRACE::2024-11-19.03:17:13::SCWMssOS::_assert.o microblaze_0/lib/xil_cache.o microblaze_0/lib/xil_clocking.o microblaze_0/lib/xil_exception.o microblaze_0/lib/xil_me
TRACE::2024-11-19.03:17:13::SCWMssOS::m.o microblaze_0/lib/xil_misc_psreset_api.o microblaze_0/lib/xil_printf.o microblaze_0/lib/xil_sleepcommon.o microblaze_0/lib/x
TRACE::2024-11-19.03:17:13::SCWMssOS::il_testcache.o microblaze_0/lib/xil_testio.o microblaze_0/lib/xil_testmem.o microblaze_0/lib/xil_util.o microblaze_0/lib/xintc.
TRACE::2024-11-19.03:17:13::SCWMssOS::o microblaze_0/lib/xintc_g.o microblaze_0/lib/xintc_intr.o microblaze_0/lib/xintc_l.o microblaze_0/lib/xintc_options.o microbla
TRACE::2024-11-19.03:17:13::SCWMssOS::ze_0/lib/xintc_selftest.o microblaze_0/lib/xinterrupt_wrap.o microblaze_0/lib/xio.o microblaze_0/lib/xplatform_info.o microblaz
TRACE::2024-11-19.03:17:13::SCWMssOS::e_0/lib/xspi.o microblaze_0/lib/xspi_g.o microblaze_0/lib/xspi_options.o microblaze_0/lib/xspi_selftest.o microblaze_0/lib/xspi
TRACE::2024-11-19.03:17:13::SCWMssOS::_sinit.o microblaze_0/lib/xspi_stats.o microblaze_0/lib/xtmrctr.o microblaze_0/lib/xtmrctr_g.o microblaze_0/lib/xtmrctr_intr.o 
TRACE::2024-11-19.03:17:13::SCWMssOS::microblaze_0/lib/xtmrctr_l.o microblaze_0/lib/xtmrctr_options.o microblaze_0/lib/xtmrctr_selftest.o microblaze_0/lib/xtmrctr_si
TRACE::2024-11-19.03:17:13::SCWMssOS::nit.o microblaze_0/lib/xtmrctr_stats.o microblaze_0/lib/xuartlite.o microblaze_0/lib/xuartlite_g.o microblaze_0/lib/xuartlite_i
TRACE::2024-11-19.03:17:13::SCWMssOS::ntr.o microblaze_0/lib/xuartlite_l.o microblaze_0/lib/xuartlite_selftest.o microblaze_0/lib/xuartlite_sinit.o microblaze_0/lib/
TRACE::2024-11-19.03:17:13::SCWMssOS::xuartlite_stats.o

TRACE::2024-11-19.03:17:13::SCWMssOS::'Finished building libraries'

TRACE::2024-11-19.03:17:14::SCWMssOS:: Checking if to create the Supporting Applications
TRACE::2024-11-19.03:17:14::SCWMssOS:: No Linux domain exists, trying to generate FSBL 
LOG::2024-11-19.03:17:14::SCWSystem::Completed Processing the domain standalone_microblaze_0
LOG::2024-11-19.03:17:14::SCWSystem::Completed Processing the sysconfig mb_usb_hdmi_top
LOG::2024-11-19.03:17:14::SCWPlatform::Completed generating the artifacts for system configuration mb_usb_hdmi_top
TRACE::2024-11-19.03:17:14::SCWPlatform::Started preparing the platform 
TRACE::2024-11-19.03:17:14::SCWSystem::Writing the bif file for system config mb_usb_hdmi_top
TRACE::2024-11-19.03:17:14::SCWSystem::dir created 
TRACE::2024-11-19.03:17:14::SCWSystem::Writing the bif 
TRACE::2024-11-19.03:17:14::SCWPlatform::Started writing the spfm file 
TRACE::2024-11-19.03:17:14::SCWPlatform::Started writing the xpfm file 
TRACE::2024-11-19.03:17:14::SCWPlatform::Completed generating the platform
TRACE::2024-11-19.03:17:14::SCWMssOS::Saving the mss changes C:/Users/curti/OneDrive/Documents/UIUC/ECE-385/Vivado_Projects/lab_6_2/workspace/mb_usb_hdmi_top/microblaze_0/standalone_microblaze_0/bsp/system.mss
TRACE::2024-11-19.03:17:14::SCWMssOS::Adding the swdes entry, mss present, able to open swdb C:/Users/curti/OneDrive/Documents/UIUC/ECE-385/Vivado_Projects/lab_6_2/workspace/mb_usb_hdmi_top/microblaze_0/standalone_microblaze_0/bsp/system.mss with des name system
TRACE::2024-11-19.03:17:14::SCWMssOS::Writing the mss file completed C:/Users/curti/OneDrive/Documents/UIUC/ECE-385/Vivado_Projects/lab_6_2/workspace/mb_usb_hdmi_top/microblaze_0/standalone_microblaze_0/bsp/system.mss
TRACE::2024-11-19.03:17:14::SCWMssOS::Commit changes completed.
TRACE::2024-11-19.03:17:14::SCWPlatform::Trying to open the hw design at C:/Users/curti/OneDrive/Documents/UIUC/ECE-385/Vivado_Projects/lab_6_2/workspace/mb_usb_hdmi_top/hw/mb_usb_hdmi_top.xsa
TRACE::2024-11-19.03:17:14::SCWPlatform::DSA given C:/Users/curti/OneDrive/Documents/UIUC/ECE-385/Vivado_Projects/lab_6_2/workspace/mb_usb_hdmi_top/hw/mb_usb_hdmi_top.xsa
TRACE::2024-11-19.03:17:14::SCWPlatform::DSA absoulate path C:/Users/curti/OneDrive/Documents/UIUC/ECE-385/Vivado_Projects/lab_6_2/workspace/mb_usb_hdmi_top/hw/mb_usb_hdmi_top.xsa
TRACE::2024-11-19.03:17:14::SCWPlatform::DSA directory C:/Users/curti/OneDrive/Documents/UIUC/ECE-385/Vivado_Projects/lab_6_2/workspace/mb_usb_hdmi_top/hw
TRACE::2024-11-19.03:17:14::SCWPlatform:: Platform Path C:/Users/curti/OneDrive/Documents/UIUC/ECE-385/Vivado_Projects/lab_6_2/workspace/mb_usb_hdmi_top/hw/mb_usb_hdmi_top.xsa
TRACE::2024-11-19.03:17:14::SCWPlatform:: Unique name xilinx:::0.0
TRACE::2024-11-19.03:17:14::SCWPlatform::Trying to set the existing hwdb with name mb_usb_hdmi_top_4
TRACE::2024-11-19.03:17:14::SCWPlatform::Opened existing hwdb mb_usb_hdmi_top_4
TRACE::2024-11-19.03:17:14::SCWPlatform::Found the Hw Db part of the input DSA
TRACE::2024-11-19.03:17:14::SCWMssOS::Checking the sw design at  C:/Users/curti/OneDrive/Documents/UIUC/ECE-385/Vivado_Projects/lab_6_2/workspace/mb_usb_hdmi_top/microblaze_0/standalone_microblaze_0/bsp/system.mss
TRACE::2024-11-19.03:17:14::SCWMssOS::DEBUG:  swdes dump  C:/Users/curti/OneDrive/Documents/UIUC/ECE-385/Vivado_Projects/lab_6_2/workspace/mb_usb_hdmi_top/microblaze_0/standalone_microblaze_0/bsp/system.mss|system||

TRACE::2024-11-19.03:17:14::SCWMssOS::Sw design exists and opened at  C:/Users/curti/OneDrive/Documents/UIUC/ECE-385/Vivado_Projects/lab_6_2/workspace/mb_usb_hdmi_top/microblaze_0/standalone_microblaze_0/bsp/system.mss
TRACE::2024-11-19.03:17:14::SCWWriter::formatted JSON is {
	"platformName":	"mb_usb_hdmi_top",
	"sprVersion":	"2.0",
	"mode":	"gui",
	"dsaType":	"Fixed",
	"platformDesc":	"mb_usb_hdmi_top",
	"platHandOff":	"C:/Users/curti/OneDrive/Documents/UIUC/ECE-385/Vivado_Projects/lab_6_2/mb_usb_hdmi_top.xsa",
	"platIntHandOff":	"<platformDir>/hw/mb_usb_hdmi_top.xsa",
	"deviceType":	"FPGA",
	"platIsPrebuiltAutogen":	"false",
	"platIsNoBootBsp":	"false",
	"hasFsblMakeHasChanges":	"false",
	"hasPmufwMakeHasChanges":	"false",
	"platPreBuiltFlag":	false,
	"platformSamplesDir":	"",
	"platActiveSys":	"mb_usb_hdmi_top",
	"systems":	[{
			"systemName":	"mb_usb_hdmi_top",
			"systemDesc":	"mb_usb_hdmi_top",
			"sysIsBootAutoGen":	"true",
			"systemDispName":	"mb_usb_hdmi_top",
			"sysActiveDom":	"standalone_microblaze_0",
			"sysDefaultDom":	"standalone_microblaze_0",
			"domains":	[{
					"domainName":	"standalone_microblaze_0",
					"domainDispName":	"standalone_microblaze_0",
					"domainDesc":	"standalone_microblaze_0",
					"processors":	"microblaze_0",
					"os":	"standalone",
					"sdxOs":	"standalone",
					"debugEnable":	"False",
					"domRuntimes":	["cpp"],
					"swRepo":	"",
					"mssOsVer":	"8.0",
					"mssFile":	"",
					"md5Digest":	"304529987e879521ca977c68d163f362",
					"compatibleApp":	"",
					"domType":	"mssDomain",
					"arch":	"32-bit",
					"appSettings":	{
						"appCompilerFlags":	"",
						"appLinkerFlags":	""
					},
					"addedLibs":	[],
					"libOptions":	{
						"libsContainingOptions":	[]
					},
					"prebuiltLibs":	{
						"prebuiltIncPath":	[],
						"prebuiltLibPath":	[]
					},
					"isolation":	{
					}
				}]
		}]
}
KEYINFO::2024-11-19.03:17:14::SCWPlatform::updated the xpfm file.
TRACE::2024-11-19.03:17:14::SCWPlatform::Trying to open the hw design at C:/Users/curti/OneDrive/Documents/UIUC/ECE-385/Vivado_Projects/lab_6_2/workspace/mb_usb_hdmi_top/hw/mb_usb_hdmi_top.xsa
TRACE::2024-11-19.03:17:14::SCWPlatform::DSA given C:/Users/curti/OneDrive/Documents/UIUC/ECE-385/Vivado_Projects/lab_6_2/workspace/mb_usb_hdmi_top/hw/mb_usb_hdmi_top.xsa
TRACE::2024-11-19.03:17:14::SCWPlatform::DSA absoulate path C:/Users/curti/OneDrive/Documents/UIUC/ECE-385/Vivado_Projects/lab_6_2/workspace/mb_usb_hdmi_top/hw/mb_usb_hdmi_top.xsa
TRACE::2024-11-19.03:17:14::SCWPlatform::DSA directory C:/Users/curti/OneDrive/Documents/UIUC/ECE-385/Vivado_Projects/lab_6_2/workspace/mb_usb_hdmi_top/hw
TRACE::2024-11-19.03:17:14::SCWPlatform:: Platform Path C:/Users/curti/OneDrive/Documents/UIUC/ECE-385/Vivado_Projects/lab_6_2/workspace/mb_usb_hdmi_top/hw/mb_usb_hdmi_top.xsa
TRACE::2024-11-19.03:17:14::SCWPlatform:: Unique name xilinx:::0.0
TRACE::2024-11-19.03:17:14::SCWPlatform::Trying to set the existing hwdb with name mb_usb_hdmi_top_4
TRACE::2024-11-19.03:17:14::SCWPlatform::Opened existing hwdb mb_usb_hdmi_top_4
TRACE::2024-11-19.03:17:14::SCWPlatform::Found the Hw Db part of the input DSA
TRACE::2024-11-19.03:17:14::SCWMssOS::Checking the sw design at  C:/Users/curti/OneDrive/Documents/UIUC/ECE-385/Vivado_Projects/lab_6_2/workspace/mb_usb_hdmi_top/microblaze_0/standalone_microblaze_0/bsp/system.mss
TRACE::2024-11-19.03:17:14::SCWMssOS::DEBUG:  swdes dump  C:/Users/curti/OneDrive/Documents/UIUC/ECE-385/Vivado_Projects/lab_6_2/workspace/mb_usb_hdmi_top/microblaze_0/standalone_microblaze_0/bsp/system.mss|system||

TRACE::2024-11-19.03:17:14::SCWMssOS::Sw design exists and opened at  C:/Users/curti/OneDrive/Documents/UIUC/ECE-385/Vivado_Projects/lab_6_2/workspace/mb_usb_hdmi_top/microblaze_0/standalone_microblaze_0/bsp/system.mss
TRACE::2024-11-19.03:26:35::SCWPlatform::Clearing the existing platform
TRACE::2024-11-19.03:26:35::SCWSystem::Clearing the existing sysconfig
TRACE::2024-11-19.03:26:35::SCWMssOS::Removing the swdes entry for  C:/Users/curti/OneDrive/Documents/UIUC/ECE-385/Vivado_Projects/lab_6_2/workspace/mb_usb_hdmi_top/microblaze_0/standalone_microblaze_0/bsp/system.mss
TRACE::2024-11-19.03:26:35::SCWSystem::Clearing the domains completed.
TRACE::2024-11-19.03:26:35::SCWPlatform::Clearing the opened hw db.
TRACE::2024-11-19.03:26:35::SCWPlatform::DSA given C:/Users/curti/OneDrive/Documents/UIUC/ECE-385/Vivado_Projects/lab_6_2/workspace/mb_usb_hdmi_top/hw/mb_usb_hdmi_top.xsa
TRACE::2024-11-19.03:26:35::SCWPlatform::DSA absoulate path C:/Users/curti/OneDrive/Documents/UIUC/ECE-385/Vivado_Projects/lab_6_2/workspace/mb_usb_hdmi_top/hw/mb_usb_hdmi_top.xsa
TRACE::2024-11-19.03:26:35::SCWPlatform:: Platform location is C:/Users/curti/OneDrive/Documents/UIUC/ECE-385/Vivado_Projects/lab_6_2/workspace/mb_usb_hdmi_top/hw
TRACE::2024-11-19.03:26:35::SCWPlatform:: Platform Path C:/Users/curti/OneDrive/Documents/UIUC/ECE-385/Vivado_Projects/lab_6_2/workspace/mb_usb_hdmi_top/hw/mb_usb_hdmi_top.xsa
TRACE::2024-11-19.03:26:35::SCWPlatform:: Unique name xilinx:::0.0
TRACE::2024-11-19.03:26:35::SCWPlatform::Removing the HwDB with name C:/Users/curti/OneDrive/Documents/UIUC/ECE-385/Vivado_Projects/lab_6_2/workspace/mb_usb_hdmi_top/hw/mb_usb_hdmi_top.xsa
TRACE::2024-11-19.03:26:35::SCWPlatform::Trying to open the hw design at C:/Users/curti/OneDrive/Documents/UIUC/ECE-385/Vivado_Projects/lab_6_2/workspace/mb_usb_hdmi_top/hw/mb_usb_hdmi_top.xsa
TRACE::2024-11-19.03:26:35::SCWPlatform::DSA given C:/Users/curti/OneDrive/Documents/UIUC/ECE-385/Vivado_Projects/lab_6_2/workspace/mb_usb_hdmi_top/hw/mb_usb_hdmi_top.xsa
TRACE::2024-11-19.03:26:35::SCWPlatform::DSA absoulate path C:/Users/curti/OneDrive/Documents/UIUC/ECE-385/Vivado_Projects/lab_6_2/workspace/mb_usb_hdmi_top/hw/mb_usb_hdmi_top.xsa
TRACE::2024-11-19.03:26:35::SCWPlatform::DSA directory C:/Users/curti/OneDrive/Documents/UIUC/ECE-385/Vivado_Projects/lab_6_2/workspace/mb_usb_hdmi_top/hw
TRACE::2024-11-19.03:26:35::SCWPlatform:: Platform Path C:/Users/curti/OneDrive/Documents/UIUC/ECE-385/Vivado_Projects/lab_6_2/workspace/mb_usb_hdmi_top/hw/mb_usb_hdmi_top.xsa
TRACE::2024-11-19.03:26:35::SCWPlatform:: Unique name xilinx:::0.0
TRACE::2024-11-19.03:26:35::SCWPlatform::Do not have an existing db opened. 
TRACE::2024-11-19.03:26:35::SCWPlatform::Opened new HwDB with name mb_usb_hdmi_top_6
TRACE::2024-11-19.03:26:35::SCWReader::Active system found as  mb_usb_hdmi_top
TRACE::2024-11-19.03:26:35::SCWReader::Handling sysconfig mb_usb_hdmi_top
TRACE::2024-11-19.03:26:35::SCWDomain::checking for install qemu data   : 
TRACE::2024-11-19.03:26:35::SCWPlatform::Trying to open the hw design at C:/Users/curti/OneDrive/Documents/UIUC/ECE-385/Vivado_Projects/lab_6_2/workspace/mb_usb_hdmi_top/hw/mb_usb_hdmi_top.xsa
TRACE::2024-11-19.03:26:35::SCWPlatform::DSA given C:/Users/curti/OneDrive/Documents/UIUC/ECE-385/Vivado_Projects/lab_6_2/workspace/mb_usb_hdmi_top/hw/mb_usb_hdmi_top.xsa
TRACE::2024-11-19.03:26:35::SCWPlatform::DSA absoulate path C:/Users/curti/OneDrive/Documents/UIUC/ECE-385/Vivado_Projects/lab_6_2/workspace/mb_usb_hdmi_top/hw/mb_usb_hdmi_top.xsa
TRACE::2024-11-19.03:26:35::SCWPlatform::DSA directory C:/Users/curti/OneDrive/Documents/UIUC/ECE-385/Vivado_Projects/lab_6_2/workspace/mb_usb_hdmi_top/hw
TRACE::2024-11-19.03:26:35::SCWPlatform:: Platform Path C:/Users/curti/OneDrive/Documents/UIUC/ECE-385/Vivado_Projects/lab_6_2/workspace/mb_usb_hdmi_top/hw/mb_usb_hdmi_top.xsa
TRACE::2024-11-19.03:26:35::SCWPlatform:: Unique name xilinx:::0.0
TRACE::2024-11-19.03:26:35::SCWPlatform::Trying to set the existing hwdb with name mb_usb_hdmi_top_6
TRACE::2024-11-19.03:26:35::SCWPlatform::Opened existing hwdb mb_usb_hdmi_top_6
TRACE::2024-11-19.03:26:35::SCWPlatform::Found the Hw Db part of the input DSA
TRACE::2024-11-19.03:26:35::SCWPlatform::Trying to open the hw design at C:/Users/curti/OneDrive/Documents/UIUC/ECE-385/Vivado_Projects/lab_6_2/workspace/mb_usb_hdmi_top/hw/mb_usb_hdmi_top.xsa
TRACE::2024-11-19.03:26:35::SCWPlatform::DSA given C:/Users/curti/OneDrive/Documents/UIUC/ECE-385/Vivado_Projects/lab_6_2/workspace/mb_usb_hdmi_top/hw/mb_usb_hdmi_top.xsa
TRACE::2024-11-19.03:26:35::SCWPlatform::DSA absoulate path C:/Users/curti/OneDrive/Documents/UIUC/ECE-385/Vivado_Projects/lab_6_2/workspace/mb_usb_hdmi_top/hw/mb_usb_hdmi_top.xsa
TRACE::2024-11-19.03:26:35::SCWPlatform::DSA directory C:/Users/curti/OneDrive/Documents/UIUC/ECE-385/Vivado_Projects/lab_6_2/workspace/mb_usb_hdmi_top/hw
TRACE::2024-11-19.03:26:35::SCWPlatform:: Platform Path C:/Users/curti/OneDrive/Documents/UIUC/ECE-385/Vivado_Projects/lab_6_2/workspace/mb_usb_hdmi_top/hw/mb_usb_hdmi_top.xsa
TRACE::2024-11-19.03:26:35::SCWPlatform:: Unique name xilinx:::0.0
TRACE::2024-11-19.03:26:35::SCWPlatform::Trying to set the existing hwdb with name mb_usb_hdmi_top_6
TRACE::2024-11-19.03:26:35::SCWPlatform::Opened existing hwdb mb_usb_hdmi_top_6
TRACE::2024-11-19.03:26:35::SCWPlatform::Found the Hw Db part of the input DSA
TRACE::2024-11-19.03:26:35::SCWPlatform::Trying to open the hw design at C:/Users/curti/OneDrive/Documents/UIUC/ECE-385/Vivado_Projects/lab_6_2/workspace/mb_usb_hdmi_top/hw/mb_usb_hdmi_top.xsa
TRACE::2024-11-19.03:26:35::SCWPlatform::DSA given C:/Users/curti/OneDrive/Documents/UIUC/ECE-385/Vivado_Projects/lab_6_2/workspace/mb_usb_hdmi_top/hw/mb_usb_hdmi_top.xsa
TRACE::2024-11-19.03:26:35::SCWPlatform::DSA absoulate path C:/Users/curti/OneDrive/Documents/UIUC/ECE-385/Vivado_Projects/lab_6_2/workspace/mb_usb_hdmi_top/hw/mb_usb_hdmi_top.xsa
TRACE::2024-11-19.03:26:35::SCWPlatform::DSA directory C:/Users/curti/OneDrive/Documents/UIUC/ECE-385/Vivado_Projects/lab_6_2/workspace/mb_usb_hdmi_top/hw
TRACE::2024-11-19.03:26:35::SCWPlatform:: Platform Path C:/Users/curti/OneDrive/Documents/UIUC/ECE-385/Vivado_Projects/lab_6_2/workspace/mb_usb_hdmi_top/hw/mb_usb_hdmi_top.xsa
TRACE::2024-11-19.03:26:35::SCWPlatform:: Unique name xilinx:::0.0
TRACE::2024-11-19.03:26:35::SCWPlatform::Trying to set the existing hwdb with name mb_usb_hdmi_top_6
TRACE::2024-11-19.03:26:35::SCWPlatform::Opened existing hwdb mb_usb_hdmi_top_6
TRACE::2024-11-19.03:26:35::SCWPlatform::Found the Hw Db part of the input DSA
TRACE::2024-11-19.03:26:35::SCWPlatform::Trying to open the hw design at C:/Users/curti/OneDrive/Documents/UIUC/ECE-385/Vivado_Projects/lab_6_2/workspace/mb_usb_hdmi_top/hw/mb_usb_hdmi_top.xsa
TRACE::2024-11-19.03:26:35::SCWPlatform::DSA given C:/Users/curti/OneDrive/Documents/UIUC/ECE-385/Vivado_Projects/lab_6_2/workspace/mb_usb_hdmi_top/hw/mb_usb_hdmi_top.xsa
TRACE::2024-11-19.03:26:35::SCWPlatform::DSA absoulate path C:/Users/curti/OneDrive/Documents/UIUC/ECE-385/Vivado_Projects/lab_6_2/workspace/mb_usb_hdmi_top/hw/mb_usb_hdmi_top.xsa
TRACE::2024-11-19.03:26:35::SCWPlatform::DSA directory C:/Users/curti/OneDrive/Documents/UIUC/ECE-385/Vivado_Projects/lab_6_2/workspace/mb_usb_hdmi_top/hw
TRACE::2024-11-19.03:26:35::SCWPlatform:: Platform Path C:/Users/curti/OneDrive/Documents/UIUC/ECE-385/Vivado_Projects/lab_6_2/workspace/mb_usb_hdmi_top/hw/mb_usb_hdmi_top.xsa
TRACE::2024-11-19.03:26:35::SCWPlatform:: Unique name xilinx:::0.0
TRACE::2024-11-19.03:26:35::SCWPlatform::Trying to set the existing hwdb with name mb_usb_hdmi_top_6
TRACE::2024-11-19.03:26:35::SCWPlatform::Opened existing hwdb mb_usb_hdmi_top_6
TRACE::2024-11-19.03:26:35::SCWPlatform::Found the Hw Db part of the input DSA
TRACE::2024-11-19.03:26:35::SCWMssOS::Checking the sw design at  C:/Users/curti/OneDrive/Documents/UIUC/ECE-385/Vivado_Projects/lab_6_2/workspace/mb_usb_hdmi_top/microblaze_0/standalone_microblaze_0/bsp/system.mss
TRACE::2024-11-19.03:26:35::SCWMssOS::DEBUG:  swdes dump  
TRACE::2024-11-19.03:26:35::SCWMssOS::No sw design opened at  C:/Users/curti/OneDrive/Documents/UIUC/ECE-385/Vivado_Projects/lab_6_2/workspace/mb_usb_hdmi_top/microblaze_0/standalone_microblaze_0/bsp/system.mss
TRACE::2024-11-19.03:26:35::SCWMssOS::mss exists loading the mss file  C:/Users/curti/OneDrive/Documents/UIUC/ECE-385/Vivado_Projects/lab_6_2/workspace/mb_usb_hdmi_top/microblaze_0/standalone_microblaze_0/bsp/system.mss
TRACE::2024-11-19.03:26:35::SCWMssOS::Opened the sw design from mss  C:/Users/curti/OneDrive/Documents/UIUC/ECE-385/Vivado_Projects/lab_6_2/workspace/mb_usb_hdmi_top/microblaze_0/standalone_microblaze_0/bsp/system.mss
TRACE::2024-11-19.03:26:35::SCWMssOS::Adding the swdes entry C:/Users/curti/OneDrive/Documents/UIUC/ECE-385/Vivado_Projects/lab_6_2/workspace/mb_usb_hdmi_top/microblaze_0/standalone_microblaze_0/bsp/system.mss with des name system
TRACE::2024-11-19.03:26:35::SCWMssOS::updating the scw layer about changes
TRACE::2024-11-19.03:26:35::SCWMssOS::Opened the sw design.  C:/Users/curti/OneDrive/Documents/UIUC/ECE-385/Vivado_Projects/lab_6_2/workspace/mb_usb_hdmi_top/microblaze_0/standalone_microblaze_0/bsp/system.mss
TRACE::2024-11-19.03:26:35::SCWMssOS::Saving the mss changes C:/Users/curti/OneDrive/Documents/UIUC/ECE-385/Vivado_Projects/lab_6_2/workspace/mb_usb_hdmi_top/microblaze_0/standalone_microblaze_0/bsp/system.mss
TRACE::2024-11-19.03:26:35::SCWMssOS::Found a swdesign opened with the mssfile.
TRACE::2024-11-19.03:26:35::SCWMssOS::Completed writemss as part of save.
TRACE::2024-11-19.03:26:35::SCWMssOS::Commit changes completed.
TRACE::2024-11-19.03:26:35::SCWReader::Adding prebuilt librarypaths as   
TRACE::2024-11-19.03:26:35::SCWReader::Adding prebuilt incpaths  as   
TRACE::2024-11-19.03:26:35::SCWPlatform::Trying to open the hw design at C:/Users/curti/OneDrive/Documents/UIUC/ECE-385/Vivado_Projects/lab_6_2/workspace/mb_usb_hdmi_top/hw/mb_usb_hdmi_top.xsa
TRACE::2024-11-19.03:26:35::SCWPlatform::DSA given C:/Users/curti/OneDrive/Documents/UIUC/ECE-385/Vivado_Projects/lab_6_2/workspace/mb_usb_hdmi_top/hw/mb_usb_hdmi_top.xsa
TRACE::2024-11-19.03:26:35::SCWPlatform::DSA absoulate path C:/Users/curti/OneDrive/Documents/UIUC/ECE-385/Vivado_Projects/lab_6_2/workspace/mb_usb_hdmi_top/hw/mb_usb_hdmi_top.xsa
TRACE::2024-11-19.03:26:35::SCWPlatform::DSA directory C:/Users/curti/OneDrive/Documents/UIUC/ECE-385/Vivado_Projects/lab_6_2/workspace/mb_usb_hdmi_top/hw
TRACE::2024-11-19.03:26:35::SCWPlatform:: Platform Path C:/Users/curti/OneDrive/Documents/UIUC/ECE-385/Vivado_Projects/lab_6_2/workspace/mb_usb_hdmi_top/hw/mb_usb_hdmi_top.xsa
TRACE::2024-11-19.03:26:35::SCWPlatform:: Unique name xilinx:::0.0
TRACE::2024-11-19.03:26:35::SCWPlatform::Trying to set the existing hwdb with name mb_usb_hdmi_top_6
TRACE::2024-11-19.03:26:35::SCWPlatform::Opened existing hwdb mb_usb_hdmi_top_6
TRACE::2024-11-19.03:26:35::SCWPlatform::Found the Hw Db part of the input DSA
TRACE::2024-11-19.03:26:35::SCWMssOS::Checking the sw design at  C:/Users/curti/OneDrive/Documents/UIUC/ECE-385/Vivado_Projects/lab_6_2/workspace/mb_usb_hdmi_top/microblaze_0/standalone_microblaze_0/bsp/system.mss
TRACE::2024-11-19.03:26:35::SCWMssOS::DEBUG:  swdes dump  C:/Users/curti/OneDrive/Documents/UIUC/ECE-385/Vivado_Projects/lab_6_2/workspace/mb_usb_hdmi_top/microblaze_0/standalone_microblaze_0/bsp/system.mss|system||

TRACE::2024-11-19.03:26:35::SCWMssOS::Sw design exists and opened at  C:/Users/curti/OneDrive/Documents/UIUC/ECE-385/Vivado_Projects/lab_6_2/workspace/mb_usb_hdmi_top/microblaze_0/standalone_microblaze_0/bsp/system.mss
TRACE::2024-11-19.03:26:35::SCWReader::No isolation master present  
TRACE::2024-11-19.03:26:48::SCWPlatform::Clearing the existing platform
TRACE::2024-11-19.03:26:48::SCWSystem::Clearing the existing sysconfig
TRACE::2024-11-19.03:26:48::SCWMssOS::Removing the swdes entry for  C:/Users/curti/OneDrive/Documents/UIUC/ECE-385/Vivado_Projects/lab_6_2/workspace/mb_usb_hdmi_top/microblaze_0/standalone_microblaze_0/bsp/system.mss
TRACE::2024-11-19.03:26:48::SCWSystem::Clearing the domains completed.
TRACE::2024-11-19.03:26:48::SCWPlatform::Clearing the opened hw db.
TRACE::2024-11-19.03:26:48::SCWPlatform::DSA given C:/Users/curti/OneDrive/Documents/UIUC/ECE-385/Vivado_Projects/lab_6_2/workspace/mb_usb_hdmi_top/hw/mb_usb_hdmi_top.xsa
TRACE::2024-11-19.03:26:48::SCWPlatform::DSA absoulate path C:/Users/curti/OneDrive/Documents/UIUC/ECE-385/Vivado_Projects/lab_6_2/workspace/mb_usb_hdmi_top/hw/mb_usb_hdmi_top.xsa
TRACE::2024-11-19.03:26:48::SCWPlatform:: Platform location is C:/Users/curti/OneDrive/Documents/UIUC/ECE-385/Vivado_Projects/lab_6_2/workspace/mb_usb_hdmi_top/hw
TRACE::2024-11-19.03:26:48::SCWPlatform:: Platform Path C:/Users/curti/OneDrive/Documents/UIUC/ECE-385/Vivado_Projects/lab_6_2/workspace/mb_usb_hdmi_top/hw/mb_usb_hdmi_top.xsa
TRACE::2024-11-19.03:26:48::SCWPlatform:: Unique name xilinx:::0.0
TRACE::2024-11-19.03:26:48::SCWPlatform::Removing the HwDB with name C:/Users/curti/OneDrive/Documents/UIUC/ECE-385/Vivado_Projects/lab_6_2/workspace/mb_usb_hdmi_top/hw/mb_usb_hdmi_top.xsa
TRACE::2024-11-19.03:26:48::SCWPlatform::Trying to open the hw design at C:/Users/curti/OneDrive/Documents/UIUC/ECE-385/Vivado_Projects/lab_6_2/workspace/mb_usb_hdmi_top/hw/mb_usb_hdmi_top.xsa
TRACE::2024-11-19.03:26:48::SCWPlatform::DSA given C:/Users/curti/OneDrive/Documents/UIUC/ECE-385/Vivado_Projects/lab_6_2/workspace/mb_usb_hdmi_top/hw/mb_usb_hdmi_top.xsa
TRACE::2024-11-19.03:26:48::SCWPlatform::DSA absoulate path C:/Users/curti/OneDrive/Documents/UIUC/ECE-385/Vivado_Projects/lab_6_2/workspace/mb_usb_hdmi_top/hw/mb_usb_hdmi_top.xsa
TRACE::2024-11-19.03:26:48::SCWPlatform::DSA directory C:/Users/curti/OneDrive/Documents/UIUC/ECE-385/Vivado_Projects/lab_6_2/workspace/mb_usb_hdmi_top/hw
TRACE::2024-11-19.03:26:48::SCWPlatform:: Platform Path C:/Users/curti/OneDrive/Documents/UIUC/ECE-385/Vivado_Projects/lab_6_2/workspace/mb_usb_hdmi_top/hw/mb_usb_hdmi_top.xsa
TRACE::2024-11-19.03:26:48::SCWPlatform:: Unique name xilinx:::0.0
TRACE::2024-11-19.03:26:48::SCWPlatform::Do not have an existing db opened. 
TRACE::2024-11-19.03:26:48::SCWPlatform::Opened new HwDB with name mb_usb_hdmi_top_7
TRACE::2024-11-19.03:26:48::SCWReader::Active system found as  mb_usb_hdmi_top
TRACE::2024-11-19.03:26:48::SCWReader::Handling sysconfig mb_usb_hdmi_top
TRACE::2024-11-19.03:26:48::SCWDomain::checking for install qemu data   : 
TRACE::2024-11-19.03:26:48::SCWPlatform::Trying to open the hw design at C:/Users/curti/OneDrive/Documents/UIUC/ECE-385/Vivado_Projects/lab_6_2/workspace/mb_usb_hdmi_top/hw/mb_usb_hdmi_top.xsa
TRACE::2024-11-19.03:26:48::SCWPlatform::DSA given C:/Users/curti/OneDrive/Documents/UIUC/ECE-385/Vivado_Projects/lab_6_2/workspace/mb_usb_hdmi_top/hw/mb_usb_hdmi_top.xsa
TRACE::2024-11-19.03:26:48::SCWPlatform::DSA absoulate path C:/Users/curti/OneDrive/Documents/UIUC/ECE-385/Vivado_Projects/lab_6_2/workspace/mb_usb_hdmi_top/hw/mb_usb_hdmi_top.xsa
TRACE::2024-11-19.03:26:48::SCWPlatform::DSA directory C:/Users/curti/OneDrive/Documents/UIUC/ECE-385/Vivado_Projects/lab_6_2/workspace/mb_usb_hdmi_top/hw
TRACE::2024-11-19.03:26:48::SCWPlatform:: Platform Path C:/Users/curti/OneDrive/Documents/UIUC/ECE-385/Vivado_Projects/lab_6_2/workspace/mb_usb_hdmi_top/hw/mb_usb_hdmi_top.xsa
TRACE::2024-11-19.03:26:48::SCWPlatform:: Unique name xilinx:::0.0
TRACE::2024-11-19.03:26:48::SCWPlatform::Trying to set the existing hwdb with name mb_usb_hdmi_top_7
TRACE::2024-11-19.03:26:48::SCWPlatform::Opened existing hwdb mb_usb_hdmi_top_7
TRACE::2024-11-19.03:26:48::SCWPlatform::Found the Hw Db part of the input DSA
TRACE::2024-11-19.03:26:48::SCWPlatform::Trying to open the hw design at C:/Users/curti/OneDrive/Documents/UIUC/ECE-385/Vivado_Projects/lab_6_2/workspace/mb_usb_hdmi_top/hw/mb_usb_hdmi_top.xsa
TRACE::2024-11-19.03:26:48::SCWPlatform::DSA given C:/Users/curti/OneDrive/Documents/UIUC/ECE-385/Vivado_Projects/lab_6_2/workspace/mb_usb_hdmi_top/hw/mb_usb_hdmi_top.xsa
TRACE::2024-11-19.03:26:48::SCWPlatform::DSA absoulate path C:/Users/curti/OneDrive/Documents/UIUC/ECE-385/Vivado_Projects/lab_6_2/workspace/mb_usb_hdmi_top/hw/mb_usb_hdmi_top.xsa
TRACE::2024-11-19.03:26:48::SCWPlatform::DSA directory C:/Users/curti/OneDrive/Documents/UIUC/ECE-385/Vivado_Projects/lab_6_2/workspace/mb_usb_hdmi_top/hw
TRACE::2024-11-19.03:26:48::SCWPlatform:: Platform Path C:/Users/curti/OneDrive/Documents/UIUC/ECE-385/Vivado_Projects/lab_6_2/workspace/mb_usb_hdmi_top/hw/mb_usb_hdmi_top.xsa
TRACE::2024-11-19.03:26:48::SCWPlatform:: Unique name xilinx:::0.0
TRACE::2024-11-19.03:26:48::SCWPlatform::Trying to set the existing hwdb with name mb_usb_hdmi_top_7
TRACE::2024-11-19.03:26:48::SCWPlatform::Opened existing hwdb mb_usb_hdmi_top_7
TRACE::2024-11-19.03:26:48::SCWPlatform::Found the Hw Db part of the input DSA
TRACE::2024-11-19.03:26:48::SCWPlatform::Trying to open the hw design at C:/Users/curti/OneDrive/Documents/UIUC/ECE-385/Vivado_Projects/lab_6_2/workspace/mb_usb_hdmi_top/hw/mb_usb_hdmi_top.xsa
TRACE::2024-11-19.03:26:48::SCWPlatform::DSA given C:/Users/curti/OneDrive/Documents/UIUC/ECE-385/Vivado_Projects/lab_6_2/workspace/mb_usb_hdmi_top/hw/mb_usb_hdmi_top.xsa
TRACE::2024-11-19.03:26:48::SCWPlatform::DSA absoulate path C:/Users/curti/OneDrive/Documents/UIUC/ECE-385/Vivado_Projects/lab_6_2/workspace/mb_usb_hdmi_top/hw/mb_usb_hdmi_top.xsa
TRACE::2024-11-19.03:26:48::SCWPlatform::DSA directory C:/Users/curti/OneDrive/Documents/UIUC/ECE-385/Vivado_Projects/lab_6_2/workspace/mb_usb_hdmi_top/hw
TRACE::2024-11-19.03:26:48::SCWPlatform:: Platform Path C:/Users/curti/OneDrive/Documents/UIUC/ECE-385/Vivado_Projects/lab_6_2/workspace/mb_usb_hdmi_top/hw/mb_usb_hdmi_top.xsa
TRACE::2024-11-19.03:26:48::SCWPlatform:: Unique name xilinx:::0.0
TRACE::2024-11-19.03:26:48::SCWPlatform::Trying to set the existing hwdb with name mb_usb_hdmi_top_7
TRACE::2024-11-19.03:26:48::SCWPlatform::Opened existing hwdb mb_usb_hdmi_top_7
TRACE::2024-11-19.03:26:48::SCWPlatform::Found the Hw Db part of the input DSA
TRACE::2024-11-19.03:26:48::SCWPlatform::Trying to open the hw design at C:/Users/curti/OneDrive/Documents/UIUC/ECE-385/Vivado_Projects/lab_6_2/workspace/mb_usb_hdmi_top/hw/mb_usb_hdmi_top.xsa
TRACE::2024-11-19.03:26:48::SCWPlatform::DSA given C:/Users/curti/OneDrive/Documents/UIUC/ECE-385/Vivado_Projects/lab_6_2/workspace/mb_usb_hdmi_top/hw/mb_usb_hdmi_top.xsa
TRACE::2024-11-19.03:26:48::SCWPlatform::DSA absoulate path C:/Users/curti/OneDrive/Documents/UIUC/ECE-385/Vivado_Projects/lab_6_2/workspace/mb_usb_hdmi_top/hw/mb_usb_hdmi_top.xsa
TRACE::2024-11-19.03:26:48::SCWPlatform::DSA directory C:/Users/curti/OneDrive/Documents/UIUC/ECE-385/Vivado_Projects/lab_6_2/workspace/mb_usb_hdmi_top/hw
TRACE::2024-11-19.03:26:48::SCWPlatform:: Platform Path C:/Users/curti/OneDrive/Documents/UIUC/ECE-385/Vivado_Projects/lab_6_2/workspace/mb_usb_hdmi_top/hw/mb_usb_hdmi_top.xsa
TRACE::2024-11-19.03:26:48::SCWPlatform:: Unique name xilinx:::0.0
TRACE::2024-11-19.03:26:48::SCWPlatform::Trying to set the existing hwdb with name mb_usb_hdmi_top_7
TRACE::2024-11-19.03:26:48::SCWPlatform::Opened existing hwdb mb_usb_hdmi_top_7
TRACE::2024-11-19.03:26:48::SCWPlatform::Found the Hw Db part of the input DSA
TRACE::2024-11-19.03:26:48::SCWMssOS::Checking the sw design at  C:/Users/curti/OneDrive/Documents/UIUC/ECE-385/Vivado_Projects/lab_6_2/workspace/mb_usb_hdmi_top/microblaze_0/standalone_microblaze_0/bsp/system.mss
TRACE::2024-11-19.03:26:48::SCWMssOS::DEBUG:  swdes dump  
TRACE::2024-11-19.03:26:48::SCWMssOS::No sw design opened at  C:/Users/curti/OneDrive/Documents/UIUC/ECE-385/Vivado_Projects/lab_6_2/workspace/mb_usb_hdmi_top/microblaze_0/standalone_microblaze_0/bsp/system.mss
TRACE::2024-11-19.03:26:48::SCWMssOS::mss exists loading the mss file  C:/Users/curti/OneDrive/Documents/UIUC/ECE-385/Vivado_Projects/lab_6_2/workspace/mb_usb_hdmi_top/microblaze_0/standalone_microblaze_0/bsp/system.mss
TRACE::2024-11-19.03:26:48::SCWMssOS::Opened the sw design from mss  C:/Users/curti/OneDrive/Documents/UIUC/ECE-385/Vivado_Projects/lab_6_2/workspace/mb_usb_hdmi_top/microblaze_0/standalone_microblaze_0/bsp/system.mss
TRACE::2024-11-19.03:26:48::SCWMssOS::Adding the swdes entry C:/Users/curti/OneDrive/Documents/UIUC/ECE-385/Vivado_Projects/lab_6_2/workspace/mb_usb_hdmi_top/microblaze_0/standalone_microblaze_0/bsp/system.mss with des name system
TRACE::2024-11-19.03:26:48::SCWMssOS::updating the scw layer about changes
TRACE::2024-11-19.03:26:48::SCWMssOS::Opened the sw design.  C:/Users/curti/OneDrive/Documents/UIUC/ECE-385/Vivado_Projects/lab_6_2/workspace/mb_usb_hdmi_top/microblaze_0/standalone_microblaze_0/bsp/system.mss
TRACE::2024-11-19.03:26:48::SCWMssOS::Saving the mss changes C:/Users/curti/OneDrive/Documents/UIUC/ECE-385/Vivado_Projects/lab_6_2/workspace/mb_usb_hdmi_top/microblaze_0/standalone_microblaze_0/bsp/system.mss
TRACE::2024-11-19.03:26:48::SCWMssOS::Found a swdesign opened with the mssfile.
TRACE::2024-11-19.03:26:48::SCWMssOS::Completed writemss as part of save.
TRACE::2024-11-19.03:26:48::SCWMssOS::Commit changes completed.
TRACE::2024-11-19.03:26:48::SCWReader::Adding prebuilt librarypaths as   
TRACE::2024-11-19.03:26:48::SCWReader::Adding prebuilt incpaths  as   
TRACE::2024-11-19.03:26:48::SCWPlatform::Trying to open the hw design at C:/Users/curti/OneDrive/Documents/UIUC/ECE-385/Vivado_Projects/lab_6_2/workspace/mb_usb_hdmi_top/hw/mb_usb_hdmi_top.xsa
TRACE::2024-11-19.03:26:48::SCWPlatform::DSA given C:/Users/curti/OneDrive/Documents/UIUC/ECE-385/Vivado_Projects/lab_6_2/workspace/mb_usb_hdmi_top/hw/mb_usb_hdmi_top.xsa
TRACE::2024-11-19.03:26:48::SCWPlatform::DSA absoulate path C:/Users/curti/OneDrive/Documents/UIUC/ECE-385/Vivado_Projects/lab_6_2/workspace/mb_usb_hdmi_top/hw/mb_usb_hdmi_top.xsa
TRACE::2024-11-19.03:26:48::SCWPlatform::DSA directory C:/Users/curti/OneDrive/Documents/UIUC/ECE-385/Vivado_Projects/lab_6_2/workspace/mb_usb_hdmi_top/hw
TRACE::2024-11-19.03:26:48::SCWPlatform:: Platform Path C:/Users/curti/OneDrive/Documents/UIUC/ECE-385/Vivado_Projects/lab_6_2/workspace/mb_usb_hdmi_top/hw/mb_usb_hdmi_top.xsa
TRACE::2024-11-19.03:26:48::SCWPlatform:: Unique name xilinx:::0.0
TRACE::2024-11-19.03:26:48::SCWPlatform::Trying to set the existing hwdb with name mb_usb_hdmi_top_7
TRACE::2024-11-19.03:26:48::SCWPlatform::Opened existing hwdb mb_usb_hdmi_top_7
TRACE::2024-11-19.03:26:48::SCWPlatform::Found the Hw Db part of the input DSA
TRACE::2024-11-19.03:26:48::SCWMssOS::Checking the sw design at  C:/Users/curti/OneDrive/Documents/UIUC/ECE-385/Vivado_Projects/lab_6_2/workspace/mb_usb_hdmi_top/microblaze_0/standalone_microblaze_0/bsp/system.mss
TRACE::2024-11-19.03:26:48::SCWMssOS::DEBUG:  swdes dump  C:/Users/curti/OneDrive/Documents/UIUC/ECE-385/Vivado_Projects/lab_6_2/workspace/mb_usb_hdmi_top/microblaze_0/standalone_microblaze_0/bsp/system.mss|system||

TRACE::2024-11-19.03:26:48::SCWMssOS::Sw design exists and opened at  C:/Users/curti/OneDrive/Documents/UIUC/ECE-385/Vivado_Projects/lab_6_2/workspace/mb_usb_hdmi_top/microblaze_0/standalone_microblaze_0/bsp/system.mss
TRACE::2024-11-19.03:26:48::SCWReader::No isolation master present  
TRACE::2024-11-19.03:27:22::SCWPlatform::Trying to open the hw design at C:/Users/curti/OneDrive/Documents/UIUC/ECE-385/Vivado_Projects/lab_6_2/workspace/mb_usb_hdmi_top/hw/mb_usb_hdmi_top.xsa
TRACE::2024-11-19.03:27:22::SCWPlatform::DSA given C:/Users/curti/OneDrive/Documents/UIUC/ECE-385/Vivado_Projects/lab_6_2/workspace/mb_usb_hdmi_top/hw/mb_usb_hdmi_top.xsa
TRACE::2024-11-19.03:27:22::SCWPlatform::DSA absoulate path C:/Users/curti/OneDrive/Documents/UIUC/ECE-385/Vivado_Projects/lab_6_2/workspace/mb_usb_hdmi_top/hw/mb_usb_hdmi_top.xsa
TRACE::2024-11-19.03:27:22::SCWPlatform::DSA directory C:/Users/curti/OneDrive/Documents/UIUC/ECE-385/Vivado_Projects/lab_6_2/workspace/mb_usb_hdmi_top/hw
TRACE::2024-11-19.03:27:22::SCWPlatform:: Platform Path C:/Users/curti/OneDrive/Documents/UIUC/ECE-385/Vivado_Projects/lab_6_2/workspace/mb_usb_hdmi_top/hw/mb_usb_hdmi_top.xsa
TRACE::2024-11-19.03:27:22::SCWPlatform:: Unique name xilinx:::0.0
TRACE::2024-11-19.03:27:22::SCWPlatform::Do not have an existing db opened. 
TRACE::2024-11-19.03:27:23::SCWPlatform::Opened new HwDB with name mb_usb_hdmi_top
TRACE::2024-11-19.03:27:23::SCWReader::Active system found as  mb_usb_hdmi_top
TRACE::2024-11-19.03:27:23::SCWReader::Handling sysconfig mb_usb_hdmi_top
TRACE::2024-11-19.03:27:23::SCWDomain::checking for install qemu data   : 
TRACE::2024-11-19.03:27:23::SCWPlatform::Trying to open the hw design at C:/Users/curti/OneDrive/Documents/UIUC/ECE-385/Vivado_Projects/lab_6_2/workspace/mb_usb_hdmi_top/hw/mb_usb_hdmi_top.xsa
TRACE::2024-11-19.03:27:23::SCWPlatform::DSA given C:/Users/curti/OneDrive/Documents/UIUC/ECE-385/Vivado_Projects/lab_6_2/workspace/mb_usb_hdmi_top/hw/mb_usb_hdmi_top.xsa
TRACE::2024-11-19.03:27:23::SCWPlatform::DSA absoulate path C:/Users/curti/OneDrive/Documents/UIUC/ECE-385/Vivado_Projects/lab_6_2/workspace/mb_usb_hdmi_top/hw/mb_usb_hdmi_top.xsa
TRACE::2024-11-19.03:27:23::SCWPlatform::DSA directory C:/Users/curti/OneDrive/Documents/UIUC/ECE-385/Vivado_Projects/lab_6_2/workspace/mb_usb_hdmi_top/hw
TRACE::2024-11-19.03:27:23::SCWPlatform:: Platform Path C:/Users/curti/OneDrive/Documents/UIUC/ECE-385/Vivado_Projects/lab_6_2/workspace/mb_usb_hdmi_top/hw/mb_usb_hdmi_top.xsa
TRACE::2024-11-19.03:27:23::SCWPlatform:: Unique name xilinx:::0.0
TRACE::2024-11-19.03:27:23::SCWPlatform::Trying to set the existing hwdb with name mb_usb_hdmi_top
TRACE::2024-11-19.03:27:23::SCWPlatform::Opened existing hwdb mb_usb_hdmi_top
TRACE::2024-11-19.03:27:23::SCWPlatform::Found the Hw Db part of the input DSA
TRACE::2024-11-19.03:27:23::SCWPlatform::Trying to open the hw design at C:/Users/curti/OneDrive/Documents/UIUC/ECE-385/Vivado_Projects/lab_6_2/workspace/mb_usb_hdmi_top/hw/mb_usb_hdmi_top.xsa
TRACE::2024-11-19.03:27:23::SCWPlatform::DSA given C:/Users/curti/OneDrive/Documents/UIUC/ECE-385/Vivado_Projects/lab_6_2/workspace/mb_usb_hdmi_top/hw/mb_usb_hdmi_top.xsa
TRACE::2024-11-19.03:27:23::SCWPlatform::DSA absoulate path C:/Users/curti/OneDrive/Documents/UIUC/ECE-385/Vivado_Projects/lab_6_2/workspace/mb_usb_hdmi_top/hw/mb_usb_hdmi_top.xsa
TRACE::2024-11-19.03:27:23::SCWPlatform::DSA directory C:/Users/curti/OneDrive/Documents/UIUC/ECE-385/Vivado_Projects/lab_6_2/workspace/mb_usb_hdmi_top/hw
TRACE::2024-11-19.03:27:23::SCWPlatform:: Platform Path C:/Users/curti/OneDrive/Documents/UIUC/ECE-385/Vivado_Projects/lab_6_2/workspace/mb_usb_hdmi_top/hw/mb_usb_hdmi_top.xsa
TRACE::2024-11-19.03:27:23::SCWPlatform:: Unique name xilinx:::0.0
TRACE::2024-11-19.03:27:23::SCWPlatform::Trying to set the existing hwdb with name mb_usb_hdmi_top
TRACE::2024-11-19.03:27:23::SCWPlatform::Opened existing hwdb mb_usb_hdmi_top
TRACE::2024-11-19.03:27:23::SCWPlatform::Found the Hw Db part of the input DSA
TRACE::2024-11-19.03:27:23::SCWPlatform::Trying to open the hw design at C:/Users/curti/OneDrive/Documents/UIUC/ECE-385/Vivado_Projects/lab_6_2/workspace/mb_usb_hdmi_top/hw/mb_usb_hdmi_top.xsa
TRACE::2024-11-19.03:27:23::SCWPlatform::DSA given C:/Users/curti/OneDrive/Documents/UIUC/ECE-385/Vivado_Projects/lab_6_2/workspace/mb_usb_hdmi_top/hw/mb_usb_hdmi_top.xsa
TRACE::2024-11-19.03:27:23::SCWPlatform::DSA absoulate path C:/Users/curti/OneDrive/Documents/UIUC/ECE-385/Vivado_Projects/lab_6_2/workspace/mb_usb_hdmi_top/hw/mb_usb_hdmi_top.xsa
TRACE::2024-11-19.03:27:23::SCWPlatform::DSA directory C:/Users/curti/OneDrive/Documents/UIUC/ECE-385/Vivado_Projects/lab_6_2/workspace/mb_usb_hdmi_top/hw
TRACE::2024-11-19.03:27:23::SCWPlatform:: Platform Path C:/Users/curti/OneDrive/Documents/UIUC/ECE-385/Vivado_Projects/lab_6_2/workspace/mb_usb_hdmi_top/hw/mb_usb_hdmi_top.xsa
TRACE::2024-11-19.03:27:23::SCWPlatform:: Unique name xilinx:::0.0
TRACE::2024-11-19.03:27:23::SCWPlatform::Trying to set the existing hwdb with name mb_usb_hdmi_top
TRACE::2024-11-19.03:27:23::SCWPlatform::Opened existing hwdb mb_usb_hdmi_top
TRACE::2024-11-19.03:27:23::SCWPlatform::Found the Hw Db part of the input DSA
TRACE::2024-11-19.03:27:23::SCWPlatform::Trying to open the hw design at C:/Users/curti/OneDrive/Documents/UIUC/ECE-385/Vivado_Projects/lab_6_2/workspace/mb_usb_hdmi_top/hw/mb_usb_hdmi_top.xsa
TRACE::2024-11-19.03:27:23::SCWPlatform::DSA given C:/Users/curti/OneDrive/Documents/UIUC/ECE-385/Vivado_Projects/lab_6_2/workspace/mb_usb_hdmi_top/hw/mb_usb_hdmi_top.xsa
TRACE::2024-11-19.03:27:23::SCWPlatform::DSA absoulate path C:/Users/curti/OneDrive/Documents/UIUC/ECE-385/Vivado_Projects/lab_6_2/workspace/mb_usb_hdmi_top/hw/mb_usb_hdmi_top.xsa
TRACE::2024-11-19.03:27:23::SCWPlatform::DSA directory C:/Users/curti/OneDrive/Documents/UIUC/ECE-385/Vivado_Projects/lab_6_2/workspace/mb_usb_hdmi_top/hw
TRACE::2024-11-19.03:27:23::SCWPlatform:: Platform Path C:/Users/curti/OneDrive/Documents/UIUC/ECE-385/Vivado_Projects/lab_6_2/workspace/mb_usb_hdmi_top/hw/mb_usb_hdmi_top.xsa
TRACE::2024-11-19.03:27:23::SCWPlatform:: Unique name xilinx:::0.0
TRACE::2024-11-19.03:27:23::SCWPlatform::Trying to set the existing hwdb with name mb_usb_hdmi_top
TRACE::2024-11-19.03:27:23::SCWPlatform::Opened existing hwdb mb_usb_hdmi_top
TRACE::2024-11-19.03:27:23::SCWPlatform::Found the Hw Db part of the input DSA
TRACE::2024-11-19.03:27:23::SCWMssOS::Checking the sw design at  C:/Users/curti/OneDrive/Documents/UIUC/ECE-385/Vivado_Projects/lab_6_2/workspace/mb_usb_hdmi_top/microblaze_0/standalone_microblaze_0/bsp/system.mss
TRACE::2024-11-19.03:27:23::SCWMssOS::DEBUG:  swdes dump  
TRACE::2024-11-19.03:27:23::SCWMssOS::No sw design opened at  C:/Users/curti/OneDrive/Documents/UIUC/ECE-385/Vivado_Projects/lab_6_2/workspace/mb_usb_hdmi_top/microblaze_0/standalone_microblaze_0/bsp/system.mss
TRACE::2024-11-19.03:27:23::SCWMssOS::mss exists loading the mss file  C:/Users/curti/OneDrive/Documents/UIUC/ECE-385/Vivado_Projects/lab_6_2/workspace/mb_usb_hdmi_top/microblaze_0/standalone_microblaze_0/bsp/system.mss
TRACE::2024-11-19.03:27:23::SCWMssOS::Opened the sw design from mss  C:/Users/curti/OneDrive/Documents/UIUC/ECE-385/Vivado_Projects/lab_6_2/workspace/mb_usb_hdmi_top/microblaze_0/standalone_microblaze_0/bsp/system.mss
TRACE::2024-11-19.03:27:23::SCWMssOS::Adding the swdes entry C:/Users/curti/OneDrive/Documents/UIUC/ECE-385/Vivado_Projects/lab_6_2/workspace/mb_usb_hdmi_top/microblaze_0/standalone_microblaze_0/bsp/system.mss with des name system
TRACE::2024-11-19.03:27:23::SCWMssOS::updating the scw layer about changes
TRACE::2024-11-19.03:27:23::SCWMssOS::Opened the sw design.  C:/Users/curti/OneDrive/Documents/UIUC/ECE-385/Vivado_Projects/lab_6_2/workspace/mb_usb_hdmi_top/microblaze_0/standalone_microblaze_0/bsp/system.mss
TRACE::2024-11-19.03:27:23::SCWMssOS::Saving the mss changes C:/Users/curti/OneDrive/Documents/UIUC/ECE-385/Vivado_Projects/lab_6_2/workspace/mb_usb_hdmi_top/microblaze_0/standalone_microblaze_0/bsp/system.mss
TRACE::2024-11-19.03:27:23::SCWMssOS::Found a swdesign opened with the mssfile.
TRACE::2024-11-19.03:27:23::SCWMssOS::Completed writemss as part of save.
TRACE::2024-11-19.03:27:23::SCWMssOS::Commit changes completed.
TRACE::2024-11-19.03:27:23::SCWReader::Adding prebuilt librarypaths as   
TRACE::2024-11-19.03:27:23::SCWReader::Adding prebuilt incpaths  as   
TRACE::2024-11-19.03:27:23::SCWPlatform::Trying to open the hw design at C:/Users/curti/OneDrive/Documents/UIUC/ECE-385/Vivado_Projects/lab_6_2/workspace/mb_usb_hdmi_top/hw/mb_usb_hdmi_top.xsa
TRACE::2024-11-19.03:27:23::SCWPlatform::DSA given C:/Users/curti/OneDrive/Documents/UIUC/ECE-385/Vivado_Projects/lab_6_2/workspace/mb_usb_hdmi_top/hw/mb_usb_hdmi_top.xsa
TRACE::2024-11-19.03:27:23::SCWPlatform::DSA absoulate path C:/Users/curti/OneDrive/Documents/UIUC/ECE-385/Vivado_Projects/lab_6_2/workspace/mb_usb_hdmi_top/hw/mb_usb_hdmi_top.xsa
TRACE::2024-11-19.03:27:23::SCWPlatform::DSA directory C:/Users/curti/OneDrive/Documents/UIUC/ECE-385/Vivado_Projects/lab_6_2/workspace/mb_usb_hdmi_top/hw
TRACE::2024-11-19.03:27:23::SCWPlatform:: Platform Path C:/Users/curti/OneDrive/Documents/UIUC/ECE-385/Vivado_Projects/lab_6_2/workspace/mb_usb_hdmi_top/hw/mb_usb_hdmi_top.xsa
TRACE::2024-11-19.03:27:23::SCWPlatform:: Unique name xilinx:::0.0
TRACE::2024-11-19.03:27:23::SCWPlatform::Trying to set the existing hwdb with name mb_usb_hdmi_top
TRACE::2024-11-19.03:27:23::SCWPlatform::Opened existing hwdb mb_usb_hdmi_top
TRACE::2024-11-19.03:27:23::SCWPlatform::Found the Hw Db part of the input DSA
TRACE::2024-11-19.03:27:23::SCWMssOS::Checking the sw design at  C:/Users/curti/OneDrive/Documents/UIUC/ECE-385/Vivado_Projects/lab_6_2/workspace/mb_usb_hdmi_top/microblaze_0/standalone_microblaze_0/bsp/system.mss
TRACE::2024-11-19.03:27:23::SCWMssOS::DEBUG:  swdes dump  C:/Users/curti/OneDrive/Documents/UIUC/ECE-385/Vivado_Projects/lab_6_2/workspace/mb_usb_hdmi_top/microblaze_0/standalone_microblaze_0/bsp/system.mss|system||

TRACE::2024-11-19.03:27:23::SCWMssOS::Sw design exists and opened at  C:/Users/curti/OneDrive/Documents/UIUC/ECE-385/Vivado_Projects/lab_6_2/workspace/mb_usb_hdmi_top/microblaze_0/standalone_microblaze_0/bsp/system.mss
TRACE::2024-11-19.03:27:23::SCWReader::No isolation master present  
TRACE::2024-11-19.03:28:44::SCWPlatform::DSA given C:/Users/curti/OneDrive/Documents/UIUC/ECE-385/Vivado_Projects/lab_6_2/workspace/mb_usb_hdmi_top/tempdsa/Final_Project.xsa
TRACE::2024-11-19.03:28:44::SCWPlatform::DSA absoulate path C:/Users/curti/OneDrive/Documents/UIUC/ECE-385/Vivado_Projects/lab_6_2/workspace/mb_usb_hdmi_top/tempdsa/Final_Project.xsa
TRACE::2024-11-19.03:28:44::SCWPlatform:: Platform location is C:/Users/curti/OneDrive/Documents/UIUC/ECE-385/Vivado_Projects/lab_6_2/workspace/mb_usb_hdmi_top/tempdsa
TRACE::2024-11-19.03:28:44::SCWPlatform:: Platform Path C:/Users/curti/OneDrive/Documents/UIUC/ECE-385/Vivado_Projects/lab_6_2/workspace/mb_usb_hdmi_top/tempdsa/Final_Project.xsa
TRACE::2024-11-19.03:28:44::SCWPlatform:: Unique name xilinx:::0.0
TRACE::2024-11-19.03:28:45::SCWPlatform::Found the Hw Db part of the input DSA
TRACE::2024-11-19.03:28:45::SCWMssOS::Doing hw sync for the mss in domain: standalone_microblaze_0
TRACE::2024-11-19.03:28:45::SCWPlatform::Trying to open the hw design at C:/Users/curti/OneDrive/Documents/UIUC/ECE-385/Vivado_Projects/lab_6_2/workspace/mb_usb_hdmi_top/hw/mb_usb_hdmi_top.xsa
TRACE::2024-11-19.03:28:45::SCWPlatform::DSA given C:/Users/curti/OneDrive/Documents/UIUC/ECE-385/Vivado_Projects/lab_6_2/workspace/mb_usb_hdmi_top/hw/mb_usb_hdmi_top.xsa
TRACE::2024-11-19.03:28:45::SCWPlatform::DSA absoulate path C:/Users/curti/OneDrive/Documents/UIUC/ECE-385/Vivado_Projects/lab_6_2/workspace/mb_usb_hdmi_top/hw/mb_usb_hdmi_top.xsa
TRACE::2024-11-19.03:28:45::SCWPlatform::DSA directory C:/Users/curti/OneDrive/Documents/UIUC/ECE-385/Vivado_Projects/lab_6_2/workspace/mb_usb_hdmi_top/hw
TRACE::2024-11-19.03:28:45::SCWPlatform:: Platform Path C:/Users/curti/OneDrive/Documents/UIUC/ECE-385/Vivado_Projects/lab_6_2/workspace/mb_usb_hdmi_top/hw/mb_usb_hdmi_top.xsa
TRACE::2024-11-19.03:28:45::SCWPlatform:: Unique name xilinx:::0.0
TRACE::2024-11-19.03:28:45::SCWPlatform::Trying to set the existing hwdb with name mb_usb_hdmi_top
TRACE::2024-11-19.03:28:45::SCWPlatform::Opened existing hwdb mb_usb_hdmi_top
TRACE::2024-11-19.03:28:45::SCWPlatform::Found the Hw Db part of the input DSA
TRACE::2024-11-19.03:28:45::SCWPlatform::Trying to open the hw design at C:/Users/curti/OneDrive/Documents/UIUC/ECE-385/Vivado_Projects/lab_6_2/workspace/mb_usb_hdmi_top/hw/mb_usb_hdmi_top.xsa
TRACE::2024-11-19.03:28:45::SCWPlatform::DSA given C:/Users/curti/OneDrive/Documents/UIUC/ECE-385/Vivado_Projects/lab_6_2/workspace/mb_usb_hdmi_top/hw/mb_usb_hdmi_top.xsa
TRACE::2024-11-19.03:28:45::SCWPlatform::DSA absoulate path C:/Users/curti/OneDrive/Documents/UIUC/ECE-385/Vivado_Projects/lab_6_2/workspace/mb_usb_hdmi_top/hw/mb_usb_hdmi_top.xsa
TRACE::2024-11-19.03:28:45::SCWPlatform::DSA directory C:/Users/curti/OneDrive/Documents/UIUC/ECE-385/Vivado_Projects/lab_6_2/workspace/mb_usb_hdmi_top/hw
TRACE::2024-11-19.03:28:45::SCWPlatform:: Platform Path C:/Users/curti/OneDrive/Documents/UIUC/ECE-385/Vivado_Projects/lab_6_2/workspace/mb_usb_hdmi_top/hw/mb_usb_hdmi_top.xsa
TRACE::2024-11-19.03:28:45::SCWPlatform:: Unique name xilinx:::0.0
TRACE::2024-11-19.03:28:45::SCWPlatform::Trying to set the existing hwdb with name mb_usb_hdmi_top
TRACE::2024-11-19.03:28:45::SCWPlatform::Opened existing hwdb mb_usb_hdmi_top
TRACE::2024-11-19.03:28:45::SCWPlatform::Found the Hw Db part of the input DSA
TRACE::2024-11-19.03:28:45::SCWMssOS::Checking the sw design at  C:/Users/curti/OneDrive/Documents/UIUC/ECE-385/Vivado_Projects/lab_6_2/workspace/mb_usb_hdmi_top/microblaze_0/standalone_microblaze_0/bsp/system.mss
TRACE::2024-11-19.03:28:45::SCWMssOS::DEBUG:  swdes dump  C:/Users/curti/OneDrive/Documents/UIUC/ECE-385/Vivado_Projects/lab_6_2/workspace/mb_usb_hdmi_top/microblaze_0/standalone_microblaze_0/bsp/system.mss|system||

TRACE::2024-11-19.03:28:45::SCWMssOS::Sw design exists and opened at  C:/Users/curti/OneDrive/Documents/UIUC/ECE-385/Vivado_Projects/lab_6_2/workspace/mb_usb_hdmi_top/microblaze_0/standalone_microblaze_0/bsp/system.mss
TRACE::2024-11-19.03:28:45::SCWPlatform::Trying to open the hw design at C:/Users/curti/OneDrive/Documents/UIUC/ECE-385/Vivado_Projects/lab_6_2/workspace/mb_usb_hdmi_top/tempdsa/Final_Project.xsa
TRACE::2024-11-19.03:28:45::SCWPlatform::DSA given C:/Users/curti/OneDrive/Documents/UIUC/ECE-385/Vivado_Projects/lab_6_2/workspace/mb_usb_hdmi_top/tempdsa/Final_Project.xsa
TRACE::2024-11-19.03:28:45::SCWPlatform::DSA absoulate path C:/Users/curti/OneDrive/Documents/UIUC/ECE-385/Vivado_Projects/lab_6_2/workspace/mb_usb_hdmi_top/tempdsa/Final_Project.xsa
TRACE::2024-11-19.03:28:45::SCWPlatform::DSA directory C:/Users/curti/OneDrive/Documents/UIUC/ECE-385/Vivado_Projects/lab_6_2/workspace/mb_usb_hdmi_top/tempdsa
TRACE::2024-11-19.03:28:45::SCWPlatform:: Platform Path C:/Users/curti/OneDrive/Documents/UIUC/ECE-385/Vivado_Projects/lab_6_2/workspace/mb_usb_hdmi_top/tempdsa/Final_Project.xsa
TRACE::2024-11-19.03:28:45::SCWPlatform:: Unique name xilinx:::0.0
TRACE::2024-11-19.03:28:45::SCWPlatform::update - Opened existing hwdb mb_usb_hdmi_top_0
TRACE::2024-11-19.03:28:45::SCWPlatform::Found the Hw Db part of the input DSA
TRACE::2024-11-19.03:28:45::SCWMssOS::Saving the mss changes C:/Users/curti/OneDrive/Documents/UIUC/ECE-385/Vivado_Projects/lab_6_2/workspace/mb_usb_hdmi_top/microblaze_0/standalone_microblaze_0/bsp/system.mss
TRACE::2024-11-19.03:28:45::SCWMssOS::Found a swdesign opened with the mssfile.
TRACE::2024-11-19.03:28:45::SCWMssOS::Completed writemss as part of save.
TRACE::2024-11-19.03:28:45::SCWMssOS::Commit changes completed.
TRACE::2024-11-19.03:28:45::SCWMssOS::Completed hw sync for the mss in domain: standalone_microblaze_0
TRACE::2024-11-19.03:28:45::SCWMssOS::Removing the swdes entry for  C:/Users/curti/OneDrive/Documents/UIUC/ECE-385/Vivado_Projects/lab_6_2/workspace/mb_usb_hdmi_top/microblaze_0/standalone_microblaze_0/bsp/system.mss
TRACE::2024-11-19.03:28:45::SCWPlatform::Trying to open the hw design at C:/Users/curti/OneDrive/Documents/UIUC/ECE-385/Vivado_Projects/lab_6_2/workspace/mb_usb_hdmi_top/hw/Final_Project.xsa
TRACE::2024-11-19.03:28:45::SCWPlatform::DSA given C:/Users/curti/OneDrive/Documents/UIUC/ECE-385/Vivado_Projects/lab_6_2/workspace/mb_usb_hdmi_top/hw/Final_Project.xsa
TRACE::2024-11-19.03:28:45::SCWPlatform::DSA absoulate path C:/Users/curti/OneDrive/Documents/UIUC/ECE-385/Vivado_Projects/lab_6_2/workspace/mb_usb_hdmi_top/hw/Final_Project.xsa
TRACE::2024-11-19.03:28:45::SCWPlatform::DSA directory C:/Users/curti/OneDrive/Documents/UIUC/ECE-385/Vivado_Projects/lab_6_2/workspace/mb_usb_hdmi_top/hw
TRACE::2024-11-19.03:28:45::SCWPlatform:: Platform Path C:/Users/curti/OneDrive/Documents/UIUC/ECE-385/Vivado_Projects/lab_6_2/workspace/mb_usb_hdmi_top/hw/Final_Project.xsa
TRACE::2024-11-19.03:28:45::SCWPlatform:: Unique name xilinx:::0.0
TRACE::2024-11-19.03:28:45::SCWPlatform::Do not have an existing db opened. 
TRACE::2024-11-19.03:28:45::SCWPlatform::Opened new HwDB with name mb_usb_hdmi_top_1
TRACE::2024-11-19.03:28:45::SCWMssOS::Saving the mss changes C:/Users/curti/OneDrive/Documents/UIUC/ECE-385/Vivado_Projects/lab_6_2/workspace/mb_usb_hdmi_top/microblaze_0/standalone_microblaze_0/bsp/system.mss
TRACE::2024-11-19.03:28:45::SCWMssOS::Adding the swdes entry, mss present, able to open swdb C:/Users/curti/OneDrive/Documents/UIUC/ECE-385/Vivado_Projects/lab_6_2/workspace/mb_usb_hdmi_top/microblaze_0/standalone_microblaze_0/bsp/system.mss with des name system
TRACE::2024-11-19.03:28:45::SCWMssOS::Writing the mss file completed C:/Users/curti/OneDrive/Documents/UIUC/ECE-385/Vivado_Projects/lab_6_2/workspace/mb_usb_hdmi_top/microblaze_0/standalone_microblaze_0/bsp/system.mss
TRACE::2024-11-19.03:28:45::SCWMssOS::Commit changes completed.
TRACE::2024-11-19.03:28:45::SCWPlatform::Trying to open the hw design at C:/Users/curti/OneDrive/Documents/UIUC/ECE-385/Vivado_Projects/lab_6_2/workspace/mb_usb_hdmi_top/hw/Final_Project.xsa
TRACE::2024-11-19.03:28:45::SCWPlatform::DSA given C:/Users/curti/OneDrive/Documents/UIUC/ECE-385/Vivado_Projects/lab_6_2/workspace/mb_usb_hdmi_top/hw/Final_Project.xsa
TRACE::2024-11-19.03:28:45::SCWPlatform::DSA absoulate path C:/Users/curti/OneDrive/Documents/UIUC/ECE-385/Vivado_Projects/lab_6_2/workspace/mb_usb_hdmi_top/hw/Final_Project.xsa
TRACE::2024-11-19.03:28:45::SCWPlatform::DSA directory C:/Users/curti/OneDrive/Documents/UIUC/ECE-385/Vivado_Projects/lab_6_2/workspace/mb_usb_hdmi_top/hw
TRACE::2024-11-19.03:28:45::SCWPlatform:: Platform Path C:/Users/curti/OneDrive/Documents/UIUC/ECE-385/Vivado_Projects/lab_6_2/workspace/mb_usb_hdmi_top/hw/Final_Project.xsa
TRACE::2024-11-19.03:28:45::SCWPlatform:: Unique name xilinx:::0.0
TRACE::2024-11-19.03:28:45::SCWPlatform::Trying to set the existing hwdb with name mb_usb_hdmi_top_1
TRACE::2024-11-19.03:28:45::SCWPlatform::Opened existing hwdb mb_usb_hdmi_top_1
TRACE::2024-11-19.03:28:45::SCWPlatform::Found the Hw Db part of the input DSA
TRACE::2024-11-19.03:28:45::SCWMssOS::Checking the sw design at  C:/Users/curti/OneDrive/Documents/UIUC/ECE-385/Vivado_Projects/lab_6_2/workspace/mb_usb_hdmi_top/microblaze_0/standalone_microblaze_0/bsp/system.mss
TRACE::2024-11-19.03:28:45::SCWMssOS::DEBUG:  swdes dump  C:/Users/curti/OneDrive/Documents/UIUC/ECE-385/Vivado_Projects/lab_6_2/workspace/mb_usb_hdmi_top/microblaze_0/standalone_microblaze_0/bsp/system.mss|system||

TRACE::2024-11-19.03:28:45::SCWMssOS::Sw design exists and opened at  C:/Users/curti/OneDrive/Documents/UIUC/ECE-385/Vivado_Projects/lab_6_2/workspace/mb_usb_hdmi_top/microblaze_0/standalone_microblaze_0/bsp/system.mss
TRACE::2024-11-19.03:28:45::SCWWriter::formatted JSON is {
	"platformName":	"mb_usb_hdmi_top",
	"sprVersion":	"2.0",
	"mode":	"gui",
	"dsaType":	"Fixed",
	"platformDesc":	"mb_usb_hdmi_top",
	"platHandOff":	"C:/Users/curti/OneDrive/Documents/UIUC/ECE-385/Vivado_Projects/Final_Project/Final_Project.xsa",
	"platIntHandOff":	"<platformDir>/hw/Final_Project.xsa",
	"deviceType":	"FPGA",
	"platIsPrebuiltAutogen":	"false",
	"platIsNoBootBsp":	"false",
	"hasFsblMakeHasChanges":	"false",
	"hasPmufwMakeHasChanges":	"false",
	"platPreBuiltFlag":	false,
	"platformSamplesDir":	"",
	"platActiveSys":	"mb_usb_hdmi_top",
	"systems":	[{
			"systemName":	"mb_usb_hdmi_top",
			"systemDesc":	"mb_usb_hdmi_top",
			"sysIsBootAutoGen":	"true",
			"systemDispName":	"mb_usb_hdmi_top",
			"sysActiveDom":	"standalone_microblaze_0",
			"sysDefaultDom":	"standalone_microblaze_0",
			"domains":	[{
					"domainName":	"standalone_microblaze_0",
					"domainDispName":	"standalone_microblaze_0",
					"domainDesc":	"standalone_microblaze_0",
					"processors":	"microblaze_0",
					"os":	"standalone",
					"sdxOs":	"standalone",
					"debugEnable":	"False",
					"domRuntimes":	["cpp"],
					"swRepo":	"",
					"mssOsVer":	"8.0",
					"mssFile":	"",
					"md5Digest":	"304529987e879521ca977c68d163f3621",
					"compatibleApp":	"",
					"domType":	"mssDomain",
					"arch":	"32-bit",
					"appSettings":	{
						"appCompilerFlags":	"",
						"appLinkerFlags":	""
					},
					"addedLibs":	[],
					"libOptions":	{
						"libsContainingOptions":	[]
					},
					"prebuiltLibs":	{
						"prebuiltIncPath":	[],
						"prebuiltLibPath":	[]
					},
					"isolation":	{
					}
				}]
		}]
}
TRACE::2024-11-19.03:28:55::SCWMssOS::cleaning the bsp 
TRACE::2024-11-19.03:28:55::SCWMssOS::System Command Ran  C: & cd  C:/Users/curti/OneDrive/Documents/UIUC/ECE-385/Vivado_Projects/lab_6_2/workspace/mb_usb_hdmi_top/microblaze_0/standalone_microblaze_0/bsp & make clean 
TRACE::2024-11-19.03:28:55::SCWMssOS::make -C microblaze_0/libsrc/bram_v4_8/src -s clean 

TRACE::2024-11-19.03:28:55::SCWMssOS::make -C microblaze_0/libsrc/cpu_v2_16/src -s clean 

TRACE::2024-11-19.03:28:55::SCWMssOS::make -C microblaze_0/libsrc/gpio_v4_9/src -s clean 

TRACE::2024-11-19.03:28:55::SCWMssOS::make -C microblaze_0/libsrc/intc_v3_15/src -s clean 

TRACE::2024-11-19.03:28:55::SCWMssOS::make -C microblaze_0/libsrc/spi_v4_9/src -s clean 

TRACE::2024-11-19.03:28:55::SCWMssOS::make -C microblaze_0/libsrc/standalone_v8_0/src -s clean 

TRACE::2024-11-19.03:28:56::SCWMssOS::make -C microblaze_0/libsrc/tmrctr_v4_9/src -s clean 

TRACE::2024-11-19.03:28:56::SCWMssOS::make -C microblaze_0/libsrc/uartlite_v3_7/src -s clean 

TRACE::2024-11-19.03:28:56::SCWMssOS::rm -f microblaze_0/lib/libxil.a

TRACE::2024-11-19.03:29:03::SCWMssOS::cleaning the bsp 
TRACE::2024-11-19.03:29:03::SCWMssOS::System Command Ran  C: & cd  C:/Users/curti/OneDrive/Documents/UIUC/ECE-385/Vivado_Projects/lab_6_2/workspace/mb_usb_hdmi_top/microblaze_0/standalone_microblaze_0/bsp & make clean 
TRACE::2024-11-19.03:29:04::SCWMssOS::make -C microblaze_0/libsrc/bram_v4_8/src -s clean 

TRACE::2024-11-19.03:29:04::SCWMssOS::make -C microblaze_0/libsrc/cpu_v2_16/src -s clean 

TRACE::2024-11-19.03:29:04::SCWMssOS::make -C microblaze_0/libsrc/gpio_v4_9/src -s clean 

TRACE::2024-11-19.03:29:04::SCWMssOS::make -C microblaze_0/libsrc/intc_v3_15/src -s clean 

TRACE::2024-11-19.03:29:04::SCWMssOS::make -C microblaze_0/libsrc/spi_v4_9/src -s clean 

TRACE::2024-11-19.03:29:04::SCWMssOS::make -C microblaze_0/libsrc/standalone_v8_0/src -s clean 

TRACE::2024-11-19.03:29:04::SCWMssOS::make -C microblaze_0/libsrc/tmrctr_v4_9/src -s clean 

TRACE::2024-11-19.03:29:04::SCWMssOS::make -C microblaze_0/libsrc/uartlite_v3_7/src -s clean 

TRACE::2024-11-19.03:29:04::SCWMssOS::rm -f microblaze_0/lib/libxil.a

TRACE::2024-11-19.03:30:01::SCWMssOS::cleaning the bsp 
TRACE::2024-11-19.03:30:01::SCWMssOS::System Command Ran  C: & cd  C:/Users/curti/OneDrive/Documents/UIUC/ECE-385/Vivado_Projects/lab_6_2/workspace/mb_usb_hdmi_top/microblaze_0/standalone_microblaze_0/bsp & make clean 
TRACE::2024-11-19.03:30:01::SCWMssOS::make -C microblaze_0/libsrc/bram_v4_8/src -s clean 

TRACE::2024-11-19.03:30:01::SCWMssOS::make -C microblaze_0/libsrc/cpu_v2_16/src -s clean 

TRACE::2024-11-19.03:30:01::SCWMssOS::make -C microblaze_0/libsrc/gpio_v4_9/src -s clean 

TRACE::2024-11-19.03:30:02::SCWMssOS::make -C microblaze_0/libsrc/intc_v3_15/src -s clean 

TRACE::2024-11-19.03:30:02::SCWMssOS::make -C microblaze_0/libsrc/spi_v4_9/src -s clean 

TRACE::2024-11-19.03:30:02::SCWMssOS::make -C microblaze_0/libsrc/standalone_v8_0/src -s clean 

TRACE::2024-11-19.03:30:02::SCWMssOS::make -C microblaze_0/libsrc/tmrctr_v4_9/src -s clean 

TRACE::2024-11-19.03:30:02::SCWMssOS::make -C microblaze_0/libsrc/uartlite_v3_7/src -s clean 

TRACE::2024-11-19.03:30:02::SCWMssOS::rm -f microblaze_0/lib/libxil.a

TRACE::2024-11-19.03:30:08::SCWMssOS::cleaning the bsp 
TRACE::2024-11-19.03:30:08::SCWMssOS::System Command Ran  C: & cd  C:/Users/curti/OneDrive/Documents/UIUC/ECE-385/Vivado_Projects/lab_6_2/workspace/mb_usb_hdmi_top/microblaze_0/standalone_microblaze_0/bsp & make clean 
TRACE::2024-11-19.03:30:08::SCWMssOS::make -C microblaze_0/libsrc/bram_v4_8/src -s clean 

TRACE::2024-11-19.03:30:08::SCWMssOS::make -C microblaze_0/libsrc/cpu_v2_16/src -s clean 

TRACE::2024-11-19.03:30:09::SCWMssOS::make -C microblaze_0/libsrc/gpio_v4_9/src -s clean 

TRACE::2024-11-19.03:30:09::SCWMssOS::make -C microblaze_0/libsrc/intc_v3_15/src -s clean 

TRACE::2024-11-19.03:30:09::SCWMssOS::make -C microblaze_0/libsrc/spi_v4_9/src -s clean 

TRACE::2024-11-19.03:30:09::SCWMssOS::make -C microblaze_0/libsrc/standalone_v8_0/src -s clean 

TRACE::2024-11-19.03:30:09::SCWMssOS::make -C microblaze_0/libsrc/tmrctr_v4_9/src -s clean 

TRACE::2024-11-19.03:30:09::SCWMssOS::make -C microblaze_0/libsrc/uartlite_v3_7/src -s clean 

TRACE::2024-11-19.03:30:09::SCWMssOS::rm -f microblaze_0/lib/libxil.a

LOG::2024-11-19.03:30:19::SCWPlatform::Started generating the artifacts platform mb_usb_hdmi_top
TRACE::2024-11-19.03:30:19::SCWPlatform::Sanity checking of platform is completed
LOG::2024-11-19.03:30:19::SCWPlatform::Started generating the artifacts for system configuration mb_usb_hdmi_top
LOG::2024-11-19.03:30:19::SCWSystem::Checking the domain standalone_microblaze_0
LOG::2024-11-19.03:30:19::SCWSystem::Not a boot domain 
LOG::2024-11-19.03:30:19::SCWSystem::Started Processing the domain standalone_microblaze_0
TRACE::2024-11-19.03:30:19::SCWDomain::Generating domain artifcats
TRACE::2024-11-19.03:30:19::SCWMssOS::Generating standalone artifcats
TRACE::2024-11-19.03:30:19::SCWMssOS:: Copying the user libraries. 
TRACE::2024-11-19.03:30:19::SCWPlatform::Trying to open the hw design at C:/Users/curti/OneDrive/Documents/UIUC/ECE-385/Vivado_Projects/lab_6_2/workspace/mb_usb_hdmi_top/hw/Final_Project.xsa
TRACE::2024-11-19.03:30:19::SCWPlatform::DSA given C:/Users/curti/OneDrive/Documents/UIUC/ECE-385/Vivado_Projects/lab_6_2/workspace/mb_usb_hdmi_top/hw/Final_Project.xsa
TRACE::2024-11-19.03:30:19::SCWPlatform::DSA absoulate path C:/Users/curti/OneDrive/Documents/UIUC/ECE-385/Vivado_Projects/lab_6_2/workspace/mb_usb_hdmi_top/hw/Final_Project.xsa
TRACE::2024-11-19.03:30:19::SCWPlatform::DSA directory C:/Users/curti/OneDrive/Documents/UIUC/ECE-385/Vivado_Projects/lab_6_2/workspace/mb_usb_hdmi_top/hw
TRACE::2024-11-19.03:30:19::SCWPlatform:: Platform Path C:/Users/curti/OneDrive/Documents/UIUC/ECE-385/Vivado_Projects/lab_6_2/workspace/mb_usb_hdmi_top/hw/Final_Project.xsa
TRACE::2024-11-19.03:30:19::SCWPlatform:: Unique name xilinx:::0.0
TRACE::2024-11-19.03:30:19::SCWPlatform::Trying to set the existing hwdb with name mb_usb_hdmi_top_1
TRACE::2024-11-19.03:30:19::SCWPlatform::Opened existing hwdb mb_usb_hdmi_top_1
TRACE::2024-11-19.03:30:19::SCWPlatform::Found the Hw Db part of the input DSA
TRACE::2024-11-19.03:30:19::SCWMssOS::Checking the sw design at  C:/Users/curti/OneDrive/Documents/UIUC/ECE-385/Vivado_Projects/lab_6_2/workspace/mb_usb_hdmi_top/microblaze_0/standalone_microblaze_0/bsp/system.mss
TRACE::2024-11-19.03:30:19::SCWMssOS::DEBUG:  swdes dump  C:/Users/curti/OneDrive/Documents/UIUC/ECE-385/Vivado_Projects/lab_6_2/workspace/mb_usb_hdmi_top/microblaze_0/standalone_microblaze_0/bsp/system.mss|system||

TRACE::2024-11-19.03:30:19::SCWMssOS::Sw design exists and opened at  C:/Users/curti/OneDrive/Documents/UIUC/ECE-385/Vivado_Projects/lab_6_2/workspace/mb_usb_hdmi_top/microblaze_0/standalone_microblaze_0/bsp/system.mss
TRACE::2024-11-19.03:30:19::SCWMssOS::Completed writing the mss file at C:/Users/curti/OneDrive/Documents/UIUC/ECE-385/Vivado_Projects/lab_6_2/workspace/mb_usb_hdmi_top/microblaze_0/standalone_microblaze_0/bsp
TRACE::2024-11-19.03:30:19::SCWMssOS::Mss edits present, copying mssfile into export location C:/Users/curti/OneDrive/Documents/UIUC/ECE-385/Vivado_Projects/lab_6_2/workspace/mb_usb_hdmi_top/microblaze_0/standalone_microblaze_0/bsp/system.mss
TRACE::2024-11-19.03:30:19::SCWMssOS::bsp generated is stale removing and regenerating. 
TRACE::2024-11-19.03:30:21::SCWMssOS::doing bsp build ... 
TRACE::2024-11-19.03:30:21::SCWMssOS::System Command Ran  C: & cd  C:/Users/curti/OneDrive/Documents/UIUC/ECE-385/Vivado_Projects/lab_6_2/workspace/mb_usb_hdmi_top/microblaze_0/standalone_microblaze_0/bsp & make 
TRACE::2024-11-19.03:30:21::SCWMssOS::make --no-print-directory seq_libs

TRACE::2024-11-19.03:30:21::SCWMssOS::'Finished building libraries sequentially.'

TRACE::2024-11-19.03:30:21::SCWMssOS::make -j 18 --no-print-directory par_libs

TRACE::2024-11-19.03:30:22::SCWMssOS::"Running Make include in microblaze_0/libsrc/bram_v4_8/src"

TRACE::2024-11-19.03:30:22::SCWMssOS::make -C microblaze_0/libsrc/bram_v4_8/src -s include  "SHELL=CMD" "COMPILER=mb-gcc" "ASSEMBLER=mb-as" "ARCHIVER=mb-ar" "COMPILE
TRACE::2024-11-19.03:30:22::SCWMssOS::R_FLAGS=  -O2 -c -mcpu=v11.0 -mlittle-endian -mno-xl-reorder -mno-xl-soft-mul -mxl-barrel-shift -mxl-pattern-compare" "EXTRA_CO
TRACE::2024-11-19.03:30:22::SCWMssOS::MPILER_FLAGS=-g -ffunction-sections -fdata-sections -Wall -Wextra -fno-tree-loop-distribute-patterns"

TRACE::2024-11-19.03:30:22::SCWMssOS::"Running Make include in microblaze_0/libsrc/cpu_v2_16/src"

TRACE::2024-11-19.03:30:22::SCWMssOS::make -C microblaze_0/libsrc/cpu_v2_16/src -s include  "SHELL=CMD" "COMPILER=mb-gcc" "ASSEMBLER=mb-as" "ARCHIVER=mb-ar" "COMPILE
TRACE::2024-11-19.03:30:22::SCWMssOS::R_FLAGS=  -O2 -c -mcpu=v11.0 -mlittle-endian -mno-xl-reorder -mno-xl-soft-mul -mxl-barrel-shift -mxl-pattern-compare" "EXTRA_CO
TRACE::2024-11-19.03:30:22::SCWMssOS::MPILER_FLAGS=-g -ffunction-sections -fdata-sections -Wall -Wextra -fno-tree-loop-distribute-patterns"

TRACE::2024-11-19.03:30:22::SCWMssOS::"Running Make include in microblaze_0/libsrc/gpio_v4_9/src"

TRACE::2024-11-19.03:30:22::SCWMssOS::make -C microblaze_0/libsrc/gpio_v4_9/src -s include  "SHELL=CMD" "COMPILER=mb-gcc" "ASSEMBLER=mb-as" "ARCHIVER=mb-ar" "COMPILE
TRACE::2024-11-19.03:30:22::SCWMssOS::R_FLAGS=  -O2 -c -mcpu=v11.0 -mlittle-endian -mno-xl-reorder -mno-xl-soft-mul -mxl-barrel-shift -mxl-pattern-compare" "EXTRA_CO
TRACE::2024-11-19.03:30:22::SCWMssOS::MPILER_FLAGS=-g -ffunction-sections -fdata-sections -Wall -Wextra -fno-tree-loop-distribute-patterns"

TRACE::2024-11-19.03:30:22::SCWMssOS::"Running Make include in microblaze_0/libsrc/intc_v3_15/src"

TRACE::2024-11-19.03:30:22::SCWMssOS::make -C microblaze_0/libsrc/intc_v3_15/src -s include  "SHELL=CMD" "COMPILER=mb-gcc" "ASSEMBLER=mb-as" "ARCHIVER=mb-ar" "COMPIL
TRACE::2024-11-19.03:30:22::SCWMssOS::ER_FLAGS=  -O2 -c -mcpu=v11.0 -mlittle-endian -mno-xl-reorder -mno-xl-soft-mul -mxl-barrel-shift -mxl-pattern-compare" "EXTRA_C
TRACE::2024-11-19.03:30:22::SCWMssOS::OMPILER_FLAGS=-g -ffunction-sections -fdata-sections -Wall -Wextra -fno-tree-loop-distribute-patterns"

TRACE::2024-11-19.03:30:22::SCWMssOS::"Running Make include in microblaze_0/libsrc/spi_v4_9/src"

TRACE::2024-11-19.03:30:22::SCWMssOS::make -C microblaze_0/libsrc/spi_v4_9/src -s include  "SHELL=CMD" "COMPILER=mb-gcc" "ASSEMBLER=mb-as" "ARCHIVER=mb-ar" "COMPILER
TRACE::2024-11-19.03:30:22::SCWMssOS::_FLAGS=  -O2 -c -mcpu=v11.0 -mlittle-endian -mno-xl-reorder -mno-xl-soft-mul -mxl-barrel-shift -mxl-pattern-compare" "EXTRA_COM
TRACE::2024-11-19.03:30:22::SCWMssOS::PILER_FLAGS=-g -ffunction-sections -fdata-sections -Wall -Wextra -fno-tree-loop-distribute-patterns"

TRACE::2024-11-19.03:30:22::SCWMssOS::"Running Make include in microblaze_0/libsrc/standalone_v8_0/src"

TRACE::2024-11-19.03:30:22::SCWMssOS::"Running Make include in microblaze_0/libsrc/tmrctr_v4_9/src"

TRACE::2024-11-19.03:30:22::SCWMssOS::make -C microblaze_0/libsrc/standalone_v8_0/src -s include  "SHELL=CMD" "COMPILER=mb-gcc" "ASSEMBLER=mb-as" "ARCHIVER=mb-ar" "C
TRACE::2024-11-19.03:30:22::SCWMssOS::OMPILER_FLAGS=  -O2 -c -mcpu=v11.0 -mlittle-endian -mno-xl-reorder -mno-xl-soft-mul -mxl-barrel-shift -mxl-pattern-compare" "EX
TRACE::2024-11-19.03:30:22::SCWMssOS::TRA_COMPILER_FLAGS=-g -ffunction-sections -fdata-sections -Wall -Wextra -fno-tree-loop-distribute-patterns"

TRACE::2024-11-19.03:30:22::SCWMssOS::make -C microblaze_0/libsrc/tmrctr_v4_9/src -s include  "SHELL=CMD" "COMPILER=mb-gcc" "ASSEMBLER=mb-as" "ARCHIVER=mb-ar" "COMPI
TRACE::2024-11-19.03:30:22::SCWMssOS::LER_FLAGS=  -O2 -c -mcpu=v11.0 -mlittle-endian -mno-xl-reorder -mno-xl-soft-mul -mxl-barrel-shift -mxl-pattern-compare" "EXTRA_
TRACE::2024-11-19.03:30:22::SCWMssOS::COMPILER_FLAGS=-g -ffunction-sections -fdata-sections -Wall -Wextra -fno-tree-loop-distribute-patterns"

TRACE::2024-11-19.03:30:22::SCWMssOS::"Running Make include in microblaze_0/libsrc/uartlite_v3_7/src"

TRACE::2024-11-19.03:30:22::SCWMssOS::make -C microblaze_0/libsrc/uartlite_v3_7/src -s include  "SHELL=CMD" "COMPILER=mb-gcc" "ASSEMBLER=mb-as" "ARCHIVER=mb-ar" "COM
TRACE::2024-11-19.03:30:22::SCWMssOS::PILER_FLAGS=  -O2 -c -mcpu=v11.0 -mlittle-endian -mno-xl-reorder -mno-xl-soft-mul -mxl-barrel-shift -mxl-pattern-compare" "EXTR
TRACE::2024-11-19.03:30:22::SCWMssOS::A_COMPILER_FLAGS=-g -ffunction-sections -fdata-sections -Wall -Wextra -fno-tree-loop-distribute-patterns"

TRACE::2024-11-19.03:30:23::SCWMssOS::"Running Make libs in microblaze_0/libsrc/bram_v4_8/src"

TRACE::2024-11-19.03:30:23::SCWMssOS::"Running Make libs in microblaze_0/libsrc/cpu_v2_16/src"

TRACE::2024-11-19.03:30:23::SCWMssOS::make -C microblaze_0/libsrc/bram_v4_8/src -s libs  "SHELL=CMD" "COMPILER=mb-gcc" "ASSEMBLER=mb-as" "ARCHIVER=mb-ar" "COMPILER_F
TRACE::2024-11-19.03:30:23::SCWMssOS::LAGS=  -O2 -c -mcpu=v11.0 -mlittle-endian -mno-xl-reorder -mno-xl-soft-mul -mxl-barrel-shift -mxl-pattern-compare" "EXTRA_COMPI
TRACE::2024-11-19.03:30:23::SCWMssOS::LER_FLAGS=-g -ffunction-sections -fdata-sections -Wall -Wextra -fno-tree-loop-distribute-patterns"

TRACE::2024-11-19.03:30:23::SCWMssOS::make -C microblaze_0/libsrc/cpu_v2_16/src -s libs  "SHELL=CMD" "COMPILER=mb-gcc" "ASSEMBLER=mb-as" "ARCHIVER=mb-ar" "COMPILER_F
TRACE::2024-11-19.03:30:23::SCWMssOS::LAGS=  -O2 -c -mcpu=v11.0 -mlittle-endian -mno-xl-reorder -mno-xl-soft-mul -mxl-barrel-shift -mxl-pattern-compare" "EXTRA_COMPI
TRACE::2024-11-19.03:30:23::SCWMssOS::LER_FLAGS=-g -ffunction-sections -fdata-sections -Wall -Wextra -fno-tree-loop-distribute-patterns"

TRACE::2024-11-19.03:30:23::SCWMssOS::"Running Make libs in microblaze_0/libsrc/gpio_v4_9/src"

TRACE::2024-11-19.03:30:23::SCWMssOS::make -C microblaze_0/libsrc/gpio_v4_9/src -s libs  "SHELL=CMD" "COMPILER=mb-gcc" "ASSEMBLER=mb-as" "ARCHIVER=mb-ar" "COMPILER_F
TRACE::2024-11-19.03:30:23::SCWMssOS::LAGS=  -O2 -c -mcpu=v11.0 -mlittle-endian -mno-xl-reorder -mno-xl-soft-mul -mxl-barrel-shift -mxl-pattern-compare" "EXTRA_COMPI
TRACE::2024-11-19.03:30:23::SCWMssOS::LER_FLAGS=-g -ffunction-sections -fdata-sections -Wall -Wextra -fno-tree-loop-distribute-patterns"

TRACE::2024-11-19.03:30:23::SCWMssOS::"Running Make libs in microblaze_0/libsrc/intc_v3_15/src"

TRACE::2024-11-19.03:30:23::SCWMssOS::"Running Make libs in microblaze_0/libsrc/spi_v4_9/src"

TRACE::2024-11-19.03:30:23::SCWMssOS::"Running Make libs in microblaze_0/libsrc/standalone_v8_0/src"

TRACE::2024-11-19.03:30:24::SCWMssOS::make -C microblaze_0/libsrc/intc_v3_15/src -s libs  "SHELL=CMD" "COMPILER=mb-gcc" "ASSEMBLER=mb-as" "ARCHIVER=mb-ar" "COMPILER_
TRACE::2024-11-19.03:30:24::SCWMssOS::FLAGS=  -O2 -c -mcpu=v11.0 -mlittle-endian -mno-xl-reorder -mno-xl-soft-mul -mxl-barrel-shift -mxl-pattern-compare" "EXTRA_COMP
TRACE::2024-11-19.03:30:24::SCWMssOS::ILER_FLAGS=-g -ffunction-sections -fdata-sections -Wall -Wextra -fno-tree-loop-distribute-patterns"

TRACE::2024-11-19.03:30:24::SCWMssOS::make -C microblaze_0/libsrc/spi_v4_9/src -s libs  "SHELL=CMD" "COMPILER=mb-gcc" "ASSEMBLER=mb-as" "ARCHIVER=mb-ar" "COMPILER_FL
TRACE::2024-11-19.03:30:24::SCWMssOS::AGS=  -O2 -c -mcpu=v11.0 -mlittle-endian -mno-xl-reorder -mno-xl-soft-mul -mxl-barrel-shift -mxl-pattern-compare" "EXTRA_COMPIL
TRACE::2024-11-19.03:30:24::SCWMssOS::ER_FLAGS=-g -ffunction-sections -fdata-sections -Wall -Wextra -fno-tree-loop-distribute-patterns"

TRACE::2024-11-19.03:30:24::SCWMssOS::make -C microblaze_0/libsrc/standalone_v8_0/src -s libs  "SHELL=CMD" "COMPILER=mb-gcc" "ASSEMBLER=mb-as" "ARCHIVER=mb-ar" "COMP
TRACE::2024-11-19.03:30:24::SCWMssOS::ILER_FLAGS=  -O2 -c -mcpu=v11.0 -mlittle-endian -mno-xl-reorder -mno-xl-soft-mul -mxl-barrel-shift -mxl-pattern-compare" "EXTRA
TRACE::2024-11-19.03:30:24::SCWMssOS::_COMPILER_FLAGS=-g -ffunction-sections -fdata-sections -Wall -Wextra -fno-tree-loop-distribute-patterns"

TRACE::2024-11-19.03:30:24::SCWMssOS::"Running Make libs in microblaze_0/libsrc/tmrctr_v4_9/src"

TRACE::2024-11-19.03:30:24::SCWMssOS::make -C microblaze_0/libsrc/tmrctr_v4_9/src -s libs  "SHELL=CMD" "COMPILER=mb-gcc" "ASSEMBLER=mb-as" "ARCHIVER=mb-ar" "COMPILER
TRACE::2024-11-19.03:30:24::SCWMssOS::_FLAGS=  -O2 -c -mcpu=v11.0 -mlittle-endian -mno-xl-reorder -mno-xl-soft-mul -mxl-barrel-shift -mxl-pattern-compare" "EXTRA_COM
TRACE::2024-11-19.03:30:24::SCWMssOS::PILER_FLAGS=-g -ffunction-sections -fdata-sections -Wall -Wextra -fno-tree-loop-distribute-patterns"

TRACE::2024-11-19.03:30:24::SCWMssOS::"Running Make libs in microblaze_0/libsrc/uartlite_v3_7/src"

TRACE::2024-11-19.03:30:24::SCWMssOS::make -C microblaze_0/libsrc/uartlite_v3_7/src -s libs  "SHELL=CMD" "COMPILER=mb-gcc" "ASSEMBLER=mb-as" "ARCHIVER=mb-ar" "COMPIL
TRACE::2024-11-19.03:30:24::SCWMssOS::ER_FLAGS=  -O2 -c -mcpu=v11.0 -mlittle-endian -mno-xl-reorder -mno-xl-soft-mul -mxl-barrel-shift -mxl-pattern-compare" "EXTRA_C
TRACE::2024-11-19.03:30:24::SCWMssOS::OMPILER_FLAGS=-g -ffunction-sections -fdata-sections -Wall -Wextra -fno-tree-loop-distribute-patterns"

TRACE::2024-11-19.03:30:25::SCWMssOS::"DEBUG NON_LTO_OBJECTS is ../../../lib/microblaze_interrupt_handler.o"

TRACE::2024-11-19.03:30:26::SCWMssOS::'Finished building libraries parallelly.'

TRACE::2024-11-19.03:30:26::SCWMssOS::make --no-print-directory archive

TRACE::2024-11-19.03:30:26::SCWMssOS::mb-ar -r  microblaze_0/lib/libxil.a microblaze_0/lib/_exit.o microblaze_0/lib/errno.o microblaze_0/lib/fcntl.o microblaze_0/lib
TRACE::2024-11-19.03:30:26::SCWMssOS::/hw_exception_handler.o microblaze_0/lib/inbyte.o microblaze_0/lib/microblaze_disable_dcache.o microblaze_0/lib/microblaze_disa
TRACE::2024-11-19.03:30:26::SCWMssOS::ble_exceptions.o microblaze_0/lib/microblaze_disable_icache.o microblaze_0/lib/microblaze_disable_interrupts.o microblaze_0/lib
TRACE::2024-11-19.03:30:26::SCWMssOS::/microblaze_enable_dcache.o microblaze_0/lib/microblaze_enable_exceptions.o microblaze_0/lib/microblaze_enable_icache.o microbl
TRACE::2024-11-19.03:30:26::SCWMssOS::aze_0/lib/microblaze_enable_interrupts.o microblaze_0/lib/microblaze_exception_handler.o microblaze_0/lib/microblaze_flush_cach
TRACE::2024-11-19.03:30:26::SCWMssOS::e_ext.o microblaze_0/lib/microblaze_flush_cache_ext_range.o microblaze_0/lib/microblaze_flush_dcache.o microblaze_0/lib/microbl
TRACE::2024-11-19.03:30:26::SCWMssOS::aze_flush_dcache_range.o microblaze_0/lib/microblaze_init_dcache_range.o microblaze_0/lib/microblaze_init_icache_range.o microb
TRACE::2024-11-19.03:30:26::SCWMssOS::laze_0/lib/microblaze_interrupt_handler.o microblaze_0/lib/microblaze_interrupts_g.o microblaze_0/lib/microblaze_invalidate_cac
TRACE::2024-11-19.03:30:26::SCWMssOS::he_ext.o microblaze_0/lib/microblaze_invalidate_cache_ext_range.o microblaze_0/lib/microblaze_invalidate_dcache.o microblaze_0/
TRACE::2024-11-19.03:30:26::SCWMssOS::lib/microblaze_invalidate_dcache_range.o microblaze_0/lib/microblaze_invalidate_icache.o microblaze_0/lib/microblaze_invalidate
TRACE::2024-11-19.03:30:26::SCWMssOS::_icache_range.o microblaze_0/lib/microblaze_scrub.o microblaze_0/lib/microblaze_selftest.o microblaze_0/lib/microblaze_sleep.o 
TRACE::2024-11-19.03:30:26::SCWMssOS::microblaze_0/lib/microblaze_update_dcache.o microblaze_0/lib/microblaze_update_icache.o microblaze_0/lib/outbyte.o microblaze_0
TRACE::2024-11-19.03:30:26::SCWMssOS::/lib/print.o microblaze_0/lib/pvr.o microblaze_0/lib/xbram.o microblaze_0/lib/xbram_g.o microblaze_0/lib/xbram_intr.o microblaz
TRACE::2024-11-19.03:30:26::SCWMssOS::e_0/lib/xbram_selftest.o microblaze_0/lib/xbram_sinit.o microblaze_0/lib/xgpio.o microblaze_0/lib/xgpio_extra.o microblaze_0/li
TRACE::2024-11-19.03:30:26::SCWMssOS::b/xgpio_g.o microblaze_0/lib/xgpio_intr.o microblaze_0/lib/xgpio_selftest.o microblaze_0/lib/xgpio_sinit.o microblaze_0/lib/xil
TRACE::2024-11-19.03:30:26::SCWMssOS::_assert.o microblaze_0/lib/xil_cache.o microblaze_0/lib/xil_clocking.o microblaze_0/lib/xil_exception.o microblaze_0/lib/xil_me
TRACE::2024-11-19.03:30:26::SCWMssOS::m.o microblaze_0/lib/xil_misc_psreset_api.o microblaze_0/lib/xil_printf.o microblaze_0/lib/xil_sleepcommon.o microblaze_0/lib/x
TRACE::2024-11-19.03:30:26::SCWMssOS::il_testcache.o microblaze_0/lib/xil_testio.o microblaze_0/lib/xil_testmem.o microblaze_0/lib/xil_util.o microblaze_0/lib/xintc.
TRACE::2024-11-19.03:30:26::SCWMssOS::o microblaze_0/lib/xintc_g.o microblaze_0/lib/xintc_intr.o microblaze_0/lib/xintc_l.o microblaze_0/lib/xintc_options.o microbla
TRACE::2024-11-19.03:30:26::SCWMssOS::ze_0/lib/xintc_selftest.o microblaze_0/lib/xinterrupt_wrap.o microblaze_0/lib/xio.o microblaze_0/lib/xplatform_info.o microblaz
TRACE::2024-11-19.03:30:26::SCWMssOS::e_0/lib/xspi.o microblaze_0/lib/xspi_g.o microblaze_0/lib/xspi_options.o microblaze_0/lib/xspi_selftest.o microblaze_0/lib/xspi
TRACE::2024-11-19.03:30:26::SCWMssOS::_sinit.o microblaze_0/lib/xspi_stats.o microblaze_0/lib/xtmrctr.o microblaze_0/lib/xtmrctr_g.o microblaze_0/lib/xtmrctr_intr.o 
TRACE::2024-11-19.03:30:26::SCWMssOS::microblaze_0/lib/xtmrctr_l.o microblaze_0/lib/xtmrctr_options.o microblaze_0/lib/xtmrctr_selftest.o microblaze_0/lib/xtmrctr_si
TRACE::2024-11-19.03:30:26::SCWMssOS::nit.o microblaze_0/lib/xtmrctr_stats.o microblaze_0/lib/xuartlite.o microblaze_0/lib/xuartlite_g.o microblaze_0/lib/xuartlite_i
TRACE::2024-11-19.03:30:26::SCWMssOS::ntr.o microblaze_0/lib/xuartlite_l.o microblaze_0/lib/xuartlite_selftest.o microblaze_0/lib/xuartlite_sinit.o microblaze_0/lib/
TRACE::2024-11-19.03:30:26::SCWMssOS::xuartlite_stats.o

TRACE::2024-11-19.03:30:26::SCWMssOS::'Finished building libraries'

TRACE::2024-11-19.03:30:26::SCWMssOS:: Checking if to create the Supporting Applications
TRACE::2024-11-19.03:30:26::SCWMssOS:: No Linux domain exists, trying to generate FSBL 
LOG::2024-11-19.03:30:26::SCWSystem::Completed Processing the domain standalone_microblaze_0
LOG::2024-11-19.03:30:26::SCWSystem::Completed Processing the sysconfig mb_usb_hdmi_top
LOG::2024-11-19.03:30:26::SCWPlatform::Completed generating the artifacts for system configuration mb_usb_hdmi_top
TRACE::2024-11-19.03:30:26::SCWPlatform::Started preparing the platform 
TRACE::2024-11-19.03:30:26::SCWSystem::Writing the bif file for system config mb_usb_hdmi_top
TRACE::2024-11-19.03:30:26::SCWSystem::dir created 
TRACE::2024-11-19.03:30:26::SCWSystem::Writing the bif 
TRACE::2024-11-19.03:30:26::SCWPlatform::Started writing the spfm file 
TRACE::2024-11-19.03:30:26::SCWPlatform::Started writing the xpfm file 
TRACE::2024-11-19.03:30:26::SCWPlatform::Completed generating the platform
TRACE::2024-11-19.03:30:26::SCWMssOS::Saving the mss changes C:/Users/curti/OneDrive/Documents/UIUC/ECE-385/Vivado_Projects/lab_6_2/workspace/mb_usb_hdmi_top/microblaze_0/standalone_microblaze_0/bsp/system.mss
TRACE::2024-11-19.03:30:26::SCWMssOS::Adding the swdes entry, mss present, able to open swdb C:/Users/curti/OneDrive/Documents/UIUC/ECE-385/Vivado_Projects/lab_6_2/workspace/mb_usb_hdmi_top/microblaze_0/standalone_microblaze_0/bsp/system.mss with des name system
TRACE::2024-11-19.03:30:26::SCWMssOS::Writing the mss file completed C:/Users/curti/OneDrive/Documents/UIUC/ECE-385/Vivado_Projects/lab_6_2/workspace/mb_usb_hdmi_top/microblaze_0/standalone_microblaze_0/bsp/system.mss
TRACE::2024-11-19.03:30:26::SCWMssOS::Commit changes completed.
TRACE::2024-11-19.03:30:26::SCWPlatform::Trying to open the hw design at C:/Users/curti/OneDrive/Documents/UIUC/ECE-385/Vivado_Projects/lab_6_2/workspace/mb_usb_hdmi_top/hw/Final_Project.xsa
TRACE::2024-11-19.03:30:26::SCWPlatform::DSA given C:/Users/curti/OneDrive/Documents/UIUC/ECE-385/Vivado_Projects/lab_6_2/workspace/mb_usb_hdmi_top/hw/Final_Project.xsa
TRACE::2024-11-19.03:30:26::SCWPlatform::DSA absoulate path C:/Users/curti/OneDrive/Documents/UIUC/ECE-385/Vivado_Projects/lab_6_2/workspace/mb_usb_hdmi_top/hw/Final_Project.xsa
TRACE::2024-11-19.03:30:26::SCWPlatform::DSA directory C:/Users/curti/OneDrive/Documents/UIUC/ECE-385/Vivado_Projects/lab_6_2/workspace/mb_usb_hdmi_top/hw
TRACE::2024-11-19.03:30:26::SCWPlatform:: Platform Path C:/Users/curti/OneDrive/Documents/UIUC/ECE-385/Vivado_Projects/lab_6_2/workspace/mb_usb_hdmi_top/hw/Final_Project.xsa
TRACE::2024-11-19.03:30:26::SCWPlatform:: Unique name xilinx:::0.0
TRACE::2024-11-19.03:30:26::SCWPlatform::Trying to set the existing hwdb with name mb_usb_hdmi_top_1
TRACE::2024-11-19.03:30:26::SCWPlatform::Opened existing hwdb mb_usb_hdmi_top_1
TRACE::2024-11-19.03:30:26::SCWPlatform::Found the Hw Db part of the input DSA
TRACE::2024-11-19.03:30:26::SCWMssOS::Checking the sw design at  C:/Users/curti/OneDrive/Documents/UIUC/ECE-385/Vivado_Projects/lab_6_2/workspace/mb_usb_hdmi_top/microblaze_0/standalone_microblaze_0/bsp/system.mss
TRACE::2024-11-19.03:30:26::SCWMssOS::DEBUG:  swdes dump  C:/Users/curti/OneDrive/Documents/UIUC/ECE-385/Vivado_Projects/lab_6_2/workspace/mb_usb_hdmi_top/microblaze_0/standalone_microblaze_0/bsp/system.mss|system||

TRACE::2024-11-19.03:30:26::SCWMssOS::Sw design exists and opened at  C:/Users/curti/OneDrive/Documents/UIUC/ECE-385/Vivado_Projects/lab_6_2/workspace/mb_usb_hdmi_top/microblaze_0/standalone_microblaze_0/bsp/system.mss
TRACE::2024-11-19.03:30:26::SCWWriter::formatted JSON is {
	"platformName":	"mb_usb_hdmi_top",
	"sprVersion":	"2.0",
	"mode":	"gui",
	"dsaType":	"Fixed",
	"platformDesc":	"mb_usb_hdmi_top",
	"platHandOff":	"C:/Users/curti/OneDrive/Documents/UIUC/ECE-385/Vivado_Projects/Final_Project/Final_Project.xsa",
	"platIntHandOff":	"<platformDir>/hw/Final_Project.xsa",
	"deviceType":	"FPGA",
	"platIsPrebuiltAutogen":	"false",
	"platIsNoBootBsp":	"false",
	"hasFsblMakeHasChanges":	"false",
	"hasPmufwMakeHasChanges":	"false",
	"platPreBuiltFlag":	false,
	"platformSamplesDir":	"",
	"platActiveSys":	"mb_usb_hdmi_top",
	"systems":	[{
			"systemName":	"mb_usb_hdmi_top",
			"systemDesc":	"mb_usb_hdmi_top",
			"sysIsBootAutoGen":	"true",
			"systemDispName":	"mb_usb_hdmi_top",
			"sysActiveDom":	"standalone_microblaze_0",
			"sysDefaultDom":	"standalone_microblaze_0",
			"domains":	[{
					"domainName":	"standalone_microblaze_0",
					"domainDispName":	"standalone_microblaze_0",
					"domainDesc":	"standalone_microblaze_0",
					"processors":	"microblaze_0",
					"os":	"standalone",
					"sdxOs":	"standalone",
					"debugEnable":	"False",
					"domRuntimes":	["cpp"],
					"swRepo":	"",
					"mssOsVer":	"8.0",
					"mssFile":	"",
					"md5Digest":	"304529987e879521ca977c68d163f362",
					"compatibleApp":	"",
					"domType":	"mssDomain",
					"arch":	"32-bit",
					"appSettings":	{
						"appCompilerFlags":	"",
						"appLinkerFlags":	""
					},
					"addedLibs":	[],
					"libOptions":	{
						"libsContainingOptions":	[]
					},
					"prebuiltLibs":	{
						"prebuiltIncPath":	[],
						"prebuiltLibPath":	[]
					},
					"isolation":	{
					}
				}]
		}]
}
KEYINFO::2024-11-19.03:30:26::SCWPlatform::updated the xpfm file.
TRACE::2024-11-19.03:30:27::SCWPlatform::Trying to open the hw design at C:/Users/curti/OneDrive/Documents/UIUC/ECE-385/Vivado_Projects/lab_6_2/workspace/mb_usb_hdmi_top/hw/Final_Project.xsa
TRACE::2024-11-19.03:30:27::SCWPlatform::DSA given C:/Users/curti/OneDrive/Documents/UIUC/ECE-385/Vivado_Projects/lab_6_2/workspace/mb_usb_hdmi_top/hw/Final_Project.xsa
TRACE::2024-11-19.03:30:27::SCWPlatform::DSA absoulate path C:/Users/curti/OneDrive/Documents/UIUC/ECE-385/Vivado_Projects/lab_6_2/workspace/mb_usb_hdmi_top/hw/Final_Project.xsa
TRACE::2024-11-19.03:30:27::SCWPlatform::DSA directory C:/Users/curti/OneDrive/Documents/UIUC/ECE-385/Vivado_Projects/lab_6_2/workspace/mb_usb_hdmi_top/hw
TRACE::2024-11-19.03:30:27::SCWPlatform:: Platform Path C:/Users/curti/OneDrive/Documents/UIUC/ECE-385/Vivado_Projects/lab_6_2/workspace/mb_usb_hdmi_top/hw/Final_Project.xsa
TRACE::2024-11-19.03:30:27::SCWPlatform:: Unique name xilinx:::0.0
TRACE::2024-11-19.03:30:27::SCWPlatform::Trying to set the existing hwdb with name mb_usb_hdmi_top_1
TRACE::2024-11-19.03:30:27::SCWPlatform::Opened existing hwdb mb_usb_hdmi_top_1
TRACE::2024-11-19.03:30:27::SCWPlatform::Found the Hw Db part of the input DSA
TRACE::2024-11-19.03:30:27::SCWMssOS::Checking the sw design at  C:/Users/curti/OneDrive/Documents/UIUC/ECE-385/Vivado_Projects/lab_6_2/workspace/mb_usb_hdmi_top/microblaze_0/standalone_microblaze_0/bsp/system.mss
TRACE::2024-11-19.03:30:27::SCWMssOS::DEBUG:  swdes dump  C:/Users/curti/OneDrive/Documents/UIUC/ECE-385/Vivado_Projects/lab_6_2/workspace/mb_usb_hdmi_top/microblaze_0/standalone_microblaze_0/bsp/system.mss|system||

TRACE::2024-11-19.03:30:27::SCWMssOS::Sw design exists and opened at  C:/Users/curti/OneDrive/Documents/UIUC/ECE-385/Vivado_Projects/lab_6_2/workspace/mb_usb_hdmi_top/microblaze_0/standalone_microblaze_0/bsp/system.mss
TRACE::2024-11-19.03:32:55::SCWPlatform::Trying to open the hw design at C:/Users/curti/OneDrive/Documents/UIUC/ECE-385/Vivado_Projects/lab_6_2/workspace/mb_usb_hdmi_top/hw/Final_Project.xsa
TRACE::2024-11-19.03:32:55::SCWPlatform::DSA given C:/Users/curti/OneDrive/Documents/UIUC/ECE-385/Vivado_Projects/lab_6_2/workspace/mb_usb_hdmi_top/hw/Final_Project.xsa
TRACE::2024-11-19.03:32:55::SCWPlatform::DSA absoulate path C:/Users/curti/OneDrive/Documents/UIUC/ECE-385/Vivado_Projects/lab_6_2/workspace/mb_usb_hdmi_top/hw/Final_Project.xsa
TRACE::2024-11-19.03:32:55::SCWPlatform::DSA directory C:/Users/curti/OneDrive/Documents/UIUC/ECE-385/Vivado_Projects/lab_6_2/workspace/mb_usb_hdmi_top/hw
TRACE::2024-11-19.03:32:55::SCWPlatform:: Platform Path C:/Users/curti/OneDrive/Documents/UIUC/ECE-385/Vivado_Projects/lab_6_2/workspace/mb_usb_hdmi_top/hw/Final_Project.xsa
TRACE::2024-11-19.03:32:55::SCWPlatform:: Unique name xilinx:::0.0
TRACE::2024-11-19.03:32:55::SCWPlatform::Do not have an existing db opened. 
TRACE::2024-11-19.03:32:56::SCWPlatform::Opened new HwDB with name mb_usb_hdmi_top_0
TRACE::2024-11-19.03:32:56::SCWReader::Active system found as  mb_usb_hdmi_top
TRACE::2024-11-19.03:32:56::SCWReader::Handling sysconfig mb_usb_hdmi_top
TRACE::2024-11-19.03:32:56::SCWDomain::checking for install qemu data   : 
TRACE::2024-11-19.03:32:56::SCWPlatform::Trying to open the hw design at C:/Users/curti/OneDrive/Documents/UIUC/ECE-385/Vivado_Projects/lab_6_2/workspace/mb_usb_hdmi_top/hw/Final_Project.xsa
TRACE::2024-11-19.03:32:56::SCWPlatform::DSA given C:/Users/curti/OneDrive/Documents/UIUC/ECE-385/Vivado_Projects/lab_6_2/workspace/mb_usb_hdmi_top/hw/Final_Project.xsa
TRACE::2024-11-19.03:32:56::SCWPlatform::DSA absoulate path C:/Users/curti/OneDrive/Documents/UIUC/ECE-385/Vivado_Projects/lab_6_2/workspace/mb_usb_hdmi_top/hw/Final_Project.xsa
TRACE::2024-11-19.03:32:56::SCWPlatform::DSA directory C:/Users/curti/OneDrive/Documents/UIUC/ECE-385/Vivado_Projects/lab_6_2/workspace/mb_usb_hdmi_top/hw
TRACE::2024-11-19.03:32:56::SCWPlatform:: Platform Path C:/Users/curti/OneDrive/Documents/UIUC/ECE-385/Vivado_Projects/lab_6_2/workspace/mb_usb_hdmi_top/hw/Final_Project.xsa
TRACE::2024-11-19.03:32:56::SCWPlatform:: Unique name xilinx:::0.0
TRACE::2024-11-19.03:32:56::SCWPlatform::Trying to set the existing hwdb with name mb_usb_hdmi_top_0
TRACE::2024-11-19.03:32:56::SCWPlatform::Opened existing hwdb mb_usb_hdmi_top_0
TRACE::2024-11-19.03:32:56::SCWPlatform::Found the Hw Db part of the input DSA
TRACE::2024-11-19.03:32:56::SCWPlatform::Trying to open the hw design at C:/Users/curti/OneDrive/Documents/UIUC/ECE-385/Vivado_Projects/lab_6_2/workspace/mb_usb_hdmi_top/hw/Final_Project.xsa
TRACE::2024-11-19.03:32:56::SCWPlatform::DSA given C:/Users/curti/OneDrive/Documents/UIUC/ECE-385/Vivado_Projects/lab_6_2/workspace/mb_usb_hdmi_top/hw/Final_Project.xsa
TRACE::2024-11-19.03:32:56::SCWPlatform::DSA absoulate path C:/Users/curti/OneDrive/Documents/UIUC/ECE-385/Vivado_Projects/lab_6_2/workspace/mb_usb_hdmi_top/hw/Final_Project.xsa
TRACE::2024-11-19.03:32:56::SCWPlatform::DSA directory C:/Users/curti/OneDrive/Documents/UIUC/ECE-385/Vivado_Projects/lab_6_2/workspace/mb_usb_hdmi_top/hw
TRACE::2024-11-19.03:32:56::SCWPlatform:: Platform Path C:/Users/curti/OneDrive/Documents/UIUC/ECE-385/Vivado_Projects/lab_6_2/workspace/mb_usb_hdmi_top/hw/Final_Project.xsa
TRACE::2024-11-19.03:32:56::SCWPlatform:: Unique name xilinx:::0.0
TRACE::2024-11-19.03:32:56::SCWPlatform::Trying to set the existing hwdb with name mb_usb_hdmi_top_0
TRACE::2024-11-19.03:32:56::SCWPlatform::Opened existing hwdb mb_usb_hdmi_top_0
TRACE::2024-11-19.03:32:56::SCWPlatform::Found the Hw Db part of the input DSA
TRACE::2024-11-19.03:32:56::SCWPlatform::Trying to open the hw design at C:/Users/curti/OneDrive/Documents/UIUC/ECE-385/Vivado_Projects/lab_6_2/workspace/mb_usb_hdmi_top/hw/Final_Project.xsa
TRACE::2024-11-19.03:32:56::SCWPlatform::DSA given C:/Users/curti/OneDrive/Documents/UIUC/ECE-385/Vivado_Projects/lab_6_2/workspace/mb_usb_hdmi_top/hw/Final_Project.xsa
TRACE::2024-11-19.03:32:56::SCWPlatform::DSA absoulate path C:/Users/curti/OneDrive/Documents/UIUC/ECE-385/Vivado_Projects/lab_6_2/workspace/mb_usb_hdmi_top/hw/Final_Project.xsa
TRACE::2024-11-19.03:32:56::SCWPlatform::DSA directory C:/Users/curti/OneDrive/Documents/UIUC/ECE-385/Vivado_Projects/lab_6_2/workspace/mb_usb_hdmi_top/hw
TRACE::2024-11-19.03:32:56::SCWPlatform:: Platform Path C:/Users/curti/OneDrive/Documents/UIUC/ECE-385/Vivado_Projects/lab_6_2/workspace/mb_usb_hdmi_top/hw/Final_Project.xsa
TRACE::2024-11-19.03:32:56::SCWPlatform:: Unique name xilinx:::0.0
TRACE::2024-11-19.03:32:56::SCWPlatform::Trying to set the existing hwdb with name mb_usb_hdmi_top_0
TRACE::2024-11-19.03:32:56::SCWPlatform::Opened existing hwdb mb_usb_hdmi_top_0
TRACE::2024-11-19.03:32:56::SCWPlatform::Found the Hw Db part of the input DSA
TRACE::2024-11-19.03:32:56::SCWPlatform::Trying to open the hw design at C:/Users/curti/OneDrive/Documents/UIUC/ECE-385/Vivado_Projects/lab_6_2/workspace/mb_usb_hdmi_top/hw/Final_Project.xsa
TRACE::2024-11-19.03:32:56::SCWPlatform::DSA given C:/Users/curti/OneDrive/Documents/UIUC/ECE-385/Vivado_Projects/lab_6_2/workspace/mb_usb_hdmi_top/hw/Final_Project.xsa
TRACE::2024-11-19.03:32:56::SCWPlatform::DSA absoulate path C:/Users/curti/OneDrive/Documents/UIUC/ECE-385/Vivado_Projects/lab_6_2/workspace/mb_usb_hdmi_top/hw/Final_Project.xsa
TRACE::2024-11-19.03:32:56::SCWPlatform::DSA directory C:/Users/curti/OneDrive/Documents/UIUC/ECE-385/Vivado_Projects/lab_6_2/workspace/mb_usb_hdmi_top/hw
TRACE::2024-11-19.03:32:56::SCWPlatform:: Platform Path C:/Users/curti/OneDrive/Documents/UIUC/ECE-385/Vivado_Projects/lab_6_2/workspace/mb_usb_hdmi_top/hw/Final_Project.xsa
TRACE::2024-11-19.03:32:56::SCWPlatform:: Unique name xilinx:::0.0
TRACE::2024-11-19.03:32:56::SCWPlatform::Trying to set the existing hwdb with name mb_usb_hdmi_top_0
TRACE::2024-11-19.03:32:56::SCWPlatform::Opened existing hwdb mb_usb_hdmi_top_0
TRACE::2024-11-19.03:32:56::SCWPlatform::Found the Hw Db part of the input DSA
TRACE::2024-11-19.03:32:56::SCWMssOS::Checking the sw design at  C:/Users/curti/OneDrive/Documents/UIUC/ECE-385/Vivado_Projects/lab_6_2/workspace/mb_usb_hdmi_top/microblaze_0/standalone_microblaze_0/bsp/system.mss
TRACE::2024-11-19.03:32:56::SCWMssOS::DEBUG:  swdes dump  
TRACE::2024-11-19.03:32:56::SCWMssOS::No sw design opened at  C:/Users/curti/OneDrive/Documents/UIUC/ECE-385/Vivado_Projects/lab_6_2/workspace/mb_usb_hdmi_top/microblaze_0/standalone_microblaze_0/bsp/system.mss
TRACE::2024-11-19.03:32:56::SCWMssOS::mss exists loading the mss file  C:/Users/curti/OneDrive/Documents/UIUC/ECE-385/Vivado_Projects/lab_6_2/workspace/mb_usb_hdmi_top/microblaze_0/standalone_microblaze_0/bsp/system.mss
TRACE::2024-11-19.03:32:56::SCWMssOS::Opened the sw design from mss  C:/Users/curti/OneDrive/Documents/UIUC/ECE-385/Vivado_Projects/lab_6_2/workspace/mb_usb_hdmi_top/microblaze_0/standalone_microblaze_0/bsp/system.mss
TRACE::2024-11-19.03:32:56::SCWMssOS::Adding the swdes entry C:/Users/curti/OneDrive/Documents/UIUC/ECE-385/Vivado_Projects/lab_6_2/workspace/mb_usb_hdmi_top/microblaze_0/standalone_microblaze_0/bsp/system.mss with des name system
TRACE::2024-11-19.03:32:56::SCWMssOS::updating the scw layer about changes
TRACE::2024-11-19.03:32:56::SCWMssOS::Opened the sw design.  C:/Users/curti/OneDrive/Documents/UIUC/ECE-385/Vivado_Projects/lab_6_2/workspace/mb_usb_hdmi_top/microblaze_0/standalone_microblaze_0/bsp/system.mss
TRACE::2024-11-19.03:32:56::SCWMssOS::Saving the mss changes C:/Users/curti/OneDrive/Documents/UIUC/ECE-385/Vivado_Projects/lab_6_2/workspace/mb_usb_hdmi_top/microblaze_0/standalone_microblaze_0/bsp/system.mss
TRACE::2024-11-19.03:32:56::SCWMssOS::Found a swdesign opened with the mssfile.
TRACE::2024-11-19.03:32:56::SCWMssOS::Completed writemss as part of save.
TRACE::2024-11-19.03:32:56::SCWMssOS::Commit changes completed.
TRACE::2024-11-19.03:32:56::SCWReader::Adding prebuilt librarypaths as   
TRACE::2024-11-19.03:32:56::SCWReader::Adding prebuilt incpaths  as   
TRACE::2024-11-19.03:32:56::SCWPlatform::Trying to open the hw design at C:/Users/curti/OneDrive/Documents/UIUC/ECE-385/Vivado_Projects/lab_6_2/workspace/mb_usb_hdmi_top/hw/Final_Project.xsa
TRACE::2024-11-19.03:32:56::SCWPlatform::DSA given C:/Users/curti/OneDrive/Documents/UIUC/ECE-385/Vivado_Projects/lab_6_2/workspace/mb_usb_hdmi_top/hw/Final_Project.xsa
TRACE::2024-11-19.03:32:56::SCWPlatform::DSA absoulate path C:/Users/curti/OneDrive/Documents/UIUC/ECE-385/Vivado_Projects/lab_6_2/workspace/mb_usb_hdmi_top/hw/Final_Project.xsa
TRACE::2024-11-19.03:32:56::SCWPlatform::DSA directory C:/Users/curti/OneDrive/Documents/UIUC/ECE-385/Vivado_Projects/lab_6_2/workspace/mb_usb_hdmi_top/hw
TRACE::2024-11-19.03:32:56::SCWPlatform:: Platform Path C:/Users/curti/OneDrive/Documents/UIUC/ECE-385/Vivado_Projects/lab_6_2/workspace/mb_usb_hdmi_top/hw/Final_Project.xsa
TRACE::2024-11-19.03:32:56::SCWPlatform:: Unique name xilinx:::0.0
TRACE::2024-11-19.03:32:56::SCWPlatform::Trying to set the existing hwdb with name mb_usb_hdmi_top_0
TRACE::2024-11-19.03:32:56::SCWPlatform::Opened existing hwdb mb_usb_hdmi_top_0
TRACE::2024-11-19.03:32:56::SCWPlatform::Found the Hw Db part of the input DSA
TRACE::2024-11-19.03:32:56::SCWMssOS::Checking the sw design at  C:/Users/curti/OneDrive/Documents/UIUC/ECE-385/Vivado_Projects/lab_6_2/workspace/mb_usb_hdmi_top/microblaze_0/standalone_microblaze_0/bsp/system.mss
TRACE::2024-11-19.03:32:56::SCWMssOS::DEBUG:  swdes dump  C:/Users/curti/OneDrive/Documents/UIUC/ECE-385/Vivado_Projects/lab_6_2/workspace/mb_usb_hdmi_top/microblaze_0/standalone_microblaze_0/bsp/system.mss|system||

TRACE::2024-11-19.03:32:56::SCWMssOS::Sw design exists and opened at  C:/Users/curti/OneDrive/Documents/UIUC/ECE-385/Vivado_Projects/lab_6_2/workspace/mb_usb_hdmi_top/microblaze_0/standalone_microblaze_0/bsp/system.mss
TRACE::2024-11-19.03:32:56::SCWReader::No isolation master present  
TRACE::2024-11-19.03:32:56::SCWMssOS::cleaning the bsp 
TRACE::2024-11-19.03:32:56::SCWMssOS::System Command Ran  C: & cd  C:/Users/curti/OneDrive/Documents/UIUC/ECE-385/Vivado_Projects/lab_6_2/workspace/mb_usb_hdmi_top/microblaze_0/standalone_microblaze_0/bsp & make clean 
TRACE::2024-11-19.03:32:56::SCWMssOS::make -C microblaze_0/libsrc/bram_v4_8/src -s clean 

TRACE::2024-11-19.03:32:56::SCWMssOS::make -C microblaze_0/libsrc/cpu_v2_16/src -s clean 

TRACE::2024-11-19.03:32:56::SCWMssOS::make -C microblaze_0/libsrc/gpio_v4_9/src -s clean 

TRACE::2024-11-19.03:32:56::SCWMssOS::make -C microblaze_0/libsrc/intc_v3_15/src -s clean 

TRACE::2024-11-19.03:32:56::SCWMssOS::make -C microblaze_0/libsrc/spi_v4_9/src -s clean 

TRACE::2024-11-19.03:32:56::SCWMssOS::make -C microblaze_0/libsrc/standalone_v8_0/src -s clean 

TRACE::2024-11-19.03:32:57::SCWMssOS::make -C microblaze_0/libsrc/tmrctr_v4_9/src -s clean 

TRACE::2024-11-19.03:32:57::SCWMssOS::make -C microblaze_0/libsrc/uartlite_v3_7/src -s clean 

TRACE::2024-11-19.03:32:57::SCWMssOS::rm -f microblaze_0/lib/libxil.a

TRACE::2024-11-19.03:33:00::SCWMssOS::cleaning the bsp 
TRACE::2024-11-19.03:33:00::SCWMssOS::System Command Ran  C: & cd  C:/Users/curti/OneDrive/Documents/UIUC/ECE-385/Vivado_Projects/lab_6_2/workspace/mb_usb_hdmi_top/microblaze_0/standalone_microblaze_0/bsp & make clean 
TRACE::2024-11-19.03:33:00::SCWMssOS::make -C microblaze_0/libsrc/bram_v4_8/src -s clean 

TRACE::2024-11-19.03:33:00::SCWMssOS::make -C microblaze_0/libsrc/cpu_v2_16/src -s clean 

TRACE::2024-11-19.03:33:00::SCWMssOS::make -C microblaze_0/libsrc/gpio_v4_9/src -s clean 

TRACE::2024-11-19.03:33:00::SCWMssOS::make -C microblaze_0/libsrc/intc_v3_15/src -s clean 

TRACE::2024-11-19.03:33:00::SCWMssOS::make -C microblaze_0/libsrc/spi_v4_9/src -s clean 

TRACE::2024-11-19.03:33:00::SCWMssOS::make -C microblaze_0/libsrc/standalone_v8_0/src -s clean 

TRACE::2024-11-19.03:33:00::SCWMssOS::make -C microblaze_0/libsrc/tmrctr_v4_9/src -s clean 

TRACE::2024-11-19.03:33:00::SCWMssOS::make -C microblaze_0/libsrc/uartlite_v3_7/src -s clean 

TRACE::2024-11-19.03:33:00::SCWMssOS::rm -f microblaze_0/lib/libxil.a

TRACE::2024-11-19.03:33:01::SCWPlatform::Clearing the existing platform
TRACE::2024-11-19.03:33:01::SCWSystem::Clearing the existing sysconfig
TRACE::2024-11-19.03:33:01::SCWMssOS::Removing the swdes entry for  C:/Users/curti/OneDrive/Documents/UIUC/ECE-385/Vivado_Projects/lab_6_2/workspace/mb_usb_hdmi_top/microblaze_0/standalone_microblaze_0/bsp/system.mss
TRACE::2024-11-19.03:33:01::SCWSystem::Clearing the domains completed.
TRACE::2024-11-19.03:33:01::SCWPlatform::Clearing the opened hw db.
TRACE::2024-11-19.03:33:01::SCWPlatform::DSA given C:/Users/curti/OneDrive/Documents/UIUC/ECE-385/Vivado_Projects/lab_6_2/workspace/mb_usb_hdmi_top/hw/Final_Project.xsa
TRACE::2024-11-19.03:33:01::SCWPlatform::DSA absoulate path C:/Users/curti/OneDrive/Documents/UIUC/ECE-385/Vivado_Projects/lab_6_2/workspace/mb_usb_hdmi_top/hw/Final_Project.xsa
TRACE::2024-11-19.03:33:01::SCWPlatform:: Platform location is C:/Users/curti/OneDrive/Documents/UIUC/ECE-385/Vivado_Projects/lab_6_2/workspace/mb_usb_hdmi_top/hw
TRACE::2024-11-19.03:33:01::SCWPlatform:: Platform Path C:/Users/curti/OneDrive/Documents/UIUC/ECE-385/Vivado_Projects/lab_6_2/workspace/mb_usb_hdmi_top/hw/Final_Project.xsa
TRACE::2024-11-19.03:33:01::SCWPlatform:: Unique name xilinx:::0.0
TRACE::2024-11-19.03:33:01::SCWPlatform::Removing the HwDB with name C:/Users/curti/OneDrive/Documents/UIUC/ECE-385/Vivado_Projects/lab_6_2/workspace/mb_usb_hdmi_top/hw/Final_Project.xsa
TRACE::2024-11-19.03:33:01::SCWPlatform::Trying to open the hw design at C:/Users/curti/OneDrive/Documents/UIUC/ECE-385/Vivado_Projects/lab_6_2/workspace/mb_usb_hdmi_top/hw/Final_Project.xsa
TRACE::2024-11-19.03:33:01::SCWPlatform::DSA given C:/Users/curti/OneDrive/Documents/UIUC/ECE-385/Vivado_Projects/lab_6_2/workspace/mb_usb_hdmi_top/hw/Final_Project.xsa
TRACE::2024-11-19.03:33:01::SCWPlatform::DSA absoulate path C:/Users/curti/OneDrive/Documents/UIUC/ECE-385/Vivado_Projects/lab_6_2/workspace/mb_usb_hdmi_top/hw/Final_Project.xsa
TRACE::2024-11-19.03:33:01::SCWPlatform::DSA directory C:/Users/curti/OneDrive/Documents/UIUC/ECE-385/Vivado_Projects/lab_6_2/workspace/mb_usb_hdmi_top/hw
TRACE::2024-11-19.03:33:01::SCWPlatform:: Platform Path C:/Users/curti/OneDrive/Documents/UIUC/ECE-385/Vivado_Projects/lab_6_2/workspace/mb_usb_hdmi_top/hw/Final_Project.xsa
TRACE::2024-11-19.03:33:01::SCWPlatform:: Unique name xilinx:::0.0
TRACE::2024-11-19.03:33:01::SCWPlatform::Do not have an existing db opened. 
TRACE::2024-11-19.03:33:01::SCWPlatform::Opened new HwDB with name mb_usb_hdmi_top_1
TRACE::2024-11-19.03:33:01::SCWReader::Active system found as  mb_usb_hdmi_top
TRACE::2024-11-19.03:33:01::SCWReader::Handling sysconfig mb_usb_hdmi_top
TRACE::2024-11-19.03:33:01::SCWDomain::checking for install qemu data   : 
TRACE::2024-11-19.03:33:01::SCWPlatform::Trying to open the hw design at C:/Users/curti/OneDrive/Documents/UIUC/ECE-385/Vivado_Projects/lab_6_2/workspace/mb_usb_hdmi_top/hw/Final_Project.xsa
TRACE::2024-11-19.03:33:01::SCWPlatform::DSA given C:/Users/curti/OneDrive/Documents/UIUC/ECE-385/Vivado_Projects/lab_6_2/workspace/mb_usb_hdmi_top/hw/Final_Project.xsa
TRACE::2024-11-19.03:33:01::SCWPlatform::DSA absoulate path C:/Users/curti/OneDrive/Documents/UIUC/ECE-385/Vivado_Projects/lab_6_2/workspace/mb_usb_hdmi_top/hw/Final_Project.xsa
TRACE::2024-11-19.03:33:01::SCWPlatform::DSA directory C:/Users/curti/OneDrive/Documents/UIUC/ECE-385/Vivado_Projects/lab_6_2/workspace/mb_usb_hdmi_top/hw
TRACE::2024-11-19.03:33:01::SCWPlatform:: Platform Path C:/Users/curti/OneDrive/Documents/UIUC/ECE-385/Vivado_Projects/lab_6_2/workspace/mb_usb_hdmi_top/hw/Final_Project.xsa
TRACE::2024-11-19.03:33:01::SCWPlatform:: Unique name xilinx:::0.0
TRACE::2024-11-19.03:33:01::SCWPlatform::Trying to set the existing hwdb with name mb_usb_hdmi_top_1
TRACE::2024-11-19.03:33:01::SCWPlatform::Opened existing hwdb mb_usb_hdmi_top_1
TRACE::2024-11-19.03:33:01::SCWPlatform::Found the Hw Db part of the input DSA
TRACE::2024-11-19.03:33:01::SCWPlatform::Trying to open the hw design at C:/Users/curti/OneDrive/Documents/UIUC/ECE-385/Vivado_Projects/lab_6_2/workspace/mb_usb_hdmi_top/hw/Final_Project.xsa
TRACE::2024-11-19.03:33:01::SCWPlatform::DSA given C:/Users/curti/OneDrive/Documents/UIUC/ECE-385/Vivado_Projects/lab_6_2/workspace/mb_usb_hdmi_top/hw/Final_Project.xsa
TRACE::2024-11-19.03:33:01::SCWPlatform::DSA absoulate path C:/Users/curti/OneDrive/Documents/UIUC/ECE-385/Vivado_Projects/lab_6_2/workspace/mb_usb_hdmi_top/hw/Final_Project.xsa
TRACE::2024-11-19.03:33:01::SCWPlatform::DSA directory C:/Users/curti/OneDrive/Documents/UIUC/ECE-385/Vivado_Projects/lab_6_2/workspace/mb_usb_hdmi_top/hw
TRACE::2024-11-19.03:33:01::SCWPlatform:: Platform Path C:/Users/curti/OneDrive/Documents/UIUC/ECE-385/Vivado_Projects/lab_6_2/workspace/mb_usb_hdmi_top/hw/Final_Project.xsa
TRACE::2024-11-19.03:33:01::SCWPlatform:: Unique name xilinx:::0.0
TRACE::2024-11-19.03:33:01::SCWPlatform::Trying to set the existing hwdb with name mb_usb_hdmi_top_1
TRACE::2024-11-19.03:33:01::SCWPlatform::Opened existing hwdb mb_usb_hdmi_top_1
TRACE::2024-11-19.03:33:01::SCWPlatform::Found the Hw Db part of the input DSA
TRACE::2024-11-19.03:33:01::SCWPlatform::Trying to open the hw design at C:/Users/curti/OneDrive/Documents/UIUC/ECE-385/Vivado_Projects/lab_6_2/workspace/mb_usb_hdmi_top/hw/Final_Project.xsa
TRACE::2024-11-19.03:33:01::SCWPlatform::DSA given C:/Users/curti/OneDrive/Documents/UIUC/ECE-385/Vivado_Projects/lab_6_2/workspace/mb_usb_hdmi_top/hw/Final_Project.xsa
TRACE::2024-11-19.03:33:01::SCWPlatform::DSA absoulate path C:/Users/curti/OneDrive/Documents/UIUC/ECE-385/Vivado_Projects/lab_6_2/workspace/mb_usb_hdmi_top/hw/Final_Project.xsa
TRACE::2024-11-19.03:33:01::SCWPlatform::DSA directory C:/Users/curti/OneDrive/Documents/UIUC/ECE-385/Vivado_Projects/lab_6_2/workspace/mb_usb_hdmi_top/hw
TRACE::2024-11-19.03:33:01::SCWPlatform:: Platform Path C:/Users/curti/OneDrive/Documents/UIUC/ECE-385/Vivado_Projects/lab_6_2/workspace/mb_usb_hdmi_top/hw/Final_Project.xsa
TRACE::2024-11-19.03:33:01::SCWPlatform:: Unique name xilinx:::0.0
TRACE::2024-11-19.03:33:01::SCWPlatform::Trying to set the existing hwdb with name mb_usb_hdmi_top_1
TRACE::2024-11-19.03:33:01::SCWPlatform::Opened existing hwdb mb_usb_hdmi_top_1
TRACE::2024-11-19.03:33:01::SCWPlatform::Found the Hw Db part of the input DSA
TRACE::2024-11-19.03:33:01::SCWPlatform::Trying to open the hw design at C:/Users/curti/OneDrive/Documents/UIUC/ECE-385/Vivado_Projects/lab_6_2/workspace/mb_usb_hdmi_top/hw/Final_Project.xsa
TRACE::2024-11-19.03:33:01::SCWPlatform::DSA given C:/Users/curti/OneDrive/Documents/UIUC/ECE-385/Vivado_Projects/lab_6_2/workspace/mb_usb_hdmi_top/hw/Final_Project.xsa
TRACE::2024-11-19.03:33:01::SCWPlatform::DSA absoulate path C:/Users/curti/OneDrive/Documents/UIUC/ECE-385/Vivado_Projects/lab_6_2/workspace/mb_usb_hdmi_top/hw/Final_Project.xsa
TRACE::2024-11-19.03:33:01::SCWPlatform::DSA directory C:/Users/curti/OneDrive/Documents/UIUC/ECE-385/Vivado_Projects/lab_6_2/workspace/mb_usb_hdmi_top/hw
TRACE::2024-11-19.03:33:01::SCWPlatform:: Platform Path C:/Users/curti/OneDrive/Documents/UIUC/ECE-385/Vivado_Projects/lab_6_2/workspace/mb_usb_hdmi_top/hw/Final_Project.xsa
TRACE::2024-11-19.03:33:01::SCWPlatform:: Unique name xilinx:::0.0
TRACE::2024-11-19.03:33:01::SCWPlatform::Trying to set the existing hwdb with name mb_usb_hdmi_top_1
TRACE::2024-11-19.03:33:01::SCWPlatform::Opened existing hwdb mb_usb_hdmi_top_1
TRACE::2024-11-19.03:33:01::SCWPlatform::Found the Hw Db part of the input DSA
TRACE::2024-11-19.03:33:01::SCWMssOS::Checking the sw design at  C:/Users/curti/OneDrive/Documents/UIUC/ECE-385/Vivado_Projects/lab_6_2/workspace/mb_usb_hdmi_top/microblaze_0/standalone_microblaze_0/bsp/system.mss
TRACE::2024-11-19.03:33:01::SCWMssOS::DEBUG:  swdes dump  
TRACE::2024-11-19.03:33:01::SCWMssOS::No sw design opened at  C:/Users/curti/OneDrive/Documents/UIUC/ECE-385/Vivado_Projects/lab_6_2/workspace/mb_usb_hdmi_top/microblaze_0/standalone_microblaze_0/bsp/system.mss
TRACE::2024-11-19.03:33:01::SCWMssOS::mss exists loading the mss file  C:/Users/curti/OneDrive/Documents/UIUC/ECE-385/Vivado_Projects/lab_6_2/workspace/mb_usb_hdmi_top/microblaze_0/standalone_microblaze_0/bsp/system.mss
TRACE::2024-11-19.03:33:01::SCWMssOS::Opened the sw design from mss  C:/Users/curti/OneDrive/Documents/UIUC/ECE-385/Vivado_Projects/lab_6_2/workspace/mb_usb_hdmi_top/microblaze_0/standalone_microblaze_0/bsp/system.mss
TRACE::2024-11-19.03:33:01::SCWMssOS::Adding the swdes entry C:/Users/curti/OneDrive/Documents/UIUC/ECE-385/Vivado_Projects/lab_6_2/workspace/mb_usb_hdmi_top/microblaze_0/standalone_microblaze_0/bsp/system.mss with des name system
TRACE::2024-11-19.03:33:01::SCWMssOS::updating the scw layer about changes
TRACE::2024-11-19.03:33:01::SCWMssOS::Opened the sw design.  C:/Users/curti/OneDrive/Documents/UIUC/ECE-385/Vivado_Projects/lab_6_2/workspace/mb_usb_hdmi_top/microblaze_0/standalone_microblaze_0/bsp/system.mss
TRACE::2024-11-19.03:33:01::SCWMssOS::Saving the mss changes C:/Users/curti/OneDrive/Documents/UIUC/ECE-385/Vivado_Projects/lab_6_2/workspace/mb_usb_hdmi_top/microblaze_0/standalone_microblaze_0/bsp/system.mss
TRACE::2024-11-19.03:33:01::SCWMssOS::Found a swdesign opened with the mssfile.
TRACE::2024-11-19.03:33:01::SCWMssOS::Completed writemss as part of save.
TRACE::2024-11-19.03:33:01::SCWMssOS::Commit changes completed.
TRACE::2024-11-19.03:33:01::SCWReader::Adding prebuilt librarypaths as   
TRACE::2024-11-19.03:33:01::SCWReader::Adding prebuilt incpaths  as   
TRACE::2024-11-19.03:33:01::SCWPlatform::Trying to open the hw design at C:/Users/curti/OneDrive/Documents/UIUC/ECE-385/Vivado_Projects/lab_6_2/workspace/mb_usb_hdmi_top/hw/Final_Project.xsa
TRACE::2024-11-19.03:33:01::SCWPlatform::DSA given C:/Users/curti/OneDrive/Documents/UIUC/ECE-385/Vivado_Projects/lab_6_2/workspace/mb_usb_hdmi_top/hw/Final_Project.xsa
TRACE::2024-11-19.03:33:01::SCWPlatform::DSA absoulate path C:/Users/curti/OneDrive/Documents/UIUC/ECE-385/Vivado_Projects/lab_6_2/workspace/mb_usb_hdmi_top/hw/Final_Project.xsa
TRACE::2024-11-19.03:33:01::SCWPlatform::DSA directory C:/Users/curti/OneDrive/Documents/UIUC/ECE-385/Vivado_Projects/lab_6_2/workspace/mb_usb_hdmi_top/hw
TRACE::2024-11-19.03:33:01::SCWPlatform:: Platform Path C:/Users/curti/OneDrive/Documents/UIUC/ECE-385/Vivado_Projects/lab_6_2/workspace/mb_usb_hdmi_top/hw/Final_Project.xsa
TRACE::2024-11-19.03:33:01::SCWPlatform:: Unique name xilinx:::0.0
TRACE::2024-11-19.03:33:01::SCWPlatform::Trying to set the existing hwdb with name mb_usb_hdmi_top_1
TRACE::2024-11-19.03:33:01::SCWPlatform::Opened existing hwdb mb_usb_hdmi_top_1
TRACE::2024-11-19.03:33:01::SCWPlatform::Found the Hw Db part of the input DSA
TRACE::2024-11-19.03:33:01::SCWMssOS::Checking the sw design at  C:/Users/curti/OneDrive/Documents/UIUC/ECE-385/Vivado_Projects/lab_6_2/workspace/mb_usb_hdmi_top/microblaze_0/standalone_microblaze_0/bsp/system.mss
TRACE::2024-11-19.03:33:01::SCWMssOS::DEBUG:  swdes dump  C:/Users/curti/OneDrive/Documents/UIUC/ECE-385/Vivado_Projects/lab_6_2/workspace/mb_usb_hdmi_top/microblaze_0/standalone_microblaze_0/bsp/system.mss|system||

TRACE::2024-11-19.03:33:01::SCWMssOS::Sw design exists and opened at  C:/Users/curti/OneDrive/Documents/UIUC/ECE-385/Vivado_Projects/lab_6_2/workspace/mb_usb_hdmi_top/microblaze_0/standalone_microblaze_0/bsp/system.mss
TRACE::2024-11-19.03:33:01::SCWReader::No isolation master present  
TRACE::2024-11-19.03:33:06::SCWPlatform::DSA given C:/Users/curti/OneDrive/Documents/UIUC/ECE-385/Vivado_Projects/lab_6_2/workspace/mb_usb_hdmi_top/tempdsa/Final_Project.xsa
TRACE::2024-11-19.03:33:06::SCWPlatform::DSA absoulate path C:/Users/curti/OneDrive/Documents/UIUC/ECE-385/Vivado_Projects/lab_6_2/workspace/mb_usb_hdmi_top/tempdsa/Final_Project.xsa
TRACE::2024-11-19.03:33:06::SCWPlatform:: Platform location is C:/Users/curti/OneDrive/Documents/UIUC/ECE-385/Vivado_Projects/lab_6_2/workspace/mb_usb_hdmi_top/tempdsa
TRACE::2024-11-19.03:33:06::SCWPlatform:: Platform Path C:/Users/curti/OneDrive/Documents/UIUC/ECE-385/Vivado_Projects/lab_6_2/workspace/mb_usb_hdmi_top/tempdsa/Final_Project.xsa
TRACE::2024-11-19.03:33:06::SCWPlatform:: Unique name xilinx:::0.0
TRACE::2024-11-19.03:33:06::SCWPlatform::Found the Hw Db part of the input DSA
TRACE::2024-11-19.03:33:06::SCWMssOS::Doing hw sync for the mss in domain: standalone_microblaze_0
TRACE::2024-11-19.03:33:06::SCWPlatform::Trying to open the hw design at C:/Users/curti/OneDrive/Documents/UIUC/ECE-385/Vivado_Projects/lab_6_2/workspace/mb_usb_hdmi_top/hw/Final_Project.xsa
TRACE::2024-11-19.03:33:06::SCWPlatform::DSA given C:/Users/curti/OneDrive/Documents/UIUC/ECE-385/Vivado_Projects/lab_6_2/workspace/mb_usb_hdmi_top/hw/Final_Project.xsa
TRACE::2024-11-19.03:33:06::SCWPlatform::DSA absoulate path C:/Users/curti/OneDrive/Documents/UIUC/ECE-385/Vivado_Projects/lab_6_2/workspace/mb_usb_hdmi_top/hw/Final_Project.xsa
TRACE::2024-11-19.03:33:06::SCWPlatform::DSA directory C:/Users/curti/OneDrive/Documents/UIUC/ECE-385/Vivado_Projects/lab_6_2/workspace/mb_usb_hdmi_top/hw
TRACE::2024-11-19.03:33:06::SCWPlatform:: Platform Path C:/Users/curti/OneDrive/Documents/UIUC/ECE-385/Vivado_Projects/lab_6_2/workspace/mb_usb_hdmi_top/hw/Final_Project.xsa
TRACE::2024-11-19.03:33:06::SCWPlatform:: Unique name xilinx:::0.0
TRACE::2024-11-19.03:33:06::SCWPlatform::Trying to set the existing hwdb with name mb_usb_hdmi_top_1
TRACE::2024-11-19.03:33:06::SCWPlatform::Opened existing hwdb mb_usb_hdmi_top_1
TRACE::2024-11-19.03:33:06::SCWPlatform::Found the Hw Db part of the input DSA
TRACE::2024-11-19.03:33:06::SCWPlatform::Trying to open the hw design at C:/Users/curti/OneDrive/Documents/UIUC/ECE-385/Vivado_Projects/lab_6_2/workspace/mb_usb_hdmi_top/hw/Final_Project.xsa
TRACE::2024-11-19.03:33:06::SCWPlatform::DSA given C:/Users/curti/OneDrive/Documents/UIUC/ECE-385/Vivado_Projects/lab_6_2/workspace/mb_usb_hdmi_top/hw/Final_Project.xsa
TRACE::2024-11-19.03:33:06::SCWPlatform::DSA absoulate path C:/Users/curti/OneDrive/Documents/UIUC/ECE-385/Vivado_Projects/lab_6_2/workspace/mb_usb_hdmi_top/hw/Final_Project.xsa
TRACE::2024-11-19.03:33:06::SCWPlatform::DSA directory C:/Users/curti/OneDrive/Documents/UIUC/ECE-385/Vivado_Projects/lab_6_2/workspace/mb_usb_hdmi_top/hw
TRACE::2024-11-19.03:33:06::SCWPlatform:: Platform Path C:/Users/curti/OneDrive/Documents/UIUC/ECE-385/Vivado_Projects/lab_6_2/workspace/mb_usb_hdmi_top/hw/Final_Project.xsa
TRACE::2024-11-19.03:33:06::SCWPlatform:: Unique name xilinx:::0.0
TRACE::2024-11-19.03:33:06::SCWPlatform::Trying to set the existing hwdb with name mb_usb_hdmi_top_1
TRACE::2024-11-19.03:33:06::SCWPlatform::Opened existing hwdb mb_usb_hdmi_top_1
TRACE::2024-11-19.03:33:06::SCWPlatform::Found the Hw Db part of the input DSA
TRACE::2024-11-19.03:33:06::SCWMssOS::Checking the sw design at  C:/Users/curti/OneDrive/Documents/UIUC/ECE-385/Vivado_Projects/lab_6_2/workspace/mb_usb_hdmi_top/microblaze_0/standalone_microblaze_0/bsp/system.mss
TRACE::2024-11-19.03:33:06::SCWMssOS::DEBUG:  swdes dump  C:/Users/curti/OneDrive/Documents/UIUC/ECE-385/Vivado_Projects/lab_6_2/workspace/mb_usb_hdmi_top/microblaze_0/standalone_microblaze_0/bsp/system.mss|system||

TRACE::2024-11-19.03:33:06::SCWMssOS::Sw design exists and opened at  C:/Users/curti/OneDrive/Documents/UIUC/ECE-385/Vivado_Projects/lab_6_2/workspace/mb_usb_hdmi_top/microblaze_0/standalone_microblaze_0/bsp/system.mss
TRACE::2024-11-19.03:33:06::SCWPlatform::Trying to open the hw design at C:/Users/curti/OneDrive/Documents/UIUC/ECE-385/Vivado_Projects/lab_6_2/workspace/mb_usb_hdmi_top/tempdsa/Final_Project.xsa
TRACE::2024-11-19.03:33:06::SCWPlatform::DSA given C:/Users/curti/OneDrive/Documents/UIUC/ECE-385/Vivado_Projects/lab_6_2/workspace/mb_usb_hdmi_top/tempdsa/Final_Project.xsa
TRACE::2024-11-19.03:33:06::SCWPlatform::DSA absoulate path C:/Users/curti/OneDrive/Documents/UIUC/ECE-385/Vivado_Projects/lab_6_2/workspace/mb_usb_hdmi_top/tempdsa/Final_Project.xsa
TRACE::2024-11-19.03:33:06::SCWPlatform::DSA directory C:/Users/curti/OneDrive/Documents/UIUC/ECE-385/Vivado_Projects/lab_6_2/workspace/mb_usb_hdmi_top/tempdsa
TRACE::2024-11-19.03:33:06::SCWPlatform:: Platform Path C:/Users/curti/OneDrive/Documents/UIUC/ECE-385/Vivado_Projects/lab_6_2/workspace/mb_usb_hdmi_top/tempdsa/Final_Project.xsa
TRACE::2024-11-19.03:33:06::SCWPlatform:: Unique name xilinx:::0.0
TRACE::2024-11-19.03:33:06::SCWPlatform::update - Opened existing hwdb mb_usb_hdmi_top_2
TRACE::2024-11-19.03:33:06::SCWPlatform::Found the Hw Db part of the input DSA
TRACE::2024-11-19.03:33:06::SCWMssOS::Saving the mss changes C:/Users/curti/OneDrive/Documents/UIUC/ECE-385/Vivado_Projects/lab_6_2/workspace/mb_usb_hdmi_top/microblaze_0/standalone_microblaze_0/bsp/system.mss
TRACE::2024-11-19.03:33:06::SCWMssOS::Found a swdesign opened with the mssfile.
TRACE::2024-11-19.03:33:06::SCWMssOS::Completed writemss as part of save.
TRACE::2024-11-19.03:33:06::SCWMssOS::Commit changes completed.
TRACE::2024-11-19.03:33:06::SCWMssOS::Completed hw sync for the mss in domain: standalone_microblaze_0
TRACE::2024-11-19.03:33:06::SCWMssOS::Removing the swdes entry for  C:/Users/curti/OneDrive/Documents/UIUC/ECE-385/Vivado_Projects/lab_6_2/workspace/mb_usb_hdmi_top/microblaze_0/standalone_microblaze_0/bsp/system.mss
TRACE::2024-11-19.03:33:06::SCWPlatform::Trying to open the hw design at C:/Users/curti/OneDrive/Documents/UIUC/ECE-385/Vivado_Projects/lab_6_2/workspace/mb_usb_hdmi_top/hw/Final_Project.xsa
TRACE::2024-11-19.03:33:06::SCWPlatform::DSA given C:/Users/curti/OneDrive/Documents/UIUC/ECE-385/Vivado_Projects/lab_6_2/workspace/mb_usb_hdmi_top/hw/Final_Project.xsa
TRACE::2024-11-19.03:33:06::SCWPlatform::DSA absoulate path C:/Users/curti/OneDrive/Documents/UIUC/ECE-385/Vivado_Projects/lab_6_2/workspace/mb_usb_hdmi_top/hw/Final_Project.xsa
TRACE::2024-11-19.03:33:06::SCWPlatform::DSA directory C:/Users/curti/OneDrive/Documents/UIUC/ECE-385/Vivado_Projects/lab_6_2/workspace/mb_usb_hdmi_top/hw
TRACE::2024-11-19.03:33:06::SCWPlatform:: Platform Path C:/Users/curti/OneDrive/Documents/UIUC/ECE-385/Vivado_Projects/lab_6_2/workspace/mb_usb_hdmi_top/hw/Final_Project.xsa
TRACE::2024-11-19.03:33:06::SCWPlatform:: Unique name xilinx:::0.0
TRACE::2024-11-19.03:33:06::SCWPlatform::Do not have an existing db opened. 
TRACE::2024-11-19.03:33:06::SCWPlatform::Opened new HwDB with name mb_usb_hdmi_top_3
TRACE::2024-11-19.03:33:06::SCWMssOS::Saving the mss changes C:/Users/curti/OneDrive/Documents/UIUC/ECE-385/Vivado_Projects/lab_6_2/workspace/mb_usb_hdmi_top/microblaze_0/standalone_microblaze_0/bsp/system.mss
TRACE::2024-11-19.03:33:06::SCWMssOS::Adding the swdes entry, mss present, able to open swdb C:/Users/curti/OneDrive/Documents/UIUC/ECE-385/Vivado_Projects/lab_6_2/workspace/mb_usb_hdmi_top/microblaze_0/standalone_microblaze_0/bsp/system.mss with des name system
TRACE::2024-11-19.03:33:06::SCWMssOS::Writing the mss file completed C:/Users/curti/OneDrive/Documents/UIUC/ECE-385/Vivado_Projects/lab_6_2/workspace/mb_usb_hdmi_top/microblaze_0/standalone_microblaze_0/bsp/system.mss
TRACE::2024-11-19.03:33:06::SCWMssOS::Commit changes completed.
TRACE::2024-11-19.03:33:06::SCWPlatform::Trying to open the hw design at C:/Users/curti/OneDrive/Documents/UIUC/ECE-385/Vivado_Projects/lab_6_2/workspace/mb_usb_hdmi_top/hw/Final_Project.xsa
TRACE::2024-11-19.03:33:06::SCWPlatform::DSA given C:/Users/curti/OneDrive/Documents/UIUC/ECE-385/Vivado_Projects/lab_6_2/workspace/mb_usb_hdmi_top/hw/Final_Project.xsa
TRACE::2024-11-19.03:33:06::SCWPlatform::DSA absoulate path C:/Users/curti/OneDrive/Documents/UIUC/ECE-385/Vivado_Projects/lab_6_2/workspace/mb_usb_hdmi_top/hw/Final_Project.xsa
TRACE::2024-11-19.03:33:06::SCWPlatform::DSA directory C:/Users/curti/OneDrive/Documents/UIUC/ECE-385/Vivado_Projects/lab_6_2/workspace/mb_usb_hdmi_top/hw
TRACE::2024-11-19.03:33:06::SCWPlatform:: Platform Path C:/Users/curti/OneDrive/Documents/UIUC/ECE-385/Vivado_Projects/lab_6_2/workspace/mb_usb_hdmi_top/hw/Final_Project.xsa
TRACE::2024-11-19.03:33:06::SCWPlatform:: Unique name xilinx:::0.0
TRACE::2024-11-19.03:33:06::SCWPlatform::Trying to set the existing hwdb with name mb_usb_hdmi_top_3
TRACE::2024-11-19.03:33:06::SCWPlatform::Opened existing hwdb mb_usb_hdmi_top_3
TRACE::2024-11-19.03:33:06::SCWPlatform::Found the Hw Db part of the input DSA
TRACE::2024-11-19.03:33:06::SCWMssOS::Checking the sw design at  C:/Users/curti/OneDrive/Documents/UIUC/ECE-385/Vivado_Projects/lab_6_2/workspace/mb_usb_hdmi_top/microblaze_0/standalone_microblaze_0/bsp/system.mss
TRACE::2024-11-19.03:33:06::SCWMssOS::DEBUG:  swdes dump  C:/Users/curti/OneDrive/Documents/UIUC/ECE-385/Vivado_Projects/lab_6_2/workspace/mb_usb_hdmi_top/microblaze_0/standalone_microblaze_0/bsp/system.mss|system||

TRACE::2024-11-19.03:33:06::SCWMssOS::Sw design exists and opened at  C:/Users/curti/OneDrive/Documents/UIUC/ECE-385/Vivado_Projects/lab_6_2/workspace/mb_usb_hdmi_top/microblaze_0/standalone_microblaze_0/bsp/system.mss
TRACE::2024-11-19.03:33:06::SCWWriter::formatted JSON is {
	"platformName":	"mb_usb_hdmi_top",
	"sprVersion":	"2.0",
	"mode":	"gui",
	"dsaType":	"Fixed",
	"platformDesc":	"mb_usb_hdmi_top",
	"platHandOff":	"C:/Users/curti/OneDrive/Documents/UIUC/ECE-385/Vivado_Projects/Final_Project/Final_Project.xsa",
	"platIntHandOff":	"<platformDir>/hw/Final_Project.xsa",
	"deviceType":	"FPGA",
	"platIsPrebuiltAutogen":	"false",
	"platIsNoBootBsp":	"false",
	"hasFsblMakeHasChanges":	"false",
	"hasPmufwMakeHasChanges":	"false",
	"platPreBuiltFlag":	false,
	"platformSamplesDir":	"",
	"platActiveSys":	"mb_usb_hdmi_top",
	"systems":	[{
			"systemName":	"mb_usb_hdmi_top",
			"systemDesc":	"mb_usb_hdmi_top",
			"sysIsBootAutoGen":	"true",
			"systemDispName":	"mb_usb_hdmi_top",
			"sysActiveDom":	"standalone_microblaze_0",
			"sysDefaultDom":	"standalone_microblaze_0",
			"domains":	[{
					"domainName":	"standalone_microblaze_0",
					"domainDispName":	"standalone_microblaze_0",
					"domainDesc":	"standalone_microblaze_0",
					"processors":	"microblaze_0",
					"os":	"standalone",
					"sdxOs":	"standalone",
					"debugEnable":	"False",
					"domRuntimes":	["cpp"],
					"swRepo":	"",
					"mssOsVer":	"8.0",
					"mssFile":	"",
					"md5Digest":	"304529987e879521ca977c68d163f3621",
					"compatibleApp":	"",
					"domType":	"mssDomain",
					"arch":	"32-bit",
					"appSettings":	{
						"appCompilerFlags":	"",
						"appLinkerFlags":	""
					},
					"addedLibs":	[],
					"libOptions":	{
						"libsContainingOptions":	[]
					},
					"prebuiltLibs":	{
						"prebuiltIncPath":	[],
						"prebuiltLibPath":	[]
					},
					"isolation":	{
					}
				}]
		}]
}
LOG::2024-11-19.03:33:17::SCWPlatform::Started generating the artifacts platform mb_usb_hdmi_top
TRACE::2024-11-19.03:33:17::SCWPlatform::Sanity checking of platform is completed
LOG::2024-11-19.03:33:17::SCWPlatform::Started generating the artifacts for system configuration mb_usb_hdmi_top
LOG::2024-11-19.03:33:17::SCWSystem::Checking the domain standalone_microblaze_0
LOG::2024-11-19.03:33:17::SCWSystem::Not a boot domain 
LOG::2024-11-19.03:33:17::SCWSystem::Started Processing the domain standalone_microblaze_0
TRACE::2024-11-19.03:33:17::SCWDomain::Generating domain artifcats
TRACE::2024-11-19.03:33:17::SCWMssOS::Generating standalone artifcats
TRACE::2024-11-19.03:33:17::SCWMssOS:: Copying the user libraries. 
TRACE::2024-11-19.03:33:17::SCWPlatform::Trying to open the hw design at C:/Users/curti/OneDrive/Documents/UIUC/ECE-385/Vivado_Projects/lab_6_2/workspace/mb_usb_hdmi_top/hw/Final_Project.xsa
TRACE::2024-11-19.03:33:17::SCWPlatform::DSA given C:/Users/curti/OneDrive/Documents/UIUC/ECE-385/Vivado_Projects/lab_6_2/workspace/mb_usb_hdmi_top/hw/Final_Project.xsa
TRACE::2024-11-19.03:33:17::SCWPlatform::DSA absoulate path C:/Users/curti/OneDrive/Documents/UIUC/ECE-385/Vivado_Projects/lab_6_2/workspace/mb_usb_hdmi_top/hw/Final_Project.xsa
TRACE::2024-11-19.03:33:17::SCWPlatform::DSA directory C:/Users/curti/OneDrive/Documents/UIUC/ECE-385/Vivado_Projects/lab_6_2/workspace/mb_usb_hdmi_top/hw
TRACE::2024-11-19.03:33:17::SCWPlatform:: Platform Path C:/Users/curti/OneDrive/Documents/UIUC/ECE-385/Vivado_Projects/lab_6_2/workspace/mb_usb_hdmi_top/hw/Final_Project.xsa
TRACE::2024-11-19.03:33:17::SCWPlatform:: Unique name xilinx:::0.0
TRACE::2024-11-19.03:33:17::SCWPlatform::Trying to set the existing hwdb with name mb_usb_hdmi_top_3
TRACE::2024-11-19.03:33:17::SCWPlatform::Opened existing hwdb mb_usb_hdmi_top_3
TRACE::2024-11-19.03:33:17::SCWPlatform::Found the Hw Db part of the input DSA
TRACE::2024-11-19.03:33:17::SCWMssOS::Checking the sw design at  C:/Users/curti/OneDrive/Documents/UIUC/ECE-385/Vivado_Projects/lab_6_2/workspace/mb_usb_hdmi_top/microblaze_0/standalone_microblaze_0/bsp/system.mss
TRACE::2024-11-19.03:33:17::SCWMssOS::DEBUG:  swdes dump  C:/Users/curti/OneDrive/Documents/UIUC/ECE-385/Vivado_Projects/lab_6_2/workspace/mb_usb_hdmi_top/microblaze_0/standalone_microblaze_0/bsp/system.mss|system||

TRACE::2024-11-19.03:33:17::SCWMssOS::Sw design exists and opened at  C:/Users/curti/OneDrive/Documents/UIUC/ECE-385/Vivado_Projects/lab_6_2/workspace/mb_usb_hdmi_top/microblaze_0/standalone_microblaze_0/bsp/system.mss
TRACE::2024-11-19.03:33:17::SCWMssOS::Completed writing the mss file at C:/Users/curti/OneDrive/Documents/UIUC/ECE-385/Vivado_Projects/lab_6_2/workspace/mb_usb_hdmi_top/microblaze_0/standalone_microblaze_0/bsp
TRACE::2024-11-19.03:33:17::SCWMssOS::Mss edits present, copying mssfile into export location C:/Users/curti/OneDrive/Documents/UIUC/ECE-385/Vivado_Projects/lab_6_2/workspace/mb_usb_hdmi_top/microblaze_0/standalone_microblaze_0/bsp/system.mss
TRACE::2024-11-19.03:33:17::SCWMssOS::bsp generated is stale removing and regenerating. 
TRACE::2024-11-19.03:33:19::SCWMssOS::doing bsp build ... 
TRACE::2024-11-19.03:33:19::SCWMssOS::System Command Ran  C: & cd  C:/Users/curti/OneDrive/Documents/UIUC/ECE-385/Vivado_Projects/lab_6_2/workspace/mb_usb_hdmi_top/microblaze_0/standalone_microblaze_0/bsp & make 
TRACE::2024-11-19.03:33:19::SCWMssOS::make --no-print-directory seq_libs

TRACE::2024-11-19.03:33:19::SCWMssOS::'Finished building libraries sequentially.'

TRACE::2024-11-19.03:33:19::SCWMssOS::make -j 18 --no-print-directory par_libs

TRACE::2024-11-19.03:33:19::SCWMssOS::"Running Make include in microblaze_0/libsrc/bram_v4_8/src"

TRACE::2024-11-19.03:33:19::SCWMssOS::make -C microblaze_0/libsrc/bram_v4_8/src -s include  "SHELL=CMD" "COMPILER=mb-gcc" "ASSEMBLER=mb-as" "ARCHIVER=mb-ar" "COMPILE
TRACE::2024-11-19.03:33:19::SCWMssOS::R_FLAGS=  -O2 -c -mcpu=v11.0 -mlittle-endian -mno-xl-reorder -mno-xl-soft-mul -mxl-barrel-shift -mxl-pattern-compare" "EXTRA_CO
TRACE::2024-11-19.03:33:19::SCWMssOS::MPILER_FLAGS=-g -ffunction-sections -fdata-sections -Wall -Wextra -fno-tree-loop-distribute-patterns"

TRACE::2024-11-19.03:33:19::SCWMssOS::"Running Make include in microblaze_0/libsrc/cpu_v2_16/src"

TRACE::2024-11-19.03:33:20::SCWMssOS::make -C microblaze_0/libsrc/cpu_v2_16/src -s include  "SHELL=CMD" "COMPILER=mb-gcc" "ASSEMBLER=mb-as" "ARCHIVER=mb-ar" "COMPILE
TRACE::2024-11-19.03:33:20::SCWMssOS::R_FLAGS=  -O2 -c -mcpu=v11.0 -mlittle-endian -mno-xl-reorder -mno-xl-soft-mul -mxl-barrel-shift -mxl-pattern-compare" "EXTRA_CO
TRACE::2024-11-19.03:33:20::SCWMssOS::MPILER_FLAGS=-g -ffunction-sections -fdata-sections -Wall -Wextra -fno-tree-loop-distribute-patterns"

TRACE::2024-11-19.03:33:20::SCWMssOS::"Running Make include in microblaze_0/libsrc/gpio_v4_9/src"

TRACE::2024-11-19.03:33:20::SCWMssOS::make -C microblaze_0/libsrc/gpio_v4_9/src -s include  "SHELL=CMD" "COMPILER=mb-gcc" "ASSEMBLER=mb-as" "ARCHIVER=mb-ar" "COMPILE
TRACE::2024-11-19.03:33:20::SCWMssOS::R_FLAGS=  -O2 -c -mcpu=v11.0 -mlittle-endian -mno-xl-reorder -mno-xl-soft-mul -mxl-barrel-shift -mxl-pattern-compare" "EXTRA_CO
TRACE::2024-11-19.03:33:20::SCWMssOS::MPILER_FLAGS=-g -ffunction-sections -fdata-sections -Wall -Wextra -fno-tree-loop-distribute-patterns"

TRACE::2024-11-19.03:33:20::SCWMssOS::"Running Make include in microblaze_0/libsrc/intc_v3_15/src"

TRACE::2024-11-19.03:33:20::SCWMssOS::make -C microblaze_0/libsrc/intc_v3_15/src -s include  "SHELL=CMD" "COMPILER=mb-gcc" "ASSEMBLER=mb-as" "ARCHIVER=mb-ar" "COMPIL
TRACE::2024-11-19.03:33:20::SCWMssOS::ER_FLAGS=  -O2 -c -mcpu=v11.0 -mlittle-endian -mno-xl-reorder -mno-xl-soft-mul -mxl-barrel-shift -mxl-pattern-compare" "EXTRA_C
TRACE::2024-11-19.03:33:20::SCWMssOS::OMPILER_FLAGS=-g -ffunction-sections -fdata-sections -Wall -Wextra -fno-tree-loop-distribute-patterns"

TRACE::2024-11-19.03:33:20::SCWMssOS::"Running Make include in microblaze_0/libsrc/standalone_v8_0/src"

TRACE::2024-11-19.03:33:20::SCWMssOS::"Running Make include in microblaze_0/libsrc/spi_v4_9/src"

TRACE::2024-11-19.03:33:20::SCWMssOS::"Running Make include in microblaze_0/libsrc/tmrctr_v4_9/src"

TRACE::2024-11-19.03:33:20::SCWMssOS::"Running Make include in microblaze_0/libsrc/uartlite_v3_7/src"

TRACE::2024-11-19.03:33:20::SCWMssOS::make -C microblaze_0/libsrc/spi_v4_9/src -s include  "SHELL=CMD" "COMPILER=mb-gcc" "ASSEMBLER=mb-as" "ARCHIVER=mb-ar" "COMPILER
TRACE::2024-11-19.03:33:20::SCWMssOS::_FLAGS=  -O2 -c -mcpu=v11.0 -mlittle-endian -mno-xl-reorder -mno-xl-soft-mul -mxl-barrel-shift -mxl-pattern-compare" "EXTRA_COM
TRACE::2024-11-19.03:33:20::SCWMssOS::PILER_FLAGS=-g -ffunction-sections -fdata-sections -Wall -Wextra -fno-tree-loop-distribute-patterns"

TRACE::2024-11-19.03:33:20::SCWMssOS::make -C microblaze_0/libsrc/standalone_v8_0/src -s include  "SHELL=CMD" "COMPILER=mb-gcc" "ASSEMBLER=mb-as" "ARCHIVER=mb-ar" "C
TRACE::2024-11-19.03:33:20::SCWMssOS::OMPILER_FLAGS=  -O2 -c -mcpu=v11.0 -mlittle-endian -mno-xl-reorder -mno-xl-soft-mul -mxl-barrel-shift -mxl-pattern-compare" "EX
TRACE::2024-11-19.03:33:20::SCWMssOS::TRA_COMPILER_FLAGS=-g -ffunction-sections -fdata-sections -Wall -Wextra -fno-tree-loop-distribute-patterns"

TRACE::2024-11-19.03:33:20::SCWMssOS::make -C microblaze_0/libsrc/tmrctr_v4_9/src -s include  "SHELL=CMD" "COMPILER=mb-gcc" "ASSEMBLER=mb-as" "ARCHIVER=mb-ar" "COMPI
TRACE::2024-11-19.03:33:20::SCWMssOS::LER_FLAGS=  -O2 -c -mcpu=v11.0 -mlittle-endian -mno-xl-reorder -mno-xl-soft-mul -mxl-barrel-shift -mxl-pattern-compare" "EXTRA_
TRACE::2024-11-19.03:33:20::SCWMssOS::COMPILER_FLAGS=-g -ffunction-sections -fdata-sections -Wall -Wextra -fno-tree-loop-distribute-patterns"

TRACE::2024-11-19.03:33:20::SCWMssOS::make -C microblaze_0/libsrc/uartlite_v3_7/src -s include  "SHELL=CMD" "COMPILER=mb-gcc" "ASSEMBLER=mb-as" "ARCHIVER=mb-ar" "COM
TRACE::2024-11-19.03:33:20::SCWMssOS::PILER_FLAGS=  -O2 -c -mcpu=v11.0 -mlittle-endian -mno-xl-reorder -mno-xl-soft-mul -mxl-barrel-shift -mxl-pattern-compare" "EXTR
TRACE::2024-11-19.03:33:20::SCWMssOS::A_COMPILER_FLAGS=-g -ffunction-sections -fdata-sections -Wall -Wextra -fno-tree-loop-distribute-patterns"

TRACE::2024-11-19.03:33:21::SCWMssOS::"Running Make libs in microblaze_0/libsrc/bram_v4_8/src"

TRACE::2024-11-19.03:33:21::SCWMssOS::"Running Make libs in microblaze_0/libsrc/cpu_v2_16/src"

TRACE::2024-11-19.03:33:21::SCWMssOS::"Running Make libs in microblaze_0/libsrc/gpio_v4_9/src"

TRACE::2024-11-19.03:33:21::SCWMssOS::"Running Make libs in microblaze_0/libsrc/intc_v3_15/src"

TRACE::2024-11-19.03:33:21::SCWMssOS::make -C microblaze_0/libsrc/bram_v4_8/src -s libs  "SHELL=CMD" "COMPILER=mb-gcc" "ASSEMBLER=mb-as" "ARCHIVER=mb-ar" "COMPILER_F
TRACE::2024-11-19.03:33:21::SCWMssOS::LAGS=  -O2 -c -mcpu=v11.0 -mlittle-endian -mno-xl-reorder -mno-xl-soft-mul -mxl-barrel-shift -mxl-pattern-compare" "EXTRA_COMPI
TRACE::2024-11-19.03:33:21::SCWMssOS::LER_FLAGS=-g -ffunction-sections -fdata-sections -Wall -Wextra -fno-tree-loop-distribute-patterns"

TRACE::2024-11-19.03:33:21::SCWMssOS::make -C microblaze_0/libsrc/cpu_v2_16/src -s libs  "SHELL=CMD" "COMPILER=mb-gcc" "ASSEMBLER=mb-as" "ARCHIVER=mb-ar" "COMPILER_F
TRACE::2024-11-19.03:33:21::SCWMssOS::LAGS=  -O2 -c -mcpu=v11.0 -mlittle-endian -mno-xl-reorder -mno-xl-soft-mul -mxl-barrel-shift -mxl-pattern-compare" "EXTRA_COMPI
TRACE::2024-11-19.03:33:21::SCWMssOS::LER_FLAGS=-g -ffunction-sections -fdata-sections -Wall -Wextra -fno-tree-loop-distribute-patterns"

TRACE::2024-11-19.03:33:21::SCWMssOS::make -C microblaze_0/libsrc/gpio_v4_9/src -s libs  "SHELL=CMD" "COMPILER=mb-gcc" "ASSEMBLER=mb-as" "ARCHIVER=mb-ar" "COMPILER_F
TRACE::2024-11-19.03:33:21::SCWMssOS::LAGS=  -O2 -c -mcpu=v11.0 -mlittle-endian -mno-xl-reorder -mno-xl-soft-mul -mxl-barrel-shift -mxl-pattern-compare" "EXTRA_COMPI
TRACE::2024-11-19.03:33:21::SCWMssOS::LER_FLAGS=-g -ffunction-sections -fdata-sections -Wall -Wextra -fno-tree-loop-distribute-patterns"

TRACE::2024-11-19.03:33:21::SCWMssOS::make -C microblaze_0/libsrc/intc_v3_15/src -s libs  "SHELL=CMD" "COMPILER=mb-gcc" "ASSEMBLER=mb-as" "ARCHIVER=mb-ar" "COMPILER_
TRACE::2024-11-19.03:33:21::SCWMssOS::FLAGS=  -O2 -c -mcpu=v11.0 -mlittle-endian -mno-xl-reorder -mno-xl-soft-mul -mxl-barrel-shift -mxl-pattern-compare" "EXTRA_COMP
TRACE::2024-11-19.03:33:21::SCWMssOS::ILER_FLAGS=-g -ffunction-sections -fdata-sections -Wall -Wextra -fno-tree-loop-distribute-patterns"

TRACE::2024-11-19.03:33:21::SCWMssOS::"Running Make libs in microblaze_0/libsrc/spi_v4_9/src"

TRACE::2024-11-19.03:33:21::SCWMssOS::make -C microblaze_0/libsrc/spi_v4_9/src -s libs  "SHELL=CMD" "COMPILER=mb-gcc" "ASSEMBLER=mb-as" "ARCHIVER=mb-ar" "COMPILER_FL
TRACE::2024-11-19.03:33:21::SCWMssOS::AGS=  -O2 -c -mcpu=v11.0 -mlittle-endian -mno-xl-reorder -mno-xl-soft-mul -mxl-barrel-shift -mxl-pattern-compare" "EXTRA_COMPIL
TRACE::2024-11-19.03:33:21::SCWMssOS::ER_FLAGS=-g -ffunction-sections -fdata-sections -Wall -Wextra -fno-tree-loop-distribute-patterns"

TRACE::2024-11-19.03:33:22::SCWMssOS::"Running Make libs in microblaze_0/libsrc/standalone_v8_0/src"

TRACE::2024-11-19.03:33:22::SCWMssOS::make -C microblaze_0/libsrc/standalone_v8_0/src -s libs  "SHELL=CMD" "COMPILER=mb-gcc" "ASSEMBLER=mb-as" "ARCHIVER=mb-ar" "COMP
TRACE::2024-11-19.03:33:22::SCWMssOS::ILER_FLAGS=  -O2 -c -mcpu=v11.0 -mlittle-endian -mno-xl-reorder -mno-xl-soft-mul -mxl-barrel-shift -mxl-pattern-compare" "EXTRA
TRACE::2024-11-19.03:33:22::SCWMssOS::_COMPILER_FLAGS=-g -ffunction-sections -fdata-sections -Wall -Wextra -fno-tree-loop-distribute-patterns"

TRACE::2024-11-19.03:33:22::SCWMssOS::"Running Make libs in microblaze_0/libsrc/tmrctr_v4_9/src"

TRACE::2024-11-19.03:33:22::SCWMssOS::make -C microblaze_0/libsrc/tmrctr_v4_9/src -s libs  "SHELL=CMD" "COMPILER=mb-gcc" "ASSEMBLER=mb-as" "ARCHIVER=mb-ar" "COMPILER
TRACE::2024-11-19.03:33:22::SCWMssOS::_FLAGS=  -O2 -c -mcpu=v11.0 -mlittle-endian -mno-xl-reorder -mno-xl-soft-mul -mxl-barrel-shift -mxl-pattern-compare" "EXTRA_COM
TRACE::2024-11-19.03:33:22::SCWMssOS::PILER_FLAGS=-g -ffunction-sections -fdata-sections -Wall -Wextra -fno-tree-loop-distribute-patterns"

TRACE::2024-11-19.03:33:22::SCWMssOS::"Running Make libs in microblaze_0/libsrc/uartlite_v3_7/src"

TRACE::2024-11-19.03:33:22::SCWMssOS::make -C microblaze_0/libsrc/uartlite_v3_7/src -s libs  "SHELL=CMD" "COMPILER=mb-gcc" "ASSEMBLER=mb-as" "ARCHIVER=mb-ar" "COMPIL
TRACE::2024-11-19.03:33:22::SCWMssOS::ER_FLAGS=  -O2 -c -mcpu=v11.0 -mlittle-endian -mno-xl-reorder -mno-xl-soft-mul -mxl-barrel-shift -mxl-pattern-compare" "EXTRA_C
TRACE::2024-11-19.03:33:22::SCWMssOS::OMPILER_FLAGS=-g -ffunction-sections -fdata-sections -Wall -Wextra -fno-tree-loop-distribute-patterns"

TRACE::2024-11-19.03:33:23::SCWMssOS::"DEBUG NON_LTO_OBJECTS is ../../../lib/microblaze_interrupt_handler.o"

TRACE::2024-11-19.03:33:24::SCWMssOS::'Finished building libraries parallelly.'

TRACE::2024-11-19.03:33:24::SCWMssOS::make --no-print-directory archive

TRACE::2024-11-19.03:33:24::SCWMssOS::mb-ar -r  microblaze_0/lib/libxil.a microblaze_0/lib/_exit.o microblaze_0/lib/errno.o microblaze_0/lib/fcntl.o microblaze_0/lib
TRACE::2024-11-19.03:33:24::SCWMssOS::/hw_exception_handler.o microblaze_0/lib/inbyte.o microblaze_0/lib/microblaze_disable_dcache.o microblaze_0/lib/microblaze_disa
TRACE::2024-11-19.03:33:24::SCWMssOS::ble_exceptions.o microblaze_0/lib/microblaze_disable_icache.o microblaze_0/lib/microblaze_disable_interrupts.o microblaze_0/lib
TRACE::2024-11-19.03:33:24::SCWMssOS::/microblaze_enable_dcache.o microblaze_0/lib/microblaze_enable_exceptions.o microblaze_0/lib/microblaze_enable_icache.o microbl
TRACE::2024-11-19.03:33:24::SCWMssOS::aze_0/lib/microblaze_enable_interrupts.o microblaze_0/lib/microblaze_exception_handler.o microblaze_0/lib/microblaze_flush_cach
TRACE::2024-11-19.03:33:24::SCWMssOS::e_ext.o microblaze_0/lib/microblaze_flush_cache_ext_range.o microblaze_0/lib/microblaze_flush_dcache.o microblaze_0/lib/microbl
TRACE::2024-11-19.03:33:24::SCWMssOS::aze_flush_dcache_range.o microblaze_0/lib/microblaze_init_dcache_range.o microblaze_0/lib/microblaze_init_icache_range.o microb
TRACE::2024-11-19.03:33:24::SCWMssOS::laze_0/lib/microblaze_interrupt_handler.o microblaze_0/lib/microblaze_interrupts_g.o microblaze_0/lib/microblaze_invalidate_cac
TRACE::2024-11-19.03:33:24::SCWMssOS::he_ext.o microblaze_0/lib/microblaze_invalidate_cache_ext_range.o microblaze_0/lib/microblaze_invalidate_dcache.o microblaze_0/
TRACE::2024-11-19.03:33:24::SCWMssOS::lib/microblaze_invalidate_dcache_range.o microblaze_0/lib/microblaze_invalidate_icache.o microblaze_0/lib/microblaze_invalidate
TRACE::2024-11-19.03:33:24::SCWMssOS::_icache_range.o microblaze_0/lib/microblaze_scrub.o microblaze_0/lib/microblaze_selftest.o microblaze_0/lib/microblaze_sleep.o 
TRACE::2024-11-19.03:33:24::SCWMssOS::microblaze_0/lib/microblaze_update_dcache.o microblaze_0/lib/microblaze_update_icache.o microblaze_0/lib/outbyte.o microblaze_0
TRACE::2024-11-19.03:33:24::SCWMssOS::/lib/print.o microblaze_0/lib/pvr.o microblaze_0/lib/xbram.o microblaze_0/lib/xbram_g.o microblaze_0/lib/xbram_intr.o microblaz
TRACE::2024-11-19.03:33:24::SCWMssOS::e_0/lib/xbram_selftest.o microblaze_0/lib/xbram_sinit.o microblaze_0/lib/xgpio.o microblaze_0/lib/xgpio_extra.o microblaze_0/li
TRACE::2024-11-19.03:33:24::SCWMssOS::b/xgpio_g.o microblaze_0/lib/xgpio_intr.o microblaze_0/lib/xgpio_selftest.o microblaze_0/lib/xgpio_sinit.o microblaze_0/lib/xil
TRACE::2024-11-19.03:33:24::SCWMssOS::_assert.o microblaze_0/lib/xil_cache.o microblaze_0/lib/xil_clocking.o microblaze_0/lib/xil_exception.o microblaze_0/lib/xil_me
TRACE::2024-11-19.03:33:24::SCWMssOS::m.o microblaze_0/lib/xil_misc_psreset_api.o microblaze_0/lib/xil_printf.o microblaze_0/lib/xil_sleepcommon.o microblaze_0/lib/x
TRACE::2024-11-19.03:33:24::SCWMssOS::il_testcache.o microblaze_0/lib/xil_testio.o microblaze_0/lib/xil_testmem.o microblaze_0/lib/xil_util.o microblaze_0/lib/xintc.
TRACE::2024-11-19.03:33:24::SCWMssOS::o microblaze_0/lib/xintc_g.o microblaze_0/lib/xintc_intr.o microblaze_0/lib/xintc_l.o microblaze_0/lib/xintc_options.o microbla
TRACE::2024-11-19.03:33:24::SCWMssOS::ze_0/lib/xintc_selftest.o microblaze_0/lib/xinterrupt_wrap.o microblaze_0/lib/xio.o microblaze_0/lib/xplatform_info.o microblaz
TRACE::2024-11-19.03:33:24::SCWMssOS::e_0/lib/xspi.o microblaze_0/lib/xspi_g.o microblaze_0/lib/xspi_options.o microblaze_0/lib/xspi_selftest.o microblaze_0/lib/xspi
TRACE::2024-11-19.03:33:24::SCWMssOS::_sinit.o microblaze_0/lib/xspi_stats.o microblaze_0/lib/xtmrctr.o microblaze_0/lib/xtmrctr_g.o microblaze_0/lib/xtmrctr_intr.o 
TRACE::2024-11-19.03:33:24::SCWMssOS::microblaze_0/lib/xtmrctr_l.o microblaze_0/lib/xtmrctr_options.o microblaze_0/lib/xtmrctr_selftest.o microblaze_0/lib/xtmrctr_si
TRACE::2024-11-19.03:33:24::SCWMssOS::nit.o microblaze_0/lib/xtmrctr_stats.o microblaze_0/lib/xuartlite.o microblaze_0/lib/xuartlite_g.o microblaze_0/lib/xuartlite_i
TRACE::2024-11-19.03:33:24::SCWMssOS::ntr.o microblaze_0/lib/xuartlite_l.o microblaze_0/lib/xuartlite_selftest.o microblaze_0/lib/xuartlite_sinit.o microblaze_0/lib/
TRACE::2024-11-19.03:33:24::SCWMssOS::xuartlite_stats.o

TRACE::2024-11-19.03:33:25::SCWMssOS::'Finished building libraries'

TRACE::2024-11-19.03:33:25::SCWMssOS:: Checking if to create the Supporting Applications
TRACE::2024-11-19.03:33:25::SCWMssOS:: No Linux domain exists, trying to generate FSBL 
LOG::2024-11-19.03:33:25::SCWSystem::Completed Processing the domain standalone_microblaze_0
LOG::2024-11-19.03:33:25::SCWSystem::Completed Processing the sysconfig mb_usb_hdmi_top
LOG::2024-11-19.03:33:25::SCWPlatform::Completed generating the artifacts for system configuration mb_usb_hdmi_top
TRACE::2024-11-19.03:33:25::SCWPlatform::Started preparing the platform 
TRACE::2024-11-19.03:33:25::SCWSystem::Writing the bif file for system config mb_usb_hdmi_top
TRACE::2024-11-19.03:33:25::SCWSystem::dir created 
TRACE::2024-11-19.03:33:25::SCWSystem::Writing the bif 
TRACE::2024-11-19.03:33:25::SCWPlatform::Started writing the spfm file 
TRACE::2024-11-19.03:33:25::SCWPlatform::Started writing the xpfm file 
TRACE::2024-11-19.03:33:25::SCWPlatform::Completed generating the platform
TRACE::2024-11-19.03:33:25::SCWMssOS::Saving the mss changes C:/Users/curti/OneDrive/Documents/UIUC/ECE-385/Vivado_Projects/lab_6_2/workspace/mb_usb_hdmi_top/microblaze_0/standalone_microblaze_0/bsp/system.mss
TRACE::2024-11-19.03:33:25::SCWMssOS::Adding the swdes entry, mss present, able to open swdb C:/Users/curti/OneDrive/Documents/UIUC/ECE-385/Vivado_Projects/lab_6_2/workspace/mb_usb_hdmi_top/microblaze_0/standalone_microblaze_0/bsp/system.mss with des name system
TRACE::2024-11-19.03:33:25::SCWMssOS::Writing the mss file completed C:/Users/curti/OneDrive/Documents/UIUC/ECE-385/Vivado_Projects/lab_6_2/workspace/mb_usb_hdmi_top/microblaze_0/standalone_microblaze_0/bsp/system.mss
TRACE::2024-11-19.03:33:25::SCWMssOS::Commit changes completed.
TRACE::2024-11-19.03:33:25::SCWPlatform::Trying to open the hw design at C:/Users/curti/OneDrive/Documents/UIUC/ECE-385/Vivado_Projects/lab_6_2/workspace/mb_usb_hdmi_top/hw/Final_Project.xsa
TRACE::2024-11-19.03:33:25::SCWPlatform::DSA given C:/Users/curti/OneDrive/Documents/UIUC/ECE-385/Vivado_Projects/lab_6_2/workspace/mb_usb_hdmi_top/hw/Final_Project.xsa
TRACE::2024-11-19.03:33:25::SCWPlatform::DSA absoulate path C:/Users/curti/OneDrive/Documents/UIUC/ECE-385/Vivado_Projects/lab_6_2/workspace/mb_usb_hdmi_top/hw/Final_Project.xsa
TRACE::2024-11-19.03:33:25::SCWPlatform::DSA directory C:/Users/curti/OneDrive/Documents/UIUC/ECE-385/Vivado_Projects/lab_6_2/workspace/mb_usb_hdmi_top/hw
TRACE::2024-11-19.03:33:25::SCWPlatform:: Platform Path C:/Users/curti/OneDrive/Documents/UIUC/ECE-385/Vivado_Projects/lab_6_2/workspace/mb_usb_hdmi_top/hw/Final_Project.xsa
TRACE::2024-11-19.03:33:25::SCWPlatform:: Unique name xilinx:::0.0
TRACE::2024-11-19.03:33:25::SCWPlatform::Trying to set the existing hwdb with name mb_usb_hdmi_top_3
TRACE::2024-11-19.03:33:25::SCWPlatform::Opened existing hwdb mb_usb_hdmi_top_3
TRACE::2024-11-19.03:33:25::SCWPlatform::Found the Hw Db part of the input DSA
TRACE::2024-11-19.03:33:25::SCWMssOS::Checking the sw design at  C:/Users/curti/OneDrive/Documents/UIUC/ECE-385/Vivado_Projects/lab_6_2/workspace/mb_usb_hdmi_top/microblaze_0/standalone_microblaze_0/bsp/system.mss
TRACE::2024-11-19.03:33:25::SCWMssOS::DEBUG:  swdes dump  C:/Users/curti/OneDrive/Documents/UIUC/ECE-385/Vivado_Projects/lab_6_2/workspace/mb_usb_hdmi_top/microblaze_0/standalone_microblaze_0/bsp/system.mss|system||

TRACE::2024-11-19.03:33:25::SCWMssOS::Sw design exists and opened at  C:/Users/curti/OneDrive/Documents/UIUC/ECE-385/Vivado_Projects/lab_6_2/workspace/mb_usb_hdmi_top/microblaze_0/standalone_microblaze_0/bsp/system.mss
TRACE::2024-11-19.03:33:25::SCWWriter::formatted JSON is {
	"platformName":	"mb_usb_hdmi_top",
	"sprVersion":	"2.0",
	"mode":	"gui",
	"dsaType":	"Fixed",
	"platformDesc":	"mb_usb_hdmi_top",
	"platHandOff":	"C:/Users/curti/OneDrive/Documents/UIUC/ECE-385/Vivado_Projects/Final_Project/Final_Project.xsa",
	"platIntHandOff":	"<platformDir>/hw/Final_Project.xsa",
	"deviceType":	"FPGA",
	"platIsPrebuiltAutogen":	"false",
	"platIsNoBootBsp":	"false",
	"hasFsblMakeHasChanges":	"false",
	"hasPmufwMakeHasChanges":	"false",
	"platPreBuiltFlag":	false,
	"platformSamplesDir":	"",
	"platActiveSys":	"mb_usb_hdmi_top",
	"systems":	[{
			"systemName":	"mb_usb_hdmi_top",
			"systemDesc":	"mb_usb_hdmi_top",
			"sysIsBootAutoGen":	"true",
			"systemDispName":	"mb_usb_hdmi_top",
			"sysActiveDom":	"standalone_microblaze_0",
			"sysDefaultDom":	"standalone_microblaze_0",
			"domains":	[{
					"domainName":	"standalone_microblaze_0",
					"domainDispName":	"standalone_microblaze_0",
					"domainDesc":	"standalone_microblaze_0",
					"processors":	"microblaze_0",
					"os":	"standalone",
					"sdxOs":	"standalone",
					"debugEnable":	"False",
					"domRuntimes":	["cpp"],
					"swRepo":	"",
					"mssOsVer":	"8.0",
					"mssFile":	"",
					"md5Digest":	"304529987e879521ca977c68d163f362",
					"compatibleApp":	"",
					"domType":	"mssDomain",
					"arch":	"32-bit",
					"appSettings":	{
						"appCompilerFlags":	"",
						"appLinkerFlags":	""
					},
					"addedLibs":	[],
					"libOptions":	{
						"libsContainingOptions":	[]
					},
					"prebuiltLibs":	{
						"prebuiltIncPath":	[],
						"prebuiltLibPath":	[]
					},
					"isolation":	{
					}
				}]
		}]
}
KEYINFO::2024-11-19.03:33:25::SCWPlatform::updated the xpfm file.
TRACE::2024-11-19.03:33:26::SCWPlatform::Trying to open the hw design at C:/Users/curti/OneDrive/Documents/UIUC/ECE-385/Vivado_Projects/lab_6_2/workspace/mb_usb_hdmi_top/hw/Final_Project.xsa
TRACE::2024-11-19.03:33:26::SCWPlatform::DSA given C:/Users/curti/OneDrive/Documents/UIUC/ECE-385/Vivado_Projects/lab_6_2/workspace/mb_usb_hdmi_top/hw/Final_Project.xsa
TRACE::2024-11-19.03:33:26::SCWPlatform::DSA absoulate path C:/Users/curti/OneDrive/Documents/UIUC/ECE-385/Vivado_Projects/lab_6_2/workspace/mb_usb_hdmi_top/hw/Final_Project.xsa
TRACE::2024-11-19.03:33:26::SCWPlatform::DSA directory C:/Users/curti/OneDrive/Documents/UIUC/ECE-385/Vivado_Projects/lab_6_2/workspace/mb_usb_hdmi_top/hw
TRACE::2024-11-19.03:33:26::SCWPlatform:: Platform Path C:/Users/curti/OneDrive/Documents/UIUC/ECE-385/Vivado_Projects/lab_6_2/workspace/mb_usb_hdmi_top/hw/Final_Project.xsa
TRACE::2024-11-19.03:33:26::SCWPlatform:: Unique name xilinx:::0.0
TRACE::2024-11-19.03:33:26::SCWPlatform::Trying to set the existing hwdb with name mb_usb_hdmi_top_3
TRACE::2024-11-19.03:33:26::SCWPlatform::Opened existing hwdb mb_usb_hdmi_top_3
TRACE::2024-11-19.03:33:26::SCWPlatform::Found the Hw Db part of the input DSA
TRACE::2024-11-19.03:33:26::SCWMssOS::Checking the sw design at  C:/Users/curti/OneDrive/Documents/UIUC/ECE-385/Vivado_Projects/lab_6_2/workspace/mb_usb_hdmi_top/microblaze_0/standalone_microblaze_0/bsp/system.mss
TRACE::2024-11-19.03:33:26::SCWMssOS::DEBUG:  swdes dump  C:/Users/curti/OneDrive/Documents/UIUC/ECE-385/Vivado_Projects/lab_6_2/workspace/mb_usb_hdmi_top/microblaze_0/standalone_microblaze_0/bsp/system.mss|system||

TRACE::2024-11-19.03:33:26::SCWMssOS::Sw design exists and opened at  C:/Users/curti/OneDrive/Documents/UIUC/ECE-385/Vivado_Projects/lab_6_2/workspace/mb_usb_hdmi_top/microblaze_0/standalone_microblaze_0/bsp/system.mss
TRACE::2024-11-20.05:02:05::SCWPlatform::Trying to open the hw design at C:/Users/curti/OneDrive/Documents/UIUC/ECE-385/Vivado_Projects/lab_6_2/workspace/mb_usb_hdmi_top/hw/Final_Project.xsa
TRACE::2024-11-20.05:02:05::SCWPlatform::DSA given C:/Users/curti/OneDrive/Documents/UIUC/ECE-385/Vivado_Projects/lab_6_2/workspace/mb_usb_hdmi_top/hw/Final_Project.xsa
TRACE::2024-11-20.05:02:05::SCWPlatform::DSA absoulate path C:/Users/curti/OneDrive/Documents/UIUC/ECE-385/Vivado_Projects/lab_6_2/workspace/mb_usb_hdmi_top/hw/Final_Project.xsa
TRACE::2024-11-20.05:02:05::SCWPlatform::DSA directory C:/Users/curti/OneDrive/Documents/UIUC/ECE-385/Vivado_Projects/lab_6_2/workspace/mb_usb_hdmi_top/hw
TRACE::2024-11-20.05:02:05::SCWPlatform:: Platform Path C:/Users/curti/OneDrive/Documents/UIUC/ECE-385/Vivado_Projects/lab_6_2/workspace/mb_usb_hdmi_top/hw/Final_Project.xsa
TRACE::2024-11-20.05:02:05::SCWPlatform:: Unique name xilinx:::0.0
TRACE::2024-11-20.05:02:05::SCWPlatform::Do not have an existing db opened. 
TRACE::2024-11-20.05:02:05::SCWPlatform::Opened new HwDB with name mb_usb_hdmi_top
TRACE::2024-11-20.05:02:05::SCWReader::Active system found as  mb_usb_hdmi_top
TRACE::2024-11-20.05:02:05::SCWReader::Handling sysconfig mb_usb_hdmi_top
TRACE::2024-11-20.05:02:05::SCWDomain::checking for install qemu data   : 
TRACE::2024-11-20.05:02:05::SCWPlatform::Trying to open the hw design at C:/Users/curti/OneDrive/Documents/UIUC/ECE-385/Vivado_Projects/lab_6_2/workspace/mb_usb_hdmi_top/hw/Final_Project.xsa
TRACE::2024-11-20.05:02:05::SCWPlatform::DSA given C:/Users/curti/OneDrive/Documents/UIUC/ECE-385/Vivado_Projects/lab_6_2/workspace/mb_usb_hdmi_top/hw/Final_Project.xsa
TRACE::2024-11-20.05:02:05::SCWPlatform::DSA absoulate path C:/Users/curti/OneDrive/Documents/UIUC/ECE-385/Vivado_Projects/lab_6_2/workspace/mb_usb_hdmi_top/hw/Final_Project.xsa
TRACE::2024-11-20.05:02:05::SCWPlatform::DSA directory C:/Users/curti/OneDrive/Documents/UIUC/ECE-385/Vivado_Projects/lab_6_2/workspace/mb_usb_hdmi_top/hw
TRACE::2024-11-20.05:02:05::SCWPlatform:: Platform Path C:/Users/curti/OneDrive/Documents/UIUC/ECE-385/Vivado_Projects/lab_6_2/workspace/mb_usb_hdmi_top/hw/Final_Project.xsa
TRACE::2024-11-20.05:02:05::SCWPlatform:: Unique name xilinx:::0.0
TRACE::2024-11-20.05:02:05::SCWPlatform::Trying to set the existing hwdb with name mb_usb_hdmi_top
TRACE::2024-11-20.05:02:05::SCWPlatform::Opened existing hwdb mb_usb_hdmi_top
TRACE::2024-11-20.05:02:05::SCWPlatform::Found the Hw Db part of the input DSA
TRACE::2024-11-20.05:02:05::SCWPlatform::Trying to open the hw design at C:/Users/curti/OneDrive/Documents/UIUC/ECE-385/Vivado_Projects/lab_6_2/workspace/mb_usb_hdmi_top/hw/Final_Project.xsa
TRACE::2024-11-20.05:02:05::SCWPlatform::DSA given C:/Users/curti/OneDrive/Documents/UIUC/ECE-385/Vivado_Projects/lab_6_2/workspace/mb_usb_hdmi_top/hw/Final_Project.xsa
TRACE::2024-11-20.05:02:05::SCWPlatform::DSA absoulate path C:/Users/curti/OneDrive/Documents/UIUC/ECE-385/Vivado_Projects/lab_6_2/workspace/mb_usb_hdmi_top/hw/Final_Project.xsa
TRACE::2024-11-20.05:02:05::SCWPlatform::DSA directory C:/Users/curti/OneDrive/Documents/UIUC/ECE-385/Vivado_Projects/lab_6_2/workspace/mb_usb_hdmi_top/hw
TRACE::2024-11-20.05:02:05::SCWPlatform:: Platform Path C:/Users/curti/OneDrive/Documents/UIUC/ECE-385/Vivado_Projects/lab_6_2/workspace/mb_usb_hdmi_top/hw/Final_Project.xsa
TRACE::2024-11-20.05:02:05::SCWPlatform:: Unique name xilinx:::0.0
TRACE::2024-11-20.05:02:05::SCWPlatform::Trying to set the existing hwdb with name mb_usb_hdmi_top
TRACE::2024-11-20.05:02:05::SCWPlatform::Opened existing hwdb mb_usb_hdmi_top
TRACE::2024-11-20.05:02:05::SCWPlatform::Found the Hw Db part of the input DSA
TRACE::2024-11-20.05:02:05::SCWPlatform::Trying to open the hw design at C:/Users/curti/OneDrive/Documents/UIUC/ECE-385/Vivado_Projects/lab_6_2/workspace/mb_usb_hdmi_top/hw/Final_Project.xsa
TRACE::2024-11-20.05:02:05::SCWPlatform::DSA given C:/Users/curti/OneDrive/Documents/UIUC/ECE-385/Vivado_Projects/lab_6_2/workspace/mb_usb_hdmi_top/hw/Final_Project.xsa
TRACE::2024-11-20.05:02:05::SCWPlatform::DSA absoulate path C:/Users/curti/OneDrive/Documents/UIUC/ECE-385/Vivado_Projects/lab_6_2/workspace/mb_usb_hdmi_top/hw/Final_Project.xsa
TRACE::2024-11-20.05:02:05::SCWPlatform::DSA directory C:/Users/curti/OneDrive/Documents/UIUC/ECE-385/Vivado_Projects/lab_6_2/workspace/mb_usb_hdmi_top/hw
TRACE::2024-11-20.05:02:05::SCWPlatform:: Platform Path C:/Users/curti/OneDrive/Documents/UIUC/ECE-385/Vivado_Projects/lab_6_2/workspace/mb_usb_hdmi_top/hw/Final_Project.xsa
TRACE::2024-11-20.05:02:05::SCWPlatform:: Unique name xilinx:::0.0
TRACE::2024-11-20.05:02:05::SCWPlatform::Trying to set the existing hwdb with name mb_usb_hdmi_top
TRACE::2024-11-20.05:02:05::SCWPlatform::Opened existing hwdb mb_usb_hdmi_top
TRACE::2024-11-20.05:02:05::SCWPlatform::Found the Hw Db part of the input DSA
TRACE::2024-11-20.05:02:05::SCWPlatform::Trying to open the hw design at C:/Users/curti/OneDrive/Documents/UIUC/ECE-385/Vivado_Projects/lab_6_2/workspace/mb_usb_hdmi_top/hw/Final_Project.xsa
TRACE::2024-11-20.05:02:05::SCWPlatform::DSA given C:/Users/curti/OneDrive/Documents/UIUC/ECE-385/Vivado_Projects/lab_6_2/workspace/mb_usb_hdmi_top/hw/Final_Project.xsa
TRACE::2024-11-20.05:02:05::SCWPlatform::DSA absoulate path C:/Users/curti/OneDrive/Documents/UIUC/ECE-385/Vivado_Projects/lab_6_2/workspace/mb_usb_hdmi_top/hw/Final_Project.xsa
TRACE::2024-11-20.05:02:05::SCWPlatform::DSA directory C:/Users/curti/OneDrive/Documents/UIUC/ECE-385/Vivado_Projects/lab_6_2/workspace/mb_usb_hdmi_top/hw
TRACE::2024-11-20.05:02:05::SCWPlatform:: Platform Path C:/Users/curti/OneDrive/Documents/UIUC/ECE-385/Vivado_Projects/lab_6_2/workspace/mb_usb_hdmi_top/hw/Final_Project.xsa
TRACE::2024-11-20.05:02:05::SCWPlatform:: Unique name xilinx:::0.0
TRACE::2024-11-20.05:02:05::SCWPlatform::Trying to set the existing hwdb with name mb_usb_hdmi_top
TRACE::2024-11-20.05:02:05::SCWPlatform::Opened existing hwdb mb_usb_hdmi_top
TRACE::2024-11-20.05:02:05::SCWPlatform::Found the Hw Db part of the input DSA
TRACE::2024-11-20.05:02:05::SCWMssOS::Checking the sw design at  C:/Users/curti/OneDrive/Documents/UIUC/ECE-385/Vivado_Projects/lab_6_2/workspace/mb_usb_hdmi_top/microblaze_0/standalone_microblaze_0/bsp/system.mss
TRACE::2024-11-20.05:02:05::SCWMssOS::DEBUG:  swdes dump  
TRACE::2024-11-20.05:02:05::SCWMssOS::No sw design opened at  C:/Users/curti/OneDrive/Documents/UIUC/ECE-385/Vivado_Projects/lab_6_2/workspace/mb_usb_hdmi_top/microblaze_0/standalone_microblaze_0/bsp/system.mss
TRACE::2024-11-20.05:02:05::SCWMssOS::mss exists loading the mss file  C:/Users/curti/OneDrive/Documents/UIUC/ECE-385/Vivado_Projects/lab_6_2/workspace/mb_usb_hdmi_top/microblaze_0/standalone_microblaze_0/bsp/system.mss
TRACE::2024-11-20.05:02:05::SCWMssOS::Opened the sw design from mss  C:/Users/curti/OneDrive/Documents/UIUC/ECE-385/Vivado_Projects/lab_6_2/workspace/mb_usb_hdmi_top/microblaze_0/standalone_microblaze_0/bsp/system.mss
TRACE::2024-11-20.05:02:05::SCWMssOS::Adding the swdes entry C:/Users/curti/OneDrive/Documents/UIUC/ECE-385/Vivado_Projects/lab_6_2/workspace/mb_usb_hdmi_top/microblaze_0/standalone_microblaze_0/bsp/system.mss with des name system
TRACE::2024-11-20.05:02:05::SCWMssOS::updating the scw layer about changes
TRACE::2024-11-20.05:02:05::SCWMssOS::Opened the sw design.  C:/Users/curti/OneDrive/Documents/UIUC/ECE-385/Vivado_Projects/lab_6_2/workspace/mb_usb_hdmi_top/microblaze_0/standalone_microblaze_0/bsp/system.mss
TRACE::2024-11-20.05:02:05::SCWMssOS::Saving the mss changes C:/Users/curti/OneDrive/Documents/UIUC/ECE-385/Vivado_Projects/lab_6_2/workspace/mb_usb_hdmi_top/microblaze_0/standalone_microblaze_0/bsp/system.mss
TRACE::2024-11-20.05:02:05::SCWMssOS::Found a swdesign opened with the mssfile.
TRACE::2024-11-20.05:02:05::SCWMssOS::Completed writemss as part of save.
TRACE::2024-11-20.05:02:05::SCWMssOS::Commit changes completed.
TRACE::2024-11-20.05:02:05::SCWReader::Adding prebuilt librarypaths as   
TRACE::2024-11-20.05:02:05::SCWReader::Adding prebuilt incpaths  as   
TRACE::2024-11-20.05:02:05::SCWPlatform::Trying to open the hw design at C:/Users/curti/OneDrive/Documents/UIUC/ECE-385/Vivado_Projects/lab_6_2/workspace/mb_usb_hdmi_top/hw/Final_Project.xsa
TRACE::2024-11-20.05:02:05::SCWPlatform::DSA given C:/Users/curti/OneDrive/Documents/UIUC/ECE-385/Vivado_Projects/lab_6_2/workspace/mb_usb_hdmi_top/hw/Final_Project.xsa
TRACE::2024-11-20.05:02:05::SCWPlatform::DSA absoulate path C:/Users/curti/OneDrive/Documents/UIUC/ECE-385/Vivado_Projects/lab_6_2/workspace/mb_usb_hdmi_top/hw/Final_Project.xsa
TRACE::2024-11-20.05:02:05::SCWPlatform::DSA directory C:/Users/curti/OneDrive/Documents/UIUC/ECE-385/Vivado_Projects/lab_6_2/workspace/mb_usb_hdmi_top/hw
TRACE::2024-11-20.05:02:06::SCWPlatform:: Platform Path C:/Users/curti/OneDrive/Documents/UIUC/ECE-385/Vivado_Projects/lab_6_2/workspace/mb_usb_hdmi_top/hw/Final_Project.xsa
TRACE::2024-11-20.05:02:06::SCWPlatform:: Unique name xilinx:::0.0
TRACE::2024-11-20.05:02:06::SCWPlatform::Trying to set the existing hwdb with name mb_usb_hdmi_top
TRACE::2024-11-20.05:02:06::SCWPlatform::Opened existing hwdb mb_usb_hdmi_top
TRACE::2024-11-20.05:02:06::SCWPlatform::Found the Hw Db part of the input DSA
TRACE::2024-11-20.05:02:06::SCWMssOS::Checking the sw design at  C:/Users/curti/OneDrive/Documents/UIUC/ECE-385/Vivado_Projects/lab_6_2/workspace/mb_usb_hdmi_top/microblaze_0/standalone_microblaze_0/bsp/system.mss
TRACE::2024-11-20.05:02:06::SCWMssOS::DEBUG:  swdes dump  C:/Users/curti/OneDrive/Documents/UIUC/ECE-385/Vivado_Projects/lab_6_2/workspace/mb_usb_hdmi_top/microblaze_0/standalone_microblaze_0/bsp/system.mss|system||

TRACE::2024-11-20.05:02:06::SCWMssOS::Sw design exists and opened at  C:/Users/curti/OneDrive/Documents/UIUC/ECE-385/Vivado_Projects/lab_6_2/workspace/mb_usb_hdmi_top/microblaze_0/standalone_microblaze_0/bsp/system.mss
TRACE::2024-11-20.05:02:06::SCWReader::No isolation master present  
TRACE::2024-11-20.05:02:17::SCWPlatform::DSA given C:/Users/curti/OneDrive/Documents/UIUC/ECE-385/Vivado_Projects/lab_6_2/workspace/mb_usb_hdmi_top/tempdsa/mb_usb_hdmi_top.xsa
TRACE::2024-11-20.05:02:17::SCWPlatform::DSA absoulate path C:/Users/curti/OneDrive/Documents/UIUC/ECE-385/Vivado_Projects/lab_6_2/workspace/mb_usb_hdmi_top/tempdsa/mb_usb_hdmi_top.xsa
TRACE::2024-11-20.05:02:17::SCWPlatform:: Platform location is C:/Users/curti/OneDrive/Documents/UIUC/ECE-385/Vivado_Projects/lab_6_2/workspace/mb_usb_hdmi_top/tempdsa
TRACE::2024-11-20.05:02:17::SCWPlatform:: Platform Path C:/Users/curti/OneDrive/Documents/UIUC/ECE-385/Vivado_Projects/lab_6_2/workspace/mb_usb_hdmi_top/tempdsa/mb_usb_hdmi_top.xsa
TRACE::2024-11-20.05:02:17::SCWPlatform:: Unique name xilinx:::0.0
TRACE::2024-11-20.05:02:17::SCWPlatform::Found the Hw Db part of the input DSA
TRACE::2024-11-20.05:02:17::SCWMssOS::Doing hw sync for the mss in domain: standalone_microblaze_0
TRACE::2024-11-20.05:02:17::SCWPlatform::Trying to open the hw design at C:/Users/curti/OneDrive/Documents/UIUC/ECE-385/Vivado_Projects/lab_6_2/workspace/mb_usb_hdmi_top/hw/Final_Project.xsa
TRACE::2024-11-20.05:02:17::SCWPlatform::DSA given C:/Users/curti/OneDrive/Documents/UIUC/ECE-385/Vivado_Projects/lab_6_2/workspace/mb_usb_hdmi_top/hw/Final_Project.xsa
TRACE::2024-11-20.05:02:17::SCWPlatform::DSA absoulate path C:/Users/curti/OneDrive/Documents/UIUC/ECE-385/Vivado_Projects/lab_6_2/workspace/mb_usb_hdmi_top/hw/Final_Project.xsa
TRACE::2024-11-20.05:02:17::SCWPlatform::DSA directory C:/Users/curti/OneDrive/Documents/UIUC/ECE-385/Vivado_Projects/lab_6_2/workspace/mb_usb_hdmi_top/hw
TRACE::2024-11-20.05:02:17::SCWPlatform:: Platform Path C:/Users/curti/OneDrive/Documents/UIUC/ECE-385/Vivado_Projects/lab_6_2/workspace/mb_usb_hdmi_top/hw/Final_Project.xsa
TRACE::2024-11-20.05:02:17::SCWPlatform:: Unique name xilinx:::0.0
TRACE::2024-11-20.05:02:17::SCWPlatform::Trying to set the existing hwdb with name mb_usb_hdmi_top
TRACE::2024-11-20.05:02:17::SCWPlatform::Opened existing hwdb mb_usb_hdmi_top
TRACE::2024-11-20.05:02:17::SCWPlatform::Found the Hw Db part of the input DSA
TRACE::2024-11-20.05:02:17::SCWPlatform::Trying to open the hw design at C:/Users/curti/OneDrive/Documents/UIUC/ECE-385/Vivado_Projects/lab_6_2/workspace/mb_usb_hdmi_top/hw/Final_Project.xsa
TRACE::2024-11-20.05:02:17::SCWPlatform::DSA given C:/Users/curti/OneDrive/Documents/UIUC/ECE-385/Vivado_Projects/lab_6_2/workspace/mb_usb_hdmi_top/hw/Final_Project.xsa
TRACE::2024-11-20.05:02:17::SCWPlatform::DSA absoulate path C:/Users/curti/OneDrive/Documents/UIUC/ECE-385/Vivado_Projects/lab_6_2/workspace/mb_usb_hdmi_top/hw/Final_Project.xsa
TRACE::2024-11-20.05:02:17::SCWPlatform::DSA directory C:/Users/curti/OneDrive/Documents/UIUC/ECE-385/Vivado_Projects/lab_6_2/workspace/mb_usb_hdmi_top/hw
TRACE::2024-11-20.05:02:17::SCWPlatform:: Platform Path C:/Users/curti/OneDrive/Documents/UIUC/ECE-385/Vivado_Projects/lab_6_2/workspace/mb_usb_hdmi_top/hw/Final_Project.xsa
TRACE::2024-11-20.05:02:17::SCWPlatform:: Unique name xilinx:::0.0
TRACE::2024-11-20.05:02:17::SCWPlatform::Trying to set the existing hwdb with name mb_usb_hdmi_top
TRACE::2024-11-20.05:02:17::SCWPlatform::Opened existing hwdb mb_usb_hdmi_top
TRACE::2024-11-20.05:02:17::SCWPlatform::Found the Hw Db part of the input DSA
TRACE::2024-11-20.05:02:17::SCWMssOS::Checking the sw design at  C:/Users/curti/OneDrive/Documents/UIUC/ECE-385/Vivado_Projects/lab_6_2/workspace/mb_usb_hdmi_top/microblaze_0/standalone_microblaze_0/bsp/system.mss
TRACE::2024-11-20.05:02:17::SCWMssOS::DEBUG:  swdes dump  C:/Users/curti/OneDrive/Documents/UIUC/ECE-385/Vivado_Projects/lab_6_2/workspace/mb_usb_hdmi_top/microblaze_0/standalone_microblaze_0/bsp/system.mss|system||

TRACE::2024-11-20.05:02:17::SCWMssOS::Sw design exists and opened at  C:/Users/curti/OneDrive/Documents/UIUC/ECE-385/Vivado_Projects/lab_6_2/workspace/mb_usb_hdmi_top/microblaze_0/standalone_microblaze_0/bsp/system.mss
TRACE::2024-11-20.05:02:17::SCWPlatform::Trying to open the hw design at C:/Users/curti/OneDrive/Documents/UIUC/ECE-385/Vivado_Projects/lab_6_2/workspace/mb_usb_hdmi_top/tempdsa/mb_usb_hdmi_top.xsa
TRACE::2024-11-20.05:02:17::SCWPlatform::DSA given C:/Users/curti/OneDrive/Documents/UIUC/ECE-385/Vivado_Projects/lab_6_2/workspace/mb_usb_hdmi_top/tempdsa/mb_usb_hdmi_top.xsa
TRACE::2024-11-20.05:02:17::SCWPlatform::DSA absoulate path C:/Users/curti/OneDrive/Documents/UIUC/ECE-385/Vivado_Projects/lab_6_2/workspace/mb_usb_hdmi_top/tempdsa/mb_usb_hdmi_top.xsa
TRACE::2024-11-20.05:02:17::SCWPlatform::DSA directory C:/Users/curti/OneDrive/Documents/UIUC/ECE-385/Vivado_Projects/lab_6_2/workspace/mb_usb_hdmi_top/tempdsa
TRACE::2024-11-20.05:02:17::SCWPlatform:: Platform Path C:/Users/curti/OneDrive/Documents/UIUC/ECE-385/Vivado_Projects/lab_6_2/workspace/mb_usb_hdmi_top/tempdsa/mb_usb_hdmi_top.xsa
TRACE::2024-11-20.05:02:17::SCWPlatform:: Unique name xilinx:::0.0
TRACE::2024-11-20.05:02:17::SCWPlatform::update - Opened existing hwdb mb_usb_hdmi_top_0
TRACE::2024-11-20.05:02:17::SCWPlatform::Found the Hw Db part of the input DSA
TRACE::2024-11-20.05:02:17::SCWMssOS::Saving the mss changes C:/Users/curti/OneDrive/Documents/UIUC/ECE-385/Vivado_Projects/lab_6_2/workspace/mb_usb_hdmi_top/microblaze_0/standalone_microblaze_0/bsp/system.mss
TRACE::2024-11-20.05:02:17::SCWMssOS::Found a swdesign opened with the mssfile.
TRACE::2024-11-20.05:02:17::SCWMssOS::Completed writemss as part of save.
TRACE::2024-11-20.05:02:17::SCWMssOS::Commit changes completed.
TRACE::2024-11-20.05:02:17::SCWMssOS::Completed hw sync for the mss in domain: standalone_microblaze_0
TRACE::2024-11-20.05:02:17::SCWMssOS::Removing the swdes entry for  C:/Users/curti/OneDrive/Documents/UIUC/ECE-385/Vivado_Projects/lab_6_2/workspace/mb_usb_hdmi_top/microblaze_0/standalone_microblaze_0/bsp/system.mss
TRACE::2024-11-20.05:02:17::SCWPlatform::Trying to open the hw design at C:/Users/curti/OneDrive/Documents/UIUC/ECE-385/Vivado_Projects/lab_6_2/workspace/mb_usb_hdmi_top/hw/mb_usb_hdmi_top.xsa
TRACE::2024-11-20.05:02:17::SCWPlatform::DSA given C:/Users/curti/OneDrive/Documents/UIUC/ECE-385/Vivado_Projects/lab_6_2/workspace/mb_usb_hdmi_top/hw/mb_usb_hdmi_top.xsa
TRACE::2024-11-20.05:02:17::SCWPlatform::DSA absoulate path C:/Users/curti/OneDrive/Documents/UIUC/ECE-385/Vivado_Projects/lab_6_2/workspace/mb_usb_hdmi_top/hw/mb_usb_hdmi_top.xsa
TRACE::2024-11-20.05:02:17::SCWPlatform::DSA directory C:/Users/curti/OneDrive/Documents/UIUC/ECE-385/Vivado_Projects/lab_6_2/workspace/mb_usb_hdmi_top/hw
TRACE::2024-11-20.05:02:17::SCWPlatform:: Platform Path C:/Users/curti/OneDrive/Documents/UIUC/ECE-385/Vivado_Projects/lab_6_2/workspace/mb_usb_hdmi_top/hw/mb_usb_hdmi_top.xsa
TRACE::2024-11-20.05:02:17::SCWPlatform:: Unique name xilinx:::0.0
TRACE::2024-11-20.05:02:17::SCWPlatform::Do not have an existing db opened. 
TRACE::2024-11-20.05:02:18::SCWPlatform::Opened new HwDB with name mb_usb_hdmi_top_1
TRACE::2024-11-20.05:02:18::SCWMssOS::Saving the mss changes C:/Users/curti/OneDrive/Documents/UIUC/ECE-385/Vivado_Projects/lab_6_2/workspace/mb_usb_hdmi_top/microblaze_0/standalone_microblaze_0/bsp/system.mss
TRACE::2024-11-20.05:02:18::SCWMssOS::Adding the swdes entry, mss present, able to open swdb C:/Users/curti/OneDrive/Documents/UIUC/ECE-385/Vivado_Projects/lab_6_2/workspace/mb_usb_hdmi_top/microblaze_0/standalone_microblaze_0/bsp/system.mss with des name system
TRACE::2024-11-20.05:02:18::SCWMssOS::Writing the mss file completed C:/Users/curti/OneDrive/Documents/UIUC/ECE-385/Vivado_Projects/lab_6_2/workspace/mb_usb_hdmi_top/microblaze_0/standalone_microblaze_0/bsp/system.mss
TRACE::2024-11-20.05:02:18::SCWMssOS::Commit changes completed.
TRACE::2024-11-20.05:02:18::SCWPlatform::Trying to open the hw design at C:/Users/curti/OneDrive/Documents/UIUC/ECE-385/Vivado_Projects/lab_6_2/workspace/mb_usb_hdmi_top/hw/mb_usb_hdmi_top.xsa
TRACE::2024-11-20.05:02:18::SCWPlatform::DSA given C:/Users/curti/OneDrive/Documents/UIUC/ECE-385/Vivado_Projects/lab_6_2/workspace/mb_usb_hdmi_top/hw/mb_usb_hdmi_top.xsa
TRACE::2024-11-20.05:02:18::SCWPlatform::DSA absoulate path C:/Users/curti/OneDrive/Documents/UIUC/ECE-385/Vivado_Projects/lab_6_2/workspace/mb_usb_hdmi_top/hw/mb_usb_hdmi_top.xsa
TRACE::2024-11-20.05:02:18::SCWPlatform::DSA directory C:/Users/curti/OneDrive/Documents/UIUC/ECE-385/Vivado_Projects/lab_6_2/workspace/mb_usb_hdmi_top/hw
TRACE::2024-11-20.05:02:18::SCWPlatform:: Platform Path C:/Users/curti/OneDrive/Documents/UIUC/ECE-385/Vivado_Projects/lab_6_2/workspace/mb_usb_hdmi_top/hw/mb_usb_hdmi_top.xsa
TRACE::2024-11-20.05:02:18::SCWPlatform:: Unique name xilinx:::0.0
TRACE::2024-11-20.05:02:18::SCWPlatform::Trying to set the existing hwdb with name mb_usb_hdmi_top_1
TRACE::2024-11-20.05:02:18::SCWPlatform::Opened existing hwdb mb_usb_hdmi_top_1
TRACE::2024-11-20.05:02:18::SCWPlatform::Found the Hw Db part of the input DSA
TRACE::2024-11-20.05:02:18::SCWMssOS::Checking the sw design at  C:/Users/curti/OneDrive/Documents/UIUC/ECE-385/Vivado_Projects/lab_6_2/workspace/mb_usb_hdmi_top/microblaze_0/standalone_microblaze_0/bsp/system.mss
TRACE::2024-11-20.05:02:18::SCWMssOS::DEBUG:  swdes dump  C:/Users/curti/OneDrive/Documents/UIUC/ECE-385/Vivado_Projects/lab_6_2/workspace/mb_usb_hdmi_top/microblaze_0/standalone_microblaze_0/bsp/system.mss|system||

TRACE::2024-11-20.05:02:18::SCWMssOS::Sw design exists and opened at  C:/Users/curti/OneDrive/Documents/UIUC/ECE-385/Vivado_Projects/lab_6_2/workspace/mb_usb_hdmi_top/microblaze_0/standalone_microblaze_0/bsp/system.mss
TRACE::2024-11-20.05:02:18::SCWWriter::formatted JSON is {
	"platformName":	"mb_usb_hdmi_top",
	"sprVersion":	"2.0",
	"mode":	"gui",
	"dsaType":	"Fixed",
	"platformDesc":	"mb_usb_hdmi_top",
	"platHandOff":	"C:/Users/curti/OneDrive/Documents/UIUC/ECE-385/Vivado_Projects/asldkfjeadf/Final_Project_V2/mb_usb_hdmi_top.xsa",
	"platIntHandOff":	"<platformDir>/hw/mb_usb_hdmi_top.xsa",
	"deviceType":	"FPGA",
	"platIsPrebuiltAutogen":	"false",
	"platIsNoBootBsp":	"false",
	"hasFsblMakeHasChanges":	"false",
	"hasPmufwMakeHasChanges":	"false",
	"platPreBuiltFlag":	false,
	"platformSamplesDir":	"",
	"platActiveSys":	"mb_usb_hdmi_top",
	"systems":	[{
			"systemName":	"mb_usb_hdmi_top",
			"systemDesc":	"mb_usb_hdmi_top",
			"sysIsBootAutoGen":	"true",
			"systemDispName":	"mb_usb_hdmi_top",
			"sysActiveDom":	"standalone_microblaze_0",
			"sysDefaultDom":	"standalone_microblaze_0",
			"domains":	[{
					"domainName":	"standalone_microblaze_0",
					"domainDispName":	"standalone_microblaze_0",
					"domainDesc":	"standalone_microblaze_0",
					"processors":	"microblaze_0",
					"os":	"standalone",
					"sdxOs":	"standalone",
					"debugEnable":	"False",
					"domRuntimes":	["cpp"],
					"swRepo":	"",
					"mssOsVer":	"8.0",
					"mssFile":	"",
					"md5Digest":	"304529987e879521ca977c68d163f3621",
					"compatibleApp":	"",
					"domType":	"mssDomain",
					"arch":	"32-bit",
					"appSettings":	{
						"appCompilerFlags":	"",
						"appLinkerFlags":	""
					},
					"addedLibs":	[],
					"libOptions":	{
						"libsContainingOptions":	[]
					},
					"prebuiltLibs":	{
						"prebuiltIncPath":	[],
						"prebuiltLibPath":	[]
					},
					"isolation":	{
					}
				}]
		}]
}
TRACE::2024-11-20.05:02:27::SCWMssOS::cleaning the bsp 
TRACE::2024-11-20.05:02:27::SCWMssOS::System Command Ran  C: & cd  C:/Users/curti/OneDrive/Documents/UIUC/ECE-385/Vivado_Projects/lab_6_2/workspace/mb_usb_hdmi_top/microblaze_0/standalone_microblaze_0/bsp & make clean 
TRACE::2024-11-20.05:02:28::SCWMssOS::make -C microblaze_0/libsrc/bram_v4_8/src -s clean 

TRACE::2024-11-20.05:02:28::SCWMssOS::make -C microblaze_0/libsrc/cpu_v2_16/src -s clean 

TRACE::2024-11-20.05:02:28::SCWMssOS::make -C microblaze_0/libsrc/gpio_v4_9/src -s clean 

TRACE::2024-11-20.05:02:28::SCWMssOS::make -C microblaze_0/libsrc/intc_v3_15/src -s clean 

TRACE::2024-11-20.05:02:29::SCWMssOS::make -C microblaze_0/libsrc/spi_v4_9/src -s clean 

TRACE::2024-11-20.05:02:29::SCWMssOS::make -C microblaze_0/libsrc/standalone_v8_0/src -s clean 

TRACE::2024-11-20.05:02:30::SCWMssOS::make -C microblaze_0/libsrc/tmrctr_v4_9/src -s clean 

TRACE::2024-11-20.05:02:30::SCWMssOS::make -C microblaze_0/libsrc/uartlite_v3_7/src -s clean 

TRACE::2024-11-20.05:02:30::SCWMssOS::rm -f microblaze_0/lib/libxil.a

TRACE::2024-11-20.05:02:35::SCWMssOS::cleaning the bsp 
TRACE::2024-11-20.05:02:35::SCWMssOS::System Command Ran  C: & cd  C:/Users/curti/OneDrive/Documents/UIUC/ECE-385/Vivado_Projects/lab_6_2/workspace/mb_usb_hdmi_top/microblaze_0/standalone_microblaze_0/bsp & make clean 
TRACE::2024-11-20.05:02:35::SCWMssOS::make -C microblaze_0/libsrc/bram_v4_8/src -s clean 

TRACE::2024-11-20.05:02:35::SCWMssOS::make -C microblaze_0/libsrc/cpu_v2_16/src -s clean 

TRACE::2024-11-20.05:02:35::SCWMssOS::make -C microblaze_0/libsrc/gpio_v4_9/src -s clean 

TRACE::2024-11-20.05:02:35::SCWMssOS::make -C microblaze_0/libsrc/intc_v3_15/src -s clean 

TRACE::2024-11-20.05:02:36::SCWMssOS::make -C microblaze_0/libsrc/spi_v4_9/src -s clean 

TRACE::2024-11-20.05:02:36::SCWMssOS::make -C microblaze_0/libsrc/standalone_v8_0/src -s clean 

TRACE::2024-11-20.05:02:36::SCWMssOS::make -C microblaze_0/libsrc/tmrctr_v4_9/src -s clean 

TRACE::2024-11-20.05:02:36::SCWMssOS::make -C microblaze_0/libsrc/uartlite_v3_7/src -s clean 

TRACE::2024-11-20.05:02:36::SCWMssOS::rm -f microblaze_0/lib/libxil.a

LOG::2024-11-20.05:04:57::SCWPlatform::Started generating the artifacts platform mb_usb_hdmi_top
TRACE::2024-11-20.05:04:57::SCWPlatform::Sanity checking of platform is completed
LOG::2024-11-20.05:04:57::SCWPlatform::Started generating the artifacts for system configuration mb_usb_hdmi_top
LOG::2024-11-20.05:04:57::SCWSystem::Checking the domain standalone_microblaze_0
LOG::2024-11-20.05:04:57::SCWSystem::Not a boot domain 
LOG::2024-11-20.05:04:57::SCWSystem::Started Processing the domain standalone_microblaze_0
TRACE::2024-11-20.05:04:57::SCWDomain::Generating domain artifcats
TRACE::2024-11-20.05:04:57::SCWMssOS::Generating standalone artifcats
TRACE::2024-11-20.05:04:57::SCWMssOS:: Copying the user libraries. 
TRACE::2024-11-20.05:04:57::SCWPlatform::Trying to open the hw design at C:/Users/curti/OneDrive/Documents/UIUC/ECE-385/Vivado_Projects/lab_6_2/workspace/mb_usb_hdmi_top/hw/mb_usb_hdmi_top.xsa
TRACE::2024-11-20.05:04:57::SCWPlatform::DSA given C:/Users/curti/OneDrive/Documents/UIUC/ECE-385/Vivado_Projects/lab_6_2/workspace/mb_usb_hdmi_top/hw/mb_usb_hdmi_top.xsa
TRACE::2024-11-20.05:04:57::SCWPlatform::DSA absoulate path C:/Users/curti/OneDrive/Documents/UIUC/ECE-385/Vivado_Projects/lab_6_2/workspace/mb_usb_hdmi_top/hw/mb_usb_hdmi_top.xsa
TRACE::2024-11-20.05:04:57::SCWPlatform::DSA directory C:/Users/curti/OneDrive/Documents/UIUC/ECE-385/Vivado_Projects/lab_6_2/workspace/mb_usb_hdmi_top/hw
TRACE::2024-11-20.05:04:57::SCWPlatform:: Platform Path C:/Users/curti/OneDrive/Documents/UIUC/ECE-385/Vivado_Projects/lab_6_2/workspace/mb_usb_hdmi_top/hw/mb_usb_hdmi_top.xsa
TRACE::2024-11-20.05:04:57::SCWPlatform:: Unique name xilinx:::0.0
TRACE::2024-11-20.05:04:57::SCWPlatform::Trying to set the existing hwdb with name mb_usb_hdmi_top_1
TRACE::2024-11-20.05:04:57::SCWPlatform::Opened existing hwdb mb_usb_hdmi_top_1
TRACE::2024-11-20.05:04:57::SCWPlatform::Found the Hw Db part of the input DSA
TRACE::2024-11-20.05:04:57::SCWMssOS::Checking the sw design at  C:/Users/curti/OneDrive/Documents/UIUC/ECE-385/Vivado_Projects/lab_6_2/workspace/mb_usb_hdmi_top/microblaze_0/standalone_microblaze_0/bsp/system.mss
TRACE::2024-11-20.05:04:57::SCWMssOS::DEBUG:  swdes dump  C:/Users/curti/OneDrive/Documents/UIUC/ECE-385/Vivado_Projects/lab_6_2/workspace/mb_usb_hdmi_top/microblaze_0/standalone_microblaze_0/bsp/system.mss|system||

TRACE::2024-11-20.05:04:57::SCWMssOS::Sw design exists and opened at  C:/Users/curti/OneDrive/Documents/UIUC/ECE-385/Vivado_Projects/lab_6_2/workspace/mb_usb_hdmi_top/microblaze_0/standalone_microblaze_0/bsp/system.mss
TRACE::2024-11-20.05:04:57::SCWMssOS::Completed writing the mss file at C:/Users/curti/OneDrive/Documents/UIUC/ECE-385/Vivado_Projects/lab_6_2/workspace/mb_usb_hdmi_top/microblaze_0/standalone_microblaze_0/bsp
TRACE::2024-11-20.05:04:57::SCWMssOS::Mss edits present, copying mssfile into export location C:/Users/curti/OneDrive/Documents/UIUC/ECE-385/Vivado_Projects/lab_6_2/workspace/mb_usb_hdmi_top/microblaze_0/standalone_microblaze_0/bsp/system.mss
TRACE::2024-11-20.05:04:57::SCWMssOS::bsp generated is stale removing and regenerating. 
TRACE::2024-11-20.05:05:00::SCWMssOS::doing bsp build ... 
TRACE::2024-11-20.05:05:00::SCWMssOS::System Command Ran  C: & cd  C:/Users/curti/OneDrive/Documents/UIUC/ECE-385/Vivado_Projects/lab_6_2/workspace/mb_usb_hdmi_top/microblaze_0/standalone_microblaze_0/bsp & make 
TRACE::2024-11-20.05:05:00::SCWMssOS::make --no-print-directory seq_libs

TRACE::2024-11-20.05:05:00::SCWMssOS::'Finished building libraries sequentially.'

TRACE::2024-11-20.05:05:00::SCWMssOS::make -j 18 --no-print-directory par_libs

TRACE::2024-11-20.05:05:00::SCWMssOS::"Running Make include in microblaze_0/libsrc/bram_v4_8/src"

TRACE::2024-11-20.05:05:00::SCWMssOS::make -C microblaze_0/libsrc/bram_v4_8/src -s include  "SHELL=CMD" "COMPILER=mb-gcc" "ASSEMBLER=mb-as" "ARCHIVER=mb-ar" "COMPILE
TRACE::2024-11-20.05:05:00::SCWMssOS::R_FLAGS=  -O2 -c -mcpu=v11.0 -mlittle-endian -mno-xl-reorder -mno-xl-soft-mul -mxl-barrel-shift -mxl-pattern-compare" "EXTRA_CO
TRACE::2024-11-20.05:05:00::SCWMssOS::MPILER_FLAGS=-g -ffunction-sections -fdata-sections -Wall -Wextra -fno-tree-loop-distribute-patterns"

TRACE::2024-11-20.05:05:00::SCWMssOS::"Running Make include in microblaze_0/libsrc/cpu_v2_16/src"

TRACE::2024-11-20.05:05:00::SCWMssOS::make -C microblaze_0/libsrc/cpu_v2_16/src -s include  "SHELL=CMD" "COMPILER=mb-gcc" "ASSEMBLER=mb-as" "ARCHIVER=mb-ar" "COMPILE
TRACE::2024-11-20.05:05:00::SCWMssOS::R_FLAGS=  -O2 -c -mcpu=v11.0 -mlittle-endian -mno-xl-reorder -mno-xl-soft-mul -mxl-barrel-shift -mxl-pattern-compare" "EXTRA_CO
TRACE::2024-11-20.05:05:00::SCWMssOS::MPILER_FLAGS=-g -ffunction-sections -fdata-sections -Wall -Wextra -fno-tree-loop-distribute-patterns"

TRACE::2024-11-20.05:05:00::SCWMssOS::"Running Make include in microblaze_0/libsrc/gpio_v4_9/src"

TRACE::2024-11-20.05:05:01::SCWMssOS::make -C microblaze_0/libsrc/gpio_v4_9/src -s include  "SHELL=CMD" "COMPILER=mb-gcc" "ASSEMBLER=mb-as" "ARCHIVER=mb-ar" "COMPILE
TRACE::2024-11-20.05:05:01::SCWMssOS::R_FLAGS=  -O2 -c -mcpu=v11.0 -mlittle-endian -mno-xl-reorder -mno-xl-soft-mul -mxl-barrel-shift -mxl-pattern-compare" "EXTRA_CO
TRACE::2024-11-20.05:05:01::SCWMssOS::MPILER_FLAGS=-g -ffunction-sections -fdata-sections -Wall -Wextra -fno-tree-loop-distribute-patterns"

TRACE::2024-11-20.05:05:01::SCWMssOS::"Running Make include in microblaze_0/libsrc/intc_v3_15/src"

TRACE::2024-11-20.05:05:01::SCWMssOS::make -C microblaze_0/libsrc/intc_v3_15/src -s include  "SHELL=CMD" "COMPILER=mb-gcc" "ASSEMBLER=mb-as" "ARCHIVER=mb-ar" "COMPIL
TRACE::2024-11-20.05:05:01::SCWMssOS::ER_FLAGS=  -O2 -c -mcpu=v11.0 -mlittle-endian -mno-xl-reorder -mno-xl-soft-mul -mxl-barrel-shift -mxl-pattern-compare" "EXTRA_C
TRACE::2024-11-20.05:05:01::SCWMssOS::OMPILER_FLAGS=-g -ffunction-sections -fdata-sections -Wall -Wextra -fno-tree-loop-distribute-patterns"

TRACE::2024-11-20.05:05:01::SCWMssOS::"Running Make include in microblaze_0/libsrc/spi_v4_9/src"

TRACE::2024-11-20.05:05:01::SCWMssOS::make -C microblaze_0/libsrc/spi_v4_9/src -s include  "SHELL=CMD" "COMPILER=mb-gcc" "ASSEMBLER=mb-as" "ARCHIVER=mb-ar" "COMPILER
TRACE::2024-11-20.05:05:01::SCWMssOS::_FLAGS=  -O2 -c -mcpu=v11.0 -mlittle-endian -mno-xl-reorder -mno-xl-soft-mul -mxl-barrel-shift -mxl-pattern-compare" "EXTRA_COM
TRACE::2024-11-20.05:05:01::SCWMssOS::PILER_FLAGS=-g -ffunction-sections -fdata-sections -Wall -Wextra -fno-tree-loop-distribute-patterns"

TRACE::2024-11-20.05:05:01::SCWMssOS::"Running Make include in microblaze_0/libsrc/standalone_v8_0/src"

TRACE::2024-11-20.05:05:01::SCWMssOS::make -C microblaze_0/libsrc/standalone_v8_0/src -s include  "SHELL=CMD" "COMPILER=mb-gcc" "ASSEMBLER=mb-as" "ARCHIVER=mb-ar" "C
TRACE::2024-11-20.05:05:01::SCWMssOS::OMPILER_FLAGS=  -O2 -c -mcpu=v11.0 -mlittle-endian -mno-xl-reorder -mno-xl-soft-mul -mxl-barrel-shift -mxl-pattern-compare" "EX
TRACE::2024-11-20.05:05:01::SCWMssOS::TRA_COMPILER_FLAGS=-g -ffunction-sections -fdata-sections -Wall -Wextra -fno-tree-loop-distribute-patterns"

TRACE::2024-11-20.05:05:01::SCWMssOS::"Running Make include in microblaze_0/libsrc/uartlite_v3_7/src"

TRACE::2024-11-20.05:05:01::SCWMssOS::"Running Make include in microblaze_0/libsrc/tmrctr_v4_9/src"

TRACE::2024-11-20.05:05:01::SCWMssOS::make -C microblaze_0/libsrc/uartlite_v3_7/src -s include  "SHELL=CMD" "COMPILER=mb-gcc" "ASSEMBLER=mb-as" "ARCHIVER=mb-ar" "COM
TRACE::2024-11-20.05:05:01::SCWMssOS::PILER_FLAGS=  -O2 -c -mcpu=v11.0 -mlittle-endian -mno-xl-reorder -mno-xl-soft-mul -mxl-barrel-shift -mxl-pattern-compare" "EXTR
TRACE::2024-11-20.05:05:01::SCWMssOS::A_COMPILER_FLAGS=-g -ffunction-sections -fdata-sections -Wall -Wextra -fno-tree-loop-distribute-patterns"

TRACE::2024-11-20.05:05:01::SCWMssOS::make -C microblaze_0/libsrc/tmrctr_v4_9/src -s include  "SHELL=CMD" "COMPILER=mb-gcc" "ASSEMBLER=mb-as" "ARCHIVER=mb-ar" "COMPI
TRACE::2024-11-20.05:05:01::SCWMssOS::LER_FLAGS=  -O2 -c -mcpu=v11.0 -mlittle-endian -mno-xl-reorder -mno-xl-soft-mul -mxl-barrel-shift -mxl-pattern-compare" "EXTRA_
TRACE::2024-11-20.05:05:01::SCWMssOS::COMPILER_FLAGS=-g -ffunction-sections -fdata-sections -Wall -Wextra -fno-tree-loop-distribute-patterns"

TRACE::2024-11-20.05:05:02::SCWMssOS::"Running Make libs in microblaze_0/libsrc/bram_v4_8/src"

TRACE::2024-11-20.05:05:02::SCWMssOS::make -C microblaze_0/libsrc/bram_v4_8/src -s libs  "SHELL=CMD" "COMPILER=mb-gcc" "ASSEMBLER=mb-as" "ARCHIVER=mb-ar" "COMPILER_F
TRACE::2024-11-20.05:05:02::SCWMssOS::LAGS=  -O2 -c -mcpu=v11.0 -mlittle-endian -mno-xl-reorder -mno-xl-soft-mul -mxl-barrel-shift -mxl-pattern-compare" "EXTRA_COMPI
TRACE::2024-11-20.05:05:02::SCWMssOS::LER_FLAGS=-g -ffunction-sections -fdata-sections -Wall -Wextra -fno-tree-loop-distribute-patterns"

TRACE::2024-11-20.05:05:02::SCWMssOS::"Running Make libs in microblaze_0/libsrc/cpu_v2_16/src"

TRACE::2024-11-20.05:05:02::SCWMssOS::"Running Make libs in microblaze_0/libsrc/gpio_v4_9/src"

TRACE::2024-11-20.05:05:02::SCWMssOS::make -C microblaze_0/libsrc/cpu_v2_16/src -s libs  "SHELL=CMD" "COMPILER=mb-gcc" "ASSEMBLER=mb-as" "ARCHIVER=mb-ar" "COMPILER_F
TRACE::2024-11-20.05:05:02::SCWMssOS::LAGS=  -O2 -c -mcpu=v11.0 -mlittle-endian -mno-xl-reorder -mno-xl-soft-mul -mxl-barrel-shift -mxl-pattern-compare" "EXTRA_COMPI
TRACE::2024-11-20.05:05:02::SCWMssOS::LER_FLAGS=-g -ffunction-sections -fdata-sections -Wall -Wextra -fno-tree-loop-distribute-patterns"

TRACE::2024-11-20.05:05:02::SCWMssOS::make -C microblaze_0/libsrc/gpio_v4_9/src -s libs  "SHELL=CMD" "COMPILER=mb-gcc" "ASSEMBLER=mb-as" "ARCHIVER=mb-ar" "COMPILER_F
TRACE::2024-11-20.05:05:02::SCWMssOS::LAGS=  -O2 -c -mcpu=v11.0 -mlittle-endian -mno-xl-reorder -mno-xl-soft-mul -mxl-barrel-shift -mxl-pattern-compare" "EXTRA_COMPI
TRACE::2024-11-20.05:05:02::SCWMssOS::LER_FLAGS=-g -ffunction-sections -fdata-sections -Wall -Wextra -fno-tree-loop-distribute-patterns"

TRACE::2024-11-20.05:05:02::SCWMssOS::"Running Make libs in microblaze_0/libsrc/intc_v3_15/src"

TRACE::2024-11-20.05:05:03::SCWMssOS::make -C microblaze_0/libsrc/intc_v3_15/src -s libs  "SHELL=CMD" "COMPILER=mb-gcc" "ASSEMBLER=mb-as" "ARCHIVER=mb-ar" "COMPILER_
TRACE::2024-11-20.05:05:03::SCWMssOS::FLAGS=  -O2 -c -mcpu=v11.0 -mlittle-endian -mno-xl-reorder -mno-xl-soft-mul -mxl-barrel-shift -mxl-pattern-compare" "EXTRA_COMP
TRACE::2024-11-20.05:05:03::SCWMssOS::ILER_FLAGS=-g -ffunction-sections -fdata-sections -Wall -Wextra -fno-tree-loop-distribute-patterns"

TRACE::2024-11-20.05:05:03::SCWMssOS::"Running Make libs in microblaze_0/libsrc/spi_v4_9/src"

TRACE::2024-11-20.05:05:03::SCWMssOS::make -C microblaze_0/libsrc/spi_v4_9/src -s libs  "SHELL=CMD" "COMPILER=mb-gcc" "ASSEMBLER=mb-as" "ARCHIVER=mb-ar" "COMPILER_FL
TRACE::2024-11-20.05:05:03::SCWMssOS::AGS=  -O2 -c -mcpu=v11.0 -mlittle-endian -mno-xl-reorder -mno-xl-soft-mul -mxl-barrel-shift -mxl-pattern-compare" "EXTRA_COMPIL
TRACE::2024-11-20.05:05:03::SCWMssOS::ER_FLAGS=-g -ffunction-sections -fdata-sections -Wall -Wextra -fno-tree-loop-distribute-patterns"

TRACE::2024-11-20.05:05:03::SCWMssOS::"Running Make libs in microblaze_0/libsrc/standalone_v8_0/src"

TRACE::2024-11-20.05:05:03::SCWMssOS::make -C microblaze_0/libsrc/standalone_v8_0/src -s libs  "SHELL=CMD" "COMPILER=mb-gcc" "ASSEMBLER=mb-as" "ARCHIVER=mb-ar" "COMP
TRACE::2024-11-20.05:05:03::SCWMssOS::ILER_FLAGS=  -O2 -c -mcpu=v11.0 -mlittle-endian -mno-xl-reorder -mno-xl-soft-mul -mxl-barrel-shift -mxl-pattern-compare" "EXTRA
TRACE::2024-11-20.05:05:03::SCWMssOS::_COMPILER_FLAGS=-g -ffunction-sections -fdata-sections -Wall -Wextra -fno-tree-loop-distribute-patterns"

TRACE::2024-11-20.05:05:04::SCWMssOS::"Running Make libs in microblaze_0/libsrc/tmrctr_v4_9/src"

TRACE::2024-11-20.05:05:04::SCWMssOS::make -C microblaze_0/libsrc/tmrctr_v4_9/src -s libs  "SHELL=CMD" "COMPILER=mb-gcc" "ASSEMBLER=mb-as" "ARCHIVER=mb-ar" "COMPILER
TRACE::2024-11-20.05:05:04::SCWMssOS::_FLAGS=  -O2 -c -mcpu=v11.0 -mlittle-endian -mno-xl-reorder -mno-xl-soft-mul -mxl-barrel-shift -mxl-pattern-compare" "EXTRA_COM
TRACE::2024-11-20.05:05:04::SCWMssOS::PILER_FLAGS=-g -ffunction-sections -fdata-sections -Wall -Wextra -fno-tree-loop-distribute-patterns"

TRACE::2024-11-20.05:05:05::SCWMssOS::"Running Make libs in microblaze_0/libsrc/uartlite_v3_7/src"

TRACE::2024-11-20.05:05:05::SCWMssOS::make -C microblaze_0/libsrc/uartlite_v3_7/src -s libs  "SHELL=CMD" "COMPILER=mb-gcc" "ASSEMBLER=mb-as" "ARCHIVER=mb-ar" "COMPIL
TRACE::2024-11-20.05:05:05::SCWMssOS::ER_FLAGS=  -O2 -c -mcpu=v11.0 -mlittle-endian -mno-xl-reorder -mno-xl-soft-mul -mxl-barrel-shift -mxl-pattern-compare" "EXTRA_C
TRACE::2024-11-20.05:05:05::SCWMssOS::OMPILER_FLAGS=-g -ffunction-sections -fdata-sections -Wall -Wextra -fno-tree-loop-distribute-patterns"

TRACE::2024-11-20.05:05:06::SCWMssOS::"DEBUG NON_LTO_OBJECTS is ../../../lib/microblaze_interrupt_handler.o"

TRACE::2024-11-20.05:05:06::SCWMssOS::'Finished building libraries parallelly.'

TRACE::2024-11-20.05:05:06::SCWMssOS::make --no-print-directory archive

TRACE::2024-11-20.05:05:06::SCWMssOS::mb-ar -r  microblaze_0/lib/libxil.a microblaze_0/lib/_exit.o microblaze_0/lib/errno.o microblaze_0/lib/fcntl.o microblaze_0/lib
TRACE::2024-11-20.05:05:06::SCWMssOS::/hw_exception_handler.o microblaze_0/lib/inbyte.o microblaze_0/lib/microblaze_disable_dcache.o microblaze_0/lib/microblaze_disa
TRACE::2024-11-20.05:05:06::SCWMssOS::ble_exceptions.o microblaze_0/lib/microblaze_disable_icache.o microblaze_0/lib/microblaze_disable_interrupts.o microblaze_0/lib
TRACE::2024-11-20.05:05:06::SCWMssOS::/microblaze_enable_dcache.o microblaze_0/lib/microblaze_enable_exceptions.o microblaze_0/lib/microblaze_enable_icache.o microbl
TRACE::2024-11-20.05:05:06::SCWMssOS::aze_0/lib/microblaze_enable_interrupts.o microblaze_0/lib/microblaze_exception_handler.o microblaze_0/lib/microblaze_flush_cach
TRACE::2024-11-20.05:05:06::SCWMssOS::e_ext.o microblaze_0/lib/microblaze_flush_cache_ext_range.o microblaze_0/lib/microblaze_flush_dcache.o microblaze_0/lib/microbl
TRACE::2024-11-20.05:05:06::SCWMssOS::aze_flush_dcache_range.o microblaze_0/lib/microblaze_init_dcache_range.o microblaze_0/lib/microblaze_init_icache_range.o microb
TRACE::2024-11-20.05:05:06::SCWMssOS::laze_0/lib/microblaze_interrupt_handler.o microblaze_0/lib/microblaze_interrupts_g.o microblaze_0/lib/microblaze_invalidate_cac
TRACE::2024-11-20.05:05:06::SCWMssOS::he_ext.o microblaze_0/lib/microblaze_invalidate_cache_ext_range.o microblaze_0/lib/microblaze_invalidate_dcache.o microblaze_0/
TRACE::2024-11-20.05:05:06::SCWMssOS::lib/microblaze_invalidate_dcache_range.o microblaze_0/lib/microblaze_invalidate_icache.o microblaze_0/lib/microblaze_invalidate
TRACE::2024-11-20.05:05:06::SCWMssOS::_icache_range.o microblaze_0/lib/microblaze_scrub.o microblaze_0/lib/microblaze_selftest.o microblaze_0/lib/microblaze_sleep.o 
TRACE::2024-11-20.05:05:06::SCWMssOS::microblaze_0/lib/microblaze_update_dcache.o microblaze_0/lib/microblaze_update_icache.o microblaze_0/lib/outbyte.o microblaze_0
TRACE::2024-11-20.05:05:06::SCWMssOS::/lib/print.o microblaze_0/lib/pvr.o microblaze_0/lib/xbram.o microblaze_0/lib/xbram_g.o microblaze_0/lib/xbram_intr.o microblaz
TRACE::2024-11-20.05:05:06::SCWMssOS::e_0/lib/xbram_selftest.o microblaze_0/lib/xbram_sinit.o microblaze_0/lib/xgpio.o microblaze_0/lib/xgpio_extra.o microblaze_0/li
TRACE::2024-11-20.05:05:06::SCWMssOS::b/xgpio_g.o microblaze_0/lib/xgpio_intr.o microblaze_0/lib/xgpio_selftest.o microblaze_0/lib/xgpio_sinit.o microblaze_0/lib/xil
TRACE::2024-11-20.05:05:06::SCWMssOS::_assert.o microblaze_0/lib/xil_cache.o microblaze_0/lib/xil_clocking.o microblaze_0/lib/xil_exception.o microblaze_0/lib/xil_me
TRACE::2024-11-20.05:05:06::SCWMssOS::m.o microblaze_0/lib/xil_misc_psreset_api.o microblaze_0/lib/xil_printf.o microblaze_0/lib/xil_sleepcommon.o microblaze_0/lib/x
TRACE::2024-11-20.05:05:06::SCWMssOS::il_testcache.o microblaze_0/lib/xil_testio.o microblaze_0/lib/xil_testmem.o microblaze_0/lib/xil_util.o microblaze_0/lib/xintc.
TRACE::2024-11-20.05:05:06::SCWMssOS::o microblaze_0/lib/xintc_g.o microblaze_0/lib/xintc_intr.o microblaze_0/lib/xintc_l.o microblaze_0/lib/xintc_options.o microbla
TRACE::2024-11-20.05:05:06::SCWMssOS::ze_0/lib/xintc_selftest.o microblaze_0/lib/xinterrupt_wrap.o microblaze_0/lib/xio.o microblaze_0/lib/xplatform_info.o microblaz
TRACE::2024-11-20.05:05:06::SCWMssOS::e_0/lib/xspi.o microblaze_0/lib/xspi_g.o microblaze_0/lib/xspi_options.o microblaze_0/lib/xspi_selftest.o microblaze_0/lib/xspi
TRACE::2024-11-20.05:05:06::SCWMssOS::_sinit.o microblaze_0/lib/xspi_stats.o microblaze_0/lib/xtmrctr.o microblaze_0/lib/xtmrctr_g.o microblaze_0/lib/xtmrctr_intr.o 
TRACE::2024-11-20.05:05:06::SCWMssOS::microblaze_0/lib/xtmrctr_l.o microblaze_0/lib/xtmrctr_options.o microblaze_0/lib/xtmrctr_selftest.o microblaze_0/lib/xtmrctr_si
TRACE::2024-11-20.05:05:06::SCWMssOS::nit.o microblaze_0/lib/xtmrctr_stats.o microblaze_0/lib/xuartlite.o microblaze_0/lib/xuartlite_g.o microblaze_0/lib/xuartlite_i
TRACE::2024-11-20.05:05:06::SCWMssOS::ntr.o microblaze_0/lib/xuartlite_l.o microblaze_0/lib/xuartlite_selftest.o microblaze_0/lib/xuartlite_sinit.o microblaze_0/lib/
TRACE::2024-11-20.05:05:06::SCWMssOS::xuartlite_stats.o

TRACE::2024-11-20.05:05:07::SCWMssOS::'Finished building libraries'

TRACE::2024-11-20.05:05:07::SCWMssOS:: Checking if to create the Supporting Applications
TRACE::2024-11-20.05:05:07::SCWMssOS:: No Linux domain exists, trying to generate FSBL 
LOG::2024-11-20.05:05:07::SCWSystem::Completed Processing the domain standalone_microblaze_0
LOG::2024-11-20.05:05:07::SCWSystem::Completed Processing the sysconfig mb_usb_hdmi_top
LOG::2024-11-20.05:05:07::SCWPlatform::Completed generating the artifacts for system configuration mb_usb_hdmi_top
TRACE::2024-11-20.05:05:07::SCWPlatform::Started preparing the platform 
TRACE::2024-11-20.05:05:07::SCWSystem::Writing the bif file for system config mb_usb_hdmi_top
TRACE::2024-11-20.05:05:07::SCWSystem::dir created 
TRACE::2024-11-20.05:05:07::SCWSystem::Writing the bif 
TRACE::2024-11-20.05:05:07::SCWPlatform::Started writing the spfm file 
TRACE::2024-11-20.05:05:07::SCWPlatform::Started writing the xpfm file 
TRACE::2024-11-20.05:05:07::SCWPlatform::Completed generating the platform
TRACE::2024-11-20.05:05:07::SCWMssOS::Saving the mss changes C:/Users/curti/OneDrive/Documents/UIUC/ECE-385/Vivado_Projects/lab_6_2/workspace/mb_usb_hdmi_top/microblaze_0/standalone_microblaze_0/bsp/system.mss
TRACE::2024-11-20.05:05:07::SCWMssOS::Adding the swdes entry, mss present, able to open swdb C:/Users/curti/OneDrive/Documents/UIUC/ECE-385/Vivado_Projects/lab_6_2/workspace/mb_usb_hdmi_top/microblaze_0/standalone_microblaze_0/bsp/system.mss with des name system
TRACE::2024-11-20.05:05:07::SCWMssOS::Writing the mss file completed C:/Users/curti/OneDrive/Documents/UIUC/ECE-385/Vivado_Projects/lab_6_2/workspace/mb_usb_hdmi_top/microblaze_0/standalone_microblaze_0/bsp/system.mss
TRACE::2024-11-20.05:05:07::SCWMssOS::Commit changes completed.
TRACE::2024-11-20.05:05:07::SCWPlatform::Trying to open the hw design at C:/Users/curti/OneDrive/Documents/UIUC/ECE-385/Vivado_Projects/lab_6_2/workspace/mb_usb_hdmi_top/hw/mb_usb_hdmi_top.xsa
TRACE::2024-11-20.05:05:07::SCWPlatform::DSA given C:/Users/curti/OneDrive/Documents/UIUC/ECE-385/Vivado_Projects/lab_6_2/workspace/mb_usb_hdmi_top/hw/mb_usb_hdmi_top.xsa
TRACE::2024-11-20.05:05:07::SCWPlatform::DSA absoulate path C:/Users/curti/OneDrive/Documents/UIUC/ECE-385/Vivado_Projects/lab_6_2/workspace/mb_usb_hdmi_top/hw/mb_usb_hdmi_top.xsa
TRACE::2024-11-20.05:05:07::SCWPlatform::DSA directory C:/Users/curti/OneDrive/Documents/UIUC/ECE-385/Vivado_Projects/lab_6_2/workspace/mb_usb_hdmi_top/hw
TRACE::2024-11-20.05:05:07::SCWPlatform:: Platform Path C:/Users/curti/OneDrive/Documents/UIUC/ECE-385/Vivado_Projects/lab_6_2/workspace/mb_usb_hdmi_top/hw/mb_usb_hdmi_top.xsa
TRACE::2024-11-20.05:05:07::SCWPlatform:: Unique name xilinx:::0.0
TRACE::2024-11-20.05:05:07::SCWPlatform::Trying to set the existing hwdb with name mb_usb_hdmi_top_1
TRACE::2024-11-20.05:05:07::SCWPlatform::Opened existing hwdb mb_usb_hdmi_top_1
TRACE::2024-11-20.05:05:07::SCWPlatform::Found the Hw Db part of the input DSA
TRACE::2024-11-20.05:05:07::SCWMssOS::Checking the sw design at  C:/Users/curti/OneDrive/Documents/UIUC/ECE-385/Vivado_Projects/lab_6_2/workspace/mb_usb_hdmi_top/microblaze_0/standalone_microblaze_0/bsp/system.mss
TRACE::2024-11-20.05:05:07::SCWMssOS::DEBUG:  swdes dump  C:/Users/curti/OneDrive/Documents/UIUC/ECE-385/Vivado_Projects/lab_6_2/workspace/mb_usb_hdmi_top/microblaze_0/standalone_microblaze_0/bsp/system.mss|system||

TRACE::2024-11-20.05:05:07::SCWMssOS::Sw design exists and opened at  C:/Users/curti/OneDrive/Documents/UIUC/ECE-385/Vivado_Projects/lab_6_2/workspace/mb_usb_hdmi_top/microblaze_0/standalone_microblaze_0/bsp/system.mss
TRACE::2024-11-20.05:05:07::SCWWriter::formatted JSON is {
	"platformName":	"mb_usb_hdmi_top",
	"sprVersion":	"2.0",
	"mode":	"gui",
	"dsaType":	"Fixed",
	"platformDesc":	"mb_usb_hdmi_top",
	"platHandOff":	"C:/Users/curti/OneDrive/Documents/UIUC/ECE-385/Vivado_Projects/asldkfjeadf/Final_Project_V2/mb_usb_hdmi_top.xsa",
	"platIntHandOff":	"<platformDir>/hw/mb_usb_hdmi_top.xsa",
	"deviceType":	"FPGA",
	"platIsPrebuiltAutogen":	"false",
	"platIsNoBootBsp":	"false",
	"hasFsblMakeHasChanges":	"false",
	"hasPmufwMakeHasChanges":	"false",
	"platPreBuiltFlag":	false,
	"platformSamplesDir":	"",
	"platActiveSys":	"mb_usb_hdmi_top",
	"systems":	[{
			"systemName":	"mb_usb_hdmi_top",
			"systemDesc":	"mb_usb_hdmi_top",
			"sysIsBootAutoGen":	"true",
			"systemDispName":	"mb_usb_hdmi_top",
			"sysActiveDom":	"standalone_microblaze_0",
			"sysDefaultDom":	"standalone_microblaze_0",
			"domains":	[{
					"domainName":	"standalone_microblaze_0",
					"domainDispName":	"standalone_microblaze_0",
					"domainDesc":	"standalone_microblaze_0",
					"processors":	"microblaze_0",
					"os":	"standalone",
					"sdxOs":	"standalone",
					"debugEnable":	"False",
					"domRuntimes":	["cpp"],
					"swRepo":	"",
					"mssOsVer":	"8.0",
					"mssFile":	"",
					"md5Digest":	"304529987e879521ca977c68d163f362",
					"compatibleApp":	"",
					"domType":	"mssDomain",
					"arch":	"32-bit",
					"appSettings":	{
						"appCompilerFlags":	"",
						"appLinkerFlags":	""
					},
					"addedLibs":	[],
					"libOptions":	{
						"libsContainingOptions":	[]
					},
					"prebuiltLibs":	{
						"prebuiltIncPath":	[],
						"prebuiltLibPath":	[]
					},
					"isolation":	{
					}
				}]
		}]
}
KEYINFO::2024-11-20.05:05:07::SCWPlatform::updated the xpfm file.
TRACE::2024-11-20.05:05:07::SCWPlatform::Trying to open the hw design at C:/Users/curti/OneDrive/Documents/UIUC/ECE-385/Vivado_Projects/lab_6_2/workspace/mb_usb_hdmi_top/hw/mb_usb_hdmi_top.xsa
TRACE::2024-11-20.05:05:07::SCWPlatform::DSA given C:/Users/curti/OneDrive/Documents/UIUC/ECE-385/Vivado_Projects/lab_6_2/workspace/mb_usb_hdmi_top/hw/mb_usb_hdmi_top.xsa
TRACE::2024-11-20.05:05:07::SCWPlatform::DSA absoulate path C:/Users/curti/OneDrive/Documents/UIUC/ECE-385/Vivado_Projects/lab_6_2/workspace/mb_usb_hdmi_top/hw/mb_usb_hdmi_top.xsa
TRACE::2024-11-20.05:05:07::SCWPlatform::DSA directory C:/Users/curti/OneDrive/Documents/UIUC/ECE-385/Vivado_Projects/lab_6_2/workspace/mb_usb_hdmi_top/hw
TRACE::2024-11-20.05:05:07::SCWPlatform:: Platform Path C:/Users/curti/OneDrive/Documents/UIUC/ECE-385/Vivado_Projects/lab_6_2/workspace/mb_usb_hdmi_top/hw/mb_usb_hdmi_top.xsa
TRACE::2024-11-20.05:05:07::SCWPlatform:: Unique name xilinx:::0.0
TRACE::2024-11-20.05:05:07::SCWPlatform::Trying to set the existing hwdb with name mb_usb_hdmi_top_1
TRACE::2024-11-20.05:05:07::SCWPlatform::Opened existing hwdb mb_usb_hdmi_top_1
TRACE::2024-11-20.05:05:07::SCWPlatform::Found the Hw Db part of the input DSA
TRACE::2024-11-20.05:05:07::SCWMssOS::Checking the sw design at  C:/Users/curti/OneDrive/Documents/UIUC/ECE-385/Vivado_Projects/lab_6_2/workspace/mb_usb_hdmi_top/microblaze_0/standalone_microblaze_0/bsp/system.mss
TRACE::2024-11-20.05:05:07::SCWMssOS::DEBUG:  swdes dump  C:/Users/curti/OneDrive/Documents/UIUC/ECE-385/Vivado_Projects/lab_6_2/workspace/mb_usb_hdmi_top/microblaze_0/standalone_microblaze_0/bsp/system.mss|system||

TRACE::2024-11-20.05:05:07::SCWMssOS::Sw design exists and opened at  C:/Users/curti/OneDrive/Documents/UIUC/ECE-385/Vivado_Projects/lab_6_2/workspace/mb_usb_hdmi_top/microblaze_0/standalone_microblaze_0/bsp/system.mss
