#
# A fatal error has been detected by the Java Runtime Environment:
#
#  EXCEPTION_ACCESS_VIOLATION (0xc0000005) at pc=0x00007ffe24c0e215, pid=15152, tid=60384
#
# JRE version: OpenJDK Runtime Environment 18.9 (11.0.11+9) (build 11.0.11+9)
# Java VM: OpenJDK 64-Bit Server VM 18.9 (11.0.11+9, mixed mode, tiered, compressed oops, g1 gc, windows-amd64)
# Problematic frame:
# C  [librdi_filemgmt.dll+0x29e215]
#
# No core dump will be written. Minidumps are not enabled by default on client versions of Windows
#
# If you would like to submit a bug report, please visit:
#   https://bugreport.java.com/bugreport/crash.jsp
# The crash happened outside the Java Virtual Machine in native code.
# See problematic frame for where to report the bug.
#

---------------  S U M M A R Y ------------

Command Line: -Dsun.java2d.pmoffscreen=false -Dhttps.protocols=TLSv1,TLSv1.1,TLSv1.2 -Dsun.java2d.xrender=false -Dsun.java2d.d3d=false -Dsun.awt.nopixfmt=true -Dsun.java2d.dpiaware=true -Dsun.java2d.uiScale.enabled=false -Xverify:none -Dswing.aatext=true -XX:-UsePerfData -Djdk.map.althashing.threshold=512 -XX:StringTableSize=4072 --add-opens=java.desktop/com.sun.awt=ALL-UNNAMED --add-opens=java.desktop/javax.swing.plaf.synth=ALL-UNNAMED --add-opens=java.base/java.nio=ALL-UNNAMED --add-opens=java.desktop/sun.swing=ALL-UNNAMED --add-opens=java.desktop/javax.swing=ALL-UNNAMED --add-opens=java.desktop/javax.swing.tree=ALL-UNNAMED --add-opens=java.desktop/javax.swing.plaf.basic=ALL-UNNAMED --add-opens=java.desktop/javax.swing.plaf.synth=ALL-UNNAMED --add-opens=java.desktop/javax.swing.plaf.basic=ALL-UNNAMED --add-opens=java.desktop/javax.swing=ALL-UNNAMED --add-opens=java.desktop/javax.swing.tree=ALL-UNNAMED --add-opens=java.desktop/java.awt.event=ALL-UNNAMED --add-exports=java.desktop/javax.swing.plaf.synth=ALL-UNNAMED --add-exports=java.base/java.nio=ALL-UNNAMED --add-exports=java.desktop/sun.swing=ALL-UNNAMED --add-exports=java.desktop/javax.swing=ALL-UNNAMED --add-exports=java.desktop/javax.swing.tree=ALL-UNNAMED --add-exports=java.desktop/javax.swing.plaf.basic=ALL-UNNAMED --add-exports=java.desktop/sun.swing=ALL-UNNAMED --add-exports=java.desktop/sun.swing.table=ALL-UNNAMED --add-exports=java.desktop/sun.swing.plaf.synth=ALL-UNNAMED --add-exports=java.desktop/sun.awt.shell=ALL-UNNAMED --add-exports=java.base/sun.security.action=ALL-UNNAMED --add-exports=java.desktop/sun.font=ALL-UNNAMED -XX:NewSize=60m -XX:MaxNewSize=60m -Xms256m -Xmx3072m -Xss5m 

Host: 12th Gen Intel(R) Core(TM) i7-12700H, 20 cores, 31G,  Windows 10 , 64 bit Build 22621 (10.0.22621.3958)
Time: Tue Oct 29 18:10:06 2024 Central Daylight Time elapsed time: 2571.000033 seconds (0d 0h 42m 51s)

---------------  T H R E A D  ---------------

Current thread (0x000002c9275a6000):  JavaThread "AWT-EventQueue-0" [_thread_in_native, id=60384, stack(0x000000d1f6400000,0x000000d1f6900000)]

Stack: [0x000000d1f6400000,0x000000d1f6900000],  sp=0x000000d1f68fcc70,  free space=5107k
Native frames: (J=compiled Java code, j=interpreted, Vv=VM code, C=native code)
C  [librdi_filemgmt.dll+0x29e215]
C  [librdi_filemgmt.dll+0x29ca65]
C  [librdi_filemgmt.dll+0x2b965f]
C  0x000002c9110da845

Java frames: (J=compiled Java code, j=interpreted, Vv=VM code)
J 26898  ui.data.srcscan.srcscani.EditorAssist_createFoldInfoIter(JLjava/lang/String;)J (0 bytes) @ 0x000002c9110da7a5 [0x000002c9110da740+0x0000000000000065]
J 26897 c1 ui.texteditor.a.a.ZM(Ljava/lang/String;)J (9 bytes) @ 0x000002c9099ae034 [0x000002c9099adfc0+0x0000000000000074]
j  ui.texteditor.a.c.a(Ljava/net/URI;)V+26
j  ui.texteditor.a.a.ZJ(Ljava/lang/String;)V+8
j  ui.views.X.a.a.axX(Ljava/lang/String;)V+27
j  ui.views.X.a.a.kCd()V+43
j  ui.views.X.a.h.aQz()V+20
J 26881 c2 ui.frmwork.x.run()V (15 bytes) @ 0x000002c9114db6a8 [0x000002c9114da020+0x0000000000001688]
J 17498 c2 java.awt.EventQueue.dispatchEventImpl(Ljava/awt/AWTEvent;Ljava/lang/Object;)V java.desktop@11.0.11 (136 bytes) @ 0x000002c9109b3d4c [0x000002c9109b3c80+0x00000000000000cc]
J 17266 c2 java.awt.EventQueue$4.run()Ljava/lang/Void; java.desktop@11.0.11 (60 bytes) @ 0x000002c91107cb98 [0x000002c91107cb40+0x0000000000000058]
J 14690 c2 java.awt.EventQueue$4.run()Ljava/lang/Object; java.desktop@11.0.11 (5 bytes) @ 0x000002c910e1ae54 [0x000002c910e1ae20+0x0000000000000034]
v  ~StubRoutines::call_stub
J 4006  java.security.AccessController.doPrivileged(Ljava/security/PrivilegedAction;Ljava/security/AccessControlContext;)Ljava/lang/Object; java.base@11.0.11 (0 bytes) @ 0x000002c91044c6b6 [0x000002c91044c640+0x0000000000000076]
J 13664 c2 java.awt.EventQueue.dispatchEvent(Ljava/awt/AWTEvent;)V java.desktop@11.0.11 (80 bytes) @ 0x000002c910ce71fc [0x000002c910ce6ec0+0x000000000000033c]
J 14693 c2 ui.frmwork.a.d.dispatchEvent(Ljava/awt/AWTEvent;)V (42 bytes) @ 0x000002c910e1cfc4 [0x000002c910e1ce00+0x00000000000001c4]
J 24134% c2 java.awt.EventDispatchThread.pumpEventsForFilter(ILjava/awt/Conditional;Ljava/awt/EventFilter;)V java.desktop@11.0.11 (47 bytes) @ 0x000002c9118b9ab8 [0x000002c9118b9900+0x00000000000001b8]
j  java.awt.EventDispatchThread.pumpEventsForHierarchy(ILjava/awt/Conditional;Ljava/awt/Component;)V+11 java.desktop@11.0.11
j  java.awt.EventDispatchThread.pumpEvents(ILjava/awt/Conditional;)V+4 java.desktop@11.0.11
j  java.awt.EventDispatchThread.pumpEvents(Ljava/awt/Conditional;)V+3 java.desktop@11.0.11
j  java.awt.EventDispatchThread.run()V+9 java.desktop@11.0.11
v  ~StubRoutines::call_stub

siginfo: EXCEPTION_ACCESS_VIOLATION (0xc0000005), reading address 0x0000000000610074


Register to memory mapping:

RIP=0x00007ffe24c0e215 librdi_filemgmt.dll
RAX=0x0000000000000001 is an unknown value
RBX=0x000002c926d169c8 points into unknown readable memory: 0x0000000000610074 | 74 00 61 00 00 00 00 00
RCX=0x000002c973400000 points into unknown readable memory: 0x0000000000000000 | 00 00 00 00 00 00 00 00
RDX=0x0000000000610074 is an unknown value
RSP=0x000000d1f68fcc70 is pointing into the stack for thread: 0x000002c9275a6000
RBP=0x000000d1f68fcdc0 is pointing into the stack for thread: 0x000002c9275a6000
RSI=0x0 is NULL
RDI=0x000002c945453310 points into unknown readable memory: 0x00007ffe24dce930 | 30 e9 dc 24 fe 7f 00 00
R8 =0x0 is NULL
R9 =0x0000000000000001 is an unknown value
R10=0x0000000000000003 is an unknown value
R11=0x000000d1f68fcbd0 is pointing into the stack for thread: 0x000002c9275a6000
R12=0x000000d1f68fced8 is pointing into the stack for thread: 0x000002c9275a6000
R13=0x000002c926d02600 points into unknown readable memory: 0x000002c928888730 | 30 87 88 28 c9 02 00 00
R14=0x0 is NULL
R15=0x000002c94bb47cb0 points into unknown readable memory: 0x005c003f003f005c | 5c 00 3f 00 3f 00 5c 00


Registers:
RAX=0x0000000000000001, RBX=0x000002c926d169c8, RCX=0x000002c973400000, RDX=0x0000000000610074
RSP=0x000000d1f68fcc70, RBP=0x000000d1f68fcdc0, RSI=0x0000000000000000, RDI=0x000002c945453310
R8 =0x0000000000000000, R9 =0x0000000000000001, R10=0x0000000000000003, R11=0x000000d1f68fcbd0
R12=0x000000d1f68fced8, R13=0x000002c926d02600, R14=0x0000000000000000, R15=0x000002c94bb47cb0
RIP=0x00007ffe24c0e215, EFLAGS=0x0000000000010257

Top of Stack: (sp=0x000000d1f68fcc70)
0x000000d1f68fcc70:   0000000000000000 000002c900000000
0x000000d1f68fcc80:   000002c926d169c0 000000d1f68fcdc0
0x000000d1f68fcc90:   fffffffffffffffe 000002c92cd26900
0x000000d1f68fcca0:   2e62745f305f3176 0000000000000000
0x000000d1f68fccb0:   000000000000000f 000002c92cd26c00
0x000000d1f68fccc0:   000002c926d02600 0000000000000000
0x000000d1f68fccd0:   000000000000000f 0000b7d7f02f70fb
0x000000d1f68fcce0:   000000000000007a 000002c926d02600
0x000000d1f68fccf0:   000000d1f68fcdc0 00007ffe24c0ca65
0x000000d1f68fcd00:   0000000000000000 00007ffe24a2d5d4
0x000000d1f68fcd10:   000000000000007a 000002c945453310
0x000000d1f68fcd20:   000002c9275a6000 000002c9275a6000
0x000000d1f68fcd30:   0000ddd64c339f3c 0000ddd64c33983c
0x000000d1f68fcd40:   000002c94bb47cb0 000002c926d02600
0x000000d1f68fcd50:   000000d1f68fced8 0000000000000001
0x000000d1f68fcd60:   000002c9275a6348 000000d1f68fcf10 

Instructions: (pc=0x00007ffe24c0e215)
0x00007ffe24c0e115:   c2 48 8b 4c 24 30 48 8b c1 48 81 fa 00 10 00 00
0x00007ffe24c0e125:   72 1c 48 83 c2 27 48 8b 49 f8 48 2b c1 48 83 c0
0x00007ffe24c0e135:   f8 48 83 f8 1f 76 07 ff 15 56 46 18 00 cc e8 30
0x00007ffe24c0e145:   96 08 00 66 0f 6f 05 30 78 18 00 f3 0f 7f 44 24
0x00007ffe24c0e155:   40 c6 44 24 30 00 48 8b cb e8 1d 94 08 00 85 c0
0x00007ffe24c0e165:   74 08 8b c8 e8 18 94 08 00 90 48 8b c6 48 8b 4c
0x00007ffe24c0e175:   24 50 48 33 cc e8 11 97 08 00 48 8b 9c 24 98 00
0x00007ffe24c0e185:   00 00 48 83 c4 60 5f 5e 5d c3 cc b8 02 00 00 00
0x00007ffe24c0e195:   c3 cc cc cc cc cc cc cc cc cc cc 48 8b c4 56 57
0x00007ffe24c0e1a5:   41 56 48 83 ec 70 48 c7 40 98 fe ff ff ff 48 89
0x00007ffe24c0e1b5:   58 18 48 89 68 20 48 8b 05 ae 49 38 00 48 33 c4
0x00007ffe24c0e1c5:   48 89 44 24 68 48 8b ea 48 8b f9 48 8b 01 ff 50
0x00007ffe24c0e1d5:   08 8b f0 85 c0 0f 85 1b 01 00 00 48 8b 5f 08 48
0x00007ffe24c0e1e5:   83 c3 08 48 3b 5f 10 0f 84 09 01 00 00 45 33 f6
0x00007ffe24c0e1f5:   48 8b 13 4c 89 74 24 38 48 c7 44 24 40 0f 00 00
0x00007ffe24c0e205:   00 c6 44 24 28 00 49 c7 c0 ff ff ff ff 49 ff c0
0x00007ffe24c0e215:   42 80 3c 02 00 75 f6 48 8d 4c 24 28 e8 7a a0 d7
0x00007ffe24c0e225:   ff 90 48 8d 54 24 28 48 8d 4c 24 48 ff 15 a1 50
0x00007ffe24c0e235:   18 00 90 48 8b d5 48 8d 4c 24 48 ff 15 b2 4e 18
0x00007ffe24c0e245:   00 84 c0 75 55 48 8d 4c 24 48 ff 15 8b 50 18 00
0x00007ffe24c0e255:   90 48 8b 54 24 40 48 83 fa 10 72 2e 48 ff c2 48
0x00007ffe24c0e265:   8b 4c 24 28 48 8b c1 48 81 fa 00 10 00 00 72 15
0x00007ffe24c0e275:   48 83 c2 27 48 8b 49 f8 48 2b c1 48 83 c0 f8 48
0x00007ffe24c0e285:   83 f8 1f 77 65 e8 e9 94 08 00 48 83 c3 08 48 3b
0x00007ffe24c0e295:   5f 10 0f 85 58 ff ff ff eb 5c 48 8b 07 48 8d 54
0x00007ffe24c0e2a5:   24 28 48 8b cf ff 50 08 8b f0 48 8d 4c 24 48 ff
0x00007ffe24c0e2b5:   15 26 50 18 00 90 48 8b 54 24 40 48 83 fa 10 72
0x00007ffe24c0e2c5:   35 48 ff c2 48 8b 4c 24 28 48 8b c1 48 81 fa 00
0x00007ffe24c0e2d5:   10 00 00 72 1c 48 83 c2 27 48 8b 49 f8 48 2b c1
0x00007ffe24c0e2e5:   48 83 c0 f8 48 83 f8 1f 76 07 ff 15 a3 44 18 00
0x00007ffe24c0e2f5:   cc e8 7d 94 08 00 8b c6 48 8b 4c 24 68 48 33 cc
0x00007ffe24c0e305:   e8 86 95 08 00 4c 8d 5c 24 70 49 8b 5b 30 49 8b 


Stack slot to memory mapping:
stack at sp + 0 slots: 0x0 is NULL
stack at sp + 1 slots: 0x000002c900000000 is an unknown value
stack at sp + 2 slots: 0x000002c926d169c0 points into unknown readable memory: 0x0061004400700070 | 70 00 70 00 44 00 61 00
stack at sp + 3 slots: 0x000000d1f68fcdc0 is pointing into the stack for thread: 0x000002c9275a6000
stack at sp + 4 slots: 0xfffffffffffffffe is an unknown value
stack at sp + 5 slots: 0x000002c92cd26900 points into unknown readable memory: 0x000002c92cd26d40 | 40 6d d2 2c c9 02 00 00
stack at sp + 6 slots: 0x2e62745f305f3176 is an unknown value
stack at sp + 7 slots: 0x0 is NULL


---------------  P R O C E S S  ---------------

Threads class SMR info:
_java_thread_list=0x000002c93d9d8b90, length=62, elements={
0x000002c97c1e9800, 0x000002c97c4d5000, 0x000002c97c4da000, 0x000002c97c4e2000,
0x000002c97c4e3800, 0x000002c97c4e4800, 0x000002c97c4ea800, 0x000002c97c4f0000,
0x000002c97c4f1800, 0x000002c9237d2000, 0x000002c97c5e2800, 0x000002c9241ab000,
0x000002c9266cf000, 0x000002c9275a5800, 0x000002c9275a6000, 0x000002c927bfc800,
0x000002c9282ea800, 0x000002c927c59000, 0x000002c927c57800, 0x000002c928704800,
0x000002c928700800, 0x000002c928706000, 0x000002c928707000, 0x000002c928702000,
0x000002c928703800, 0x000002c92870a800, 0x000002c92870b000, 0x000002c92870c000,
0x000002c92870c800, 0x000002c92870d800, 0x000002c928708000, 0x000002c928709800,
0x000002c927c5e000, 0x000002c927c58000, 0x000002c927c5a000, 0x000002c927c5a800,
0x000002c927c5b800, 0x000002c942873000, 0x000002c942874800, 0x000002c942875800,
0x000002c942878000, 0x000002c942879000, 0x000002c94287a800, 0x000002c942879800,
0x000002c94287d000, 0x000002c928705800, 0x000002c928701800, 0x000002c928703000,
0x000002c94287d800, 0x000002c949266800, 0x000002c949265000, 0x000002c94287c000,
0x000002c949268000, 0x000002c942872800, 0x000002c942874000, 0x000002c949269800,
0x000002c949264000, 0x000002c94926a800, 0x000002c942881000, 0x000002c94287b800,
0x000002c9286ff000, 0x000002c9286ff800
}

Java Threads: ( => current thread )
  0x000002c97c1e9800 JavaThread "main" [_thread_blocked, id=46408, stack(0x000000d1f1100000,0x000000d1f1200000)]
  0x000002c97c4d5000 JavaThread "Reference Handler" daemon [_thread_blocked, id=10624, stack(0x000000d1f1800000,0x000000d1f1d00000)]
  0x000002c97c4da000 JavaThread "Finalizer" daemon [_thread_blocked, id=59616, stack(0x000000d1f1d00000,0x000000d1f2200000)]
  0x000002c97c4e2000 JavaThread "Signal Dispatcher" daemon [_thread_blocked, id=57568, stack(0x000000d1f2200000,0x000000d1f2700000)]
  0x000002c97c4e3800 JavaThread "Attach Listener" daemon [_thread_blocked, id=58996, stack(0x000000d1f2700000,0x000000d1f2c00000)]
  0x000002c97c4e4800 JavaThread "Service Thread" daemon [_thread_blocked, id=41384, stack(0x000000d1f2c00000,0x000000d1f3100000)]
  0x000002c97c4ea800 JavaThread "C2 CompilerThread0" daemon [_thread_blocked, id=57924, stack(0x000000d1f3100000,0x000000d1f3200000)]
  0x000002c97c4f0000 JavaThread "C1 CompilerThread0" daemon [_thread_blocked, id=8028, stack(0x000000d1f3200000,0x000000d1f3300000)]
  0x000002c97c4f1800 JavaThread "Sweeper thread" daemon [_thread_blocked, id=61196, stack(0x000000d1f3300000,0x000000d1f3800000)]
  0x000002c9237d2000 JavaThread "Common-Cleaner" daemon [_thread_blocked, id=3500, stack(0x000000d1f3b00000,0x000000d1f4000000)]
  0x000002c97c5e2800 JavaThread "Java2D Disposer" daemon [_thread_blocked, id=8064, stack(0x000000d1f4100000,0x000000d1f4600000)]
  0x000002c9241ab000 JavaThread "AWT-Windows" daemon [_thread_in_native, id=55652, stack(0x000000d1f4b00000,0x000000d1f5000000)]
  0x000002c9266cf000 JavaThread "TimerQueue" daemon [_thread_blocked, id=9808, stack(0x000000d1f4600000,0x000000d1f4b00000)]
  0x000002c9275a5800 JavaThread "AWT-Shutdown" [_thread_blocked, id=41160, stack(0x000000d1f5f00000,0x000000d1f6400000)]
=>0x000002c9275a6000 JavaThread "AWT-EventQueue-0" [_thread_in_native, id=60384, stack(0x000000d1f6400000,0x000000d1f6900000)]
  0x000002c927bfc800 JavaThread "Thread-1" [_thread_in_native, id=50928, stack(0x000000d1ef900000,0x000000d1f0d00000)]
  0x000002c9282ea800 JavaThread "Process Messages Thread" [_thread_blocked, id=56716, stack(0x000000d1f7300000,0x000000d1f7800000)]
  0x000002c927c59000 JavaThread "Batik CleanerThread" daemon [_thread_blocked, id=52112, stack(0x000000d1f6900000,0x000000d1f6e00000)]
  0x000002c927c57800 JavaThread "SyntheticaCleanerThread" daemon [_thread_blocked, id=3556, stack(0x000000d1f7d00000,0x000000d1f8200000)]
  0x000002c928704800 JavaThread "Monitor HEventQueue Thread" [_thread_blocked, id=39220, stack(0x000000d1f9200000,0x000000d1f9700000)]
  0x000002c928700800 JavaThread "SyntheticaAnimation 50" daemon [_thread_blocked, id=11844, stack(0x000000d1f9900000,0x000000d1f9e00000)]
  0x000002c928706000 JavaThread "SyntheticaAnimation 25" daemon [_thread_blocked, id=42316, stack(0x000000d1f9e00000,0x000000d1fa300000)]
  0x000002c928707000 JavaThread "SyntheticaAnimation 70" daemon [_thread_blocked, id=30916, stack(0x000000d1fa800000,0x000000d1fad00000)]
  0x000002c928702000 JavaThread "Refresh Filesets Swing Worker Thread" [_thread_blocked, id=7292, stack(0x000000d1f5600000,0x000000d1f5b00000)]
  0x000002c928703800 JavaThread "hw_ila_monitor" [_thread_blocked, id=51132, stack(0x000000d1f7800000,0x000000d1f7d00000)]
  0x000002c92870a800 JavaThread "pool-2-thread-1" [_thread_blocked, id=51032, stack(0x000000d1f8700000,0x000000d1f8c00000)]
  0x000002c92870b000 JavaThread "pool-3-thread-1" [_thread_blocked, id=8904, stack(0x000000d1fad00000,0x000000d1fb200000)]
  0x000002c92870c000 JavaThread "pool-4-thread-1" [_thread_blocked, id=9912, stack(0x000000d1fb200000,0x000000d1fb700000)]
  0x000002c92870c800 JavaThread "pool-5-thread-1" [_thread_blocked, id=7720, stack(0x000000d1fb700000,0x000000d1fbc00000)]
  0x000002c92870d800 JavaThread "pool-6-thread-1" [_thread_blocked, id=25132, stack(0x000000d1fbc00000,0x000000d1fc100000)]
  0x000002c928708000 JavaThread "pool-7-thread-1" [_thread_blocked, id=11560, stack(0x000000d1fc100000,0x000000d1fc600000)]
  0x000002c928709800 JavaThread "pool-8-thread-1" [_thread_blocked, id=11672, stack(0x000000d1fc600000,0x000000d1fcb00000)]
  0x000002c927c5e000 JavaThread "pool-9-thread-1" [_thread_blocked, id=13232, stack(0x000000d1fcb00000,0x000000d1fd000000)]
  0x000002c927c58000 JavaThread "pool-10-thread-1" [_thread_blocked, id=8172, stack(0x000000d1fd000000,0x000000d1fd500000)]
  0x000002c927c5a000 JavaThread "pool-11-thread-1" [_thread_blocked, id=10092, stack(0x000000d1fd500000,0x000000d1fda00000)]
  0x000002c927c5a800 JavaThread "pool-12-thread-1" [_thread_blocked, id=36536, stack(0x000000d1fda00000,0x000000d1fdf00000)]
  0x000002c927c5b800 JavaThread "pool-13-thread-1" [_thread_blocked, id=11080, stack(0x000000d1fdf00000,0x000000d1fe400000)]
  0x000002c942873000 JavaThread "pool-14-thread-1" [_thread_blocked, id=3512, stack(0x000000d1fe400000,0x000000d1fe900000)]
  0x000002c942874800 JavaThread "pool-15-thread-1" [_thread_blocked, id=36988, stack(0x000000d1fe900000,0x000000d1fee00000)]
  0x000002c942875800 JavaThread "pool-16-thread-1" [_thread_blocked, id=54808, stack(0x000000d1fee00000,0x000000d1ff300000)]
  0x000002c942878000 JavaThread "pool-17-thread-1" [_thread_blocked, id=11680, stack(0x000000d1ff300000,0x000000d1ff800000)]
  0x000002c942879000 JavaThread "Update Runs Swing Worker Thread" [_thread_blocked, id=7628, stack(0x000000d180500000,0x000000d180a00000)]
  0x000002c94287a800 JavaThread "SyntheticaAnimation 50" daemon [_thread_blocked, id=1704, stack(0x000000d181f00000,0x000000d182400000)]
  0x000002c942879800 JavaThread "Refresh Filesets Swing Worker Thread" [_thread_blocked, id=3332, stack(0x000000d182800000,0x000000d182d00000)]
  0x000002c94287d000 JavaThread "pool-18-thread-1" [_thread_blocked, id=9720, stack(0x000000d183200000,0x000000d183700000)]
  0x000002c928705800 JavaThread "pool-19-thread-1" [_thread_blocked, id=10984, stack(0x000000d183700000,0x000000d183c00000)]
  0x000002c928701800 JavaThread "pool-20-thread-1" [_thread_blocked, id=8328, stack(0x000000d183c00000,0x000000d184100000)]
  0x000002c928703000 JavaThread "Update Runs Swing Worker Thread" [_thread_blocked, id=38616, stack(0x000000d184100000,0x000000d184600000)]
  0x000002c94287d800 JavaThread "FileSystemWatchService" daemon [_thread_in_native, id=33060, stack(0x000000d184800000,0x000000d184d00000)]
  0x000002c949266800 JavaThread "c" [_thread_blocked, id=38044, stack(0x000000d184d00000,0x000000d185200000)]
  0x000002c949265000 JavaThread "Swing-Shell" daemon [_thread_blocked, id=31904, stack(0x000000d180000000,0x000000d180500000)]
  0x000002c94287c000 JavaThread "SyntheticaAnimation 50" daemon [_thread_blocked, id=5884, stack(0x000000d185200000,0x000000d185700000)]
  0x000002c949268000 JavaThread "Image Animator 0" daemon [_thread_blocked, id=25160, stack(0x000000d180a00000,0x000000d180f00000)]
  0x000002c942872800 JavaThread "Thread-4150" [_thread_in_native, id=9536, stack(0x000000d186c00000,0x000000d186d00000)]
  0x000002c942874000 JavaThread "Thread-4151" [_thread_in_native, id=51964, stack(0x000000d181700000,0x000000d181800000)]
  0x000002c949269800 JavaThread "Image Fetcher 3" daemon [_thread_blocked, id=45560, stack(0x000000d180f00000,0x000000d181400000)]
  0x000002c949264000 JavaThread "Image Fetcher 0" daemon [_thread_blocked, id=30264, stack(0x000000d185700000,0x000000d185c00000)]
  0x000002c94926a800 JavaThread "Thread-5661" [_thread_in_native, id=33456, stack(0x000000d181400000,0x000000d181500000)]
  0x000002c942881000 JavaThread "C1 CompilerThread1" daemon [_thread_blocked, id=54876, stack(0x000000d186500000,0x000000d186600000)]
  0x000002c94287b800 JavaThread "C1 CompilerThread2" daemon [_thread_blocked, id=45844, stack(0x000000d186600000,0x000000d186700000)]
  0x000002c9286ff000 JavaThread "C1 CompilerThread3" daemon [_thread_blocked, id=40380, stack(0x000000d186700000,0x000000d186800000)]
  0x000002c9286ff800 JavaThread "Code Inspector Thread" [_thread_in_native, id=4328, stack(0x000000d186800000,0x000000d186d00000)]

Other Threads:
  0x000002c97c4c3800 VMThread "VM Thread" [stack: 0x000000d1f1700000,0x000000d1f1800000] [id=17776]
  0x000002c9237d0800 WatcherThread [stack: 0x000000d1f4000000,0x000000d1f4100000] [id=58432]
  0x000002c97c1fc000 GCTaskThread "GC Thread#0" [stack: 0x000000d1f1200000,0x000000d1f1300000] [id=18296]
  0x000002c926477800 GCTaskThread "GC Thread#1" [stack: 0x000000d1f5000000,0x000000d1f5100000] [id=27356]
  0x000002c9236d4000 GCTaskThread "GC Thread#2" [stack: 0x000000d1f5100000,0x000000d1f5200000] [id=55540]
  0x000002c9236d4800 GCTaskThread "GC Thread#3" [stack: 0x000000d1f5200000,0x000000d1f5300000] [id=31040]
  0x000002c925e0a800 GCTaskThread "GC Thread#4" [stack: 0x000000d1f5300000,0x000000d1f5400000] [id=54280]
  0x000002c925e0b800 GCTaskThread "GC Thread#5" [stack: 0x000000d1f5400000,0x000000d1f5500000] [id=53392]
  0x000002c927830000 GCTaskThread "GC Thread#6" [stack: 0x000000d1f6e00000,0x000000d1f6f00000] [id=57708]
  0x000002c9269bb800 GCTaskThread "GC Thread#7" [stack: 0x000000d1f6f00000,0x000000d1f7000000] [id=44772]
  0x000002c926944800 GCTaskThread "GC Thread#8" [stack: 0x000000d1f5500000,0x000000d1f5600000] [id=43260]
  0x000002c927cba800 GCTaskThread "GC Thread#9" [stack: 0x000000d1f5b00000,0x000000d1f5c00000] [id=61460]
  0x000002c92bd1b800 GCTaskThread "GC Thread#10" [stack: 0x000000d1f8d00000,0x000000d1f8e00000] [id=11248]
  0x000002c92b37c000 GCTaskThread "GC Thread#11" [stack: 0x000000d1f8e00000,0x000000d1f8f00000] [id=11048]
  0x000002c92cd61800 GCTaskThread "GC Thread#12" [stack: 0x000000d1f9700000,0x000000d1f9800000] [id=23136]
  0x000002c92db4b800 GCTaskThread "GC Thread#13" [stack: 0x000000d1f9800000,0x000000d1f9900000] [id=8704]
  0x000002c9273ff800 GCTaskThread "GC Thread#14" [stack: 0x000000d1f5c00000,0x000000d1f5d00000] [id=5968]
  0x000002c97c239800 ConcurrentGCThread "G1 Main Marker" [stack: 0x000000d1f1300000,0x000000d1f1400000] [id=44520]
  0x000002c97c240000 ConcurrentGCThread "G1 Conc#0" [stack: 0x000000d1f1400000,0x000000d1f1500000] [id=46244]
  0x000002c927f4a800 ConcurrentGCThread "G1 Conc#1" [stack: 0x000000d1f7000000,0x000000d1f7100000] [id=57048]
  0x000002c927f4b000 ConcurrentGCThread "G1 Conc#2" [stack: 0x000000d1f7100000,0x000000d1f7200000] [id=7212]
  0x000002c927ec0800 ConcurrentGCThread "G1 Conc#3" [stack: 0x000000d1f7200000,0x000000d1f7300000] [id=51476]
  0x000002c97c363800 ConcurrentGCThread "G1 Refine#0" [stack: 0x000000d1f1500000,0x000000d1f1600000] [id=8416]
  0x000002c97c364800 ConcurrentGCThread "G1 Young RemSet Sampling" [stack: 0x000000d1f1600000,0x000000d1f1700000] [id=38948]

Threads with active compile tasks:

VM state:not at safepoint (normal execution)

VM Mutex/Monitor currently owned by a thread: None

Heap address: 0x0000000740000000, size: 3072 MB, Compressed Oops mode: Zero based, Oop shift amount: 3
Narrow klass base: 0x0000000800000000, Narrow klass shift: 0
Compressed class space size: 1073741824 Address: 0x0000000800000000

Heap:
 garbage-first heap   total 315392K, used 136448K [0x0000000740000000, 0x0000000800000000)
  region size 1024K, 11 young (11264K), 4 survivors (4096K)
 Metaspace       used 106872K, capacity 109854K, committed 110128K, reserved 1142784K
  class space    used 14882K, capacity 16233K, committed 16256K, reserved 1048576K
Heap Regions: E=young(eden), S=young(survivor), O=old, HS=humongous(starts), HC=humongous(continues), CS=collection set, F=free, A=archive, TAMS=top-at-mark-start (previous, next)
|   0|0x0000000740000000, 0x0000000740100000, 0x0000000740100000|100%|HS|  |TAMS 0x0000000740000000, 0x0000000740000000| Untracked 
|   1|0x0000000740100000, 0x0000000740200000, 0x0000000740200000|100%|HC|  |TAMS 0x0000000740100000, 0x0000000740100000| Untracked 
|   2|0x0000000740200000, 0x0000000740300000, 0x0000000740300000|100%|HS|  |TAMS 0x0000000740200000, 0x0000000740200000| Untracked 
|   3|0x0000000740300000, 0x0000000740400000, 0x0000000740400000|100%|HS|  |TAMS 0x0000000740300000, 0x0000000740300000| Untracked 
|   4|0x0000000740400000, 0x0000000740500000, 0x0000000740500000|100%| O|  |TAMS 0x0000000740400000, 0x0000000740400000| Untracked 
|   5|0x0000000740500000, 0x00000007405fffe8, 0x0000000740600000| 99%| O|  |TAMS 0x0000000740500000, 0x0000000740500000| Untracked 
|   6|0x0000000740600000, 0x00000007406ffff0, 0x0000000740700000| 99%| O|  |TAMS 0x0000000740600000, 0x0000000740600000| Untracked 
|   7|0x0000000740700000, 0x0000000740800000, 0x0000000740800000|100%| O|  |TAMS 0x0000000740700000, 0x0000000740700000| Untracked 
|   8|0x0000000740800000, 0x0000000740900000, 0x0000000740900000|100%| O|  |TAMS 0x0000000740800000, 0x0000000740800000| Untracked 
|   9|0x0000000740900000, 0x00000007409ffff8, 0x0000000740a00000| 99%| O|  |TAMS 0x0000000740900000, 0x0000000740900000| Untracked 
|  10|0x0000000740a00000, 0x0000000740b00000, 0x0000000740b00000|100%| O|  |TAMS 0x0000000740a00000, 0x0000000740a00000| Untracked 
|  11|0x0000000740b00000, 0x0000000740bfffd0, 0x0000000740c00000| 99%| O|  |TAMS 0x0000000740b00000, 0x0000000740b00000| Untracked 
|  12|0x0000000740c00000, 0x0000000740cffff8, 0x0000000740d00000| 99%| O|  |TAMS 0x0000000740c00000, 0x0000000740c00000| Untracked 
|  13|0x0000000740d00000, 0x0000000740dffff8, 0x0000000740e00000| 99%| O|  |TAMS 0x0000000740d00000, 0x0000000740d00000| Untracked 
|  14|0x0000000740e00000, 0x0000000740effff8, 0x0000000740f00000| 99%| O|  |TAMS 0x0000000740e00000, 0x0000000740e00000| Untracked 
|  15|0x0000000740f00000, 0x0000000741000000, 0x0000000741000000|100%| O|  |TAMS 0x0000000740f00000, 0x0000000740f00000| Untracked 
|  16|0x0000000741000000, 0x00000007410ffff8, 0x0000000741100000| 99%| O|  |TAMS 0x0000000741000000, 0x0000000741000000| Untracked 
|  17|0x0000000741100000, 0x0000000741200000, 0x0000000741200000|100%| O|  |TAMS 0x0000000741100000, 0x0000000741100000| Untracked 
|  18|0x0000000741200000, 0x0000000741300000, 0x0000000741300000|100%| O|  |TAMS 0x0000000741200000, 0x0000000741200000| Untracked 
|  19|0x0000000741300000, 0x0000000741400000, 0x0000000741400000|100%| O|  |TAMS 0x0000000741300000, 0x0000000741300000| Untracked 
|  20|0x0000000741400000, 0x0000000741500000, 0x0000000741500000|100%| O|  |TAMS 0x0000000741400000, 0x0000000741400000| Untracked 
|  21|0x0000000741500000, 0x00000007415ffff8, 0x0000000741600000| 99%| O|  |TAMS 0x0000000741500000, 0x0000000741500000| Untracked 
|  22|0x0000000741600000, 0x00000007416fffc0, 0x0000000741700000| 99%| O|  |TAMS 0x0000000741600000, 0x0000000741600000| Untracked 
|  23|0x0000000741700000, 0x0000000741800000, 0x0000000741800000|100%| O|  |TAMS 0x0000000741700000, 0x0000000741700000| Untracked 
|  24|0x0000000741800000, 0x0000000741900000, 0x0000000741900000|100%| O|  |TAMS 0x0000000741800000, 0x0000000741800000| Untracked 
|  25|0x0000000741900000, 0x0000000741a00000, 0x0000000741a00000|100%| O|  |TAMS 0x0000000741900000, 0x0000000741900000| Untracked 
|  26|0x0000000741a00000, 0x0000000741affff0, 0x0000000741b00000| 99%| O|  |TAMS 0x0000000741a00000, 0x0000000741a00000| Untracked 
|  27|0x0000000741b00000, 0x0000000741bfffb8, 0x0000000741c00000| 99%| O|  |TAMS 0x0000000741b00000, 0x0000000741b00000| Untracked 
|  28|0x0000000741c00000, 0x0000000741cffff0, 0x0000000741d00000| 99%| O|  |TAMS 0x0000000741c00000, 0x0000000741c00000| Untracked 
|  29|0x0000000741d00000, 0x0000000741e00000, 0x0000000741e00000|100%| O|  |TAMS 0x0000000741d00000, 0x0000000741d00000| Untracked 
|  30|0x0000000741e00000, 0x0000000741f00000, 0x0000000741f00000|100%| O|  |TAMS 0x0000000741e00000, 0x0000000741e00000| Untracked 
|  31|0x0000000741f00000, 0x0000000742000000, 0x0000000742000000|100%| O|  |TAMS 0x0000000741f00000, 0x0000000741f00000| Untracked 
|  32|0x0000000742000000, 0x00000007420ffff8, 0x0000000742100000| 99%| O|  |TAMS 0x0000000742000000, 0x0000000742000000| Untracked 
|  33|0x0000000742100000, 0x00000007421ffff8, 0x0000000742200000| 99%| O|  |TAMS 0x0000000742100000, 0x0000000742100000| Untracked 
|  34|0x0000000742200000, 0x00000007422ffff0, 0x0000000742300000| 99%| O|  |TAMS 0x0000000742200000, 0x0000000742200000| Untracked 
|  35|0x0000000742300000, 0x0000000742400000, 0x0000000742400000|100%| O|  |TAMS 0x0000000742300000, 0x0000000742300000| Untracked 
|  36|0x0000000742400000, 0x00000007424ffff0, 0x0000000742500000| 99%| O|  |TAMS 0x0000000742400000, 0x0000000742400000| Untracked 
|  37|0x0000000742500000, 0x00000007425fffe8, 0x0000000742600000| 99%| O|  |TAMS 0x0000000742500000, 0x0000000742500000| Untracked 
|  38|0x0000000742600000, 0x00000007426fffe8, 0x0000000742700000| 99%| O|  |TAMS 0x0000000742600000, 0x0000000742600000| Untracked 
|  39|0x0000000742700000, 0x0000000742800000, 0x0000000742800000|100%| O|  |TAMS 0x0000000742700000, 0x0000000742700000| Untracked 
|  40|0x0000000742800000, 0x00000007428ffff0, 0x0000000742900000| 99%| O|  |TAMS 0x0000000742800000, 0x0000000742800000| Untracked 
|  41|0x0000000742900000, 0x00000007429ffff8, 0x0000000742a00000| 99%| O|  |TAMS 0x0000000742900000, 0x0000000742900000| Untracked 
|  42|0x0000000742a00000, 0x0000000742b00000, 0x0000000742b00000|100%| O|  |TAMS 0x0000000742a00000, 0x0000000742a00000| Untracked 
|  43|0x0000000742b00000, 0x0000000742bfff88, 0x0000000742c00000| 99%| O|  |TAMS 0x0000000742b00000, 0x0000000742b00000| Untracked 
|  44|0x0000000742c00000, 0x0000000742cffff8, 0x0000000742d00000| 99%| O|  |TAMS 0x0000000742c00000, 0x0000000742c00000| Untracked 
|  45|0x0000000742d00000, 0x0000000742dffff0, 0x0000000742e00000| 99%| O|  |TAMS 0x0000000742d00000, 0x0000000742d00000| Untracked 
|  46|0x0000000742e00000, 0x0000000742effff0, 0x0000000742f00000| 99%| O|  |TAMS 0x0000000742e00000, 0x0000000742e00000| Untracked 
|  47|0x0000000742f00000, 0x0000000743000000, 0x0000000743000000|100%| O|  |TAMS 0x0000000742f00000, 0x0000000742f00000| Untracked 
|  48|0x0000000743000000, 0x00000007430ffff0, 0x0000000743100000| 99%| O|  |TAMS 0x0000000743000000, 0x0000000743000000| Untracked 
|  49|0x0000000743100000, 0x0000000743200000, 0x0000000743200000|100%| O|  |TAMS 0x0000000743100000, 0x0000000743100000| Untracked 
|  50|0x0000000743200000, 0x00000007432fffe8, 0x0000000743300000| 99%| O|  |TAMS 0x0000000743200000, 0x0000000743200000| Untracked 
|  51|0x0000000743300000, 0x00000007433ffed0, 0x0000000743400000| 99%| O|  |TAMS 0x0000000743300000, 0x0000000743300000| Untracked 
|  52|0x0000000743400000, 0x00000007434ffff8, 0x0000000743500000| 99%| O|  |TAMS 0x0000000743400000, 0x0000000743400000| Untracked 
|  53|0x0000000743500000, 0x0000000743600000, 0x0000000743600000|100%| O|  |TAMS 0x0000000743500000, 0x0000000743500000| Untracked 
|  54|0x0000000743600000, 0x00000007436ffff0, 0x0000000743700000| 99%| O|  |TAMS 0x0000000743600000, 0x0000000743600000| Untracked 
|  55|0x0000000743700000, 0x0000000743800000, 0x0000000743800000|100%| O|  |TAMS 0x0000000743700000, 0x0000000743700000| Untracked 
|  56|0x0000000743800000, 0x00000007438ffff0, 0x0000000743900000| 99%| O|  |TAMS 0x0000000743800000, 0x0000000743800000| Untracked 
|  57|0x0000000743900000, 0x00000007439feb70, 0x0000000743a00000| 99%| O|  |TAMS 0x0000000743900000, 0x0000000743900000| Untracked 
|  58|0x0000000743a00000, 0x0000000743afffe8, 0x0000000743b00000| 99%| O|  |TAMS 0x0000000743a00000, 0x0000000743a00000| Untracked 
|  59|0x0000000743b00000, 0x0000000743bffff8, 0x0000000743c00000| 99%| O|  |TAMS 0x0000000743b00000, 0x0000000743b00000| Untracked 
|  60|0x0000000743c00000, 0x0000000743cffff0, 0x0000000743d00000| 99%| O|  |TAMS 0x0000000743c00000, 0x0000000743c00000| Untracked 
|  61|0x0000000743d00000, 0x0000000743e00000, 0x0000000743e00000|100%| O|  |TAMS 0x0000000743d00000, 0x0000000743d00000| Untracked 
|  62|0x0000000743e00000, 0x0000000743effff0, 0x0000000743f00000| 99%| O|  |TAMS 0x0000000743e00000, 0x0000000743e00000| Untracked 
|  63|0x0000000743f00000, 0x0000000744000000, 0x0000000744000000|100%| O|  |TAMS 0x0000000743f00000, 0x0000000743f00000| Untracked 
|  64|0x0000000744000000, 0x00000007440fffb8, 0x0000000744100000| 99%| O|  |TAMS 0x0000000744000000, 0x0000000744000000| Untracked 
|  65|0x0000000744100000, 0x00000007441ffff0, 0x0000000744200000| 99%| O|  |TAMS 0x0000000744100000, 0x0000000744100000| Untracked 
|  66|0x0000000744200000, 0x00000007442ffff8, 0x0000000744300000| 99%| O|  |TAMS 0x0000000744200000, 0x0000000744200000| Untracked 
|  67|0x0000000744300000, 0x00000007443fe160, 0x0000000744400000| 99%| O|  |TAMS 0x0000000744300000, 0x0000000744300000| Untracked 
|  68|0x0000000744400000, 0x0000000744500000, 0x0000000744500000|100%| O|  |TAMS 0x0000000744400000, 0x0000000744400000| Untracked 
|  69|0x0000000744500000, 0x00000007445fffe8, 0x0000000744600000| 99%| O|  |TAMS 0x0000000744500000, 0x0000000744500000| Untracked 
|  70|0x0000000744600000, 0x00000007446f1e00, 0x0000000744700000| 94%| O|  |TAMS 0x0000000744600000, 0x0000000744600000| Untracked 
|  71|0x0000000744700000, 0x00000007447fffe0, 0x0000000744800000| 99%| O|  |TAMS 0x0000000744700000, 0x0000000744700000| Untracked 
|  72|0x0000000744800000, 0x00000007448fffe0, 0x0000000744900000| 99%| O|  |TAMS 0x0000000744800000, 0x0000000744800000| Untracked 
|  73|0x0000000744900000, 0x0000000744a00000, 0x0000000744a00000|100%| O|  |TAMS 0x0000000744900000, 0x0000000744900000| Untracked 
|  74|0x0000000744a00000, 0x0000000744affff8, 0x0000000744b00000| 99%| O|  |TAMS 0x0000000744a00000, 0x0000000744a00000| Untracked 
|  75|0x0000000744b00000, 0x0000000744bffff8, 0x0000000744c00000| 99%| O|  |TAMS 0x0000000744b00000, 0x0000000744b00000| Untracked 
|  76|0x0000000744c00000, 0x0000000744cffff0, 0x0000000744d00000| 99%| O|  |TAMS 0x0000000744c00000, 0x0000000744c00000| Untracked 
|  77|0x0000000744d00000, 0x0000000744dffff0, 0x0000000744e00000| 99%| O|  |TAMS 0x0000000744d00000, 0x0000000744d00000| Untracked 
|  78|0x0000000744e00000, 0x0000000744effea8, 0x0000000744f00000| 99%| O|  |TAMS 0x0000000744e00000, 0x0000000744e00000| Untracked 
|  79|0x0000000744f00000, 0x0000000744fffff8, 0x0000000745000000| 99%| O|  |TAMS 0x0000000744f00000, 0x0000000744f00000| Untracked 
|  80|0x0000000745000000, 0x0000000745100000, 0x0000000745100000|100%| O|  |TAMS 0x0000000745000000, 0x0000000745000000| Untracked 
|  81|0x0000000745100000, 0x00000007451ffff8, 0x0000000745200000| 99%| O|  |TAMS 0x0000000745100000, 0x0000000745100000| Untracked 
|  82|0x0000000745200000, 0x0000000745300000, 0x0000000745300000|100%| O|  |TAMS 0x0000000745200000, 0x0000000745200000| Untracked 
|  83|0x0000000745300000, 0x00000007453ffde0, 0x0000000745400000| 99%| O|  |TAMS 0x0000000745300000, 0x0000000745300000| Untracked 
|  84|0x0000000745400000, 0x00000007454ffff8, 0x0000000745500000| 99%| O|  |TAMS 0x0000000745400000, 0x0000000745400000| Untracked 
|  85|0x0000000745500000, 0x00000007455ffff8, 0x0000000745600000| 99%| O|  |TAMS 0x0000000745500000, 0x0000000745500000| Untracked 
|  86|0x0000000745600000, 0x00000007456ffff0, 0x0000000745700000| 99%| O|  |TAMS 0x0000000745600000, 0x0000000745600000| Untracked 
|  87|0x0000000745700000, 0x00000007457ffff0, 0x0000000745800000| 99%| O|  |TAMS 0x0000000745700000, 0x0000000745700000| Untracked 
|  88|0x0000000745800000, 0x00000007458fffe8, 0x0000000745900000| 99%| O|  |TAMS 0x0000000745800000, 0x0000000745800000| Untracked 
|  89|0x0000000745900000, 0x0000000745a00000, 0x0000000745a00000|100%| O|  |TAMS 0x0000000745900000, 0x0000000745900000| Untracked 
|  90|0x0000000745a00000, 0x0000000745affff0, 0x0000000745b00000| 99%| O|  |TAMS 0x0000000745a00000, 0x0000000745a00000| Untracked 
|  91|0x0000000745b00000, 0x0000000745bffff0, 0x0000000745c00000| 99%| O|  |TAMS 0x0000000745b00000, 0x0000000745b00000| Untracked 
|  92|0x0000000745c00000, 0x0000000745cffff8, 0x0000000745d00000| 99%| O|  |TAMS 0x0000000745c00000, 0x0000000745c00000| Untracked 
|  93|0x0000000745d00000, 0x0000000745dfffe0, 0x0000000745e00000| 99%| O|  |TAMS 0x0000000745d00000, 0x0000000745d00000| Untracked 
|  94|0x0000000745e00000, 0x0000000745f00000, 0x0000000745f00000|100%| O|  |TAMS 0x0000000745e00000, 0x0000000745e00000| Untracked 
|  95|0x0000000745f00000, 0x0000000745fffe38, 0x0000000746000000| 99%| O|  |TAMS 0x0000000745f00000, 0x0000000745f00000| Untracked 
|  96|0x0000000746000000, 0x00000007460fffd0, 0x0000000746100000| 99%| O|  |TAMS 0x0000000746000000, 0x0000000746000000| Untracked 
|  97|0x0000000746100000, 0x00000007461fffe0, 0x0000000746200000| 99%| O|  |TAMS 0x0000000746100000, 0x0000000746100000| Untracked 
|  98|0x0000000746200000, 0x00000007462ffff0, 0x0000000746300000| 99%| O|  |TAMS 0x0000000746200000, 0x0000000746200000| Untracked 
|  99|0x0000000746300000, 0x00000007463fffd8, 0x0000000746400000| 99%| O|  |TAMS 0x0000000746300000, 0x0000000746300000| Untracked 
| 100|0x0000000746400000, 0x00000007464ffff8, 0x0000000746500000| 99%| O|  |TAMS 0x0000000746400000, 0x0000000746400000| Untracked 
| 101|0x0000000746500000, 0x0000000746600000, 0x0000000746600000|100%| O|  |TAMS 0x0000000746500000, 0x0000000746500000| Untracked 
| 102|0x0000000746600000, 0x00000007466fff60, 0x0000000746700000| 99%| O|  |TAMS 0x0000000746600000, 0x0000000746600000| Untracked 
| 103|0x0000000746700000, 0x0000000746800000, 0x0000000746800000|100%| O|  |TAMS 0x0000000746700000, 0x0000000746700000| Untracked 
| 104|0x0000000746800000, 0x00000007468fffe8, 0x0000000746900000| 99%| O|  |TAMS 0x0000000746800000, 0x0000000746800000| Untracked 
| 105|0x0000000746900000, 0x00000007469ffff0, 0x0000000746a00000| 99%| O|  |TAMS 0x0000000746900000, 0x0000000746900000| Untracked 
| 106|0x0000000746a00000, 0x0000000746b00000, 0x0000000746b00000|100%|HS|  |TAMS 0x0000000746a00000, 0x0000000746a00000| Untracked 
| 107|0x0000000746b00000, 0x0000000746bffff8, 0x0000000746c00000| 99%| O|  |TAMS 0x0000000746b00000, 0x0000000746b00000| Untracked 
| 108|0x0000000746c00000, 0x0000000746cd1570, 0x0000000746d00000| 81%| O|  |TAMS 0x0000000746c00000, 0x0000000746c00000| Untracked 
| 109|0x0000000746d00000, 0x0000000746dcd3f0, 0x0000000746e00000| 80%| O|  |TAMS 0x0000000746d00000, 0x0000000746d00000| Untracked 
| 110|0x0000000746e00000, 0x0000000746e52a58, 0x0000000746f00000| 32%| O|  |TAMS 0x0000000746e00000, 0x0000000746e00000| Untracked 
| 111|0x0000000746f00000, 0x0000000746f3a438, 0x0000000747000000| 22%| O|  |TAMS 0x0000000746f00000, 0x0000000746f00000| Untracked 
| 112|0x0000000747000000, 0x0000000747100000, 0x0000000747100000|100%| O|  |TAMS 0x0000000747000000, 0x0000000747000000| Untracked 
| 113|0x0000000747100000, 0x0000000747200000, 0x0000000747200000|100%| O|  |TAMS 0x0000000747100000, 0x0000000747100000| Untracked 
| 114|0x0000000747200000, 0x0000000747300000, 0x0000000747300000|100%|HS|  |TAMS 0x0000000747200000, 0x0000000747200000| Untracked 
| 115|0x0000000747300000, 0x0000000747400000, 0x0000000747400000|100%|HC|  |TAMS 0x0000000747300000, 0x0000000747300000| Untracked 
| 116|0x0000000747400000, 0x0000000747500000, 0x0000000747500000|100%|HC|  |TAMS 0x0000000747400000, 0x0000000747400000| Untracked 
| 117|0x0000000747500000, 0x0000000747600000, 0x0000000747600000|100%|HC|  |TAMS 0x0000000747500000, 0x0000000747500000| Untracked 
| 118|0x0000000747600000, 0x0000000747700000, 0x0000000747700000|100%|HC|  |TAMS 0x0000000747600000, 0x0000000747600000| Untracked 
| 119|0x0000000747700000, 0x0000000747800000, 0x0000000747800000|100%|HC|  |TAMS 0x0000000747700000, 0x0000000747700000| Untracked 
| 120|0x0000000747800000, 0x0000000747900000, 0x0000000747900000|100%|HC|  |TAMS 0x0000000747800000, 0x0000000747800000| Untracked 
| 121|0x0000000747900000, 0x0000000747a00000, 0x0000000747a00000|100%|HC|  |TAMS 0x0000000747900000, 0x0000000747900000| Untracked 
| 122|0x0000000747a00000, 0x0000000747b00000, 0x0000000747b00000|100%|HC|  |TAMS 0x0000000747a00000, 0x0000000747a00000| Untracked 
| 123|0x0000000747b00000, 0x0000000747c00000, 0x0000000747c00000|100%| O|  |TAMS 0x0000000747b00000, 0x0000000747b00000| Untracked 
| 124|0x0000000747c00000, 0x0000000747c49800, 0x0000000747d00000| 28%| O|  |TAMS 0x0000000747c00000, 0x0000000747c00000| Untracked 
| 125|0x0000000747d00000, 0x0000000747e00000, 0x0000000747e00000|100%|HS|  |TAMS 0x0000000747d00000, 0x0000000747d00000| Untracked 
| 126|0x0000000747e00000, 0x0000000747f00000, 0x0000000747f00000|100%|HC|  |TAMS 0x0000000747e00000, 0x0000000747e00000| Untracked 
| 127|0x0000000747f00000, 0x0000000747f00000, 0x0000000748000000|  0%| F|  |TAMS 0x0000000747f00000, 0x0000000747f00000| Untracked 
| 128|0x0000000748000000, 0x0000000748018ab8, 0x0000000748100000|  9%| O|  |TAMS 0x0000000748000000, 0x0000000748000000| Untracked 
| 129|0x0000000748100000, 0x0000000748100000, 0x0000000748200000|  0%| F|  |TAMS 0x0000000748100000, 0x0000000748100000| Untracked 
| 130|0x0000000748200000, 0x0000000748200000, 0x0000000748300000|  0%| F|  |TAMS 0x0000000748200000, 0x0000000748200000| Untracked 
| 131|0x0000000748300000, 0x0000000748300000, 0x0000000748400000|  0%| F|  |TAMS 0x0000000748300000, 0x0000000748300000| Untracked 
| 132|0x0000000748400000, 0x0000000748400000, 0x0000000748500000|  0%| F|  |TAMS 0x0000000748400000, 0x0000000748400000| Untracked 
| 133|0x0000000748500000, 0x0000000748500000, 0x0000000748600000|  0%| F|  |TAMS 0x0000000748500000, 0x0000000748500000| Untracked 
| 134|0x0000000748600000, 0x0000000748600000, 0x0000000748700000|  0%| F|  |TAMS 0x0000000748600000, 0x0000000748600000| Untracked 
| 135|0x0000000748700000, 0x0000000748700000, 0x0000000748800000|  0%| F|  |TAMS 0x0000000748700000, 0x0000000748700000| Untracked 
| 136|0x0000000748800000, 0x0000000748800000, 0x0000000748900000|  0%| F|  |TAMS 0x0000000748800000, 0x0000000748800000| Untracked 
| 137|0x0000000748900000, 0x0000000748900000, 0x0000000748a00000|  0%| F|  |TAMS 0x0000000748900000, 0x0000000748900000| Untracked 
| 138|0x0000000748a00000, 0x0000000748a00000, 0x0000000748b00000|  0%| F|  |TAMS 0x0000000748a00000, 0x0000000748a00000| Untracked 
| 139|0x0000000748b00000, 0x0000000748b00000, 0x0000000748c00000|  0%| F|  |TAMS 0x0000000748b00000, 0x0000000748b00000| Untracked 
| 140|0x0000000748c00000, 0x0000000748c00000, 0x0000000748d00000|  0%| F|  |TAMS 0x0000000748c00000, 0x0000000748c00000| Untracked 
| 141|0x0000000748d00000, 0x0000000748d00000, 0x0000000748e00000|  0%| F|  |TAMS 0x0000000748d00000, 0x0000000748d00000| Untracked 
| 142|0x0000000748e00000, 0x0000000748e00000, 0x0000000748f00000|  0%| F|  |TAMS 0x0000000748e00000, 0x0000000748e00000| Untracked 
| 143|0x0000000748f00000, 0x0000000748f00000, 0x0000000749000000|  0%| F|  |TAMS 0x0000000748f00000, 0x0000000748f00000| Untracked 
| 144|0x0000000749000000, 0x0000000749000000, 0x0000000749100000|  0%| F|  |TAMS 0x0000000749000000, 0x0000000749000000| Untracked 
| 145|0x0000000749100000, 0x0000000749100000, 0x0000000749200000|  0%| F|  |TAMS 0x0000000749100000, 0x0000000749100000| Untracked 
| 146|0x0000000749200000, 0x0000000749200000, 0x0000000749300000|  0%| F|  |TAMS 0x0000000749200000, 0x0000000749200000| Untracked 
| 147|0x0000000749300000, 0x0000000749300000, 0x0000000749400000|  0%| F|  |TAMS 0x0000000749300000, 0x0000000749300000| Untracked 
| 148|0x0000000749400000, 0x0000000749400000, 0x0000000749500000|  0%| F|  |TAMS 0x0000000749400000, 0x0000000749400000| Untracked 
| 149|0x0000000749500000, 0x0000000749500000, 0x0000000749600000|  0%| F|  |TAMS 0x0000000749500000, 0x0000000749500000| Untracked 
| 150|0x0000000749600000, 0x0000000749600000, 0x0000000749700000|  0%| F|  |TAMS 0x0000000749600000, 0x0000000749600000| Untracked 
| 151|0x0000000749700000, 0x0000000749700000, 0x0000000749800000|  0%| F|  |TAMS 0x0000000749700000, 0x0000000749700000| Untracked 
| 152|0x0000000749800000, 0x0000000749887b20, 0x0000000749900000| 53%| O|  |TAMS 0x0000000749800000, 0x0000000749800000| Untracked 
| 153|0x0000000749900000, 0x0000000749900000, 0x0000000749a00000|  0%| F|  |TAMS 0x0000000749900000, 0x0000000749900000| Untracked 
| 154|0x0000000749a00000, 0x0000000749a00000, 0x0000000749b00000|  0%| F|  |TAMS 0x0000000749a00000, 0x0000000749a00000| Untracked 
| 155|0x0000000749b00000, 0x0000000749b00000, 0x0000000749c00000|  0%| F|  |TAMS 0x0000000749b00000, 0x0000000749b00000| Untracked 
| 156|0x0000000749c00000, 0x0000000749c00000, 0x0000000749d00000|  0%| F|  |TAMS 0x0000000749c00000, 0x0000000749c00000| Untracked 
| 157|0x0000000749d00000, 0x0000000749d00000, 0x0000000749e00000|  0%| F|  |TAMS 0x0000000749d00000, 0x0000000749d00000| Untracked 
| 158|0x0000000749e00000, 0x0000000749e00000, 0x0000000749f00000|  0%| F|  |TAMS 0x0000000749e00000, 0x0000000749e00000| Untracked 
| 159|0x0000000749f00000, 0x0000000749f00000, 0x000000074a000000|  0%| F|  |TAMS 0x0000000749f00000, 0x0000000749f00000| Untracked 
| 160|0x000000074a000000, 0x000000074a000000, 0x000000074a100000|  0%| F|  |TAMS 0x000000074a000000, 0x000000074a000000| Untracked 
| 161|0x000000074a100000, 0x000000074a100000, 0x000000074a200000|  0%| F|  |TAMS 0x000000074a100000, 0x000000074a100000| Untracked 
| 162|0x000000074a200000, 0x000000074a200000, 0x000000074a300000|  0%| F|  |TAMS 0x000000074a200000, 0x000000074a200000| Untracked 
| 163|0x000000074a300000, 0x000000074a300000, 0x000000074a400000|  0%| F|  |TAMS 0x000000074a300000, 0x000000074a300000| Untracked 
| 164|0x000000074a400000, 0x000000074a400000, 0x000000074a500000|  0%| F|  |TAMS 0x000000074a400000, 0x000000074a400000| Untracked 
| 165|0x000000074a500000, 0x000000074a500000, 0x000000074a600000|  0%| F|  |TAMS 0x000000074a500000, 0x000000074a500000| Untracked 
| 166|0x000000074a600000, 0x000000074a600000, 0x000000074a700000|  0%| F|  |TAMS 0x000000074a600000, 0x000000074a600000| Untracked 
| 167|0x000000074a700000, 0x000000074a700000, 0x000000074a800000|  0%| F|  |TAMS 0x000000074a700000, 0x000000074a700000| Untracked 
| 168|0x000000074a800000, 0x000000074a800000, 0x000000074a900000|  0%| F|  |TAMS 0x000000074a800000, 0x000000074a800000| Untracked 
| 169|0x000000074a900000, 0x000000074a900000, 0x000000074aa00000|  0%| F|  |TAMS 0x000000074a900000, 0x000000074a900000| Untracked 
| 170|0x000000074aa00000, 0x000000074aa00000, 0x000000074ab00000|  0%| F|  |TAMS 0x000000074aa00000, 0x000000074aa00000| Untracked 
| 171|0x000000074ab00000, 0x000000074ab00000, 0x000000074ac00000|  0%| F|  |TAMS 0x000000074ab00000, 0x000000074ab00000| Untracked 
| 172|0x000000074ac00000, 0x000000074ac00000, 0x000000074ad00000|  0%| F|  |TAMS 0x000000074ac00000, 0x000000074ac00000| Untracked 
| 173|0x000000074ad00000, 0x000000074ad00000, 0x000000074ae00000|  0%| F|  |TAMS 0x000000074ad00000, 0x000000074ad00000| Untracked 
| 174|0x000000074ae00000, 0x000000074ae00000, 0x000000074af00000|  0%| F|  |TAMS 0x000000074ae00000, 0x000000074ae00000| Untracked 
| 175|0x000000074af00000, 0x000000074af00000, 0x000000074b000000|  0%| F|  |TAMS 0x000000074af00000, 0x000000074af00000| Untracked 
| 176|0x000000074b000000, 0x000000074b000000, 0x000000074b100000|  0%| F|  |TAMS 0x000000074b000000, 0x000000074b000000| Untracked 
| 177|0x000000074b100000, 0x000000074b100000, 0x000000074b200000|  0%| F|  |TAMS 0x000000074b100000, 0x000000074b100000| Untracked 
| 178|0x000000074b200000, 0x000000074b200000, 0x000000074b300000|  0%| F|  |TAMS 0x000000074b200000, 0x000000074b200000| Untracked 
| 179|0x000000074b300000, 0x000000074b300000, 0x000000074b400000|  0%| F|  |TAMS 0x000000074b300000, 0x000000074b300000| Untracked 
| 180|0x000000074b400000, 0x000000074b400000, 0x000000074b500000|  0%| F|  |TAMS 0x000000074b400000, 0x000000074b400000| Untracked 
| 181|0x000000074b500000, 0x000000074b500000, 0x000000074b600000|  0%| F|  |TAMS 0x000000074b500000, 0x000000074b500000| Untracked 
| 182|0x000000074b600000, 0x000000074b600000, 0x000000074b700000|  0%| F|  |TAMS 0x000000074b600000, 0x000000074b600000| Untracked 
| 183|0x000000074b700000, 0x000000074b700000, 0x000000074b800000|  0%| F|  |TAMS 0x000000074b700000, 0x000000074b700000| Untracked 
| 184|0x000000074b800000, 0x000000074b800000, 0x000000074b900000|  0%| F|  |TAMS 0x000000074b800000, 0x000000074b800000| Untracked 
| 185|0x000000074b900000, 0x000000074b900000, 0x000000074ba00000|  0%| F|  |TAMS 0x000000074b900000, 0x000000074b900000| Untracked 
| 186|0x000000074ba00000, 0x000000074ba00000, 0x000000074bb00000|  0%| F|  |TAMS 0x000000074ba00000, 0x000000074ba00000| Untracked 
| 187|0x000000074bb00000, 0x000000074bb00000, 0x000000074bc00000|  0%| F|  |TAMS 0x000000074bb00000, 0x000000074bb00000| Untracked 
| 188|0x000000074bc00000, 0x000000074bc00000, 0x000000074bd00000|  0%| F|  |TAMS 0x000000074bc00000, 0x000000074bc00000| Untracked 
| 189|0x000000074bd00000, 0x000000074bd00000, 0x000000074be00000|  0%| F|  |TAMS 0x000000074bd00000, 0x000000074bd00000| Untracked 
| 190|0x000000074be00000, 0x000000074be00000, 0x000000074bf00000|  0%| F|  |TAMS 0x000000074be00000, 0x000000074be00000| Untracked 
| 191|0x000000074bf00000, 0x000000074bf00000, 0x000000074c000000|  0%| F|  |TAMS 0x000000074bf00000, 0x000000074bf00000| Untracked 
| 192|0x000000074c000000, 0x000000074c000000, 0x000000074c100000|  0%| F|  |TAMS 0x000000074c000000, 0x000000074c000000| Untracked 
| 193|0x000000074c100000, 0x000000074c100000, 0x000000074c200000|  0%| F|  |TAMS 0x000000074c100000, 0x000000074c100000| Untracked 
| 194|0x000000074c200000, 0x000000074c200000, 0x000000074c300000|  0%| F|  |TAMS 0x000000074c200000, 0x000000074c200000| Untracked 
| 195|0x000000074c300000, 0x000000074c300000, 0x000000074c400000|  0%| F|  |TAMS 0x000000074c300000, 0x000000074c300000| Untracked 
| 196|0x000000074c400000, 0x000000074c400000, 0x000000074c500000|  0%| F|  |TAMS 0x000000074c400000, 0x000000074c400000| Untracked 
| 197|0x000000074c500000, 0x000000074c500000, 0x000000074c600000|  0%| F|  |TAMS 0x000000074c500000, 0x000000074c500000| Untracked 
| 198|0x000000074c600000, 0x000000074c600000, 0x000000074c700000|  0%| F|  |TAMS 0x000000074c600000, 0x000000074c600000| Untracked 
| 199|0x000000074c700000, 0x000000074c700000, 0x000000074c800000|  0%| F|  |TAMS 0x000000074c700000, 0x000000074c700000| Untracked 
| 200|0x000000074c800000, 0x000000074c800000, 0x000000074c900000|  0%| F|  |TAMS 0x000000074c800000, 0x000000074c800000| Untracked 
| 201|0x000000074c900000, 0x000000074c900000, 0x000000074ca00000|  0%| F|  |TAMS 0x000000074c900000, 0x000000074c900000| Untracked 
| 202|0x000000074ca00000, 0x000000074ca00000, 0x000000074cb00000|  0%| F|  |TAMS 0x000000074ca00000, 0x000000074ca00000| Untracked 
| 203|0x000000074cb00000, 0x000000074cb00000, 0x000000074cc00000|  0%| F|  |TAMS 0x000000074cb00000, 0x000000074cb00000| Untracked 
| 204|0x000000074cc00000, 0x000000074cc00000, 0x000000074cd00000|  0%| F|  |TAMS 0x000000074cc00000, 0x000000074cc00000| Untracked 
| 205|0x000000074cd00000, 0x000000074cd00000, 0x000000074ce00000|  0%| F|  |TAMS 0x000000074cd00000, 0x000000074cd00000| Untracked 
| 206|0x000000074ce00000, 0x000000074ce00000, 0x000000074cf00000|  0%| F|  |TAMS 0x000000074ce00000, 0x000000074ce00000| Untracked 
| 207|0x000000074cf00000, 0x000000074cf00000, 0x000000074d000000|  0%| F|  |TAMS 0x000000074cf00000, 0x000000074cf00000| Untracked 
| 208|0x000000074d000000, 0x000000074d000000, 0x000000074d100000|  0%| F|  |TAMS 0x000000074d000000, 0x000000074d000000| Untracked 
| 209|0x000000074d100000, 0x000000074d100000, 0x000000074d200000|  0%| F|  |TAMS 0x000000074d100000, 0x000000074d100000| Untracked 
| 210|0x000000074d200000, 0x000000074d200000, 0x000000074d300000|  0%| F|  |TAMS 0x000000074d200000, 0x000000074d200000| Untracked 
| 211|0x000000074d300000, 0x000000074d300000, 0x000000074d400000|  0%| F|  |TAMS 0x000000074d300000, 0x000000074d300000| Untracked 
| 212|0x000000074d400000, 0x000000074d400000, 0x000000074d500000|  0%| F|  |TAMS 0x000000074d400000, 0x000000074d400000| Untracked 
| 213|0x000000074d500000, 0x000000074d500000, 0x000000074d600000|  0%| F|  |TAMS 0x000000074d500000, 0x000000074d500000| Untracked 
| 214|0x000000074d600000, 0x000000074d600000, 0x000000074d700000|  0%| F|  |TAMS 0x000000074d600000, 0x000000074d600000| Untracked 
| 215|0x000000074d700000, 0x000000074d700000, 0x000000074d800000|  0%| F|  |TAMS 0x000000074d700000, 0x000000074d700000| Untracked 
| 216|0x000000074d800000, 0x000000074d800000, 0x000000074d900000|  0%| F|  |TAMS 0x000000074d800000, 0x000000074d800000| Untracked 
| 217|0x000000074d900000, 0x000000074d900000, 0x000000074da00000|  0%| F|  |TAMS 0x000000074d900000, 0x000000074d900000| Untracked 
| 218|0x000000074da00000, 0x000000074da00000, 0x000000074db00000|  0%| F|  |TAMS 0x000000074da00000, 0x000000074da00000| Untracked 
| 219|0x000000074db00000, 0x000000074db00000, 0x000000074dc00000|  0%| F|  |TAMS 0x000000074db00000, 0x000000074db00000| Untracked 
| 220|0x000000074dc00000, 0x000000074dc00000, 0x000000074dd00000|  0%| F|  |TAMS 0x000000074dc00000, 0x000000074dc00000| Untracked 
| 221|0x000000074dd00000, 0x000000074dd00000, 0x000000074de00000|  0%| F|  |TAMS 0x000000074dd00000, 0x000000074dd00000| Untracked 
| 222|0x000000074de00000, 0x000000074de00000, 0x000000074df00000|  0%| F|  |TAMS 0x000000074de00000, 0x000000074de00000| Untracked 
| 223|0x000000074df00000, 0x000000074df00000, 0x000000074e000000|  0%| F|  |TAMS 0x000000074df00000, 0x000000074df00000| Untracked 
| 224|0x000000074e000000, 0x000000074e000000, 0x000000074e100000|  0%| F|  |TAMS 0x000000074e000000, 0x000000074e000000| Untracked 
| 225|0x000000074e100000, 0x000000074e100000, 0x000000074e200000|  0%| F|  |TAMS 0x000000074e100000, 0x000000074e100000| Untracked 
| 226|0x000000074e200000, 0x000000074e200000, 0x000000074e300000|  0%| F|  |TAMS 0x000000074e200000, 0x000000074e200000| Untracked 
| 227|0x000000074e300000, 0x000000074e300000, 0x000000074e400000|  0%| F|  |TAMS 0x000000074e300000, 0x000000074e300000| Untracked 
| 228|0x000000074e400000, 0x000000074e400000, 0x000000074e500000|  0%| F|  |TAMS 0x000000074e400000, 0x000000074e400000| Untracked 
| 229|0x000000074e500000, 0x000000074e500000, 0x000000074e600000|  0%| F|  |TAMS 0x000000074e500000, 0x000000074e500000| Untracked 
| 230|0x000000074e600000, 0x000000074e600000, 0x000000074e700000|  0%| F|  |TAMS 0x000000074e600000, 0x000000074e600000| Untracked 
| 231|0x000000074e700000, 0x000000074e700000, 0x000000074e800000|  0%| F|  |TAMS 0x000000074e700000, 0x000000074e700000| Untracked 
| 232|0x000000074e800000, 0x000000074e800000, 0x000000074e900000|  0%| F|  |TAMS 0x000000074e800000, 0x000000074e800000| Untracked 
| 233|0x000000074e900000, 0x000000074e900000, 0x000000074ea00000|  0%| F|  |TAMS 0x000000074e900000, 0x000000074e900000| Untracked 
| 234|0x000000074ea00000, 0x000000074ea00000, 0x000000074eb00000|  0%| F|  |TAMS 0x000000074ea00000, 0x000000074ea00000| Untracked 
| 235|0x000000074eb00000, 0x000000074eb00000, 0x000000074ec00000|  0%| F|  |TAMS 0x000000074eb00000, 0x000000074eb00000| Untracked 
| 236|0x000000074ec00000, 0x000000074ec00000, 0x000000074ed00000|  0%| F|  |TAMS 0x000000074ec00000, 0x000000074ec00000| Untracked 
| 237|0x000000074ed00000, 0x000000074ed00000, 0x000000074ee00000|  0%| F|  |TAMS 0x000000074ed00000, 0x000000074ed00000| Untracked 
| 238|0x000000074ee00000, 0x000000074ee00000, 0x000000074ef00000|  0%| F|  |TAMS 0x000000074ee00000, 0x000000074ee00000| Untracked 
| 239|0x000000074ef00000, 0x000000074ef00000, 0x000000074f000000|  0%| F|  |TAMS 0x000000074ef00000, 0x000000074ef00000| Untracked 
| 240|0x000000074f000000, 0x000000074f000000, 0x000000074f100000|  0%| F|  |TAMS 0x000000074f000000, 0x000000074f000000| Untracked 
| 241|0x000000074f100000, 0x000000074f100000, 0x000000074f200000|  0%| F|  |TAMS 0x000000074f100000, 0x000000074f100000| Untracked 
| 242|0x000000074f200000, 0x000000074f200000, 0x000000074f300000|  0%| F|  |TAMS 0x000000074f200000, 0x000000074f200000| Untracked 
| 243|0x000000074f300000, 0x000000074f300000, 0x000000074f400000|  0%| F|  |TAMS 0x000000074f300000, 0x000000074f300000| Untracked 
| 244|0x000000074f400000, 0x000000074f43ce60, 0x000000074f500000| 23%| S|CS|TAMS 0x000000074f400000, 0x000000074f400000| Complete 
| 245|0x000000074f500000, 0x000000074f600000, 0x000000074f600000|100%| S|CS|TAMS 0x000000074f500000, 0x000000074f500000| Complete 
| 246|0x000000074f600000, 0x000000074f700000, 0x000000074f700000|100%| S|CS|TAMS 0x000000074f600000, 0x000000074f600000| Complete 
| 247|0x000000074f700000, 0x000000074f800000, 0x000000074f800000|100%| S|CS|TAMS 0x000000074f700000, 0x000000074f700000| Complete 
| 248|0x000000074f800000, 0x000000074f800000, 0x000000074f900000|  0%| F|  |TAMS 0x000000074f800000, 0x000000074f800000| Untracked 
| 249|0x000000074f900000, 0x000000074f900000, 0x000000074fa00000|  0%| F|  |TAMS 0x000000074f900000, 0x000000074f900000| Untracked 
| 250|0x000000074fa00000, 0x000000074fa00000, 0x000000074fb00000|  0%| F|  |TAMS 0x000000074fa00000, 0x000000074fa00000| Untracked 
| 251|0x000000074fb00000, 0x000000074fb00000, 0x000000074fc00000|  0%| F|  |TAMS 0x000000074fb00000, 0x000000074fb00000| Untracked 
| 252|0x000000074fc00000, 0x000000074fc00000, 0x000000074fd00000|  0%| F|  |TAMS 0x000000074fc00000, 0x000000074fc00000| Untracked 
| 253|0x000000074fd00000, 0x000000074fd00000, 0x000000074fe00000|  0%| F|  |TAMS 0x000000074fd00000, 0x000000074fd00000| Untracked 
| 254|0x000000074fe00000, 0x000000074fe00000, 0x000000074ff00000|  0%| F|  |TAMS 0x000000074fe00000, 0x000000074fe00000| Untracked 
| 255|0x000000074ff00000, 0x000000074ff00000, 0x0000000750000000|  0%| F|  |TAMS 0x000000074ff00000, 0x000000074ff00000| Untracked 
| 256|0x0000000750000000, 0x0000000750000000, 0x0000000750100000|  0%| F|  |TAMS 0x0000000750000000, 0x0000000750000000| Untracked 
| 257|0x0000000750100000, 0x0000000750100000, 0x0000000750200000|  0%| F|  |TAMS 0x0000000750100000, 0x0000000750100000| Untracked 
| 258|0x0000000750200000, 0x0000000750200000, 0x0000000750300000|  0%| F|  |TAMS 0x0000000750200000, 0x0000000750200000| Untracked 
| 259|0x0000000750300000, 0x0000000750300000, 0x0000000750400000|  0%| F|  |TAMS 0x0000000750300000, 0x0000000750300000| Untracked 
| 260|0x0000000750400000, 0x0000000750400000, 0x0000000750500000|  0%| F|  |TAMS 0x0000000750400000, 0x0000000750400000| Untracked 
| 261|0x0000000750500000, 0x0000000750500000, 0x0000000750600000|  0%| F|  |TAMS 0x0000000750500000, 0x0000000750500000| Untracked 
| 262|0x0000000750600000, 0x0000000750600000, 0x0000000750700000|  0%| F|  |TAMS 0x0000000750600000, 0x0000000750600000| Untracked 
| 263|0x0000000750700000, 0x0000000750700000, 0x0000000750800000|  0%| F|  |TAMS 0x0000000750700000, 0x0000000750700000| Untracked 
| 264|0x0000000750800000, 0x0000000750800000, 0x0000000750900000|  0%| F|  |TAMS 0x0000000750800000, 0x0000000750800000| Untracked 
| 265|0x0000000750900000, 0x0000000750900000, 0x0000000750a00000|  0%| F|  |TAMS 0x0000000750900000, 0x0000000750900000| Untracked 
| 266|0x0000000750a00000, 0x0000000750a00000, 0x0000000750b00000|  0%| F|  |TAMS 0x0000000750a00000, 0x0000000750a00000| Untracked 
| 267|0x0000000750b00000, 0x0000000750b00000, 0x0000000750c00000|  0%| F|  |TAMS 0x0000000750b00000, 0x0000000750b00000| Untracked 
| 268|0x0000000750c00000, 0x0000000750c00000, 0x0000000750d00000|  0%| F|  |TAMS 0x0000000750c00000, 0x0000000750c00000| Untracked 
| 269|0x0000000750d00000, 0x0000000750d00000, 0x0000000750e00000|  0%| F|  |TAMS 0x0000000750d00000, 0x0000000750d00000| Untracked 
| 270|0x0000000750e00000, 0x0000000750e00000, 0x0000000750f00000|  0%| F|  |TAMS 0x0000000750e00000, 0x0000000750e00000| Untracked 
| 271|0x0000000750f00000, 0x0000000750f00000, 0x0000000751000000|  0%| F|  |TAMS 0x0000000750f00000, 0x0000000750f00000| Untracked 
| 272|0x0000000751000000, 0x0000000751000000, 0x0000000751100000|  0%| F|  |TAMS 0x0000000751000000, 0x0000000751000000| Untracked 
| 273|0x0000000751100000, 0x0000000751100000, 0x0000000751200000|  0%| F|  |TAMS 0x0000000751100000, 0x0000000751100000| Untracked 
| 274|0x0000000751200000, 0x0000000751200000, 0x0000000751300000|  0%| F|  |TAMS 0x0000000751200000, 0x0000000751200000| Untracked 
| 275|0x0000000751300000, 0x0000000751300000, 0x0000000751400000|  0%| F|  |TAMS 0x0000000751300000, 0x0000000751300000| Untracked 
| 276|0x0000000751400000, 0x0000000751400000, 0x0000000751500000|  0%| F|  |TAMS 0x0000000751400000, 0x0000000751400000| Untracked 
| 277|0x0000000751500000, 0x0000000751500000, 0x0000000751600000|  0%| F|  |TAMS 0x0000000751500000, 0x0000000751500000| Untracked 
| 278|0x0000000751600000, 0x0000000751600000, 0x0000000751700000|  0%| F|  |TAMS 0x0000000751600000, 0x0000000751600000| Untracked 
| 279|0x0000000751700000, 0x0000000751700000, 0x0000000751800000|  0%| F|  |TAMS 0x0000000751700000, 0x0000000751700000| Untracked 
| 280|0x0000000751800000, 0x0000000751800000, 0x0000000751900000|  0%| F|  |TAMS 0x0000000751800000, 0x0000000751800000| Untracked 
| 281|0x0000000751900000, 0x0000000751900000, 0x0000000751a00000|  0%| F|  |TAMS 0x0000000751900000, 0x0000000751900000| Untracked 
| 282|0x0000000751a00000, 0x0000000751a00000, 0x0000000751b00000|  0%| F|  |TAMS 0x0000000751a00000, 0x0000000751a00000| Untracked 
| 283|0x0000000751b00000, 0x0000000751b00000, 0x0000000751c00000|  0%| F|  |TAMS 0x0000000751b00000, 0x0000000751b00000| Untracked 
| 284|0x0000000751c00000, 0x0000000751c00000, 0x0000000751d00000|  0%| F|  |TAMS 0x0000000751c00000, 0x0000000751c00000| Untracked 
| 285|0x0000000751d00000, 0x0000000751d00000, 0x0000000751e00000|  0%| F|  |TAMS 0x0000000751d00000, 0x0000000751d00000| Untracked 
| 286|0x0000000751e00000, 0x0000000751e00000, 0x0000000751f00000|  0%| F|  |TAMS 0x0000000751e00000, 0x0000000751e00000| Untracked 
| 287|0x0000000751f00000, 0x0000000751f00000, 0x0000000752000000|  0%| F|  |TAMS 0x0000000751f00000, 0x0000000751f00000| Untracked 
| 288|0x0000000752000000, 0x0000000752000000, 0x0000000752100000|  0%| F|  |TAMS 0x0000000752000000, 0x0000000752000000| Untracked 
| 289|0x0000000752100000, 0x0000000752100000, 0x0000000752200000|  0%| F|  |TAMS 0x0000000752100000, 0x0000000752100000| Untracked 
| 290|0x0000000752200000, 0x0000000752200000, 0x0000000752300000|  0%| F|  |TAMS 0x0000000752200000, 0x0000000752200000| Untracked 
| 291|0x0000000752300000, 0x0000000752300000, 0x0000000752400000|  0%| F|  |TAMS 0x0000000752300000, 0x0000000752300000| Untracked 
| 292|0x0000000752400000, 0x0000000752400000, 0x0000000752500000|  0%| F|  |TAMS 0x0000000752400000, 0x0000000752400000| Untracked 
| 293|0x0000000752500000, 0x0000000752500000, 0x0000000752600000|  0%| F|  |TAMS 0x0000000752500000, 0x0000000752500000| Untracked 
| 294|0x0000000752600000, 0x0000000752600000, 0x0000000752700000|  0%| F|  |TAMS 0x0000000752600000, 0x0000000752600000| Untracked 
| 295|0x0000000752700000, 0x0000000752700000, 0x0000000752800000|  0%| F|  |TAMS 0x0000000752700000, 0x0000000752700000| Untracked 
| 296|0x0000000752800000, 0x0000000752800000, 0x0000000752900000|  0%| F|  |TAMS 0x0000000752800000, 0x0000000752800000| Untracked 
| 297|0x0000000752900000, 0x0000000752900000, 0x0000000752a00000|  0%| F|  |TAMS 0x0000000752900000, 0x0000000752900000| Untracked 
| 298|0x0000000752a00000, 0x0000000752a00000, 0x0000000752b00000|  0%| F|  |TAMS 0x0000000752a00000, 0x0000000752a00000| Untracked 
| 299|0x0000000752b00000, 0x0000000752b00000, 0x0000000752c00000|  0%| F|  |TAMS 0x0000000752b00000, 0x0000000752b00000| Untracked 
| 300|0x0000000752c00000, 0x0000000752c00000, 0x0000000752d00000|  0%| F|  |TAMS 0x0000000752c00000, 0x0000000752c00000| Untracked 
| 301|0x0000000752d00000, 0x0000000752dc6f70, 0x0000000752e00000| 77%| E|  |TAMS 0x0000000752d00000, 0x0000000752d00000| Complete 
| 302|0x0000000752e00000, 0x0000000752f00000, 0x0000000752f00000|100%| E|CS|TAMS 0x0000000752e00000, 0x0000000752e00000| Complete 
| 303|0x0000000752f00000, 0x0000000753000000, 0x0000000753000000|100%| E|CS|TAMS 0x0000000752f00000, 0x0000000752f00000| Complete 
| 304|0x0000000753000000, 0x0000000753100000, 0x0000000753100000|100%| E|CS|TAMS 0x0000000753000000, 0x0000000753000000| Complete 
| 305|0x0000000753100000, 0x0000000753200000, 0x0000000753200000|100%| E|CS|TAMS 0x0000000753100000, 0x0000000753100000| Complete 
| 306|0x0000000753200000, 0x0000000753300000, 0x0000000753300000|100%| E|  |TAMS 0x0000000753200000, 0x0000000753200000| Complete 
| 307|0x0000000753300000, 0x0000000753400000, 0x0000000753400000|100%| E|CS|TAMS 0x0000000753300000, 0x0000000753300000| Complete 

Card table byte_map: [0x000002c918e40000,0x000002c919440000] _byte_map_base: 0x000002c915440000

Marking Bits (Prev, Next): (CMBitMap*) 0x000002c97c22d108, (CMBitMap*) 0x000002c97c22d140
 Prev Bits: [0x000002c919a40000, 0x000002c91ca40000)
 Next Bits: [0x000002c91ca40000, 0x000002c91fa40000)

Polling page: 0x000002c900000000

Metaspace:

Usage:
  Non-class:     91.43 MB capacity,    89.83 MB ( 98%) used,     1.20 MB (  1%) free+waste,   400.13 KB ( <1%) overhead. 
      Class:     15.85 MB capacity,    14.53 MB ( 92%) used,     1.13 MB (  7%) free+waste,   193.50 KB (  1%) overhead. 
       Both:    107.28 MB capacity,   104.37 MB ( 97%) used,     2.33 MB (  2%) free+waste,   593.63 KB ( <1%) overhead. 

Virtual space:
  Non-class space:       92.00 MB reserved,      91.67 MB (>99%) committed 
      Class space:        1.00 GB reserved,      15.88 MB (  2%) committed 
             Both:        1.09 GB reserved,     107.55 MB ( 10%) committed 

Chunk freelists:
   Non-Class:  59.00 KB
       Class:  0 bytes
        Both:  59.00 KB

MaxMetaspaceSize: 17179869184.00 GB
CompressedClassSpaceSize: 1.00 GB

CodeHeap 'non-profiled nmethods': size=119168Kb used=26139Kb max_used=26474Kb free=93028Kb
 bounds [0x000002c9101e0000, 0x000002c911bc0000, 0x000002c917640000]
CodeHeap 'profiled nmethods': size=119168Kb used=52674Kb max_used=53702Kb free=66493Kb
 bounds [0x000002c908d80000, 0x000002c90c240000, 0x000002c9101e0000]
CodeHeap 'non-nmethods': size=7424Kb used=3450Kb max_used=3519Kb free=3973Kb
 bounds [0x000002c908640000, 0x000002c908ad0000, 0x000002c908d80000]
 total_blobs=22617 nmethods=21243 adapters=1274
 compilation: enabled
              stopped_count=0, restarted_count=0
 full_count=0

Compilation events (20 events):
Event: 2570.604 Thread 0x000002c97c4f0000 26931       3       com.sun.org.apache.xml.internal.utils.DefaultErrorHandler::<init> (30 bytes)
Event: 2570.604 Thread 0x000002c97c4f0000 nmethod 26931 0x000002c90a3ba990 code [0x000002c90a3bab80, 0x000002c90a3baeb8]
Event: 2570.604 Thread 0x000002c97c4f0000 26932       3       java.io.PrintWriter::<init> (10 bytes)
Event: 2570.604 Thread 0x000002c97c4f0000 nmethod 26932 0x000002c909d1ef10 code [0x000002c909d1f0e0, 0x000002c909d1f258]
Event: 2570.604 Thread 0x000002c97c4f0000 26933       3       java.io.PrintWriter::<init> (37 bytes)
Event: 2570.604 Thread 0x000002c97c4f0000 nmethod 26933 0x000002c90aa0c710 code [0x000002c90aa0c9c0, 0x000002c90aa0d868]
Event: 2570.604 Thread 0x000002c97c4f0000 26934       3       com.sun.org.apache.xpath.internal.compiler.XPathParser::<init> (25 bytes)
Event: 2570.604 Thread 0x000002c97c4f0000 nmethod 26934 0x000002c90a09d690 code [0x000002c90a09d840, 0x000002c90a09da78]
Event: 2570.604 Thread 0x000002c97c4f0000 26935       3       com.sun.org.apache.xpath.internal.compiler.Compiler::<init> (30 bytes)
Event: 2570.604 Thread 0x000002c97c4f0000 nmethod 26935 0x000002c90a577d10 code [0x000002c90a577f00, 0x000002c90a578518]
Event: 2570.604 Thread 0x000002c97c4f0000 26936       3       com.sun.org.apache.xpath.internal.compiler.OpMap::<init> (27 bytes)
Event: 2570.604 Thread 0x000002c97c4f0000 nmethod 26936 0x000002c90a53cb10 code [0x000002c90a53cce0, 0x000002c90a53d118]
Event: 2570.648 Thread 0x000002c97c4f0000 26937  s    3       ui.views.p.I::joI (24 bytes)
Event: 2570.649 Thread 0x000002c97c4f0000 nmethod 26937 0x000002c90a590690 code [0x000002c90a590880, 0x000002c90a590e18]
Event: 2570.653 Thread 0x000002c97c4ea800 26938       4       com.sun.org.apache.xerces.internal.util.XMLResourceIdentifierImpl::setValues (28 bytes)
Event: 2570.654 Thread 0x000002c942881000 26939       3       com.sun.org.apache.xml.internal.dtm.ref.DTMDefaultBase::_exptype (41 bytes)
Event: 2570.655 Thread 0x000002c942881000 nmethod 26939 0x000002c90a5ceb90 code [0x000002c90a5ced80, 0x000002c90a5cf2a8]
Event: 2570.656 Thread 0x000002c97c4ea800 nmethod 26938 0x000002c911105d10 code [0x000002c911105ea0, 0x000002c911106318]
Event: 2570.656 Thread 0x000002c97c4ea800 26940       4       java.util.StringTokenizer::hasMoreTokens (29 bytes)
Event: 2570.661 Thread 0x000002c97c4ea800 nmethod 26940 0x000002c911105410 code [0x000002c9111055c0, 0x000002c911105978]

GC Heap History (20 events):
Event: 2559.386 GC heap before
{Heap before GC invocations=429 (full 117):
 garbage-first heap   total 315392K, used 188136K [0x0000000740000000, 0x0000000800000000)
  region size 1024K, 60 young (61440K), 3 survivors (3072K)
 Metaspace       used 106817K, capacity 109854K, committed 110128K, reserved 1142784K
  class space    used 14882K, capacity 16233K, committed 16256K, reserved 1048576K
}
Event: 2559.389 GC heap after
{Heap after GC invocations=430 (full 117):
 garbage-first heap   total 315392K, used 129410K [0x0000000740000000, 0x0000000800000000)
  region size 1024K, 2 young (2048K), 2 survivors (2048K)
 Metaspace       used 106817K, capacity 109854K, committed 110128K, reserved 1142784K
  class space    used 14882K, capacity 16233K, committed 16256K, reserved 1048576K
}
Event: 2561.250 GC heap before
{Heap before GC invocations=430 (full 117):
 garbage-first heap   total 315392K, used 187778K [0x0000000740000000, 0x0000000800000000)
  region size 1024K, 60 young (61440K), 2 survivors (2048K)
 Metaspace       used 106823K, capacity 109854K, committed 110128K, reserved 1142784K
  class space    used 14882K, capacity 16233K, committed 16256K, reserved 1048576K
}
Event: 2561.253 GC heap after
{Heap after GC invocations=431 (full 117):
 garbage-first heap   total 315392K, used 129388K [0x0000000740000000, 0x0000000800000000)
  region size 1024K, 2 young (2048K), 2 survivors (2048K)
 Metaspace       used 106823K, capacity 109854K, committed 110128K, reserved 1142784K
  class space    used 14882K, capacity 16233K, committed 16256K, reserved 1048576K
}
Event: 2561.686 GC heap before
{Heap before GC invocations=431 (full 117):
 garbage-first heap   total 315392K, used 187756K [0x0000000740000000, 0x0000000800000000)
  region size 1024K, 60 young (61440K), 2 survivors (2048K)
 Metaspace       used 106824K, capacity 109854K, committed 110128K, reserved 1142784K
  class space    used 14882K, capacity 16233K, committed 16256K, reserved 1048576K
}
Event: 2561.688 GC heap after
{Heap after GC invocations=432 (full 117):
 garbage-first heap   total 315392K, used 130620K [0x0000000740000000, 0x0000000800000000)
  region size 1024K, 4 young (4096K), 4 survivors (4096K)
 Metaspace       used 106824K, capacity 109854K, committed 110128K, reserved 1142784K
  class space    used 14882K, capacity 16233K, committed 16256K, reserved 1048576K
}
Event: 2564.511 GC heap before
{Heap before GC invocations=432 (full 117):
 garbage-first heap   total 315392K, used 187964K [0x0000000740000000, 0x0000000800000000)
  region size 1024K, 60 young (61440K), 4 survivors (4096K)
 Metaspace       used 106824K, capacity 109854K, committed 110128K, reserved 1142784K
  class space    used 14882K, capacity 16233K, committed 16256K, reserved 1048576K
}
Event: 2564.514 GC heap after
{Heap after GC invocations=433 (full 117):
 garbage-first heap   total 315392K, used 129798K [0x0000000740000000, 0x0000000800000000)
  region size 1024K, 3 young (3072K), 3 survivors (3072K)
 Metaspace       used 106824K, capacity 109854K, committed 110128K, reserved 1142784K
  class space    used 14882K, capacity 16233K, committed 16256K, reserved 1048576K
}
Event: 2565.146 GC heap before
{Heap before GC invocations=433 (full 117):
 garbage-first heap   total 315392K, used 188166K [0x0000000740000000, 0x0000000800000000)
  region size 1024K, 60 young (61440K), 3 survivors (3072K)
 Metaspace       used 106825K, capacity 109854K, committed 110128K, reserved 1142784K
  class space    used 14882K, capacity 16233K, committed 16256K, reserved 1048576K
}
Event: 2565.149 GC heap after
{Heap after GC invocations=434 (full 117):
 garbage-first heap   total 315392K, used 129820K [0x0000000740000000, 0x0000000800000000)
  region size 1024K, 3 young (3072K), 3 survivors (3072K)
 Metaspace       used 106825K, capacity 109854K, committed 110128K, reserved 1142784K
  class space    used 14882K, capacity 16233K, committed 16256K, reserved 1048576K
}
Event: 2566.421 GC heap before
{Heap before GC invocations=434 (full 117):
 garbage-first heap   total 315392K, used 188188K [0x0000000740000000, 0x0000000800000000)
  region size 1024K, 60 young (61440K), 3 survivors (3072K)
 Metaspace       used 106843K, capacity 109854K, committed 110128K, reserved 1142784K
  class space    used 14882K, capacity 16233K, committed 16256K, reserved 1048576K
}
Event: 2566.425 GC heap after
{Heap after GC invocations=435 (full 117):
 garbage-first heap   total 315392K, used 131018K [0x0000000740000000, 0x0000000800000000)
  region size 1024K, 4 young (4096K), 4 survivors (4096K)
 Metaspace       used 106843K, capacity 109854K, committed 110128K, reserved 1142784K
  class space    used 14882K, capacity 16233K, committed 16256K, reserved 1048576K
}
Event: 2567.630 GC heap before
{Heap before GC invocations=435 (full 117):
 garbage-first heap   total 315392K, used 188362K [0x0000000740000000, 0x0000000800000000)
  region size 1024K, 60 young (61440K), 4 survivors (4096K)
 Metaspace       used 106843K, capacity 109854K, committed 110128K, reserved 1142784K
  class space    used 14882K, capacity 16233K, committed 16256K, reserved 1048576K
}
Event: 2567.633 GC heap after
{Heap after GC invocations=436 (full 117):
 garbage-first heap   total 315392K, used 130664K [0x0000000740000000, 0x0000000800000000)
  region size 1024K, 3 young (3072K), 3 survivors (3072K)
 Metaspace       used 106843K, capacity 109854K, committed 110128K, reserved 1142784K
  class space    used 14882K, capacity 16233K, committed 16256K, reserved 1048576K
}
Event: 2568.398 GC heap before
{Heap before GC invocations=436 (full 117):
 garbage-first heap   total 315392K, used 189032K [0x0000000740000000, 0x0000000800000000)
  region size 1024K, 60 young (61440K), 3 survivors (3072K)
 Metaspace       used 106850K, capacity 109854K, committed 110128K, reserved 1142784K
  class space    used 14882K, capacity 16233K, committed 16256K, reserved 1048576K
}
Event: 2568.401 GC heap after
{Heap after GC invocations=437 (full 117):
 garbage-first heap   total 315392K, used 130856K [0x0000000740000000, 0x0000000800000000)
  region size 1024K, 3 young (3072K), 3 survivors (3072K)
 Metaspace       used 106850K, capacity 109854K, committed 110128K, reserved 1142784K
  class space    used 14882K, capacity 16233K, committed 16256K, reserved 1048576K
}
Event: 2569.441 GC heap before
{Heap before GC invocations=437 (full 117):
 garbage-first heap   total 315392K, used 188200K [0x0000000740000000, 0x0000000800000000)
  region size 1024K, 60 young (61440K), 3 survivors (3072K)
 Metaspace       used 106851K, capacity 109854K, committed 110128K, reserved 1142784K
  class space    used 14882K, capacity 16233K, committed 16256K, reserved 1048576K
}
Event: 2569.443 GC heap after
{Heap after GC invocations=438 (full 117):
 garbage-first heap   total 315392K, used 130024K [0x0000000740000000, 0x0000000800000000)
  region size 1024K, 2 young (2048K), 2 survivors (2048K)
 Metaspace       used 106851K, capacity 109854K, committed 110128K, reserved 1142784K
  class space    used 14882K, capacity 16233K, committed 16256K, reserved 1048576K
}
Event: 2570.664 GC heap before
{Heap before GC invocations=438 (full 117):
 garbage-first heap   total 315392K, used 189416K [0x0000000740000000, 0x0000000800000000)
  region size 1024K, 60 young (61440K), 2 survivors (2048K)
 Metaspace       used 106872K, capacity 109854K, committed 110128K, reserved 1142784K
  class space    used 14882K, capacity 16233K, committed 16256K, reserved 1048576K
}
Event: 2570.667 GC heap after
{Heap after GC invocations=439 (full 117):
 garbage-first heap   total 315392K, used 131328K [0x0000000740000000, 0x0000000800000000)
  region size 1024K, 4 young (4096K), 4 survivors (4096K)
 Metaspace       used 106872K, capacity 109854K, committed 110128K, reserved 1142784K
  class space    used 14882K, capacity 16233K, committed 16256K, reserved 1048576K
}

Deoptimization events (20 events):
Event: 2434.357 Thread 0x000002c9275a6000 Uncommon trap: trap_request=0xffffffc6 fr.pc=0x000002c911aa8518 relative=0x0000000000000858
Event: 2434.357 Thread 0x000002c9275a6000 Uncommon trap: reason=bimorphic_or_optimized_type_check action=maybe_recompile pc=0x000002c911aa8518 method=javax.swing.JComponent.processKeyBindings(Ljava/awt/event/KeyEvent;Z)Z @ 111 c2
Event: 2434.357 Thread 0x000002c9275a6000 DEOPT PACKING pc=0x000002c911aa8518 sp=0x000000d1f68f4c40
Event: 2434.357 Thread 0x000002c9275a6000 DEOPT UNPACKING pc=0x000002c9086668af sp=0x000000d1f68f4bf0 mode 2
Event: 2434.357 Thread 0x000002c9275a6000 Uncommon trap: trap_request=0xffffffc6 fr.pc=0x000002c911aa8518 relative=0x0000000000000858
Event: 2434.357 Thread 0x000002c9275a6000 Uncommon trap: reason=bimorphic_or_optimized_type_check action=maybe_recompile pc=0x000002c911aa8518 method=javax.swing.JComponent.processKeyBindings(Ljava/awt/event/KeyEvent;Z)Z @ 111 c2
Event: 2434.357 Thread 0x000002c9275a6000 DEOPT PACKING pc=0x000002c911aa8518 sp=0x000000d1f68f4c40
Event: 2434.357 Thread 0x000002c9275a6000 DEOPT UNPACKING pc=0x000002c9086668af sp=0x000000d1f68f4bf0 mode 2
Event: 2526.414 Thread 0x000002c9275a6000 Uncommon trap: trap_request=0xffffff4d fr.pc=0x000002c91197bdc4 relative=0x0000000000001784
Event: 2526.414 Thread 0x000002c9275a6000 Uncommon trap: reason=unstable_if action=reinterpret pc=0x000002c91197bdc4 method=com.jidesoft.plaf.basic.BasicJideTabbedPaneUI.ensureCurrentRects(II)V @ 706 c2
Event: 2526.414 Thread 0x000002c9275a6000 DEOPT PACKING pc=0x000002c91197bdc4 sp=0x000000d1f68facf0
Event: 2526.414 Thread 0x000002c9275a6000 DEOPT UNPACKING pc=0x000002c9086668af sp=0x000000d1f68fac48 mode 2
Event: 2553.103 Thread 0x000002c9275a6000 DEOPT PACKING pc=0x000002c90c203b12 sp=0x000000d1f68fbfb0
Event: 2553.103 Thread 0x000002c9275a6000 DEOPT UNPACKING pc=0x000002c90866705e sp=0x000000d1f68fb530 mode 0
Event: 2558.875 Thread 0x000002c9275a6000 Uncommon trap: trap_request=0xffffff4d fr.pc=0x000002c911954334 relative=0x0000000000001734
Event: 2558.875 Thread 0x000002c9275a6000 Uncommon trap: reason=unstable_if action=reinterpret pc=0x000002c911954334 method=java.util.TimSort.mergeHi(IIII)V @ 426 c2
Event: 2558.875 Thread 0x000002c9275a6000 DEOPT PACKING pc=0x000002c911954334 sp=0x000000d1f68fc460
Event: 2558.875 Thread 0x000002c9275a6000 DEOPT UNPACKING pc=0x000002c9086668af sp=0x000000d1f68fc430 mode 2
Event: 2567.692 Thread 0x000002c9275a6000 DEOPT PACKING pc=0x000002c90a700d6d sp=0x000000d1f68fca70
Event: 2567.692 Thread 0x000002c9275a6000 DEOPT UNPACKING pc=0x000002c90866705e sp=0x000000d1f68fbf60 mode 0

Classes redefined (0 events):
No events

Internal exceptions (20 events):
Event: 2544.473 Thread 0x000002c9275a6000 Exception <a 'java/io/FileNotFoundException'{0x00000007527b0390}> (0x00000007527b0390) thrown at [./src/hotspot/share/prims/jni.cpp, line 615]
Event: 2544.473 Thread 0x000002c9275a6000 Exception <a 'java/io/FileNotFoundException'{0x00000007527b0b40}> (0x00000007527b0b40) thrown at [./src/hotspot/share/prims/jni.cpp, line 615]
Event: 2545.708 Thread 0x000002c9275a6000 Exception <a 'java/io/FileNotFoundException'{0x0000000751719ba0}> (0x0000000751719ba0) thrown at [./src/hotspot/share/prims/jni.cpp, line 615]
Event: 2549.475 Thread 0x000002c9275a6000 Exception <a 'java/io/FileNotFoundException'{0x0000000751362448}> (0x0000000751362448) thrown at [./src/hotspot/share/prims/jni.cpp, line 615]
Event: 2549.475 Thread 0x000002c9275a6000 Exception <a 'java/io/FileNotFoundException'{0x0000000751362bf8}> (0x0000000751362bf8) thrown at [./src/hotspot/share/prims/jni.cpp, line 615]
Event: 2550.708 Thread 0x000002c9275a6000 Exception <a 'java/io/FileNotFoundException'{0x00000007512929c0}> (0x00000007512929c0) thrown at [./src/hotspot/share/prims/jni.cpp, line 615]
Event: 2554.475 Thread 0x000002c9275a6000 Exception <a 'java/io/FileNotFoundException'{0x00000007522f4c40}> (0x00000007522f4c40) thrown at [./src/hotspot/share/prims/jni.cpp, line 615]
Event: 2554.475 Thread 0x000002c9275a6000 Exception <a 'java/io/FileNotFoundException'{0x00000007522f53f0}> (0x00000007522f53f0) thrown at [./src/hotspot/share/prims/jni.cpp, line 615]
Event: 2555.708 Thread 0x000002c9275a6000 Exception <a 'java/io/FileNotFoundException'{0x0000000750bf43d0}> (0x0000000750bf43d0) thrown at [./src/hotspot/share/prims/jni.cpp, line 615]
Event: 2559.476 Thread 0x000002c9275a6000 Exception <a 'java/io/FileNotFoundException'{0x00000007530b8e68}> (0x00000007530b8e68) thrown at [./src/hotspot/share/prims/jni.cpp, line 615]
Event: 2559.476 Thread 0x000002c9275a6000 Exception <a 'java/io/FileNotFoundException'{0x00000007530b9618}> (0x00000007530b9618) thrown at [./src/hotspot/share/prims/jni.cpp, line 615]
Event: 2560.710 Thread 0x000002c9275a6000 Exception <a 'java/io/FileNotFoundException'{0x000000074ff79c78}> (0x000000074ff79c78) thrown at [./src/hotspot/share/prims/jni.cpp, line 615]
Event: 2564.516 Thread 0x000002c9275a6000 Exception <a 'java/io/FileNotFoundException'{0x0000000753336890}> (0x0000000753336890) thrown at [./src/hotspot/share/prims/jni.cpp, line 615]
Event: 2564.516 Thread 0x000002c9275a6000 Exception <a 'java/io/FileNotFoundException'{0x0000000753337040}> (0x0000000753337040) thrown at [./src/hotspot/share/prims/jni.cpp, line 615]
Event: 2564.668 Thread 0x000002c949269800 Exception <a 'java/lang/InterruptedException'{0x0000000751817448}: sleep interrupted> (0x0000000751817448) thrown at [./src/hotspot/share/prims/jvm.cpp, line 3099]
Event: 2565.719 Thread 0x000002c9275a6000 Exception <a 'java/io/FileNotFoundException'{0x00000007519b7e50}> (0x00000007519b7e50) thrown at [./src/hotspot/share/prims/jni.cpp, line 615]
Event: 2569.477 Thread 0x000002c9275a6000 Exception <a 'java/io/FileNotFoundException'{0x0000000752f54458}> (0x0000000752f54458) thrown at [./src/hotspot/share/prims/jni.cpp, line 615]
Event: 2569.478 Thread 0x000002c9275a6000 Exception <a 'java/io/FileNotFoundException'{0x0000000752f54c08}> (0x0000000752f54c08) thrown at [./src/hotspot/share/prims/jni.cpp, line 615]
Event: 2570.683 Thread 0x000002c949269800 Exception <a 'java/lang/InterruptedException'{0x0000000753170750}: sleep interrupted> (0x0000000753170750) thrown at [./src/hotspot/share/prims/jvm.cpp, line 3099]
Event: 2570.711 Thread 0x000002c9275a6000 Exception <a 'java/io/FileNotFoundException'{0x00000007532c04e0}> (0x00000007532c04e0) thrown at [./src/hotspot/share/prims/jni.cpp, line 615]

Events (20 events):
Event: 2569.946 Thread 0x000002c94287f800 Thread added: 0x000002c94287f800
Event: 2569.947 Thread 0x000002c942881000 Thread added: 0x000002c942881000
Event: 2569.960 Executing VM operation: RevokeBias
Event: 2569.960 Executing VM operation: RevokeBias done
Event: 2569.974 Thread 0x000002c942881000 Thread exited: 0x000002c942881000
Event: 2570.386 Thread 0x000002c942881000 Thread added: 0x000002c942881000
Event: 2570.390 Thread 0x000002c942881000 Thread exited: 0x000002c942881000
Event: 2570.592 Thread 0x000002c942881000 Thread added: 0x000002c942881000
Event: 2570.593 Thread 0x000002c94287b800 Thread added: 0x000002c94287b800
Event: 2570.596 Thread 0x000002c9286ff000 Thread added: 0x000002c9286ff000
Event: 2570.603 Thread 0x000002c9286ff800 Thread added: 0x000002c9286ff800
Event: 2570.649 Thread 0x000002c9286ff800 Thread exited: 0x000002c9286ff800
Event: 2570.651 Executing VM operation: RevokeBias
Event: 2570.651 Executing VM operation: RevokeBias done
Event: 2570.664 Executing VM operation: G1CollectForAllocation
Event: 2570.667 Executing VM operation: G1CollectForAllocation done
Event: 2570.980 Thread 0x000002c9286ff800 Thread added: 0x000002c9286ff800
Event: 2570.984 Thread 0x000002c94287f800 Thread exited: 0x000002c94287f800
Event: 2570.984 Executing VM operation: RevokeBias
Event: 2570.984 Executing VM operation: RevokeBias done


Dynamic libraries:
0x00007ff604450000 - 0x00007ff604481000 	C:\Xilinx\Vivado\2022.2\bin\unwrapped\win64.o\vivado.exe
0x00007ffef17b0000 - 0x00007ffef19c7000 	C:\Windows\SYSTEM32\ntdll.dll
0x00007ffeef4e0000 - 0x00007ffeef5a4000 	C:\Windows\System32\KERNEL32.DLL
0x00007ffeeebb0000 - 0x00007ffeeef67000 	C:\Windows\System32\KERNELBASE.dll
0x00007ffeef130000 - 0x00007ffeef241000 	C:\Windows\System32\ucrtbase.dll
0x00007ffec6470000 - 0x00007ffec64fd000 	C:\Windows\SYSTEM32\MSVCP140.dll
0x00007ffec6300000 - 0x00007ffec631d000 	C:\Windows\SYSTEM32\VCRUNTIME140.dll
0x00007ffecd270000 - 0x00007ffecd27c000 	C:\Windows\SYSTEM32\VCRUNTIME140_1.dll
0x00007ffee8a90000 - 0x00007ffee8aa8000 	C:\Xilinx\Vivado\2022.2\lib\win64.o\librdi_commonmain.dll
0x00007ffee6ef0000 - 0x00007ffee6ef9000 	C:\Xilinx\Vivado\2022.2\lib\win64.o\librdi_commonversion.dll
0x00007ffecfe70000 - 0x00007ffecfe91000 	C:\Xilinx\Vivado\2022.2\lib\win64.o\libboost_filesystem.dll
0x00007ffeefce0000 - 0x00007ffeefd92000 	C:\Windows\System32\ADVAPI32.dll
0x00007ffeefea0000 - 0x00007ffeeff47000 	C:\Windows\System32\msvcrt.dll
0x00007ffef0110000 - 0x00007ffef01b8000 	C:\Windows\System32\sechost.dll
0x00007ffeef310000 - 0x00007ffeef338000 	C:\Windows\System32\bcrypt.dll
0x00007ffeef740000 - 0x00007ffeef854000 	C:\Windows\System32\RPCRT4.dll
0x00007ffea3580000 - 0x00007ffea3735000 	C:\Xilinx\Vivado\2022.2\lib\win64.o\librdi_commonxillic.dll
0x00007ffef0c00000 - 0x00007ffef0daf000 	C:\Windows\System32\USER32.dll
0x00007ffeef340000 - 0x00007ffeef366000 	C:\Windows\System32\win32u.dll
0x00007ffeef5b0000 - 0x00007ffeef5d9000 	C:\Windows\System32\GDI32.dll
0x00000000502c0000 - 0x00000000503eb000 	C:\Xilinx\Vivado\2022.2\lib\win64.o\tcl85t.dll
0x00007ffeef010000 - 0x00007ffeef128000 	C:\Windows\System32\gdi32full.dll
0x00007ffeefe20000 - 0x00007ffeefe91000 	C:\Windows\System32\WS2_32.dll
0x00007ffeeef70000 - 0x00007ffeef00a000 	C:\Windows\System32\msvcp_win.dll
0x00007ffe99ad0000 - 0x00007ffe99de6000 	C:\Xilinx\Vivado\2022.2\lib\win64.o\libXil_lmgr11.dll
0x00007ffef0010000 - 0x00007ffef010f000 	C:\Windows\System32\COMDLG32.dll
0x00007ffef06f0000 - 0x00007ffef0a7e000 	C:\Windows\System32\combase.dll
0x00007ffef1670000 - 0x00007ffef1769000 	C:\Windows\System32\shcore.dll
0x00007ffeefdc0000 - 0x00007ffeefe1e000 	C:\Windows\System32\SHLWAPI.dll
0x00007ffef0e00000 - 0x00007ffef1669000 	C:\Windows\System32\SHELL32.dll
0x00007ffeef5e0000 - 0x00007ffeef6b7000 	C:\Windows\System32\OLEAUT32.dll
0x00007ffef0450000 - 0x00007ffef05f5000 	C:\Windows\System32\ole32.dll
0x00007ffeeeb40000 - 0x00007ffeeebac000 	C:\Windows\System32\WINTRUST.dll
0x00007ffeef370000 - 0x00007ffeef4d6000 	C:\Windows\System32\CRYPT32.dll
0x00007ffea3460000 - 0x00007ffea3574000 	C:\Xilinx\Vivado\2022.2\lib\win64.o\libboost_regex.dll
0x00007ffe1b590000 - 0x00007ffe1c9c1000 	C:\Xilinx\Vivado\2022.2\lib\win64.o\librdi_common.dll
0x00007ffee1dc0000 - 0x00007ffee1dd9000 	C:\Windows\SYSTEM32\NETAPI32.dll
0x00007ffe4c130000 - 0x00007ffe4d0ad200 	C:\Xilinx\Vivado\2022.2\lib\win64.o\libisl_iostreams.dll
0x00007ffed1a40000 - 0x00007ffed1af3000 	C:\Windows\WinSxS\amd64_microsoft.windows.common-controls_6595b64144ccf1df_5.82.22621.3527_none_b43b7f4b638cc64f\COMCTL32.dll
0x00007ffe39140000 - 0x00007ffe39149000 	C:\Windows\SYSTEM32\WSOCK32.dll
0x00007ffee9000000 - 0x00007ffee901f000 	C:\Windows\SYSTEM32\dhcpcsvc.DLL
0x00007ffeee160000 - 0x00007ffeee188000 	C:\Windows\SYSTEM32\USERENV.dll
0x00007ffecac20000 - 0x00007ffecac31000 	C:\Xilinx\Vivado\2022.2\lib\win64.o\libboost_date_time.dll
0x00007ffe8adc0000 - 0x00007ffe8b12e000 	C:\Xilinx\Vivado\2022.2\lib\win64.o\libCOIN-all.dll
0x00007ffeca0a0000 - 0x00007ffeca119000 	C:\Xilinx\Vivado\2022.2\lib\win64.o\libboost_program_options.dll
0x00007ffecac00000 - 0x00007ffecac1c000 	C:\Xilinx\Vivado\2022.2\lib\win64.o\libboost_thread.dll
0x00007ffed9710000 - 0x00007ffed971c000 	C:\Xilinx\Vivado\2022.2\lib\win64.o\libboost_xilinx.dll
0x00007ffeca010000 - 0x00007ffeca092000 	C:\Xilinx\Vivado\2022.2\lib\win64.o\libhdlpsolve.dll
0x00007ffecabd0000 - 0x00007ffecabfa000 	C:\Xilinx\Vivado\2022.2\lib\win64.o\libisl_sysinfo.dll
0x00007ffe9ae10000 - 0x00007ffe9aeb5000 	C:\Xilinx\Vivado\2022.2\lib\win64.o\libhdxml.dll
0x00007ffea33f0000 - 0x00007ffea3455000 	C:\Xilinx\Vivado\2022.2\lib\win64.o\liblmx6.0.dll
0x00007ffeca570000 - 0x00007ffeca58c000 	C:\Xilinx\Vivado\2022.2\lib\win64.o\librdiconfig.dll
0x00007ffeca7e0000 - 0x00007ffeca7fa000 	C:\Xilinx\Vivado\2022.2\lib\win64.o\pthreadVC2.dll
0x00007ffec6500000 - 0x00007ffec69fe000 	C:\Windows\SYSTEM32\WININET.dll
0x00007ffeb4f30000 - 0x00007ffeb4f51000 	C:\Xilinx\Vivado\2022.2\lib\win64.o\librdizlib.dll
0x00007ffed4640000 - 0x00007ffed4830000 	C:\Windows\SYSTEM32\urlmon.dll
0x00007ffe8aaf0000 - 0x00007ffe8adb1000 	C:\Xilinx\Vivado\2022.2\lib\win64.o\xerces-c_3_2.dll
0x00007ffeea2f0000 - 0x00007ffeea426000 	C:\Windows\SYSTEM32\WINHTTP.dll
0x00007ffe9bd80000 - 0x00007ffe9bdb2000 	C:\Windows\SYSTEM32\VCOMP140.DLL
0x00007ffe19670000 - 0x00007ffe1b587000 	C:\Xilinx\Vivado\2022.2\lib\win64.o\gurobi90.dll
0x00007ffef0690000 - 0x00007ffef06ef000 	C:\Windows\System32\WLDAP32.dll
0x00007ffef0380000 - 0x00007ffef0388000 	C:\Windows\System32\Normaliz.dll
0x00007ffeb5180000 - 0x00007ffeb5198000 	C:\Xilinx\Vivado\2022.2\lib\win64.o\libboost_iostreams.dll
0x00007ffea3f10000 - 0x00007ffea3f34000 	C:\Xilinx\Vivado\2022.2\lib\win64.o\libisl_iosutils.dll
0x00007ffed4380000 - 0x00007ffed463e000 	C:\Windows\SYSTEM32\iertutil.dll
0x00007ffed4350000 - 0x00007ffed4378000 	C:\Windows\SYSTEM32\srvcli.dll
0x00007ffeed460000 - 0x00007ffeed46c000 	C:\Windows\SYSTEM32\netutils.dll
0x00007ffeee070000 - 0x00007ffeee0d9000 	C:\Windows\SYSTEM32\MSWSOCK.DLL
0x00007ffef0410000 - 0x00007ffef0441000 	C:\Windows\System32\IMM32.DLL
0x00007ffeee760000 - 0x00007ffeee772000 	C:\Windows\SYSTEM32\MSASN1.dll
0x00007ffeedc00000 - 0x00007ffeedc18000 	C:\Windows\SYSTEM32\kernel.appcore.dll
0x00007ffeee2d0000 - 0x00007ffeee2eb000 	C:\Windows\SYSTEM32\CRYPTSP.dll
0x00007ffeedb60000 - 0x00007ffeedb95000 	C:\Windows\system32\rsaenh.dll
0x00007ffeee2c0000 - 0x00007ffeee2cc000 	C:\Windows\SYSTEM32\CRYPTBASE.dll
0x00007ffeeeac0000 - 0x00007ffeeeb3b000 	C:\Windows\System32\bcryptPrimitives.dll
0x00007ffeefda0000 - 0x00007ffeefdbf000 	C:\Windows\System32\imagehlp.dll
0x00007ffe535e0000 - 0x00007ffe53b13000 	C:\Xilinx\Vivado\2022.2\lib\win64.o\librdi_commontasks.dll
0x00007ffee2320000 - 0x00007ffee232a000 	C:\Windows\SYSTEM32\VERSION.dll
0x00007ffe2ffc0000 - 0x00007ffe30b0d000 	C:\Xilinx\Vivado\2022.2\tps\win64\jre11.0.11_9\bin\server\jvm.dll
0x00007ffef0000000 - 0x00007ffef0008000 	C:\Windows\System32\PSAPI.DLL
0x00007ffe856f0000 - 0x00007ffe85a15a00 	C:\Xilinx\Vivado\2022.2\lib\win64.o\librdi_sio.dll
0x00007ffee3ea0000 - 0x00007ffee3ed4000 	C:\Windows\SYSTEM32\WINMM.dll
0x00007ffeed660000 - 0x00007ffeed68d000 	C:\Windows\SYSTEM32\IPHLPAPI.DLL
0x00007ffeede60000 - 0x00007ffeedea3000 	C:\Windows\SYSTEM32\SspiCli.dll
0x00007ffec1c90000 - 0x00007ffec1ca7000 	C:\Windows\system32\napinsp.dll
0x00007ffeb57d0000 - 0x00007ffeb57eb000 	C:\Windows\system32\pnrpnsp.dll
0x00007ffeed6a0000 - 0x00007ffeed7a2000 	C:\Windows\SYSTEM32\DNSAPI.dll
0x00007ffef03a0000 - 0x00007ffef03a9000 	C:\Windows\System32\NSI.dll
0x00007ffeb56e0000 - 0x00007ffeb56f1000 	C:\Windows\System32\winrnr.dll
0x00007ffee89a0000 - 0x00007ffee89b5000 	C:\Windows\system32\wshbth.dll
0x00007ffeb56b0000 - 0x00007ffeb56d7000 	C:\Windows\system32\nlansp_c.dll
0x00007ffeec9e0000 - 0x00007ffeed2df000 	C:\Windows\SYSTEM32\windows.storage.dll
0x00007ffeec8a0000 - 0x00007ffeec9df000 	C:\Windows\SYSTEM32\wintypes.dll
0x00007ffdec040000 - 0x00007ffdeed65000 	C:\Xilinx\Vivado\2022.2\lib\win64.o\librdi_tcltasks.dll
0x00007ffe53100000 - 0x00007ffe535dd000 	C:\Xilinx\Vivado\2022.2\lib\win64.o\librdi_bitstream.dll
0x00007ffe9ab20000 - 0x00007ffe9aba0000 	C:\Xilinx\Vivado\2022.2\lib\win64.o\librdi_boarddep.dll
0x00007ffe89fe0000 - 0x00007ffe8a1c3000 	C:\Xilinx\Vivado\2022.2\lib\win64.o\librdi_board.dll
0x00007ffe97fc0000 - 0x00007ffe980e7000 	C:\Xilinx\Vivado\2022.2\lib\win64.o\librdi_chipscope.dll
0x00007ffe881c0000 - 0x00007ffe883c2000 	C:\Xilinx\Vivado\2022.2\lib\win64.o\librdi_chipscopeimpl.dll
0x00007ffe97210000 - 0x00007ffe97375000 	C:\Xilinx\Vivado\2022.2\lib\win64.o\librdi_containers.dll
0x00007ffe9bc60000 - 0x00007ffe9bca4000 	C:\Xilinx\Vivado\2022.2\lib\win64.o\libboost_serialization.dll
0x00007ffe17440000 - 0x00007ffe1966c000 	C:\Xilinx\Vivado\2022.2\lib\win64.o\librdi_constraints.dll
0x00007ffe11040000 - 0x00007ffe12525000 	C:\Xilinx\Vivado\2022.2\lib\win64.o\librdi_device.dll
0x00007ffde7a40000 - 0x00007ffde9a4d000 	C:\Xilinx\Vivado\2022.2\lib\win64.o\librdi_designutils.dll
0x00007ffe836f0000 - 0x00007ffe83a73000 	C:\Xilinx\Vivado\2022.2\lib\win64.o\librdi_dlyest.dll
0x00007ffe2f8e0000 - 0x00007ffe2ffbb000 	C:\Xilinx\Vivado\2022.2\lib\win64.o\librdi_drc.dll
0x00007ffe96d30000 - 0x00007ffe96de4000 	C:\Xilinx\Vivado\2022.2\lib\win64.o\librdi_dsp.dll
0x00007ffde9a50000 - 0x00007ffdec035000 	C:\Xilinx\Vivado\2022.2\lib\win64.o\librdi_coregen.dll
0x00007ffe24970000 - 0x00007ffe25005000 	C:\Xilinx\Vivado\2022.2\lib\win64.o\librdi_filemgmt.dll
0x00007ffe67e40000 - 0x00007ffe6816b000 	C:\Xilinx\Vivado\2022.2\lib\win64.o\librdi_guitools.dll
0x00007ffe9ba10000 - 0x00007ffe9ba7b000 	C:\Xilinx\Vivado\2022.2\lib\win64.o\librdi_hdf.dll
0x00007ffe52e40000 - 0x00007ffe530fd000 	C:\Xilinx\Vivado\2022.2\lib\win64.o\librdi_hip_devdesign.dll
0x00007ffe93110000 - 0x00007ffe93257000 	C:\Xilinx\Vivado\2022.2\lib\win64.o\librdi_hip_perf_analysis.dll
0x00007ffe241c0000 - 0x00007ffe24961000 	C:\Xilinx\Vivado\2022.2\lib\win64.o\librdi_lopt.dll
0x00007ffe16de0000 - 0x00007ffe17435000 	C:\Xilinx\Vivado\2022.2\lib\win64.o\librdi_memdata.dll
0x00007ffe9a6e0000 - 0x00007ffe9a75d000 	C:\Xilinx\Vivado\2022.2\lib\win64.o\librdi_memoryarray.dll
0x00007ffde6c00000 - 0x00007ffde7a33000 	C:\Xilinx\Vivado\2022.2\lib\win64.o\librdi_ippcw.dll
0x00007ffdf2da0000 - 0x00007ffdf3cbb000 	C:\Xilinx\Vivado\2022.2\lib\win64.o\librdi_implflow.dll
0x00007ffe9aa40000 - 0x00007ffe9aa9b000 	C:\Xilinx\Vivado\2022.2\lib\win64.o\librdi_pfi.dll
0x00007ffe108d0000 - 0x00007ffe1103d000 	C:\Xilinx\Vivado\2022.2\lib\win64.o\librdi_netlist.dll
0x00007ffe14d50000 - 0x00007ffe151c0000 	C:\Xilinx\Vivado\2022.2\lib\win64.o\librdi_platform.dll
0x00007ffdfc400000 - 0x00007ffdfccd4000 	C:\Xilinx\Vivado\2022.2\lib\win64.o\librdi_power.dll
0x00007ffdf65c0000 - 0x00007ffdf6d27000 	C:\Xilinx\Vivado\2022.2\lib\win64.o\librdi_project.dll
0x00007ffde1210000 - 0x00007ffde4330000 	C:\Xilinx\Vivado\2022.2\lib\win64.o\librdi_place.dll
0x00007ffdf1d90000 - 0x00007ffdf24c5000 	C:\Xilinx\Vivado\2022.2\lib\win64.o\librdi_psta.dll
0x00007ffde08c0000 - 0x00007ffde1210000 	C:\Xilinx\Vivado\2022.2\lib\win64.o\librdi_rsb.dll
0x00007ffe92590000 - 0x00007ffe926a9000 	C:\Xilinx\Vivado\2022.2\lib\win64.o\librdi_runsbase.dll
0x00007ffe9a8a0000 - 0x00007ffe9a8f8000 	C:\Xilinx\Vivado\2022.2\lib\win64.o\librdi_schedmon.dll

dbghelp: loaded successfully - version: 4.0.5 - missing functions: none
symbol engine: initialized successfully - sym options: 0x614 - pdb path: .;C:\Xilinx\Vivado\2022.2\bin\unwrapped\win64.o;C:\Windows\SYSTEM32;C:\Xilinx\Vivado\2022.2\lib\win64.o;C:\Windows\WinSxS\amd64_microsoft.windows.common-controls_6595b64144ccf1df_5.82.22621.3527_none_b43b7f4b638cc64f;C:\Xilinx\Vivado\2022.2\tps\win64\jre11.0.11_9\bin\server;C:\Xilinx\Vivado\2022.2\tps\win64\python-3.8.3;C:\Xilinx\Vivado\2022.2\tps\win64\jre11.0.11_9\bin;C:\Windows\WinSxS\amd64_microsoft.windows.common-controls_6595b64144ccf1df_6.0.22621.3672_none_2713b9d173822955;C:\Windows\WinSxS\amd64_microsoft.windows.gdiplus_6595b64144ccf1df_1.1.22621.4249_none_57fb0ed6ce180668

VM Arguments:
jvm_args: -Dsun.java2d.pmoffscreen=false -Dhttps.protocols=TLSv1,TLSv1.1,TLSv1.2 -Dsun.java2d.xrender=false -Dsun.java2d.d3d=false -Dsun.awt.nopixfmt=true -Dsun.java2d.dpiaware=true -Dsun.java2d.uiScale.enabled=false -Xverify:none -Dswing.aatext=true -XX:-UsePerfData -Djdk.map.althashing.threshold=512 -XX:StringTableSize=4072 --add-opens=java.desktop/com.sun.awt=ALL-UNNAMED --add-opens=java.desktop/javax.swing.plaf.synth=ALL-UNNAMED --add-opens=java.base/java.nio=ALL-UNNAMED --add-opens=java.desktop/sun.swing=ALL-UNNAMED --add-opens=java.desktop/javax.swing=ALL-UNNAMED --add-opens=java.desktop/javax.swing.tree=ALL-UNNAMED --add-opens=java.desktop/javax.swing.plaf.basic=ALL-UNNAMED --add-opens=java.desktop/javax.swing.plaf.synth=ALL-UNNAMED --add-opens=java.desktop/javax.swing.plaf.basic=ALL-UNNAMED --add-opens=java.desktop/javax.swing=ALL-UNNAMED --add-opens=java.desktop/javax.swing.tree=ALL-UNNAMED --add-opens=java.desktop/java.awt.event=ALL-UNNAMED --add-exports=java.desktop/javax.swing.plaf.synth=ALL-UNNAMED --add-exports=java.base/java.nio=ALL-UNNAMED --add-exports=java.desktop/sun.swing=ALL-UNNAMED --add-exports=java.desktop/javax.swing=ALL-UNNAMED --add-exports=java.desktop/javax.swing.tree=ALL-UNNAMED --add-exports=java.desktop/javax.swing.plaf.basic=ALL-UNNAMED --add-exports=java.desktop/sun.swing=ALL-UNNAMED --add-exports=java.desktop/sun.swing.table=ALL-UNNAMED --add-exports=java.desktop/sun.swing.plaf.synth=ALL-UNNAMED --add-exports=java.desktop/sun.awt.shell=ALL-UNNAMED --add-exports=java.base/sun.security.action=ALL-UNNAMED --add-exports=java.desktop/sun.font=ALL-UNNAMED -XX:NewSize=60m -XX:MaxNewSize=60m -Xms256m -Xmx3072m -Xss5m 
java_command: <unknown>
java_class_path (initial): C:/Xilinx/Vivado/2022.2\lib\classes\alloy.jar;C:/Xilinx/Vivado/2022.2\lib\classes\asm-9.3.jar;C:/Xilinx/Vivado/2022.2\lib\classes\asm-analysis-9.3.jar;C:/Xilinx/Vivado/2022.2\lib\classes\asm-commons-9.3.jar;C:/Xilinx/Vivado/2022.2\lib\classes\asm-tree-9.3.jar;C:/Xilinx/Vivado/2022.2\lib\classes\autoesl-models.jar;C:/Xilinx/Vivado/2022.2\lib\classes\batik-anim.jar;C:/Xilinx/Vivado/2022.2\lib\classes\batik-awt-util.jar;C:/Xilinx/Vivado/2022.2\lib\classes\batik-bridge.jar;C:/Xilinx/Vivado/2022.2\lib\classes\batik-codec.jar;C:/Xilinx/Vivado/2022.2\lib\classes\batik-css.jar;C:/Xilinx/Vivado/2022.2\lib\classes\batik-dom.jar;C:/Xilinx/Vivado/2022.2\lib\classes\batik-ext.jar;C:/Xilinx/Vivado/2022.2\lib\classes\batik-gui-util.jar;C:/Xilinx/Vivado/2022.2\lib\classes\batik-gvt.jar;C:/Xilinx/Vivado/2022.2\lib\classes\batik-parser.jar;C:/Xilinx/Vivado/2022.2\lib\classes\batik-script.jar;C:/Xilinx/Vivado/2022.2\lib\classes\batik-svg-dom.jar;C:/Xilinx/Vivado/2022.2\lib\classes\batik-svggen.jar;C:/Xilinx/Vivado/2022.2\lib\classes\batik-swing.jar;C:/Xilinx/Vivado/2022.2\lib\classes\batik-transcoder.jar;C:/Xilinx/Vivado/2022.2\lib\classes\batik-util.jar;C:/Xilinx/Vivado/2022.2\lib\classes\batik-xml.jar;C:/Xilinx/Vivado/2022.2\lib\classes\com.fasterxml.jackson.core.jackson-annotations_2.12.1.v20210128-1726.jar;C:/Xilinx/Vivado/2022.2\lib\classes\com.fasterxml.jackson.core.jackson-core_2.12.1.v20210128-1726.jar;C:/Xilinx/Vivado/2022.2\lib\classes\com.fasterxml.jackson.core.jackson-databind_2.12.1.v20210128-1726.jar;C:/Xilinx/Vivado/2022.2\lib\classes\com.google.gson_2.8.7.v20210624-1215.jar;C:/Xilinx/Vivado/2022.2\lib\classes\com.google.guava_30.1.0.v20210127-2300.jar;C:/Xilinx/Vivado/2022.2\lib\classes\com.sigasi.hdt.connection_4.15.0.202201101137.jar;C:/Xilinx/Vivado/2022.2\lib\classes\com.sigasi.hdt.epl_4.15.0.202201101137.jar;C:/Xilinx/Vivado/2022.2\lib\classes\com.sigasi.hdt.project_4.15.0.202201101137.jar;C:/Xilinx/Vivado/2022.2\lib\classes\com.sigasi
Launcher Type: generic

[Global flags]
     bool BytecodeVerificationLocal                = false                                     {product} {command line}
     bool BytecodeVerificationRemote               = false                                     {product} {command line}
     intx CICompilerCount                          = 12                                        {product} {ergonomic}
     uint ConcGCThreads                            = 4                                         {product} {ergonomic}
     uint G1ConcRefinementThreads                  = 15                                        {product} {ergonomic}
   size_t G1HeapRegionSize                         = 1048576                                   {product} {ergonomic}
    uintx GCDrainStackTargetSize                   = 64                                        {product} {ergonomic}
   size_t InitialHeapSize                          = 268435456                                 {product} {command line}
   size_t MarkStackSize                            = 4194304                                   {product} {ergonomic}
   size_t MaxHeapSize                              = 3221225472                                {product} {command line}
   size_t MaxNewSize                               = 62914560                                  {product} {command line}
   size_t MinHeapDeltaBytes                        = 1048576                                   {product} {ergonomic}
   size_t NewSize                                  = 62914560                                  {product} {command line}
    uintx NonNMethodCodeHeapSize                   = 7594288                                {pd product} {ergonomic}
    uintx NonProfiledCodeHeapSize                  = 122031976                              {pd product} {ergonomic}
    uintx ProfiledCodeHeapSize                     = 122031976                              {pd product} {ergonomic}
    uintx ReservedCodeCacheSize                    = 251658240                              {pd product} {ergonomic}
     bool SegmentedCodeCache                       = true                                      {product} {ergonomic}
    uintx StringTableSize                          = 4072                                      {product} {command line}
     intx ThreadStackSize                          = 5120                                   {pd product} {command line}
     bool UseCompressedClassPointers               = true                                 {lp64_product} {ergonomic}
     bool UseCompressedOops                        = true                                 {lp64_product} {ergonomic}
     bool UseG1GC                                  = true                                      {product} {ergonomic}
     bool UseLargePagesIndividualAllocation        = false                                  {pd product} {ergonomic}
     bool UsePerfData                              = false                                     {product} {command line}

Logging:
Log output configuration:
 #0: stdout all=warning uptime,level,tags
 #1: stderr all=off uptime,level,tags

Environment Variables:
JAVA_HOME=C:\Users\curti\AppData\Local\Programs\Eclipse Adoptium\jdk-17.0.8.101-hotspot\
PATH=C:/Xilinx/Vivado/2022.2\gnuwin\bin;C:/Xilinx/Vivado/2022.2\gnu\microblaze\nt\bin;C:/Xilinx/Vivado/2022.2/bin;C:/Xilinx/Vivado/2022.2/tps/win64/java-cef-95.0.4638.69/bin/lib/win64;C:/Xilinx/Vivado/2022.2/tps/win64/javafx-sdk-11.0.2/lib;C:/Xilinx/Vivado/2022.2/tps/win64/javafx-sdk-11.0.2/bin;C:/Xilinx/Vivado/2022.2/lib/win64.o;C:/Xilinx/Vivado/2022.2/tps/win64/jre11.0.11_9/bin/server;C:/Xilinx/Vivado/2022.2/tps/win64/jre11.0.11_9/bin;C:/Xilinx/Vitis/2022.2/bin;C:/Xilinx/Vivado/2022.2/ids_lite/ISE/bin/nt64;C:/Xilinx/Vivado/2022.2/ids_lite/ISE/lib/nt64;C:/Xilinx/Vitis_HLS/2022.2/bin;C:\Program Files (x86)\Common Files\Oracle\Java\java8path;C:\Program Files (x86)\Common Files\Oracle\Java\javapath;C:\Windows\system32;C:\Windows;C:\Windows\System32\Wbem;C:\Windows\System32\WindowsPowerShell\v1.0\;C:\Windows\System32\OpenSSH\;C:\Program Files\dotnet\;C:\Program Files (x86)\NVIDIA Corporation\PhysX\Common;C:\Program Files\PuTTY\;C:\Program Files\Git\cmd;C:\Program Files\MATLAB\R2022b\runtime\win64;C:\Program Files\MATLAB\R2022b\bin;C:\cygwin64\bin;C:\Program Files\NVIDIA Corporation\NVIDIA NvDLISR;C:\Python39\;C:\Program Files\GitHub CLI\;C:\Program Files\Docker\Docker\resources\bin;C:\Users\curti\AppData\Local\Programs\Python\Launcher\;C:\Users\curti\AppData\Local\Programs\Eclipse Adoptium\jdk-17.0.8.101-hotspot\bin;C:\Users\curti\AppData\Local\Microsoft\WindowsApps;C:\Users\curti\AppData\Local\Programs\Microsoft VS Code\bin;C:\msys64\mingw64\bin;;C:/Xilinx/Vivado/2022.2\tps\mingw\6.2.0\win64.o\nt\bin;C:/Xilinx/Vivado/2022.2\tps\mingw\6.2.0\win64.o\nt\libexec\gcc\x86_64-w64-mingw32\6.2.0;C:/Xilinx/Vivado/2022.2\tps\win64\python-3.8.3;C:/Xilinx/Vivado/2022.2\tps\win64\python-3.8.3\bin;C:/Xilinx/Vivado/2022.2\tps\win64\python-3.8.3\lib;C:/Xilinx/Vivado/2022.2\tps\win64\python-3.8.3\lib\site-packages
USERNAME=curti
OS=Windows_NT
PROCESSOR_IDENTIFIER=Intel64 Family 6 Model 154 Stepping 3, GenuineIntel



---------------  S Y S T E M  ---------------

OS: Windows 10 , 64 bit Build 22621 (10.0.22621.3958)
OS uptime: 1 days 5:21 hours
Hyper-V role detected

CPU:total 20 (initial active 20) (10 cores per cpu, 2 threads per core) family 6 model 154 stepping 3 microcode 0x434, cmov, cx8, fxsr, mmx, sse, sse2, sse3, ssse3, sse4.1, sse4.2, popcnt, avx, avx2, aes, clmul, erms, 3dnowpref, lzcnt, ht, tsc, tscinvbit, bmi1, bmi2, adx, sha, fma

Memory: 4k page, system-wide physical 32439M (11656M free)
TotalPageFile size 51895M (AvailPageFile size 16027M)
current process WorkingSet (physical memory assigned to process): 1222M, peak: 1328M
current process commit charge ("private bytes"): 1364M, peak: 1393M

vm_info: OpenJDK 64-Bit Server VM (11.0.11+9) for windows-amd64 JRE (11.0.11+9), built on Apr  9 2021 19:32:08 by "" with MS VC++ 15.5 (VS2017)

END.
