#-----------------------------------------------------------
# Vivado v2022.2 (64-bit)
# SW Build 3671981 on Fri Oct 14 05:00:03 MDT 2022
# IP Build 3669848 on Fri Oct 14 08:30:02 MDT 2022
# Start of session at: Fri Nov  1 00:14:28 2024
# Process ID: 25684
# Current directory: C:/Users/curti/OneDrive/Documents/UIUC/ECE-385/Vivado_Projects/lab7_1
# Command line: vivado.exe -gui_launcher_event rodinguilauncherevent7012 C:\Users\curti\OneDrive\Documents\UIUC\ECE-385\Vivado_Projects\lab7_1\lab7_1.xpr
# Log file: C:/Users/curti/OneDrive/Documents/UIUC/ECE-385/Vivado_Projects/lab7_1/vivado.log
# Journal file: C:/Users/curti/OneDrive/Documents/UIUC/ECE-385/Vivado_Projects/lab7_1\vivado.jou
# Running On: Curtis-Laptop, OS: Windows, CPU Frequency: 2688 MHz, CPU Physical cores: 14, Host memory: 34014 MB
#-----------------------------------------------------------
start_gui
open_project C:/Users/curti/OneDrive/Documents/UIUC/ECE-385/Vivado_Projects/lab7_1/lab7_1.xpr
WARNING: [Board 49-26] cannot add Board Part xilinx.com:ac701:part0:1.4 available at C:/Xilinx/Vivado/2022.2/data/xhub/boards/XilinxBoardStore/boards/Xilinx/ac701/1.4/board.xml as part xc7a200tfbg676-2 specified in board_part file is either invalid or not available
WARNING: [Board 49-26] cannot add Board Part xilinx.com:k26c:part0:1.2 available at C:/Xilinx/Vivado/2022.2/data/xhub/boards/XilinxBoardStore/boards/Xilinx/k26c/1.2/board.xml as part xck26-sfvc784-2lv-c specified in board_part file is either invalid or not available
WARNING: [Board 49-26] cannot add Board Part xilinx.com:k26c:part0:1.3 available at C:/Xilinx/Vivado/2022.2/data/xhub/boards/XilinxBoardStore/boards/Xilinx/k26c/1.3/board.xml as part xck26-sfvc784-2lv-c specified in board_part file is either invalid or not available
WARNING: [Board 49-26] cannot add Board Part xilinx.com:k26c:part0:1.4 available at C:/Xilinx/Vivado/2022.2/data/xhub/boards/XilinxBoardStore/boards/Xilinx/k26c/1.4/board.xml as part xck26-sfvc784-2lv-c specified in board_part file is either invalid or not available
WARNING: [Board 49-26] cannot add Board Part xilinx.com:k26i:part0:1.2 available at C:/Xilinx/Vivado/2022.2/data/xhub/boards/XilinxBoardStore/boards/Xilinx/k26i/1.2/board.xml as part xck26-sfvc784-2lvi-i specified in board_part file is either invalid or not available
WARNING: [Board 49-26] cannot add Board Part xilinx.com:k26i:part0:1.3 available at C:/Xilinx/Vivado/2022.2/data/xhub/boards/XilinxBoardStore/boards/Xilinx/k26i/1.3/board.xml as part xck26-sfvc784-2lvi-i specified in board_part file is either invalid or not available
WARNING: [Board 49-26] cannot add Board Part xilinx.com:k26i:part0:1.4 available at C:/Xilinx/Vivado/2022.2/data/xhub/boards/XilinxBoardStore/boards/Xilinx/k26i/1.4/board.xml as part xck26-sfvc784-2lvi-i specified in board_part file is either invalid or not available
WARNING: [Board 49-26] cannot add Board Part xilinx.com:kc705:part0:1.6 available at C:/Xilinx/Vivado/2022.2/data/xhub/boards/XilinxBoardStore/boards/Xilinx/kc705/1.6/board.xml as part xc7k325tffg900-2 specified in board_part file is either invalid or not available
WARNING: [Board 49-26] cannot add Board Part xilinx.com:kcu105:part0:1.6 available at C:/Xilinx/Vivado/2022.2/data/xhub/boards/XilinxBoardStore/boards/Xilinx/kcu105/1.6/board.xml as part xcku040-ffva1156-2-e specified in board_part file is either invalid or not available
WARNING: [Board 49-26] cannot add Board Part xilinx.com:kcu105:part0:1.7 available at C:/Xilinx/Vivado/2022.2/data/xhub/boards/XilinxBoardStore/boards/Xilinx/kcu105/1.7/board.xml as part xcku040-ffva1156-2-e specified in board_part file is either invalid or not available
WARNING: [Board 49-26] cannot add Board Part xilinx.com:kcu116:part0:1.4 available at C:/Xilinx/Vivado/2022.2/data/xhub/boards/XilinxBoardStore/boards/Xilinx/kcu116/1.4/board.xml as part xcku5p-ffvb676-2-e specified in board_part file is either invalid or not available
WARNING: [Board 49-26] cannot add Board Part xilinx.com:kcu116:part0:1.5 available at C:/Xilinx/Vivado/2022.2/data/xhub/boards/XilinxBoardStore/boards/Xilinx/kcu116/1.5/board.xml as part xcku5p-ffvb676-2-e specified in board_part file is either invalid or not available
WARNING: [Board 49-26] cannot add Board Part xilinx.com:kcu1500:part0:1.2 available at C:/Xilinx/Vivado/2022.2/data/xhub/boards/XilinxBoardStore/boards/Xilinx/kcu1500/1.2/board.xml as part xcku115-flvb2104-2-e specified in board_part file is either invalid or not available
WARNING: [Board 49-26] cannot add Board Part xilinx.com:kr260_som:part0:1.0 available at C:/Xilinx/Vivado/2022.2/data/xhub/boards/XilinxBoardStore/boards/Xilinx/kr260_som/1.0/board.xml as part xck26-sfvc784-2lv-c specified in board_part file is either invalid or not available
WARNING: [Board 49-26] cannot add Board Part xilinx.com:kr260_som:part0:1.1 available at C:/Xilinx/Vivado/2022.2/data/xhub/boards/XilinxBoardStore/boards/Xilinx/kr260_som/1.1/board.xml as part xck26-sfvc784-2lv-c specified in board_part file is either invalid or not available
WARNING: [Board 49-26] cannot add Board Part xilinx.com:kv260_som:part0:1.2 available at C:/Xilinx/Vivado/2022.2/data/xhub/boards/XilinxBoardStore/boards/Xilinx/kv260_som/1.2/board.xml as part xck26-sfvc784-2lv-c specified in board_part file is either invalid or not available
WARNING: [Board 49-26] cannot add Board Part xilinx.com:kv260_som:part0:1.3 available at C:/Xilinx/Vivado/2022.2/data/xhub/boards/XilinxBoardStore/boards/Xilinx/kv260_som/1.3/board.xml as part xck26-sfvc784-2lv-c specified in board_part file is either invalid or not available
WARNING: [Board 49-26] cannot add Board Part xilinx.com:kv260_som:part0:1.4 available at C:/Xilinx/Vivado/2022.2/data/xhub/boards/XilinxBoardStore/boards/Xilinx/kv260_som/1.4/board.xml as part xck26-sfvc784-2lv-c specified in board_part file is either invalid or not available
WARNING: [Board 49-26] cannot add Board Part xilinx.com:vc707:part0:1.4 available at C:/Xilinx/Vivado/2022.2/data/xhub/boards/XilinxBoardStore/boards/Xilinx/vc707/1.4/board.xml as part xc7vx485tffg1761-2 specified in board_part file is either invalid or not available
WARNING: [Board 49-26] cannot add Board Part xilinx.com:vc709:part0:1.8 available at C:/Xilinx/Vivado/2022.2/data/xhub/boards/XilinxBoardStore/boards/Xilinx/vc709/1.8/board.xml as part xc7vx690tffg1761-2 specified in board_part file is either invalid or not available
WARNING: [Board 49-26] cannot add Board Part xilinx.com:vck190:part0:2.2 available at C:/Xilinx/Vivado/2022.2/data/xhub/boards/XilinxBoardStore/boards/Xilinx/vck190/production/2.2/board.xml as part xcvc1902-vsva2197-2mp-e-s specified in board_part file is either invalid or not available
WARNING: [Board 49-26] cannot add Board Part xilinx.com:vck190:part0:3.0 available at C:/Xilinx/Vivado/2022.2/data/xhub/boards/XilinxBoardStore/boards/Xilinx/vck190/production/3.0/board.xml as part xcvc1902-vsva2197-2mp-e-s specified in board_part file is either invalid or not available
WARNING: [Board 49-26] cannot add Board Part xilinx.com:vck190:part0:3.1 available at C:/Xilinx/Vivado/2022.2/data/xhub/boards/XilinxBoardStore/boards/Xilinx/vck190/production/3.1/board.xml as part xcvc1902-vsva2197-2mp-e-s specified in board_part file is either invalid or not available
WARNING: [Board 49-26] cannot add Board Part xilinx.com:vck190_newl:part0:1.0 available at C:/Xilinx/Vivado/2022.2/data/xhub/boards/XilinxBoardStore/boards/Xilinx/vck190_newl/production/1.0/board.xml as part xcvc1902-vsva2197-2mp-e-s specified in board_part file is either invalid or not available
WARNING: [Board 49-26] cannot add Board Part xilinx.com:vcu108:part0:1.6 available at C:/Xilinx/Vivado/2022.2/data/xhub/boards/XilinxBoardStore/boards/Xilinx/vcu108/1.6/board.xml as part xcvu095-ffva2104-2-e specified in board_part file is either invalid or not available
WARNING: [Board 49-26] cannot add Board Part xilinx.com:vcu108:part0:1.7 available at C:/Xilinx/Vivado/2022.2/data/xhub/boards/XilinxBoardStore/boards/Xilinx/vcu108/1.7/board.xml as part xcvu095-ffva2104-2-e specified in board_part file is either invalid or not available
WARNING: [Board 49-26] cannot add Board Part xilinx.com:vcu110:part0:1.4 available at C:/Xilinx/Vivado/2022.2/data/xhub/boards/XilinxBoardStore/boards/Xilinx/vcu110/1.4/board.xml as part xcvu190-flgc2104-2-e specified in board_part file is either invalid or not available
WARNING: [Board 49-26] cannot add Board Part xilinx.com:vcu118:part0:2.0 available at C:/Xilinx/Vivado/2022.2/data/xhub/boards/XilinxBoardStore/boards/Xilinx/vcu118/2.0/board.xml as part xcvu9p-flga2104-2l-e specified in board_part file is either invalid or not available
WARNING: [Board 49-26] cannot add Board Part xilinx.com:vcu118:part0:2.3 available at C:/Xilinx/Vivado/2022.2/data/xhub/boards/XilinxBoardStore/boards/Xilinx/vcu118/2.3/board.xml as part xcvu9p-flga2104-2l-e specified in board_part file is either invalid or not available
WARNING: [Board 49-26] cannot add Board Part xilinx.com:vcu118:part0:2.4 available at C:/Xilinx/Vivado/2022.2/data/xhub/boards/XilinxBoardStore/boards/Xilinx/vcu118/2.4/board.xml as part xcvu9p-flga2104-2l-e specified in board_part file is either invalid or not available
WARNING: [Board 49-26] cannot add Board Part xilinx.com:vcu128:part0:1.0 available at C:/Xilinx/Vivado/2022.2/data/xhub/boards/XilinxBoardStore/boards/Xilinx/vcu128/production/1.0/board.xml as part xcvu37p-fsvh2892-2l-e specified in board_part file is either invalid or not available
WARNING: [Board 49-26] cannot add Board Part xilinx.com:vcu129:part0:1.0 available at C:/Xilinx/Vivado/2022.2/data/xhub/boards/XilinxBoardStore/boards/Xilinx/vcu129/production/1.0/board.xml as part xcvu29p-fsga2577-2l-e specified in board_part file is either invalid or not available
WARNING: [Board 49-26] cannot add Board Part xilinx.com:vcu1525:part0:1.3 available at C:/Xilinx/Vivado/2022.2/data/xhub/boards/XilinxBoardStore/boards/Xilinx/vcu1525/1.3/board.xml as part xcvu9p-fsgd2104-2l-e specified in board_part file is either invalid or not available
WARNING: [Board 49-26] cannot add Board Part xilinx.com:vek280_es:part0:1.0 available at C:/Xilinx/Vivado/2022.2/data/xhub/boards/XilinxBoardStore/boards/Xilinx/vek280/es/1.0/board.xml as part xcve2802-vsvh1760-2lp-e-s-es1 specified in board_part file is either invalid or not available
WARNING: [Board 49-26] cannot add Board Part xilinx.com:vermeo_t1_mpsoc:part0:1.0 available at C:/Xilinx/Vivado/2022.2/data/xhub/boards/XilinxBoardStore/boards/Xilinx/vermeo_t1_mpsoc/1.0/board.xml as part xczu19eg-ffvd1760-2l-e specified in board_part file is either invalid or not available
WARNING: [Board 49-26] cannot add Board Part xilinx.com:vermeo_t1_rfsoc:part0:1.0 available at C:/Xilinx/Vivado/2022.2/data/xhub/boards/XilinxBoardStore/boards/Xilinx/vermeo_t1_rfsoc/1.0/board.xml as part xczu21dr-ffvd1156-2l-e specified in board_part file is either invalid or not available
WARNING: [Board 49-26] cannot add Board Part xilinx.com:vhk158_es:part0:1.0 available at C:/Xilinx/Vivado/2022.2/data/xhub/boards/XilinxBoardStore/boards/Xilinx/vhk158/es/1.0/board.xml as part xcvh1582-vsva3697-2mp-e-s-es1 specified in board_part file is either invalid or not available
WARNING: [Board 49-26] cannot add Board Part xilinx.com:vmk180:part0:2.2 available at C:/Xilinx/Vivado/2022.2/data/xhub/boards/XilinxBoardStore/boards/Xilinx/vmk180/production/2.2/board.xml as part xcvm1802-vsva2197-2mp-e-s specified in board_part file is either invalid or not available
WARNING: [Board 49-26] cannot add Board Part xilinx.com:vmk180:part0:3.0 available at C:/Xilinx/Vivado/2022.2/data/xhub/boards/XilinxBoardStore/boards/Xilinx/vmk180/production/3.0/board.xml as part xcvm1802-vsva2197-2mp-e-s specified in board_part file is either invalid or not available
WARNING: [Board 49-26] cannot add Board Part xilinx.com:vmk180:part0:3.1 available at C:/Xilinx/Vivado/2022.2/data/xhub/boards/XilinxBoardStore/boards/Xilinx/vmk180/production/3.1/board.xml as part xcvm1802-vsva2197-2mp-e-s specified in board_part file is either invalid or not available
WARNING: [Board 49-26] cannot add Board Part xilinx.com:vmk180_newl:part0:1.0 available at C:/Xilinx/Vivado/2022.2/data/xhub/boards/XilinxBoardStore/boards/Xilinx/vmk180_newl/production/1.0/board.xml as part xcvm1802-vsva2197-2mp-e-s specified in board_part file is either invalid or not available
WARNING: [Board 49-26] cannot add Board Part xilinx.com:vpk120:part0:1.0 available at C:/Xilinx/Vivado/2022.2/data/xhub/boards/XilinxBoardStore/boards/Xilinx/vpk120/production/1.0/board.xml as part xcvp1202-vsva2785-2mp-e-s specified in board_part file is either invalid or not available
WARNING: [Board 49-26] cannot add Board Part xilinx.com:vpk120_es:part0:1.2 available at C:/Xilinx/Vivado/2022.2/data/xhub/boards/XilinxBoardStore/boards/Xilinx/vpk120/es/1.2/board.xml as part xcvp1202-vsva2785-2mp-e-s-es1 specified in board_part file is either invalid or not available
WARNING: [Board 49-26] cannot add Board Part xilinx.com:vpk120_es_revb:part0:1.0 available at C:/Xilinx/Vivado/2022.2/data/xhub/boards/XilinxBoardStore/boards/Xilinx/vpk120_revb/es/1.0/board.xml as part xcvp1202-vsva2785-2mp-e-s-es1 specified in board_part file is either invalid or not available
WARNING: [Board 49-26] cannot add Board Part xilinx.com:vpk180_es:part0:1.0 available at C:/Xilinx/Vivado/2022.2/data/xhub/boards/XilinxBoardStore/boards/Xilinx/vpk180/es/1.0/board.xml as part xcvp1802-lsvc4072-2mp-e-s-es1 specified in board_part file is either invalid or not available
WARNING: [Board 49-26] cannot add Board Part xilinx.com:zc702:part0:1.4 available at C:/Xilinx/Vivado/2022.2/data/xhub/boards/XilinxBoardStore/boards/Xilinx/zc702/1.4/board.xml as part xc7z020clg484-1 specified in board_part file is either invalid or not available
WARNING: [Board 49-26] cannot add Board Part xilinx.com:zc706:part0:1.4 available at C:/Xilinx/Vivado/2022.2/data/xhub/boards/XilinxBoardStore/boards/Xilinx/zc706/1.4/board.xml as part xc7z045ffg900-2 specified in board_part file is either invalid or not available
WARNING: [Board 49-26] cannot add Board Part xilinx.com:zcu102:part0:3.3 available at C:/Xilinx/Vivado/2022.2/data/xhub/boards/XilinxBoardStore/boards/Xilinx/zcu102/3.3/board.xml as part xczu9eg-ffvb1156-2-e specified in board_part file is either invalid or not available
WARNING: [Board 49-26] cannot add Board Part xilinx.com:zcu102:part0:3.4 available at C:/Xilinx/Vivado/2022.2/data/xhub/boards/XilinxBoardStore/boards/Xilinx/zcu102/3.4/board.xml as part xczu9eg-ffvb1156-2-e specified in board_part file is either invalid or not available
WARNING: [Board 49-26] cannot add Board Part xilinx.com:zcu104:part0:1.1 available at C:/Xilinx/Vivado/2022.2/data/xhub/boards/XilinxBoardStore/boards/Xilinx/zcu104/1.1/board.xml as part xczu7ev-ffvc1156-2-e specified in board_part file is either invalid or not available
WARNING: [Board 49-26] cannot add Board Part xilinx.com:zcu106:part0:2.4 available at C:/Xilinx/Vivado/2022.2/data/xhub/boards/XilinxBoardStore/boards/Xilinx/zcu106/2.4/board.xml as part xczu7ev-ffvc1156-2-e specified in board_part file is either invalid or not available
WARNING: [Board 49-26] cannot add Board Part xilinx.com:zcu106:part0:2.5 available at C:/Xilinx/Vivado/2022.2/data/xhub/boards/XilinxBoardStore/boards/Xilinx/zcu106/2.5/board.xml as part xczu7ev-ffvc1156-2-e specified in board_part file is either invalid or not available
WARNING: [Board 49-26] cannot add Board Part xilinx.com:zcu106:part0:2.6 available at C:/Xilinx/Vivado/2022.2/data/xhub/boards/XilinxBoardStore/boards/Xilinx/zcu106/2.6/board.xml as part xczu7ev-ffvc1156-2-e specified in board_part file is either invalid or not available
WARNING: [Board 49-26] cannot add Board Part xilinx.com:zcu111:part0:1.2 available at C:/Xilinx/Vivado/2022.2/data/xhub/boards/XilinxBoardStore/boards/Xilinx/zcu111/1.2/board.xml as part xczu28dr-ffvg1517-2-e specified in board_part file is either invalid or not available
WARNING: [Board 49-26] cannot add Board Part xilinx.com:zcu111:part0:1.3 available at C:/Xilinx/Vivado/2022.2/data/xhub/boards/XilinxBoardStore/boards/Xilinx/zcu111/1.3/board.xml as part xczu28dr-ffvg1517-2-e specified in board_part file is either invalid or not available
WARNING: [Board 49-26] cannot add Board Part xilinx.com:zcu111:part0:1.4 available at C:/Xilinx/Vivado/2022.2/data/xhub/boards/XilinxBoardStore/boards/Xilinx/zcu111/1.4/board.xml as part xczu28dr-ffvg1517-2-e specified in board_part file is either invalid or not available
WARNING: [Board 49-26] cannot add Board Part xilinx.com:zcu1275:part0:1.0 available at C:/Xilinx/Vivado/2022.2/data/xhub/boards/XilinxBoardStore/boards/Xilinx/zcu1275/1.0/board.xml as part xczu29dr-ffvf1760-2-e specified in board_part file is either invalid or not available
WARNING: [Board 49-26] cannot add Board Part xilinx.com:zcu1285:part0:1.0 available at C:/Xilinx/Vivado/2022.2/data/xhub/boards/XilinxBoardStore/boards/Xilinx/zcu1285/1.0/board.xml as part xczu39dr-ffvf1760-2-i specified in board_part file is either invalid or not available
WARNING: [Board 49-26] cannot add Board Part xilinx.com:zcu208:part0:2.0 available at C:/Xilinx/Vivado/2022.2/data/xhub/boards/XilinxBoardStore/boards/Xilinx/zcu208/production/2.0/board.xml as part xczu48dr-fsvg1517-2-e specified in board_part file is either invalid or not available
WARNING: [Board 49-26] cannot add Board Part xilinx.com:zcu208ld:part0:2.0 available at C:/Xilinx/Vivado/2022.2/data/xhub/boards/XilinxBoardStore/boards/Xilinx/zcu208ld/production/2.0/board.xml as part xczu58dr-fsvg1517-2-i specified in board_part file is either invalid or not available
WARNING: [Board 49-26] cannot add Board Part xilinx.com:zcu216:part0:2.0 available at C:/Xilinx/Vivado/2022.2/data/xhub/boards/XilinxBoardStore/boards/Xilinx/zcu216/production/2.0/board.xml as part xczu49dr-ffvf1760-2-e specified in board_part file is either invalid or not available
WARNING: [Board 49-26] cannot add Board Part xilinx.com:zcu216ld:part0:2.0 available at C:/Xilinx/Vivado/2022.2/data/xhub/boards/XilinxBoardStore/boards/Xilinx/zcu216ld/production/2.0/board.xml as part xczu59dr-ffvf1760-2-i specified in board_part file is either invalid or not available
WARNING: [Board 49-26] cannot add Board Part xilinx.com:zcu670:part0:2.0 available at C:/Xilinx/Vivado/2022.2/data/xhub/boards/XilinxBoardStore/boards/Xilinx/zcu670/2.0/board.xml as part xczu67dr-fsve1156-2-i specified in board_part file is either invalid or not available
WARNING: [Board 49-26] cannot add Board Part xilinx.com:zcu670ld:part0:1.0 available at C:/Xilinx/Vivado/2022.2/data/xhub/boards/XilinxBoardStore/boards/Xilinx/zcu670ld/1.0/board.xml as part xczu57dr-fsve1156-2-i specified in board_part file is either invalid or not available
Scanning sources...
Finished scanning sources
INFO: [IP_Flow 19-234] Refreshing IP repositories
INFO: [IP_Flow 19-1700] Loaded user IP repository 'c:/Users/curti/OneDrive/Documents/UIUC/ECE-385/Vivado_Projects/ip_repo/hdmi_text_controller_1_0'.
WARNING: [IP_Flow 19-2207] Repository 'c:/Users/curti/OneDrive/Documents/UIUC/ECE-385/Vivado_Projects/ip_repo/hdmi_text_controller_1_0' already exists; ignoring attempt to add it again.
INFO: [IP_Flow 19-1700] Loaded user IP repository 'c:/Users/curti/OneDrive/Documents/UIUC/ECE-385/Vivado_Projects/ip_repo/hdmi_text_controller_1_0'.
INFO: [IP_Flow 19-1700] Loaded user IP repository 'c:/Users/curti/OneDrive/Documents/UIUC/ECE-385/Vivado_Projects/lab7_1/lab7_1_provided_fa24/hdmi_tx_1.0'.
INFO: [IP_Flow 19-2313] Loaded Vivado IP repository 'C:/Xilinx/Vivado/2022.2/data/ip'.
WARNING: [IP_Flow 19-3664] IP 'design_1_hdmi_text_controller_0_1' generated file not found 'c:/Users/curti/OneDrive/Documents/UIUC/ECE-385/Vivado_Projects/lab7_1/lab7_1.gen/sources_1/bd/design_1/ip/design_1_hdmi_text_controller_0_1/design_1_hdmi_text_controller_0_1.dcp'. Please regenerate to continue.
WARNING: [IP_Flow 19-3664] IP 'design_1_hdmi_text_controller_0_1' generated file not found 'c:/Users/curti/OneDrive/Documents/UIUC/ECE-385/Vivado_Projects/lab7_1/lab7_1.gen/sources_1/bd/design_1/ip/design_1_hdmi_text_controller_0_1/design_1_hdmi_text_controller_0_1_stub.v'. Please regenerate to continue.
WARNING: [IP_Flow 19-3664] IP 'design_1_hdmi_text_controller_0_1' generated file not found 'c:/Users/curti/OneDrive/Documents/UIUC/ECE-385/Vivado_Projects/lab7_1/lab7_1.gen/sources_1/bd/design_1/ip/design_1_hdmi_text_controller_0_1/design_1_hdmi_text_controller_0_1_stub.vhdl'. Please regenerate to continue.
WARNING: [IP_Flow 19-3664] IP 'design_1_hdmi_text_controller_0_1' generated file not found 'c:/Users/curti/OneDrive/Documents/UIUC/ECE-385/Vivado_Projects/lab7_1/lab7_1.gen/sources_1/bd/design_1/ip/design_1_hdmi_text_controller_0_1/design_1_hdmi_text_controller_0_1_sim_netlist.v'. Please regenerate to continue.
WARNING: [IP_Flow 19-3664] IP 'design_1_hdmi_text_controller_0_1' generated file not found 'c:/Users/curti/OneDrive/Documents/UIUC/ECE-385/Vivado_Projects/lab7_1/lab7_1.gen/sources_1/bd/design_1/ip/design_1_hdmi_text_controller_0_1/design_1_hdmi_text_controller_0_1_sim_netlist.vhdl'. Please regenerate to continue.
open_project: Time (s): cpu = 00:00:07 ; elapsed = 00:00:08 . Memory (MB): peak = 1208.676 ; gain = 257.254
update_compile_order -fileset sources_1
ipx::edit_ip_in_project -upgrade true -name hdmi_text_controller_v1_0_project -directory C:/Users/curti/OneDrive/Documents/UIUC/ECE-385/Vivado_Projects/lab7_1/lab7_1.tmp/hdmi_text_controller_v1_0_project c:/Users/curti/OneDrive/Documents/UIUC/ECE-385/Vivado_Projects/ip_repo/hdmi_text_controller_1_0/component.xml
INFO: [ProjectBase 1-489] The host OS only allows 260 characters in a normal path. The project is stored in a path with more than 80 characters. If you experience issues with IP, Block Designs, or files not being found, please consider moving the project to a location with a shorter path. Alternately consider using the OS subst command to map part of the path to a drive letter.
Current project path is 'c:/users/curti/onedrive/documents/uiuc/ece-385/vivado_projects/lab7_1/lab7_1.tmp/hdmi_text_controller_v1_0_project'
INFO: [IP_Flow 19-234] Refreshing IP repositories
INFO: [IP_Flow 19-1704] No user IP repositories specified
INFO: [IP_Flow 19-2313] Loaded Vivado IP repository 'C:/Xilinx/Vivado/2022.2/data/ip'.
WARNING: [Board 49-26] cannot add Board Part xilinx.com:ac701:part0:1.4 available at C:/Xilinx/Vivado/2022.2/data/xhub/boards/XilinxBoardStore/boards/Xilinx/ac701/1.4/board.xml as part xc7a200tfbg676-2 specified in board_part file is either invalid or not available
WARNING: [Board 49-26] cannot add Board Part xilinx.com:k26c:part0:1.2 available at C:/Xilinx/Vivado/2022.2/data/xhub/boards/XilinxBoardStore/boards/Xilinx/k26c/1.2/board.xml as part xck26-sfvc784-2lv-c specified in board_part file is either invalid or not available
WARNING: [Board 49-26] cannot add Board Part xilinx.com:k26c:part0:1.3 available at C:/Xilinx/Vivado/2022.2/data/xhub/boards/XilinxBoardStore/boards/Xilinx/k26c/1.3/board.xml as part xck26-sfvc784-2lv-c specified in board_part file is either invalid or not available
WARNING: [Board 49-26] cannot add Board Part xilinx.com:k26c:part0:1.4 available at C:/Xilinx/Vivado/2022.2/data/xhub/boards/XilinxBoardStore/boards/Xilinx/k26c/1.4/board.xml as part xck26-sfvc784-2lv-c specified in board_part file is either invalid or not available
WARNING: [Board 49-26] cannot add Board Part xilinx.com:k26i:part0:1.2 available at C:/Xilinx/Vivado/2022.2/data/xhub/boards/XilinxBoardStore/boards/Xilinx/k26i/1.2/board.xml as part xck26-sfvc784-2lvi-i specified in board_part file is either invalid or not available
WARNING: [Board 49-26] cannot add Board Part xilinx.com:k26i:part0:1.3 available at C:/Xilinx/Vivado/2022.2/data/xhub/boards/XilinxBoardStore/boards/Xilinx/k26i/1.3/board.xml as part xck26-sfvc784-2lvi-i specified in board_part file is either invalid or not available
WARNING: [Board 49-26] cannot add Board Part xilinx.com:k26i:part0:1.4 available at C:/Xilinx/Vivado/2022.2/data/xhub/boards/XilinxBoardStore/boards/Xilinx/k26i/1.4/board.xml as part xck26-sfvc784-2lvi-i specified in board_part file is either invalid or not available
WARNING: [Board 49-26] cannot add Board Part xilinx.com:kc705:part0:1.6 available at C:/Xilinx/Vivado/2022.2/data/xhub/boards/XilinxBoardStore/boards/Xilinx/kc705/1.6/board.xml as part xc7k325tffg900-2 specified in board_part file is either invalid or not available
WARNING: [Board 49-26] cannot add Board Part xilinx.com:kcu105:part0:1.6 available at C:/Xilinx/Vivado/2022.2/data/xhub/boards/XilinxBoardStore/boards/Xilinx/kcu105/1.6/board.xml as part xcku040-ffva1156-2-e specified in board_part file is either invalid or not available
WARNING: [Board 49-26] cannot add Board Part xilinx.com:kcu105:part0:1.7 available at C:/Xilinx/Vivado/2022.2/data/xhub/boards/XilinxBoardStore/boards/Xilinx/kcu105/1.7/board.xml as part xcku040-ffva1156-2-e specified in board_part file is either invalid or not available
WARNING: [Board 49-26] cannot add Board Part xilinx.com:kcu116:part0:1.4 available at C:/Xilinx/Vivado/2022.2/data/xhub/boards/XilinxBoardStore/boards/Xilinx/kcu116/1.4/board.xml as part xcku5p-ffvb676-2-e specified in board_part file is either invalid or not available
WARNING: [Board 49-26] cannot add Board Part xilinx.com:kcu116:part0:1.5 available at C:/Xilinx/Vivado/2022.2/data/xhub/boards/XilinxBoardStore/boards/Xilinx/kcu116/1.5/board.xml as part xcku5p-ffvb676-2-e specified in board_part file is either invalid or not available
WARNING: [Board 49-26] cannot add Board Part xilinx.com:kcu1500:part0:1.2 available at C:/Xilinx/Vivado/2022.2/data/xhub/boards/XilinxBoardStore/boards/Xilinx/kcu1500/1.2/board.xml as part xcku115-flvb2104-2-e specified in board_part file is either invalid or not available
WARNING: [Board 49-26] cannot add Board Part xilinx.com:kr260_som:part0:1.0 available at C:/Xilinx/Vivado/2022.2/data/xhub/boards/XilinxBoardStore/boards/Xilinx/kr260_som/1.0/board.xml as part xck26-sfvc784-2lv-c specified in board_part file is either invalid or not available
WARNING: [Board 49-26] cannot add Board Part xilinx.com:kr260_som:part0:1.1 available at C:/Xilinx/Vivado/2022.2/data/xhub/boards/XilinxBoardStore/boards/Xilinx/kr260_som/1.1/board.xml as part xck26-sfvc784-2lv-c specified in board_part file is either invalid or not available
WARNING: [Board 49-26] cannot add Board Part xilinx.com:kv260_som:part0:1.2 available at C:/Xilinx/Vivado/2022.2/data/xhub/boards/XilinxBoardStore/boards/Xilinx/kv260_som/1.2/board.xml as part xck26-sfvc784-2lv-c specified in board_part file is either invalid or not available
WARNING: [Board 49-26] cannot add Board Part xilinx.com:kv260_som:part0:1.3 available at C:/Xilinx/Vivado/2022.2/data/xhub/boards/XilinxBoardStore/boards/Xilinx/kv260_som/1.3/board.xml as part xck26-sfvc784-2lv-c specified in board_part file is either invalid or not available
WARNING: [Board 49-26] cannot add Board Part xilinx.com:kv260_som:part0:1.4 available at C:/Xilinx/Vivado/2022.2/data/xhub/boards/XilinxBoardStore/boards/Xilinx/kv260_som/1.4/board.xml as part xck26-sfvc784-2lv-c specified in board_part file is either invalid or not available
WARNING: [Board 49-26] cannot add Board Part xilinx.com:vc707:part0:1.4 available at C:/Xilinx/Vivado/2022.2/data/xhub/boards/XilinxBoardStore/boards/Xilinx/vc707/1.4/board.xml as part xc7vx485tffg1761-2 specified in board_part file is either invalid or not available
WARNING: [Board 49-26] cannot add Board Part xilinx.com:vc709:part0:1.8 available at C:/Xilinx/Vivado/2022.2/data/xhub/boards/XilinxBoardStore/boards/Xilinx/vc709/1.8/board.xml as part xc7vx690tffg1761-2 specified in board_part file is either invalid or not available
WARNING: [Board 49-26] cannot add Board Part xilinx.com:vck190:part0:2.2 available at C:/Xilinx/Vivado/2022.2/data/xhub/boards/XilinxBoardStore/boards/Xilinx/vck190/production/2.2/board.xml as part xcvc1902-vsva2197-2mp-e-s specified in board_part file is either invalid or not available
WARNING: [Board 49-26] cannot add Board Part xilinx.com:vck190:part0:3.0 available at C:/Xilinx/Vivado/2022.2/data/xhub/boards/XilinxBoardStore/boards/Xilinx/vck190/production/3.0/board.xml as part xcvc1902-vsva2197-2mp-e-s specified in board_part file is either invalid or not available
WARNING: [Board 49-26] cannot add Board Part xilinx.com:vck190:part0:3.1 available at C:/Xilinx/Vivado/2022.2/data/xhub/boards/XilinxBoardStore/boards/Xilinx/vck190/production/3.1/board.xml as part xcvc1902-vsva2197-2mp-e-s specified in board_part file is either invalid or not available
WARNING: [Board 49-26] cannot add Board Part xilinx.com:vck190_newl:part0:1.0 available at C:/Xilinx/Vivado/2022.2/data/xhub/boards/XilinxBoardStore/boards/Xilinx/vck190_newl/production/1.0/board.xml as part xcvc1902-vsva2197-2mp-e-s specified in board_part file is either invalid or not available
WARNING: [Board 49-26] cannot add Board Part xilinx.com:vcu108:part0:1.6 available at C:/Xilinx/Vivado/2022.2/data/xhub/boards/XilinxBoardStore/boards/Xilinx/vcu108/1.6/board.xml as part xcvu095-ffva2104-2-e specified in board_part file is either invalid or not available
WARNING: [Board 49-26] cannot add Board Part xilinx.com:vcu108:part0:1.7 available at C:/Xilinx/Vivado/2022.2/data/xhub/boards/XilinxBoardStore/boards/Xilinx/vcu108/1.7/board.xml as part xcvu095-ffva2104-2-e specified in board_part file is either invalid or not available
WARNING: [Board 49-26] cannot add Board Part xilinx.com:vcu110:part0:1.4 available at C:/Xilinx/Vivado/2022.2/data/xhub/boards/XilinxBoardStore/boards/Xilinx/vcu110/1.4/board.xml as part xcvu190-flgc2104-2-e specified in board_part file is either invalid or not available
WARNING: [Board 49-26] cannot add Board Part xilinx.com:vcu118:part0:2.0 available at C:/Xilinx/Vivado/2022.2/data/xhub/boards/XilinxBoardStore/boards/Xilinx/vcu118/2.0/board.xml as part xcvu9p-flga2104-2l-e specified in board_part file is either invalid or not available
WARNING: [Board 49-26] cannot add Board Part xilinx.com:vcu118:part0:2.3 available at C:/Xilinx/Vivado/2022.2/data/xhub/boards/XilinxBoardStore/boards/Xilinx/vcu118/2.3/board.xml as part xcvu9p-flga2104-2l-e specified in board_part file is either invalid or not available
WARNING: [Board 49-26] cannot add Board Part xilinx.com:vcu118:part0:2.4 available at C:/Xilinx/Vivado/2022.2/data/xhub/boards/XilinxBoardStore/boards/Xilinx/vcu118/2.4/board.xml as part xcvu9p-flga2104-2l-e specified in board_part file is either invalid or not available
WARNING: [Board 49-26] cannot add Board Part xilinx.com:vcu128:part0:1.0 available at C:/Xilinx/Vivado/2022.2/data/xhub/boards/XilinxBoardStore/boards/Xilinx/vcu128/production/1.0/board.xml as part xcvu37p-fsvh2892-2l-e specified in board_part file is either invalid or not available
WARNING: [Board 49-26] cannot add Board Part xilinx.com:vcu129:part0:1.0 available at C:/Xilinx/Vivado/2022.2/data/xhub/boards/XilinxBoardStore/boards/Xilinx/vcu129/production/1.0/board.xml as part xcvu29p-fsga2577-2l-e specified in board_part file is either invalid or not available
WARNING: [Board 49-26] cannot add Board Part xilinx.com:vcu1525:part0:1.3 available at C:/Xilinx/Vivado/2022.2/data/xhub/boards/XilinxBoardStore/boards/Xilinx/vcu1525/1.3/board.xml as part xcvu9p-fsgd2104-2l-e specified in board_part file is either invalid or not available
WARNING: [Board 49-26] cannot add Board Part xilinx.com:vek280_es:part0:1.0 available at C:/Xilinx/Vivado/2022.2/data/xhub/boards/XilinxBoardStore/boards/Xilinx/vek280/es/1.0/board.xml as part xcve2802-vsvh1760-2lp-e-s-es1 specified in board_part file is either invalid or not available
WARNING: [Board 49-26] cannot add Board Part xilinx.com:vermeo_t1_mpsoc:part0:1.0 available at C:/Xilinx/Vivado/2022.2/data/xhub/boards/XilinxBoardStore/boards/Xilinx/vermeo_t1_mpsoc/1.0/board.xml as part xczu19eg-ffvd1760-2l-e specified in board_part file is either invalid or not available
WARNING: [Board 49-26] cannot add Board Part xilinx.com:vermeo_t1_rfsoc:part0:1.0 available at C:/Xilinx/Vivado/2022.2/data/xhub/boards/XilinxBoardStore/boards/Xilinx/vermeo_t1_rfsoc/1.0/board.xml as part xczu21dr-ffvd1156-2l-e specified in board_part file is either invalid or not available
WARNING: [Board 49-26] cannot add Board Part xilinx.com:vhk158_es:part0:1.0 available at C:/Xilinx/Vivado/2022.2/data/xhub/boards/XilinxBoardStore/boards/Xilinx/vhk158/es/1.0/board.xml as part xcvh1582-vsva3697-2mp-e-s-es1 specified in board_part file is either invalid or not available
WARNING: [Board 49-26] cannot add Board Part xilinx.com:vmk180:part0:2.2 available at C:/Xilinx/Vivado/2022.2/data/xhub/boards/XilinxBoardStore/boards/Xilinx/vmk180/production/2.2/board.xml as part xcvm1802-vsva2197-2mp-e-s specified in board_part file is either invalid or not available
WARNING: [Board 49-26] cannot add Board Part xilinx.com:vmk180:part0:3.0 available at C:/Xilinx/Vivado/2022.2/data/xhub/boards/XilinxBoardStore/boards/Xilinx/vmk180/production/3.0/board.xml as part xcvm1802-vsva2197-2mp-e-s specified in board_part file is either invalid or not available
WARNING: [Board 49-26] cannot add Board Part xilinx.com:vmk180:part0:3.1 available at C:/Xilinx/Vivado/2022.2/data/xhub/boards/XilinxBoardStore/boards/Xilinx/vmk180/production/3.1/board.xml as part xcvm1802-vsva2197-2mp-e-s specified in board_part file is either invalid or not available
WARNING: [Board 49-26] cannot add Board Part xilinx.com:vmk180_newl:part0:1.0 available at C:/Xilinx/Vivado/2022.2/data/xhub/boards/XilinxBoardStore/boards/Xilinx/vmk180_newl/production/1.0/board.xml as part xcvm1802-vsva2197-2mp-e-s specified in board_part file is either invalid or not available
WARNING: [Board 49-26] cannot add Board Part xilinx.com:vpk120:part0:1.0 available at C:/Xilinx/Vivado/2022.2/data/xhub/boards/XilinxBoardStore/boards/Xilinx/vpk120/production/1.0/board.xml as part xcvp1202-vsva2785-2mp-e-s specified in board_part file is either invalid or not available
WARNING: [Board 49-26] cannot add Board Part xilinx.com:vpk120_es:part0:1.2 available at C:/Xilinx/Vivado/2022.2/data/xhub/boards/XilinxBoardStore/boards/Xilinx/vpk120/es/1.2/board.xml as part xcvp1202-vsva2785-2mp-e-s-es1 specified in board_part file is either invalid or not available
WARNING: [Board 49-26] cannot add Board Part xilinx.com:vpk120_es_revb:part0:1.0 available at C:/Xilinx/Vivado/2022.2/data/xhub/boards/XilinxBoardStore/boards/Xilinx/vpk120_revb/es/1.0/board.xml as part xcvp1202-vsva2785-2mp-e-s-es1 specified in board_part file is either invalid or not available
WARNING: [Board 49-26] cannot add Board Part xilinx.com:vpk180_es:part0:1.0 available at C:/Xilinx/Vivado/2022.2/data/xhub/boards/XilinxBoardStore/boards/Xilinx/vpk180/es/1.0/board.xml as part xcvp1802-lsvc4072-2mp-e-s-es1 specified in board_part file is either invalid or not available
WARNING: [Board 49-26] cannot add Board Part xilinx.com:zc702:part0:1.4 available at C:/Xilinx/Vivado/2022.2/data/xhub/boards/XilinxBoardStore/boards/Xilinx/zc702/1.4/board.xml as part xc7z020clg484-1 specified in board_part file is either invalid or not available
WARNING: [Board 49-26] cannot add Board Part xilinx.com:zc706:part0:1.4 available at C:/Xilinx/Vivado/2022.2/data/xhub/boards/XilinxBoardStore/boards/Xilinx/zc706/1.4/board.xml as part xc7z045ffg900-2 specified in board_part file is either invalid or not available
WARNING: [Board 49-26] cannot add Board Part xilinx.com:zcu102:part0:3.3 available at C:/Xilinx/Vivado/2022.2/data/xhub/boards/XilinxBoardStore/boards/Xilinx/zcu102/3.3/board.xml as part xczu9eg-ffvb1156-2-e specified in board_part file is either invalid or not available
WARNING: [Board 49-26] cannot add Board Part xilinx.com:zcu102:part0:3.4 available at C:/Xilinx/Vivado/2022.2/data/xhub/boards/XilinxBoardStore/boards/Xilinx/zcu102/3.4/board.xml as part xczu9eg-ffvb1156-2-e specified in board_part file is either invalid or not available
WARNING: [Board 49-26] cannot add Board Part xilinx.com:zcu104:part0:1.1 available at C:/Xilinx/Vivado/2022.2/data/xhub/boards/XilinxBoardStore/boards/Xilinx/zcu104/1.1/board.xml as part xczu7ev-ffvc1156-2-e specified in board_part file is either invalid or not available
WARNING: [Board 49-26] cannot add Board Part xilinx.com:zcu106:part0:2.4 available at C:/Xilinx/Vivado/2022.2/data/xhub/boards/XilinxBoardStore/boards/Xilinx/zcu106/2.4/board.xml as part xczu7ev-ffvc1156-2-e specified in board_part file is either invalid or not available
WARNING: [Board 49-26] cannot add Board Part xilinx.com:zcu106:part0:2.5 available at C:/Xilinx/Vivado/2022.2/data/xhub/boards/XilinxBoardStore/boards/Xilinx/zcu106/2.5/board.xml as part xczu7ev-ffvc1156-2-e specified in board_part file is either invalid or not available
WARNING: [Board 49-26] cannot add Board Part xilinx.com:zcu106:part0:2.6 available at C:/Xilinx/Vivado/2022.2/data/xhub/boards/XilinxBoardStore/boards/Xilinx/zcu106/2.6/board.xml as part xczu7ev-ffvc1156-2-e specified in board_part file is either invalid or not available
WARNING: [Board 49-26] cannot add Board Part xilinx.com:zcu111:part0:1.2 available at C:/Xilinx/Vivado/2022.2/data/xhub/boards/XilinxBoardStore/boards/Xilinx/zcu111/1.2/board.xml as part xczu28dr-ffvg1517-2-e specified in board_part file is either invalid or not available
WARNING: [Board 49-26] cannot add Board Part xilinx.com:zcu111:part0:1.3 available at C:/Xilinx/Vivado/2022.2/data/xhub/boards/XilinxBoardStore/boards/Xilinx/zcu111/1.3/board.xml as part xczu28dr-ffvg1517-2-e specified in board_part file is either invalid or not available
WARNING: [Board 49-26] cannot add Board Part xilinx.com:zcu111:part0:1.4 available at C:/Xilinx/Vivado/2022.2/data/xhub/boards/XilinxBoardStore/boards/Xilinx/zcu111/1.4/board.xml as part xczu28dr-ffvg1517-2-e specified in board_part file is either invalid or not available
WARNING: [Board 49-26] cannot add Board Part xilinx.com:zcu1275:part0:1.0 available at C:/Xilinx/Vivado/2022.2/data/xhub/boards/XilinxBoardStore/boards/Xilinx/zcu1275/1.0/board.xml as part xczu29dr-ffvf1760-2-e specified in board_part file is either invalid or not available
WARNING: [Board 49-26] cannot add Board Part xilinx.com:zcu1285:part0:1.0 available at C:/Xilinx/Vivado/2022.2/data/xhub/boards/XilinxBoardStore/boards/Xilinx/zcu1285/1.0/board.xml as part xczu39dr-ffvf1760-2-i specified in board_part file is either invalid or not available
WARNING: [Board 49-26] cannot add Board Part xilinx.com:zcu208:part0:2.0 available at C:/Xilinx/Vivado/2022.2/data/xhub/boards/XilinxBoardStore/boards/Xilinx/zcu208/production/2.0/board.xml as part xczu48dr-fsvg1517-2-e specified in board_part file is either invalid or not available
WARNING: [Board 49-26] cannot add Board Part xilinx.com:zcu208ld:part0:2.0 available at C:/Xilinx/Vivado/2022.2/data/xhub/boards/XilinxBoardStore/boards/Xilinx/zcu208ld/production/2.0/board.xml as part xczu58dr-fsvg1517-2-i specified in board_part file is either invalid or not available
WARNING: [Board 49-26] cannot add Board Part xilinx.com:zcu216:part0:2.0 available at C:/Xilinx/Vivado/2022.2/data/xhub/boards/XilinxBoardStore/boards/Xilinx/zcu216/production/2.0/board.xml as part xczu49dr-ffvf1760-2-e specified in board_part file is either invalid or not available
WARNING: [Board 49-26] cannot add Board Part xilinx.com:zcu216ld:part0:2.0 available at C:/Xilinx/Vivado/2022.2/data/xhub/boards/XilinxBoardStore/boards/Xilinx/zcu216ld/production/2.0/board.xml as part xczu59dr-ffvf1760-2-i specified in board_part file is either invalid or not available
WARNING: [Board 49-26] cannot add Board Part xilinx.com:zcu670:part0:2.0 available at C:/Xilinx/Vivado/2022.2/data/xhub/boards/XilinxBoardStore/boards/Xilinx/zcu670/2.0/board.xml as part xczu67dr-fsve1156-2-i specified in board_part file is either invalid or not available
WARNING: [Board 49-26] cannot add Board Part xilinx.com:zcu670ld:part0:1.0 available at C:/Xilinx/Vivado/2022.2/data/xhub/boards/XilinxBoardStore/boards/Xilinx/zcu670ld/1.0/board.xml as part xczu57dr-fsve1156-2-i specified in board_part file is either invalid or not available
INFO: [IP_Flow 19-234] Refreshing IP repositories
INFO: [IP_Flow 19-1700] Loaded user IP repository 'c:/Users/curti/OneDrive/Documents/UIUC/ECE-385/Vivado_Projects/ip_repo/hdmi_text_controller_1_0'.
WARNING: [IP_Flow 19-2207] Repository 'c:/Users/curti/OneDrive/Documents/UIUC/ECE-385/Vivado_Projects/ip_repo/hdmi_text_controller_1_0' already exists; ignoring attempt to add it again.
INFO: [IP_Flow 19-1700] Loaded user IP repository 'c:/Users/curti/OneDrive/Documents/UIUC/ECE-385/Vivado_Projects/ip_repo/hdmi_text_controller_1_0'.
INFO: [IP_Flow 19-1700] Loaded user IP repository 'c:/Users/curti/OneDrive/Documents/UIUC/ECE-385/Vivado_Projects/lab7_1/lab7_1_provided_fa24/hdmi_tx_1.0'.
INFO: [IP_Flow 19-795] Syncing license key meta-data
update_compile_order -fileset sources_1
create_ip -name clk_wiz -vendor xilinx.com -library ip -version 6.0 -module_name clk_wiz_0 -dir c:/Users/curti/OneDrive/Documents/UIUC/ECE-385/Vivado_Projects/ip_repo/hdmi_text_controller_1_0/src
set_property -dict [list \
  CONFIG.CLKOUT1_JITTER {175.402} \
  CONFIG.CLKOUT1_REQUESTED_OUT_FREQ {25} \
  CONFIG.CLKOUT2_JITTER {125.247} \
  CONFIG.CLKOUT2_PHASE_ERROR {98.575} \
  CONFIG.CLKOUT2_REQUESTED_OUT_FREQ {125} \
  CONFIG.CLKOUT2_USED {true} \
  CONFIG.MMCM_CLKOUT0_DIVIDE_F {40.000} \
  CONFIG.MMCM_CLKOUT1_DIVIDE {8} \
  CONFIG.NUM_OUT_CLKS {2} \
] [get_ips clk_wiz_0]
generate_target {instantiation_template} [get_files c:/Users/curti/OneDrive/Documents/UIUC/ECE-385/Vivado_Projects/ip_repo/hdmi_text_controller_1_0/src/clk_wiz_0_2/clk_wiz_0.xci]
INFO: [IP_Flow 19-1686] Generating 'Instantiation Template' target for IP 'clk_wiz_0'...
generate_target all [get_files  c:/Users/curti/OneDrive/Documents/UIUC/ECE-385/Vivado_Projects/ip_repo/hdmi_text_controller_1_0/src/clk_wiz_0_2/clk_wiz_0.xci]
INFO: [IP_Flow 19-1686] Generating 'Synthesis' target for IP 'clk_wiz_0'...
INFO: [IP_Flow 19-1686] Generating 'Simulation' target for IP 'clk_wiz_0'...
INFO: [IP_Flow 19-1686] Generating 'Implementation' target for IP 'clk_wiz_0'...
INFO: [IP_Flow 19-1686] Generating 'Change Log' target for IP 'clk_wiz_0'...
catch { config_ip_cache -export [get_ips -all clk_wiz_0] }
INFO: [IP_Flow 19-6924] IPCACHE: Running cache check for IP inst: clk_wiz_0
export_ip_user_files -of_objects [get_files c:/Users/curti/OneDrive/Documents/UIUC/ECE-385/Vivado_Projects/ip_repo/hdmi_text_controller_1_0/src/clk_wiz_0_2/clk_wiz_0.xci] -no_script -sync -force -quiet
create_ip_run [get_files -of_objects [get_fileset sources_1] c:/Users/curti/OneDrive/Documents/UIUC/ECE-385/Vivado_Projects/ip_repo/hdmi_text_controller_1_0/src/clk_wiz_0_2/clk_wiz_0.xci]
launch_runs clk_wiz_0_synth_1 -jobs 10
INFO: [IP_Flow 19-6924] IPCACHE: Running cache check for IP inst: clk_wiz_0
[Fri Nov  1 00:20:50 2024] Launched clk_wiz_0_synth_1...
Run output will be captured here: c:/users/curti/onedrive/documents/uiuc/ece-385/vivado_projects/lab7_1/lab7_1.tmp/hdmi_text_controller_v1_0_project/hdmi_text_controller_v1_0_project.runs/clk_wiz_0_synth_1/runme.log
export_simulation -of_objects [get_files c:/Users/curti/OneDrive/Documents/UIUC/ECE-385/Vivado_Projects/ip_repo/hdmi_text_controller_1_0/src/clk_wiz_0_2/clk_wiz_0.xci] -directory c:/users/curti/onedrive/documents/uiuc/ece-385/vivado_projects/lab7_1/lab7_1.tmp/hdmi_text_controller_v1_0_project/hdmi_text_controller_v1_0_project.ip_user_files/sim_scripts -ip_user_files_dir c:/users/curti/onedrive/documents/uiuc/ece-385/vivado_projects/lab7_1/lab7_1.tmp/hdmi_text_controller_v1_0_project/hdmi_text_controller_v1_0_project.ip_user_files -ipstatic_source_dir c:/users/curti/onedrive/documents/uiuc/ece-385/vivado_projects/lab7_1/lab7_1.tmp/hdmi_text_controller_v1_0_project/hdmi_text_controller_v1_0_project.ip_user_files/ipstatic -lib_map_path [list {modelsim=c:/users/curti/onedrive/documents/uiuc/ece-385/vivado_projects/lab7_1/lab7_1.tmp/hdmi_text_controller_v1_0_project/hdmi_text_controller_v1_0_project.cache/compile_simlib/modelsim} {questa=c:/users/curti/onedrive/documents/uiuc/ece-385/vivado_projects/lab7_1/lab7_1.tmp/hdmi_text_controller_v1_0_project/hdmi_text_controller_v1_0_project.cache/compile_simlib/questa} {riviera=c:/users/curti/onedrive/documents/uiuc/ece-385/vivado_projects/lab7_1/lab7_1.tmp/hdmi_text_controller_v1_0_project/hdmi_text_controller_v1_0_project.cache/compile_simlib/riviera} {activehdl=c:/users/curti/onedrive/documents/uiuc/ece-385/vivado_projects/lab7_1/lab7_1.tmp/hdmi_text_controller_v1_0_project/hdmi_text_controller_v1_0_project.cache/compile_simlib/activehdl}] -use_ip_compiled_libs -force -quiet
current_project lab7_1
current_project hdmi_text_controller_v1_0_project
create_ip -name hdmi_tx -vendor realdigital.org -library realdigital -version 1.0 -module_name hdmi_tx_0 -dir c:/Users/curti/OneDrive/Documents/UIUC/ECE-385/Vivado_Projects/ip_repo/hdmi_text_controller_1_0/src
set_property -dict [list \
  CONFIG.C_BLUE_WIDTH {4} \
  CONFIG.C_GREEN_WIDTH {4} \
  CONFIG.C_RED_WIDTH {4} \
  CONFIG.MODE {HDMI} \
] [get_ips hdmi_tx_0]
generate_target {instantiation_template} [get_files c:/Users/curti/OneDrive/Documents/UIUC/ECE-385/Vivado_Projects/ip_repo/hdmi_text_controller_1_0/src/hdmi_tx_0_2/hdmi_tx_0.xci]
INFO: [IP_Flow 19-1686] Generating 'Instantiation Template' target for IP 'hdmi_tx_0'...
generate_target all [get_files  c:/Users/curti/OneDrive/Documents/UIUC/ECE-385/Vivado_Projects/ip_repo/hdmi_text_controller_1_0/src/hdmi_tx_0_2/hdmi_tx_0.xci]
INFO: [IP_Flow 19-1686] Generating 'Synthesis' target for IP 'hdmi_tx_0'...
INFO: [IP_Flow 19-1686] Generating 'Simulation' target for IP 'hdmi_tx_0'...
catch { config_ip_cache -export [get_ips -all hdmi_tx_0] }
INFO: [IP_Flow 19-6924] IPCACHE: Running cache check for IP inst: hdmi_tx_0
export_ip_user_files -of_objects [get_files c:/Users/curti/OneDrive/Documents/UIUC/ECE-385/Vivado_Projects/ip_repo/hdmi_text_controller_1_0/src/hdmi_tx_0_2/hdmi_tx_0.xci] -no_script -sync -force -quiet
create_ip_run [get_files -of_objects [get_fileset sources_1] c:/Users/curti/OneDrive/Documents/UIUC/ECE-385/Vivado_Projects/ip_repo/hdmi_text_controller_1_0/src/hdmi_tx_0_2/hdmi_tx_0.xci]
launch_runs hdmi_tx_0_synth_1 -jobs 10
INFO: [IP_Flow 19-6924] IPCACHE: Running cache check for IP inst: hdmi_tx_0
[Fri Nov  1 00:21:18 2024] Launched hdmi_tx_0_synth_1...
Run output will be captured here: c:/users/curti/onedrive/documents/uiuc/ece-385/vivado_projects/lab7_1/lab7_1.tmp/hdmi_text_controller_v1_0_project/hdmi_text_controller_v1_0_project.runs/hdmi_tx_0_synth_1/runme.log
export_simulation -of_objects [get_files c:/Users/curti/OneDrive/Documents/UIUC/ECE-385/Vivado_Projects/ip_repo/hdmi_text_controller_1_0/src/hdmi_tx_0_2/hdmi_tx_0.xci] -directory c:/users/curti/onedrive/documents/uiuc/ece-385/vivado_projects/lab7_1/lab7_1.tmp/hdmi_text_controller_v1_0_project/hdmi_text_controller_v1_0_project.ip_user_files/sim_scripts -ip_user_files_dir c:/users/curti/onedrive/documents/uiuc/ece-385/vivado_projects/lab7_1/lab7_1.tmp/hdmi_text_controller_v1_0_project/hdmi_text_controller_v1_0_project.ip_user_files -ipstatic_source_dir c:/users/curti/onedrive/documents/uiuc/ece-385/vivado_projects/lab7_1/lab7_1.tmp/hdmi_text_controller_v1_0_project/hdmi_text_controller_v1_0_project.ip_user_files/ipstatic -lib_map_path [list {modelsim=c:/users/curti/onedrive/documents/uiuc/ece-385/vivado_projects/lab7_1/lab7_1.tmp/hdmi_text_controller_v1_0_project/hdmi_text_controller_v1_0_project.cache/compile_simlib/modelsim} {questa=c:/users/curti/onedrive/documents/uiuc/ece-385/vivado_projects/lab7_1/lab7_1.tmp/hdmi_text_controller_v1_0_project/hdmi_text_controller_v1_0_project.cache/compile_simlib/questa} {riviera=c:/users/curti/onedrive/documents/uiuc/ece-385/vivado_projects/lab7_1/lab7_1.tmp/hdmi_text_controller_v1_0_project/hdmi_text_controller_v1_0_project.cache/compile_simlib/riviera} {activehdl=c:/users/curti/onedrive/documents/uiuc/ece-385/vivado_projects/lab7_1/lab7_1.tmp/hdmi_text_controller_v1_0_project/hdmi_text_controller_v1_0_project.cache/compile_simlib/activehdl}] -use_ip_compiled_libs -force -quiet
ipx::merge_project_changes files [ipx::current_core]
WARNING: [IP_Flow 19-5226] Project source file 'c:/Users/curti/OneDrive/Documents/UIUC/ECE-385/Vivado_Projects/ip_repo/hdmi_text_controller_1_0/component.xml' ignored by IP packager.
set_property core_revision 4 [ipx::current_core]
ipx::update_source_project_archive -component [ipx::current_core]
ipx::create_xgui_files [ipx::current_core]
ipx::update_checksums [ipx::current_core]
ipx::check_integrity [ipx::current_core]
WARNING: [IP_Flow 19-5905] All packaged files should be located below the IP definition file (xml)
WARNING: [IP_Flow 19-5905] All packaged files should be located below the IP definition file (xml)
WARNING: [IP_Flow 19-5905] All packaged files should be located below the IP definition file (xml)
WARNING: [IP_Flow 19-5905] All packaged files should be located below the IP definition file (xml)
WARNING: [IP_Flow 19-5905] All packaged files should be located below the IP definition file (xml)
WARNING: [IP_Flow 19-5905] All packaged files should be located below the IP definition file (xml)
WARNING: [IP_Flow 19-5661] Bus Interface 'hdmi_clk_n' does not have any bus interfaces associated with it.
WARNING: [IP_Flow 19-4751] Bus Interface 'hdmi_clk_n': FREQ_HZ bus parameter is missing for output clock interface.
WARNING: [IP_Flow 19-5661] Bus Interface 'hdmi_clk_p' does not have any bus interfaces associated with it.
WARNING: [IP_Flow 19-4751] Bus Interface 'hdmi_clk_p': FREQ_HZ bus parameter is missing for output clock interface.
WARNING: [IP_Flow 19-1965] Bus Interface 'HDMI': A port map to the required logical port "DDC_SCL_I" of the bus abstraction "xilinx.com:interface:hdmi_rtl:2.0" is missing.
WARNING: [IP_Flow 19-1965] Bus Interface 'HDMI': A port map to the required logical port "DDC_SCL_O" of the bus abstraction "xilinx.com:interface:hdmi_rtl:2.0" is missing.
WARNING: [IP_Flow 19-1965] Bus Interface 'HDMI': A port map to the required logical port "DDC_SCL_T" of the bus abstraction "xilinx.com:interface:hdmi_rtl:2.0" is missing.
WARNING: [IP_Flow 19-1965] Bus Interface 'HDMI': A port map to the required logical port "DDC_SDA_I" of the bus abstraction "xilinx.com:interface:hdmi_rtl:2.0" is missing.
WARNING: [IP_Flow 19-1965] Bus Interface 'HDMI': A port map to the required logical port "DDC_SDA_O" of the bus abstraction "xilinx.com:interface:hdmi_rtl:2.0" is missing.
WARNING: [IP_Flow 19-1965] Bus Interface 'HDMI': A port map to the required logical port "DDC_SDA_T" of the bus abstraction "xilinx.com:interface:hdmi_rtl:2.0" is missing.
WARNING: [IP_Flow 19-1965] Bus Interface 'HDMI': A port map to the required logical port "CABLE_CONNECT" of the bus abstraction "xilinx.com:interface:hdmi_rtl:2.0" is missing.
WARNING: [IP_Flow 19-1965] Bus Interface 'HDMI': A port map to the required logical port "HPD" of the bus abstraction "xilinx.com:interface:hdmi_rtl:2.0" is missing.
INFO: [IP_Flow 19-2181] Payment Required is not set for this core.
INFO: [IP_Flow 19-2187] The Product Guide file is missing.
INFO: [Ipptcl 7-1486] check_integrity: Integrity check passed.
ipx::save_core [ipx::current_core]
ipx::move_temp_component_back -component [ipx::current_core]
close_project -delete
ERROR: [Project 1-161] Failed to remove the directory 'c:/users/curti/onedrive/documents/uiuc/ece-385/vivado_projects/lab7_1/lab7_1.tmp/hdmi_text_controller_v1_0_project/hdmi_text_controller_v1_0_project.runs'. The directory might be in use by some other process.
update_ip_catalog -rebuild -scan_changes
INFO: [IP_Flow 19-234] Refreshing IP repositories
INFO: [IP_Flow 19-1700] Loaded user IP repository 'c:/Users/curti/OneDrive/Documents/UIUC/ECE-385/Vivado_Projects/ip_repo/hdmi_text_controller_1_0'.
WARNING: [IP_Flow 19-2207] Repository 'c:/Users/curti/OneDrive/Documents/UIUC/ECE-385/Vivado_Projects/ip_repo/hdmi_text_controller_1_0' already exists; ignoring attempt to add it again.
INFO: [IP_Flow 19-1700] Loaded user IP repository 'c:/Users/curti/OneDrive/Documents/UIUC/ECE-385/Vivado_Projects/ip_repo/hdmi_text_controller_1_0'.
INFO: [IP_Flow 19-1700] Loaded user IP repository 'c:/Users/curti/OneDrive/Documents/UIUC/ECE-385/Vivado_Projects/lab7_1/lab7_1_provided_fa24/hdmi_tx_1.0'.
report_ip_status -name ip_status
upgrade_ip -vlnv xilinx.com:user:hdmi_text_controller:1.0 [get_ips  design_1_hdmi_text_controller_0_1] -log ip_upgrade.log
Reading block design file <C:/Users/curti/OneDrive/Documents/UIUC/ECE-385/Vivado_Projects/lab7_1/lab7_1.srcs/sources_1/bd/design_1/design_1.bd>...
Adding component instance block -- xilinx.com:ip:microblaze:11.0 - microblaze_0
Adding component instance block -- xilinx.com:ip:lmb_v10:3.0 - dlmb_v10
Adding component instance block -- xilinx.com:ip:lmb_v10:3.0 - ilmb_v10
Adding component instance block -- xilinx.com:ip:lmb_bram_if_cntlr:4.0 - dlmb_bram_if_cntlr
Adding component instance block -- xilinx.com:ip:lmb_bram_if_cntlr:4.0 - ilmb_bram_if_cntlr
Adding component instance block -- xilinx.com:ip:blk_mem_gen:8.4 - lmb_bram
Adding component instance block -- xilinx.com:ip:axi_interconnect:2.1 - microblaze_0_axi_periph
Adding component instance block -- xilinx.com:ip:axi_crossbar:2.1 - xbar
Adding component instance block -- xilinx.com:ip:axi_intc:4.1 - microblaze_0_axi_intc
Adding component instance block -- xilinx.com:ip:mdm:3.2 - mdm_1
Adding component instance block -- xilinx.com:ip:clk_wiz:6.0 - clk_wiz_1
Adding component instance block -- xilinx.com:ip:proc_sys_reset:5.0 - rst_clk_wiz_1_100M
Adding component instance block -- xilinx.com:ip:axi_uartlite:2.0 - axi_uartlite_0
Adding component instance block -- xilinx.com:user:hdmi_text_controller:1.0 - hdmi_text_controller_0
Successfully read diagram <design_1> from block design file <C:/Users/curti/OneDrive/Documents/UIUC/ECE-385/Vivado_Projects/lab7_1/lab7_1.srcs/sources_1/bd/design_1/design_1.bd>
Upgrading 'C:/Users/curti/OneDrive/Documents/UIUC/ECE-385/Vivado_Projects/lab7_1/lab7_1.srcs/sources_1/bd/design_1/design_1.bd'
INFO: [IP_Flow 19-3422] Upgraded design_1_hdmi_text_controller_0_1 (hdmi_text_controller_v1.0 1.0) from revision 3 to revision 4
Wrote  : <C:\Users\curti\OneDrive\Documents\UIUC\ECE-385\Vivado_Projects\lab7_1\lab7_1.srcs\sources_1\bd\design_1\design_1.bd> 
Wrote  : <C:/Users/curti/OneDrive/Documents/UIUC/ECE-385/Vivado_Projects/lab7_1/lab7_1.srcs/sources_1/bd/design_1/ui/bd_1f5defd0.ui> 
INFO: [Coretcl 2-1525] Wrote upgrade log to 'C:/Users/curti/OneDrive/Documents/UIUC/ECE-385/Vivado_Projects/lab7_1/ip_upgrade.log'.
export_ip_user_files -of_objects [get_ips design_1_hdmi_text_controller_0_1] -no_script -sync -force -quiet
generate_target all [get_files  C:/Users/curti/OneDrive/Documents/UIUC/ECE-385/Vivado_Projects/lab7_1/lab7_1.srcs/sources_1/bd/design_1/design_1.bd]
WARNING: [filemgmt 56-443] The ECC Algorithm string is empty. Setting the Memory Map to default ECC value to ECC_NONE.
WARNING: [filemgmt 56-443] The ECC Algorithm string is empty. Setting the Memory Map to default ECC value to ECC_NONE.
INFO: [xilinx.com:ip:clk_wiz:6.0-1] /clk_wiz_1 clk_wiz propagate
INFO: [xilinx.com:ip:axi_intc:4.1-1] /microblaze_0_axi_intc: The AXI INTC core has been configured to operate with synchronous clocks.
Wrote  : <C:\Users\curti\OneDrive\Documents\UIUC\ECE-385\Vivado_Projects\lab7_1\lab7_1.srcs\sources_1\bd\design_1\design_1.bd> 
Verilog Output written to : c:/Users/curti/OneDrive/Documents/UIUC/ECE-385/Vivado_Projects/lab7_1/lab7_1.gen/sources_1/bd/design_1/synth/design_1.v
Verilog Output written to : c:/Users/curti/OneDrive/Documents/UIUC/ECE-385/Vivado_Projects/lab7_1/lab7_1.gen/sources_1/bd/design_1/sim/design_1.v
Verilog Output written to : c:/Users/curti/OneDrive/Documents/UIUC/ECE-385/Vivado_Projects/lab7_1/lab7_1.gen/sources_1/bd/design_1/hdl/design_1_wrapper.v
INFO: [BD 41-1029] Generation completed for the IP Integrator block hdmi_text_controller_0 .
Exporting to file c:/Users/curti/OneDrive/Documents/UIUC/ECE-385/Vivado_Projects/lab7_1/lab7_1.gen/sources_1/bd/design_1/hw_handoff/design_1.hwh
Generated Hardware Definition File c:/Users/curti/OneDrive/Documents/UIUC/ECE-385/Vivado_Projects/lab7_1/lab7_1.gen/sources_1/bd/design_1/synth/design_1.hwdef
generate_target: Time (s): cpu = 00:00:04 ; elapsed = 00:00:10 . Memory (MB): peak = 2003.465 ; gain = 256.320
catch { config_ip_cache -export [get_ips -all design_1_hdmi_text_controller_0_1] }
INFO: [IP_Flow 19-6924] IPCACHE: Running cache check for IP inst: design_1_hdmi_text_controller_0_1
export_ip_user_files -of_objects [get_files C:/Users/curti/OneDrive/Documents/UIUC/ECE-385/Vivado_Projects/lab7_1/lab7_1.srcs/sources_1/bd/design_1/design_1.bd] -no_script -sync -force -quiet
create_ip_run [get_files -of_objects [get_fileset sources_1] C:/Users/curti/OneDrive/Documents/UIUC/ECE-385/Vivado_Projects/lab7_1/lab7_1.srcs/sources_1/bd/design_1/design_1.bd]
launch_runs design_1_hdmi_text_controller_0_1_synth_1 -jobs 10
INFO: [IP_Flow 19-6924] IPCACHE: Running cache check for IP inst: design_1_hdmi_text_controller_0_1
[Fri Nov  1 00:22:21 2024] Launched design_1_hdmi_text_controller_0_1_synth_1...
Run output will be captured here: C:/Users/curti/OneDrive/Documents/UIUC/ECE-385/Vivado_Projects/lab7_1/lab7_1.runs/design_1_hdmi_text_controller_0_1_synth_1/runme.log
launch_runs: Time (s): cpu = 00:00:00 ; elapsed = 00:00:05 . Memory (MB): peak = 2003.465 ; gain = 0.000
export_simulation -of_objects [get_files C:/Users/curti/OneDrive/Documents/UIUC/ECE-385/Vivado_Projects/lab7_1/lab7_1.srcs/sources_1/bd/design_1/design_1.bd] -directory C:/Users/curti/OneDrive/Documents/UIUC/ECE-385/Vivado_Projects/lab7_1/lab7_1.ip_user_files/sim_scripts -ip_user_files_dir C:/Users/curti/OneDrive/Documents/UIUC/ECE-385/Vivado_Projects/lab7_1/lab7_1.ip_user_files -ipstatic_source_dir C:/Users/curti/OneDrive/Documents/UIUC/ECE-385/Vivado_Projects/lab7_1/lab7_1.ip_user_files/ipstatic -lib_map_path [list {modelsim=C:/Users/curti/OneDrive/Documents/UIUC/ECE-385/Vivado_Projects/lab7_1/lab7_1.cache/compile_simlib/modelsim} {questa=C:/Users/curti/OneDrive/Documents/UIUC/ECE-385/Vivado_Projects/lab7_1/lab7_1.cache/compile_simlib/questa} {riviera=C:/Users/curti/OneDrive/Documents/UIUC/ECE-385/Vivado_Projects/lab7_1/lab7_1.cache/compile_simlib/riviera} {activehdl=C:/Users/curti/OneDrive/Documents/UIUC/ECE-385/Vivado_Projects/lab7_1/lab7_1.cache/compile_simlib/activehdl}] -use_ip_compiled_libs -force -quiet
reset_run synth_1
launch_runs impl_1 -to_step write_bitstream -jobs 10
INFO: [IP_Flow 19-6924] IPCACHE: Running cache check for IP inst: design_1_hdmi_text_controller_0_1
[Fri Nov  1 00:22:43 2024] Launched design_1_hdmi_text_controller_0_1_synth_1, synth_1...
Run output will be captured here:
design_1_hdmi_text_controller_0_1_synth_1: C:/Users/curti/OneDrive/Documents/UIUC/ECE-385/Vivado_Projects/lab7_1/lab7_1.runs/design_1_hdmi_text_controller_0_1_synth_1/runme.log
synth_1: C:/Users/curti/OneDrive/Documents/UIUC/ECE-385/Vivado_Projects/lab7_1/lab7_1.runs/synth_1/runme.log
[Fri Nov  1 00:22:43 2024] Launched impl_1...
Run output will be captured here: C:/Users/curti/OneDrive/Documents/UIUC/ECE-385/Vivado_Projects/lab7_1/lab7_1.runs/impl_1/runme.log
create_ip_run [get_files -of_objects [get_fileset sources_1] C:/Users/curti/OneDrive/Documents/UIUC/ECE-385/Vivado_Projects/lab7_1/lab7_1.srcs/sources_1/bd/design_1/design_1.bd]
synth_design -rtl -rtl_skip_mlo -name rtl_1
Command: synth_design -rtl -rtl_skip_mlo -name rtl_1
Starting synth_design
Using part: xc7s50csga324-1
Top: mb_usb_hdmi_top
INFO: [Device 21-403] Loading part xc7s50csga324-1
INFO: [Synth 8-11241] undeclared symbol 'REGCCE', assumed default net type 'wire' [C:/Xilinx/Vivado/2022.2/data/verilog/src/unimacro/BRAM_SINGLE_MACRO.v:2170]
---------------------------------------------------------------------------------
Starting RTL Elaboration : Time (s): cpu = 00:00:03 ; elapsed = 00:00:04 . Memory (MB): peak = 2413.648 ; gain = 383.156
---------------------------------------------------------------------------------
INFO: [Synth 8-6157] synthesizing module 'mb_usb_hdmi_top' [C:/Users/curti/OneDrive/Documents/UIUC/ECE-385/Vivado_Projects/lab7_1/lab7_1_provided_fa24/mb_usb_hdmi_top.sv:14]
INFO: [Synth 8-6157] synthesizing module 'design_1' [c:/Users/curti/OneDrive/Documents/UIUC/ECE-385/Vivado_Projects/lab7_1/lab7_1.gen/sources_1/bd/design_1/synth/design_1.v:12]
INFO: [Synth 8-6157] synthesizing module 'design_1_axi_uartlite_0_0' [C:/Users/curti/OneDrive/Documents/UIUC/ECE-385/Vivado_Projects/lab7_1/.Xil/Vivado-25684-Curtis-Laptop/realtime/design_1_axi_uartlite_0_0_stub.v:5]
INFO: [Synth 8-6155] done synthesizing module 'design_1_axi_uartlite_0_0' (0#1) [C:/Users/curti/OneDrive/Documents/UIUC/ECE-385/Vivado_Projects/lab7_1/.Xil/Vivado-25684-Curtis-Laptop/realtime/design_1_axi_uartlite_0_0_stub.v:5]
INFO: [Synth 8-6157] synthesizing module 'design_1_clk_wiz_1_0' [C:/Users/curti/OneDrive/Documents/UIUC/ECE-385/Vivado_Projects/lab7_1/.Xil/Vivado-25684-Curtis-Laptop/realtime/design_1_clk_wiz_1_0_stub.v:5]
INFO: [Synth 8-6155] done synthesizing module 'design_1_clk_wiz_1_0' (0#1) [C:/Users/curti/OneDrive/Documents/UIUC/ECE-385/Vivado_Projects/lab7_1/.Xil/Vivado-25684-Curtis-Laptop/realtime/design_1_clk_wiz_1_0_stub.v:5]
INFO: [Synth 8-6157] synthesizing module 'design_1_hdmi_text_controller_0_1' [C:/Users/curti/OneDrive/Documents/UIUC/ECE-385/Vivado_Projects/lab7_1/.Xil/Vivado-25684-Curtis-Laptop/realtime/design_1_hdmi_text_controller_0_1_stub.v:5]
INFO: [Synth 8-6155] done synthesizing module 'design_1_hdmi_text_controller_0_1' (0#1) [C:/Users/curti/OneDrive/Documents/UIUC/ECE-385/Vivado_Projects/lab7_1/.Xil/Vivado-25684-Curtis-Laptop/realtime/design_1_hdmi_text_controller_0_1_stub.v:5]
INFO: [Synth 8-6157] synthesizing module 'design_1_mdm_1_0' [C:/Users/curti/OneDrive/Documents/UIUC/ECE-385/Vivado_Projects/lab7_1/.Xil/Vivado-25684-Curtis-Laptop/realtime/design_1_mdm_1_0_stub.v:5]
INFO: [Synth 8-6155] done synthesizing module 'design_1_mdm_1_0' (0#1) [C:/Users/curti/OneDrive/Documents/UIUC/ECE-385/Vivado_Projects/lab7_1/.Xil/Vivado-25684-Curtis-Laptop/realtime/design_1_mdm_1_0_stub.v:5]
INFO: [Synth 8-6157] synthesizing module 'design_1_microblaze_0_1' [C:/Users/curti/OneDrive/Documents/UIUC/ECE-385/Vivado_Projects/lab7_1/.Xil/Vivado-25684-Curtis-Laptop/realtime/design_1_microblaze_0_1_stub.v:5]
INFO: [Synth 8-6155] done synthesizing module 'design_1_microblaze_0_1' (0#1) [C:/Users/curti/OneDrive/Documents/UIUC/ECE-385/Vivado_Projects/lab7_1/.Xil/Vivado-25684-Curtis-Laptop/realtime/design_1_microblaze_0_1_stub.v:5]
INFO: [Synth 8-6157] synthesizing module 'design_1_microblaze_0_axi_intc_0' [C:/Users/curti/OneDrive/Documents/UIUC/ECE-385/Vivado_Projects/lab7_1/.Xil/Vivado-25684-Curtis-Laptop/realtime/design_1_microblaze_0_axi_intc_0_stub.v:5]
INFO: [Synth 8-6155] done synthesizing module 'design_1_microblaze_0_axi_intc_0' (0#1) [C:/Users/curti/OneDrive/Documents/UIUC/ECE-385/Vivado_Projects/lab7_1/.Xil/Vivado-25684-Curtis-Laptop/realtime/design_1_microblaze_0_axi_intc_0_stub.v:5]
INFO: [Synth 8-6157] synthesizing module 'design_1_microblaze_0_axi_periph_0' [c:/Users/curti/OneDrive/Documents/UIUC/ECE-385/Vivado_Projects/lab7_1/lab7_1.gen/sources_1/bd/design_1/synth/design_1.v:420]
INFO: [Synth 8-6157] synthesizing module 'm00_couplers_imp_8RVYHO' [c:/Users/curti/OneDrive/Documents/UIUC/ECE-385/Vivado_Projects/lab7_1/lab7_1.gen/sources_1/bd/design_1/synth/design_1.v:1016]
INFO: [Synth 8-6155] done synthesizing module 'm00_couplers_imp_8RVYHO' (0#1) [c:/Users/curti/OneDrive/Documents/UIUC/ECE-385/Vivado_Projects/lab7_1/lab7_1.gen/sources_1/bd/design_1/synth/design_1.v:1016]
INFO: [Synth 8-6157] synthesizing module 'm01_couplers_imp_1UTB3Y5' [c:/Users/curti/OneDrive/Documents/UIUC/ECE-385/Vivado_Projects/lab7_1/lab7_1.gen/sources_1/bd/design_1/synth/design_1.v:1148]
INFO: [Synth 8-6155] done synthesizing module 'm01_couplers_imp_1UTB3Y5' (0#1) [c:/Users/curti/OneDrive/Documents/UIUC/ECE-385/Vivado_Projects/lab7_1/lab7_1.gen/sources_1/bd/design_1/synth/design_1.v:1148]
INFO: [Synth 8-6157] synthesizing module 'm02_couplers_imp_7ANRHB' [c:/Users/curti/OneDrive/Documents/UIUC/ECE-385/Vivado_Projects/lab7_1/lab7_1.gen/sources_1/bd/design_1/synth/design_1.v:1280]
INFO: [Synth 8-6155] done synthesizing module 'm02_couplers_imp_7ANRHB' (0#1) [c:/Users/curti/OneDrive/Documents/UIUC/ECE-385/Vivado_Projects/lab7_1/lab7_1.gen/sources_1/bd/design_1/synth/design_1.v:1280]
INFO: [Synth 8-6157] synthesizing module 's00_couplers_imp_1RZP34U' [c:/Users/curti/OneDrive/Documents/UIUC/ECE-385/Vivado_Projects/lab7_1/lab7_1.gen/sources_1/bd/design_1/synth/design_1.v:1660]
INFO: [Synth 8-6155] done synthesizing module 's00_couplers_imp_1RZP34U' (0#1) [c:/Users/curti/OneDrive/Documents/UIUC/ECE-385/Vivado_Projects/lab7_1/lab7_1.gen/sources_1/bd/design_1/synth/design_1.v:1660]
INFO: [Synth 8-6157] synthesizing module 'design_1_xbar_0' [C:/Users/curti/OneDrive/Documents/UIUC/ECE-385/Vivado_Projects/lab7_1/.Xil/Vivado-25684-Curtis-Laptop/realtime/design_1_xbar_0_stub.v:5]
INFO: [Synth 8-6155] done synthesizing module 'design_1_xbar_0' (0#1) [C:/Users/curti/OneDrive/Documents/UIUC/ECE-385/Vivado_Projects/lab7_1/.Xil/Vivado-25684-Curtis-Laptop/realtime/design_1_xbar_0_stub.v:5]
INFO: [Synth 8-6155] done synthesizing module 'design_1_microblaze_0_axi_periph_0' (0#1) [c:/Users/curti/OneDrive/Documents/UIUC/ECE-385/Vivado_Projects/lab7_1/lab7_1.gen/sources_1/bd/design_1/synth/design_1.v:420]
INFO: [Synth 8-6157] synthesizing module 'microblaze_0_local_memory_imp_1K0VQXK' [c:/Users/curti/OneDrive/Documents/UIUC/ECE-385/Vivado_Projects/lab7_1/lab7_1.gen/sources_1/bd/design_1/synth/design_1.v:1426]
INFO: [Synth 8-6157] synthesizing module 'design_1_dlmb_bram_if_cntlr_0' [C:/Users/curti/OneDrive/Documents/UIUC/ECE-385/Vivado_Projects/lab7_1/.Xil/Vivado-25684-Curtis-Laptop/realtime/design_1_dlmb_bram_if_cntlr_0_stub.v:5]
INFO: [Synth 8-6155] done synthesizing module 'design_1_dlmb_bram_if_cntlr_0' (0#1) [C:/Users/curti/OneDrive/Documents/UIUC/ECE-385/Vivado_Projects/lab7_1/.Xil/Vivado-25684-Curtis-Laptop/realtime/design_1_dlmb_bram_if_cntlr_0_stub.v:5]
INFO: [Synth 8-6157] synthesizing module 'design_1_dlmb_v10_0' [C:/Users/curti/OneDrive/Documents/UIUC/ECE-385/Vivado_Projects/lab7_1/.Xil/Vivado-25684-Curtis-Laptop/realtime/design_1_dlmb_v10_0_stub.v:5]
INFO: [Synth 8-6155] done synthesizing module 'design_1_dlmb_v10_0' (0#1) [C:/Users/curti/OneDrive/Documents/UIUC/ECE-385/Vivado_Projects/lab7_1/.Xil/Vivado-25684-Curtis-Laptop/realtime/design_1_dlmb_v10_0_stub.v:5]
WARNING: [Synth 8-7071] port 'LMB_Rst' of module 'design_1_dlmb_v10_0' is unconnected for instance 'dlmb_v10' [c:/Users/curti/OneDrive/Documents/UIUC/ECE-385/Vivado_Projects/lab7_1/lab7_1.gen/sources_1/bd/design_1/synth/design_1.v:1572]
WARNING: [Synth 8-7023] instance 'dlmb_v10' of module 'design_1_dlmb_v10_0' has 25 connections declared, but only 24 given [c:/Users/curti/OneDrive/Documents/UIUC/ECE-385/Vivado_Projects/lab7_1/lab7_1.gen/sources_1/bd/design_1/synth/design_1.v:1572]
INFO: [Synth 8-6157] synthesizing module 'design_1_ilmb_bram_if_cntlr_0' [C:/Users/curti/OneDrive/Documents/UIUC/ECE-385/Vivado_Projects/lab7_1/.Xil/Vivado-25684-Curtis-Laptop/realtime/design_1_ilmb_bram_if_cntlr_0_stub.v:5]
INFO: [Synth 8-6155] done synthesizing module 'design_1_ilmb_bram_if_cntlr_0' (0#1) [C:/Users/curti/OneDrive/Documents/UIUC/ECE-385/Vivado_Projects/lab7_1/.Xil/Vivado-25684-Curtis-Laptop/realtime/design_1_ilmb_bram_if_cntlr_0_stub.v:5]
INFO: [Synth 8-6157] synthesizing module 'design_1_ilmb_v10_0' [C:/Users/curti/OneDrive/Documents/UIUC/ECE-385/Vivado_Projects/lab7_1/.Xil/Vivado-25684-Curtis-Laptop/realtime/design_1_ilmb_v10_0_stub.v:5]
INFO: [Synth 8-6155] done synthesizing module 'design_1_ilmb_v10_0' (0#1) [C:/Users/curti/OneDrive/Documents/UIUC/ECE-385/Vivado_Projects/lab7_1/.Xil/Vivado-25684-Curtis-Laptop/realtime/design_1_ilmb_v10_0_stub.v:5]
WARNING: [Synth 8-7071] port 'LMB_Rst' of module 'design_1_ilmb_v10_0' is unconnected for instance 'ilmb_v10' [c:/Users/curti/OneDrive/Documents/UIUC/ECE-385/Vivado_Projects/lab7_1/lab7_1.gen/sources_1/bd/design_1/synth/design_1.v:1618]
WARNING: [Synth 8-7023] instance 'ilmb_v10' of module 'design_1_ilmb_v10_0' has 25 connections declared, but only 24 given [c:/Users/curti/OneDrive/Documents/UIUC/ECE-385/Vivado_Projects/lab7_1/lab7_1.gen/sources_1/bd/design_1/synth/design_1.v:1618]
INFO: [Synth 8-6157] synthesizing module 'design_1_lmb_bram_0' [C:/Users/curti/OneDrive/Documents/UIUC/ECE-385/Vivado_Projects/lab7_1/.Xil/Vivado-25684-Curtis-Laptop/realtime/design_1_lmb_bram_0_stub.v:5]
INFO: [Synth 8-6155] done synthesizing module 'design_1_lmb_bram_0' (0#1) [C:/Users/curti/OneDrive/Documents/UIUC/ECE-385/Vivado_Projects/lab7_1/.Xil/Vivado-25684-Curtis-Laptop/realtime/design_1_lmb_bram_0_stub.v:5]
WARNING: [Synth 8-7071] port 'rsta_busy' of module 'design_1_lmb_bram_0' is unconnected for instance 'lmb_bram' [c:/Users/curti/OneDrive/Documents/UIUC/ECE-385/Vivado_Projects/lab7_1/lab7_1.gen/sources_1/bd/design_1/synth/design_1.v:1643]
WARNING: [Synth 8-7071] port 'rstb_busy' of module 'design_1_lmb_bram_0' is unconnected for instance 'lmb_bram' [c:/Users/curti/OneDrive/Documents/UIUC/ECE-385/Vivado_Projects/lab7_1/lab7_1.gen/sources_1/bd/design_1/synth/design_1.v:1643]
WARNING: [Synth 8-7023] instance 'lmb_bram' of module 'design_1_lmb_bram_0' has 16 connections declared, but only 14 given [c:/Users/curti/OneDrive/Documents/UIUC/ECE-385/Vivado_Projects/lab7_1/lab7_1.gen/sources_1/bd/design_1/synth/design_1.v:1643]
INFO: [Synth 8-6155] done synthesizing module 'microblaze_0_local_memory_imp_1K0VQXK' (0#1) [c:/Users/curti/OneDrive/Documents/UIUC/ECE-385/Vivado_Projects/lab7_1/lab7_1.gen/sources_1/bd/design_1/synth/design_1.v:1426]
INFO: [Synth 8-6157] synthesizing module 'design_1_rst_clk_wiz_1_100M_0' [C:/Users/curti/OneDrive/Documents/UIUC/ECE-385/Vivado_Projects/lab7_1/.Xil/Vivado-25684-Curtis-Laptop/realtime/design_1_rst_clk_wiz_1_100M_0_stub.v:5]
INFO: [Synth 8-6155] done synthesizing module 'design_1_rst_clk_wiz_1_100M_0' (0#1) [C:/Users/curti/OneDrive/Documents/UIUC/ECE-385/Vivado_Projects/lab7_1/.Xil/Vivado-25684-Curtis-Laptop/realtime/design_1_rst_clk_wiz_1_100M_0_stub.v:5]
WARNING: [Synth 8-7071] port 'peripheral_reset' of module 'design_1_rst_clk_wiz_1_100M_0' is unconnected for instance 'rst_clk_wiz_1_100M' [c:/Users/curti/OneDrive/Documents/UIUC/ECE-385/Vivado_Projects/lab7_1/lab7_1.gen/sources_1/bd/design_1/synth/design_1.v:409]
WARNING: [Synth 8-7071] port 'interconnect_aresetn' of module 'design_1_rst_clk_wiz_1_100M_0' is unconnected for instance 'rst_clk_wiz_1_100M' [c:/Users/curti/OneDrive/Documents/UIUC/ECE-385/Vivado_Projects/lab7_1/lab7_1.gen/sources_1/bd/design_1/synth/design_1.v:409]
WARNING: [Synth 8-7023] instance 'rst_clk_wiz_1_100M' of module 'design_1_rst_clk_wiz_1_100M_0' has 10 connections declared, but only 8 given [c:/Users/curti/OneDrive/Documents/UIUC/ECE-385/Vivado_Projects/lab7_1/lab7_1.gen/sources_1/bd/design_1/synth/design_1.v:409]
INFO: [Synth 8-6155] done synthesizing module 'design_1' (0#1) [c:/Users/curti/OneDrive/Documents/UIUC/ECE-385/Vivado_Projects/lab7_1/lab7_1.gen/sources_1/bd/design_1/synth/design_1.v:12]
INFO: [Synth 8-6155] done synthesizing module 'mb_usb_hdmi_top' (0#1) [C:/Users/curti/OneDrive/Documents/UIUC/ECE-385/Vivado_Projects/lab7_1/lab7_1_provided_fa24/mb_usb_hdmi_top.sv:14]
WARNING: [Synth 8-3848] Net gpio_usb_rst_tri_o in module/entity mb_usb_hdmi_top does not have driver. [C:/Users/curti/OneDrive/Documents/UIUC/ECE-385/Vivado_Projects/lab7_1/lab7_1_provided_fa24/mb_usb_hdmi_top.sv:20]
WARNING: [Synth 8-3848] Net usb_spi_mosi in module/entity mb_usb_hdmi_top does not have driver. [C:/Users/curti/OneDrive/Documents/UIUC/ECE-385/Vivado_Projects/lab7_1/lab7_1_provided_fa24/mb_usb_hdmi_top.sv:22]
WARNING: [Synth 8-3848] Net usb_spi_sclk in module/entity mb_usb_hdmi_top does not have driver. [C:/Users/curti/OneDrive/Documents/UIUC/ECE-385/Vivado_Projects/lab7_1/lab7_1_provided_fa24/mb_usb_hdmi_top.sv:23]
WARNING: [Synth 8-3848] Net usb_spi_ss in module/entity mb_usb_hdmi_top does not have driver. [C:/Users/curti/OneDrive/Documents/UIUC/ECE-385/Vivado_Projects/lab7_1/lab7_1_provided_fa24/mb_usb_hdmi_top.sv:24]
WARNING: [Synth 8-3848] Net hex_segA in module/entity mb_usb_hdmi_top does not have driver. [C:/Users/curti/OneDrive/Documents/UIUC/ECE-385/Vivado_Projects/lab7_1/lab7_1_provided_fa24/mb_usb_hdmi_top.sv:37]
WARNING: [Synth 8-3848] Net hex_gridA in module/entity mb_usb_hdmi_top does not have driver. [C:/Users/curti/OneDrive/Documents/UIUC/ECE-385/Vivado_Projects/lab7_1/lab7_1_provided_fa24/mb_usb_hdmi_top.sv:38]
WARNING: [Synth 8-3848] Net hex_segB in module/entity mb_usb_hdmi_top does not have driver. [C:/Users/curti/OneDrive/Documents/UIUC/ECE-385/Vivado_Projects/lab7_1/lab7_1_provided_fa24/mb_usb_hdmi_top.sv:39]
WARNING: [Synth 8-3848] Net hex_gridB in module/entity mb_usb_hdmi_top does not have driver. [C:/Users/curti/OneDrive/Documents/UIUC/ECE-385/Vivado_Projects/lab7_1/lab7_1_provided_fa24/mb_usb_hdmi_top.sv:40]
WARNING: [Synth 8-7129] Port M_ACLK in module s00_couplers_imp_1RZP34U is either unconnected or has no load
WARNING: [Synth 8-7129] Port M_ARESETN in module s00_couplers_imp_1RZP34U is either unconnected or has no load
WARNING: [Synth 8-7129] Port S_ACLK in module s00_couplers_imp_1RZP34U is either unconnected or has no load
WARNING: [Synth 8-7129] Port S_ARESETN in module s00_couplers_imp_1RZP34U is either unconnected or has no load
WARNING: [Synth 8-7129] Port M_ACLK in module m02_couplers_imp_7ANRHB is either unconnected or has no load
WARNING: [Synth 8-7129] Port M_ARESETN in module m02_couplers_imp_7ANRHB is either unconnected or has no load
WARNING: [Synth 8-7129] Port S_ACLK in module m02_couplers_imp_7ANRHB is either unconnected or has no load
WARNING: [Synth 8-7129] Port S_ARESETN in module m02_couplers_imp_7ANRHB is either unconnected or has no load
WARNING: [Synth 8-7129] Port M_ACLK in module m01_couplers_imp_1UTB3Y5 is either unconnected or has no load
WARNING: [Synth 8-7129] Port M_ARESETN in module m01_couplers_imp_1UTB3Y5 is either unconnected or has no load
WARNING: [Synth 8-7129] Port S_ACLK in module m01_couplers_imp_1UTB3Y5 is either unconnected or has no load
WARNING: [Synth 8-7129] Port S_ARESETN in module m01_couplers_imp_1UTB3Y5 is either unconnected or has no load
WARNING: [Synth 8-7129] Port M_ACLK in module m00_couplers_imp_8RVYHO is either unconnected or has no load
WARNING: [Synth 8-7129] Port M_ARESETN in module m00_couplers_imp_8RVYHO is either unconnected or has no load
WARNING: [Synth 8-7129] Port S_ACLK in module m00_couplers_imp_8RVYHO is either unconnected or has no load
WARNING: [Synth 8-7129] Port S_ARESETN in module m00_couplers_imp_8RVYHO is either unconnected or has no load
WARNING: [Synth 8-7129] Port M00_ACLK in module design_1_microblaze_0_axi_periph_0 is either unconnected or has no load
WARNING: [Synth 8-7129] Port M00_ARESETN in module design_1_microblaze_0_axi_periph_0 is either unconnected or has no load
WARNING: [Synth 8-7129] Port M01_ACLK in module design_1_microblaze_0_axi_periph_0 is either unconnected or has no load
WARNING: [Synth 8-7129] Port M01_ARESETN in module design_1_microblaze_0_axi_periph_0 is either unconnected or has no load
WARNING: [Synth 8-7129] Port M02_ACLK in module design_1_microblaze_0_axi_periph_0 is either unconnected or has no load
WARNING: [Synth 8-7129] Port M02_ARESETN in module design_1_microblaze_0_axi_periph_0 is either unconnected or has no load
WARNING: [Synth 8-7129] Port S00_ACLK in module design_1_microblaze_0_axi_periph_0 is either unconnected or has no load
WARNING: [Synth 8-7129] Port S00_ARESETN in module design_1_microblaze_0_axi_periph_0 is either unconnected or has no load
WARNING: [Synth 8-7129] Port gpio_usb_rst_tri_o in module mb_usb_hdmi_top is either unconnected or has no load
WARNING: [Synth 8-7129] Port usb_spi_mosi in module mb_usb_hdmi_top is either unconnected or has no load
WARNING: [Synth 8-7129] Port usb_spi_sclk in module mb_usb_hdmi_top is either unconnected or has no load
WARNING: [Synth 8-7129] Port usb_spi_ss in module mb_usb_hdmi_top is either unconnected or has no load
WARNING: [Synth 8-7129] Port hex_segA[7] in module mb_usb_hdmi_top is either unconnected or has no load
WARNING: [Synth 8-7129] Port hex_segA[6] in module mb_usb_hdmi_top is either unconnected or has no load
WARNING: [Synth 8-7129] Port hex_segA[5] in module mb_usb_hdmi_top is either unconnected or has no load
WARNING: [Synth 8-7129] Port hex_segA[4] in module mb_usb_hdmi_top is either unconnected or has no load
WARNING: [Synth 8-7129] Port hex_segA[3] in module mb_usb_hdmi_top is either unconnected or has no load
WARNING: [Synth 8-7129] Port hex_segA[2] in module mb_usb_hdmi_top is either unconnected or has no load
WARNING: [Synth 8-7129] Port hex_segA[1] in module mb_usb_hdmi_top is either unconnected or has no load
WARNING: [Synth 8-7129] Port hex_segA[0] in module mb_usb_hdmi_top is either unconnected or has no load
WARNING: [Synth 8-7129] Port hex_gridA[3] in module mb_usb_hdmi_top is either unconnected or has no load
WARNING: [Synth 8-7129] Port hex_gridA[2] in module mb_usb_hdmi_top is either unconnected or has no load
WARNING: [Synth 8-7129] Port hex_gridA[1] in module mb_usb_hdmi_top is either unconnected or has no load
WARNING: [Synth 8-7129] Port hex_gridA[0] in module mb_usb_hdmi_top is either unconnected or has no load
WARNING: [Synth 8-7129] Port hex_segB[7] in module mb_usb_hdmi_top is either unconnected or has no load
WARNING: [Synth 8-7129] Port hex_segB[6] in module mb_usb_hdmi_top is either unconnected or has no load
WARNING: [Synth 8-7129] Port hex_segB[5] in module mb_usb_hdmi_top is either unconnected or has no load
WARNING: [Synth 8-7129] Port hex_segB[4] in module mb_usb_hdmi_top is either unconnected or has no load
WARNING: [Synth 8-7129] Port hex_segB[3] in module mb_usb_hdmi_top is either unconnected or has no load
WARNING: [Synth 8-7129] Port hex_segB[2] in module mb_usb_hdmi_top is either unconnected or has no load
WARNING: [Synth 8-7129] Port hex_segB[1] in module mb_usb_hdmi_top is either unconnected or has no load
WARNING: [Synth 8-7129] Port hex_segB[0] in module mb_usb_hdmi_top is either unconnected or has no load
WARNING: [Synth 8-7129] Port hex_gridB[3] in module mb_usb_hdmi_top is either unconnected or has no load
WARNING: [Synth 8-7129] Port hex_gridB[2] in module mb_usb_hdmi_top is either unconnected or has no load
WARNING: [Synth 8-7129] Port hex_gridB[1] in module mb_usb_hdmi_top is either unconnected or has no load
WARNING: [Synth 8-7129] Port hex_gridB[0] in module mb_usb_hdmi_top is either unconnected or has no load
WARNING: [Synth 8-7129] Port gpio_usb_int_tri_i[0] in module mb_usb_hdmi_top is either unconnected or has no load
WARNING: [Synth 8-7129] Port usb_spi_miso in module mb_usb_hdmi_top is either unconnected or has no load
---------------------------------------------------------------------------------
Finished RTL Elaboration : Time (s): cpu = 00:00:04 ; elapsed = 00:00:05 . Memory (MB): peak = 2511.051 ; gain = 480.559
---------------------------------------------------------------------------------
---------------------------------------------------------------------------------
Start Handling Custom Attributes
---------------------------------------------------------------------------------
---------------------------------------------------------------------------------
Finished Handling Custom Attributes : Time (s): cpu = 00:00:04 ; elapsed = 00:00:05 . Memory (MB): peak = 2511.051 ; gain = 480.559
---------------------------------------------------------------------------------
---------------------------------------------------------------------------------
Finished RTL Optimization Phase 1 : Time (s): cpu = 00:00:04 ; elapsed = 00:00:05 . Memory (MB): peak = 2511.051 ; gain = 480.559
---------------------------------------------------------------------------------
INFO: [Project 1-454] Reading design checkpoint 'c:/Users/curti/OneDrive/Documents/UIUC/ECE-385/Vivado_Projects/lab7_1/lab7_1.gen/sources_1/bd/design_1/ip/design_1_axi_uartlite_0_0_1/design_1_axi_uartlite_0_0.dcp' for cell 'mb_block_i/axi_uartlite_0'
INFO: [Project 1-454] Reading design checkpoint 'c:/Users/curti/OneDrive/Documents/UIUC/ECE-385/Vivado_Projects/lab7_1/lab7_1.gen/sources_1/bd/design_1/ip/design_1_clk_wiz_1_0_1/design_1_clk_wiz_1_0.dcp' for cell 'mb_block_i/clk_wiz_1'
INFO: [Project 1-454] Reading design checkpoint 'c:/Users/curti/OneDrive/Documents/UIUC/ECE-385/Vivado_Projects/lab7_1/lab7_1.gen/sources_1/bd/design_1/ip/design_1_hdmi_text_controller_0_1/design_1_hdmi_text_controller_0_1.dcp' for cell 'mb_block_i/hdmi_text_controller_0'
INFO: [Project 1-454] Reading design checkpoint 'c:/Users/curti/OneDrive/Documents/UIUC/ECE-385/Vivado_Projects/lab7_1/lab7_1.gen/sources_1/bd/design_1/ip/design_1_mdm_1_0_1/design_1_mdm_1_0.dcp' for cell 'mb_block_i/mdm_1'
INFO: [Project 1-454] Reading design checkpoint 'c:/Users/curti/OneDrive/Documents/UIUC/ECE-385/Vivado_Projects/lab7_1/lab7_1.gen/sources_1/bd/design_1/ip/design_1_microblaze_0_1/design_1_microblaze_0_1.dcp' for cell 'mb_block_i/microblaze_0'
INFO: [Project 1-454] Reading design checkpoint 'c:/Users/curti/OneDrive/Documents/UIUC/ECE-385/Vivado_Projects/lab7_1/lab7_1.gen/sources_1/bd/design_1/ip/design_1_microblaze_0_axi_intc_0_1/design_1_microblaze_0_axi_intc_0.dcp' for cell 'mb_block_i/microblaze_0_axi_intc'
INFO: [Project 1-454] Reading design checkpoint 'c:/Users/curti/OneDrive/Documents/UIUC/ECE-385/Vivado_Projects/lab7_1/lab7_1.gen/sources_1/bd/design_1/ip/design_1_rst_clk_wiz_1_100M_0_1/design_1_rst_clk_wiz_1_100M_0.dcp' for cell 'mb_block_i/rst_clk_wiz_1_100M'
INFO: [Project 1-454] Reading design checkpoint 'c:/Users/curti/OneDrive/Documents/UIUC/ECE-385/Vivado_Projects/lab7_1/lab7_1.gen/sources_1/bd/design_1/ip/design_1_xbar_0_1/design_1_xbar_0.dcp' for cell 'mb_block_i/microblaze_0_axi_periph/xbar'
INFO: [Project 1-454] Reading design checkpoint 'c:/Users/curti/OneDrive/Documents/UIUC/ECE-385/Vivado_Projects/lab7_1/lab7_1.gen/sources_1/bd/design_1/ip/design_1_dlmb_bram_if_cntlr_0_1/design_1_dlmb_bram_if_cntlr_0.dcp' for cell 'mb_block_i/microblaze_0_local_memory/dlmb_bram_if_cntlr'
INFO: [Project 1-454] Reading design checkpoint 'c:/Users/curti/OneDrive/Documents/UIUC/ECE-385/Vivado_Projects/lab7_1/lab7_1.gen/sources_1/bd/design_1/ip/design_1_dlmb_v10_0_1/design_1_dlmb_v10_0.dcp' for cell 'mb_block_i/microblaze_0_local_memory/dlmb_v10'
INFO: [Project 1-454] Reading design checkpoint 'c:/Users/curti/OneDrive/Documents/UIUC/ECE-385/Vivado_Projects/lab7_1/lab7_1.gen/sources_1/bd/design_1/ip/design_1_ilmb_bram_if_cntlr_0_1/design_1_ilmb_bram_if_cntlr_0.dcp' for cell 'mb_block_i/microblaze_0_local_memory/ilmb_bram_if_cntlr'
INFO: [Project 1-454] Reading design checkpoint 'c:/Users/curti/OneDrive/Documents/UIUC/ECE-385/Vivado_Projects/lab7_1/lab7_1.gen/sources_1/bd/design_1/ip/design_1_ilmb_v10_0_1/design_1_ilmb_v10_0.dcp' for cell 'mb_block_i/microblaze_0_local_memory/ilmb_v10'
INFO: [Project 1-454] Reading design checkpoint 'c:/Users/curti/OneDrive/Documents/UIUC/ECE-385/Vivado_Projects/lab7_1/lab7_1.gen/sources_1/bd/design_1/ip/design_1_lmb_bram_0_1/design_1_lmb_bram_0.dcp' for cell 'mb_block_i/microblaze_0_local_memory/lmb_bram'
Netlist sorting complete. Time (s): cpu = 00:00:00 ; elapsed = 00:00:00.167 . Memory (MB): peak = 2511.051 ; gain = 0.000
INFO: [Netlist 29-17] Analyzing 349 Unisim elements for replacement
INFO: [Netlist 29-28] Unisim Transformation completed in 0 CPU seconds
INFO: [Project 1-479] Netlist was created with Vivado 2022.2
INFO: [Project 1-570] Preparing netlist for logic optimization
WARNING: [Constraints 18-550] Could not create 'IBUF_LOW_PWR' constraint because net 'mb_block_i/hdmi_text_controller_0/axi_aclk' is not directly connected to top level port. Synthesis is ignored for IBUF_LOW_PWR but preserved for implementation.

Processing XDC Constraints
Initializing timing engine
Parsing XDC File [c:/Users/curti/OneDrive/Documents/UIUC/ECE-385/Vivado_Projects/lab7_1/lab7_1.gen/sources_1/bd/design_1/ip/design_1_microblaze_0_1/design_1_microblaze_0_1.xdc] for cell 'mb_block_i/microblaze_0/U0'
Finished Parsing XDC File [c:/Users/curti/OneDrive/Documents/UIUC/ECE-385/Vivado_Projects/lab7_1/lab7_1.gen/sources_1/bd/design_1/ip/design_1_microblaze_0_1/design_1_microblaze_0_1.xdc] for cell 'mb_block_i/microblaze_0/U0'
INFO: [Project 1-236] Implementation specific constraints were found while reading constraint file [c:/Users/curti/OneDrive/Documents/UIUC/ECE-385/Vivado_Projects/lab7_1/lab7_1.gen/sources_1/bd/design_1/ip/design_1_microblaze_0_1/design_1_microblaze_0_1.xdc]. These constraints will be ignored for synthesis but will be used in implementation. Impacted constraints are listed in the file [.Xil/mb_usb_hdmi_top_propImpl.xdc].
Resolution: To avoid this warning, move constraints listed in [.Xil/mb_usb_hdmi_top_propImpl.xdc] to another XDC file and exclude this new file from synthesis with the used_in_synthesis property (File Properties dialog in GUI) and re-run elaboration/synthesis.
Parsing XDC File [c:/Users/curti/OneDrive/Documents/UIUC/ECE-385/Vivado_Projects/lab7_1/lab7_1.gen/sources_1/bd/design_1/ip/design_1_microblaze_0_axi_intc_0_1/design_1_microblaze_0_axi_intc_0.xdc] for cell 'mb_block_i/microblaze_0_axi_intc/U0'
Finished Parsing XDC File [c:/Users/curti/OneDrive/Documents/UIUC/ECE-385/Vivado_Projects/lab7_1/lab7_1.gen/sources_1/bd/design_1/ip/design_1_microblaze_0_axi_intc_0_1/design_1_microblaze_0_axi_intc_0.xdc] for cell 'mb_block_i/microblaze_0_axi_intc/U0'
Parsing XDC File [c:/Users/curti/OneDrive/Documents/UIUC/ECE-385/Vivado_Projects/lab7_1/lab7_1.gen/sources_1/bd/design_1/ip/design_1_clk_wiz_1_0_1/design_1_clk_wiz_1_0_board.xdc] for cell 'mb_block_i/clk_wiz_1/inst'
Finished Parsing XDC File [c:/Users/curti/OneDrive/Documents/UIUC/ECE-385/Vivado_Projects/lab7_1/lab7_1.gen/sources_1/bd/design_1/ip/design_1_clk_wiz_1_0_1/design_1_clk_wiz_1_0_board.xdc] for cell 'mb_block_i/clk_wiz_1/inst'
Parsing XDC File [c:/Users/curti/OneDrive/Documents/UIUC/ECE-385/Vivado_Projects/lab7_1/lab7_1.gen/sources_1/bd/design_1/ip/design_1_clk_wiz_1_0_1/design_1_clk_wiz_1_0.xdc] for cell 'mb_block_i/clk_wiz_1/inst'
Finished Parsing XDC File [c:/Users/curti/OneDrive/Documents/UIUC/ECE-385/Vivado_Projects/lab7_1/lab7_1.gen/sources_1/bd/design_1/ip/design_1_clk_wiz_1_0_1/design_1_clk_wiz_1_0.xdc] for cell 'mb_block_i/clk_wiz_1/inst'
INFO: [Project 1-236] Implementation specific constraints were found while reading constraint file [c:/Users/curti/OneDrive/Documents/UIUC/ECE-385/Vivado_Projects/lab7_1/lab7_1.gen/sources_1/bd/design_1/ip/design_1_clk_wiz_1_0_1/design_1_clk_wiz_1_0.xdc]. These constraints will be ignored for synthesis but will be used in implementation. Impacted constraints are listed in the file [.Xil/mb_usb_hdmi_top_propImpl.xdc].
Resolution: To avoid this warning, move constraints listed in [.Xil/mb_usb_hdmi_top_propImpl.xdc] to another XDC file and exclude this new file from synthesis with the used_in_synthesis property (File Properties dialog in GUI) and re-run elaboration/synthesis.
Parsing XDC File [c:/Users/curti/OneDrive/Documents/UIUC/ECE-385/Vivado_Projects/lab7_1/lab7_1.gen/sources_1/bd/design_1/ip/design_1_rst_clk_wiz_1_100M_0_1/design_1_rst_clk_wiz_1_100M_0_board.xdc] for cell 'mb_block_i/rst_clk_wiz_1_100M/U0'
Finished Parsing XDC File [c:/Users/curti/OneDrive/Documents/UIUC/ECE-385/Vivado_Projects/lab7_1/lab7_1.gen/sources_1/bd/design_1/ip/design_1_rst_clk_wiz_1_100M_0_1/design_1_rst_clk_wiz_1_100M_0_board.xdc] for cell 'mb_block_i/rst_clk_wiz_1_100M/U0'
Parsing XDC File [c:/Users/curti/OneDrive/Documents/UIUC/ECE-385/Vivado_Projects/lab7_1/lab7_1.gen/sources_1/bd/design_1/ip/design_1_rst_clk_wiz_1_100M_0_1/design_1_rst_clk_wiz_1_100M_0.xdc] for cell 'mb_block_i/rst_clk_wiz_1_100M/U0'
Finished Parsing XDC File [c:/Users/curti/OneDrive/Documents/UIUC/ECE-385/Vivado_Projects/lab7_1/lab7_1.gen/sources_1/bd/design_1/ip/design_1_rst_clk_wiz_1_100M_0_1/design_1_rst_clk_wiz_1_100M_0.xdc] for cell 'mb_block_i/rst_clk_wiz_1_100M/U0'
Parsing XDC File [c:/Users/curti/OneDrive/Documents/UIUC/ECE-385/Vivado_Projects/lab7_1/lab7_1.gen/sources_1/bd/design_1/ip/design_1_axi_uartlite_0_0_1/design_1_axi_uartlite_0_0_board.xdc] for cell 'mb_block_i/axi_uartlite_0/U0'
Finished Parsing XDC File [c:/Users/curti/OneDrive/Documents/UIUC/ECE-385/Vivado_Projects/lab7_1/lab7_1.gen/sources_1/bd/design_1/ip/design_1_axi_uartlite_0_0_1/design_1_axi_uartlite_0_0_board.xdc] for cell 'mb_block_i/axi_uartlite_0/U0'
Parsing XDC File [c:/Users/curti/OneDrive/Documents/UIUC/ECE-385/Vivado_Projects/lab7_1/lab7_1.gen/sources_1/bd/design_1/ip/design_1_axi_uartlite_0_0_1/design_1_axi_uartlite_0_0.xdc] for cell 'mb_block_i/axi_uartlite_0/U0'
Finished Parsing XDC File [c:/Users/curti/OneDrive/Documents/UIUC/ECE-385/Vivado_Projects/lab7_1/lab7_1.gen/sources_1/bd/design_1/ip/design_1_axi_uartlite_0_0_1/design_1_axi_uartlite_0_0.xdc] for cell 'mb_block_i/axi_uartlite_0/U0'
Parsing XDC File [c:/Users/curti/OneDrive/Documents/UIUC/ECE-385/Vivado_Projects/lab7_1/lab7_1.gen/sources_1/bd/design_1/ip/design_1_hdmi_text_controller_0_1/src/clk_wiz_0_2/clk_wiz_0.xdc] for cell 'mb_block_i/hdmi_text_controller_0/inst/clk_wiz/inst'
Finished Parsing XDC File [c:/Users/curti/OneDrive/Documents/UIUC/ECE-385/Vivado_Projects/lab7_1/lab7_1.gen/sources_1/bd/design_1/ip/design_1_hdmi_text_controller_0_1/src/clk_wiz_0_2/clk_wiz_0.xdc] for cell 'mb_block_i/hdmi_text_controller_0/inst/clk_wiz/inst'
INFO: [Project 1-236] Implementation specific constraints were found while reading constraint file [c:/Users/curti/OneDrive/Documents/UIUC/ECE-385/Vivado_Projects/lab7_1/lab7_1.gen/sources_1/bd/design_1/ip/design_1_hdmi_text_controller_0_1/src/clk_wiz_0_2/clk_wiz_0.xdc]. These constraints will be ignored for synthesis but will be used in implementation. Impacted constraints are listed in the file [.Xil/mb_usb_hdmi_top_propImpl.xdc].
Resolution: To avoid this warning, move constraints listed in [.Xil/mb_usb_hdmi_top_propImpl.xdc] to another XDC file and exclude this new file from synthesis with the used_in_synthesis property (File Properties dialog in GUI) and re-run elaboration/synthesis.
INFO: [Timing 38-2] Deriving generated clocks
Parsing XDC File [C:/Users/curti/OneDrive/Documents/UIUC/ECE-385/Vivado_Projects/lab7_1/lab7_1_provided_fa24/mb_usb_hdmi_top.xdc]
CRITICAL WARNING: [Constraints 18-1056] Clock 'clk_100' completely overrides clock 'Clk'.
New: create_clock -period 10.000 -name clk_100 -waveform {0.000 5.000} [get_ports Clk], [C:/Users/curti/OneDrive/Documents/UIUC/ECE-385/Vivado_Projects/lab7_1/lab7_1_provided_fa24/mb_usb_hdmi_top.xdc:1]
Previous: create_clock -period 10.000 [get_ports Clk], [c:/Users/curti/OneDrive/Documents/UIUC/ECE-385/Vivado_Projects/lab7_1/lab7_1.gen/sources_1/bd/design_1/ip/design_1_clk_wiz_1_0_1/design_1_clk_wiz_1_0.xdc:56]
Resolution: Review the constraint files and remove the redundant clock definition(s). If the clock constraints are not saved in a file, you can first save the constraints to an XDC file and reload the design once the constraints have been corrected.
Finished Parsing XDC File [C:/Users/curti/OneDrive/Documents/UIUC/ECE-385/Vivado_Projects/lab7_1/lab7_1_provided_fa24/mb_usb_hdmi_top.xdc]
Parsing XDC File [c:/Users/curti/OneDrive/Documents/UIUC/ECE-385/Vivado_Projects/lab7_1/lab7_1.gen/sources_1/bd/design_1/ip/design_1_microblaze_0_axi_intc_0_1/design_1_microblaze_0_axi_intc_0_clocks.xdc] for cell 'mb_block_i/microblaze_0_axi_intc/U0'
Finished Parsing XDC File [c:/Users/curti/OneDrive/Documents/UIUC/ECE-385/Vivado_Projects/lab7_1/lab7_1.gen/sources_1/bd/design_1/ip/design_1_microblaze_0_axi_intc_0_1/design_1_microblaze_0_axi_intc_0_clocks.xdc] for cell 'mb_block_i/microblaze_0_axi_intc/U0'
Parsing XDC File [c:/Users/curti/OneDrive/Documents/UIUC/ECE-385/Vivado_Projects/lab7_1/lab7_1.gen/sources_1/bd/design_1/ip/design_1_mdm_1_0_1/design_1_mdm_1_0.xdc] for cell 'mb_block_i/mdm_1/U0'
INFO: [Timing 38-2] Deriving generated clocks [c:/Users/curti/OneDrive/Documents/UIUC/ECE-385/Vivado_Projects/lab7_1/lab7_1.gen/sources_1/bd/design_1/ip/design_1_mdm_1_0_1/design_1_mdm_1_0.xdc:50]
Finished Parsing XDC File [c:/Users/curti/OneDrive/Documents/UIUC/ECE-385/Vivado_Projects/lab7_1/lab7_1.gen/sources_1/bd/design_1/ip/design_1_mdm_1_0_1/design_1_mdm_1_0.xdc] for cell 'mb_block_i/mdm_1/U0'
INFO: [Project 1-236] Implementation specific constraints were found while reading constraint file [c:/Users/curti/OneDrive/Documents/UIUC/ECE-385/Vivado_Projects/lab7_1/lab7_1.gen/sources_1/bd/design_1/ip/design_1_mdm_1_0_1/design_1_mdm_1_0.xdc]. These constraints will be ignored for synthesis but will be used in implementation. Impacted constraints are listed in the file [.Xil/mb_usb_hdmi_top_propImpl.xdc].
Resolution: To avoid this warning, move constraints listed in [.Xil/mb_usb_hdmi_top_propImpl.xdc] to another XDC file and exclude this new file from synthesis with the used_in_synthesis property (File Properties dialog in GUI) and re-run elaboration/synthesis.
Completed Processing XDC Constraints

Netlist sorting complete. Time (s): cpu = 00:00:00 ; elapsed = 00:00:00.009 . Memory (MB): peak = 2558.598 ; gain = 0.000
INFO: [Project 1-111] Unisim Transformation Summary:
  A total of 241 instances were transformed.
  LUT6_2 => LUT6_2 (LUT5, LUT6): 145 instances
  RAM16X1D => RAM32X1D (RAMD32(x2)): 32 instances
  RAM32X1D => RAM32X1D (RAMD32(x2)): 64 instances

RTL Elaboration Complete:  : Time (s): cpu = 00:00:08 ; elapsed = 00:00:10 . Memory (MB): peak = 2680.859 ; gain = 650.367
68 Infos, 73 Warnings, 1 Critical Warnings and 0 Errors encountered.
synth_design completed successfully
synth_design: Time (s): cpu = 00:00:09 ; elapsed = 00:00:10 . Memory (MB): peak = 2680.859 ; gain = 677.395
close_design
create_ip_run [get_files -of_objects [get_fileset sources_1] C:/Users/curti/OneDrive/Documents/UIUC/ECE-385/Vivado_Projects/lab7_1/lab7_1.srcs/sources_1/bd/design_1/design_1.bd]
synth_design -rtl -rtl_skip_mlo -name rtl_1
Command: synth_design -rtl -rtl_skip_mlo -name rtl_1
Starting synth_design
Using part: xc7s50csga324-1
Top: mb_usb_hdmi_top
INFO: [Synth 8-11241] undeclared symbol 'REGCCE', assumed default net type 'wire' [C:/Xilinx/Vivado/2022.2/data/verilog/src/unimacro/BRAM_SINGLE_MACRO.v:2170]
---------------------------------------------------------------------------------
Starting RTL Elaboration : Time (s): cpu = 00:00:03 ; elapsed = 00:00:04 . Memory (MB): peak = 2709.828 ; gain = 0.000
---------------------------------------------------------------------------------
INFO: [Synth 8-6157] synthesizing module 'mb_usb_hdmi_top' [C:/Users/curti/OneDrive/Documents/UIUC/ECE-385/Vivado_Projects/lab7_1/lab7_1_provided_fa24/mb_usb_hdmi_top.sv:14]
INFO: [Synth 8-6157] synthesizing module 'design_1' [c:/Users/curti/OneDrive/Documents/UIUC/ECE-385/Vivado_Projects/lab7_1/lab7_1.gen/sources_1/bd/design_1/synth/design_1.v:12]
INFO: [Synth 8-6157] synthesizing module 'design_1_axi_uartlite_0_0' [C:/Users/curti/OneDrive/Documents/UIUC/ECE-385/Vivado_Projects/lab7_1/.Xil/Vivado-25684-Curtis-Laptop/realtime/design_1_axi_uartlite_0_0_stub.v:5]
INFO: [Synth 8-6155] done synthesizing module 'design_1_axi_uartlite_0_0' (0#1) [C:/Users/curti/OneDrive/Documents/UIUC/ECE-385/Vivado_Projects/lab7_1/.Xil/Vivado-25684-Curtis-Laptop/realtime/design_1_axi_uartlite_0_0_stub.v:5]
INFO: [Synth 8-6157] synthesizing module 'design_1_clk_wiz_1_0' [C:/Users/curti/OneDrive/Documents/UIUC/ECE-385/Vivado_Projects/lab7_1/.Xil/Vivado-25684-Curtis-Laptop/realtime/design_1_clk_wiz_1_0_stub.v:5]
INFO: [Synth 8-6155] done synthesizing module 'design_1_clk_wiz_1_0' (0#1) [C:/Users/curti/OneDrive/Documents/UIUC/ECE-385/Vivado_Projects/lab7_1/.Xil/Vivado-25684-Curtis-Laptop/realtime/design_1_clk_wiz_1_0_stub.v:5]
INFO: [Synth 8-6157] synthesizing module 'design_1_hdmi_text_controller_0_1' [C:/Users/curti/OneDrive/Documents/UIUC/ECE-385/Vivado_Projects/lab7_1/.Xil/Vivado-25684-Curtis-Laptop/realtime/design_1_hdmi_text_controller_0_1_stub.v:5]
INFO: [Synth 8-6155] done synthesizing module 'design_1_hdmi_text_controller_0_1' (0#1) [C:/Users/curti/OneDrive/Documents/UIUC/ECE-385/Vivado_Projects/lab7_1/.Xil/Vivado-25684-Curtis-Laptop/realtime/design_1_hdmi_text_controller_0_1_stub.v:5]
INFO: [Synth 8-6157] synthesizing module 'design_1_mdm_1_0' [C:/Users/curti/OneDrive/Documents/UIUC/ECE-385/Vivado_Projects/lab7_1/.Xil/Vivado-25684-Curtis-Laptop/realtime/design_1_mdm_1_0_stub.v:5]
INFO: [Synth 8-6155] done synthesizing module 'design_1_mdm_1_0' (0#1) [C:/Users/curti/OneDrive/Documents/UIUC/ECE-385/Vivado_Projects/lab7_1/.Xil/Vivado-25684-Curtis-Laptop/realtime/design_1_mdm_1_0_stub.v:5]
INFO: [Synth 8-6157] synthesizing module 'design_1_microblaze_0_1' [C:/Users/curti/OneDrive/Documents/UIUC/ECE-385/Vivado_Projects/lab7_1/.Xil/Vivado-25684-Curtis-Laptop/realtime/design_1_microblaze_0_1_stub.v:5]
INFO: [Synth 8-6155] done synthesizing module 'design_1_microblaze_0_1' (0#1) [C:/Users/curti/OneDrive/Documents/UIUC/ECE-385/Vivado_Projects/lab7_1/.Xil/Vivado-25684-Curtis-Laptop/realtime/design_1_microblaze_0_1_stub.v:5]
INFO: [Synth 8-6157] synthesizing module 'design_1_microblaze_0_axi_intc_0' [C:/Users/curti/OneDrive/Documents/UIUC/ECE-385/Vivado_Projects/lab7_1/.Xil/Vivado-25684-Curtis-Laptop/realtime/design_1_microblaze_0_axi_intc_0_stub.v:5]
INFO: [Synth 8-6155] done synthesizing module 'design_1_microblaze_0_axi_intc_0' (0#1) [C:/Users/curti/OneDrive/Documents/UIUC/ECE-385/Vivado_Projects/lab7_1/.Xil/Vivado-25684-Curtis-Laptop/realtime/design_1_microblaze_0_axi_intc_0_stub.v:5]
INFO: [Synth 8-6157] synthesizing module 'design_1_microblaze_0_axi_periph_0' [c:/Users/curti/OneDrive/Documents/UIUC/ECE-385/Vivado_Projects/lab7_1/lab7_1.gen/sources_1/bd/design_1/synth/design_1.v:420]
INFO: [Synth 8-6157] synthesizing module 'm00_couplers_imp_8RVYHO' [c:/Users/curti/OneDrive/Documents/UIUC/ECE-385/Vivado_Projects/lab7_1/lab7_1.gen/sources_1/bd/design_1/synth/design_1.v:1016]
INFO: [Synth 8-6155] done synthesizing module 'm00_couplers_imp_8RVYHO' (0#1) [c:/Users/curti/OneDrive/Documents/UIUC/ECE-385/Vivado_Projects/lab7_1/lab7_1.gen/sources_1/bd/design_1/synth/design_1.v:1016]
INFO: [Synth 8-6157] synthesizing module 'm01_couplers_imp_1UTB3Y5' [c:/Users/curti/OneDrive/Documents/UIUC/ECE-385/Vivado_Projects/lab7_1/lab7_1.gen/sources_1/bd/design_1/synth/design_1.v:1148]
INFO: [Synth 8-6155] done synthesizing module 'm01_couplers_imp_1UTB3Y5' (0#1) [c:/Users/curti/OneDrive/Documents/UIUC/ECE-385/Vivado_Projects/lab7_1/lab7_1.gen/sources_1/bd/design_1/synth/design_1.v:1148]
INFO: [Synth 8-6157] synthesizing module 'm02_couplers_imp_7ANRHB' [c:/Users/curti/OneDrive/Documents/UIUC/ECE-385/Vivado_Projects/lab7_1/lab7_1.gen/sources_1/bd/design_1/synth/design_1.v:1280]
INFO: [Synth 8-6155] done synthesizing module 'm02_couplers_imp_7ANRHB' (0#1) [c:/Users/curti/OneDrive/Documents/UIUC/ECE-385/Vivado_Projects/lab7_1/lab7_1.gen/sources_1/bd/design_1/synth/design_1.v:1280]
INFO: [Synth 8-6157] synthesizing module 's00_couplers_imp_1RZP34U' [c:/Users/curti/OneDrive/Documents/UIUC/ECE-385/Vivado_Projects/lab7_1/lab7_1.gen/sources_1/bd/design_1/synth/design_1.v:1660]
INFO: [Synth 8-6155] done synthesizing module 's00_couplers_imp_1RZP34U' (0#1) [c:/Users/curti/OneDrive/Documents/UIUC/ECE-385/Vivado_Projects/lab7_1/lab7_1.gen/sources_1/bd/design_1/synth/design_1.v:1660]
INFO: [Synth 8-6157] synthesizing module 'design_1_xbar_0' [C:/Users/curti/OneDrive/Documents/UIUC/ECE-385/Vivado_Projects/lab7_1/.Xil/Vivado-25684-Curtis-Laptop/realtime/design_1_xbar_0_stub.v:5]
INFO: [Synth 8-6155] done synthesizing module 'design_1_xbar_0' (0#1) [C:/Users/curti/OneDrive/Documents/UIUC/ECE-385/Vivado_Projects/lab7_1/.Xil/Vivado-25684-Curtis-Laptop/realtime/design_1_xbar_0_stub.v:5]
INFO: [Synth 8-6155] done synthesizing module 'design_1_microblaze_0_axi_periph_0' (0#1) [c:/Users/curti/OneDrive/Documents/UIUC/ECE-385/Vivado_Projects/lab7_1/lab7_1.gen/sources_1/bd/design_1/synth/design_1.v:420]
INFO: [Synth 8-6157] synthesizing module 'microblaze_0_local_memory_imp_1K0VQXK' [c:/Users/curti/OneDrive/Documents/UIUC/ECE-385/Vivado_Projects/lab7_1/lab7_1.gen/sources_1/bd/design_1/synth/design_1.v:1426]
INFO: [Synth 8-6157] synthesizing module 'design_1_dlmb_bram_if_cntlr_0' [C:/Users/curti/OneDrive/Documents/UIUC/ECE-385/Vivado_Projects/lab7_1/.Xil/Vivado-25684-Curtis-Laptop/realtime/design_1_dlmb_bram_if_cntlr_0_stub.v:5]
INFO: [Synth 8-6155] done synthesizing module 'design_1_dlmb_bram_if_cntlr_0' (0#1) [C:/Users/curti/OneDrive/Documents/UIUC/ECE-385/Vivado_Projects/lab7_1/.Xil/Vivado-25684-Curtis-Laptop/realtime/design_1_dlmb_bram_if_cntlr_0_stub.v:5]
INFO: [Synth 8-6157] synthesizing module 'design_1_dlmb_v10_0' [C:/Users/curti/OneDrive/Documents/UIUC/ECE-385/Vivado_Projects/lab7_1/.Xil/Vivado-25684-Curtis-Laptop/realtime/design_1_dlmb_v10_0_stub.v:5]
INFO: [Synth 8-6155] done synthesizing module 'design_1_dlmb_v10_0' (0#1) [C:/Users/curti/OneDrive/Documents/UIUC/ECE-385/Vivado_Projects/lab7_1/.Xil/Vivado-25684-Curtis-Laptop/realtime/design_1_dlmb_v10_0_stub.v:5]
WARNING: [Synth 8-7071] port 'LMB_Rst' of module 'design_1_dlmb_v10_0' is unconnected for instance 'dlmb_v10' [c:/Users/curti/OneDrive/Documents/UIUC/ECE-385/Vivado_Projects/lab7_1/lab7_1.gen/sources_1/bd/design_1/synth/design_1.v:1572]
WARNING: [Synth 8-7023] instance 'dlmb_v10' of module 'design_1_dlmb_v10_0' has 25 connections declared, but only 24 given [c:/Users/curti/OneDrive/Documents/UIUC/ECE-385/Vivado_Projects/lab7_1/lab7_1.gen/sources_1/bd/design_1/synth/design_1.v:1572]
INFO: [Synth 8-6157] synthesizing module 'design_1_ilmb_bram_if_cntlr_0' [C:/Users/curti/OneDrive/Documents/UIUC/ECE-385/Vivado_Projects/lab7_1/.Xil/Vivado-25684-Curtis-Laptop/realtime/design_1_ilmb_bram_if_cntlr_0_stub.v:5]
INFO: [Synth 8-6155] done synthesizing module 'design_1_ilmb_bram_if_cntlr_0' (0#1) [C:/Users/curti/OneDrive/Documents/UIUC/ECE-385/Vivado_Projects/lab7_1/.Xil/Vivado-25684-Curtis-Laptop/realtime/design_1_ilmb_bram_if_cntlr_0_stub.v:5]
INFO: [Synth 8-6157] synthesizing module 'design_1_ilmb_v10_0' [C:/Users/curti/OneDrive/Documents/UIUC/ECE-385/Vivado_Projects/lab7_1/.Xil/Vivado-25684-Curtis-Laptop/realtime/design_1_ilmb_v10_0_stub.v:5]
INFO: [Synth 8-6155] done synthesizing module 'design_1_ilmb_v10_0' (0#1) [C:/Users/curti/OneDrive/Documents/UIUC/ECE-385/Vivado_Projects/lab7_1/.Xil/Vivado-25684-Curtis-Laptop/realtime/design_1_ilmb_v10_0_stub.v:5]
WARNING: [Synth 8-7071] port 'LMB_Rst' of module 'design_1_ilmb_v10_0' is unconnected for instance 'ilmb_v10' [c:/Users/curti/OneDrive/Documents/UIUC/ECE-385/Vivado_Projects/lab7_1/lab7_1.gen/sources_1/bd/design_1/synth/design_1.v:1618]
WARNING: [Synth 8-7023] instance 'ilmb_v10' of module 'design_1_ilmb_v10_0' has 25 connections declared, but only 24 given [c:/Users/curti/OneDrive/Documents/UIUC/ECE-385/Vivado_Projects/lab7_1/lab7_1.gen/sources_1/bd/design_1/synth/design_1.v:1618]
INFO: [Synth 8-6157] synthesizing module 'design_1_lmb_bram_0' [C:/Users/curti/OneDrive/Documents/UIUC/ECE-385/Vivado_Projects/lab7_1/.Xil/Vivado-25684-Curtis-Laptop/realtime/design_1_lmb_bram_0_stub.v:5]
INFO: [Synth 8-6155] done synthesizing module 'design_1_lmb_bram_0' (0#1) [C:/Users/curti/OneDrive/Documents/UIUC/ECE-385/Vivado_Projects/lab7_1/.Xil/Vivado-25684-Curtis-Laptop/realtime/design_1_lmb_bram_0_stub.v:5]
WARNING: [Synth 8-7071] port 'rsta_busy' of module 'design_1_lmb_bram_0' is unconnected for instance 'lmb_bram' [c:/Users/curti/OneDrive/Documents/UIUC/ECE-385/Vivado_Projects/lab7_1/lab7_1.gen/sources_1/bd/design_1/synth/design_1.v:1643]
WARNING: [Synth 8-7071] port 'rstb_busy' of module 'design_1_lmb_bram_0' is unconnected for instance 'lmb_bram' [c:/Users/curti/OneDrive/Documents/UIUC/ECE-385/Vivado_Projects/lab7_1/lab7_1.gen/sources_1/bd/design_1/synth/design_1.v:1643]
WARNING: [Synth 8-7023] instance 'lmb_bram' of module 'design_1_lmb_bram_0' has 16 connections declared, but only 14 given [c:/Users/curti/OneDrive/Documents/UIUC/ECE-385/Vivado_Projects/lab7_1/lab7_1.gen/sources_1/bd/design_1/synth/design_1.v:1643]
INFO: [Synth 8-6155] done synthesizing module 'microblaze_0_local_memory_imp_1K0VQXK' (0#1) [c:/Users/curti/OneDrive/Documents/UIUC/ECE-385/Vivado_Projects/lab7_1/lab7_1.gen/sources_1/bd/design_1/synth/design_1.v:1426]
INFO: [Synth 8-6157] synthesizing module 'design_1_rst_clk_wiz_1_100M_0' [C:/Users/curti/OneDrive/Documents/UIUC/ECE-385/Vivado_Projects/lab7_1/.Xil/Vivado-25684-Curtis-Laptop/realtime/design_1_rst_clk_wiz_1_100M_0_stub.v:5]
INFO: [Synth 8-6155] done synthesizing module 'design_1_rst_clk_wiz_1_100M_0' (0#1) [C:/Users/curti/OneDrive/Documents/UIUC/ECE-385/Vivado_Projects/lab7_1/.Xil/Vivado-25684-Curtis-Laptop/realtime/design_1_rst_clk_wiz_1_100M_0_stub.v:5]
WARNING: [Synth 8-7071] port 'peripheral_reset' of module 'design_1_rst_clk_wiz_1_100M_0' is unconnected for instance 'rst_clk_wiz_1_100M' [c:/Users/curti/OneDrive/Documents/UIUC/ECE-385/Vivado_Projects/lab7_1/lab7_1.gen/sources_1/bd/design_1/synth/design_1.v:409]
WARNING: [Synth 8-7071] port 'interconnect_aresetn' of module 'design_1_rst_clk_wiz_1_100M_0' is unconnected for instance 'rst_clk_wiz_1_100M' [c:/Users/curti/OneDrive/Documents/UIUC/ECE-385/Vivado_Projects/lab7_1/lab7_1.gen/sources_1/bd/design_1/synth/design_1.v:409]
WARNING: [Synth 8-7023] instance 'rst_clk_wiz_1_100M' of module 'design_1_rst_clk_wiz_1_100M_0' has 10 connections declared, but only 8 given [c:/Users/curti/OneDrive/Documents/UIUC/ECE-385/Vivado_Projects/lab7_1/lab7_1.gen/sources_1/bd/design_1/synth/design_1.v:409]
INFO: [Synth 8-6155] done synthesizing module 'design_1' (0#1) [c:/Users/curti/OneDrive/Documents/UIUC/ECE-385/Vivado_Projects/lab7_1/lab7_1.gen/sources_1/bd/design_1/synth/design_1.v:12]
INFO: [Synth 8-6155] done synthesizing module 'mb_usb_hdmi_top' (0#1) [C:/Users/curti/OneDrive/Documents/UIUC/ECE-385/Vivado_Projects/lab7_1/lab7_1_provided_fa24/mb_usb_hdmi_top.sv:14]
WARNING: [Synth 8-3848] Net gpio_usb_rst_tri_o in module/entity mb_usb_hdmi_top does not have driver. [C:/Users/curti/OneDrive/Documents/UIUC/ECE-385/Vivado_Projects/lab7_1/lab7_1_provided_fa24/mb_usb_hdmi_top.sv:20]
WARNING: [Synth 8-3848] Net usb_spi_mosi in module/entity mb_usb_hdmi_top does not have driver. [C:/Users/curti/OneDrive/Documents/UIUC/ECE-385/Vivado_Projects/lab7_1/lab7_1_provided_fa24/mb_usb_hdmi_top.sv:22]
WARNING: [Synth 8-3848] Net usb_spi_sclk in module/entity mb_usb_hdmi_top does not have driver. [C:/Users/curti/OneDrive/Documents/UIUC/ECE-385/Vivado_Projects/lab7_1/lab7_1_provided_fa24/mb_usb_hdmi_top.sv:23]
WARNING: [Synth 8-3848] Net usb_spi_ss in module/entity mb_usb_hdmi_top does not have driver. [C:/Users/curti/OneDrive/Documents/UIUC/ECE-385/Vivado_Projects/lab7_1/lab7_1_provided_fa24/mb_usb_hdmi_top.sv:24]
WARNING: [Synth 8-3848] Net hex_segA in module/entity mb_usb_hdmi_top does not have driver. [C:/Users/curti/OneDrive/Documents/UIUC/ECE-385/Vivado_Projects/lab7_1/lab7_1_provided_fa24/mb_usb_hdmi_top.sv:37]
WARNING: [Synth 8-3848] Net hex_gridA in module/entity mb_usb_hdmi_top does not have driver. [C:/Users/curti/OneDrive/Documents/UIUC/ECE-385/Vivado_Projects/lab7_1/lab7_1_provided_fa24/mb_usb_hdmi_top.sv:38]
WARNING: [Synth 8-3848] Net hex_segB in module/entity mb_usb_hdmi_top does not have driver. [C:/Users/curti/OneDrive/Documents/UIUC/ECE-385/Vivado_Projects/lab7_1/lab7_1_provided_fa24/mb_usb_hdmi_top.sv:39]
WARNING: [Synth 8-3848] Net hex_gridB in module/entity mb_usb_hdmi_top does not have driver. [C:/Users/curti/OneDrive/Documents/UIUC/ECE-385/Vivado_Projects/lab7_1/lab7_1_provided_fa24/mb_usb_hdmi_top.sv:40]
WARNING: [Synth 8-7129] Port M_ACLK in module s00_couplers_imp_1RZP34U is either unconnected or has no load
WARNING: [Synth 8-7129] Port M_ARESETN in module s00_couplers_imp_1RZP34U is either unconnected or has no load
WARNING: [Synth 8-7129] Port S_ACLK in module s00_couplers_imp_1RZP34U is either unconnected or has no load
WARNING: [Synth 8-7129] Port S_ARESETN in module s00_couplers_imp_1RZP34U is either unconnected or has no load
WARNING: [Synth 8-7129] Port M_ACLK in module m02_couplers_imp_7ANRHB is either unconnected or has no load
WARNING: [Synth 8-7129] Port M_ARESETN in module m02_couplers_imp_7ANRHB is either unconnected or has no load
WARNING: [Synth 8-7129] Port S_ACLK in module m02_couplers_imp_7ANRHB is either unconnected or has no load
WARNING: [Synth 8-7129] Port S_ARESETN in module m02_couplers_imp_7ANRHB is either unconnected or has no load
WARNING: [Synth 8-7129] Port M_ACLK in module m01_couplers_imp_1UTB3Y5 is either unconnected or has no load
WARNING: [Synth 8-7129] Port M_ARESETN in module m01_couplers_imp_1UTB3Y5 is either unconnected or has no load
WARNING: [Synth 8-7129] Port S_ACLK in module m01_couplers_imp_1UTB3Y5 is either unconnected or has no load
WARNING: [Synth 8-7129] Port S_ARESETN in module m01_couplers_imp_1UTB3Y5 is either unconnected or has no load
WARNING: [Synth 8-7129] Port M_ACLK in module m00_couplers_imp_8RVYHO is either unconnected or has no load
WARNING: [Synth 8-7129] Port M_ARESETN in module m00_couplers_imp_8RVYHO is either unconnected or has no load
WARNING: [Synth 8-7129] Port S_ACLK in module m00_couplers_imp_8RVYHO is either unconnected or has no load
WARNING: [Synth 8-7129] Port S_ARESETN in module m00_couplers_imp_8RVYHO is either unconnected or has no load
WARNING: [Synth 8-7129] Port M00_ACLK in module design_1_microblaze_0_axi_periph_0 is either unconnected or has no load
WARNING: [Synth 8-7129] Port M00_ARESETN in module design_1_microblaze_0_axi_periph_0 is either unconnected or has no load
WARNING: [Synth 8-7129] Port M01_ACLK in module design_1_microblaze_0_axi_periph_0 is either unconnected or has no load
WARNING: [Synth 8-7129] Port M01_ARESETN in module design_1_microblaze_0_axi_periph_0 is either unconnected or has no load
WARNING: [Synth 8-7129] Port M02_ACLK in module design_1_microblaze_0_axi_periph_0 is either unconnected or has no load
WARNING: [Synth 8-7129] Port M02_ARESETN in module design_1_microblaze_0_axi_periph_0 is either unconnected or has no load
WARNING: [Synth 8-7129] Port S00_ACLK in module design_1_microblaze_0_axi_periph_0 is either unconnected or has no load
WARNING: [Synth 8-7129] Port S00_ARESETN in module design_1_microblaze_0_axi_periph_0 is either unconnected or has no load
WARNING: [Synth 8-7129] Port gpio_usb_rst_tri_o in module mb_usb_hdmi_top is either unconnected or has no load
WARNING: [Synth 8-7129] Port usb_spi_mosi in module mb_usb_hdmi_top is either unconnected or has no load
WARNING: [Synth 8-7129] Port usb_spi_sclk in module mb_usb_hdmi_top is either unconnected or has no load
WARNING: [Synth 8-7129] Port usb_spi_ss in module mb_usb_hdmi_top is either unconnected or has no load
WARNING: [Synth 8-7129] Port hex_segA[7] in module mb_usb_hdmi_top is either unconnected or has no load
WARNING: [Synth 8-7129] Port hex_segA[6] in module mb_usb_hdmi_top is either unconnected or has no load
WARNING: [Synth 8-7129] Port hex_segA[5] in module mb_usb_hdmi_top is either unconnected or has no load
WARNING: [Synth 8-7129] Port hex_segA[4] in module mb_usb_hdmi_top is either unconnected or has no load
WARNING: [Synth 8-7129] Port hex_segA[3] in module mb_usb_hdmi_top is either unconnected or has no load
WARNING: [Synth 8-7129] Port hex_segA[2] in module mb_usb_hdmi_top is either unconnected or has no load
WARNING: [Synth 8-7129] Port hex_segA[1] in module mb_usb_hdmi_top is either unconnected or has no load
WARNING: [Synth 8-7129] Port hex_segA[0] in module mb_usb_hdmi_top is either unconnected or has no load
WARNING: [Synth 8-7129] Port hex_gridA[3] in module mb_usb_hdmi_top is either unconnected or has no load
WARNING: [Synth 8-7129] Port hex_gridA[2] in module mb_usb_hdmi_top is either unconnected or has no load
WARNING: [Synth 8-7129] Port hex_gridA[1] in module mb_usb_hdmi_top is either unconnected or has no load
WARNING: [Synth 8-7129] Port hex_gridA[0] in module mb_usb_hdmi_top is either unconnected or has no load
WARNING: [Synth 8-7129] Port hex_segB[7] in module mb_usb_hdmi_top is either unconnected or has no load
WARNING: [Synth 8-7129] Port hex_segB[6] in module mb_usb_hdmi_top is either unconnected or has no load
WARNING: [Synth 8-7129] Port hex_segB[5] in module mb_usb_hdmi_top is either unconnected or has no load
WARNING: [Synth 8-7129] Port hex_segB[4] in module mb_usb_hdmi_top is either unconnected or has no load
WARNING: [Synth 8-7129] Port hex_segB[3] in module mb_usb_hdmi_top is either unconnected or has no load
WARNING: [Synth 8-7129] Port hex_segB[2] in module mb_usb_hdmi_top is either unconnected or has no load
WARNING: [Synth 8-7129] Port hex_segB[1] in module mb_usb_hdmi_top is either unconnected or has no load
WARNING: [Synth 8-7129] Port hex_segB[0] in module mb_usb_hdmi_top is either unconnected or has no load
WARNING: [Synth 8-7129] Port hex_gridB[3] in module mb_usb_hdmi_top is either unconnected or has no load
WARNING: [Synth 8-7129] Port hex_gridB[2] in module mb_usb_hdmi_top is either unconnected or has no load
WARNING: [Synth 8-7129] Port hex_gridB[1] in module mb_usb_hdmi_top is either unconnected or has no load
WARNING: [Synth 8-7129] Port hex_gridB[0] in module mb_usb_hdmi_top is either unconnected or has no load
WARNING: [Synth 8-7129] Port gpio_usb_int_tri_i[0] in module mb_usb_hdmi_top is either unconnected or has no load
WARNING: [Synth 8-7129] Port usb_spi_miso in module mb_usb_hdmi_top is either unconnected or has no load
---------------------------------------------------------------------------------
Finished RTL Elaboration : Time (s): cpu = 00:00:04 ; elapsed = 00:00:05 . Memory (MB): peak = 2709.828 ; gain = 0.000
---------------------------------------------------------------------------------
---------------------------------------------------------------------------------
Start Handling Custom Attributes
---------------------------------------------------------------------------------
---------------------------------------------------------------------------------
Finished Handling Custom Attributes : Time (s): cpu = 00:00:04 ; elapsed = 00:00:05 . Memory (MB): peak = 2709.828 ; gain = 0.000
---------------------------------------------------------------------------------
---------------------------------------------------------------------------------
Finished RTL Optimization Phase 1 : Time (s): cpu = 00:00:04 ; elapsed = 00:00:05 . Memory (MB): peak = 2709.828 ; gain = 0.000
---------------------------------------------------------------------------------
INFO: [Project 1-454] Reading design checkpoint 'c:/Users/curti/OneDrive/Documents/UIUC/ECE-385/Vivado_Projects/lab7_1/lab7_1.gen/sources_1/bd/design_1/ip/design_1_axi_uartlite_0_0_1/design_1_axi_uartlite_0_0.dcp' for cell 'mb_block_i/axi_uartlite_0'
INFO: [Project 1-454] Reading design checkpoint 'c:/Users/curti/OneDrive/Documents/UIUC/ECE-385/Vivado_Projects/lab7_1/lab7_1.gen/sources_1/bd/design_1/ip/design_1_clk_wiz_1_0_1/design_1_clk_wiz_1_0.dcp' for cell 'mb_block_i/clk_wiz_1'
INFO: [Project 1-454] Reading design checkpoint 'c:/Users/curti/OneDrive/Documents/UIUC/ECE-385/Vivado_Projects/lab7_1/lab7_1.gen/sources_1/bd/design_1/ip/design_1_hdmi_text_controller_0_1/design_1_hdmi_text_controller_0_1.dcp' for cell 'mb_block_i/hdmi_text_controller_0'
INFO: [Project 1-454] Reading design checkpoint 'c:/Users/curti/OneDrive/Documents/UIUC/ECE-385/Vivado_Projects/lab7_1/lab7_1.gen/sources_1/bd/design_1/ip/design_1_mdm_1_0_1/design_1_mdm_1_0.dcp' for cell 'mb_block_i/mdm_1'
INFO: [Project 1-454] Reading design checkpoint 'c:/Users/curti/OneDrive/Documents/UIUC/ECE-385/Vivado_Projects/lab7_1/lab7_1.gen/sources_1/bd/design_1/ip/design_1_microblaze_0_1/design_1_microblaze_0_1.dcp' for cell 'mb_block_i/microblaze_0'
INFO: [Project 1-454] Reading design checkpoint 'c:/Users/curti/OneDrive/Documents/UIUC/ECE-385/Vivado_Projects/lab7_1/lab7_1.gen/sources_1/bd/design_1/ip/design_1_microblaze_0_axi_intc_0_1/design_1_microblaze_0_axi_intc_0.dcp' for cell 'mb_block_i/microblaze_0_axi_intc'
INFO: [Project 1-454] Reading design checkpoint 'c:/Users/curti/OneDrive/Documents/UIUC/ECE-385/Vivado_Projects/lab7_1/lab7_1.gen/sources_1/bd/design_1/ip/design_1_rst_clk_wiz_1_100M_0_1/design_1_rst_clk_wiz_1_100M_0.dcp' for cell 'mb_block_i/rst_clk_wiz_1_100M'
INFO: [Project 1-454] Reading design checkpoint 'c:/Users/curti/OneDrive/Documents/UIUC/ECE-385/Vivado_Projects/lab7_1/lab7_1.gen/sources_1/bd/design_1/ip/design_1_xbar_0_1/design_1_xbar_0.dcp' for cell 'mb_block_i/microblaze_0_axi_periph/xbar'
INFO: [Project 1-454] Reading design checkpoint 'c:/Users/curti/OneDrive/Documents/UIUC/ECE-385/Vivado_Projects/lab7_1/lab7_1.gen/sources_1/bd/design_1/ip/design_1_dlmb_bram_if_cntlr_0_1/design_1_dlmb_bram_if_cntlr_0.dcp' for cell 'mb_block_i/microblaze_0_local_memory/dlmb_bram_if_cntlr'
INFO: [Project 1-454] Reading design checkpoint 'c:/Users/curti/OneDrive/Documents/UIUC/ECE-385/Vivado_Projects/lab7_1/lab7_1.gen/sources_1/bd/design_1/ip/design_1_dlmb_v10_0_1/design_1_dlmb_v10_0.dcp' for cell 'mb_block_i/microblaze_0_local_memory/dlmb_v10'
INFO: [Project 1-454] Reading design checkpoint 'c:/Users/curti/OneDrive/Documents/UIUC/ECE-385/Vivado_Projects/lab7_1/lab7_1.gen/sources_1/bd/design_1/ip/design_1_ilmb_bram_if_cntlr_0_1/design_1_ilmb_bram_if_cntlr_0.dcp' for cell 'mb_block_i/microblaze_0_local_memory/ilmb_bram_if_cntlr'
INFO: [Project 1-454] Reading design checkpoint 'c:/Users/curti/OneDrive/Documents/UIUC/ECE-385/Vivado_Projects/lab7_1/lab7_1.gen/sources_1/bd/design_1/ip/design_1_ilmb_v10_0_1/design_1_ilmb_v10_0.dcp' for cell 'mb_block_i/microblaze_0_local_memory/ilmb_v10'
INFO: [Project 1-454] Reading design checkpoint 'c:/Users/curti/OneDrive/Documents/UIUC/ECE-385/Vivado_Projects/lab7_1/lab7_1.gen/sources_1/bd/design_1/ip/design_1_lmb_bram_0_1/design_1_lmb_bram_0.dcp' for cell 'mb_block_i/microblaze_0_local_memory/lmb_bram'
Netlist sorting complete. Time (s): cpu = 00:00:01 ; elapsed = 00:00:00.169 . Memory (MB): peak = 2709.828 ; gain = 0.000
INFO: [Netlist 29-17] Analyzing 349 Unisim elements for replacement
INFO: [Netlist 29-28] Unisim Transformation completed in 0 CPU seconds
INFO: [Project 1-479] Netlist was created with Vivado 2022.2
INFO: [Project 1-570] Preparing netlist for logic optimization
WARNING: [Constraints 18-550] Could not create 'IBUF_LOW_PWR' constraint because net 'mb_block_i/hdmi_text_controller_0/axi_aclk' is not directly connected to top level port. Synthesis is ignored for IBUF_LOW_PWR but preserved for implementation.

Processing XDC Constraints
Initializing timing engine
Parsing XDC File [c:/Users/curti/OneDrive/Documents/UIUC/ECE-385/Vivado_Projects/lab7_1/lab7_1.gen/sources_1/bd/design_1/ip/design_1_microblaze_0_1/design_1_microblaze_0_1.xdc] for cell 'mb_block_i/microblaze_0/U0'
Finished Parsing XDC File [c:/Users/curti/OneDrive/Documents/UIUC/ECE-385/Vivado_Projects/lab7_1/lab7_1.gen/sources_1/bd/design_1/ip/design_1_microblaze_0_1/design_1_microblaze_0_1.xdc] for cell 'mb_block_i/microblaze_0/U0'
INFO: [Project 1-236] Implementation specific constraints were found while reading constraint file [c:/Users/curti/OneDrive/Documents/UIUC/ECE-385/Vivado_Projects/lab7_1/lab7_1.gen/sources_1/bd/design_1/ip/design_1_microblaze_0_1/design_1_microblaze_0_1.xdc]. These constraints will be ignored for synthesis but will be used in implementation. Impacted constraints are listed in the file [.Xil/mb_usb_hdmi_top_propImpl.xdc].
Resolution: To avoid this warning, move constraints listed in [.Xil/mb_usb_hdmi_top_propImpl.xdc] to another XDC file and exclude this new file from synthesis with the used_in_synthesis property (File Properties dialog in GUI) and re-run elaboration/synthesis.
Parsing XDC File [c:/Users/curti/OneDrive/Documents/UIUC/ECE-385/Vivado_Projects/lab7_1/lab7_1.gen/sources_1/bd/design_1/ip/design_1_microblaze_0_axi_intc_0_1/design_1_microblaze_0_axi_intc_0.xdc] for cell 'mb_block_i/microblaze_0_axi_intc/U0'
Finished Parsing XDC File [c:/Users/curti/OneDrive/Documents/UIUC/ECE-385/Vivado_Projects/lab7_1/lab7_1.gen/sources_1/bd/design_1/ip/design_1_microblaze_0_axi_intc_0_1/design_1_microblaze_0_axi_intc_0.xdc] for cell 'mb_block_i/microblaze_0_axi_intc/U0'
Parsing XDC File [c:/Users/curti/OneDrive/Documents/UIUC/ECE-385/Vivado_Projects/lab7_1/lab7_1.gen/sources_1/bd/design_1/ip/design_1_clk_wiz_1_0_1/design_1_clk_wiz_1_0_board.xdc] for cell 'mb_block_i/clk_wiz_1/inst'
Finished Parsing XDC File [c:/Users/curti/OneDrive/Documents/UIUC/ECE-385/Vivado_Projects/lab7_1/lab7_1.gen/sources_1/bd/design_1/ip/design_1_clk_wiz_1_0_1/design_1_clk_wiz_1_0_board.xdc] for cell 'mb_block_i/clk_wiz_1/inst'
Parsing XDC File [c:/Users/curti/OneDrive/Documents/UIUC/ECE-385/Vivado_Projects/lab7_1/lab7_1.gen/sources_1/bd/design_1/ip/design_1_clk_wiz_1_0_1/design_1_clk_wiz_1_0.xdc] for cell 'mb_block_i/clk_wiz_1/inst'
Finished Parsing XDC File [c:/Users/curti/OneDrive/Documents/UIUC/ECE-385/Vivado_Projects/lab7_1/lab7_1.gen/sources_1/bd/design_1/ip/design_1_clk_wiz_1_0_1/design_1_clk_wiz_1_0.xdc] for cell 'mb_block_i/clk_wiz_1/inst'
INFO: [Project 1-236] Implementation specific constraints were found while reading constraint file [c:/Users/curti/OneDrive/Documents/UIUC/ECE-385/Vivado_Projects/lab7_1/lab7_1.gen/sources_1/bd/design_1/ip/design_1_clk_wiz_1_0_1/design_1_clk_wiz_1_0.xdc]. These constraints will be ignored for synthesis but will be used in implementation. Impacted constraints are listed in the file [.Xil/mb_usb_hdmi_top_propImpl.xdc].
Resolution: To avoid this warning, move constraints listed in [.Xil/mb_usb_hdmi_top_propImpl.xdc] to another XDC file and exclude this new file from synthesis with the used_in_synthesis property (File Properties dialog in GUI) and re-run elaboration/synthesis.
Parsing XDC File [c:/Users/curti/OneDrive/Documents/UIUC/ECE-385/Vivado_Projects/lab7_1/lab7_1.gen/sources_1/bd/design_1/ip/design_1_rst_clk_wiz_1_100M_0_1/design_1_rst_clk_wiz_1_100M_0_board.xdc] for cell 'mb_block_i/rst_clk_wiz_1_100M/U0'
Finished Parsing XDC File [c:/Users/curti/OneDrive/Documents/UIUC/ECE-385/Vivado_Projects/lab7_1/lab7_1.gen/sources_1/bd/design_1/ip/design_1_rst_clk_wiz_1_100M_0_1/design_1_rst_clk_wiz_1_100M_0_board.xdc] for cell 'mb_block_i/rst_clk_wiz_1_100M/U0'
Parsing XDC File [c:/Users/curti/OneDrive/Documents/UIUC/ECE-385/Vivado_Projects/lab7_1/lab7_1.gen/sources_1/bd/design_1/ip/design_1_rst_clk_wiz_1_100M_0_1/design_1_rst_clk_wiz_1_100M_0.xdc] for cell 'mb_block_i/rst_clk_wiz_1_100M/U0'
Finished Parsing XDC File [c:/Users/curti/OneDrive/Documents/UIUC/ECE-385/Vivado_Projects/lab7_1/lab7_1.gen/sources_1/bd/design_1/ip/design_1_rst_clk_wiz_1_100M_0_1/design_1_rst_clk_wiz_1_100M_0.xdc] for cell 'mb_block_i/rst_clk_wiz_1_100M/U0'
Parsing XDC File [c:/Users/curti/OneDrive/Documents/UIUC/ECE-385/Vivado_Projects/lab7_1/lab7_1.gen/sources_1/bd/design_1/ip/design_1_axi_uartlite_0_0_1/design_1_axi_uartlite_0_0_board.xdc] for cell 'mb_block_i/axi_uartlite_0/U0'
Finished Parsing XDC File [c:/Users/curti/OneDrive/Documents/UIUC/ECE-385/Vivado_Projects/lab7_1/lab7_1.gen/sources_1/bd/design_1/ip/design_1_axi_uartlite_0_0_1/design_1_axi_uartlite_0_0_board.xdc] for cell 'mb_block_i/axi_uartlite_0/U0'
Parsing XDC File [c:/Users/curti/OneDrive/Documents/UIUC/ECE-385/Vivado_Projects/lab7_1/lab7_1.gen/sources_1/bd/design_1/ip/design_1_axi_uartlite_0_0_1/design_1_axi_uartlite_0_0.xdc] for cell 'mb_block_i/axi_uartlite_0/U0'
Finished Parsing XDC File [c:/Users/curti/OneDrive/Documents/UIUC/ECE-385/Vivado_Projects/lab7_1/lab7_1.gen/sources_1/bd/design_1/ip/design_1_axi_uartlite_0_0_1/design_1_axi_uartlite_0_0.xdc] for cell 'mb_block_i/axi_uartlite_0/U0'
Parsing XDC File [c:/Users/curti/OneDrive/Documents/UIUC/ECE-385/Vivado_Projects/lab7_1/lab7_1.gen/sources_1/bd/design_1/ip/design_1_hdmi_text_controller_0_1/src/clk_wiz_0_2/clk_wiz_0.xdc] for cell 'mb_block_i/hdmi_text_controller_0/inst/clk_wiz/inst'
Finished Parsing XDC File [c:/Users/curti/OneDrive/Documents/UIUC/ECE-385/Vivado_Projects/lab7_1/lab7_1.gen/sources_1/bd/design_1/ip/design_1_hdmi_text_controller_0_1/src/clk_wiz_0_2/clk_wiz_0.xdc] for cell 'mb_block_i/hdmi_text_controller_0/inst/clk_wiz/inst'
INFO: [Project 1-236] Implementation specific constraints were found while reading constraint file [c:/Users/curti/OneDrive/Documents/UIUC/ECE-385/Vivado_Projects/lab7_1/lab7_1.gen/sources_1/bd/design_1/ip/design_1_hdmi_text_controller_0_1/src/clk_wiz_0_2/clk_wiz_0.xdc]. These constraints will be ignored for synthesis but will be used in implementation. Impacted constraints are listed in the file [.Xil/mb_usb_hdmi_top_propImpl.xdc].
Resolution: To avoid this warning, move constraints listed in [.Xil/mb_usb_hdmi_top_propImpl.xdc] to another XDC file and exclude this new file from synthesis with the used_in_synthesis property (File Properties dialog in GUI) and re-run elaboration/synthesis.
INFO: [Timing 38-2] Deriving generated clocks
Parsing XDC File [C:/Users/curti/OneDrive/Documents/UIUC/ECE-385/Vivado_Projects/lab7_1/lab7_1_provided_fa24/mb_usb_hdmi_top.xdc]
CRITICAL WARNING: [Constraints 18-1056] Clock 'clk_100' completely overrides clock 'Clk'.
New: create_clock -period 10.000 -name clk_100 -waveform {0.000 5.000} [get_ports Clk], [C:/Users/curti/OneDrive/Documents/UIUC/ECE-385/Vivado_Projects/lab7_1/lab7_1_provided_fa24/mb_usb_hdmi_top.xdc:1]
Previous: create_clock -period 10.000 [get_ports Clk], [c:/Users/curti/OneDrive/Documents/UIUC/ECE-385/Vivado_Projects/lab7_1/lab7_1.gen/sources_1/bd/design_1/ip/design_1_clk_wiz_1_0_1/design_1_clk_wiz_1_0.xdc:56]
Resolution: Review the constraint files and remove the redundant clock definition(s). If the clock constraints are not saved in a file, you can first save the constraints to an XDC file and reload the design once the constraints have been corrected.
Finished Parsing XDC File [C:/Users/curti/OneDrive/Documents/UIUC/ECE-385/Vivado_Projects/lab7_1/lab7_1_provided_fa24/mb_usb_hdmi_top.xdc]
Parsing XDC File [c:/Users/curti/OneDrive/Documents/UIUC/ECE-385/Vivado_Projects/lab7_1/lab7_1.gen/sources_1/bd/design_1/ip/design_1_microblaze_0_axi_intc_0_1/design_1_microblaze_0_axi_intc_0_clocks.xdc] for cell 'mb_block_i/microblaze_0_axi_intc/U0'
Finished Parsing XDC File [c:/Users/curti/OneDrive/Documents/UIUC/ECE-385/Vivado_Projects/lab7_1/lab7_1.gen/sources_1/bd/design_1/ip/design_1_microblaze_0_axi_intc_0_1/design_1_microblaze_0_axi_intc_0_clocks.xdc] for cell 'mb_block_i/microblaze_0_axi_intc/U0'
Parsing XDC File [c:/Users/curti/OneDrive/Documents/UIUC/ECE-385/Vivado_Projects/lab7_1/lab7_1.gen/sources_1/bd/design_1/ip/design_1_mdm_1_0_1/design_1_mdm_1_0.xdc] for cell 'mb_block_i/mdm_1/U0'
INFO: [Timing 38-2] Deriving generated clocks [c:/Users/curti/OneDrive/Documents/UIUC/ECE-385/Vivado_Projects/lab7_1/lab7_1.gen/sources_1/bd/design_1/ip/design_1_mdm_1_0_1/design_1_mdm_1_0.xdc:50]
Finished Parsing XDC File [c:/Users/curti/OneDrive/Documents/UIUC/ECE-385/Vivado_Projects/lab7_1/lab7_1.gen/sources_1/bd/design_1/ip/design_1_mdm_1_0_1/design_1_mdm_1_0.xdc] for cell 'mb_block_i/mdm_1/U0'
INFO: [Project 1-236] Implementation specific constraints were found while reading constraint file [c:/Users/curti/OneDrive/Documents/UIUC/ECE-385/Vivado_Projects/lab7_1/lab7_1.gen/sources_1/bd/design_1/ip/design_1_mdm_1_0_1/design_1_mdm_1_0.xdc]. These constraints will be ignored for synthesis but will be used in implementation. Impacted constraints are listed in the file [.Xil/mb_usb_hdmi_top_propImpl.xdc].
Resolution: To avoid this warning, move constraints listed in [.Xil/mb_usb_hdmi_top_propImpl.xdc] to another XDC file and exclude this new file from synthesis with the used_in_synthesis property (File Properties dialog in GUI) and re-run elaboration/synthesis.
Completed Processing XDC Constraints

Netlist sorting complete. Time (s): cpu = 00:00:00 ; elapsed = 00:00:00.009 . Memory (MB): peak = 2709.828 ; gain = 0.000
INFO: [Project 1-111] Unisim Transformation Summary:
  A total of 241 instances were transformed.
  LUT6_2 => LUT6_2 (LUT5, LUT6): 145 instances
  RAM16X1D => RAM32X1D (RAMD32(x2)): 32 instances
  RAM32X1D => RAM32X1D (RAMD32(x2)): 64 instances

RTL Elaboration Complete:  : Time (s): cpu = 00:00:07 ; elapsed = 00:00:10 . Memory (MB): peak = 2735.957 ; gain = 26.129
67 Infos, 73 Warnings, 1 Critical Warnings and 0 Errors encountered.
synth_design completed successfully
synth_design: Time (s): cpu = 00:00:07 ; elapsed = 00:00:10 . Memory (MB): peak = 2735.957 ; gain = 26.129
close_design
open_bd_design {C:/Users/curti/OneDrive/Documents/UIUC/ECE-385/Vivado_Projects/lab7_1/lab7_1.srcs/sources_1/bd/design_1/design_1.bd}
open_run impl_1
Netlist sorting complete. Time (s): cpu = 00:00:01 ; elapsed = 00:00:00.156 . Memory (MB): peak = 2776.551 ; gain = 0.000
INFO: [Netlist 29-17] Analyzing 346 Unisim elements for replacement
INFO: [Netlist 29-28] Unisim Transformation completed in 0 CPU seconds
INFO: [Project 1-479] Netlist was created with Vivado 2022.2
INFO: [Project 1-570] Preparing netlist for logic optimization
WARNING: [Constraints 18-550] Could not create 'IBUF_LOW_PWR' constraint because net 'mb_block_i/hdmi_text_controller_0/axi_aclk' is not directly connected to top level port. Synthesis is ignored for IBUF_LOW_PWR but preserved for implementation.
INFO: [Timing 38-478] Restoring timing data from binary archive.
INFO: [Timing 38-479] Binary timing data restore complete.
INFO: [Project 1-856] Restoring constraints from binary archive.
INFO: [Common 17-41] Interrupt caught. Command should exit soon.
INFO: [Project 1-853] Binary constraint restore complete.
Reading XDEF placement.
Reading placer database...
Reading XDEF routing.
Restored from archive | CPU: 0.000000 secs | Memory: 0.000000 MB |
Finished XDEF File Restore: Time (s): cpu = 00:00:00 ; elapsed = 00:00:00.329 . Memory (MB): peak = 3042.457 ; gain = 0.000
open_run: Time (s): cpu = 00:00:07 ; elapsed = 00:00:08 . Memory (MB): peak = 3042.457 ; gain = 265.906
INFO: [Common 17-344] 'open_run' was cancelled
ipx::edit_ip_in_project -upgrade true -name hdmi_text_controller_v1_0_project -directory C:/Users/curti/OneDrive/Documents/UIUC/ECE-385/Vivado_Projects/lab7_1/lab7_1.tmp/hdmi_text_controller_v1_0_project c:/Users/curti/OneDrive/Documents/UIUC/ECE-385/Vivado_Projects/ip_repo/hdmi_text_controller_1_0/component.xml
INFO: [ProjectBase 1-489] The host OS only allows 260 characters in a normal path. The project is stored in a path with more than 80 characters. If you experience issues with IP, Block Designs, or files not being found, please consider moving the project to a location with a shorter path. Alternately consider using the OS subst command to map part of the path to a drive letter.
Current project path is 'c:/users/curti/onedrive/documents/uiuc/ece-385/vivado_projects/lab7_1/lab7_1.tmp/hdmi_text_controller_v1_0_project'
INFO: [IP_Flow 19-234] Refreshing IP repositories
INFO: [IP_Flow 19-1704] No user IP repositories specified
INFO: [IP_Flow 19-2313] Loaded Vivado IP repository 'C:/Xilinx/Vivado/2022.2/data/ip'.
WARNING: [Board 49-26] cannot add Board Part xilinx.com:ac701:part0:1.4 available at C:/Xilinx/Vivado/2022.2/data/xhub/boards/XilinxBoardStore/boards/Xilinx/ac701/1.4/board.xml as part xc7a200tfbg676-2 specified in board_part file is either invalid or not available
WARNING: [Board 49-26] cannot add Board Part xilinx.com:k26c:part0:1.2 available at C:/Xilinx/Vivado/2022.2/data/xhub/boards/XilinxBoardStore/boards/Xilinx/k26c/1.2/board.xml as part xck26-sfvc784-2lv-c specified in board_part file is either invalid or not available
WARNING: [Board 49-26] cannot add Board Part xilinx.com:k26c:part0:1.3 available at C:/Xilinx/Vivado/2022.2/data/xhub/boards/XilinxBoardStore/boards/Xilinx/k26c/1.3/board.xml as part xck26-sfvc784-2lv-c specified in board_part file is either invalid or not available
WARNING: [Board 49-26] cannot add Board Part xilinx.com:k26c:part0:1.4 available at C:/Xilinx/Vivado/2022.2/data/xhub/boards/XilinxBoardStore/boards/Xilinx/k26c/1.4/board.xml as part xck26-sfvc784-2lv-c specified in board_part file is either invalid or not available
WARNING: [Board 49-26] cannot add Board Part xilinx.com:k26i:part0:1.2 available at C:/Xilinx/Vivado/2022.2/data/xhub/boards/XilinxBoardStore/boards/Xilinx/k26i/1.2/board.xml as part xck26-sfvc784-2lvi-i specified in board_part file is either invalid or not available
WARNING: [Board 49-26] cannot add Board Part xilinx.com:k26i:part0:1.3 available at C:/Xilinx/Vivado/2022.2/data/xhub/boards/XilinxBoardStore/boards/Xilinx/k26i/1.3/board.xml as part xck26-sfvc784-2lvi-i specified in board_part file is either invalid or not available
WARNING: [Board 49-26] cannot add Board Part xilinx.com:k26i:part0:1.4 available at C:/Xilinx/Vivado/2022.2/data/xhub/boards/XilinxBoardStore/boards/Xilinx/k26i/1.4/board.xml as part xck26-sfvc784-2lvi-i specified in board_part file is either invalid or not available
WARNING: [Board 49-26] cannot add Board Part xilinx.com:kc705:part0:1.6 available at C:/Xilinx/Vivado/2022.2/data/xhub/boards/XilinxBoardStore/boards/Xilinx/kc705/1.6/board.xml as part xc7k325tffg900-2 specified in board_part file is either invalid or not available
WARNING: [Board 49-26] cannot add Board Part xilinx.com:kcu105:part0:1.6 available at C:/Xilinx/Vivado/2022.2/data/xhub/boards/XilinxBoardStore/boards/Xilinx/kcu105/1.6/board.xml as part xcku040-ffva1156-2-e specified in board_part file is either invalid or not available
WARNING: [Board 49-26] cannot add Board Part xilinx.com:kcu105:part0:1.7 available at C:/Xilinx/Vivado/2022.2/data/xhub/boards/XilinxBoardStore/boards/Xilinx/kcu105/1.7/board.xml as part xcku040-ffva1156-2-e specified in board_part file is either invalid or not available
WARNING: [Board 49-26] cannot add Board Part xilinx.com:kcu116:part0:1.4 available at C:/Xilinx/Vivado/2022.2/data/xhub/boards/XilinxBoardStore/boards/Xilinx/kcu116/1.4/board.xml as part xcku5p-ffvb676-2-e specified in board_part file is either invalid or not available
WARNING: [Board 49-26] cannot add Board Part xilinx.com:kcu116:part0:1.5 available at C:/Xilinx/Vivado/2022.2/data/xhub/boards/XilinxBoardStore/boards/Xilinx/kcu116/1.5/board.xml as part xcku5p-ffvb676-2-e specified in board_part file is either invalid or not available
WARNING: [Board 49-26] cannot add Board Part xilinx.com:kcu1500:part0:1.2 available at C:/Xilinx/Vivado/2022.2/data/xhub/boards/XilinxBoardStore/boards/Xilinx/kcu1500/1.2/board.xml as part xcku115-flvb2104-2-e specified in board_part file is either invalid or not available
WARNING: [Board 49-26] cannot add Board Part xilinx.com:kr260_som:part0:1.0 available at C:/Xilinx/Vivado/2022.2/data/xhub/boards/XilinxBoardStore/boards/Xilinx/kr260_som/1.0/board.xml as part xck26-sfvc784-2lv-c specified in board_part file is either invalid or not available
WARNING: [Board 49-26] cannot add Board Part xilinx.com:kr260_som:part0:1.1 available at C:/Xilinx/Vivado/2022.2/data/xhub/boards/XilinxBoardStore/boards/Xilinx/kr260_som/1.1/board.xml as part xck26-sfvc784-2lv-c specified in board_part file is either invalid or not available
WARNING: [Board 49-26] cannot add Board Part xilinx.com:kv260_som:part0:1.2 available at C:/Xilinx/Vivado/2022.2/data/xhub/boards/XilinxBoardStore/boards/Xilinx/kv260_som/1.2/board.xml as part xck26-sfvc784-2lv-c specified in board_part file is either invalid or not available
WARNING: [Board 49-26] cannot add Board Part xilinx.com:kv260_som:part0:1.3 available at C:/Xilinx/Vivado/2022.2/data/xhub/boards/XilinxBoardStore/boards/Xilinx/kv260_som/1.3/board.xml as part xck26-sfvc784-2lv-c specified in board_part file is either invalid or not available
WARNING: [Board 49-26] cannot add Board Part xilinx.com:kv260_som:part0:1.4 available at C:/Xilinx/Vivado/2022.2/data/xhub/boards/XilinxBoardStore/boards/Xilinx/kv260_som/1.4/board.xml as part xck26-sfvc784-2lv-c specified in board_part file is either invalid or not available
WARNING: [Board 49-26] cannot add Board Part xilinx.com:vc707:part0:1.4 available at C:/Xilinx/Vivado/2022.2/data/xhub/boards/XilinxBoardStore/boards/Xilinx/vc707/1.4/board.xml as part xc7vx485tffg1761-2 specified in board_part file is either invalid or not available
WARNING: [Board 49-26] cannot add Board Part xilinx.com:vc709:part0:1.8 available at C:/Xilinx/Vivado/2022.2/data/xhub/boards/XilinxBoardStore/boards/Xilinx/vc709/1.8/board.xml as part xc7vx690tffg1761-2 specified in board_part file is either invalid or not available
WARNING: [Board 49-26] cannot add Board Part xilinx.com:vck190:part0:2.2 available at C:/Xilinx/Vivado/2022.2/data/xhub/boards/XilinxBoardStore/boards/Xilinx/vck190/production/2.2/board.xml as part xcvc1902-vsva2197-2mp-e-s specified in board_part file is either invalid or not available
WARNING: [Board 49-26] cannot add Board Part xilinx.com:vck190:part0:3.0 available at C:/Xilinx/Vivado/2022.2/data/xhub/boards/XilinxBoardStore/boards/Xilinx/vck190/production/3.0/board.xml as part xcvc1902-vsva2197-2mp-e-s specified in board_part file is either invalid or not available
WARNING: [Board 49-26] cannot add Board Part xilinx.com:vck190:part0:3.1 available at C:/Xilinx/Vivado/2022.2/data/xhub/boards/XilinxBoardStore/boards/Xilinx/vck190/production/3.1/board.xml as part xcvc1902-vsva2197-2mp-e-s specified in board_part file is either invalid or not available
WARNING: [Board 49-26] cannot add Board Part xilinx.com:vck190_newl:part0:1.0 available at C:/Xilinx/Vivado/2022.2/data/xhub/boards/XilinxBoardStore/boards/Xilinx/vck190_newl/production/1.0/board.xml as part xcvc1902-vsva2197-2mp-e-s specified in board_part file is either invalid or not available
WARNING: [Board 49-26] cannot add Board Part xilinx.com:vcu108:part0:1.6 available at C:/Xilinx/Vivado/2022.2/data/xhub/boards/XilinxBoardStore/boards/Xilinx/vcu108/1.6/board.xml as part xcvu095-ffva2104-2-e specified in board_part file is either invalid or not available
WARNING: [Board 49-26] cannot add Board Part xilinx.com:vcu108:part0:1.7 available at C:/Xilinx/Vivado/2022.2/data/xhub/boards/XilinxBoardStore/boards/Xilinx/vcu108/1.7/board.xml as part xcvu095-ffva2104-2-e specified in board_part file is either invalid or not available
WARNING: [Board 49-26] cannot add Board Part xilinx.com:vcu110:part0:1.4 available at C:/Xilinx/Vivado/2022.2/data/xhub/boards/XilinxBoardStore/boards/Xilinx/vcu110/1.4/board.xml as part xcvu190-flgc2104-2-e specified in board_part file is either invalid or not available
WARNING: [Board 49-26] cannot add Board Part xilinx.com:vcu118:part0:2.0 available at C:/Xilinx/Vivado/2022.2/data/xhub/boards/XilinxBoardStore/boards/Xilinx/vcu118/2.0/board.xml as part xcvu9p-flga2104-2l-e specified in board_part file is either invalid or not available
WARNING: [Board 49-26] cannot add Board Part xilinx.com:vcu118:part0:2.3 available at C:/Xilinx/Vivado/2022.2/data/xhub/boards/XilinxBoardStore/boards/Xilinx/vcu118/2.3/board.xml as part xcvu9p-flga2104-2l-e specified in board_part file is either invalid or not available
WARNING: [Board 49-26] cannot add Board Part xilinx.com:vcu118:part0:2.4 available at C:/Xilinx/Vivado/2022.2/data/xhub/boards/XilinxBoardStore/boards/Xilinx/vcu118/2.4/board.xml as part xcvu9p-flga2104-2l-e specified in board_part file is either invalid or not available
WARNING: [Board 49-26] cannot add Board Part xilinx.com:vcu128:part0:1.0 available at C:/Xilinx/Vivado/2022.2/data/xhub/boards/XilinxBoardStore/boards/Xilinx/vcu128/production/1.0/board.xml as part xcvu37p-fsvh2892-2l-e specified in board_part file is either invalid or not available
WARNING: [Board 49-26] cannot add Board Part xilinx.com:vcu129:part0:1.0 available at C:/Xilinx/Vivado/2022.2/data/xhub/boards/XilinxBoardStore/boards/Xilinx/vcu129/production/1.0/board.xml as part xcvu29p-fsga2577-2l-e specified in board_part file is either invalid or not available
WARNING: [Board 49-26] cannot add Board Part xilinx.com:vcu1525:part0:1.3 available at C:/Xilinx/Vivado/2022.2/data/xhub/boards/XilinxBoardStore/boards/Xilinx/vcu1525/1.3/board.xml as part xcvu9p-fsgd2104-2l-e specified in board_part file is either invalid or not available
WARNING: [Board 49-26] cannot add Board Part xilinx.com:vek280_es:part0:1.0 available at C:/Xilinx/Vivado/2022.2/data/xhub/boards/XilinxBoardStore/boards/Xilinx/vek280/es/1.0/board.xml as part xcve2802-vsvh1760-2lp-e-s-es1 specified in board_part file is either invalid or not available
WARNING: [Board 49-26] cannot add Board Part xilinx.com:vermeo_t1_mpsoc:part0:1.0 available at C:/Xilinx/Vivado/2022.2/data/xhub/boards/XilinxBoardStore/boards/Xilinx/vermeo_t1_mpsoc/1.0/board.xml as part xczu19eg-ffvd1760-2l-e specified in board_part file is either invalid or not available
WARNING: [Board 49-26] cannot add Board Part xilinx.com:vermeo_t1_rfsoc:part0:1.0 available at C:/Xilinx/Vivado/2022.2/data/xhub/boards/XilinxBoardStore/boards/Xilinx/vermeo_t1_rfsoc/1.0/board.xml as part xczu21dr-ffvd1156-2l-e specified in board_part file is either invalid or not available
WARNING: [Board 49-26] cannot add Board Part xilinx.com:vhk158_es:part0:1.0 available at C:/Xilinx/Vivado/2022.2/data/xhub/boards/XilinxBoardStore/boards/Xilinx/vhk158/es/1.0/board.xml as part xcvh1582-vsva3697-2mp-e-s-es1 specified in board_part file is either invalid or not available
WARNING: [Board 49-26] cannot add Board Part xilinx.com:vmk180:part0:2.2 available at C:/Xilinx/Vivado/2022.2/data/xhub/boards/XilinxBoardStore/boards/Xilinx/vmk180/production/2.2/board.xml as part xcvm1802-vsva2197-2mp-e-s specified in board_part file is either invalid or not available
WARNING: [Board 49-26] cannot add Board Part xilinx.com:vmk180:part0:3.0 available at C:/Xilinx/Vivado/2022.2/data/xhub/boards/XilinxBoardStore/boards/Xilinx/vmk180/production/3.0/board.xml as part xcvm1802-vsva2197-2mp-e-s specified in board_part file is either invalid or not available
WARNING: [Board 49-26] cannot add Board Part xilinx.com:vmk180:part0:3.1 available at C:/Xilinx/Vivado/2022.2/data/xhub/boards/XilinxBoardStore/boards/Xilinx/vmk180/production/3.1/board.xml as part xcvm1802-vsva2197-2mp-e-s specified in board_part file is either invalid or not available
WARNING: [Board 49-26] cannot add Board Part xilinx.com:vmk180_newl:part0:1.0 available at C:/Xilinx/Vivado/2022.2/data/xhub/boards/XilinxBoardStore/boards/Xilinx/vmk180_newl/production/1.0/board.xml as part xcvm1802-vsva2197-2mp-e-s specified in board_part file is either invalid or not available
WARNING: [Board 49-26] cannot add Board Part xilinx.com:vpk120:part0:1.0 available at C:/Xilinx/Vivado/2022.2/data/xhub/boards/XilinxBoardStore/boards/Xilinx/vpk120/production/1.0/board.xml as part xcvp1202-vsva2785-2mp-e-s specified in board_part file is either invalid or not available
WARNING: [Board 49-26] cannot add Board Part xilinx.com:vpk120_es:part0:1.2 available at C:/Xilinx/Vivado/2022.2/data/xhub/boards/XilinxBoardStore/boards/Xilinx/vpk120/es/1.2/board.xml as part xcvp1202-vsva2785-2mp-e-s-es1 specified in board_part file is either invalid or not available
WARNING: [Board 49-26] cannot add Board Part xilinx.com:vpk120_es_revb:part0:1.0 available at C:/Xilinx/Vivado/2022.2/data/xhub/boards/XilinxBoardStore/boards/Xilinx/vpk120_revb/es/1.0/board.xml as part xcvp1202-vsva2785-2mp-e-s-es1 specified in board_part file is either invalid or not available
WARNING: [Board 49-26] cannot add Board Part xilinx.com:vpk180_es:part0:1.0 available at C:/Xilinx/Vivado/2022.2/data/xhub/boards/XilinxBoardStore/boards/Xilinx/vpk180/es/1.0/board.xml as part xcvp1802-lsvc4072-2mp-e-s-es1 specified in board_part file is either invalid or not available
WARNING: [Board 49-26] cannot add Board Part xilinx.com:zc702:part0:1.4 available at C:/Xilinx/Vivado/2022.2/data/xhub/boards/XilinxBoardStore/boards/Xilinx/zc702/1.4/board.xml as part xc7z020clg484-1 specified in board_part file is either invalid or not available
WARNING: [Board 49-26] cannot add Board Part xilinx.com:zc706:part0:1.4 available at C:/Xilinx/Vivado/2022.2/data/xhub/boards/XilinxBoardStore/boards/Xilinx/zc706/1.4/board.xml as part xc7z045ffg900-2 specified in board_part file is either invalid or not available
WARNING: [Board 49-26] cannot add Board Part xilinx.com:zcu102:part0:3.3 available at C:/Xilinx/Vivado/2022.2/data/xhub/boards/XilinxBoardStore/boards/Xilinx/zcu102/3.3/board.xml as part xczu9eg-ffvb1156-2-e specified in board_part file is either invalid or not available
WARNING: [Board 49-26] cannot add Board Part xilinx.com:zcu102:part0:3.4 available at C:/Xilinx/Vivado/2022.2/data/xhub/boards/XilinxBoardStore/boards/Xilinx/zcu102/3.4/board.xml as part xczu9eg-ffvb1156-2-e specified in board_part file is either invalid or not available
WARNING: [Board 49-26] cannot add Board Part xilinx.com:zcu104:part0:1.1 available at C:/Xilinx/Vivado/2022.2/data/xhub/boards/XilinxBoardStore/boards/Xilinx/zcu104/1.1/board.xml as part xczu7ev-ffvc1156-2-e specified in board_part file is either invalid or not available
WARNING: [Board 49-26] cannot add Board Part xilinx.com:zcu106:part0:2.4 available at C:/Xilinx/Vivado/2022.2/data/xhub/boards/XilinxBoardStore/boards/Xilinx/zcu106/2.4/board.xml as part xczu7ev-ffvc1156-2-e specified in board_part file is either invalid or not available
WARNING: [Board 49-26] cannot add Board Part xilinx.com:zcu106:part0:2.5 available at C:/Xilinx/Vivado/2022.2/data/xhub/boards/XilinxBoardStore/boards/Xilinx/zcu106/2.5/board.xml as part xczu7ev-ffvc1156-2-e specified in board_part file is either invalid or not available
WARNING: [Board 49-26] cannot add Board Part xilinx.com:zcu106:part0:2.6 available at C:/Xilinx/Vivado/2022.2/data/xhub/boards/XilinxBoardStore/boards/Xilinx/zcu106/2.6/board.xml as part xczu7ev-ffvc1156-2-e specified in board_part file is either invalid or not available
WARNING: [Board 49-26] cannot add Board Part xilinx.com:zcu111:part0:1.2 available at C:/Xilinx/Vivado/2022.2/data/xhub/boards/XilinxBoardStore/boards/Xilinx/zcu111/1.2/board.xml as part xczu28dr-ffvg1517-2-e specified in board_part file is either invalid or not available
WARNING: [Board 49-26] cannot add Board Part xilinx.com:zcu111:part0:1.3 available at C:/Xilinx/Vivado/2022.2/data/xhub/boards/XilinxBoardStore/boards/Xilinx/zcu111/1.3/board.xml as part xczu28dr-ffvg1517-2-e specified in board_part file is either invalid or not available
WARNING: [Board 49-26] cannot add Board Part xilinx.com:zcu111:part0:1.4 available at C:/Xilinx/Vivado/2022.2/data/xhub/boards/XilinxBoardStore/boards/Xilinx/zcu111/1.4/board.xml as part xczu28dr-ffvg1517-2-e specified in board_part file is either invalid or not available
WARNING: [Board 49-26] cannot add Board Part xilinx.com:zcu1275:part0:1.0 available at C:/Xilinx/Vivado/2022.2/data/xhub/boards/XilinxBoardStore/boards/Xilinx/zcu1275/1.0/board.xml as part xczu29dr-ffvf1760-2-e specified in board_part file is either invalid or not available
WARNING: [Board 49-26] cannot add Board Part xilinx.com:zcu1285:part0:1.0 available at C:/Xilinx/Vivado/2022.2/data/xhub/boards/XilinxBoardStore/boards/Xilinx/zcu1285/1.0/board.xml as part xczu39dr-ffvf1760-2-i specified in board_part file is either invalid or not available
WARNING: [Board 49-26] cannot add Board Part xilinx.com:zcu208:part0:2.0 available at C:/Xilinx/Vivado/2022.2/data/xhub/boards/XilinxBoardStore/boards/Xilinx/zcu208/production/2.0/board.xml as part xczu48dr-fsvg1517-2-e specified in board_part file is either invalid or not available
WARNING: [Board 49-26] cannot add Board Part xilinx.com:zcu208ld:part0:2.0 available at C:/Xilinx/Vivado/2022.2/data/xhub/boards/XilinxBoardStore/boards/Xilinx/zcu208ld/production/2.0/board.xml as part xczu58dr-fsvg1517-2-i specified in board_part file is either invalid or not available
WARNING: [Board 49-26] cannot add Board Part xilinx.com:zcu216:part0:2.0 available at C:/Xilinx/Vivado/2022.2/data/xhub/boards/XilinxBoardStore/boards/Xilinx/zcu216/production/2.0/board.xml as part xczu49dr-ffvf1760-2-e specified in board_part file is either invalid or not available
WARNING: [Board 49-26] cannot add Board Part xilinx.com:zcu216ld:part0:2.0 available at C:/Xilinx/Vivado/2022.2/data/xhub/boards/XilinxBoardStore/boards/Xilinx/zcu216ld/production/2.0/board.xml as part xczu59dr-ffvf1760-2-i specified in board_part file is either invalid or not available
WARNING: [Board 49-26] cannot add Board Part xilinx.com:zcu670:part0:2.0 available at C:/Xilinx/Vivado/2022.2/data/xhub/boards/XilinxBoardStore/boards/Xilinx/zcu670/2.0/board.xml as part xczu67dr-fsve1156-2-i specified in board_part file is either invalid or not available
WARNING: [Board 49-26] cannot add Board Part xilinx.com:zcu670ld:part0:1.0 available at C:/Xilinx/Vivado/2022.2/data/xhub/boards/XilinxBoardStore/boards/Xilinx/zcu670ld/1.0/board.xml as part xczu57dr-fsve1156-2-i specified in board_part file is either invalid or not available
INFO: [IP_Flow 19-234] Refreshing IP repositories
INFO: [IP_Flow 19-1700] Loaded user IP repository 'c:/Users/curti/OneDrive/Documents/UIUC/ECE-385/Vivado_Projects/ip_repo/hdmi_text_controller_1_0'.
WARNING: [IP_Flow 19-2207] Repository 'c:/Users/curti/OneDrive/Documents/UIUC/ECE-385/Vivado_Projects/ip_repo/hdmi_text_controller_1_0' already exists; ignoring attempt to add it again.
INFO: [IP_Flow 19-1700] Loaded user IP repository 'c:/Users/curti/OneDrive/Documents/UIUC/ECE-385/Vivado_Projects/ip_repo/hdmi_text_controller_1_0'.
INFO: [IP_Flow 19-1700] Loaded user IP repository 'c:/Users/curti/OneDrive/Documents/UIUC/ECE-385/Vivado_Projects/lab7_1/lab7_1_provided_fa24/hdmi_tx_1.0'.
INFO: [IP_Flow 19-795] Syncing license key meta-data
update_compile_order -fileset sources_1
set_property -name {xsim.simulate.runtime} -value {all} -objects [get_filesets sim_1]
set_property dataflow_viewer_settings "min_width=16"   [current_fileset]
WARNING: [filemgmt 56-199] Attempt to get parsing info during refresh. "On-the-fly" syntax checking information may be incorrect. [c:\Users\curti\OneDrive\Documents\UIUC\ECE-385\Vivado_Projects\lab7_1\lab7_1.gen\sources_1\bd\design_1\ipshared\960a\src\hdmi_text_controller_v1_0_AXI.sv:]
WARNING: [filemgmt 56-199] Attempt to get parsing info during refresh. "On-the-fly" syntax checking information may be incorrect. [c:\Users\curti\OneDrive\Documents\UIUC\ECE-385\Vivado_Projects\lab7_1\lab7_1.gen\sources_1\bd\design_1\synth\design_1.v:]
WARNING: [filemgmt 56-199] Attempt to get parsing info during refresh. "On-the-fly" syntax checking information may be incorrect. [c:\Users\curti\OneDrive\Documents\UIUC\ECE-385\Vivado_Projects\lab7_1\lab7_1.gen\sources_1\bd\design_1\ip\design_1_hdmi_text_controller_0_1\synth\design_1_hdmi_text_controller_0_1.sv:]
WARNING: [filemgmt 56-199] Attempt to get parsing info during refresh. "On-the-fly" syntax checking information may be incorrect. [c:\Users\curti\OneDrive\Documents\UIUC\ECE-385\Vivado_Projects\lab7_1\lab7_1.gen\sources_1\bd\design_1\ipshared\960a\src\hdmi_text_controller_v1_0.sv:]
WARNING: [filemgmt 56-199] Attempt to get parsing info during refresh. "On-the-fly" syntax checking information may be incorrect. [C:\Users\curti\OneDrive\Documents\UIUC\ECE-385\Vivado_Projects\lab7_1\lab7_1_provided_fa24\mb_usb_hdmi_top.sv:]
WARNING: [filemgmt 56-199] Attempt to get parsing info during refresh. "On-the-fly" syntax checking information may be incorrect. [c:\Users\curti\OneDrive\Documents\UIUC\ECE-385\Vivado_Projects\lab7_1\lab7_1.gen\sources_1\bd\design_1\ipshared\960a\src\hdmi_text_controller_v1_0_AXI.sv:]
WARNING: [filemgmt 56-199] Attempt to get parsing info during refresh. "On-the-fly" syntax checking information may be incorrect. [c:\Users\curti\OneDrive\Documents\UIUC\ECE-385\Vivado_Projects\lab7_1\lab7_1.gen\sources_1\bd\design_1\synth\design_1.v:]
WARNING: [filemgmt 56-199] Attempt to get parsing info during refresh. "On-the-fly" syntax checking information may be incorrect. [c:\Users\curti\OneDrive\Documents\UIUC\ECE-385\Vivado_Projects\lab7_1\lab7_1.gen\sources_1\bd\design_1\ip\design_1_hdmi_text_controller_0_1\synth\design_1_hdmi_text_controller_0_1.sv:]
WARNING: [filemgmt 56-199] Attempt to get parsing info during refresh. "On-the-fly" syntax checking information may be incorrect. [c:\Users\curti\OneDrive\Documents\UIUC\ECE-385\Vivado_Projects\lab7_1\lab7_1.gen\sources_1\bd\design_1\ipshared\960a\src\hdmi_text_controller_v1_0.sv:]
WARNING: [filemgmt 56-199] Attempt to get parsing info during refresh. "On-the-fly" syntax checking information may be incorrect. [C:\Users\curti\OneDrive\Documents\UIUC\ECE-385\Vivado_Projects\lab7_1\lab7_1_provided_fa24\mb_usb_hdmi_top.sv:]
WARNING: [filemgmt 56-199] Attempt to get parsing info during refresh. "On-the-fly" syntax checking information may be incorrect. [c:\Users\curti\OneDrive\Documents\UIUC\ECE-385\Vivado_Projects\lab7_1\lab7_1.gen\sources_1\bd\design_1\ipshared\960a\src\hdmi_text_controller_v1_0_AXI.sv:]
WARNING: [filemgmt 56-199] Attempt to get parsing info during refresh. "On-the-fly" syntax checking information may be incorrect. [c:\Users\curti\OneDrive\Documents\UIUC\ECE-385\Vivado_Projects\lab7_1\lab7_1.gen\sources_1\bd\design_1\synth\design_1.v:]
WARNING: [filemgmt 56-199] Attempt to get parsing info during refresh. "On-the-fly" syntax checking information may be incorrect. [c:\Users\curti\OneDrive\Documents\UIUC\ECE-385\Vivado_Projects\lab7_1\lab7_1.gen\sources_1\bd\design_1\ip\design_1_hdmi_text_controller_0_1\synth\design_1_hdmi_text_controller_0_1.sv:]
WARNING: [filemgmt 56-199] Attempt to get parsing info during refresh. "On-the-fly" syntax checking information may be incorrect. [c:\Users\curti\OneDrive\Documents\UIUC\ECE-385\Vivado_Projects\lab7_1\lab7_1.gen\sources_1\bd\design_1\ipshared\960a\src\hdmi_text_controller_v1_0.sv:]
WARNING: [filemgmt 56-199] Attempt to get parsing info during refresh. "On-the-fly" syntax checking information may be incorrect. [C:\Users\curti\OneDrive\Documents\UIUC\ECE-385\Vivado_Projects\lab7_1\lab7_1_provided_fa24\mb_usb_hdmi_top.sv:]
WARNING: [filemgmt 56-199] Attempt to get parsing info during refresh. "On-the-fly" syntax checking information may be incorrect. [c:\Users\curti\OneDrive\Documents\UIUC\ECE-385\Vivado_Projects\lab7_1\lab7_1.gen\sources_1\bd\design_1\ipshared\960a\src\hdmi_text_controller_v1_0_AXI.sv:]
WARNING: [filemgmt 56-199] Attempt to get parsing info during refresh. "On-the-fly" syntax checking information may be incorrect. [c:\Users\curti\OneDrive\Documents\UIUC\ECE-385\Vivado_Projects\lab7_1\lab7_1.gen\sources_1\bd\design_1\synth\design_1.v:]
WARNING: [filemgmt 56-199] Attempt to get parsing info during refresh. "On-the-fly" syntax checking information may be incorrect. [c:\Users\curti\OneDrive\Documents\UIUC\ECE-385\Vivado_Projects\lab7_1\lab7_1.gen\sources_1\bd\design_1\ip\design_1_hdmi_text_controller_0_1\synth\design_1_hdmi_text_controller_0_1.sv:]
WARNING: [filemgmt 56-199] Attempt to get parsing info during refresh. "On-the-fly" syntax checking information may be incorrect. [c:\Users\curti\OneDrive\Documents\UIUC\ECE-385\Vivado_Projects\lab7_1\lab7_1.gen\sources_1\bd\design_1\ipshared\960a\src\hdmi_text_controller_v1_0.sv:]
WARNING: [filemgmt 56-199] Attempt to get parsing info during refresh. "On-the-fly" syntax checking information may be incorrect. [C:\Users\curti\OneDrive\Documents\UIUC\ECE-385\Vivado_Projects\lab7_1\lab7_1_provided_fa24\mb_usb_hdmi_top.sv:]
ERROR: [Common 17-180] Spawn failed: No error
set_property library xil_defaultlib [get_files]
INFO: [filemgmt 56-586] Changing the library of an IP is not allowed
INFO: [filemgmt 56-586] Changing the library of an IP is not allowed
set_property library xil_defaultlib [get_files]
generate_target Simulation [get_files c:/Users/curti/OneDrive/Documents/UIUC/ECE-385/Vivado_Projects/ip_repo/hdmi_text_controller_1_0/src/hdmi_tx_0_2/hdmi_tx_0.xci]
INFO: [IP_Flow 19-1686] Generating 'Simulation' target for IP 'hdmi_tx_0'...
WARNING: [Vivado 12-4154] User modified property 'Library' (with value 'xil_defaultlib') was detected on 'c:/users/curti/onedrive/documents/uiuc/ece-385/vivado_projects/lab7_1/lab7_1.tmp/hdmi_text_controller_v1_0_project/hdmi_text_controller_v1_0_project.gen/sources_1/ip/hdmi_tx_0/hdmi_tx_0.vho'.
WARNING: [Vivado 12-4154] User modified property 'Library' (with value 'xil_defaultlib') was detected on 'c:/users/curti/onedrive/documents/uiuc/ece-385/vivado_projects/lab7_1/lab7_1.tmp/hdmi_text_controller_v1_0_project/hdmi_text_controller_v1_0_project.gen/sources_1/ip/hdmi_tx_0/hdmi_tx_0.veo'.
WARNING: [Vivado 12-4154] User modified property 'Library' (with value 'xil_defaultlib') was detected on 'c:/users/curti/onedrive/documents/uiuc/ece-385/vivado_projects/lab7_1/lab7_1.tmp/hdmi_text_controller_v1_0_project/hdmi_text_controller_v1_0_project.gen/sources_1/ip/hdmi_tx_0/hdl/encode.v'.
WARNING: [Vivado 12-4154] User modified property 'Library' (with value 'xil_defaultlib') was detected on 'c:/users/curti/onedrive/documents/uiuc/ece-385/vivado_projects/lab7_1/lab7_1.tmp/hdmi_text_controller_v1_0_project/hdmi_text_controller_v1_0_project.gen/sources_1/ip/hdmi_tx_0/hdl/serdes_10_to_1.v'.
WARNING: [Vivado 12-4154] User modified property 'Library' (with value 'xil_defaultlib') was detected on 'c:/users/curti/onedrive/documents/uiuc/ece-385/vivado_projects/lab7_1/lab7_1.tmp/hdmi_text_controller_v1_0_project/hdmi_text_controller_v1_0_project.gen/sources_1/ip/hdmi_tx_0/hdl/srldelay.v'.
WARNING: [Vivado 12-4154] User modified property 'Library' (with value 'xil_defaultlib') was detected on 'c:/users/curti/onedrive/documents/uiuc/ece-385/vivado_projects/lab7_1/lab7_1.tmp/hdmi_text_controller_v1_0_project/hdmi_text_controller_v1_0_project.gen/sources_1/ip/hdmi_tx_0/hdl/hdmi_tx_v1_0.v'.
WARNING: [Vivado 12-4154] User modified property 'Library' (with value 'xil_defaultlib') was detected on 'c:/users/curti/onedrive/documents/uiuc/ece-385/vivado_projects/lab7_1/lab7_1.tmp/hdmi_text_controller_v1_0_project/hdmi_text_controller_v1_0_project.gen/sources_1/ip/hdmi_tx_0/sim/hdmi_tx_0.v'.
WARNING: [Vivado 12-4154] User modified property 'Library' (with value 'xil_defaultlib') was detected on 'c:/users/curti/onedrive/documents/uiuc/ece-385/vivado_projects/lab7_1/lab7_1.tmp/hdmi_text_controller_v1_0_project/hdmi_text_controller_v1_0_project.gen/sources_1/ip/hdmi_tx_0/synth/hdmi_tx_0.v'.
WARNING: [Vivado 12-4152] One or more user modified properties were detected. The reset_target command can be used to reset the targets data which will also reset all target properties.
export_ip_user_files -of_objects [get_files c:/Users/curti/OneDrive/Documents/UIUC/ECE-385/Vivado_Projects/ip_repo/hdmi_text_controller_1_0/src/hdmi_tx_0_2/hdmi_tx_0.xci] -no_script -sync -force -quiet
export_simulation -of_objects [get_files c:/Users/curti/OneDrive/Documents/UIUC/ECE-385/Vivado_Projects/ip_repo/hdmi_text_controller_1_0/src/hdmi_tx_0_2/hdmi_tx_0.xci] -directory c:/users/curti/onedrive/documents/uiuc/ece-385/vivado_projects/lab7_1/lab7_1.tmp/hdmi_text_controller_v1_0_project/hdmi_text_controller_v1_0_project.ip_user_files/sim_scripts -ip_user_files_dir c:/users/curti/onedrive/documents/uiuc/ece-385/vivado_projects/lab7_1/lab7_1.tmp/hdmi_text_controller_v1_0_project/hdmi_text_controller_v1_0_project.ip_user_files -ipstatic_source_dir c:/users/curti/onedrive/documents/uiuc/ece-385/vivado_projects/lab7_1/lab7_1.tmp/hdmi_text_controller_v1_0_project/hdmi_text_controller_v1_0_project.ip_user_files/ipstatic -lib_map_path [list {modelsim=c:/users/curti/onedrive/documents/uiuc/ece-385/vivado_projects/lab7_1/lab7_1.tmp/hdmi_text_controller_v1_0_project/hdmi_text_controller_v1_0_project.cache/compile_simlib/modelsim} {questa=c:/users/curti/onedrive/documents/uiuc/ece-385/vivado_projects/lab7_1/lab7_1.tmp/hdmi_text_controller_v1_0_project/hdmi_text_controller_v1_0_project.cache/compile_simlib/questa} {riviera=c:/users/curti/onedrive/documents/uiuc/ece-385/vivado_projects/lab7_1/lab7_1.tmp/hdmi_text_controller_v1_0_project/hdmi_text_controller_v1_0_project.cache/compile_simlib/riviera} {activehdl=c:/users/curti/onedrive/documents/uiuc/ece-385/vivado_projects/lab7_1/lab7_1.tmp/hdmi_text_controller_v1_0_project/hdmi_text_controller_v1_0_project.cache/compile_simlib/activehdl}] -use_ip_compiled_libs -force -quiet
generate_target Simulation [get_files c:/Users/curti/OneDrive/Documents/UIUC/ECE-385/Vivado_Projects/ip_repo/hdmi_text_controller_1_0/src/clk_wiz_0_2/clk_wiz_0.xci]
INFO: [IP_Flow 19-1686] Generating 'Simulation' target for IP 'clk_wiz_0'...
WARNING: [Vivado 12-4154] User modified property 'Library' (with value 'xil_defaultlib') was detected on 'c:/users/curti/onedrive/documents/uiuc/ece-385/vivado_projects/lab7_1/lab7_1.tmp/hdmi_text_controller_v1_0_project/hdmi_text_controller_v1_0_project.gen/sources_1/ip/clk_wiz_0/doc/clk_wiz_v6_0_changelog.txt'.
WARNING: [Vivado 12-4154] User modified property 'Library' (with value 'xil_defaultlib') was detected on 'c:/users/curti/onedrive/documents/uiuc/ece-385/vivado_projects/lab7_1/lab7_1.tmp/hdmi_text_controller_v1_0_project/hdmi_text_controller_v1_0_project.gen/sources_1/ip/clk_wiz_0/clk_wiz_0_board.xdc'.
WARNING: [Vivado 12-4154] User modified property 'Library' (with value 'xil_defaultlib') was detected on 'c:/users/curti/onedrive/documents/uiuc/ece-385/vivado_projects/lab7_1/lab7_1.tmp/hdmi_text_controller_v1_0_project/hdmi_text_controller_v1_0_project.gen/sources_1/ip/clk_wiz_0/clk_wiz_0.veo'.
WARNING: [Vivado 12-4154] User modified property 'Library' (with value 'xil_defaultlib') was detected on 'c:/users/curti/onedrive/documents/uiuc/ece-385/vivado_projects/lab7_1/lab7_1.tmp/hdmi_text_controller_v1_0_project/hdmi_text_controller_v1_0_project.gen/sources_1/ip/clk_wiz_0/clk_wiz_0.xdc'.
WARNING: [Vivado 12-4154] User modified property 'Library' (with value 'xil_defaultlib') was detected on 'c:/users/curti/onedrive/documents/uiuc/ece-385/vivado_projects/lab7_1/lab7_1.tmp/hdmi_text_controller_v1_0_project/hdmi_text_controller_v1_0_project.gen/sources_1/ip/clk_wiz_0/clk_wiz_0_ooc.xdc'.
WARNING: [Vivado 12-4154] User modified property 'Library' (with value 'xil_defaultlib') was detected on 'c:/users/curti/onedrive/documents/uiuc/ece-385/vivado_projects/lab7_1/lab7_1.tmp/hdmi_text_controller_v1_0_project/hdmi_text_controller_v1_0_project.gen/sources_1/ip/clk_wiz_0/mmcm_pll_drp_func_7s_mmcm.vh'.
WARNING: [Vivado 12-4154] User modified property 'Library' (with value 'xil_defaultlib') was detected on 'c:/users/curti/onedrive/documents/uiuc/ece-385/vivado_projects/lab7_1/lab7_1.tmp/hdmi_text_controller_v1_0_project/hdmi_text_controller_v1_0_project.gen/sources_1/ip/clk_wiz_0/mmcm_pll_drp_func_7s_pll.vh'.
WARNING: [Vivado 12-4154] User modified property 'Library' (with value 'xil_defaultlib') was detected on 'c:/users/curti/onedrive/documents/uiuc/ece-385/vivado_projects/lab7_1/lab7_1.tmp/hdmi_text_controller_v1_0_project/hdmi_text_controller_v1_0_project.gen/sources_1/ip/clk_wiz_0/mmcm_pll_drp_func_us_mmcm.vh'.
WARNING: [Vivado 12-4154] User modified property 'Library' (with value 'xil_defaultlib') was detected on 'c:/users/curti/onedrive/documents/uiuc/ece-385/vivado_projects/lab7_1/lab7_1.tmp/hdmi_text_controller_v1_0_project/hdmi_text_controller_v1_0_project.gen/sources_1/ip/clk_wiz_0/mmcm_pll_drp_func_us_pll.vh'.
WARNING: [Vivado 12-4154] User modified property 'Library' (with value 'xil_defaultlib') was detected on 'c:/users/curti/onedrive/documents/uiuc/ece-385/vivado_projects/lab7_1/lab7_1.tmp/hdmi_text_controller_v1_0_project/hdmi_text_controller_v1_0_project.gen/sources_1/ip/clk_wiz_0/mmcm_pll_drp_func_us_plus_pll.vh'.
WARNING: [Vivado 12-4154] User modified property 'Library' (with value 'xil_defaultlib') was detected on 'c:/users/curti/onedrive/documents/uiuc/ece-385/vivado_projects/lab7_1/lab7_1.tmp/hdmi_text_controller_v1_0_project/hdmi_text_controller_v1_0_project.gen/sources_1/ip/clk_wiz_0/mmcm_pll_drp_func_us_plus_mmcm.vh'.
WARNING: [Vivado 12-4154] User modified property 'Library' (with value 'xil_defaultlib') was detected on 'c:/users/curti/onedrive/documents/uiuc/ece-385/vivado_projects/lab7_1/lab7_1.tmp/hdmi_text_controller_v1_0_project/hdmi_text_controller_v1_0_project.gen/sources_1/ip/clk_wiz_0/clk_wiz_0_clk_wiz.v'.
WARNING: [Vivado 12-4154] User modified property 'Library' (with value 'xil_defaultlib') was detected on 'c:/users/curti/onedrive/documents/uiuc/ece-385/vivado_projects/lab7_1/lab7_1.tmp/hdmi_text_controller_v1_0_project/hdmi_text_controller_v1_0_project.gen/sources_1/ip/clk_wiz_0/clk_wiz_0.v'.
WARNING: [Vivado 12-4152] One or more user modified properties were detected. The reset_target command can be used to reset the targets data which will also reset all target properties.
export_ip_user_files -of_objects [get_files c:/Users/curti/OneDrive/Documents/UIUC/ECE-385/Vivado_Projects/ip_repo/hdmi_text_controller_1_0/src/clk_wiz_0_2/clk_wiz_0.xci] -no_script -sync -force -quiet
export_simulation -of_objects [get_files c:/Users/curti/OneDrive/Documents/UIUC/ECE-385/Vivado_Projects/ip_repo/hdmi_text_controller_1_0/src/clk_wiz_0_2/clk_wiz_0.xci] -directory c:/users/curti/onedrive/documents/uiuc/ece-385/vivado_projects/lab7_1/lab7_1.tmp/hdmi_text_controller_v1_0_project/hdmi_text_controller_v1_0_project.ip_user_files/sim_scripts -ip_user_files_dir c:/users/curti/onedrive/documents/uiuc/ece-385/vivado_projects/lab7_1/lab7_1.tmp/hdmi_text_controller_v1_0_project/hdmi_text_controller_v1_0_project.ip_user_files -ipstatic_source_dir c:/users/curti/onedrive/documents/uiuc/ece-385/vivado_projects/lab7_1/lab7_1.tmp/hdmi_text_controller_v1_0_project/hdmi_text_controller_v1_0_project.ip_user_files/ipstatic -lib_map_path [list {modelsim=c:/users/curti/onedrive/documents/uiuc/ece-385/vivado_projects/lab7_1/lab7_1.tmp/hdmi_text_controller_v1_0_project/hdmi_text_controller_v1_0_project.cache/compile_simlib/modelsim} {questa=c:/users/curti/onedrive/documents/uiuc/ece-385/vivado_projects/lab7_1/lab7_1.tmp/hdmi_text_controller_v1_0_project/hdmi_text_controller_v1_0_project.cache/compile_simlib/questa} {riviera=c:/users/curti/onedrive/documents/uiuc/ece-385/vivado_projects/lab7_1/lab7_1.tmp/hdmi_text_controller_v1_0_project/hdmi_text_controller_v1_0_project.cache/compile_simlib/riviera} {activehdl=c:/users/curti/onedrive/documents/uiuc/ece-385/vivado_projects/lab7_1/lab7_1.tmp/hdmi_text_controller_v1_0_project/hdmi_text_controller_v1_0_project.cache/compile_simlib/activehdl}] -use_ip_compiled_libs -force -quiet
launch_simulation
Command: launch_simulation 
INFO: [Vivado 12-12493] Simulation top is 'hdmi_text_controller_v1_0'
WARNING: [Vivado 12-13340] Unable to auto find GCC executables from simulator install path! (path not set)
WARNING: [Vivado 12-13277] Compiled library path does not exist: ''
INFO: [Vivado 12-5698] Checking validity of IPs in the design for the 'XSim' simulator...
INFO: [Vivado 12-5682] Launching behavioral simulation in 'c:/users/curti/onedrive/documents/uiuc/ece-385/vivado_projects/lab7_1/lab7_1.tmp/hdmi_text_controller_v1_0_project/hdmi_text_controller_v1_0_project.sim/sim_1/behav/xsim'
INFO: [Vivado 12-13660] Precompiled IP simulation library mode is enabled (default). The design IP libraries will be referenced from the compiled library path. Please note that if the precompiled version of the library is not found from the path or the IP is in locked state, then the library source files for these IPs will be compiled locally as part of the compile order.
INFO: [Vivado 12-4795] Using compiled simulation libraries for IPs
INFO: [SIM-utils-51] Simulation object is 'sim_1'
INFO: [SIM-utils-72] Using boost library from 'C:/Xilinx/Vivado/2022.2/tps/boost_1_72_0'
INFO: [USF-XSim-7] Finding pre-compiled libraries...
INFO: [USF-XSim-11] File 'C:/Xilinx/Vivado/2022.2/data/xsim/xsim.ini' copied to run dir:'c:/users/curti/onedrive/documents/uiuc/ece-385/vivado_projects/lab7_1/lab7_1.tmp/hdmi_text_controller_v1_0_project/hdmi_text_controller_v1_0_project.sim/sim_1/behav/xsim'
INFO: [SIM-utils-54] Inspecting design source files for 'hdmi_text_controller_v1_0' in fileset 'sim_1'...
INFO: [USF-XSim-97] Finding global include files...
INFO: [USF-XSim-98] Fetching design files from 'sim_1'...
INFO: [USF-XSim-2] XSim::Compile design
INFO: [USF-XSim-61] Executing 'COMPILE and ANALYZE' step in 'c:/users/curti/onedrive/documents/uiuc/ece-385/vivado_projects/lab7_1/lab7_1.tmp/hdmi_text_controller_v1_0_project/hdmi_text_controller_v1_0_project.sim/sim_1/behav/xsim'
"xvlog --incr --relax -L uvm -prj hdmi_text_controller_v1_0_vlog.prj"
INFO: [VRFC 10-2263] Analyzing Verilog file "c:/Users/curti/OneDrive/Documents/UIUC/ECE-385/Vivado_Projects/lab7_1/lab7_1.tmp/hdmi_text_controller_v1_0_project/hdmi_text_controller_v1_0_project.gen/sources_1/ip/hdmi_tx_0/hdl/encode.v" into library xil_defaultlib
INFO: [VRFC 10-311] analyzing module encode
INFO: [VRFC 10-2263] Analyzing Verilog file "c:/Users/curti/OneDrive/Documents/UIUC/ECE-385/Vivado_Projects/lab7_1/lab7_1.tmp/hdmi_text_controller_v1_0_project/hdmi_text_controller_v1_0_project.gen/sources_1/ip/hdmi_tx_0/hdl/serdes_10_to_1.v" into library xil_defaultlib
INFO: [VRFC 10-311] analyzing module serdes_10_to_1
INFO: [VRFC 10-2263] Analyzing Verilog file "c:/Users/curti/OneDrive/Documents/UIUC/ECE-385/Vivado_Projects/lab7_1/lab7_1.tmp/hdmi_text_controller_v1_0_project/hdmi_text_controller_v1_0_project.gen/sources_1/ip/hdmi_tx_0/hdl/srldelay.v" into library xil_defaultlib
INFO: [VRFC 10-311] analyzing module srldelay
INFO: [VRFC 10-2263] Analyzing Verilog file "c:/Users/curti/OneDrive/Documents/UIUC/ECE-385/Vivado_Projects/lab7_1/lab7_1.tmp/hdmi_text_controller_v1_0_project/hdmi_text_controller_v1_0_project.gen/sources_1/ip/hdmi_tx_0/hdl/hdmi_tx_v1_0.v" into library xil_defaultlib
INFO: [VRFC 10-311] analyzing module hdmi_tx_v1_0
INFO: [VRFC 10-2263] Analyzing Verilog file "c:/Users/curti/OneDrive/Documents/UIUC/ECE-385/Vivado_Projects/lab7_1/lab7_1.tmp/hdmi_text_controller_v1_0_project/hdmi_text_controller_v1_0_project.gen/sources_1/ip/hdmi_tx_0/sim/hdmi_tx_0.v" into library xil_defaultlib
INFO: [VRFC 10-311] analyzing module hdmi_tx_0
INFO: [VRFC 10-2263] Analyzing Verilog file "c:/Users/curti/OneDrive/Documents/UIUC/ECE-385/Vivado_Projects/lab7_1/lab7_1.tmp/hdmi_text_controller_v1_0_project/hdmi_text_controller_v1_0_project.gen/sources_1/ip/clk_wiz_0/clk_wiz_0_clk_wiz.v" into library xil_defaultlib
INFO: [VRFC 10-311] analyzing module clk_wiz_0_clk_wiz
INFO: [VRFC 10-2263] Analyzing Verilog file "c:/Users/curti/OneDrive/Documents/UIUC/ECE-385/Vivado_Projects/lab7_1/lab7_1.tmp/hdmi_text_controller_v1_0_project/hdmi_text_controller_v1_0_project.gen/sources_1/ip/clk_wiz_0/clk_wiz_0.v" into library xil_defaultlib
INFO: [VRFC 10-311] analyzing module clk_wiz_0
INFO: [VRFC 10-2263] Analyzing SystemVerilog file "c:/Users/curti/OneDrive/Documents/UIUC/ECE-385/Vivado_Projects/lab7_1/lab7_1_provided_fa24/VGA_controller.sv" into library xil_defaultlib
INFO: [VRFC 10-311] analyzing module vga_controller
INFO: [VRFC 10-2263] Analyzing SystemVerilog file "c:/Users/curti/OneDrive/Documents/UIUC/ECE-385/Vivado_Projects/lab7_1/lab7_1_provided_fa24/font_rom.sv" into library xil_defaultlib
INFO: [VRFC 10-311] analyzing module font_rom
INFO: [VRFC 10-2263] Analyzing SystemVerilog file "c:/Users/curti/OneDrive/Documents/UIUC/ECE-385/Vivado_Projects/ip_repo/hdmi_text_controller_1_0/src/hdmi_text_controller_v1_0_AXI.sv" into library xil_defaultlib
INFO: [VRFC 10-311] analyzing module hdmi_text_controller_v1_0_AXI
WARNING: [VRFC 10-9336] redeclaration of ANSI port 'slv_regs' is not allowed [c:/Users/curti/OneDrive/Documents/UIUC/ECE-385/Vivado_Projects/ip_repo/hdmi_text_controller_1_0/src/hdmi_text_controller_v1_0_AXI.sv:138]
INFO: [VRFC 10-2263] Analyzing SystemVerilog file "c:/Users/curti/OneDrive/Documents/UIUC/ECE-385/Vivado_Projects/lab7_1/lab7_1_provided_fa24/mini_mapper.sv" into library xil_defaultlib
INFO: [VRFC 10-311] analyzing module mini_mapper
INFO: [VRFC 10-2263] Analyzing SystemVerilog file "c:/Users/curti/OneDrive/Documents/UIUC/ECE-385/Vivado_Projects/ip_repo/hdmi_text_controller_1_0/src/hdmi_text_controller_v1_0.sv" into library xil_defaultlib
INFO: [VRFC 10-311] analyzing module hdmi_text_controller_v1_0
INFO: [VRFC 10-2263] Analyzing Verilog file "c:/Users/curti/OneDrive/Documents/UIUC/ECE-385/Vivado_Projects/lab7_1/lab7_1.tmp/hdmi_text_controller_v1_0_project/hdmi_text_controller_v1_0_project.sim/sim_1/behav/xsim/glbl.v" into library xil_defaultlib
INFO: [VRFC 10-311] analyzing module glbl
INFO: [USF-XSim-69] 'compile' step finished in '2' seconds
INFO: [USF-XSim-3] XSim::Elaborate design
INFO: [USF-XSim-61] Executing 'ELABORATE' step in 'c:/users/curti/onedrive/documents/uiuc/ece-385/vivado_projects/lab7_1/lab7_1.tmp/hdmi_text_controller_v1_0_project/hdmi_text_controller_v1_0_project.sim/sim_1/behav/xsim'
"xelab --incr --debug typical --relax --mt 2 -L xil_defaultlib -L uvm -L unisims_ver -L unimacro_ver -L secureip -L xpm --snapshot hdmi_text_controller_v1_0_behav xil_defaultlib.hdmi_text_controller_v1_0 xil_defaultlib.glbl -log elaborate.log"
Vivado Simulator v2022.2
Copyright 1986-1999, 2001-2022 Xilinx, Inc. All Rights Reserved.
Running: C:/Xilinx/Vivado/2022.2/bin/unwrapped/win64.o/xelab.exe --incr --debug typical --relax --mt 2 -L xil_defaultlib -L uvm -L unisims_ver -L unimacro_ver -L secureip -L xpm --snapshot hdmi_text_controller_v1_0_behav xil_defaultlib.hdmi_text_controller_v1_0 xil_defaultlib.glbl -log elaborate.log 
Using 2 slave threads.
Starting static elaboration
Pass Through NonSizing Optimizer
WARNING: [VRFC 10-3091] actual bit length 1 differs from formal bit length 3 for port 'TMDS_DATA_P' [c:/Users/curti/OneDrive/Documents/UIUC/ECE-385/Vivado_Projects/ip_repo/hdmi_text_controller_1_0/src/hdmi_text_controller_v1_0.sv:157]
WARNING: [VRFC 10-3091] actual bit length 1 differs from formal bit length 3 for port 'TMDS_DATA_N' [c:/Users/curti/OneDrive/Documents/UIUC/ECE-385/Vivado_Projects/ip_repo/hdmi_text_controller_1_0/src/hdmi_text_controller_v1_0.sv:158]
Completed static elaboration
Starting simulation data flow analysis
WARNING: [XSIM 43-4099] "c:/Users/curti/OneDrive/Documents/UIUC/ECE-385/Vivado_Projects/lab7_1/lab7_1_provided_fa24/font_rom.sv" Line 1. Module font_rom doesn't have a timescale but at least one module in design has a timescale.
WARNING: [XSIM 43-4099] "c:/Users/curti/OneDrive/Documents/UIUC/ECE-385/Vivado_Projects/lab7_1/lab7_1_provided_fa24/VGA_controller.sv" Line 26. Module vga_controller doesn't have a timescale but at least one module in design has a timescale.
WARNING: [XSIM 43-4099] "c:/Users/curti/OneDrive/Documents/UIUC/ECE-385/Vivado_Projects/lab7_1/lab7_1_provided_fa24/font_rom.sv" Line 1. Module font_rom doesn't have a timescale but at least one module in design has a timescale.
WARNING: [XSIM 43-4099] "c:/Users/curti/OneDrive/Documents/UIUC/ECE-385/Vivado_Projects/lab7_1/lab7_1_provided_fa24/VGA_controller.sv" Line 26. Module vga_controller doesn't have a timescale but at least one module in design has a timescale.
Completed simulation data flow analysis
Time Resolution for simulation is 1ps
Compiling module xil_defaultlib.hdmi_text_controller_v1_0_AXI_de...
Compiling module unisims_ver.IBUF
Compiling module unisims_ver.MMCME2_ADV(CLKFBOUT_MULT_F=10.0,...
Compiling module unisims_ver.BUFG
Compiling module xil_defaultlib.clk_wiz_0_clk_wiz
Compiling module xil_defaultlib.clk_wiz_0
Compiling module xil_defaultlib.font_rom
Compiling module xil_defaultlib.mini_mapper
Compiling module xil_defaultlib.vga_controller
Compiling module unisims_ver.SRL16E_default
Compiling module xil_defaultlib.srldelay(WIDTH=40,TAPS=4'b1010)
Compiling module xil_defaultlib.encode_default
Compiling module xil_defaultlib.encode(CHANNEL="GREEN")
Compiling module xil_defaultlib.encode(CHANNEL="RED")
Compiling module unisims_ver.OSERDESE2(DATA_RATE_TQ="SDR",DAT...
Compiling module unisims_ver.OSERDESE2(DATA_RATE_TQ="SDR",DAT...
Compiling module xil_defaultlib.serdes_10_to_1
Compiling module unisims_ver.OBUFDS(IOSTANDARD="TMDS_33")
Compiling module xil_defaultlib.hdmi_tx_v1_0(C_RED_WIDTH=4,C_GRE...
Compiling module xil_defaultlib.hdmi_tx_0
Compiling module xil_defaultlib.hdmi_text_controller_v1_0
Compiling module xil_defaultlib.glbl
Built simulation snapshot hdmi_text_controller_v1_0_behav
run_program: Time (s): cpu = 00:00:01 ; elapsed = 00:00:07 . Memory (MB): peak = 3042.457 ; gain = 0.000
INFO: [USF-XSim-69] 'elaborate' step finished in '7' seconds
INFO: [USF-XSim-4] XSim::Simulate design
INFO: [USF-XSim-61] Executing 'SIMULATE' step in 'c:/users/curti/onedrive/documents/uiuc/ece-385/vivado_projects/lab7_1/lab7_1.tmp/hdmi_text_controller_v1_0_project/hdmi_text_controller_v1_0_project.sim/sim_1/behav/xsim'
INFO: [USF-XSim-98] *** Running xsim
   with args "hdmi_text_controller_v1_0_behav -key {Behavioral:sim_1:Functional:hdmi_text_controller_v1_0} -tclbatch {hdmi_text_controller_v1_0.tcl} -log {simulate.log}"
INFO: [USF-XSim-8] Loading simulator feature
Time resolution is 1 ps
source hdmi_text_controller_v1_0.tcl
# set curr_wave [current_wave_config]
# if { [string length $curr_wave] == 0 } {
#   if { [llength [get_objects]] > 0} {
#     add_wave /
#     set_property needs_save false [current_wave_config]
#   } else {
#      send_msg_id Add_Wave-1 WARNING "No top level signals found. Simulator will start without a wave window. If you want to open a wave window go to 'File->New Waveform Configuration' or type 'create_wave_config' in the TCL console."
#   }
# }
# run all
INFO: [Common 17-41] Interrupt caught. Command should exit soon.
run: Time (s): cpu = 00:00:04 ; elapsed = 00:00:19 . Memory (MB): peak = 3051.855 ; gain = 0.445
INFO: [Common 17-344] 'run' was cancelled
INFO: [Common 17-344] 'source' was cancelled
xsim: Time (s): cpu = 00:00:08 ; elapsed = 00:00:23 . Memory (MB): peak = 3051.855 ; gain = 9.398
INFO: [Common 17-344] 'xsim' was cancelled
INFO: [Vivado 12-5357] 'simulate' step aborted
launch_simulation: Time (s): cpu = 00:00:09 ; elapsed = 00:00:33 . Memory (MB): peak = 3051.855 ; gain = 9.398
INFO: [Common 17-344] 'launch_simulation' was cancelled
set_property SOURCE_SET sources_1 [get_filesets sim_1]
add_files -fileset sim_1 -norecurse -scan_for_includes C:/Users/curti/OneDrive/Documents/UIUC/ECE-385/Vivado_Projects/lab7_1/lab7_1_provided_fa24/hdmi_text_controller_v1_0_tb.sv
update_compile_order -fileset sim_1
update_compile_order -fileset sim_1
launch_simulation
Command: launch_simulation 
INFO: [Vivado 12-12493] Simulation top is 'hdmi_text_controller_tb'
WARNING: [Vivado 12-13340] Unable to auto find GCC executables from simulator install path! (path not set)
boost::filesystem::remove: The process cannot access the file because it is being used by another process: "c:/users/curti/onedrive/documents/uiuc/ece-385/vivado_projects/lab7_1/lab7_1.tmp/hdmi_text_controller_v1_0_project/hdmi_text_controller_v1_0_project.sim/sim_1/behav/xsim/simulate.log"
ipx::merge_project_changes files [ipx::current_core]
WARNING: [IP_Flow 19-5226] Project source file 'c:/Users/curti/OneDrive/Documents/UIUC/ECE-385/Vivado_Projects/ip_repo/hdmi_text_controller_1_0/component.xml' ignored by IP packager.
ipx::add_file C:/Users/curti/OneDrive/Documents/UIUC/ECE-385/Vivado_Projects/lab7_1/lab7_1_provided_fa24/hdmi_text_controller_v1_0_tb.sv [ipx::get_file_groups xilinx_verilogbehavioralsimulation -of_objects [ipx::current_core]]
WARNING: [Ipptcl 7-1550] All additional files should be added in a directory below the IP definition file (xml)
set_property type systemVerilogSource [ipx::get_files ../../lab7_1/lab7_1_provided_fa24/hdmi_text_controller_v1_0_tb.sv -of_objects [ipx::get_file_groups xilinx_verilogbehavioralsimulation -of_objects [ipx::current_core]]]
set_property library_name xil_defaultlib [ipx::get_files ../../lab7_1/lab7_1_provided_fa24/hdmi_text_controller_v1_0_tb.sv -of_objects [ipx::get_file_groups xilinx_verilogbehavioralsimulation -of_objects [ipx::current_core]]]
set_property core_revision 5 [ipx::current_core]
ipx::update_source_project_archive -component [ipx::current_core]
ipx::create_xgui_files [ipx::current_core]
ipx::update_checksums [ipx::current_core]
ipx::check_integrity [ipx::current_core]
WARNING: [IP_Flow 19-5905] All packaged files should be located below the IP definition file (xml)
WARNING: [IP_Flow 19-5905] All packaged files should be located below the IP definition file (xml)
WARNING: [IP_Flow 19-5905] All packaged files should be located below the IP definition file (xml)
WARNING: [IP_Flow 19-5905] All packaged files should be located below the IP definition file (xml)
WARNING: [IP_Flow 19-5905] All packaged files should be located below the IP definition file (xml)
WARNING: [IP_Flow 19-5905] All packaged files should be located below the IP definition file (xml)
WARNING: [IP_Flow 19-5905] All packaged files should be located below the IP definition file (xml)
WARNING: [IP_Flow 19-5905] All packaged files should be located below the IP definition file (xml)
WARNING: [IP_Flow 19-5661] Bus Interface 'hdmi_clk_n' does not have any bus interfaces associated with it.
WARNING: [IP_Flow 19-4751] Bus Interface 'hdmi_clk_n': FREQ_HZ bus parameter is missing for output clock interface.
WARNING: [IP_Flow 19-5661] Bus Interface 'hdmi_clk_p' does not have any bus interfaces associated with it.
WARNING: [IP_Flow 19-4751] Bus Interface 'hdmi_clk_p': FREQ_HZ bus parameter is missing for output clock interface.
WARNING: [IP_Flow 19-1965] Bus Interface 'HDMI': A port map to the required logical port "DDC_SCL_I" of the bus abstraction "xilinx.com:interface:hdmi_rtl:2.0" is missing.
WARNING: [IP_Flow 19-1965] Bus Interface 'HDMI': A port map to the required logical port "DDC_SCL_O" of the bus abstraction "xilinx.com:interface:hdmi_rtl:2.0" is missing.
WARNING: [IP_Flow 19-1965] Bus Interface 'HDMI': A port map to the required logical port "DDC_SCL_T" of the bus abstraction "xilinx.com:interface:hdmi_rtl:2.0" is missing.
WARNING: [IP_Flow 19-1965] Bus Interface 'HDMI': A port map to the required logical port "DDC_SDA_I" of the bus abstraction "xilinx.com:interface:hdmi_rtl:2.0" is missing.
WARNING: [IP_Flow 19-1965] Bus Interface 'HDMI': A port map to the required logical port "DDC_SDA_O" of the bus abstraction "xilinx.com:interface:hdmi_rtl:2.0" is missing.
WARNING: [IP_Flow 19-1965] Bus Interface 'HDMI': A port map to the required logical port "DDC_SDA_T" of the bus abstraction "xilinx.com:interface:hdmi_rtl:2.0" is missing.
WARNING: [IP_Flow 19-1965] Bus Interface 'HDMI': A port map to the required logical port "CABLE_CONNECT" of the bus abstraction "xilinx.com:interface:hdmi_rtl:2.0" is missing.
WARNING: [IP_Flow 19-1965] Bus Interface 'HDMI': A port map to the required logical port "HPD" of the bus abstraction "xilinx.com:interface:hdmi_rtl:2.0" is missing.
INFO: [IP_Flow 19-2181] Payment Required is not set for this core.
INFO: [IP_Flow 19-2187] The Product Guide file is missing.
INFO: [Ipptcl 7-1486] check_integrity: Integrity check passed.
ipx::save_core [ipx::current_core]
ipx::move_temp_component_back -component [ipx::current_core]
close_project -delete
ERROR: [Project 1-161] Failed to remove the directory 'c:/users/curti/onedrive/documents/uiuc/ece-385/vivado_projects/lab7_1/lab7_1.tmp/hdmi_text_controller_v1_0_project/hdmi_text_controller_v1_0_project.sim'. The directory might be in use by some other process.
update_ip_catalog -rebuild -scan_changes
INFO: [IP_Flow 19-234] Refreshing IP repositories
INFO: [IP_Flow 19-1700] Loaded user IP repository 'c:/Users/curti/OneDrive/Documents/UIUC/ECE-385/Vivado_Projects/ip_repo/hdmi_text_controller_1_0'.
WARNING: [IP_Flow 19-2207] Repository 'c:/Users/curti/OneDrive/Documents/UIUC/ECE-385/Vivado_Projects/ip_repo/hdmi_text_controller_1_0' already exists; ignoring attempt to add it again.
INFO: [IP_Flow 19-1700] Loaded user IP repository 'c:/Users/curti/OneDrive/Documents/UIUC/ECE-385/Vivado_Projects/ip_repo/hdmi_text_controller_1_0'.
INFO: [IP_Flow 19-1700] Loaded user IP repository 'c:/Users/curti/OneDrive/Documents/UIUC/ECE-385/Vivado_Projects/lab7_1/lab7_1_provided_fa24/hdmi_tx_1.0'.
report_ip_status -name ip_status
upgrade_ip -vlnv xilinx.com:user:hdmi_text_controller:1.0 [get_ips  design_1_hdmi_text_controller_0_1] -log ip_upgrade.log
Upgrading 'C:/Users/curti/OneDrive/Documents/UIUC/ECE-385/Vivado_Projects/lab7_1/lab7_1.srcs/sources_1/bd/design_1/design_1.bd'
WARNING: [Vivado 12-1017] Problems encountered:
1. Failed to delete one or more files in run directory C:/Users/curti/OneDrive/Documents/UIUC/ECE-385/Vivado_Projects/lab7_1/lab7_1.runs/design_1_hdmi_text_controller_0_1_synth_1

INFO: [IP_Flow 19-3422] Upgraded design_1_hdmi_text_controller_0_1 (hdmi_text_controller_v1.0 1.0) from revision 4 to revision 5
Wrote  : <C:\Users\curti\OneDrive\Documents\UIUC\ECE-385\Vivado_Projects\lab7_1\lab7_1.srcs\sources_1\bd\design_1\design_1.bd> 
Wrote  : <C:/Users/curti/OneDrive/Documents/UIUC/ECE-385/Vivado_Projects/lab7_1/lab7_1.srcs/sources_1/bd/design_1/ui/bd_1f5defd0.ui> 
INFO: [Coretcl 2-1525] Wrote upgrade log to 'C:/Users/curti/OneDrive/Documents/UIUC/ECE-385/Vivado_Projects/lab7_1/ip_upgrade.log'.
export_ip_user_files -of_objects [get_ips design_1_hdmi_text_controller_0_1] -no_script -sync -force -quiet
generate_target all [get_files  C:/Users/curti/OneDrive/Documents/UIUC/ECE-385/Vivado_Projects/lab7_1/lab7_1.srcs/sources_1/bd/design_1/design_1.bd]
WARNING: [filemgmt 56-443] The ECC Algorithm string is empty. Setting the Memory Map to default ECC value to ECC_NONE.
WARNING: [filemgmt 56-443] The ECC Algorithm string is empty. Setting the Memory Map to default ECC value to ECC_NONE.
INFO: [xilinx.com:ip:clk_wiz:6.0-1] /clk_wiz_1 clk_wiz propagate
INFO: [xilinx.com:ip:axi_intc:4.1-1] /microblaze_0_axi_intc: The AXI INTC core has been configured to operate with synchronous clocks.
Wrote  : <C:\Users\curti\OneDrive\Documents\UIUC\ECE-385\Vivado_Projects\lab7_1\lab7_1.srcs\sources_1\bd\design_1\design_1.bd> 
Verilog Output written to : c:/Users/curti/OneDrive/Documents/UIUC/ECE-385/Vivado_Projects/lab7_1/lab7_1.gen/sources_1/bd/design_1/synth/design_1.v
Verilog Output written to : c:/Users/curti/OneDrive/Documents/UIUC/ECE-385/Vivado_Projects/lab7_1/lab7_1.gen/sources_1/bd/design_1/sim/design_1.v
Verilog Output written to : c:/Users/curti/OneDrive/Documents/UIUC/ECE-385/Vivado_Projects/lab7_1/lab7_1.gen/sources_1/bd/design_1/hdl/design_1_wrapper.v
INFO: [BD 41-1029] Generation completed for the IP Integrator block hdmi_text_controller_0 .
Exporting to file c:/Users/curti/OneDrive/Documents/UIUC/ECE-385/Vivado_Projects/lab7_1/lab7_1.gen/sources_1/bd/design_1/hw_handoff/design_1.hwh
Generated Hardware Definition File c:/Users/curti/OneDrive/Documents/UIUC/ECE-385/Vivado_Projects/lab7_1/lab7_1.gen/sources_1/bd/design_1/synth/design_1.hwdef
generate_target: Time (s): cpu = 00:00:02 ; elapsed = 00:00:09 . Memory (MB): peak = 3070.160 ; gain = 0.000
catch { config_ip_cache -export [get_ips -all design_1_hdmi_text_controller_0_1] }
INFO: [IP_Flow 19-6924] IPCACHE: Running cache check for IP inst: design_1_hdmi_text_controller_0_1
export_ip_user_files -of_objects [get_files C:/Users/curti/OneDrive/Documents/UIUC/ECE-385/Vivado_Projects/lab7_1/lab7_1.srcs/sources_1/bd/design_1/design_1.bd] -no_script -sync -force -quiet
create_ip_run [get_files -of_objects [get_fileset sources_1] C:/Users/curti/OneDrive/Documents/UIUC/ECE-385/Vivado_Projects/lab7_1/lab7_1.srcs/sources_1/bd/design_1/design_1.bd]
launch_runs design_1_hdmi_text_controller_0_1_synth_1 -jobs 10
INFO: [IP_Flow 19-6924] IPCACHE: Running cache check for IP inst: design_1_hdmi_text_controller_0_1
[Fri Nov  1 00:47:39 2024] Launched design_1_hdmi_text_controller_0_1_synth_1...
Run output will be captured here: C:/Users/curti/OneDrive/Documents/UIUC/ECE-385/Vivado_Projects/lab7_1/lab7_1.runs/design_1_hdmi_text_controller_0_1_synth_1/runme.log
export_simulation -of_objects [get_files C:/Users/curti/OneDrive/Documents/UIUC/ECE-385/Vivado_Projects/lab7_1/lab7_1.srcs/sources_1/bd/design_1/design_1.bd] -directory C:/Users/curti/OneDrive/Documents/UIUC/ECE-385/Vivado_Projects/lab7_1/lab7_1.ip_user_files/sim_scripts -ip_user_files_dir C:/Users/curti/OneDrive/Documents/UIUC/ECE-385/Vivado_Projects/lab7_1/lab7_1.ip_user_files -ipstatic_source_dir C:/Users/curti/OneDrive/Documents/UIUC/ECE-385/Vivado_Projects/lab7_1/lab7_1.ip_user_files/ipstatic -lib_map_path [list {modelsim=C:/Users/curti/OneDrive/Documents/UIUC/ECE-385/Vivado_Projects/lab7_1/lab7_1.cache/compile_simlib/modelsim} {questa=C:/Users/curti/OneDrive/Documents/UIUC/ECE-385/Vivado_Projects/lab7_1/lab7_1.cache/compile_simlib/questa} {riviera=C:/Users/curti/OneDrive/Documents/UIUC/ECE-385/Vivado_Projects/lab7_1/lab7_1.cache/compile_simlib/riviera} {activehdl=C:/Users/curti/OneDrive/Documents/UIUC/ECE-385/Vivado_Projects/lab7_1/lab7_1.cache/compile_simlib/activehdl}] -use_ip_compiled_libs -force -quiet
ipx::edit_ip_in_project -upgrade true -name hdmi_text_controller_v1_0_project -directory C:/Users/curti/OneDrive/Documents/UIUC/ECE-385/Vivado_Projects/lab7_1/lab7_1.tmp/hdmi_text_controller_v1_0_project c:/Users/curti/OneDrive/Documents/UIUC/ECE-385/Vivado_Projects/ip_repo/hdmi_text_controller_1_0/component.xml
ERROR: [Project 1-161] Failed to remove the directory 'c:/users/curti/onedrive/documents/uiuc/ece-385/vivado_projects/lab7_1/lab7_1.tmp/hdmi_text_controller_v1_0_project/hdmi_text_controller_v1_0_project.sim'. The directory might be in use by some other process.
ERROR: [Ipptcl 7-562] Cannot create project 'hdmi_text_controller_v1_0_project'.
ERROR: [Common 17-39] 'ipx::edit_ip_in_project' failed due to earlier errors.
ipx::edit_ip_in_project -upgrade true -name hdmi_text_controller_v1_0_project -directory C:/Users/curti/OneDrive/Documents/UIUC/ECE-385/Vivado_Projects/lab7_1/lab7_1.tmp/hdmi_text_controller_v1_0_project c:/Users/curti/OneDrive/Documents/UIUC/ECE-385/Vivado_Projects/ip_repo/hdmi_text_controller_1_0/component.xml
ERROR: [Project 1-161] Failed to remove the directory 'c:/users/curti/onedrive/documents/uiuc/ece-385/vivado_projects/lab7_1/lab7_1.tmp/hdmi_text_controller_v1_0_project/hdmi_text_controller_v1_0_project.sim'. The directory might be in use by some other process.
ERROR: [Ipptcl 7-562] Cannot create project 'hdmi_text_controller_v1_0_project'.
ERROR: [Common 17-39] 'ipx::edit_ip_in_project' failed due to earlier errors.
reset_run design_1_hdmi_text_controller_0_1_synth_1
WARNING: [Vivado 12-1017] Problems encountered:
1. Failed to delete one or more files in run directory C:/Users/curti/OneDrive/Documents/UIUC/ECE-385/Vivado_Projects/lab7_1/lab7_1.runs/design_1_hdmi_text_controller_0_1_synth_1

ipx::edit_ip_in_project -upgrade true -name hdmi_text_controller_v1_0_project -directory C:/Users/curti/OneDrive/Documents/UIUC/ECE-385/Vivado_Projects/lab7_1/lab7_1.tmp/hdmi_text_controller_v1_0_project c:/Users/curti/OneDrive/Documents/UIUC/ECE-385/Vivado_Projects/ip_repo/hdmi_text_controller_1_0/component.xml
ERROR: [Project 1-161] Failed to remove the directory 'c:/users/curti/onedrive/documents/uiuc/ece-385/vivado_projects/lab7_1/lab7_1.tmp/hdmi_text_controller_v1_0_project/hdmi_text_controller_v1_0_project.sim'. The directory might be in use by some other process.
ERROR: [Ipptcl 7-562] Cannot create project 'hdmi_text_controller_v1_0_project'.
ERROR: [Common 17-39] 'ipx::edit_ip_in_project' failed due to earlier errors.
report_ip_status -name ip_status 
exit
INFO: xsimkernel Simulation Memory Usage: 16240 KB (Peak: 16240 KB), Simulation CPU Usage: 16593 ms
INFO: [Common 17-206] Exiting Vivado at Fri Nov  1 00:48:32 2024...
