#-----------------------------------------------------------
# Vivado v2022.2 (64-bit)
# SW Build 3671981 on Fri Oct 14 05:00:03 MDT 2022
# IP Build 3669848 on Fri Oct 14 08:30:02 MDT 2022
# Start of session at: Thu Oct 31 15:04:38 2024
# Process ID: 9016
# Current directory: C:/Users/curti/OneDrive/Documents/UIUC/ECE-385/Vivado_Projects/lab7_1
# Command line: vivado.exe -gui_launcher_event rodinguilauncherevent7788 C:\Users\curti\OneDrive\Documents\UIUC\ECE-385\Vivado_Projects\lab7_1\lab7_1.xpr
# Log file: C:/Users/curti/OneDrive/Documents/UIUC/ECE-385/Vivado_Projects/lab7_1/vivado.log
# Journal file: C:/Users/curti/OneDrive/Documents/UIUC/ECE-385/Vivado_Projects/lab7_1\vivado.jou
# Running On: Curtis-Laptop, OS: Windows, CPU Frequency: 2688 MHz, CPU Physical cores: 14, Host memory: 34014 MB
#-----------------------------------------------------------
start_gui
open_project C:/Users/curti/OneDrive/Documents/UIUC/ECE-385/Vivado_Projects/lab7_1/lab7_1.xpr
WARNING: [Board 49-26] cannot add Board Part xilinx.com:ac701:part0:1.4 available at C:/Xilinx/Vivado/2022.2/data/xhub/boards/XilinxBoardStore/boards/Xilinx/ac701/1.4/board.xml as part xc7a200tfbg676-2 specified in board_part file is either invalid or not available
WARNING: [Board 49-26] cannot add Board Part xilinx.com:k26c:part0:1.2 available at C:/Xilinx/Vivado/2022.2/data/xhub/boards/XilinxBoardStore/boards/Xilinx/k26c/1.2/board.xml as part xck26-sfvc784-2lv-c specified in board_part file is either invalid or not available
WARNING: [Board 49-26] cannot add Board Part xilinx.com:k26c:part0:1.3 available at C:/Xilinx/Vivado/2022.2/data/xhub/boards/XilinxBoardStore/boards/Xilinx/k26c/1.3/board.xml as part xck26-sfvc784-2lv-c specified in board_part file is either invalid or not available
WARNING: [Board 49-26] cannot add Board Part xilinx.com:k26c:part0:1.4 available at C:/Xilinx/Vivado/2022.2/data/xhub/boards/XilinxBoardStore/boards/Xilinx/k26c/1.4/board.xml as part xck26-sfvc784-2lv-c specified in board_part file is either invalid or not available
WARNING: [Board 49-26] cannot add Board Part xilinx.com:k26i:part0:1.2 available at C:/Xilinx/Vivado/2022.2/data/xhub/boards/XilinxBoardStore/boards/Xilinx/k26i/1.2/board.xml as part xck26-sfvc784-2lvi-i specified in board_part file is either invalid or not available
WARNING: [Board 49-26] cannot add Board Part xilinx.com:k26i:part0:1.3 available at C:/Xilinx/Vivado/2022.2/data/xhub/boards/XilinxBoardStore/boards/Xilinx/k26i/1.3/board.xml as part xck26-sfvc784-2lvi-i specified in board_part file is either invalid or not available
WARNING: [Board 49-26] cannot add Board Part xilinx.com:k26i:part0:1.4 available at C:/Xilinx/Vivado/2022.2/data/xhub/boards/XilinxBoardStore/boards/Xilinx/k26i/1.4/board.xml as part xck26-sfvc784-2lvi-i specified in board_part file is either invalid or not available
WARNING: [Board 49-26] cannot add Board Part xilinx.com:kc705:part0:1.6 available at C:/Xilinx/Vivado/2022.2/data/xhub/boards/XilinxBoardStore/boards/Xilinx/kc705/1.6/board.xml as part xc7k325tffg900-2 specified in board_part file is either invalid or not available
WARNING: [Board 49-26] cannot add Board Part xilinx.com:kcu105:part0:1.6 available at C:/Xilinx/Vivado/2022.2/data/xhub/boards/XilinxBoardStore/boards/Xilinx/kcu105/1.6/board.xml as part xcku040-ffva1156-2-e specified in board_part file is either invalid or not available
WARNING: [Board 49-26] cannot add Board Part xilinx.com:kcu105:part0:1.7 available at C:/Xilinx/Vivado/2022.2/data/xhub/boards/XilinxBoardStore/boards/Xilinx/kcu105/1.7/board.xml as part xcku040-ffva1156-2-e specified in board_part file is either invalid or not available
WARNING: [Board 49-26] cannot add Board Part xilinx.com:kcu116:part0:1.4 available at C:/Xilinx/Vivado/2022.2/data/xhub/boards/XilinxBoardStore/boards/Xilinx/kcu116/1.4/board.xml as part xcku5p-ffvb676-2-e specified in board_part file is either invalid or not available
WARNING: [Board 49-26] cannot add Board Part xilinx.com:kcu116:part0:1.5 available at C:/Xilinx/Vivado/2022.2/data/xhub/boards/XilinxBoardStore/boards/Xilinx/kcu116/1.5/board.xml as part xcku5p-ffvb676-2-e specified in board_part file is either invalid or not available
WARNING: [Board 49-26] cannot add Board Part xilinx.com:kcu1500:part0:1.2 available at C:/Xilinx/Vivado/2022.2/data/xhub/boards/XilinxBoardStore/boards/Xilinx/kcu1500/1.2/board.xml as part xcku115-flvb2104-2-e specified in board_part file is either invalid or not available
WARNING: [Board 49-26] cannot add Board Part xilinx.com:kr260_som:part0:1.0 available at C:/Xilinx/Vivado/2022.2/data/xhub/boards/XilinxBoardStore/boards/Xilinx/kr260_som/1.0/board.xml as part xck26-sfvc784-2lv-c specified in board_part file is either invalid or not available
WARNING: [Board 49-26] cannot add Board Part xilinx.com:kr260_som:part0:1.1 available at C:/Xilinx/Vivado/2022.2/data/xhub/boards/XilinxBoardStore/boards/Xilinx/kr260_som/1.1/board.xml as part xck26-sfvc784-2lv-c specified in board_part file is either invalid or not available
WARNING: [Board 49-26] cannot add Board Part xilinx.com:kv260_som:part0:1.2 available at C:/Xilinx/Vivado/2022.2/data/xhub/boards/XilinxBoardStore/boards/Xilinx/kv260_som/1.2/board.xml as part xck26-sfvc784-2lv-c specified in board_part file is either invalid or not available
WARNING: [Board 49-26] cannot add Board Part xilinx.com:kv260_som:part0:1.3 available at C:/Xilinx/Vivado/2022.2/data/xhub/boards/XilinxBoardStore/boards/Xilinx/kv260_som/1.3/board.xml as part xck26-sfvc784-2lv-c specified in board_part file is either invalid or not available
WARNING: [Board 49-26] cannot add Board Part xilinx.com:kv260_som:part0:1.4 available at C:/Xilinx/Vivado/2022.2/data/xhub/boards/XilinxBoardStore/boards/Xilinx/kv260_som/1.4/board.xml as part xck26-sfvc784-2lv-c specified in board_part file is either invalid or not available
WARNING: [Board 49-26] cannot add Board Part xilinx.com:vc707:part0:1.4 available at C:/Xilinx/Vivado/2022.2/data/xhub/boards/XilinxBoardStore/boards/Xilinx/vc707/1.4/board.xml as part xc7vx485tffg1761-2 specified in board_part file is either invalid or not available
WARNING: [Board 49-26] cannot add Board Part xilinx.com:vc709:part0:1.8 available at C:/Xilinx/Vivado/2022.2/data/xhub/boards/XilinxBoardStore/boards/Xilinx/vc709/1.8/board.xml as part xc7vx690tffg1761-2 specified in board_part file is either invalid or not available
WARNING: [Board 49-26] cannot add Board Part xilinx.com:vck190:part0:2.2 available at C:/Xilinx/Vivado/2022.2/data/xhub/boards/XilinxBoardStore/boards/Xilinx/vck190/production/2.2/board.xml as part xcvc1902-vsva2197-2mp-e-s specified in board_part file is either invalid or not available
WARNING: [Board 49-26] cannot add Board Part xilinx.com:vck190:part0:3.0 available at C:/Xilinx/Vivado/2022.2/data/xhub/boards/XilinxBoardStore/boards/Xilinx/vck190/production/3.0/board.xml as part xcvc1902-vsva2197-2mp-e-s specified in board_part file is either invalid or not available
WARNING: [Board 49-26] cannot add Board Part xilinx.com:vck190:part0:3.1 available at C:/Xilinx/Vivado/2022.2/data/xhub/boards/XilinxBoardStore/boards/Xilinx/vck190/production/3.1/board.xml as part xcvc1902-vsva2197-2mp-e-s specified in board_part file is either invalid or not available
WARNING: [Board 49-26] cannot add Board Part xilinx.com:vck190_newl:part0:1.0 available at C:/Xilinx/Vivado/2022.2/data/xhub/boards/XilinxBoardStore/boards/Xilinx/vck190_newl/production/1.0/board.xml as part xcvc1902-vsva2197-2mp-e-s specified in board_part file is either invalid or not available
WARNING: [Board 49-26] cannot add Board Part xilinx.com:vcu108:part0:1.6 available at C:/Xilinx/Vivado/2022.2/data/xhub/boards/XilinxBoardStore/boards/Xilinx/vcu108/1.6/board.xml as part xcvu095-ffva2104-2-e specified in board_part file is either invalid or not available
WARNING: [Board 49-26] cannot add Board Part xilinx.com:vcu108:part0:1.7 available at C:/Xilinx/Vivado/2022.2/data/xhub/boards/XilinxBoardStore/boards/Xilinx/vcu108/1.7/board.xml as part xcvu095-ffva2104-2-e specified in board_part file is either invalid or not available
WARNING: [Board 49-26] cannot add Board Part xilinx.com:vcu110:part0:1.4 available at C:/Xilinx/Vivado/2022.2/data/xhub/boards/XilinxBoardStore/boards/Xilinx/vcu110/1.4/board.xml as part xcvu190-flgc2104-2-e specified in board_part file is either invalid or not available
WARNING: [Board 49-26] cannot add Board Part xilinx.com:vcu118:part0:2.0 available at C:/Xilinx/Vivado/2022.2/data/xhub/boards/XilinxBoardStore/boards/Xilinx/vcu118/2.0/board.xml as part xcvu9p-flga2104-2l-e specified in board_part file is either invalid or not available
WARNING: [Board 49-26] cannot add Board Part xilinx.com:vcu118:part0:2.3 available at C:/Xilinx/Vivado/2022.2/data/xhub/boards/XilinxBoardStore/boards/Xilinx/vcu118/2.3/board.xml as part xcvu9p-flga2104-2l-e specified in board_part file is either invalid or not available
WARNING: [Board 49-26] cannot add Board Part xilinx.com:vcu118:part0:2.4 available at C:/Xilinx/Vivado/2022.2/data/xhub/boards/XilinxBoardStore/boards/Xilinx/vcu118/2.4/board.xml as part xcvu9p-flga2104-2l-e specified in board_part file is either invalid or not available
WARNING: [Board 49-26] cannot add Board Part xilinx.com:vcu128:part0:1.0 available at C:/Xilinx/Vivado/2022.2/data/xhub/boards/XilinxBoardStore/boards/Xilinx/vcu128/production/1.0/board.xml as part xcvu37p-fsvh2892-2l-e specified in board_part file is either invalid or not available
WARNING: [Board 49-26] cannot add Board Part xilinx.com:vcu129:part0:1.0 available at C:/Xilinx/Vivado/2022.2/data/xhub/boards/XilinxBoardStore/boards/Xilinx/vcu129/production/1.0/board.xml as part xcvu29p-fsga2577-2l-e specified in board_part file is either invalid or not available
WARNING: [Board 49-26] cannot add Board Part xilinx.com:vcu1525:part0:1.3 available at C:/Xilinx/Vivado/2022.2/data/xhub/boards/XilinxBoardStore/boards/Xilinx/vcu1525/1.3/board.xml as part xcvu9p-fsgd2104-2l-e specified in board_part file is either invalid or not available
WARNING: [Board 49-26] cannot add Board Part xilinx.com:vek280_es:part0:1.0 available at C:/Xilinx/Vivado/2022.2/data/xhub/boards/XilinxBoardStore/boards/Xilinx/vek280/es/1.0/board.xml as part xcve2802-vsvh1760-2lp-e-s-es1 specified in board_part file is either invalid or not available
WARNING: [Board 49-26] cannot add Board Part xilinx.com:vermeo_t1_mpsoc:part0:1.0 available at C:/Xilinx/Vivado/2022.2/data/xhub/boards/XilinxBoardStore/boards/Xilinx/vermeo_t1_mpsoc/1.0/board.xml as part xczu19eg-ffvd1760-2l-e specified in board_part file is either invalid or not available
WARNING: [Board 49-26] cannot add Board Part xilinx.com:vermeo_t1_rfsoc:part0:1.0 available at C:/Xilinx/Vivado/2022.2/data/xhub/boards/XilinxBoardStore/boards/Xilinx/vermeo_t1_rfsoc/1.0/board.xml as part xczu21dr-ffvd1156-2l-e specified in board_part file is either invalid or not available
WARNING: [Board 49-26] cannot add Board Part xilinx.com:vhk158_es:part0:1.0 available at C:/Xilinx/Vivado/2022.2/data/xhub/boards/XilinxBoardStore/boards/Xilinx/vhk158/es/1.0/board.xml as part xcvh1582-vsva3697-2mp-e-s-es1 specified in board_part file is either invalid or not available
WARNING: [Board 49-26] cannot add Board Part xilinx.com:vmk180:part0:2.2 available at C:/Xilinx/Vivado/2022.2/data/xhub/boards/XilinxBoardStore/boards/Xilinx/vmk180/production/2.2/board.xml as part xcvm1802-vsva2197-2mp-e-s specified in board_part file is either invalid or not available
WARNING: [Board 49-26] cannot add Board Part xilinx.com:vmk180:part0:3.0 available at C:/Xilinx/Vivado/2022.2/data/xhub/boards/XilinxBoardStore/boards/Xilinx/vmk180/production/3.0/board.xml as part xcvm1802-vsva2197-2mp-e-s specified in board_part file is either invalid or not available
WARNING: [Board 49-26] cannot add Board Part xilinx.com:vmk180:part0:3.1 available at C:/Xilinx/Vivado/2022.2/data/xhub/boards/XilinxBoardStore/boards/Xilinx/vmk180/production/3.1/board.xml as part xcvm1802-vsva2197-2mp-e-s specified in board_part file is either invalid or not available
WARNING: [Board 49-26] cannot add Board Part xilinx.com:vmk180_newl:part0:1.0 available at C:/Xilinx/Vivado/2022.2/data/xhub/boards/XilinxBoardStore/boards/Xilinx/vmk180_newl/production/1.0/board.xml as part xcvm1802-vsva2197-2mp-e-s specified in board_part file is either invalid or not available
WARNING: [Board 49-26] cannot add Board Part xilinx.com:vpk120:part0:1.0 available at C:/Xilinx/Vivado/2022.2/data/xhub/boards/XilinxBoardStore/boards/Xilinx/vpk120/production/1.0/board.xml as part xcvp1202-vsva2785-2mp-e-s specified in board_part file is either invalid or not available
WARNING: [Board 49-26] cannot add Board Part xilinx.com:vpk120_es:part0:1.2 available at C:/Xilinx/Vivado/2022.2/data/xhub/boards/XilinxBoardStore/boards/Xilinx/vpk120/es/1.2/board.xml as part xcvp1202-vsva2785-2mp-e-s-es1 specified in board_part file is either invalid or not available
WARNING: [Board 49-26] cannot add Board Part xilinx.com:vpk120_es_revb:part0:1.0 available at C:/Xilinx/Vivado/2022.2/data/xhub/boards/XilinxBoardStore/boards/Xilinx/vpk120_revb/es/1.0/board.xml as part xcvp1202-vsva2785-2mp-e-s-es1 specified in board_part file is either invalid or not available
WARNING: [Board 49-26] cannot add Board Part xilinx.com:vpk180_es:part0:1.0 available at C:/Xilinx/Vivado/2022.2/data/xhub/boards/XilinxBoardStore/boards/Xilinx/vpk180/es/1.0/board.xml as part xcvp1802-lsvc4072-2mp-e-s-es1 specified in board_part file is either invalid or not available
WARNING: [Board 49-26] cannot add Board Part xilinx.com:zc702:part0:1.4 available at C:/Xilinx/Vivado/2022.2/data/xhub/boards/XilinxBoardStore/boards/Xilinx/zc702/1.4/board.xml as part xc7z020clg484-1 specified in board_part file is either invalid or not available
WARNING: [Board 49-26] cannot add Board Part xilinx.com:zc706:part0:1.4 available at C:/Xilinx/Vivado/2022.2/data/xhub/boards/XilinxBoardStore/boards/Xilinx/zc706/1.4/board.xml as part xc7z045ffg900-2 specified in board_part file is either invalid or not available
WARNING: [Board 49-26] cannot add Board Part xilinx.com:zcu102:part0:3.3 available at C:/Xilinx/Vivado/2022.2/data/xhub/boards/XilinxBoardStore/boards/Xilinx/zcu102/3.3/board.xml as part xczu9eg-ffvb1156-2-e specified in board_part file is either invalid or not available
WARNING: [Board 49-26] cannot add Board Part xilinx.com:zcu102:part0:3.4 available at C:/Xilinx/Vivado/2022.2/data/xhub/boards/XilinxBoardStore/boards/Xilinx/zcu102/3.4/board.xml as part xczu9eg-ffvb1156-2-e specified in board_part file is either invalid or not available
WARNING: [Board 49-26] cannot add Board Part xilinx.com:zcu104:part0:1.1 available at C:/Xilinx/Vivado/2022.2/data/xhub/boards/XilinxBoardStore/boards/Xilinx/zcu104/1.1/board.xml as part xczu7ev-ffvc1156-2-e specified in board_part file is either invalid or not available
WARNING: [Board 49-26] cannot add Board Part xilinx.com:zcu106:part0:2.4 available at C:/Xilinx/Vivado/2022.2/data/xhub/boards/XilinxBoardStore/boards/Xilinx/zcu106/2.4/board.xml as part xczu7ev-ffvc1156-2-e specified in board_part file is either invalid or not available
WARNING: [Board 49-26] cannot add Board Part xilinx.com:zcu106:part0:2.5 available at C:/Xilinx/Vivado/2022.2/data/xhub/boards/XilinxBoardStore/boards/Xilinx/zcu106/2.5/board.xml as part xczu7ev-ffvc1156-2-e specified in board_part file is either invalid or not available
WARNING: [Board 49-26] cannot add Board Part xilinx.com:zcu106:part0:2.6 available at C:/Xilinx/Vivado/2022.2/data/xhub/boards/XilinxBoardStore/boards/Xilinx/zcu106/2.6/board.xml as part xczu7ev-ffvc1156-2-e specified in board_part file is either invalid or not available
WARNING: [Board 49-26] cannot add Board Part xilinx.com:zcu111:part0:1.2 available at C:/Xilinx/Vivado/2022.2/data/xhub/boards/XilinxBoardStore/boards/Xilinx/zcu111/1.2/board.xml as part xczu28dr-ffvg1517-2-e specified in board_part file is either invalid or not available
WARNING: [Board 49-26] cannot add Board Part xilinx.com:zcu111:part0:1.3 available at C:/Xilinx/Vivado/2022.2/data/xhub/boards/XilinxBoardStore/boards/Xilinx/zcu111/1.3/board.xml as part xczu28dr-ffvg1517-2-e specified in board_part file is either invalid or not available
WARNING: [Board 49-26] cannot add Board Part xilinx.com:zcu111:part0:1.4 available at C:/Xilinx/Vivado/2022.2/data/xhub/boards/XilinxBoardStore/boards/Xilinx/zcu111/1.4/board.xml as part xczu28dr-ffvg1517-2-e specified in board_part file is either invalid or not available
WARNING: [Board 49-26] cannot add Board Part xilinx.com:zcu1275:part0:1.0 available at C:/Xilinx/Vivado/2022.2/data/xhub/boards/XilinxBoardStore/boards/Xilinx/zcu1275/1.0/board.xml as part xczu29dr-ffvf1760-2-e specified in board_part file is either invalid or not available
WARNING: [Board 49-26] cannot add Board Part xilinx.com:zcu1285:part0:1.0 available at C:/Xilinx/Vivado/2022.2/data/xhub/boards/XilinxBoardStore/boards/Xilinx/zcu1285/1.0/board.xml as part xczu39dr-ffvf1760-2-i specified in board_part file is either invalid or not available
WARNING: [Board 49-26] cannot add Board Part xilinx.com:zcu208:part0:2.0 available at C:/Xilinx/Vivado/2022.2/data/xhub/boards/XilinxBoardStore/boards/Xilinx/zcu208/production/2.0/board.xml as part xczu48dr-fsvg1517-2-e specified in board_part file is either invalid or not available
WARNING: [Board 49-26] cannot add Board Part xilinx.com:zcu208ld:part0:2.0 available at C:/Xilinx/Vivado/2022.2/data/xhub/boards/XilinxBoardStore/boards/Xilinx/zcu208ld/production/2.0/board.xml as part xczu58dr-fsvg1517-2-i specified in board_part file is either invalid or not available
WARNING: [Board 49-26] cannot add Board Part xilinx.com:zcu216:part0:2.0 available at C:/Xilinx/Vivado/2022.2/data/xhub/boards/XilinxBoardStore/boards/Xilinx/zcu216/production/2.0/board.xml as part xczu49dr-ffvf1760-2-e specified in board_part file is either invalid or not available
WARNING: [Board 49-26] cannot add Board Part xilinx.com:zcu216ld:part0:2.0 available at C:/Xilinx/Vivado/2022.2/data/xhub/boards/XilinxBoardStore/boards/Xilinx/zcu216ld/production/2.0/board.xml as part xczu59dr-ffvf1760-2-i specified in board_part file is either invalid or not available
WARNING: [Board 49-26] cannot add Board Part xilinx.com:zcu670:part0:2.0 available at C:/Xilinx/Vivado/2022.2/data/xhub/boards/XilinxBoardStore/boards/Xilinx/zcu670/2.0/board.xml as part xczu67dr-fsve1156-2-i specified in board_part file is either invalid or not available
WARNING: [Board 49-26] cannot add Board Part xilinx.com:zcu670ld:part0:1.0 available at C:/Xilinx/Vivado/2022.2/data/xhub/boards/XilinxBoardStore/boards/Xilinx/zcu670ld/1.0/board.xml as part xczu57dr-fsve1156-2-i specified in board_part file is either invalid or not available
Scanning sources...
Finished scanning sources
INFO: [IP_Flow 19-234] Refreshing IP repositories
INFO: [IP_Flow 19-1700] Loaded user IP repository 'c:/Users/curti/OneDrive/Documents/UIUC/ECE-385/Vivado_Projects/ip_repo/hdmi_text_controller_1_0'.
INFO: [IP_Flow 19-1700] Loaded user IP repository 'c:/Users/curti/OneDrive/Documents/UIUC/ECE-385/Vivado_Projects/lab7_1/lab7_1_provided_fa24/hdmi_tx_1.0'.
INFO: [IP_Flow 19-2313] Loaded Vivado IP repository 'C:/Xilinx/Vivado/2022.2/data/ip'.
open_project: Time (s): cpu = 00:00:15 ; elapsed = 00:00:14 . Memory (MB): peak = 1219.387 ; gain = 270.871
update_compile_order -fileset sources_1
ipx::edit_ip_in_project -upgrade true -name hdmi_text_controller_v1_0_project -directory C:/Users/curti/OneDrive/Documents/UIUC/ECE-385/Vivado_Projects/lab7_1/lab7_1.tmp/hdmi_text_controller_v1_0_project c:/Users/curti/OneDrive/Documents/UIUC/ECE-385/Vivado_Projects/ip_repo/hdmi_text_controller_1_0/component.xml
INFO: [ProjectBase 1-489] The host OS only allows 260 characters in a normal path. The project is stored in a path with more than 80 characters. If you experience issues with IP, Block Designs, or files not being found, please consider moving the project to a location with a shorter path. Alternately consider using the OS subst command to map part of the path to a drive letter.
Current project path is 'c:/users/curti/onedrive/documents/uiuc/ece-385/vivado_projects/lab7_1/lab7_1.tmp/hdmi_text_controller_v1_0_project'
INFO: [IP_Flow 19-234] Refreshing IP repositories
INFO: [IP_Flow 19-1704] No user IP repositories specified
INFO: [IP_Flow 19-2313] Loaded Vivado IP repository 'C:/Xilinx/Vivado/2022.2/data/ip'.
WARNING: [Board 49-26] cannot add Board Part xilinx.com:ac701:part0:1.4 available at C:/Xilinx/Vivado/2022.2/data/xhub/boards/XilinxBoardStore/boards/Xilinx/ac701/1.4/board.xml as part xc7a200tfbg676-2 specified in board_part file is either invalid or not available
WARNING: [Board 49-26] cannot add Board Part xilinx.com:k26c:part0:1.2 available at C:/Xilinx/Vivado/2022.2/data/xhub/boards/XilinxBoardStore/boards/Xilinx/k26c/1.2/board.xml as part xck26-sfvc784-2lv-c specified in board_part file is either invalid or not available
WARNING: [Board 49-26] cannot add Board Part xilinx.com:k26c:part0:1.3 available at C:/Xilinx/Vivado/2022.2/data/xhub/boards/XilinxBoardStore/boards/Xilinx/k26c/1.3/board.xml as part xck26-sfvc784-2lv-c specified in board_part file is either invalid or not available
WARNING: [Board 49-26] cannot add Board Part xilinx.com:k26c:part0:1.4 available at C:/Xilinx/Vivado/2022.2/data/xhub/boards/XilinxBoardStore/boards/Xilinx/k26c/1.4/board.xml as part xck26-sfvc784-2lv-c specified in board_part file is either invalid or not available
WARNING: [Board 49-26] cannot add Board Part xilinx.com:k26i:part0:1.2 available at C:/Xilinx/Vivado/2022.2/data/xhub/boards/XilinxBoardStore/boards/Xilinx/k26i/1.2/board.xml as part xck26-sfvc784-2lvi-i specified in board_part file is either invalid or not available
WARNING: [Board 49-26] cannot add Board Part xilinx.com:k26i:part0:1.3 available at C:/Xilinx/Vivado/2022.2/data/xhub/boards/XilinxBoardStore/boards/Xilinx/k26i/1.3/board.xml as part xck26-sfvc784-2lvi-i specified in board_part file is either invalid or not available
WARNING: [Board 49-26] cannot add Board Part xilinx.com:k26i:part0:1.4 available at C:/Xilinx/Vivado/2022.2/data/xhub/boards/XilinxBoardStore/boards/Xilinx/k26i/1.4/board.xml as part xck26-sfvc784-2lvi-i specified in board_part file is either invalid or not available
WARNING: [Board 49-26] cannot add Board Part xilinx.com:kc705:part0:1.6 available at C:/Xilinx/Vivado/2022.2/data/xhub/boards/XilinxBoardStore/boards/Xilinx/kc705/1.6/board.xml as part xc7k325tffg900-2 specified in board_part file is either invalid or not available
WARNING: [Board 49-26] cannot add Board Part xilinx.com:kcu105:part0:1.6 available at C:/Xilinx/Vivado/2022.2/data/xhub/boards/XilinxBoardStore/boards/Xilinx/kcu105/1.6/board.xml as part xcku040-ffva1156-2-e specified in board_part file is either invalid or not available
WARNING: [Board 49-26] cannot add Board Part xilinx.com:kcu105:part0:1.7 available at C:/Xilinx/Vivado/2022.2/data/xhub/boards/XilinxBoardStore/boards/Xilinx/kcu105/1.7/board.xml as part xcku040-ffva1156-2-e specified in board_part file is either invalid or not available
WARNING: [Board 49-26] cannot add Board Part xilinx.com:kcu116:part0:1.4 available at C:/Xilinx/Vivado/2022.2/data/xhub/boards/XilinxBoardStore/boards/Xilinx/kcu116/1.4/board.xml as part xcku5p-ffvb676-2-e specified in board_part file is either invalid or not available
WARNING: [Board 49-26] cannot add Board Part xilinx.com:kcu116:part0:1.5 available at C:/Xilinx/Vivado/2022.2/data/xhub/boards/XilinxBoardStore/boards/Xilinx/kcu116/1.5/board.xml as part xcku5p-ffvb676-2-e specified in board_part file is either invalid or not available
WARNING: [Board 49-26] cannot add Board Part xilinx.com:kcu1500:part0:1.2 available at C:/Xilinx/Vivado/2022.2/data/xhub/boards/XilinxBoardStore/boards/Xilinx/kcu1500/1.2/board.xml as part xcku115-flvb2104-2-e specified in board_part file is either invalid or not available
WARNING: [Board 49-26] cannot add Board Part xilinx.com:kr260_som:part0:1.0 available at C:/Xilinx/Vivado/2022.2/data/xhub/boards/XilinxBoardStore/boards/Xilinx/kr260_som/1.0/board.xml as part xck26-sfvc784-2lv-c specified in board_part file is either invalid or not available
WARNING: [Board 49-26] cannot add Board Part xilinx.com:kr260_som:part0:1.1 available at C:/Xilinx/Vivado/2022.2/data/xhub/boards/XilinxBoardStore/boards/Xilinx/kr260_som/1.1/board.xml as part xck26-sfvc784-2lv-c specified in board_part file is either invalid or not available
WARNING: [Board 49-26] cannot add Board Part xilinx.com:kv260_som:part0:1.2 available at C:/Xilinx/Vivado/2022.2/data/xhub/boards/XilinxBoardStore/boards/Xilinx/kv260_som/1.2/board.xml as part xck26-sfvc784-2lv-c specified in board_part file is either invalid or not available
WARNING: [Board 49-26] cannot add Board Part xilinx.com:kv260_som:part0:1.3 available at C:/Xilinx/Vivado/2022.2/data/xhub/boards/XilinxBoardStore/boards/Xilinx/kv260_som/1.3/board.xml as part xck26-sfvc784-2lv-c specified in board_part file is either invalid or not available
WARNING: [Board 49-26] cannot add Board Part xilinx.com:kv260_som:part0:1.4 available at C:/Xilinx/Vivado/2022.2/data/xhub/boards/XilinxBoardStore/boards/Xilinx/kv260_som/1.4/board.xml as part xck26-sfvc784-2lv-c specified in board_part file is either invalid or not available
WARNING: [Board 49-26] cannot add Board Part xilinx.com:vc707:part0:1.4 available at C:/Xilinx/Vivado/2022.2/data/xhub/boards/XilinxBoardStore/boards/Xilinx/vc707/1.4/board.xml as part xc7vx485tffg1761-2 specified in board_part file is either invalid or not available
WARNING: [Board 49-26] cannot add Board Part xilinx.com:vc709:part0:1.8 available at C:/Xilinx/Vivado/2022.2/data/xhub/boards/XilinxBoardStore/boards/Xilinx/vc709/1.8/board.xml as part xc7vx690tffg1761-2 specified in board_part file is either invalid or not available
WARNING: [Board 49-26] cannot add Board Part xilinx.com:vck190:part0:2.2 available at C:/Xilinx/Vivado/2022.2/data/xhub/boards/XilinxBoardStore/boards/Xilinx/vck190/production/2.2/board.xml as part xcvc1902-vsva2197-2mp-e-s specified in board_part file is either invalid or not available
WARNING: [Board 49-26] cannot add Board Part xilinx.com:vck190:part0:3.0 available at C:/Xilinx/Vivado/2022.2/data/xhub/boards/XilinxBoardStore/boards/Xilinx/vck190/production/3.0/board.xml as part xcvc1902-vsva2197-2mp-e-s specified in board_part file is either invalid or not available
WARNING: [Board 49-26] cannot add Board Part xilinx.com:vck190:part0:3.1 available at C:/Xilinx/Vivado/2022.2/data/xhub/boards/XilinxBoardStore/boards/Xilinx/vck190/production/3.1/board.xml as part xcvc1902-vsva2197-2mp-e-s specified in board_part file is either invalid or not available
WARNING: [Board 49-26] cannot add Board Part xilinx.com:vck190_newl:part0:1.0 available at C:/Xilinx/Vivado/2022.2/data/xhub/boards/XilinxBoardStore/boards/Xilinx/vck190_newl/production/1.0/board.xml as part xcvc1902-vsva2197-2mp-e-s specified in board_part file is either invalid or not available
WARNING: [Board 49-26] cannot add Board Part xilinx.com:vcu108:part0:1.6 available at C:/Xilinx/Vivado/2022.2/data/xhub/boards/XilinxBoardStore/boards/Xilinx/vcu108/1.6/board.xml as part xcvu095-ffva2104-2-e specified in board_part file is either invalid or not available
WARNING: [Board 49-26] cannot add Board Part xilinx.com:vcu108:part0:1.7 available at C:/Xilinx/Vivado/2022.2/data/xhub/boards/XilinxBoardStore/boards/Xilinx/vcu108/1.7/board.xml as part xcvu095-ffva2104-2-e specified in board_part file is either invalid or not available
WARNING: [Board 49-26] cannot add Board Part xilinx.com:vcu110:part0:1.4 available at C:/Xilinx/Vivado/2022.2/data/xhub/boards/XilinxBoardStore/boards/Xilinx/vcu110/1.4/board.xml as part xcvu190-flgc2104-2-e specified in board_part file is either invalid or not available
WARNING: [Board 49-26] cannot add Board Part xilinx.com:vcu118:part0:2.0 available at C:/Xilinx/Vivado/2022.2/data/xhub/boards/XilinxBoardStore/boards/Xilinx/vcu118/2.0/board.xml as part xcvu9p-flga2104-2l-e specified in board_part file is either invalid or not available
WARNING: [Board 49-26] cannot add Board Part xilinx.com:vcu118:part0:2.3 available at C:/Xilinx/Vivado/2022.2/data/xhub/boards/XilinxBoardStore/boards/Xilinx/vcu118/2.3/board.xml as part xcvu9p-flga2104-2l-e specified in board_part file is either invalid or not available
WARNING: [Board 49-26] cannot add Board Part xilinx.com:vcu118:part0:2.4 available at C:/Xilinx/Vivado/2022.2/data/xhub/boards/XilinxBoardStore/boards/Xilinx/vcu118/2.4/board.xml as part xcvu9p-flga2104-2l-e specified in board_part file is either invalid or not available
WARNING: [Board 49-26] cannot add Board Part xilinx.com:vcu128:part0:1.0 available at C:/Xilinx/Vivado/2022.2/data/xhub/boards/XilinxBoardStore/boards/Xilinx/vcu128/production/1.0/board.xml as part xcvu37p-fsvh2892-2l-e specified in board_part file is either invalid or not available
WARNING: [Board 49-26] cannot add Board Part xilinx.com:vcu129:part0:1.0 available at C:/Xilinx/Vivado/2022.2/data/xhub/boards/XilinxBoardStore/boards/Xilinx/vcu129/production/1.0/board.xml as part xcvu29p-fsga2577-2l-e specified in board_part file is either invalid or not available
WARNING: [Board 49-26] cannot add Board Part xilinx.com:vcu1525:part0:1.3 available at C:/Xilinx/Vivado/2022.2/data/xhub/boards/XilinxBoardStore/boards/Xilinx/vcu1525/1.3/board.xml as part xcvu9p-fsgd2104-2l-e specified in board_part file is either invalid or not available
WARNING: [Board 49-26] cannot add Board Part xilinx.com:vek280_es:part0:1.0 available at C:/Xilinx/Vivado/2022.2/data/xhub/boards/XilinxBoardStore/boards/Xilinx/vek280/es/1.0/board.xml as part xcve2802-vsvh1760-2lp-e-s-es1 specified in board_part file is either invalid or not available
WARNING: [Board 49-26] cannot add Board Part xilinx.com:vermeo_t1_mpsoc:part0:1.0 available at C:/Xilinx/Vivado/2022.2/data/xhub/boards/XilinxBoardStore/boards/Xilinx/vermeo_t1_mpsoc/1.0/board.xml as part xczu19eg-ffvd1760-2l-e specified in board_part file is either invalid or not available
WARNING: [Board 49-26] cannot add Board Part xilinx.com:vermeo_t1_rfsoc:part0:1.0 available at C:/Xilinx/Vivado/2022.2/data/xhub/boards/XilinxBoardStore/boards/Xilinx/vermeo_t1_rfsoc/1.0/board.xml as part xczu21dr-ffvd1156-2l-e specified in board_part file is either invalid or not available
WARNING: [Board 49-26] cannot add Board Part xilinx.com:vhk158_es:part0:1.0 available at C:/Xilinx/Vivado/2022.2/data/xhub/boards/XilinxBoardStore/boards/Xilinx/vhk158/es/1.0/board.xml as part xcvh1582-vsva3697-2mp-e-s-es1 specified in board_part file is either invalid or not available
WARNING: [Board 49-26] cannot add Board Part xilinx.com:vmk180:part0:2.2 available at C:/Xilinx/Vivado/2022.2/data/xhub/boards/XilinxBoardStore/boards/Xilinx/vmk180/production/2.2/board.xml as part xcvm1802-vsva2197-2mp-e-s specified in board_part file is either invalid or not available
WARNING: [Board 49-26] cannot add Board Part xilinx.com:vmk180:part0:3.0 available at C:/Xilinx/Vivado/2022.2/data/xhub/boards/XilinxBoardStore/boards/Xilinx/vmk180/production/3.0/board.xml as part xcvm1802-vsva2197-2mp-e-s specified in board_part file is either invalid or not available
WARNING: [Board 49-26] cannot add Board Part xilinx.com:vmk180:part0:3.1 available at C:/Xilinx/Vivado/2022.2/data/xhub/boards/XilinxBoardStore/boards/Xilinx/vmk180/production/3.1/board.xml as part xcvm1802-vsva2197-2mp-e-s specified in board_part file is either invalid or not available
WARNING: [Board 49-26] cannot add Board Part xilinx.com:vmk180_newl:part0:1.0 available at C:/Xilinx/Vivado/2022.2/data/xhub/boards/XilinxBoardStore/boards/Xilinx/vmk180_newl/production/1.0/board.xml as part xcvm1802-vsva2197-2mp-e-s specified in board_part file is either invalid or not available
WARNING: [Board 49-26] cannot add Board Part xilinx.com:vpk120:part0:1.0 available at C:/Xilinx/Vivado/2022.2/data/xhub/boards/XilinxBoardStore/boards/Xilinx/vpk120/production/1.0/board.xml as part xcvp1202-vsva2785-2mp-e-s specified in board_part file is either invalid or not available
WARNING: [Board 49-26] cannot add Board Part xilinx.com:vpk120_es:part0:1.2 available at C:/Xilinx/Vivado/2022.2/data/xhub/boards/XilinxBoardStore/boards/Xilinx/vpk120/es/1.2/board.xml as part xcvp1202-vsva2785-2mp-e-s-es1 specified in board_part file is either invalid or not available
WARNING: [Board 49-26] cannot add Board Part xilinx.com:vpk120_es_revb:part0:1.0 available at C:/Xilinx/Vivado/2022.2/data/xhub/boards/XilinxBoardStore/boards/Xilinx/vpk120_revb/es/1.0/board.xml as part xcvp1202-vsva2785-2mp-e-s-es1 specified in board_part file is either invalid or not available
WARNING: [Board 49-26] cannot add Board Part xilinx.com:vpk180_es:part0:1.0 available at C:/Xilinx/Vivado/2022.2/data/xhub/boards/XilinxBoardStore/boards/Xilinx/vpk180/es/1.0/board.xml as part xcvp1802-lsvc4072-2mp-e-s-es1 specified in board_part file is either invalid or not available
WARNING: [Board 49-26] cannot add Board Part xilinx.com:zc702:part0:1.4 available at C:/Xilinx/Vivado/2022.2/data/xhub/boards/XilinxBoardStore/boards/Xilinx/zc702/1.4/board.xml as part xc7z020clg484-1 specified in board_part file is either invalid or not available
WARNING: [Board 49-26] cannot add Board Part xilinx.com:zc706:part0:1.4 available at C:/Xilinx/Vivado/2022.2/data/xhub/boards/XilinxBoardStore/boards/Xilinx/zc706/1.4/board.xml as part xc7z045ffg900-2 specified in board_part file is either invalid or not available
WARNING: [Board 49-26] cannot add Board Part xilinx.com:zcu102:part0:3.3 available at C:/Xilinx/Vivado/2022.2/data/xhub/boards/XilinxBoardStore/boards/Xilinx/zcu102/3.3/board.xml as part xczu9eg-ffvb1156-2-e specified in board_part file is either invalid or not available
WARNING: [Board 49-26] cannot add Board Part xilinx.com:zcu102:part0:3.4 available at C:/Xilinx/Vivado/2022.2/data/xhub/boards/XilinxBoardStore/boards/Xilinx/zcu102/3.4/board.xml as part xczu9eg-ffvb1156-2-e specified in board_part file is either invalid or not available
WARNING: [Board 49-26] cannot add Board Part xilinx.com:zcu104:part0:1.1 available at C:/Xilinx/Vivado/2022.2/data/xhub/boards/XilinxBoardStore/boards/Xilinx/zcu104/1.1/board.xml as part xczu7ev-ffvc1156-2-e specified in board_part file is either invalid or not available
WARNING: [Board 49-26] cannot add Board Part xilinx.com:zcu106:part0:2.4 available at C:/Xilinx/Vivado/2022.2/data/xhub/boards/XilinxBoardStore/boards/Xilinx/zcu106/2.4/board.xml as part xczu7ev-ffvc1156-2-e specified in board_part file is either invalid or not available
WARNING: [Board 49-26] cannot add Board Part xilinx.com:zcu106:part0:2.5 available at C:/Xilinx/Vivado/2022.2/data/xhub/boards/XilinxBoardStore/boards/Xilinx/zcu106/2.5/board.xml as part xczu7ev-ffvc1156-2-e specified in board_part file is either invalid or not available
WARNING: [Board 49-26] cannot add Board Part xilinx.com:zcu106:part0:2.6 available at C:/Xilinx/Vivado/2022.2/data/xhub/boards/XilinxBoardStore/boards/Xilinx/zcu106/2.6/board.xml as part xczu7ev-ffvc1156-2-e specified in board_part file is either invalid or not available
WARNING: [Board 49-26] cannot add Board Part xilinx.com:zcu111:part0:1.2 available at C:/Xilinx/Vivado/2022.2/data/xhub/boards/XilinxBoardStore/boards/Xilinx/zcu111/1.2/board.xml as part xczu28dr-ffvg1517-2-e specified in board_part file is either invalid or not available
WARNING: [Board 49-26] cannot add Board Part xilinx.com:zcu111:part0:1.3 available at C:/Xilinx/Vivado/2022.2/data/xhub/boards/XilinxBoardStore/boards/Xilinx/zcu111/1.3/board.xml as part xczu28dr-ffvg1517-2-e specified in board_part file is either invalid or not available
WARNING: [Board 49-26] cannot add Board Part xilinx.com:zcu111:part0:1.4 available at C:/Xilinx/Vivado/2022.2/data/xhub/boards/XilinxBoardStore/boards/Xilinx/zcu111/1.4/board.xml as part xczu28dr-ffvg1517-2-e specified in board_part file is either invalid or not available
WARNING: [Board 49-26] cannot add Board Part xilinx.com:zcu1275:part0:1.0 available at C:/Xilinx/Vivado/2022.2/data/xhub/boards/XilinxBoardStore/boards/Xilinx/zcu1275/1.0/board.xml as part xczu29dr-ffvf1760-2-e specified in board_part file is either invalid or not available
WARNING: [Board 49-26] cannot add Board Part xilinx.com:zcu1285:part0:1.0 available at C:/Xilinx/Vivado/2022.2/data/xhub/boards/XilinxBoardStore/boards/Xilinx/zcu1285/1.0/board.xml as part xczu39dr-ffvf1760-2-i specified in board_part file is either invalid or not available
WARNING: [Board 49-26] cannot add Board Part xilinx.com:zcu208:part0:2.0 available at C:/Xilinx/Vivado/2022.2/data/xhub/boards/XilinxBoardStore/boards/Xilinx/zcu208/production/2.0/board.xml as part xczu48dr-fsvg1517-2-e specified in board_part file is either invalid or not available
WARNING: [Board 49-26] cannot add Board Part xilinx.com:zcu208ld:part0:2.0 available at C:/Xilinx/Vivado/2022.2/data/xhub/boards/XilinxBoardStore/boards/Xilinx/zcu208ld/production/2.0/board.xml as part xczu58dr-fsvg1517-2-i specified in board_part file is either invalid or not available
WARNING: [Board 49-26] cannot add Board Part xilinx.com:zcu216:part0:2.0 available at C:/Xilinx/Vivado/2022.2/data/xhub/boards/XilinxBoardStore/boards/Xilinx/zcu216/production/2.0/board.xml as part xczu49dr-ffvf1760-2-e specified in board_part file is either invalid or not available
WARNING: [Board 49-26] cannot add Board Part xilinx.com:zcu216ld:part0:2.0 available at C:/Xilinx/Vivado/2022.2/data/xhub/boards/XilinxBoardStore/boards/Xilinx/zcu216ld/production/2.0/board.xml as part xczu59dr-ffvf1760-2-i specified in board_part file is either invalid or not available
WARNING: [Board 49-26] cannot add Board Part xilinx.com:zcu670:part0:2.0 available at C:/Xilinx/Vivado/2022.2/data/xhub/boards/XilinxBoardStore/boards/Xilinx/zcu670/2.0/board.xml as part xczu67dr-fsve1156-2-i specified in board_part file is either invalid or not available
WARNING: [Board 49-26] cannot add Board Part xilinx.com:zcu670ld:part0:1.0 available at C:/Xilinx/Vivado/2022.2/data/xhub/boards/XilinxBoardStore/boards/Xilinx/zcu670ld/1.0/board.xml as part xczu57dr-fsve1156-2-i specified in board_part file is either invalid or not available
INFO: [IP_Flow 19-234] Refreshing IP repositories
INFO: [IP_Flow 19-1700] Loaded user IP repository 'c:/Users/curti/OneDrive/Documents/UIUC/ECE-385/Vivado_Projects/ip_repo/hdmi_text_controller_1_0'.
INFO: [IP_Flow 19-1700] Loaded user IP repository 'c:/Users/curti/OneDrive/Documents/UIUC/ECE-385/Vivado_Projects/lab7_1/lab7_1_provided_fa24/hdmi_tx_1.0'.
INFO: [IP_Flow 19-795] Syncing license key meta-data
ipx::edit_ip_in_project: Time (s): cpu = 00:00:02 ; elapsed = 00:00:05 . Memory (MB): peak = 1274.637 ; gain = 20.492
update_compile_order -fileset sources_1
launch_simulation
Command: launch_simulation 
INFO: [Vivado 12-12493] Simulation top is 'hdmi_text_controller_tb'
WARNING: [Vivado 12-13340] Unable to auto find GCC executables from simulator install path! (path not set)
WARNING: [Vivado 12-13277] Compiled library path does not exist: ''
INFO: [Vivado 12-5682] Launching behavioral simulation in 'c:/users/curti/onedrive/documents/uiuc/ece-385/vivado_projects/lab7_1/lab7_1.tmp/hdmi_text_controller_v1_0_project/hdmi_text_controller_v1_0_project.sim/sim_1/behav/xsim'
INFO: [SIM-utils-51] Simulation object is 'sim_1'
INFO: [SIM-utils-72] Using boost library from 'C:/Xilinx/Vivado/2022.2/tps/boost_1_72_0'
INFO: [SIM-utils-54] Inspecting design source files for 'hdmi_text_controller_tb' in fileset 'sim_1'...
INFO: [USF-XSim-97] Finding global include files...
INFO: [USF-XSim-98] Fetching design files from 'sim_1'...
INFO: [USF-XSim-2] XSim::Compile design
INFO: [USF-XSim-61] Executing 'COMPILE and ANALYZE' step in 'c:/users/curti/onedrive/documents/uiuc/ece-385/vivado_projects/lab7_1/lab7_1.tmp/hdmi_text_controller_v1_0_project/hdmi_text_controller_v1_0_project.sim/sim_1/behav/xsim'
"xvlog --incr --relax -L uvm -prj hdmi_text_controller_tb_vlog.prj"
ERROR: [XSIM 43-3268] Logical library name '"../../../../../../../ip_repo/hdmi_text_controller_1_0/src/hdmi_text_controller_v1_0.sv"' should not contain white space, new line, /, \, = or .
ERROR: [XSIM 43-3217] hdmi_text_controller_tb_vlog.prj (line 2): Incorrect project file syntax. Correct syntax is one of: vhdl <worklib> <file>, verilog <worklib> <file> [<file> ...] [[-d <macro>] ...] [[-i <include>] ...], or NOSORT. Presence of NOSORT on a line of its own disables file order sorting.
INFO: [USF-XSim-69] 'compile' step finished in '2' seconds
INFO: [USF-XSim-99] Step results log file:'C:/Users/curti/OneDrive/Documents/UIUC/ECE-385/Vivado_Projects/lab7_1/lab7_1.tmp/hdmi_text_controller_v1_0_project/hdmi_text_controller_v1_0_project.sim/sim_1/behav/xsim/xvlog.log'
ERROR: [USF-XSim-62] 'compile' step failed with error(s). Please check the Tcl console output or 'C:/Users/curti/OneDrive/Documents/UIUC/ECE-385/Vivado_Projects/lab7_1/lab7_1.tmp/hdmi_text_controller_v1_0_project/hdmi_text_controller_v1_0_project.sim/sim_1/behav/xsim/xvlog.log' file for more information.
ERROR: [Vivado 12-4473] Detected error while running simulation. Please correct the issue and retry this operation.
ERROR: [Common 17-39] 'launch_simulation' failed due to earlier errors.
set_property library xil_defaultlib [get_files]
set_property -name {xsim.simulate.runtime} -value {all} -objects [get_filesets sim_1]
set_property dataflow_viewer_settings "min_width=16"   [current_fileset]
WARNING: [filemgmt 56-199] Attempt to get parsing info during refresh. "On-the-fly" syntax checking information may be incorrect. [C:\Users\curti\OneDrive\Documents\UIUC\ECE-385\Vivado_Projects\lab7_1\lab7_1_provided_fa24\hdmi_text_controller_v1_0.sv:]
WARNING: [filemgmt 56-199] Attempt to get parsing info during refresh. "On-the-fly" syntax checking information may be incorrect. [C:\Users\curti\OneDrive\Documents\UIUC\ECE-385\Vivado_Projects\lab7_1\lab7_1_provided_fa24\mb_usb_hdmi_top.sv:]
launch_simulation
Command: launch_simulation 
INFO: [Vivado 12-12493] Simulation top is 'hdmi_text_controller_tb'
WARNING: [Vivado 12-13340] Unable to auto find GCC executables from simulator install path! (path not set)
WARNING: [Vivado 12-13277] Compiled library path does not exist: ''
INFO: [Vivado 12-5682] Launching behavioral simulation in 'c:/users/curti/onedrive/documents/uiuc/ece-385/vivado_projects/lab7_1/lab7_1.tmp/hdmi_text_controller_v1_0_project/hdmi_text_controller_v1_0_project.sim/sim_1/behav/xsim'
INFO: [SIM-utils-51] Simulation object is 'sim_1'
INFO: [SIM-utils-72] Using boost library from 'C:/Xilinx/Vivado/2022.2/tps/boost_1_72_0'
INFO: [SIM-utils-54] Inspecting design source files for 'hdmi_text_controller_tb' in fileset 'sim_1'...
INFO: [USF-XSim-97] Finding global include files...
INFO: [USF-XSim-98] Fetching design files from 'sim_1'...
INFO: [USF-XSim-2] XSim::Compile design
INFO: [USF-XSim-61] Executing 'COMPILE and ANALYZE' step in 'c:/users/curti/onedrive/documents/uiuc/ece-385/vivado_projects/lab7_1/lab7_1.tmp/hdmi_text_controller_v1_0_project/hdmi_text_controller_v1_0_project.sim/sim_1/behav/xsim'
"xvlog --incr --relax -L uvm -prj hdmi_text_controller_tb_vlog.prj"
INFO: [VRFC 10-2263] Analyzing SystemVerilog file "c:/Users/curti/OneDrive/Documents/UIUC/ECE-385/Vivado_Projects/ip_repo/hdmi_text_controller_1_0/src/hdmi_text_controller_v1_0.sv" into library xil_defaultlib
INFO: [VRFC 10-311] analyzing module hdmi_text_controller_v1_0
INFO: [VRFC 10-2263] Analyzing SystemVerilog file "c:/Users/curti/OneDrive/Documents/UIUC/ECE-385/Vivado_Projects/ip_repo/hdmi_text_controller_1_0/src/hdmi_text_controller_v1_0_AXI.sv" into library xil_defaultlib
INFO: [VRFC 10-311] analyzing module hdmi_text_controller_v1_0_AXI
INFO: [VRFC 10-2263] Analyzing SystemVerilog file "c:/Users/curti/OneDrive/Documents/UIUC/ECE-385/Vivado_Projects/lab7_1/lab7_1_provided_fa24/hdmi_text_controller_v1_0_tb.sv" into library xil_defaultlib
INFO: [VRFC 10-311] analyzing module hdmi_text_controller_tb
INFO: [VRFC 10-2263] Analyzing Verilog file "c:/Users/curti/OneDrive/Documents/UIUC/ECE-385/Vivado_Projects/lab7_1/lab7_1.tmp/hdmi_text_controller_v1_0_project/hdmi_text_controller_v1_0_project.sim/sim_1/behav/xsim/glbl.v" into library xil_defaultlib
INFO: [VRFC 10-311] analyzing module glbl
INFO: [USF-XSim-69] 'compile' step finished in '1' seconds
INFO: [USF-XSim-3] XSim::Elaborate design
INFO: [USF-XSim-61] Executing 'ELABORATE' step in 'c:/users/curti/onedrive/documents/uiuc/ece-385/vivado_projects/lab7_1/lab7_1.tmp/hdmi_text_controller_v1_0_project/hdmi_text_controller_v1_0_project.sim/sim_1/behav/xsim'
"xelab --incr --debug typical --relax --mt 2 -L xil_defaultlib -L uvm -L unisims_ver -L unimacro_ver -L secureip --snapshot hdmi_text_controller_tb_behav xil_defaultlib.hdmi_text_controller_tb xil_defaultlib.glbl -log elaborate.log"
Vivado Simulator v2022.2
Copyright 1986-1999, 2001-2022 Xilinx, Inc. All Rights Reserved.
Running: C:/Xilinx/Vivado/2022.2/bin/unwrapped/win64.o/xelab.exe --incr --debug typical --relax --mt 2 -L xil_defaultlib -L uvm -L unisims_ver -L unimacro_ver -L secureip --snapshot hdmi_text_controller_tb_behav xil_defaultlib.hdmi_text_controller_tb xil_defaultlib.glbl -log elaborate.log 
Using 2 slave threads.
Starting static elaboration
Pass Through NonSizing Optimizer
ERROR: [VRFC 10-2991] 'red' is not declared under prefix 'hdmi_text_controller_v1_0_inst' [c:/Users/curti/OneDrive/Documents/UIUC/ECE-385/Vivado_Projects/lab7_1/lab7_1_provided_fa24/hdmi_text_controller_v1_0_tb.sv:115]
ERROR: [VRFC 10-2991] 'green' is not declared under prefix 'hdmi_text_controller_v1_0_inst' [c:/Users/curti/OneDrive/Documents/UIUC/ECE-385/Vivado_Projects/lab7_1/lab7_1_provided_fa24/hdmi_text_controller_v1_0_tb.sv:116]
ERROR: [VRFC 10-2991] 'blue' is not declared under prefix 'hdmi_text_controller_v1_0_inst' [c:/Users/curti/OneDrive/Documents/UIUC/ECE-385/Vivado_Projects/lab7_1/lab7_1_provided_fa24/hdmi_text_controller_v1_0_tb.sv:117]
ERROR: [VRFC 10-2991] 'clk_25MHz' is not declared under prefix 'hdmi_text_controller_v1_0_inst' [c:/Users/curti/OneDrive/Documents/UIUC/ECE-385/Vivado_Projects/lab7_1/lab7_1_provided_fa24/hdmi_text_controller_v1_0_tb.sv:120]
ERROR: [VRFC 10-2991] 'hsync' is not declared under prefix 'hdmi_text_controller_v1_0_inst' [c:/Users/curti/OneDrive/Documents/UIUC/ECE-385/Vivado_Projects/lab7_1/lab7_1_provided_fa24/hdmi_text_controller_v1_0_tb.sv:121]
ERROR: [VRFC 10-2991] 'vsync' is not declared under prefix 'hdmi_text_controller_v1_0_inst' [c:/Users/curti/OneDrive/Documents/UIUC/ECE-385/Vivado_Projects/lab7_1/lab7_1_provided_fa24/hdmi_text_controller_v1_0_tb.sv:122]
ERROR: [VRFC 10-2991] 'vde' is not declared under prefix 'hdmi_text_controller_v1_0_inst' [c:/Users/curti/OneDrive/Documents/UIUC/ECE-385/Vivado_Projects/lab7_1/lab7_1_provided_fa24/hdmi_text_controller_v1_0_tb.sv:123]
ERROR: [VRFC 10-2991] 'drawX' is not declared under prefix 'hdmi_text_controller_v1_0_inst' [c:/Users/curti/OneDrive/Documents/UIUC/ECE-385/Vivado_Projects/lab7_1/lab7_1_provided_fa24/hdmi_text_controller_v1_0_tb.sv:126]
ERROR: [VRFC 10-2991] 'drawY' is not declared under prefix 'hdmi_text_controller_v1_0_inst' [c:/Users/curti/OneDrive/Documents/UIUC/ECE-385/Vivado_Projects/lab7_1/lab7_1_provided_fa24/hdmi_text_controller_v1_0_tb.sv:127]
ERROR: [XSIM 43-3322] Static elaboration of top level Verilog design unit(s) in library work failed.
INFO: [USF-XSim-69] 'elaborate' step finished in '1' seconds
INFO: [USF-XSim-99] Step results log file:'C:/Users/curti/OneDrive/Documents/UIUC/ECE-385/Vivado_Projects/lab7_1/lab7_1.tmp/hdmi_text_controller_v1_0_project/hdmi_text_controller_v1_0_project.sim/sim_1/behav/xsim/elaborate.log'
ERROR: [USF-XSim-62] 'elaborate' step failed with error(s). Please check the Tcl console output or 'C:/Users/curti/OneDrive/Documents/UIUC/ECE-385/Vivado_Projects/lab7_1/lab7_1.tmp/hdmi_text_controller_v1_0_project/hdmi_text_controller_v1_0_project.sim/sim_1/behav/xsim/elaborate.log' file for more information.
ERROR: [Vivado 12-4473] Detected error while running simulation. Please correct the issue and retry this operation.
ERROR: [Common 17-39] 'launch_simulation' failed due to earlier errors.
set_property library xil_defaultlib [get_files]
launch_simulation
Command: launch_simulation 
INFO: [Vivado 12-12493] Simulation top is 'hdmi_text_controller_tb'
WARNING: [Vivado 12-13340] Unable to auto find GCC executables from simulator install path! (path not set)
WARNING: [Vivado 12-13277] Compiled library path does not exist: ''
INFO: [Vivado 12-5682] Launching behavioral simulation in 'c:/users/curti/onedrive/documents/uiuc/ece-385/vivado_projects/lab7_1/lab7_1.tmp/hdmi_text_controller_v1_0_project/hdmi_text_controller_v1_0_project.sim/sim_1/behav/xsim'
INFO: [SIM-utils-51] Simulation object is 'sim_1'
INFO: [SIM-utils-72] Using boost library from 'C:/Xilinx/Vivado/2022.2/tps/boost_1_72_0'
INFO: [SIM-utils-54] Inspecting design source files for 'hdmi_text_controller_tb' in fileset 'sim_1'...
INFO: [USF-XSim-97] Finding global include files...
INFO: [USF-XSim-98] Fetching design files from 'sim_1'...
INFO: [USF-XSim-2] XSim::Compile design
INFO: [USF-XSim-61] Executing 'COMPILE and ANALYZE' step in 'c:/users/curti/onedrive/documents/uiuc/ece-385/vivado_projects/lab7_1/lab7_1.tmp/hdmi_text_controller_v1_0_project/hdmi_text_controller_v1_0_project.sim/sim_1/behav/xsim'
"xvlog --incr --relax -L uvm -prj hdmi_text_controller_tb_vlog.prj"
INFO: [USF-XSim-69] 'compile' step finished in '1' seconds
INFO: [USF-XSim-3] XSim::Elaborate design
INFO: [USF-XSim-61] Executing 'ELABORATE' step in 'c:/users/curti/onedrive/documents/uiuc/ece-385/vivado_projects/lab7_1/lab7_1.tmp/hdmi_text_controller_v1_0_project/hdmi_text_controller_v1_0_project.sim/sim_1/behav/xsim'
"xelab --incr --debug typical --relax --mt 2 -L xil_defaultlib -L uvm -L unisims_ver -L unimacro_ver -L secureip --snapshot hdmi_text_controller_tb_behav xil_defaultlib.hdmi_text_controller_tb xil_defaultlib.glbl -log elaborate.log"
Vivado Simulator v2022.2
Copyright 1986-1999, 2001-2022 Xilinx, Inc. All Rights Reserved.
Running: C:/Xilinx/Vivado/2022.2/bin/unwrapped/win64.o/xelab.exe --incr --debug typical --relax --mt 2 -L xil_defaultlib -L uvm -L unisims_ver -L unimacro_ver -L secureip --snapshot hdmi_text_controller_tb_behav xil_defaultlib.hdmi_text_controller_tb xil_defaultlib.glbl -log elaborate.log 
Using 2 slave threads.
Starting static elaboration
Pass Through NonSizing Optimizer
ERROR: [VRFC 10-2991] 'red' is not declared under prefix 'hdmi_text_controller_v1_0_inst' [c:/Users/curti/OneDrive/Documents/UIUC/ECE-385/Vivado_Projects/lab7_1/lab7_1_provided_fa24/hdmi_text_controller_v1_0_tb.sv:115]
ERROR: [VRFC 10-2991] 'green' is not declared under prefix 'hdmi_text_controller_v1_0_inst' [c:/Users/curti/OneDrive/Documents/UIUC/ECE-385/Vivado_Projects/lab7_1/lab7_1_provided_fa24/hdmi_text_controller_v1_0_tb.sv:116]
ERROR: [VRFC 10-2991] 'blue' is not declared under prefix 'hdmi_text_controller_v1_0_inst' [c:/Users/curti/OneDrive/Documents/UIUC/ECE-385/Vivado_Projects/lab7_1/lab7_1_provided_fa24/hdmi_text_controller_v1_0_tb.sv:117]
ERROR: [VRFC 10-2991] 'clk_25MHz' is not declared under prefix 'hdmi_text_controller_v1_0_inst' [c:/Users/curti/OneDrive/Documents/UIUC/ECE-385/Vivado_Projects/lab7_1/lab7_1_provided_fa24/hdmi_text_controller_v1_0_tb.sv:120]
ERROR: [VRFC 10-2991] 'hsync' is not declared under prefix 'hdmi_text_controller_v1_0_inst' [c:/Users/curti/OneDrive/Documents/UIUC/ECE-385/Vivado_Projects/lab7_1/lab7_1_provided_fa24/hdmi_text_controller_v1_0_tb.sv:121]
ERROR: [VRFC 10-2991] 'vsync' is not declared under prefix 'hdmi_text_controller_v1_0_inst' [c:/Users/curti/OneDrive/Documents/UIUC/ECE-385/Vivado_Projects/lab7_1/lab7_1_provided_fa24/hdmi_text_controller_v1_0_tb.sv:122]
ERROR: [VRFC 10-2991] 'vde' is not declared under prefix 'hdmi_text_controller_v1_0_inst' [c:/Users/curti/OneDrive/Documents/UIUC/ECE-385/Vivado_Projects/lab7_1/lab7_1_provided_fa24/hdmi_text_controller_v1_0_tb.sv:123]
ERROR: [VRFC 10-2991] 'drawX' is not declared under prefix 'hdmi_text_controller_v1_0_inst' [c:/Users/curti/OneDrive/Documents/UIUC/ECE-385/Vivado_Projects/lab7_1/lab7_1_provided_fa24/hdmi_text_controller_v1_0_tb.sv:126]
ERROR: [VRFC 10-2991] 'drawY' is not declared under prefix 'hdmi_text_controller_v1_0_inst' [c:/Users/curti/OneDrive/Documents/UIUC/ECE-385/Vivado_Projects/lab7_1/lab7_1_provided_fa24/hdmi_text_controller_v1_0_tb.sv:127]
ERROR: [XSIM 43-3322] Static elaboration of top level Verilog design unit(s) in library work failed.
INFO: [USF-XSim-69] 'elaborate' step finished in '1' seconds
INFO: [USF-XSim-99] Step results log file:'C:/Users/curti/OneDrive/Documents/UIUC/ECE-385/Vivado_Projects/lab7_1/lab7_1.tmp/hdmi_text_controller_v1_0_project/hdmi_text_controller_v1_0_project.sim/sim_1/behav/xsim/elaborate.log'
ERROR: [USF-XSim-62] 'elaborate' step failed with error(s). Please check the Tcl console output or 'C:/Users/curti/OneDrive/Documents/UIUC/ECE-385/Vivado_Projects/lab7_1/lab7_1.tmp/hdmi_text_controller_v1_0_project/hdmi_text_controller_v1_0_project.sim/sim_1/behav/xsim/elaborate.log' file for more information.
ERROR: [Vivado 12-4473] Detected error while running simulation. Please correct the issue and retry this operation.
ERROR: [Common 17-39] 'launch_simulation' failed due to earlier errors.
export_ip_user_files -of_objects  [get_files c:/Users/curti/OneDrive/Documents/UIUC/ECE-385/Vivado_Projects/ip_repo/hdmi_text_controller_1_0/src/hdmi_text_controller_v1_0.sv] -no_script -reset -force -quiet
remove_files  c:/Users/curti/OneDrive/Documents/UIUC/ECE-385/Vivado_Projects/ip_repo/hdmi_text_controller_1_0/src/hdmi_text_controller_v1_0.sv
add_files -norecurse -scan_for_includes C:/Users/curti/OneDrive/Documents/UIUC/ECE-385/Vivado_Projects/lab7_1/lab7_1_provided_fa24/hdmi_text_controller_v1_0.sv
update_compile_order -fileset sources_1
update_compile_order -fileset sources_1
add_files -norecurse -scan_for_includes C:/Users/curti/OneDrive/Documents/UIUC/ECE-385/Vivado_Projects/lab7_1/lab7_1_provided_fa24/VGA_controller.sv
update_compile_order -fileset sources_1
create_ip -name clk_wiz -vendor xilinx.com -library ip -version 6.0 -module_name clk_wiz_0 -dir c:/Users/curti/OneDrive/Documents/UIUC/ECE-385/Vivado_Projects/ip_repo/hdmi_text_controller_1_0/src
set_property -dict [list \
  CONFIG.CLKOUT1_JITTER {175.402} \
  CONFIG.CLKOUT1_REQUESTED_OUT_FREQ {25} \
  CONFIG.CLKOUT2_JITTER {125.247} \
  CONFIG.CLKOUT2_PHASE_ERROR {98.575} \
  CONFIG.CLKOUT2_REQUESTED_OUT_FREQ {125} \
  CONFIG.CLKOUT2_USED {true} \
  CONFIG.MMCM_CLKOUT0_DIVIDE_F {40.000} \
  CONFIG.MMCM_CLKOUT1_DIVIDE {8} \
  CONFIG.NUM_OUT_CLKS {2} \
] [get_ips clk_wiz_0]
generate_target {instantiation_template} [get_files c:/Users/curti/OneDrive/Documents/UIUC/ECE-385/Vivado_Projects/ip_repo/hdmi_text_controller_1_0/src/clk_wiz_0_1/clk_wiz_0.xci]
INFO: [IP_Flow 19-1686] Generating 'Instantiation Template' target for IP 'clk_wiz_0'...
generate_target all [get_files  c:/Users/curti/OneDrive/Documents/UIUC/ECE-385/Vivado_Projects/ip_repo/hdmi_text_controller_1_0/src/clk_wiz_0_1/clk_wiz_0.xci]
INFO: [IP_Flow 19-1686] Generating 'Synthesis' target for IP 'clk_wiz_0'...
INFO: [IP_Flow 19-1686] Generating 'Simulation' target for IP 'clk_wiz_0'...
INFO: [IP_Flow 19-1686] Generating 'Implementation' target for IP 'clk_wiz_0'...
INFO: [IP_Flow 19-1686] Generating 'Change Log' target for IP 'clk_wiz_0'...
catch { config_ip_cache -export [get_ips -all clk_wiz_0] }
INFO: [IP_Flow 19-6924] IPCACHE: Running cache check for IP inst: clk_wiz_0
export_ip_user_files -of_objects [get_files c:/Users/curti/OneDrive/Documents/UIUC/ECE-385/Vivado_Projects/ip_repo/hdmi_text_controller_1_0/src/clk_wiz_0_1/clk_wiz_0.xci] -no_script -sync -force -quiet
create_ip_run [get_files -of_objects [get_fileset sources_1] c:/Users/curti/OneDrive/Documents/UIUC/ECE-385/Vivado_Projects/ip_repo/hdmi_text_controller_1_0/src/clk_wiz_0_1/clk_wiz_0.xci]
launch_runs clk_wiz_0_synth_1 -jobs 10
INFO: [IP_Flow 19-6924] IPCACHE: Running cache check for IP inst: clk_wiz_0
[Thu Oct 31 15:25:06 2024] Launched clk_wiz_0_synth_1...
Run output will be captured here: c:/users/curti/onedrive/documents/uiuc/ece-385/vivado_projects/lab7_1/lab7_1.tmp/hdmi_text_controller_v1_0_project/hdmi_text_controller_v1_0_project.runs/clk_wiz_0_synth_1/runme.log
export_simulation -of_objects [get_files c:/Users/curti/OneDrive/Documents/UIUC/ECE-385/Vivado_Projects/ip_repo/hdmi_text_controller_1_0/src/clk_wiz_0_1/clk_wiz_0.xci] -directory c:/users/curti/onedrive/documents/uiuc/ece-385/vivado_projects/lab7_1/lab7_1.tmp/hdmi_text_controller_v1_0_project/hdmi_text_controller_v1_0_project.ip_user_files/sim_scripts -ip_user_files_dir c:/users/curti/onedrive/documents/uiuc/ece-385/vivado_projects/lab7_1/lab7_1.tmp/hdmi_text_controller_v1_0_project/hdmi_text_controller_v1_0_project.ip_user_files -ipstatic_source_dir c:/users/curti/onedrive/documents/uiuc/ece-385/vivado_projects/lab7_1/lab7_1.tmp/hdmi_text_controller_v1_0_project/hdmi_text_controller_v1_0_project.ip_user_files/ipstatic -lib_map_path [list {modelsim=c:/users/curti/onedrive/documents/uiuc/ece-385/vivado_projects/lab7_1/lab7_1.tmp/hdmi_text_controller_v1_0_project/hdmi_text_controller_v1_0_project.cache/compile_simlib/modelsim} {questa=c:/users/curti/onedrive/documents/uiuc/ece-385/vivado_projects/lab7_1/lab7_1.tmp/hdmi_text_controller_v1_0_project/hdmi_text_controller_v1_0_project.cache/compile_simlib/questa} {riviera=c:/users/curti/onedrive/documents/uiuc/ece-385/vivado_projects/lab7_1/lab7_1.tmp/hdmi_text_controller_v1_0_project/hdmi_text_controller_v1_0_project.cache/compile_simlib/riviera} {activehdl=c:/users/curti/onedrive/documents/uiuc/ece-385/vivado_projects/lab7_1/lab7_1.tmp/hdmi_text_controller_v1_0_project/hdmi_text_controller_v1_0_project.cache/compile_simlib/activehdl}] -use_ip_compiled_libs -force -quiet
current_project lab7_1
current_project hdmi_text_controller_v1_0_project
create_ip -name hdmi_tx -vendor realdigital.org -library realdigital -version 1.0 -module_name hdmi_tx_0 -dir c:/Users/curti/OneDrive/Documents/UIUC/ECE-385/Vivado_Projects/ip_repo/hdmi_text_controller_1_0/src
set_property -dict [list \
  CONFIG.C_BLUE_WIDTH {4} \
  CONFIG.C_GREEN_WIDTH {4} \
  CONFIG.C_RED_WIDTH {4} \
  CONFIG.MODE {HDMI} \
] [get_ips hdmi_tx_0]
generate_target {instantiation_template} [get_files c:/Users/curti/OneDrive/Documents/UIUC/ECE-385/Vivado_Projects/ip_repo/hdmi_text_controller_1_0/src/hdmi_tx_0_1/hdmi_tx_0.xci]
INFO: [IP_Flow 19-1686] Generating 'Instantiation Template' target for IP 'hdmi_tx_0'...
generate_target all [get_files  c:/Users/curti/OneDrive/Documents/UIUC/ECE-385/Vivado_Projects/ip_repo/hdmi_text_controller_1_0/src/hdmi_tx_0_1/hdmi_tx_0.xci]
INFO: [IP_Flow 19-1686] Generating 'Synthesis' target for IP 'hdmi_tx_0'...
INFO: [IP_Flow 19-1686] Generating 'Simulation' target for IP 'hdmi_tx_0'...
catch { config_ip_cache -export [get_ips -all hdmi_tx_0] }
INFO: [IP_Flow 19-6924] IPCACHE: Running cache check for IP inst: hdmi_tx_0
export_ip_user_files -of_objects [get_files c:/Users/curti/OneDrive/Documents/UIUC/ECE-385/Vivado_Projects/ip_repo/hdmi_text_controller_1_0/src/hdmi_tx_0_1/hdmi_tx_0.xci] -no_script -sync -force -quiet
create_ip_run [get_files -of_objects [get_fileset sources_1] c:/Users/curti/OneDrive/Documents/UIUC/ECE-385/Vivado_Projects/ip_repo/hdmi_text_controller_1_0/src/hdmi_tx_0_1/hdmi_tx_0.xci]
launch_runs hdmi_tx_0_synth_1 -jobs 10
INFO: [IP_Flow 19-6924] IPCACHE: Running cache check for IP inst: hdmi_tx_0
[Thu Oct 31 15:25:52 2024] Launched hdmi_tx_0_synth_1...
Run output will be captured here: c:/users/curti/onedrive/documents/uiuc/ece-385/vivado_projects/lab7_1/lab7_1.tmp/hdmi_text_controller_v1_0_project/hdmi_text_controller_v1_0_project.runs/hdmi_tx_0_synth_1/runme.log
export_simulation -of_objects [get_files c:/Users/curti/OneDrive/Documents/UIUC/ECE-385/Vivado_Projects/ip_repo/hdmi_text_controller_1_0/src/hdmi_tx_0_1/hdmi_tx_0.xci] -directory c:/users/curti/onedrive/documents/uiuc/ece-385/vivado_projects/lab7_1/lab7_1.tmp/hdmi_text_controller_v1_0_project/hdmi_text_controller_v1_0_project.ip_user_files/sim_scripts -ip_user_files_dir c:/users/curti/onedrive/documents/uiuc/ece-385/vivado_projects/lab7_1/lab7_1.tmp/hdmi_text_controller_v1_0_project/hdmi_text_controller_v1_0_project.ip_user_files -ipstatic_source_dir c:/users/curti/onedrive/documents/uiuc/ece-385/vivado_projects/lab7_1/lab7_1.tmp/hdmi_text_controller_v1_0_project/hdmi_text_controller_v1_0_project.ip_user_files/ipstatic -lib_map_path [list {modelsim=c:/users/curti/onedrive/documents/uiuc/ece-385/vivado_projects/lab7_1/lab7_1.tmp/hdmi_text_controller_v1_0_project/hdmi_text_controller_v1_0_project.cache/compile_simlib/modelsim} {questa=c:/users/curti/onedrive/documents/uiuc/ece-385/vivado_projects/lab7_1/lab7_1.tmp/hdmi_text_controller_v1_0_project/hdmi_text_controller_v1_0_project.cache/compile_simlib/questa} {riviera=c:/users/curti/onedrive/documents/uiuc/ece-385/vivado_projects/lab7_1/lab7_1.tmp/hdmi_text_controller_v1_0_project/hdmi_text_controller_v1_0_project.cache/compile_simlib/riviera} {activehdl=c:/users/curti/onedrive/documents/uiuc/ece-385/vivado_projects/lab7_1/lab7_1.tmp/hdmi_text_controller_v1_0_project/hdmi_text_controller_v1_0_project.cache/compile_simlib/activehdl}] -use_ip_compiled_libs -force -quiet
launch_runs synth_1 -jobs 10
WARNING: [Vivado 12-7122] Auto Incremental Compile:: No reference checkpoint was found in run synth_1. Auto-incremental flow will not be run, the standard flow will be run instead.
[Thu Oct 31 15:26:11 2024] Launched hdmi_tx_0_synth_1...
Run output will be captured here: c:/users/curti/onedrive/documents/uiuc/ece-385/vivado_projects/lab7_1/lab7_1.tmp/hdmi_text_controller_v1_0_project/hdmi_text_controller_v1_0_project.runs/hdmi_tx_0_synth_1/runme.log
[Thu Oct 31 15:26:11 2024] Launched synth_1...
Run output will be captured here: c:/users/curti/onedrive/documents/uiuc/ece-385/vivado_projects/lab7_1/lab7_1.tmp/hdmi_text_controller_v1_0_project/hdmi_text_controller_v1_0_project.runs/synth_1/runme.log
launch_simulation
Command: launch_simulation 
INFO: [Vivado 12-12493] Simulation top is 'hdmi_text_controller_tb'
WARNING: [Vivado 12-13340] Unable to auto find GCC executables from simulator install path! (path not set)
INFO: [Vivado 12-12490] The selected simulation model for 'clk_wiz_0' IP changed to 'rtl' from '', the simulation run directory will be deleted.
WARNING: [Vivado 12-3661] Failed to remove file:c:/users/curti/onedrive/documents/uiuc/ece-385/vivado_projects/lab7_1/lab7_1.tmp/hdmi_text_controller_v1_0_project/hdmi_text_controller_v1_0_project.sim/sim_1/behav/xsim/xelab.pb
WARNING: [Vivado 12-13277] Compiled library path does not exist: ''
INFO: [Vivado 12-5698] Checking validity of IPs in the design for the 'XSim' simulator...
INFO: [Vivado 12-5682] Launching behavioral simulation in 'c:/users/curti/onedrive/documents/uiuc/ece-385/vivado_projects/lab7_1/lab7_1.tmp/hdmi_text_controller_v1_0_project/hdmi_text_controller_v1_0_project.sim/sim_1/behav/xsim'
INFO: [Vivado 12-4795] Using compiled simulation libraries for IPs
INFO: [SIM-utils-51] Simulation object is 'sim_1'
INFO: [SIM-utils-72] Using boost library from 'C:/Xilinx/Vivado/2022.2/tps/boost_1_72_0'
INFO: [USF-XSim-7] Finding pre-compiled libraries...
INFO: [USF-XSim-11] File 'C:/Xilinx/Vivado/2022.2/data/xsim/xsim.ini' copied to run dir:'c:/users/curti/onedrive/documents/uiuc/ece-385/vivado_projects/lab7_1/lab7_1.tmp/hdmi_text_controller_v1_0_project/hdmi_text_controller_v1_0_project.sim/sim_1/behav/xsim'
INFO: [SIM-utils-54] Inspecting design source files for 'hdmi_text_controller_tb' in fileset 'sim_1'...
INFO: [USF-XSim-97] Finding global include files...
INFO: [USF-XSim-98] Fetching design files from 'sim_1'...
INFO: [USF-XSim-2] XSim::Compile design
INFO: [USF-XSim-61] Executing 'COMPILE and ANALYZE' step in 'c:/users/curti/onedrive/documents/uiuc/ece-385/vivado_projects/lab7_1/lab7_1.tmp/hdmi_text_controller_v1_0_project/hdmi_text_controller_v1_0_project.sim/sim_1/behav/xsim'
"xvlog --incr --relax -L uvm -prj hdmi_text_controller_tb_vlog.prj"
INFO: [VRFC 10-2263] Analyzing Verilog file "c:/Users/curti/OneDrive/Documents/UIUC/ECE-385/Vivado_Projects/ip_repo/hdmi_text_controller_1_0/src/hdmi_tx_0_1/hdl/encode.v" into library xil_defaultlib
INFO: [VRFC 10-311] analyzing module encode
INFO: [VRFC 10-2263] Analyzing Verilog file "c:/Users/curti/OneDrive/Documents/UIUC/ECE-385/Vivado_Projects/ip_repo/hdmi_text_controller_1_0/src/hdmi_tx_0_1/hdl/serdes_10_to_1.v" into library xil_defaultlib
INFO: [VRFC 10-311] analyzing module serdes_10_to_1
INFO: [VRFC 10-2263] Analyzing Verilog file "c:/Users/curti/OneDrive/Documents/UIUC/ECE-385/Vivado_Projects/ip_repo/hdmi_text_controller_1_0/src/hdmi_tx_0_1/hdl/srldelay.v" into library xil_defaultlib
INFO: [VRFC 10-311] analyzing module srldelay
INFO: [VRFC 10-2263] Analyzing Verilog file "c:/Users/curti/OneDrive/Documents/UIUC/ECE-385/Vivado_Projects/ip_repo/hdmi_text_controller_1_0/src/hdmi_tx_0_1/hdl/hdmi_tx_v1_0.v" into library xil_defaultlib
INFO: [VRFC 10-311] analyzing module hdmi_tx_v1_0
INFO: [VRFC 10-2263] Analyzing Verilog file "c:/Users/curti/OneDrive/Documents/UIUC/ECE-385/Vivado_Projects/ip_repo/hdmi_text_controller_1_0/src/hdmi_tx_0_1/sim/hdmi_tx_0.v" into library xil_defaultlib
INFO: [VRFC 10-311] analyzing module hdmi_tx_0
INFO: [VRFC 10-2263] Analyzing Verilog file "c:/Users/curti/OneDrive/Documents/UIUC/ECE-385/Vivado_Projects/ip_repo/hdmi_text_controller_1_0/src/clk_wiz_0_1/clk_wiz_0_clk_wiz.v" into library xil_defaultlib
INFO: [VRFC 10-311] analyzing module clk_wiz_0_clk_wiz
INFO: [VRFC 10-2263] Analyzing Verilog file "c:/Users/curti/OneDrive/Documents/UIUC/ECE-385/Vivado_Projects/ip_repo/hdmi_text_controller_1_0/src/clk_wiz_0_1/clk_wiz_0.v" into library xil_defaultlib
INFO: [VRFC 10-311] analyzing module clk_wiz_0
INFO: [VRFC 10-2263] Analyzing SystemVerilog file "c:/Users/curti/OneDrive/Documents/UIUC/ECE-385/Vivado_Projects/lab7_1/lab7_1_provided_fa24/VGA_controller.sv" into library xil_defaultlib
INFO: [VRFC 10-311] analyzing module vga_controller
INFO: [VRFC 10-2263] Analyzing SystemVerilog file "c:/Users/curti/OneDrive/Documents/UIUC/ECE-385/Vivado_Projects/lab7_1/lab7_1_provided_fa24/hdmi_text_controller_v1_0.sv" into library xil_defaultlib
INFO: [VRFC 10-311] analyzing module hdmi_text_controller_v1_0
INFO: [VRFC 10-2263] Analyzing SystemVerilog file "c:/Users/curti/OneDrive/Documents/UIUC/ECE-385/Vivado_Projects/ip_repo/hdmi_text_controller_1_0/src/hdmi_text_controller_v1_0_AXI.sv" into library xil_defaultlib
INFO: [VRFC 10-311] analyzing module hdmi_text_controller_v1_0_AXI
INFO: [VRFC 10-2263] Analyzing SystemVerilog file "c:/Users/curti/OneDrive/Documents/UIUC/ECE-385/Vivado_Projects/lab7_1/lab7_1_provided_fa24/hdmi_text_controller_v1_0_tb.sv" into library xil_defaultlib
INFO: [VRFC 10-311] analyzing module hdmi_text_controller_tb
INFO: [VRFC 10-2263] Analyzing Verilog file "c:/Users/curti/OneDrive/Documents/UIUC/ECE-385/Vivado_Projects/lab7_1/lab7_1.tmp/hdmi_text_controller_v1_0_project/hdmi_text_controller_v1_0_project.sim/sim_1/behav/xsim/glbl.v" into library xil_defaultlib
INFO: [VRFC 10-311] analyzing module glbl
INFO: [USF-XSim-69] 'compile' step finished in '2' seconds
INFO: [USF-XSim-3] XSim::Elaborate design
INFO: [USF-XSim-61] Executing 'ELABORATE' step in 'c:/users/curti/onedrive/documents/uiuc/ece-385/vivado_projects/lab7_1/lab7_1.tmp/hdmi_text_controller_v1_0_project/hdmi_text_controller_v1_0_project.sim/sim_1/behav/xsim'
"xelab --incr --debug typical --relax --mt 2 -L xil_defaultlib -L uvm -L unisims_ver -L unimacro_ver -L secureip -L xpm --snapshot hdmi_text_controller_tb_behav xil_defaultlib.hdmi_text_controller_tb xil_defaultlib.glbl -log elaborate.log"
Vivado Simulator v2022.2
Copyright 1986-1999, 2001-2022 Xilinx, Inc. All Rights Reserved.
Running: C:/Xilinx/Vivado/2022.2/bin/unwrapped/win64.o/xelab.exe --incr --debug typical --relax --mt 2 -L xil_defaultlib -L uvm -L unisims_ver -L unimacro_ver -L secureip -L xpm --snapshot hdmi_text_controller_tb_behav xil_defaultlib.hdmi_text_controller_tb xil_defaultlib.glbl -log elaborate.log 
Using 2 slave threads.
Starting static elaboration
Pass Through NonSizing Optimizer
WARNING: [VRFC 10-3091] actual bit length 32 differs from formal bit length 16 for port 'axi_awaddr' [c:/Users/curti/OneDrive/Documents/UIUC/ECE-385/Vivado_Projects/lab7_1/lab7_1_provided_fa24/hdmi_text_controller_v1_0_tb.sv:75]
WARNING: [VRFC 10-3091] actual bit length 32 differs from formal bit length 16 for port 'axi_araddr' [c:/Users/curti/OneDrive/Documents/UIUC/ECE-385/Vivado_Projects/lab7_1/lab7_1_provided_fa24/hdmi_text_controller_v1_0_tb.sv:89]
WARNING: [VRFC 10-5021] port 'Clk' is not connected on this instance [c:/Users/curti/OneDrive/Documents/UIUC/ECE-385/Vivado_Projects/lab7_1/lab7_1_provided_fa24/hdmi_text_controller_v1_0_tb.sv:66]
Completed static elaboration
Starting simulation data flow analysis
WARNING: [XSIM 43-4099] "c:/Users/curti/OneDrive/Documents/UIUC/ECE-385/Vivado_Projects/lab7_1/lab7_1_provided_fa24/VGA_controller.sv" Line 26. Module vga_controller doesn't have a timescale but at least one module in design has a timescale.
WARNING: [XSIM 43-4099] "c:/Users/curti/OneDrive/Documents/UIUC/ECE-385/Vivado_Projects/lab7_1/lab7_1_provided_fa24/VGA_controller.sv" Line 26. Module vga_controller doesn't have a timescale but at least one module in design has a timescale.
Completed simulation data flow analysis
Time Resolution for simulation is 1ps
Compiling module xil_defaultlib.hdmi_text_controller_v1_0_AXI_de...
Compiling module unisims_ver.IBUF
Compiling module unisims_ver.MMCME2_ADV(CLKFBOUT_MULT_F=10.0,...
Compiling module unisims_ver.BUFG
Compiling module xil_defaultlib.clk_wiz_0_clk_wiz
Compiling module xil_defaultlib.clk_wiz_0
Compiling module xil_defaultlib.vga_controller
Compiling module unisims_ver.SRL16E_default
Compiling module xil_defaultlib.srldelay(WIDTH=40,TAPS=4'b1010)
Compiling module xil_defaultlib.encode_default
Compiling module xil_defaultlib.encode(CHANNEL="GREEN")
Compiling module xil_defaultlib.encode(CHANNEL="RED")
Compiling module unisims_ver.OSERDESE2(DATA_RATE_TQ="SDR",DAT...
Compiling module unisims_ver.OSERDESE2(DATA_RATE_TQ="SDR",DAT...
Compiling module xil_defaultlib.serdes_10_to_1
Compiling module unisims_ver.OBUFDS(IOSTANDARD="TMDS_33")
Compiling module xil_defaultlib.hdmi_tx_v1_0(C_RED_WIDTH=4,C_GRE...
Compiling module xil_defaultlib.hdmi_tx_0
Compiling module xil_defaultlib.hdmi_text_controller_v1_0
Compiling module xil_defaultlib.hdmi_text_controller_tb
Compiling module xil_defaultlib.glbl
Built simulation snapshot hdmi_text_controller_tb_behav
run_program: Time (s): cpu = 00:00:00 ; elapsed = 00:00:06 . Memory (MB): peak = 1485.602 ; gain = 0.000
INFO: [USF-XSim-69] 'elaborate' step finished in '6' seconds
INFO: [USF-XSim-4] XSim::Simulate design
INFO: [USF-XSim-61] Executing 'SIMULATE' step in 'c:/users/curti/onedrive/documents/uiuc/ece-385/vivado_projects/lab7_1/lab7_1.tmp/hdmi_text_controller_v1_0_project/hdmi_text_controller_v1_0_project.sim/sim_1/behav/xsim'
INFO: [USF-XSim-98] *** Running xsim
   with args "hdmi_text_controller_tb_behav -key {Behavioral:sim_1:Functional:hdmi_text_controller_tb} -tclbatch {hdmi_text_controller_tb.tcl} -log {simulate.log}"
INFO: [USF-XSim-8] Loading simulator feature
Time resolution is 1 ps
source hdmi_text_controller_tb.tcl
# set curr_wave [current_wave_config]
# if { [string length $curr_wave] == 0 } {
#   if { [llength [get_objects]] > 0} {
#     add_wave /
#     set_property needs_save false [current_wave_config]
#   } else {
#      send_msg_id Add_Wave-1 WARNING "No top level signals found. Simulator will start without a wave window. If you want to open a wave window go to 'File->New Waveform Configuration' or type 'create_wave_config' in the TCL console."
#   }
# }
WARNING: [Wavedata 42-489] Can't add object "/hdmi_text_controller_tb/bitmap" to the wave window because it has 10080000 bits, which exceeds the display limit of 65536 bits.  To change the display limit, use the command "set_property display_limit <new limit> [current_wave_config]".
# run all
Info: Read back of control register: 001f6000
Time: 192360 ns  Iteration: 0  Process: /hdmi_text_controller_tb/Initial263_904  Scope: hdmi_text_controller_tb.TEST_VECTORS  File: c:/Users/curti/OneDrive/Documents/UIUC/ECE-385/Vivado_Projects/lab7_1/lab7_1_provided_fa24/hdmi_text_controller_v1_0_tb.sv Line: 289
INFO: [Common 17-41] Interrupt caught. Command should exit soon.
run: Time (s): cpu = 00:28:04 ; elapsed = 00:31:37 . Memory (MB): peak = 1548.051 ; gain = 27.520
INFO: [Common 17-344] 'run' was cancelled
INFO: [Common 17-344] 'source' was cancelled
xsim: Time (s): cpu = 00:28:05 ; elapsed = 00:31:39 . Memory (MB): peak = 1548.051 ; gain = 62.449
INFO: [Common 17-344] 'xsim' was cancelled
INFO: [Vivado 12-5357] 'simulate' step aborted
launch_simulation: Time (s): cpu = 00:28:06 ; elapsed = 00:31:48 . Memory (MB): peak = 1548.051 ; gain = 62.449
INFO: [Common 17-344] 'launch_simulation' was cancelled
close_sim
INFO: xsimkernel Simulation Memory Usage: 36128 KB (Peak: 36128 KB), Simulation CPU Usage: 654186 ms
INFO: [Simtcl 6-16] Simulation closed
launch_simulation
Command: launch_simulation 
INFO: [Vivado 12-12493] Simulation top is 'hdmi_text_controller_tb'
WARNING: [Vivado 12-13340] Unable to auto find GCC executables from simulator install path! (path not set)
WARNING: [Vivado 12-13277] Compiled library path does not exist: ''
INFO: [Vivado 12-5698] Checking validity of IPs in the design for the 'XSim' simulator...
INFO: [Vivado 12-5682] Launching behavioral simulation in 'c:/users/curti/onedrive/documents/uiuc/ece-385/vivado_projects/lab7_1/lab7_1.tmp/hdmi_text_controller_v1_0_project/hdmi_text_controller_v1_0_project.sim/sim_1/behav/xsim'
INFO: [Vivado 12-4795] Using compiled simulation libraries for IPs
INFO: [SIM-utils-51] Simulation object is 'sim_1'
INFO: [SIM-utils-72] Using boost library from 'C:/Xilinx/Vivado/2022.2/tps/boost_1_72_0'
INFO: [USF-XSim-7] Finding pre-compiled libraries...
INFO: [USF-XSim-11] File 'C:/Xilinx/Vivado/2022.2/data/xsim/xsim.ini' copied to run dir:'c:/users/curti/onedrive/documents/uiuc/ece-385/vivado_projects/lab7_1/lab7_1.tmp/hdmi_text_controller_v1_0_project/hdmi_text_controller_v1_0_project.sim/sim_1/behav/xsim'
INFO: [SIM-utils-54] Inspecting design source files for 'hdmi_text_controller_tb' in fileset 'sim_1'...
INFO: [USF-XSim-97] Finding global include files...
INFO: [USF-XSim-98] Fetching design files from 'sim_1'...
INFO: [USF-XSim-2] XSim::Compile design
INFO: [USF-XSim-61] Executing 'COMPILE and ANALYZE' step in 'c:/users/curti/onedrive/documents/uiuc/ece-385/vivado_projects/lab7_1/lab7_1.tmp/hdmi_text_controller_v1_0_project/hdmi_text_controller_v1_0_project.sim/sim_1/behav/xsim'
"xvlog --incr --relax -L uvm -prj hdmi_text_controller_tb_vlog.prj"
INFO: [VRFC 10-2263] Analyzing SystemVerilog file "c:/Users/curti/OneDrive/Documents/UIUC/ECE-385/Vivado_Projects/lab7_1/lab7_1_provided_fa24/VGA_controller.sv" into library xil_defaultlib
INFO: [VRFC 10-311] analyzing module vga_controller
INFO: [VRFC 10-2263] Analyzing SystemVerilog file "c:/Users/curti/OneDrive/Documents/UIUC/ECE-385/Vivado_Projects/lab7_1/lab7_1_provided_fa24/hdmi_text_controller_v1_0.sv" into library xil_defaultlib
INFO: [VRFC 10-311] analyzing module hdmi_text_controller_v1_0
ERROR: [VRFC 10-2989] 'reset_rtl_0' is not declared [c:/Users/curti/OneDrive/Documents/UIUC/ECE-385/Vivado_Projects/lab7_1/lab7_1_provided_fa24/hdmi_text_controller_v1_0.sv:58]
ERROR: [VRFC 10-8530] module 'hdmi_text_controller_v1_0' is ignored due to previous errors [c:/Users/curti/OneDrive/Documents/UIUC/ECE-385/Vivado_Projects/lab7_1/lab7_1_provided_fa24/hdmi_text_controller_v1_0.sv:10]
INFO: [USF-XSim-69] 'compile' step finished in '2' seconds
INFO: [USF-XSim-99] Step results log file:'C:/Users/curti/OneDrive/Documents/UIUC/ECE-385/Vivado_Projects/lab7_1/lab7_1.tmp/hdmi_text_controller_v1_0_project/hdmi_text_controller_v1_0_project.sim/sim_1/behav/xsim/xvlog.log'
ERROR: [USF-XSim-62] 'compile' step failed with error(s). Please check the Tcl console output or 'C:/Users/curti/OneDrive/Documents/UIUC/ECE-385/Vivado_Projects/lab7_1/lab7_1.tmp/hdmi_text_controller_v1_0_project/hdmi_text_controller_v1_0_project.sim/sim_1/behav/xsim/xvlog.log' file for more information.
ERROR: [Vivado 12-4473] Detected error while running simulation. Please correct the issue and retry this operation.
ERROR: [Common 17-39] 'launch_simulation' failed due to earlier errors.
set_property library xil_defaultlib [get_files]
launch_simulation
Command: launch_simulation 
INFO: [Vivado 12-12493] Simulation top is 'hdmi_text_controller_tb'
WARNING: [Vivado 12-13340] Unable to auto find GCC executables from simulator install path! (path not set)
WARNING: [Vivado 12-13277] Compiled library path does not exist: ''
INFO: [Vivado 12-5698] Checking validity of IPs in the design for the 'XSim' simulator...
INFO: [Vivado 12-5682] Launching behavioral simulation in 'c:/users/curti/onedrive/documents/uiuc/ece-385/vivado_projects/lab7_1/lab7_1.tmp/hdmi_text_controller_v1_0_project/hdmi_text_controller_v1_0_project.sim/sim_1/behav/xsim'
INFO: [Vivado 12-4795] Using compiled simulation libraries for IPs
INFO: [SIM-utils-51] Simulation object is 'sim_1'
INFO: [SIM-utils-72] Using boost library from 'C:/Xilinx/Vivado/2022.2/tps/boost_1_72_0'
INFO: [USF-XSim-7] Finding pre-compiled libraries...
INFO: [USF-XSim-11] File 'C:/Xilinx/Vivado/2022.2/data/xsim/xsim.ini' copied to run dir:'c:/users/curti/onedrive/documents/uiuc/ece-385/vivado_projects/lab7_1/lab7_1.tmp/hdmi_text_controller_v1_0_project/hdmi_text_controller_v1_0_project.sim/sim_1/behav/xsim'
INFO: [SIM-utils-54] Inspecting design source files for 'hdmi_text_controller_tb' in fileset 'sim_1'...
INFO: [USF-XSim-97] Finding global include files...
INFO: [USF-XSim-98] Fetching design files from 'sim_1'...
INFO: [USF-XSim-2] XSim::Compile design
INFO: [USF-XSim-61] Executing 'COMPILE and ANALYZE' step in 'c:/users/curti/onedrive/documents/uiuc/ece-385/vivado_projects/lab7_1/lab7_1.tmp/hdmi_text_controller_v1_0_project/hdmi_text_controller_v1_0_project.sim/sim_1/behav/xsim'
"xvlog --incr --relax -L uvm -prj hdmi_text_controller_tb_vlog.prj"
INFO: [VRFC 10-2263] Analyzing SystemVerilog file "c:/Users/curti/OneDrive/Documents/UIUC/ECE-385/Vivado_Projects/lab7_1/lab7_1_provided_fa24/VGA_controller.sv" into library xil_defaultlib
INFO: [VRFC 10-311] analyzing module vga_controller
INFO: [VRFC 10-2263] Analyzing SystemVerilog file "c:/Users/curti/OneDrive/Documents/UIUC/ECE-385/Vivado_Projects/lab7_1/lab7_1_provided_fa24/hdmi_text_controller_v1_0.sv" into library xil_defaultlib
INFO: [VRFC 10-311] analyzing module hdmi_text_controller_v1_0
ERROR: [VRFC 10-2989] 'reset_rtl_0' is not declared [c:/Users/curti/OneDrive/Documents/UIUC/ECE-385/Vivado_Projects/lab7_1/lab7_1_provided_fa24/hdmi_text_controller_v1_0.sv:58]
ERROR: [VRFC 10-8530] module 'hdmi_text_controller_v1_0' is ignored due to previous errors [c:/Users/curti/OneDrive/Documents/UIUC/ECE-385/Vivado_Projects/lab7_1/lab7_1_provided_fa24/hdmi_text_controller_v1_0.sv:10]
INFO: [USF-XSim-69] 'compile' step finished in '1' seconds
INFO: [USF-XSim-99] Step results log file:'C:/Users/curti/OneDrive/Documents/UIUC/ECE-385/Vivado_Projects/lab7_1/lab7_1.tmp/hdmi_text_controller_v1_0_project/hdmi_text_controller_v1_0_project.sim/sim_1/behav/xsim/xvlog.log'
ERROR: [USF-XSim-62] 'compile' step failed with error(s). Please check the Tcl console output or 'C:/Users/curti/OneDrive/Documents/UIUC/ECE-385/Vivado_Projects/lab7_1/lab7_1.tmp/hdmi_text_controller_v1_0_project/hdmi_text_controller_v1_0_project.sim/sim_1/behav/xsim/xvlog.log' file for more information.
ERROR: [Vivado 12-4473] Detected error while running simulation. Please correct the issue and retry this operation.
ERROR: [Common 17-39] 'launch_simulation' failed due to earlier errors.
launch_simulation
Command: launch_simulation 
INFO: [Vivado 12-12493] Simulation top is 'hdmi_text_controller_tb'
WARNING: [Vivado 12-13340] Unable to auto find GCC executables from simulator install path! (path not set)
WARNING: [Vivado 12-13277] Compiled library path does not exist: ''
INFO: [Vivado 12-5698] Checking validity of IPs in the design for the 'XSim' simulator...
INFO: [Vivado 12-5682] Launching behavioral simulation in 'c:/users/curti/onedrive/documents/uiuc/ece-385/vivado_projects/lab7_1/lab7_1.tmp/hdmi_text_controller_v1_0_project/hdmi_text_controller_v1_0_project.sim/sim_1/behav/xsim'
INFO: [Vivado 12-4795] Using compiled simulation libraries for IPs
INFO: [SIM-utils-51] Simulation object is 'sim_1'
INFO: [SIM-utils-72] Using boost library from 'C:/Xilinx/Vivado/2022.2/tps/boost_1_72_0'
INFO: [USF-XSim-7] Finding pre-compiled libraries...
INFO: [USF-XSim-11] File 'C:/Xilinx/Vivado/2022.2/data/xsim/xsim.ini' copied to run dir:'c:/users/curti/onedrive/documents/uiuc/ece-385/vivado_projects/lab7_1/lab7_1.tmp/hdmi_text_controller_v1_0_project/hdmi_text_controller_v1_0_project.sim/sim_1/behav/xsim'
INFO: [SIM-utils-54] Inspecting design source files for 'hdmi_text_controller_tb' in fileset 'sim_1'...
INFO: [USF-XSim-97] Finding global include files...
INFO: [USF-XSim-98] Fetching design files from 'sim_1'...
INFO: [USF-XSim-2] XSim::Compile design
INFO: [USF-XSim-61] Executing 'COMPILE and ANALYZE' step in 'c:/users/curti/onedrive/documents/uiuc/ece-385/vivado_projects/lab7_1/lab7_1.tmp/hdmi_text_controller_v1_0_project/hdmi_text_controller_v1_0_project.sim/sim_1/behav/xsim'
"xvlog --incr --relax -L uvm -prj hdmi_text_controller_tb_vlog.prj"
INFO: [VRFC 10-2263] Analyzing SystemVerilog file "c:/Users/curti/OneDrive/Documents/UIUC/ECE-385/Vivado_Projects/lab7_1/lab7_1_provided_fa24/VGA_controller.sv" into library xil_defaultlib
INFO: [VRFC 10-311] analyzing module vga_controller
INFO: [VRFC 10-2263] Analyzing SystemVerilog file "c:/Users/curti/OneDrive/Documents/UIUC/ECE-385/Vivado_Projects/lab7_1/lab7_1_provided_fa24/hdmi_text_controller_v1_0.sv" into library xil_defaultlib
INFO: [VRFC 10-311] analyzing module hdmi_text_controller_v1_0
ERROR: [VRFC 10-2989] 'reset_rtl_0' is not declared [c:/Users/curti/OneDrive/Documents/UIUC/ECE-385/Vivado_Projects/lab7_1/lab7_1_provided_fa24/hdmi_text_controller_v1_0.sv:58]
ERROR: [VRFC 10-8530] module 'hdmi_text_controller_v1_0' is ignored due to previous errors [c:/Users/curti/OneDrive/Documents/UIUC/ECE-385/Vivado_Projects/lab7_1/lab7_1_provided_fa24/hdmi_text_controller_v1_0.sv:10]
INFO: [USF-XSim-69] 'compile' step finished in '1' seconds
INFO: [USF-XSim-99] Step results log file:'C:/Users/curti/OneDrive/Documents/UIUC/ECE-385/Vivado_Projects/lab7_1/lab7_1.tmp/hdmi_text_controller_v1_0_project/hdmi_text_controller_v1_0_project.sim/sim_1/behav/xsim/xvlog.log'
ERROR: [USF-XSim-62] 'compile' step failed with error(s). Please check the Tcl console output or 'C:/Users/curti/OneDrive/Documents/UIUC/ECE-385/Vivado_Projects/lab7_1/lab7_1.tmp/hdmi_text_controller_v1_0_project/hdmi_text_controller_v1_0_project.sim/sim_1/behav/xsim/xvlog.log' file for more information.
ERROR: [Vivado 12-4473] Detected error while running simulation. Please correct the issue and retry this operation.
ERROR: [Common 17-39] 'launch_simulation' failed due to earlier errors.
set_property core_revision 5 [ipx::current_core]
ipx::update_source_project_archive -component [ipx::current_core]
ipx::create_xgui_files [ipx::current_core]
ipx::update_checksums [ipx::current_core]
ipx::check_integrity [ipx::current_core]
WARNING: [IP_Flow 19-5905] All packaged files should be located below the IP definition file (xml)
WARNING: [IP_Flow 19-5661] Bus Interface 'hdmi_clk_n' does not have any bus interfaces associated with it.
WARNING: [IP_Flow 19-4751] Bus Interface 'hdmi_clk_n': FREQ_HZ bus parameter is missing for output clock interface.
WARNING: [IP_Flow 19-5661] Bus Interface 'hdmi_clk_p' does not have any bus interfaces associated with it.
WARNING: [IP_Flow 19-4751] Bus Interface 'hdmi_clk_p': FREQ_HZ bus parameter is missing for output clock interface.
WARNING: [IP_Flow 19-1965] Bus Interface 'HDMI': A port map to the required logical port "DDC_SCL_I" of the bus abstraction "xilinx.com:interface:hdmi_rtl:2.0" is missing.
WARNING: [IP_Flow 19-1965] Bus Interface 'HDMI': A port map to the required logical port "DDC_SCL_O" of the bus abstraction "xilinx.com:interface:hdmi_rtl:2.0" is missing.
WARNING: [IP_Flow 19-1965] Bus Interface 'HDMI': A port map to the required logical port "DDC_SCL_T" of the bus abstraction "xilinx.com:interface:hdmi_rtl:2.0" is missing.
WARNING: [IP_Flow 19-1965] Bus Interface 'HDMI': A port map to the required logical port "DDC_SDA_I" of the bus abstraction "xilinx.com:interface:hdmi_rtl:2.0" is missing.
WARNING: [IP_Flow 19-1965] Bus Interface 'HDMI': A port map to the required logical port "DDC_SDA_O" of the bus abstraction "xilinx.com:interface:hdmi_rtl:2.0" is missing.
WARNING: [IP_Flow 19-1965] Bus Interface 'HDMI': A port map to the required logical port "DDC_SDA_T" of the bus abstraction "xilinx.com:interface:hdmi_rtl:2.0" is missing.
WARNING: [IP_Flow 19-1965] Bus Interface 'HDMI': A port map to the required logical port "CABLE_CONNECT" of the bus abstraction "xilinx.com:interface:hdmi_rtl:2.0" is missing.
WARNING: [IP_Flow 19-1965] Bus Interface 'HDMI': A port map to the required logical port "HPD" of the bus abstraction "xilinx.com:interface:hdmi_rtl:2.0" is missing.
INFO: [IP_Flow 19-2181] Payment Required is not set for this core.
INFO: [IP_Flow 19-2187] The Product Guide file is missing.
INFO: [Ipptcl 7-1486] check_integrity: Integrity check passed.
ipx::save_core [ipx::current_core]
ipx::move_temp_component_back -component [ipx::current_core]
close_project -delete
update_ip_catalog -rebuild -repo_path c:/Users/curti/OneDrive/Documents/UIUC/ECE-385/Vivado_Projects/ip_repo/hdmi_text_controller_1_0
INFO: [IP_Flow 19-725] Reloaded user IP repository 'c:/Users/curti/OneDrive/Documents/UIUC/ECE-385/Vivado_Projects/ip_repo/hdmi_text_controller_1_0'
ipx::edit_ip_in_project -upgrade true -name hdmi_text_controller_v1_0_project -directory C:/Users/curti/OneDrive/Documents/UIUC/ECE-385/Vivado_Projects/lab7_1/lab7_1.tmp/hdmi_text_controller_v1_0_project c:/Users/curti/OneDrive/Documents/UIUC/ECE-385/Vivado_Projects/ip_repo/hdmi_text_controller_1_0/component.xml
INFO: [ProjectBase 1-489] The host OS only allows 260 characters in a normal path. The project is stored in a path with more than 80 characters. If you experience issues with IP, Block Designs, or files not being found, please consider moving the project to a location with a shorter path. Alternately consider using the OS subst command to map part of the path to a drive letter.
Current project path is 'c:/users/curti/onedrive/documents/uiuc/ece-385/vivado_projects/lab7_1/lab7_1.tmp/hdmi_text_controller_v1_0_project'
INFO: [IP_Flow 19-234] Refreshing IP repositories
INFO: [IP_Flow 19-1704] No user IP repositories specified
INFO: [IP_Flow 19-2313] Loaded Vivado IP repository 'C:/Xilinx/Vivado/2022.2/data/ip'.
WARNING: [Board 49-26] cannot add Board Part xilinx.com:ac701:part0:1.4 available at C:/Xilinx/Vivado/2022.2/data/xhub/boards/XilinxBoardStore/boards/Xilinx/ac701/1.4/board.xml as part xc7a200tfbg676-2 specified in board_part file is either invalid or not available
WARNING: [Board 49-26] cannot add Board Part xilinx.com:k26c:part0:1.2 available at C:/Xilinx/Vivado/2022.2/data/xhub/boards/XilinxBoardStore/boards/Xilinx/k26c/1.2/board.xml as part xck26-sfvc784-2lv-c specified in board_part file is either invalid or not available
WARNING: [Board 49-26] cannot add Board Part xilinx.com:k26c:part0:1.3 available at C:/Xilinx/Vivado/2022.2/data/xhub/boards/XilinxBoardStore/boards/Xilinx/k26c/1.3/board.xml as part xck26-sfvc784-2lv-c specified in board_part file is either invalid or not available
WARNING: [Board 49-26] cannot add Board Part xilinx.com:k26c:part0:1.4 available at C:/Xilinx/Vivado/2022.2/data/xhub/boards/XilinxBoardStore/boards/Xilinx/k26c/1.4/board.xml as part xck26-sfvc784-2lv-c specified in board_part file is either invalid or not available
WARNING: [Board 49-26] cannot add Board Part xilinx.com:k26i:part0:1.2 available at C:/Xilinx/Vivado/2022.2/data/xhub/boards/XilinxBoardStore/boards/Xilinx/k26i/1.2/board.xml as part xck26-sfvc784-2lvi-i specified in board_part file is either invalid or not available
WARNING: [Board 49-26] cannot add Board Part xilinx.com:k26i:part0:1.3 available at C:/Xilinx/Vivado/2022.2/data/xhub/boards/XilinxBoardStore/boards/Xilinx/k26i/1.3/board.xml as part xck26-sfvc784-2lvi-i specified in board_part file is either invalid or not available
WARNING: [Board 49-26] cannot add Board Part xilinx.com:k26i:part0:1.4 available at C:/Xilinx/Vivado/2022.2/data/xhub/boards/XilinxBoardStore/boards/Xilinx/k26i/1.4/board.xml as part xck26-sfvc784-2lvi-i specified in board_part file is either invalid or not available
WARNING: [Board 49-26] cannot add Board Part xilinx.com:kc705:part0:1.6 available at C:/Xilinx/Vivado/2022.2/data/xhub/boards/XilinxBoardStore/boards/Xilinx/kc705/1.6/board.xml as part xc7k325tffg900-2 specified in board_part file is either invalid or not available
WARNING: [Board 49-26] cannot add Board Part xilinx.com:kcu105:part0:1.6 available at C:/Xilinx/Vivado/2022.2/data/xhub/boards/XilinxBoardStore/boards/Xilinx/kcu105/1.6/board.xml as part xcku040-ffva1156-2-e specified in board_part file is either invalid or not available
WARNING: [Board 49-26] cannot add Board Part xilinx.com:kcu105:part0:1.7 available at C:/Xilinx/Vivado/2022.2/data/xhub/boards/XilinxBoardStore/boards/Xilinx/kcu105/1.7/board.xml as part xcku040-ffva1156-2-e specified in board_part file is either invalid or not available
WARNING: [Board 49-26] cannot add Board Part xilinx.com:kcu116:part0:1.4 available at C:/Xilinx/Vivado/2022.2/data/xhub/boards/XilinxBoardStore/boards/Xilinx/kcu116/1.4/board.xml as part xcku5p-ffvb676-2-e specified in board_part file is either invalid or not available
WARNING: [Board 49-26] cannot add Board Part xilinx.com:kcu116:part0:1.5 available at C:/Xilinx/Vivado/2022.2/data/xhub/boards/XilinxBoardStore/boards/Xilinx/kcu116/1.5/board.xml as part xcku5p-ffvb676-2-e specified in board_part file is either invalid or not available
WARNING: [Board 49-26] cannot add Board Part xilinx.com:kcu1500:part0:1.2 available at C:/Xilinx/Vivado/2022.2/data/xhub/boards/XilinxBoardStore/boards/Xilinx/kcu1500/1.2/board.xml as part xcku115-flvb2104-2-e specified in board_part file is either invalid or not available
WARNING: [Board 49-26] cannot add Board Part xilinx.com:kr260_som:part0:1.0 available at C:/Xilinx/Vivado/2022.2/data/xhub/boards/XilinxBoardStore/boards/Xilinx/kr260_som/1.0/board.xml as part xck26-sfvc784-2lv-c specified in board_part file is either invalid or not available
WARNING: [Board 49-26] cannot add Board Part xilinx.com:kr260_som:part0:1.1 available at C:/Xilinx/Vivado/2022.2/data/xhub/boards/XilinxBoardStore/boards/Xilinx/kr260_som/1.1/board.xml as part xck26-sfvc784-2lv-c specified in board_part file is either invalid or not available
WARNING: [Board 49-26] cannot add Board Part xilinx.com:kv260_som:part0:1.2 available at C:/Xilinx/Vivado/2022.2/data/xhub/boards/XilinxBoardStore/boards/Xilinx/kv260_som/1.2/board.xml as part xck26-sfvc784-2lv-c specified in board_part file is either invalid or not available
WARNING: [Board 49-26] cannot add Board Part xilinx.com:kv260_som:part0:1.3 available at C:/Xilinx/Vivado/2022.2/data/xhub/boards/XilinxBoardStore/boards/Xilinx/kv260_som/1.3/board.xml as part xck26-sfvc784-2lv-c specified in board_part file is either invalid or not available
WARNING: [Board 49-26] cannot add Board Part xilinx.com:kv260_som:part0:1.4 available at C:/Xilinx/Vivado/2022.2/data/xhub/boards/XilinxBoardStore/boards/Xilinx/kv260_som/1.4/board.xml as part xck26-sfvc784-2lv-c specified in board_part file is either invalid or not available
WARNING: [Board 49-26] cannot add Board Part xilinx.com:vc707:part0:1.4 available at C:/Xilinx/Vivado/2022.2/data/xhub/boards/XilinxBoardStore/boards/Xilinx/vc707/1.4/board.xml as part xc7vx485tffg1761-2 specified in board_part file is either invalid or not available
WARNING: [Board 49-26] cannot add Board Part xilinx.com:vc709:part0:1.8 available at C:/Xilinx/Vivado/2022.2/data/xhub/boards/XilinxBoardStore/boards/Xilinx/vc709/1.8/board.xml as part xc7vx690tffg1761-2 specified in board_part file is either invalid or not available
WARNING: [Board 49-26] cannot add Board Part xilinx.com:vck190:part0:2.2 available at C:/Xilinx/Vivado/2022.2/data/xhub/boards/XilinxBoardStore/boards/Xilinx/vck190/production/2.2/board.xml as part xcvc1902-vsva2197-2mp-e-s specified in board_part file is either invalid or not available
WARNING: [Board 49-26] cannot add Board Part xilinx.com:vck190:part0:3.0 available at C:/Xilinx/Vivado/2022.2/data/xhub/boards/XilinxBoardStore/boards/Xilinx/vck190/production/3.0/board.xml as part xcvc1902-vsva2197-2mp-e-s specified in board_part file is either invalid or not available
WARNING: [Board 49-26] cannot add Board Part xilinx.com:vck190:part0:3.1 available at C:/Xilinx/Vivado/2022.2/data/xhub/boards/XilinxBoardStore/boards/Xilinx/vck190/production/3.1/board.xml as part xcvc1902-vsva2197-2mp-e-s specified in board_part file is either invalid or not available
WARNING: [Board 49-26] cannot add Board Part xilinx.com:vck190_newl:part0:1.0 available at C:/Xilinx/Vivado/2022.2/data/xhub/boards/XilinxBoardStore/boards/Xilinx/vck190_newl/production/1.0/board.xml as part xcvc1902-vsva2197-2mp-e-s specified in board_part file is either invalid or not available
WARNING: [Board 49-26] cannot add Board Part xilinx.com:vcu108:part0:1.6 available at C:/Xilinx/Vivado/2022.2/data/xhub/boards/XilinxBoardStore/boards/Xilinx/vcu108/1.6/board.xml as part xcvu095-ffva2104-2-e specified in board_part file is either invalid or not available
WARNING: [Board 49-26] cannot add Board Part xilinx.com:vcu108:part0:1.7 available at C:/Xilinx/Vivado/2022.2/data/xhub/boards/XilinxBoardStore/boards/Xilinx/vcu108/1.7/board.xml as part xcvu095-ffva2104-2-e specified in board_part file is either invalid or not available
WARNING: [Board 49-26] cannot add Board Part xilinx.com:vcu110:part0:1.4 available at C:/Xilinx/Vivado/2022.2/data/xhub/boards/XilinxBoardStore/boards/Xilinx/vcu110/1.4/board.xml as part xcvu190-flgc2104-2-e specified in board_part file is either invalid or not available
WARNING: [Board 49-26] cannot add Board Part xilinx.com:vcu118:part0:2.0 available at C:/Xilinx/Vivado/2022.2/data/xhub/boards/XilinxBoardStore/boards/Xilinx/vcu118/2.0/board.xml as part xcvu9p-flga2104-2l-e specified in board_part file is either invalid or not available
WARNING: [Board 49-26] cannot add Board Part xilinx.com:vcu118:part0:2.3 available at C:/Xilinx/Vivado/2022.2/data/xhub/boards/XilinxBoardStore/boards/Xilinx/vcu118/2.3/board.xml as part xcvu9p-flga2104-2l-e specified in board_part file is either invalid or not available
WARNING: [Board 49-26] cannot add Board Part xilinx.com:vcu118:part0:2.4 available at C:/Xilinx/Vivado/2022.2/data/xhub/boards/XilinxBoardStore/boards/Xilinx/vcu118/2.4/board.xml as part xcvu9p-flga2104-2l-e specified in board_part file is either invalid or not available
WARNING: [Board 49-26] cannot add Board Part xilinx.com:vcu128:part0:1.0 available at C:/Xilinx/Vivado/2022.2/data/xhub/boards/XilinxBoardStore/boards/Xilinx/vcu128/production/1.0/board.xml as part xcvu37p-fsvh2892-2l-e specified in board_part file is either invalid or not available
WARNING: [Board 49-26] cannot add Board Part xilinx.com:vcu129:part0:1.0 available at C:/Xilinx/Vivado/2022.2/data/xhub/boards/XilinxBoardStore/boards/Xilinx/vcu129/production/1.0/board.xml as part xcvu29p-fsga2577-2l-e specified in board_part file is either invalid or not available
WARNING: [Board 49-26] cannot add Board Part xilinx.com:vcu1525:part0:1.3 available at C:/Xilinx/Vivado/2022.2/data/xhub/boards/XilinxBoardStore/boards/Xilinx/vcu1525/1.3/board.xml as part xcvu9p-fsgd2104-2l-e specified in board_part file is either invalid or not available
WARNING: [Board 49-26] cannot add Board Part xilinx.com:vek280_es:part0:1.0 available at C:/Xilinx/Vivado/2022.2/data/xhub/boards/XilinxBoardStore/boards/Xilinx/vek280/es/1.0/board.xml as part xcve2802-vsvh1760-2lp-e-s-es1 specified in board_part file is either invalid or not available
WARNING: [Board 49-26] cannot add Board Part xilinx.com:vermeo_t1_mpsoc:part0:1.0 available at C:/Xilinx/Vivado/2022.2/data/xhub/boards/XilinxBoardStore/boards/Xilinx/vermeo_t1_mpsoc/1.0/board.xml as part xczu19eg-ffvd1760-2l-e specified in board_part file is either invalid or not available
WARNING: [Board 49-26] cannot add Board Part xilinx.com:vermeo_t1_rfsoc:part0:1.0 available at C:/Xilinx/Vivado/2022.2/data/xhub/boards/XilinxBoardStore/boards/Xilinx/vermeo_t1_rfsoc/1.0/board.xml as part xczu21dr-ffvd1156-2l-e specified in board_part file is either invalid or not available
WARNING: [Board 49-26] cannot add Board Part xilinx.com:vhk158_es:part0:1.0 available at C:/Xilinx/Vivado/2022.2/data/xhub/boards/XilinxBoardStore/boards/Xilinx/vhk158/es/1.0/board.xml as part xcvh1582-vsva3697-2mp-e-s-es1 specified in board_part file is either invalid or not available
WARNING: [Board 49-26] cannot add Board Part xilinx.com:vmk180:part0:2.2 available at C:/Xilinx/Vivado/2022.2/data/xhub/boards/XilinxBoardStore/boards/Xilinx/vmk180/production/2.2/board.xml as part xcvm1802-vsva2197-2mp-e-s specified in board_part file is either invalid or not available
WARNING: [Board 49-26] cannot add Board Part xilinx.com:vmk180:part0:3.0 available at C:/Xilinx/Vivado/2022.2/data/xhub/boards/XilinxBoardStore/boards/Xilinx/vmk180/production/3.0/board.xml as part xcvm1802-vsva2197-2mp-e-s specified in board_part file is either invalid or not available
WARNING: [Board 49-26] cannot add Board Part xilinx.com:vmk180:part0:3.1 available at C:/Xilinx/Vivado/2022.2/data/xhub/boards/XilinxBoardStore/boards/Xilinx/vmk180/production/3.1/board.xml as part xcvm1802-vsva2197-2mp-e-s specified in board_part file is either invalid or not available
WARNING: [Board 49-26] cannot add Board Part xilinx.com:vmk180_newl:part0:1.0 available at C:/Xilinx/Vivado/2022.2/data/xhub/boards/XilinxBoardStore/boards/Xilinx/vmk180_newl/production/1.0/board.xml as part xcvm1802-vsva2197-2mp-e-s specified in board_part file is either invalid or not available
WARNING: [Board 49-26] cannot add Board Part xilinx.com:vpk120:part0:1.0 available at C:/Xilinx/Vivado/2022.2/data/xhub/boards/XilinxBoardStore/boards/Xilinx/vpk120/production/1.0/board.xml as part xcvp1202-vsva2785-2mp-e-s specified in board_part file is either invalid or not available
WARNING: [Board 49-26] cannot add Board Part xilinx.com:vpk120_es:part0:1.2 available at C:/Xilinx/Vivado/2022.2/data/xhub/boards/XilinxBoardStore/boards/Xilinx/vpk120/es/1.2/board.xml as part xcvp1202-vsva2785-2mp-e-s-es1 specified in board_part file is either invalid or not available
WARNING: [Board 49-26] cannot add Board Part xilinx.com:vpk120_es_revb:part0:1.0 available at C:/Xilinx/Vivado/2022.2/data/xhub/boards/XilinxBoardStore/boards/Xilinx/vpk120_revb/es/1.0/board.xml as part xcvp1202-vsva2785-2mp-e-s-es1 specified in board_part file is either invalid or not available
WARNING: [Board 49-26] cannot add Board Part xilinx.com:vpk180_es:part0:1.0 available at C:/Xilinx/Vivado/2022.2/data/xhub/boards/XilinxBoardStore/boards/Xilinx/vpk180/es/1.0/board.xml as part xcvp1802-lsvc4072-2mp-e-s-es1 specified in board_part file is either invalid or not available
WARNING: [Board 49-26] cannot add Board Part xilinx.com:zc702:part0:1.4 available at C:/Xilinx/Vivado/2022.2/data/xhub/boards/XilinxBoardStore/boards/Xilinx/zc702/1.4/board.xml as part xc7z020clg484-1 specified in board_part file is either invalid or not available
WARNING: [Board 49-26] cannot add Board Part xilinx.com:zc706:part0:1.4 available at C:/Xilinx/Vivado/2022.2/data/xhub/boards/XilinxBoardStore/boards/Xilinx/zc706/1.4/board.xml as part xc7z045ffg900-2 specified in board_part file is either invalid or not available
WARNING: [Board 49-26] cannot add Board Part xilinx.com:zcu102:part0:3.3 available at C:/Xilinx/Vivado/2022.2/data/xhub/boards/XilinxBoardStore/boards/Xilinx/zcu102/3.3/board.xml as part xczu9eg-ffvb1156-2-e specified in board_part file is either invalid or not available
WARNING: [Board 49-26] cannot add Board Part xilinx.com:zcu102:part0:3.4 available at C:/Xilinx/Vivado/2022.2/data/xhub/boards/XilinxBoardStore/boards/Xilinx/zcu102/3.4/board.xml as part xczu9eg-ffvb1156-2-e specified in board_part file is either invalid or not available
WARNING: [Board 49-26] cannot add Board Part xilinx.com:zcu104:part0:1.1 available at C:/Xilinx/Vivado/2022.2/data/xhub/boards/XilinxBoardStore/boards/Xilinx/zcu104/1.1/board.xml as part xczu7ev-ffvc1156-2-e specified in board_part file is either invalid or not available
WARNING: [Board 49-26] cannot add Board Part xilinx.com:zcu106:part0:2.4 available at C:/Xilinx/Vivado/2022.2/data/xhub/boards/XilinxBoardStore/boards/Xilinx/zcu106/2.4/board.xml as part xczu7ev-ffvc1156-2-e specified in board_part file is either invalid or not available
WARNING: [Board 49-26] cannot add Board Part xilinx.com:zcu106:part0:2.5 available at C:/Xilinx/Vivado/2022.2/data/xhub/boards/XilinxBoardStore/boards/Xilinx/zcu106/2.5/board.xml as part xczu7ev-ffvc1156-2-e specified in board_part file is either invalid or not available
WARNING: [Board 49-26] cannot add Board Part xilinx.com:zcu106:part0:2.6 available at C:/Xilinx/Vivado/2022.2/data/xhub/boards/XilinxBoardStore/boards/Xilinx/zcu106/2.6/board.xml as part xczu7ev-ffvc1156-2-e specified in board_part file is either invalid or not available
WARNING: [Board 49-26] cannot add Board Part xilinx.com:zcu111:part0:1.2 available at C:/Xilinx/Vivado/2022.2/data/xhub/boards/XilinxBoardStore/boards/Xilinx/zcu111/1.2/board.xml as part xczu28dr-ffvg1517-2-e specified in board_part file is either invalid or not available
WARNING: [Board 49-26] cannot add Board Part xilinx.com:zcu111:part0:1.3 available at C:/Xilinx/Vivado/2022.2/data/xhub/boards/XilinxBoardStore/boards/Xilinx/zcu111/1.3/board.xml as part xczu28dr-ffvg1517-2-e specified in board_part file is either invalid or not available
WARNING: [Board 49-26] cannot add Board Part xilinx.com:zcu111:part0:1.4 available at C:/Xilinx/Vivado/2022.2/data/xhub/boards/XilinxBoardStore/boards/Xilinx/zcu111/1.4/board.xml as part xczu28dr-ffvg1517-2-e specified in board_part file is either invalid or not available
WARNING: [Board 49-26] cannot add Board Part xilinx.com:zcu1275:part0:1.0 available at C:/Xilinx/Vivado/2022.2/data/xhub/boards/XilinxBoardStore/boards/Xilinx/zcu1275/1.0/board.xml as part xczu29dr-ffvf1760-2-e specified in board_part file is either invalid or not available
WARNING: [Board 49-26] cannot add Board Part xilinx.com:zcu1285:part0:1.0 available at C:/Xilinx/Vivado/2022.2/data/xhub/boards/XilinxBoardStore/boards/Xilinx/zcu1285/1.0/board.xml as part xczu39dr-ffvf1760-2-i specified in board_part file is either invalid or not available
WARNING: [Board 49-26] cannot add Board Part xilinx.com:zcu208:part0:2.0 available at C:/Xilinx/Vivado/2022.2/data/xhub/boards/XilinxBoardStore/boards/Xilinx/zcu208/production/2.0/board.xml as part xczu48dr-fsvg1517-2-e specified in board_part file is either invalid or not available
WARNING: [Board 49-26] cannot add Board Part xilinx.com:zcu208ld:part0:2.0 available at C:/Xilinx/Vivado/2022.2/data/xhub/boards/XilinxBoardStore/boards/Xilinx/zcu208ld/production/2.0/board.xml as part xczu58dr-fsvg1517-2-i specified in board_part file is either invalid or not available
WARNING: [Board 49-26] cannot add Board Part xilinx.com:zcu216:part0:2.0 available at C:/Xilinx/Vivado/2022.2/data/xhub/boards/XilinxBoardStore/boards/Xilinx/zcu216/production/2.0/board.xml as part xczu49dr-ffvf1760-2-e specified in board_part file is either invalid or not available
WARNING: [Board 49-26] cannot add Board Part xilinx.com:zcu216ld:part0:2.0 available at C:/Xilinx/Vivado/2022.2/data/xhub/boards/XilinxBoardStore/boards/Xilinx/zcu216ld/production/2.0/board.xml as part xczu59dr-ffvf1760-2-i specified in board_part file is either invalid or not available
WARNING: [Board 49-26] cannot add Board Part xilinx.com:zcu670:part0:2.0 available at C:/Xilinx/Vivado/2022.2/data/xhub/boards/XilinxBoardStore/boards/Xilinx/zcu670/2.0/board.xml as part xczu67dr-fsve1156-2-i specified in board_part file is either invalid or not available
WARNING: [Board 49-26] cannot add Board Part xilinx.com:zcu670ld:part0:1.0 available at C:/Xilinx/Vivado/2022.2/data/xhub/boards/XilinxBoardStore/boards/Xilinx/zcu670ld/1.0/board.xml as part xczu57dr-fsve1156-2-i specified in board_part file is either invalid or not available
INFO: [IP_Flow 19-234] Refreshing IP repositories
INFO: [IP_Flow 19-1700] Loaded user IP repository 'c:/Users/curti/OneDrive/Documents/UIUC/ECE-385/Vivado_Projects/ip_repo/hdmi_text_controller_1_0'.
INFO: [IP_Flow 19-1700] Loaded user IP repository 'c:/Users/curti/OneDrive/Documents/UIUC/ECE-385/Vivado_Projects/lab7_1/lab7_1_provided_fa24/hdmi_tx_1.0'.
INFO: [IP_Flow 19-795] Syncing license key meta-data
update_compile_order -fileset sources_1
add_files -norecurse -scan_for_includes C:/Users/curti/OneDrive/Documents/UIUC/ECE-385/Vivado_Projects/lab7_1/lab7_1_provided_fa24/hdmi_text_controller_v1_0.sv
update_compile_order -fileset sources_1
export_ip_user_files -of_objects  [get_files c:/Users/curti/OneDrive/Documents/UIUC/ECE-385/Vivado_Projects/ip_repo/hdmi_text_controller_1_0/src/hdmi_text_controller_v1_0.sv] -no_script -reset -force -quiet
remove_files  c:/Users/curti/OneDrive/Documents/UIUC/ECE-385/Vivado_Projects/ip_repo/hdmi_text_controller_1_0/src/hdmi_text_controller_v1_0.sv
update_compile_order -fileset sources_1
create_ip -name clk_wiz -vendor xilinx.com -library ip -version 6.0 -module_name clk_wiz_0 -dir c:/Users/curti/OneDrive/Documents/UIUC/ECE-385/Vivado_Projects/ip_repo/hdmi_text_controller_1_0/src
set_property -dict [list \
  CONFIG.CLKOUT1_JITTER {175.402} \
  CONFIG.CLKOUT1_PHASE_ERROR {98.575} \
  CONFIG.CLKOUT1_REQUESTED_OUT_FREQ {25} \
  CONFIG.CLKOUT2_JITTER {125.247} \
  CONFIG.CLKOUT2_PHASE_ERROR {98.575} \
  CONFIG.CLKOUT2_REQUESTED_OUT_FREQ {125} \
  CONFIG.CLKOUT2_USED {true} \
  CONFIG.MMCM_CLKFBOUT_MULT_F {10.000} \
  CONFIG.MMCM_CLKOUT0_DIVIDE_F {40.000} \
  CONFIG.MMCM_CLKOUT1_DIVIDE {8} \
  CONFIG.NUM_OUT_CLKS {2} \
] [get_ips clk_wiz_0]
generate_target {instantiation_template} [get_files c:/Users/curti/OneDrive/Documents/UIUC/ECE-385/Vivado_Projects/ip_repo/hdmi_text_controller_1_0/src/clk_wiz_0_2/clk_wiz_0.xci]
INFO: [IP_Flow 19-1686] Generating 'Instantiation Template' target for IP 'clk_wiz_0'...
generate_target all [get_files  c:/Users/curti/OneDrive/Documents/UIUC/ECE-385/Vivado_Projects/ip_repo/hdmi_text_controller_1_0/src/clk_wiz_0_2/clk_wiz_0.xci]
INFO: [IP_Flow 19-1686] Generating 'Synthesis' target for IP 'clk_wiz_0'...
INFO: [IP_Flow 19-1686] Generating 'Simulation' target for IP 'clk_wiz_0'...
INFO: [IP_Flow 19-1686] Generating 'Implementation' target for IP 'clk_wiz_0'...
INFO: [IP_Flow 19-1686] Generating 'Change Log' target for IP 'clk_wiz_0'...
catch { config_ip_cache -export [get_ips -all clk_wiz_0] }
INFO: [IP_Flow 19-6924] IPCACHE: Running cache check for IP inst: clk_wiz_0
export_ip_user_files -of_objects [get_files c:/Users/curti/OneDrive/Documents/UIUC/ECE-385/Vivado_Projects/ip_repo/hdmi_text_controller_1_0/src/clk_wiz_0_2/clk_wiz_0.xci] -no_script -sync -force -quiet
create_ip_run [get_files -of_objects [get_fileset sources_1] c:/Users/curti/OneDrive/Documents/UIUC/ECE-385/Vivado_Projects/ip_repo/hdmi_text_controller_1_0/src/clk_wiz_0_2/clk_wiz_0.xci]
launch_runs clk_wiz_0_synth_1 -jobs 10
INFO: [IP_Flow 19-6924] IPCACHE: Running cache check for IP inst: clk_wiz_0
[Thu Oct 31 16:05:37 2024] Launched clk_wiz_0_synth_1...
Run output will be captured here: c:/users/curti/onedrive/documents/uiuc/ece-385/vivado_projects/lab7_1/lab7_1.tmp/hdmi_text_controller_v1_0_project/hdmi_text_controller_v1_0_project.runs/clk_wiz_0_synth_1/runme.log
export_simulation -of_objects [get_files c:/Users/curti/OneDrive/Documents/UIUC/ECE-385/Vivado_Projects/ip_repo/hdmi_text_controller_1_0/src/clk_wiz_0_2/clk_wiz_0.xci] -directory c:/users/curti/onedrive/documents/uiuc/ece-385/vivado_projects/lab7_1/lab7_1.tmp/hdmi_text_controller_v1_0_project/hdmi_text_controller_v1_0_project.ip_user_files/sim_scripts -ip_user_files_dir c:/users/curti/onedrive/documents/uiuc/ece-385/vivado_projects/lab7_1/lab7_1.tmp/hdmi_text_controller_v1_0_project/hdmi_text_controller_v1_0_project.ip_user_files -ipstatic_source_dir c:/users/curti/onedrive/documents/uiuc/ece-385/vivado_projects/lab7_1/lab7_1.tmp/hdmi_text_controller_v1_0_project/hdmi_text_controller_v1_0_project.ip_user_files/ipstatic -lib_map_path [list {modelsim=c:/users/curti/onedrive/documents/uiuc/ece-385/vivado_projects/lab7_1/lab7_1.tmp/hdmi_text_controller_v1_0_project/hdmi_text_controller_v1_0_project.cache/compile_simlib/modelsim} {questa=c:/users/curti/onedrive/documents/uiuc/ece-385/vivado_projects/lab7_1/lab7_1.tmp/hdmi_text_controller_v1_0_project/hdmi_text_controller_v1_0_project.cache/compile_simlib/questa} {riviera=c:/users/curti/onedrive/documents/uiuc/ece-385/vivado_projects/lab7_1/lab7_1.tmp/hdmi_text_controller_v1_0_project/hdmi_text_controller_v1_0_project.cache/compile_simlib/riviera} {activehdl=c:/users/curti/onedrive/documents/uiuc/ece-385/vivado_projects/lab7_1/lab7_1.tmp/hdmi_text_controller_v1_0_project/hdmi_text_controller_v1_0_project.cache/compile_simlib/activehdl}] -use_ip_compiled_libs -force -quiet
add_files -norecurse -scan_for_includes C:/Users/curti/OneDrive/Documents/UIUC/ECE-385/Vivado_Projects/lab7_1/lab7_1_provided_fa24/VGA_controller.sv
update_compile_order -fileset sources_1
create_ip -name hdmi_tx -vendor realdigital.org -library realdigital -version 1.0 -module_name hdmi_tx_0 -dir c:/Users/curti/OneDrive/Documents/UIUC/ECE-385/Vivado_Projects/ip_repo/hdmi_text_controller_1_0/src
set_property -dict [list \
  CONFIG.C_BLUE_WIDTH {4} \
  CONFIG.C_GREEN_WIDTH {4} \
  CONFIG.C_RED_WIDTH {4} \
  CONFIG.MODE {HDMI} \
] [get_ips hdmi_tx_0]
generate_target {instantiation_template} [get_files c:/Users/curti/OneDrive/Documents/UIUC/ECE-385/Vivado_Projects/ip_repo/hdmi_text_controller_1_0/src/hdmi_tx_0_2/hdmi_tx_0.xci]
INFO: [IP_Flow 19-1686] Generating 'Instantiation Template' target for IP 'hdmi_tx_0'...
generate_target all [get_files  c:/Users/curti/OneDrive/Documents/UIUC/ECE-385/Vivado_Projects/ip_repo/hdmi_text_controller_1_0/src/hdmi_tx_0_2/hdmi_tx_0.xci]
INFO: [IP_Flow 19-1686] Generating 'Synthesis' target for IP 'hdmi_tx_0'...
INFO: [IP_Flow 19-1686] Generating 'Simulation' target for IP 'hdmi_tx_0'...
catch { config_ip_cache -export [get_ips -all hdmi_tx_0] }
INFO: [IP_Flow 19-6924] IPCACHE: Running cache check for IP inst: hdmi_tx_0
export_ip_user_files -of_objects [get_files c:/Users/curti/OneDrive/Documents/UIUC/ECE-385/Vivado_Projects/ip_repo/hdmi_text_controller_1_0/src/hdmi_tx_0_2/hdmi_tx_0.xci] -no_script -sync -force -quiet
create_ip_run [get_files -of_objects [get_fileset sources_1] c:/Users/curti/OneDrive/Documents/UIUC/ECE-385/Vivado_Projects/ip_repo/hdmi_text_controller_1_0/src/hdmi_tx_0_2/hdmi_tx_0.xci]
launch_runs hdmi_tx_0_synth_1 -jobs 10
INFO: [IP_Flow 19-6924] IPCACHE: Running cache check for IP inst: hdmi_tx_0
[Thu Oct 31 16:06:15 2024] Launched hdmi_tx_0_synth_1...
Run output will be captured here: c:/users/curti/onedrive/documents/uiuc/ece-385/vivado_projects/lab7_1/lab7_1.tmp/hdmi_text_controller_v1_0_project/hdmi_text_controller_v1_0_project.runs/hdmi_tx_0_synth_1/runme.log
export_simulation -of_objects [get_files c:/Users/curti/OneDrive/Documents/UIUC/ECE-385/Vivado_Projects/ip_repo/hdmi_text_controller_1_0/src/hdmi_tx_0_2/hdmi_tx_0.xci] -directory c:/users/curti/onedrive/documents/uiuc/ece-385/vivado_projects/lab7_1/lab7_1.tmp/hdmi_text_controller_v1_0_project/hdmi_text_controller_v1_0_project.ip_user_files/sim_scripts -ip_user_files_dir c:/users/curti/onedrive/documents/uiuc/ece-385/vivado_projects/lab7_1/lab7_1.tmp/hdmi_text_controller_v1_0_project/hdmi_text_controller_v1_0_project.ip_user_files -ipstatic_source_dir c:/users/curti/onedrive/documents/uiuc/ece-385/vivado_projects/lab7_1/lab7_1.tmp/hdmi_text_controller_v1_0_project/hdmi_text_controller_v1_0_project.ip_user_files/ipstatic -lib_map_path [list {modelsim=c:/users/curti/onedrive/documents/uiuc/ece-385/vivado_projects/lab7_1/lab7_1.tmp/hdmi_text_controller_v1_0_project/hdmi_text_controller_v1_0_project.cache/compile_simlib/modelsim} {questa=c:/users/curti/onedrive/documents/uiuc/ece-385/vivado_projects/lab7_1/lab7_1.tmp/hdmi_text_controller_v1_0_project/hdmi_text_controller_v1_0_project.cache/compile_simlib/questa} {riviera=c:/users/curti/onedrive/documents/uiuc/ece-385/vivado_projects/lab7_1/lab7_1.tmp/hdmi_text_controller_v1_0_project/hdmi_text_controller_v1_0_project.cache/compile_simlib/riviera} {activehdl=c:/users/curti/onedrive/documents/uiuc/ece-385/vivado_projects/lab7_1/lab7_1.tmp/hdmi_text_controller_v1_0_project/hdmi_text_controller_v1_0_project.cache/compile_simlib/activehdl}] -use_ip_compiled_libs -force -quiet
set_property -name {xsim.simulate.runtime} -value {all} -objects [get_filesets sim_1]
set_property dataflow_viewer_settings "min_width=16"   [current_fileset]
WARNING: [filemgmt 56-199] Attempt to get parsing info during refresh. "On-the-fly" syntax checking information may be incorrect. [c:\Users\curti\OneDrive\Documents\UIUC\ECE-385\Vivado_Projects\lab7_1\lab7_1_provided_fa24\hdmi_text_controller_v1_0_tb.sv:]
WARNING: [filemgmt 56-199] Attempt to get parsing info during refresh. "On-the-fly" syntax checking information may be incorrect. [c:\Users\curti\OneDrive\Documents\UIUC\ECE-385\Vivado_Projects\ip_repo\hdmi_text_controller_1_0\src\hdmi_text_controller_v1_0.sv:]
WARNING: [filemgmt 56-199] Attempt to get parsing info during refresh. "On-the-fly" syntax checking information may be incorrect. [C:\Users\curti\OneDrive\Documents\UIUC\ECE-385\Vivado_Projects\lab7_1\lab7_1_provided_fa24\hdmi_text_controller_v1_0.sv:]
set_property library xil_defaultlib [get_files]
launch_simulation
Command: launch_simulation 
INFO: [Vivado 12-12493] Simulation top is 'hdmi_text_controller_tb'
WARNING: [Vivado 12-13340] Unable to auto find GCC executables from simulator install path! (path not set)
WARNING: [Vivado 12-13277] Compiled library path does not exist: ''
INFO: [Vivado 12-5698] Checking validity of IPs in the design for the 'XSim' simulator...
INFO: [Vivado 12-5682] Launching behavioral simulation in 'c:/users/curti/onedrive/documents/uiuc/ece-385/vivado_projects/lab7_1/lab7_1.tmp/hdmi_text_controller_v1_0_project/hdmi_text_controller_v1_0_project.sim/sim_1/behav/xsim'
INFO: [Vivado 12-4795] Using compiled simulation libraries for IPs
INFO: [SIM-utils-51] Simulation object is 'sim_1'
INFO: [SIM-utils-72] Using boost library from 'C:/Xilinx/Vivado/2022.2/tps/boost_1_72_0'
INFO: [USF-XSim-7] Finding pre-compiled libraries...
INFO: [USF-XSim-11] File 'C:/Xilinx/Vivado/2022.2/data/xsim/xsim.ini' copied to run dir:'c:/users/curti/onedrive/documents/uiuc/ece-385/vivado_projects/lab7_1/lab7_1.tmp/hdmi_text_controller_v1_0_project/hdmi_text_controller_v1_0_project.sim/sim_1/behav/xsim'
INFO: [SIM-utils-54] Inspecting design source files for 'hdmi_text_controller_tb' in fileset 'sim_1'...
INFO: [USF-XSim-97] Finding global include files...
INFO: [USF-XSim-98] Fetching design files from 'sim_1'...
INFO: [USF-XSim-2] XSim::Compile design
INFO: [USF-XSim-61] Executing 'COMPILE and ANALYZE' step in 'c:/users/curti/onedrive/documents/uiuc/ece-385/vivado_projects/lab7_1/lab7_1.tmp/hdmi_text_controller_v1_0_project/hdmi_text_controller_v1_0_project.sim/sim_1/behav/xsim'
"xvlog --incr --relax -L uvm -prj hdmi_text_controller_tb_vlog.prj"
INFO: [VRFC 10-2263] Analyzing Verilog file "c:/Users/curti/OneDrive/Documents/UIUC/ECE-385/Vivado_Projects/ip_repo/hdmi_text_controller_1_0/src/hdmi_tx_0_2/hdl/encode.v" into library xil_defaultlib
INFO: [VRFC 10-311] analyzing module encode
INFO: [VRFC 10-2263] Analyzing Verilog file "c:/Users/curti/OneDrive/Documents/UIUC/ECE-385/Vivado_Projects/ip_repo/hdmi_text_controller_1_0/src/hdmi_tx_0_2/hdl/serdes_10_to_1.v" into library xil_defaultlib
INFO: [VRFC 10-311] analyzing module serdes_10_to_1
INFO: [VRFC 10-2263] Analyzing Verilog file "c:/Users/curti/OneDrive/Documents/UIUC/ECE-385/Vivado_Projects/ip_repo/hdmi_text_controller_1_0/src/hdmi_tx_0_2/hdl/srldelay.v" into library xil_defaultlib
INFO: [VRFC 10-311] analyzing module srldelay
INFO: [VRFC 10-2263] Analyzing Verilog file "c:/Users/curti/OneDrive/Documents/UIUC/ECE-385/Vivado_Projects/ip_repo/hdmi_text_controller_1_0/src/hdmi_tx_0_2/hdl/hdmi_tx_v1_0.v" into library xil_defaultlib
INFO: [VRFC 10-311] analyzing module hdmi_tx_v1_0
INFO: [VRFC 10-2263] Analyzing Verilog file "c:/Users/curti/OneDrive/Documents/UIUC/ECE-385/Vivado_Projects/ip_repo/hdmi_text_controller_1_0/src/hdmi_tx_0_2/sim/hdmi_tx_0.v" into library xil_defaultlib
INFO: [VRFC 10-311] analyzing module hdmi_tx_0
INFO: [VRFC 10-2263] Analyzing Verilog file "c:/Users/curti/OneDrive/Documents/UIUC/ECE-385/Vivado_Projects/ip_repo/hdmi_text_controller_1_0/src/clk_wiz_0_2/clk_wiz_0_clk_wiz.v" into library xil_defaultlib
INFO: [VRFC 10-311] analyzing module clk_wiz_0_clk_wiz
INFO: [VRFC 10-2263] Analyzing Verilog file "c:/Users/curti/OneDrive/Documents/UIUC/ECE-385/Vivado_Projects/ip_repo/hdmi_text_controller_1_0/src/clk_wiz_0_2/clk_wiz_0.v" into library xil_defaultlib
INFO: [VRFC 10-311] analyzing module clk_wiz_0
INFO: [VRFC 10-2263] Analyzing SystemVerilog file "c:/Users/curti/OneDrive/Documents/UIUC/ECE-385/Vivado_Projects/lab7_1/lab7_1_provided_fa24/VGA_controller.sv" into library xil_defaultlib
INFO: [VRFC 10-311] analyzing module vga_controller
INFO: [VRFC 10-2263] Analyzing SystemVerilog file "c:/Users/curti/OneDrive/Documents/UIUC/ECE-385/Vivado_Projects/lab7_1/lab7_1_provided_fa24/hdmi_text_controller_v1_0.sv" into library xil_defaultlib
INFO: [VRFC 10-311] analyzing module hdmi_text_controller_v1_0
ERROR: [VRFC 10-2989] 'reset_rtl_0' is not declared [c:/Users/curti/OneDrive/Documents/UIUC/ECE-385/Vivado_Projects/lab7_1/lab7_1_provided_fa24/hdmi_text_controller_v1_0.sv:58]
ERROR: [VRFC 10-8530] module 'hdmi_text_controller_v1_0' is ignored due to previous errors [c:/Users/curti/OneDrive/Documents/UIUC/ECE-385/Vivado_Projects/lab7_1/lab7_1_provided_fa24/hdmi_text_controller_v1_0.sv:10]
INFO: [USF-XSim-69] 'compile' step finished in '1' seconds
INFO: [USF-XSim-99] Step results log file:'C:/Users/curti/OneDrive/Documents/UIUC/ECE-385/Vivado_Projects/lab7_1/lab7_1.tmp/hdmi_text_controller_v1_0_project/hdmi_text_controller_v1_0_project.sim/sim_1/behav/xsim/xvlog.log'
ERROR: [USF-XSim-62] 'compile' step failed with error(s). Please check the Tcl console output or 'C:/Users/curti/OneDrive/Documents/UIUC/ECE-385/Vivado_Projects/lab7_1/lab7_1.tmp/hdmi_text_controller_v1_0_project/hdmi_text_controller_v1_0_project.sim/sim_1/behav/xsim/xvlog.log' file for more information.
ERROR: [Vivado 12-4473] Detected error while running simulation. Please correct the issue and retry this operation.
ERROR: [Common 17-39] 'launch_simulation' failed due to earlier errors.
launch_simulation
Command: launch_simulation 
INFO: [Vivado 12-12493] Simulation top is 'hdmi_text_controller_tb'
WARNING: [Vivado 12-13340] Unable to auto find GCC executables from simulator install path! (path not set)
WARNING: [Vivado 12-13277] Compiled library path does not exist: ''
INFO: [Vivado 12-5698] Checking validity of IPs in the design for the 'XSim' simulator...
INFO: [Vivado 12-5682] Launching behavioral simulation in 'c:/users/curti/onedrive/documents/uiuc/ece-385/vivado_projects/lab7_1/lab7_1.tmp/hdmi_text_controller_v1_0_project/hdmi_text_controller_v1_0_project.sim/sim_1/behav/xsim'
INFO: [Vivado 12-4795] Using compiled simulation libraries for IPs
INFO: [SIM-utils-51] Simulation object is 'sim_1'
INFO: [SIM-utils-72] Using boost library from 'C:/Xilinx/Vivado/2022.2/tps/boost_1_72_0'
INFO: [USF-XSim-7] Finding pre-compiled libraries...
INFO: [USF-XSim-11] File 'C:/Xilinx/Vivado/2022.2/data/xsim/xsim.ini' copied to run dir:'c:/users/curti/onedrive/documents/uiuc/ece-385/vivado_projects/lab7_1/lab7_1.tmp/hdmi_text_controller_v1_0_project/hdmi_text_controller_v1_0_project.sim/sim_1/behav/xsim'
INFO: [SIM-utils-54] Inspecting design source files for 'hdmi_text_controller_tb' in fileset 'sim_1'...
INFO: [USF-XSim-97] Finding global include files...
INFO: [USF-XSim-98] Fetching design files from 'sim_1'...
INFO: [USF-XSim-2] XSim::Compile design
INFO: [USF-XSim-61] Executing 'COMPILE and ANALYZE' step in 'c:/users/curti/onedrive/documents/uiuc/ece-385/vivado_projects/lab7_1/lab7_1.tmp/hdmi_text_controller_v1_0_project/hdmi_text_controller_v1_0_project.sim/sim_1/behav/xsim'
"xvlog --incr --relax -L uvm -prj hdmi_text_controller_tb_vlog.prj"
INFO: [VRFC 10-2263] Analyzing Verilog file "c:/Users/curti/OneDrive/Documents/UIUC/ECE-385/Vivado_Projects/ip_repo/hdmi_text_controller_1_0/src/hdmi_tx_0_2/hdl/encode.v" into library xil_defaultlib
INFO: [VRFC 10-311] analyzing module encode
INFO: [VRFC 10-2263] Analyzing Verilog file "c:/Users/curti/OneDrive/Documents/UIUC/ECE-385/Vivado_Projects/ip_repo/hdmi_text_controller_1_0/src/hdmi_tx_0_2/hdl/serdes_10_to_1.v" into library xil_defaultlib
INFO: [VRFC 10-311] analyzing module serdes_10_to_1
INFO: [VRFC 10-2263] Analyzing Verilog file "c:/Users/curti/OneDrive/Documents/UIUC/ECE-385/Vivado_Projects/ip_repo/hdmi_text_controller_1_0/src/hdmi_tx_0_2/hdl/srldelay.v" into library xil_defaultlib
INFO: [VRFC 10-311] analyzing module srldelay
INFO: [VRFC 10-2263] Analyzing Verilog file "c:/Users/curti/OneDrive/Documents/UIUC/ECE-385/Vivado_Projects/ip_repo/hdmi_text_controller_1_0/src/hdmi_tx_0_2/hdl/hdmi_tx_v1_0.v" into library xil_defaultlib
INFO: [VRFC 10-311] analyzing module hdmi_tx_v1_0
INFO: [VRFC 10-2263] Analyzing Verilog file "c:/Users/curti/OneDrive/Documents/UIUC/ECE-385/Vivado_Projects/ip_repo/hdmi_text_controller_1_0/src/hdmi_tx_0_2/sim/hdmi_tx_0.v" into library xil_defaultlib
INFO: [VRFC 10-311] analyzing module hdmi_tx_0
INFO: [VRFC 10-2263] Analyzing Verilog file "c:/Users/curti/OneDrive/Documents/UIUC/ECE-385/Vivado_Projects/ip_repo/hdmi_text_controller_1_0/src/clk_wiz_0_2/clk_wiz_0_clk_wiz.v" into library xil_defaultlib
INFO: [VRFC 10-311] analyzing module clk_wiz_0_clk_wiz
INFO: [VRFC 10-2263] Analyzing Verilog file "c:/Users/curti/OneDrive/Documents/UIUC/ECE-385/Vivado_Projects/ip_repo/hdmi_text_controller_1_0/src/clk_wiz_0_2/clk_wiz_0.v" into library xil_defaultlib
INFO: [VRFC 10-311] analyzing module clk_wiz_0
INFO: [VRFC 10-2263] Analyzing SystemVerilog file "c:/Users/curti/OneDrive/Documents/UIUC/ECE-385/Vivado_Projects/lab7_1/lab7_1_provided_fa24/VGA_controller.sv" into library xil_defaultlib
INFO: [VRFC 10-311] analyzing module vga_controller
INFO: [VRFC 10-2263] Analyzing SystemVerilog file "c:/Users/curti/OneDrive/Documents/UIUC/ECE-385/Vivado_Projects/lab7_1/lab7_1_provided_fa24/hdmi_text_controller_v1_0.sv" into library xil_defaultlib
INFO: [VRFC 10-311] analyzing module hdmi_text_controller_v1_0
INFO: [VRFC 10-2263] Analyzing SystemVerilog file "c:/Users/curti/OneDrive/Documents/UIUC/ECE-385/Vivado_Projects/ip_repo/hdmi_text_controller_1_0/src/hdmi_text_controller_v1_0_AXI.sv" into library xil_defaultlib
INFO: [VRFC 10-311] analyzing module hdmi_text_controller_v1_0_AXI
INFO: [VRFC 10-2263] Analyzing SystemVerilog file "c:/Users/curti/OneDrive/Documents/UIUC/ECE-385/Vivado_Projects/lab7_1/lab7_1_provided_fa24/hdmi_text_controller_v1_0_tb.sv" into library xil_defaultlib
INFO: [VRFC 10-311] analyzing module hdmi_text_controller_tb
INFO: [VRFC 10-2263] Analyzing Verilog file "c:/Users/curti/OneDrive/Documents/UIUC/ECE-385/Vivado_Projects/lab7_1/lab7_1.tmp/hdmi_text_controller_v1_0_project/hdmi_text_controller_v1_0_project.sim/sim_1/behav/xsim/glbl.v" into library xil_defaultlib
INFO: [VRFC 10-311] analyzing module glbl
INFO: [USF-XSim-69] 'compile' step finished in '1' seconds
INFO: [USF-XSim-3] XSim::Elaborate design
INFO: [USF-XSim-61] Executing 'ELABORATE' step in 'c:/users/curti/onedrive/documents/uiuc/ece-385/vivado_projects/lab7_1/lab7_1.tmp/hdmi_text_controller_v1_0_project/hdmi_text_controller_v1_0_project.sim/sim_1/behav/xsim'
"xelab --incr --debug typical --relax --mt 2 -L xil_defaultlib -L uvm -L unisims_ver -L unimacro_ver -L secureip -L xpm --snapshot hdmi_text_controller_tb_behav xil_defaultlib.hdmi_text_controller_tb xil_defaultlib.glbl -log elaborate.log"
Vivado Simulator v2022.2
Copyright 1986-1999, 2001-2022 Xilinx, Inc. All Rights Reserved.
Running: C:/Xilinx/Vivado/2022.2/bin/unwrapped/win64.o/xelab.exe --incr --debug typical --relax --mt 2 -L xil_defaultlib -L uvm -L unisims_ver -L unimacro_ver -L secureip -L xpm --snapshot hdmi_text_controller_tb_behav xil_defaultlib.hdmi_text_controller_tb xil_defaultlib.glbl -log elaborate.log 
Using 2 slave threads.
Starting static elaboration
Pass Through NonSizing Optimizer
WARNING: [VRFC 10-3091] actual bit length 32 differs from formal bit length 16 for port 'axi_awaddr' [c:/Users/curti/OneDrive/Documents/UIUC/ECE-385/Vivado_Projects/lab7_1/lab7_1_provided_fa24/hdmi_text_controller_v1_0_tb.sv:75]
WARNING: [VRFC 10-3091] actual bit length 32 differs from formal bit length 16 for port 'axi_araddr' [c:/Users/curti/OneDrive/Documents/UIUC/ECE-385/Vivado_Projects/lab7_1/lab7_1_provided_fa24/hdmi_text_controller_v1_0_tb.sv:89]
WARNING: [VRFC 10-3091] actual bit length 1 differs from formal bit length 3 for port 'TMDS_DATA_P' [c:/Users/curti/OneDrive/Documents/UIUC/ECE-385/Vivado_Projects/lab7_1/lab7_1_provided_fa24/hdmi_text_controller_v1_0.sv:136]
WARNING: [VRFC 10-3091] actual bit length 1 differs from formal bit length 3 for port 'TMDS_DATA_N' [c:/Users/curti/OneDrive/Documents/UIUC/ECE-385/Vivado_Projects/lab7_1/lab7_1_provided_fa24/hdmi_text_controller_v1_0.sv:137]
Completed static elaboration
Starting simulation data flow analysis
WARNING: [XSIM 43-4099] "c:/Users/curti/OneDrive/Documents/UIUC/ECE-385/Vivado_Projects/lab7_1/lab7_1_provided_fa24/VGA_controller.sv" Line 26. Module vga_controller doesn't have a timescale but at least one module in design has a timescale.
WARNING: [XSIM 43-4099] "c:/Users/curti/OneDrive/Documents/UIUC/ECE-385/Vivado_Projects/lab7_1/lab7_1_provided_fa24/VGA_controller.sv" Line 26. Module vga_controller doesn't have a timescale but at least one module in design has a timescale.
Completed simulation data flow analysis
Time Resolution for simulation is 1ps
Compiling module xil_defaultlib.hdmi_text_controller_v1_0_AXI_de...
Compiling module unisims_ver.IBUF
Compiling module unisims_ver.MMCME2_ADV(CLKFBOUT_MULT_F=10.0,...
Compiling module unisims_ver.BUFG
Compiling module xil_defaultlib.clk_wiz_0_clk_wiz
Compiling module xil_defaultlib.clk_wiz_0
Compiling module xil_defaultlib.vga_controller
Compiling module unisims_ver.SRL16E_default
Compiling module xil_defaultlib.srldelay(WIDTH=40,TAPS=4'b1010)
Compiling module xil_defaultlib.encode_default
Compiling module xil_defaultlib.encode(CHANNEL="GREEN")
Compiling module xil_defaultlib.encode(CHANNEL="RED")
Compiling module unisims_ver.OSERDESE2(DATA_RATE_TQ="SDR",DAT...
Compiling module unisims_ver.OSERDESE2(DATA_RATE_TQ="SDR",DAT...
Compiling module xil_defaultlib.serdes_10_to_1
Compiling module unisims_ver.OBUFDS(IOSTANDARD="TMDS_33")
Compiling module xil_defaultlib.hdmi_tx_v1_0(C_RED_WIDTH=4,C_GRE...
Compiling module xil_defaultlib.hdmi_tx_0
Compiling module xil_defaultlib.hdmi_text_controller_v1_0
Compiling module xil_defaultlib.hdmi_text_controller_tb
Compiling module xil_defaultlib.glbl
Built simulation snapshot hdmi_text_controller_tb_behav
run_program: Time (s): cpu = 00:00:00 ; elapsed = 00:00:07 . Memory (MB): peak = 1580.586 ; gain = 0.000
INFO: [USF-XSim-69] 'elaborate' step finished in '8' seconds
INFO: [USF-XSim-4] XSim::Simulate design
INFO: [USF-XSim-61] Executing 'SIMULATE' step in 'c:/users/curti/onedrive/documents/uiuc/ece-385/vivado_projects/lab7_1/lab7_1.tmp/hdmi_text_controller_v1_0_project/hdmi_text_controller_v1_0_project.sim/sim_1/behav/xsim'
INFO: [USF-XSim-98] *** Running xsim
   with args "hdmi_text_controller_tb_behav -key {Behavioral:sim_1:Functional:hdmi_text_controller_tb} -tclbatch {hdmi_text_controller_tb.tcl} -log {simulate.log}"
INFO: [USF-XSim-8] Loading simulator feature
Time resolution is 1 ps
source hdmi_text_controller_tb.tcl
# set curr_wave [current_wave_config]
# if { [string length $curr_wave] == 0 } {
#   if { [llength [get_objects]] > 0} {
#     add_wave /
#     set_property needs_save false [current_wave_config]
#   } else {
#      send_msg_id Add_Wave-1 WARNING "No top level signals found. Simulator will start without a wave window. If you want to open a wave window go to 'File->New Waveform Configuration' or type 'create_wave_config' in the TCL console."
#   }
# }
WARNING: [Wavedata 42-489] Can't add object "/hdmi_text_controller_tb/bitmap" to the wave window because it has 10080000 bits, which exceeds the display limit of 65536 bits.  To change the display limit, use the command "set_property display_limit <new limit> [current_wave_config]".
# run all
Info: Read back of control register: 001f6000
Time: 192360 ns  Iteration: 0  Process: /hdmi_text_controller_tb/Initial263_900  Scope: hdmi_text_controller_tb.TEST_VECTORS  File: c:/Users/curti/OneDrive/Documents/UIUC/ECE-385/Vivado_Projects/lab7_1/lab7_1_provided_fa24/hdmi_text_controller_v1_0_tb.sv Line: 289
$finish called at time : 192360 ns : File "c:/Users/curti/OneDrive/Documents/UIUC/ECE-385/Vivado_Projects/lab7_1/lab7_1_provided_fa24/hdmi_text_controller_v1_0_tb.sv" Line 298
INFO: [USF-XSim-96] XSim completed. Design snapshot 'hdmi_text_controller_tb_behav' loaded.
INFO: [USF-XSim-97] XSim simulation ran for all
launch_simulation: Time (s): cpu = 00:00:05 ; elapsed = 00:00:13 . Memory (MB): peak = 1648.379 ; gain = 67.793
close_sim
INFO: [Simtcl 6-16] Simulation closed
launch_simulation
Command: launch_simulation 
INFO: [Vivado 12-12493] Simulation top is 'hdmi_text_controller_tb'
WARNING: [Vivado 12-13340] Unable to auto find GCC executables from simulator install path! (path not set)
WARNING: [Vivado 12-13277] Compiled library path does not exist: ''
INFO: [Vivado 12-5698] Checking validity of IPs in the design for the 'XSim' simulator...
INFO: [Vivado 12-5682] Launching behavioral simulation in 'c:/users/curti/onedrive/documents/uiuc/ece-385/vivado_projects/lab7_1/lab7_1.tmp/hdmi_text_controller_v1_0_project/hdmi_text_controller_v1_0_project.sim/sim_1/behav/xsim'
INFO: [Vivado 12-4795] Using compiled simulation libraries for IPs
INFO: [SIM-utils-51] Simulation object is 'sim_1'
INFO: [SIM-utils-72] Using boost library from 'C:/Xilinx/Vivado/2022.2/tps/boost_1_72_0'
INFO: [USF-XSim-7] Finding pre-compiled libraries...
INFO: [USF-XSim-11] File 'C:/Xilinx/Vivado/2022.2/data/xsim/xsim.ini' copied to run dir:'c:/users/curti/onedrive/documents/uiuc/ece-385/vivado_projects/lab7_1/lab7_1.tmp/hdmi_text_controller_v1_0_project/hdmi_text_controller_v1_0_project.sim/sim_1/behav/xsim'
INFO: [SIM-utils-54] Inspecting design source files for 'hdmi_text_controller_tb' in fileset 'sim_1'...
INFO: [USF-XSim-97] Finding global include files...
INFO: [USF-XSim-98] Fetching design files from 'sim_1'...
INFO: [USF-XSim-2] XSim::Compile design
INFO: [USF-XSim-61] Executing 'COMPILE and ANALYZE' step in 'c:/users/curti/onedrive/documents/uiuc/ece-385/vivado_projects/lab7_1/lab7_1.tmp/hdmi_text_controller_v1_0_project/hdmi_text_controller_v1_0_project.sim/sim_1/behav/xsim'
"xvlog --incr --relax -L uvm -prj hdmi_text_controller_tb_vlog.prj"
INFO: [VRFC 10-2263] Analyzing SystemVerilog file "c:/Users/curti/OneDrive/Documents/UIUC/ECE-385/Vivado_Projects/lab7_1/lab7_1_provided_fa24/VGA_controller.sv" into library xil_defaultlib
INFO: [VRFC 10-311] analyzing module vga_controller
INFO: [VRFC 10-2263] Analyzing SystemVerilog file "c:/Users/curti/OneDrive/Documents/UIUC/ECE-385/Vivado_Projects/lab7_1/lab7_1_provided_fa24/hdmi_text_controller_v1_0.sv" into library xil_defaultlib
INFO: [VRFC 10-311] analyzing module hdmi_text_controller_v1_0
INFO: [VRFC 10-2263] Analyzing SystemVerilog file "c:/Users/curti/OneDrive/Documents/UIUC/ECE-385/Vivado_Projects/ip_repo/hdmi_text_controller_1_0/src/hdmi_text_controller_v1_0_AXI.sv" into library xil_defaultlib
INFO: [VRFC 10-311] analyzing module hdmi_text_controller_v1_0_AXI
INFO: [VRFC 10-2263] Analyzing SystemVerilog file "c:/Users/curti/OneDrive/Documents/UIUC/ECE-385/Vivado_Projects/lab7_1/lab7_1_provided_fa24/hdmi_text_controller_v1_0_tb.sv" into library xil_defaultlib
INFO: [VRFC 10-311] analyzing module hdmi_text_controller_tb
INFO: [USF-XSim-69] 'compile' step finished in '1' seconds
INFO: [USF-XSim-3] XSim::Elaborate design
INFO: [USF-XSim-61] Executing 'ELABORATE' step in 'c:/users/curti/onedrive/documents/uiuc/ece-385/vivado_projects/lab7_1/lab7_1.tmp/hdmi_text_controller_v1_0_project/hdmi_text_controller_v1_0_project.sim/sim_1/behav/xsim'
"xelab --incr --debug typical --relax --mt 2 -L xil_defaultlib -L uvm -L unisims_ver -L unimacro_ver -L secureip -L xpm --snapshot hdmi_text_controller_tb_behav xil_defaultlib.hdmi_text_controller_tb xil_defaultlib.glbl -log elaborate.log"
Vivado Simulator v2022.2
Copyright 1986-1999, 2001-2022 Xilinx, Inc. All Rights Reserved.
Running: C:/Xilinx/Vivado/2022.2/bin/unwrapped/win64.o/xelab.exe --incr --debug typical --relax --mt 2 -L xil_defaultlib -L uvm -L unisims_ver -L unimacro_ver -L secureip -L xpm --snapshot hdmi_text_controller_tb_behav xil_defaultlib.hdmi_text_controller_tb xil_defaultlib.glbl -log elaborate.log 
Using 2 slave threads.
Starting static elaboration
Pass Through NonSizing Optimizer
WARNING: [VRFC 10-3091] actual bit length 32 differs from formal bit length 16 for port 'axi_awaddr' [c:/Users/curti/OneDrive/Documents/UIUC/ECE-385/Vivado_Projects/lab7_1/lab7_1_provided_fa24/hdmi_text_controller_v1_0_tb.sv:75]
WARNING: [VRFC 10-3091] actual bit length 32 differs from formal bit length 16 for port 'axi_araddr' [c:/Users/curti/OneDrive/Documents/UIUC/ECE-385/Vivado_Projects/lab7_1/lab7_1_provided_fa24/hdmi_text_controller_v1_0_tb.sv:89]
WARNING: [VRFC 10-3091] actual bit length 1 differs from formal bit length 3 for port 'TMDS_DATA_P' [c:/Users/curti/OneDrive/Documents/UIUC/ECE-385/Vivado_Projects/lab7_1/lab7_1_provided_fa24/hdmi_text_controller_v1_0.sv:136]
WARNING: [VRFC 10-3091] actual bit length 1 differs from formal bit length 3 for port 'TMDS_DATA_N' [c:/Users/curti/OneDrive/Documents/UIUC/ECE-385/Vivado_Projects/lab7_1/lab7_1_provided_fa24/hdmi_text_controller_v1_0.sv:137]
Completed static elaboration
Starting simulation data flow analysis
WARNING: [XSIM 43-4099] "c:/Users/curti/OneDrive/Documents/UIUC/ECE-385/Vivado_Projects/lab7_1/lab7_1_provided_fa24/VGA_controller.sv" Line 26. Module vga_controller doesn't have a timescale but at least one module in design has a timescale.
WARNING: [XSIM 43-4099] "c:/Users/curti/OneDrive/Documents/UIUC/ECE-385/Vivado_Projects/lab7_1/lab7_1_provided_fa24/VGA_controller.sv" Line 26. Module vga_controller doesn't have a timescale but at least one module in design has a timescale.
Completed simulation data flow analysis
Time Resolution for simulation is 1ps
Compiling module xil_defaultlib.hdmi_text_controller_v1_0_AXI_de...
Compiling module unisims_ver.IBUF
Compiling module unisims_ver.MMCME2_ADV(CLKFBOUT_MULT_F=10.0,...
Compiling module unisims_ver.BUFG
Compiling module xil_defaultlib.clk_wiz_0_clk_wiz
Compiling module xil_defaultlib.clk_wiz_0
Compiling module xil_defaultlib.vga_controller
Compiling module unisims_ver.SRL16E_default
Compiling module xil_defaultlib.srldelay(WIDTH=40,TAPS=4'b1010)
Compiling module xil_defaultlib.encode_default
Compiling module xil_defaultlib.encode(CHANNEL="GREEN")
Compiling module xil_defaultlib.encode(CHANNEL="RED")
Compiling module unisims_ver.OSERDESE2(DATA_RATE_TQ="SDR",DAT...
Compiling module unisims_ver.OSERDESE2(DATA_RATE_TQ="SDR",DAT...
Compiling module xil_defaultlib.serdes_10_to_1
Compiling module unisims_ver.OBUFDS(IOSTANDARD="TMDS_33")
Compiling module xil_defaultlib.hdmi_tx_v1_0(C_RED_WIDTH=4,C_GRE...
Compiling module xil_defaultlib.hdmi_tx_0
Compiling module xil_defaultlib.hdmi_text_controller_v1_0
Compiling module xil_defaultlib.hdmi_text_controller_tb
Compiling module xil_defaultlib.glbl
Built simulation snapshot hdmi_text_controller_tb_behav
run_program: Time (s): cpu = 00:00:00 ; elapsed = 00:00:06 . Memory (MB): peak = 1658.156 ; gain = 0.000
INFO: [USF-XSim-69] 'elaborate' step finished in '7' seconds
INFO: [USF-XSim-4] XSim::Simulate design
INFO: [USF-XSim-61] Executing 'SIMULATE' step in 'c:/users/curti/onedrive/documents/uiuc/ece-385/vivado_projects/lab7_1/lab7_1.tmp/hdmi_text_controller_v1_0_project/hdmi_text_controller_v1_0_project.sim/sim_1/behav/xsim'
INFO: [USF-XSim-98] *** Running xsim
   with args "hdmi_text_controller_tb_behav -key {Behavioral:sim_1:Functional:hdmi_text_controller_tb} -tclbatch {hdmi_text_controller_tb.tcl} -log {simulate.log}"
INFO: [USF-XSim-8] Loading simulator feature
Time resolution is 1 ps
source hdmi_text_controller_tb.tcl
# set curr_wave [current_wave_config]
# if { [string length $curr_wave] == 0 } {
#   if { [llength [get_objects]] > 0} {
#     add_wave /
#     set_property needs_save false [current_wave_config]
#   } else {
#      send_msg_id Add_Wave-1 WARNING "No top level signals found. Simulator will start without a wave window. If you want to open a wave window go to 'File->New Waveform Configuration' or type 'create_wave_config' in the TCL console."
#   }
# }
WARNING: [Wavedata 42-489] Can't add object "/hdmi_text_controller_tb/bitmap" to the wave window because it has 10080000 bits, which exceeds the display limit of 65536 bits.  To change the display limit, use the command "set_property display_limit <new limit> [current_wave_config]".
# run all
Info: Read back of control register: 001f6000
Time: 192360 ns  Iteration: 0  Process: /hdmi_text_controller_tb/Initial263_904  Scope: hdmi_text_controller_tb.TEST_VECTORS  File: c:/Users/curti/OneDrive/Documents/UIUC/ECE-385/Vivado_Projects/lab7_1/lab7_1_provided_fa24/hdmi_text_controller_v1_0_tb.sv Line: 289
INFO: [Common 17-41] Interrupt caught. Command should exit soon.
run: Time (s): cpu = 00:06:03 ; elapsed = 00:06:24 . Memory (MB): peak = 1737.273 ; gain = 76.152
INFO: [Common 17-344] 'run' was cancelled
INFO: [Common 17-344] 'source' was cancelled
xsim: Time (s): cpu = 00:06:04 ; elapsed = 00:06:26 . Memory (MB): peak = 1737.273 ; gain = 79.117
INFO: [Common 17-344] 'xsim' was cancelled
INFO: [Vivado 12-5357] 'simulate' step aborted
launch_simulation: Time (s): cpu = 00:06:04 ; elapsed = 00:06:34 . Memory (MB): peak = 1737.273 ; gain = 79.117
INFO: [Common 17-344] 'launch_simulation' was cancelled
close_sim
INFO: xsimkernel Simulation Memory Usage: 36632 KB (Peak: 36632 KB), Simulation CPU Usage: 147328 ms
INFO: [Simtcl 6-16] Simulation closed
launch_simulation
Command: launch_simulation 
INFO: [Vivado 12-12493] Simulation top is 'hdmi_text_controller_tb'
WARNING: [Vivado 12-13340] Unable to auto find GCC executables from simulator install path! (path not set)
WARNING: [Vivado 12-13277] Compiled library path does not exist: ''
INFO: [Vivado 12-5698] Checking validity of IPs in the design for the 'XSim' simulator...
INFO: [Vivado 12-5682] Launching behavioral simulation in 'c:/users/curti/onedrive/documents/uiuc/ece-385/vivado_projects/lab7_1/lab7_1.tmp/hdmi_text_controller_v1_0_project/hdmi_text_controller_v1_0_project.sim/sim_1/behav/xsim'
INFO: [Vivado 12-4795] Using compiled simulation libraries for IPs
INFO: [SIM-utils-51] Simulation object is 'sim_1'
INFO: [SIM-utils-72] Using boost library from 'C:/Xilinx/Vivado/2022.2/tps/boost_1_72_0'
INFO: [USF-XSim-7] Finding pre-compiled libraries...
INFO: [USF-XSim-11] File 'C:/Xilinx/Vivado/2022.2/data/xsim/xsim.ini' copied to run dir:'c:/users/curti/onedrive/documents/uiuc/ece-385/vivado_projects/lab7_1/lab7_1.tmp/hdmi_text_controller_v1_0_project/hdmi_text_controller_v1_0_project.sim/sim_1/behav/xsim'
INFO: [SIM-utils-54] Inspecting design source files for 'hdmi_text_controller_tb' in fileset 'sim_1'...
INFO: [USF-XSim-97] Finding global include files...
INFO: [USF-XSim-98] Fetching design files from 'sim_1'...
INFO: [USF-XSim-2] XSim::Compile design
INFO: [USF-XSim-61] Executing 'COMPILE and ANALYZE' step in 'c:/users/curti/onedrive/documents/uiuc/ece-385/vivado_projects/lab7_1/lab7_1.tmp/hdmi_text_controller_v1_0_project/hdmi_text_controller_v1_0_project.sim/sim_1/behav/xsim'
"xvlog --incr --relax -L uvm -prj hdmi_text_controller_tb_vlog.prj"
INFO: [VRFC 10-2263] Analyzing SystemVerilog file "c:/Users/curti/OneDrive/Documents/UIUC/ECE-385/Vivado_Projects/lab7_1/lab7_1_provided_fa24/VGA_controller.sv" into library xil_defaultlib
INFO: [VRFC 10-311] analyzing module vga_controller
INFO: [VRFC 10-2263] Analyzing SystemVerilog file "c:/Users/curti/OneDrive/Documents/UIUC/ECE-385/Vivado_Projects/lab7_1/lab7_1_provided_fa24/hdmi_text_controller_v1_0.sv" into library xil_defaultlib
INFO: [VRFC 10-311] analyzing module hdmi_text_controller_v1_0
INFO: [VRFC 10-2263] Analyzing SystemVerilog file "c:/Users/curti/OneDrive/Documents/UIUC/ECE-385/Vivado_Projects/ip_repo/hdmi_text_controller_1_0/src/hdmi_text_controller_v1_0_AXI.sv" into library xil_defaultlib
INFO: [VRFC 10-311] analyzing module hdmi_text_controller_v1_0_AXI
INFO: [VRFC 10-2263] Analyzing SystemVerilog file "c:/Users/curti/OneDrive/Documents/UIUC/ECE-385/Vivado_Projects/lab7_1/lab7_1_provided_fa24/hdmi_text_controller_v1_0_tb.sv" into library xil_defaultlib
INFO: [VRFC 10-311] analyzing module hdmi_text_controller_tb
INFO: [USF-XSim-69] 'compile' step finished in '2' seconds
INFO: [USF-XSim-3] XSim::Elaborate design
INFO: [USF-XSim-61] Executing 'ELABORATE' step in 'c:/users/curti/onedrive/documents/uiuc/ece-385/vivado_projects/lab7_1/lab7_1.tmp/hdmi_text_controller_v1_0_project/hdmi_text_controller_v1_0_project.sim/sim_1/behav/xsim'
"xelab --incr --debug typical --relax --mt 2 -L xil_defaultlib -L uvm -L unisims_ver -L unimacro_ver -L secureip -L xpm --snapshot hdmi_text_controller_tb_behav xil_defaultlib.hdmi_text_controller_tb xil_defaultlib.glbl -log elaborate.log"
Vivado Simulator v2022.2
Copyright 1986-1999, 2001-2022 Xilinx, Inc. All Rights Reserved.
Running: C:/Xilinx/Vivado/2022.2/bin/unwrapped/win64.o/xelab.exe --incr --debug typical --relax --mt 2 -L xil_defaultlib -L uvm -L unisims_ver -L unimacro_ver -L secureip -L xpm --snapshot hdmi_text_controller_tb_behav xil_defaultlib.hdmi_text_controller_tb xil_defaultlib.glbl -log elaborate.log 
Using 2 slave threads.
Starting static elaboration
Pass Through NonSizing Optimizer
WARNING: [VRFC 10-3091] actual bit length 32 differs from formal bit length 16 for port 'axi_awaddr' [c:/Users/curti/OneDrive/Documents/UIUC/ECE-385/Vivado_Projects/lab7_1/lab7_1_provided_fa24/hdmi_text_controller_v1_0_tb.sv:73]
WARNING: [VRFC 10-3091] actual bit length 32 differs from formal bit length 16 for port 'axi_araddr' [c:/Users/curti/OneDrive/Documents/UIUC/ECE-385/Vivado_Projects/lab7_1/lab7_1_provided_fa24/hdmi_text_controller_v1_0_tb.sv:87]
WARNING: [VRFC 10-3091] actual bit length 1 differs from formal bit length 3 for port 'TMDS_DATA_P' [c:/Users/curti/OneDrive/Documents/UIUC/ECE-385/Vivado_Projects/lab7_1/lab7_1_provided_fa24/hdmi_text_controller_v1_0.sv:136]
WARNING: [VRFC 10-3091] actual bit length 1 differs from formal bit length 3 for port 'TMDS_DATA_N' [c:/Users/curti/OneDrive/Documents/UIUC/ECE-385/Vivado_Projects/lab7_1/lab7_1_provided_fa24/hdmi_text_controller_v1_0.sv:137]
Completed static elaboration
Starting simulation data flow analysis
WARNING: [XSIM 43-4099] "c:/Users/curti/OneDrive/Documents/UIUC/ECE-385/Vivado_Projects/lab7_1/lab7_1_provided_fa24/VGA_controller.sv" Line 26. Module vga_controller doesn't have a timescale but at least one module in design has a timescale.
WARNING: [XSIM 43-4099] "c:/Users/curti/OneDrive/Documents/UIUC/ECE-385/Vivado_Projects/lab7_1/lab7_1_provided_fa24/VGA_controller.sv" Line 26. Module vga_controller doesn't have a timescale but at least one module in design has a timescale.
Completed simulation data flow analysis
Time Resolution for simulation is 1ps
Compiling module xil_defaultlib.hdmi_text_controller_v1_0_AXI_de...
Compiling module unisims_ver.IBUF
Compiling module unisims_ver.MMCME2_ADV(CLKFBOUT_MULT_F=10.0,...
Compiling module unisims_ver.BUFG
Compiling module xil_defaultlib.clk_wiz_0_clk_wiz
Compiling module xil_defaultlib.clk_wiz_0
Compiling module xil_defaultlib.vga_controller
Compiling module unisims_ver.SRL16E_default
Compiling module xil_defaultlib.srldelay(WIDTH=40,TAPS=4'b1010)
Compiling module xil_defaultlib.encode_default
Compiling module xil_defaultlib.encode(CHANNEL="GREEN")
Compiling module xil_defaultlib.encode(CHANNEL="RED")
Compiling module unisims_ver.OSERDESE2(DATA_RATE_TQ="SDR",DAT...
Compiling module unisims_ver.OSERDESE2(DATA_RATE_TQ="SDR",DAT...
Compiling module xil_defaultlib.serdes_10_to_1
Compiling module unisims_ver.OBUFDS(IOSTANDARD="TMDS_33")
Compiling module xil_defaultlib.hdmi_tx_v1_0(C_RED_WIDTH=4,C_GRE...
Compiling module xil_defaultlib.hdmi_tx_0
Compiling module xil_defaultlib.hdmi_text_controller_v1_0
Compiling module xil_defaultlib.hdmi_text_controller_tb
Compiling module xil_defaultlib.glbl
Built simulation snapshot hdmi_text_controller_tb_behav
run_program: Time (s): cpu = 00:00:00 ; elapsed = 00:00:06 . Memory (MB): peak = 1737.273 ; gain = 0.000
INFO: [USF-XSim-69] 'elaborate' step finished in '6' seconds
INFO: [USF-XSim-4] XSim::Simulate design
INFO: [USF-XSim-61] Executing 'SIMULATE' step in 'c:/users/curti/onedrive/documents/uiuc/ece-385/vivado_projects/lab7_1/lab7_1.tmp/hdmi_text_controller_v1_0_project/hdmi_text_controller_v1_0_project.sim/sim_1/behav/xsim'
INFO: [USF-XSim-98] *** Running xsim
   with args "hdmi_text_controller_tb_behav -key {Behavioral:sim_1:Functional:hdmi_text_controller_tb} -tclbatch {hdmi_text_controller_tb.tcl} -log {simulate.log}"
INFO: [USF-XSim-8] Loading simulator feature
Time resolution is 1 ps
source hdmi_text_controller_tb.tcl
# set curr_wave [current_wave_config]
# if { [string length $curr_wave] == 0 } {
#   if { [llength [get_objects]] > 0} {
#     add_wave /
#     set_property needs_save false [current_wave_config]
#   } else {
#      send_msg_id Add_Wave-1 WARNING "No top level signals found. Simulator will start without a wave window. If you want to open a wave window go to 'File->New Waveform Configuration' or type 'create_wave_config' in the TCL console."
#   }
# }
WARNING: [Wavedata 42-489] Can't add object "/hdmi_text_controller_tb/bitmap" to the wave window because it has 10080000 bits, which exceeds the display limit of 65536 bits.  To change the display limit, use the command "set_property display_limit <new limit> [current_wave_config]".
# run all
Info: Read back of control register: 001f6000
Time: 192360 ns  Iteration: 0  Process: /hdmi_text_controller_tb/Initial261_904  Scope: hdmi_text_controller_tb.TEST_VECTORS  File: c:/Users/curti/OneDrive/Documents/UIUC/ECE-385/Vivado_Projects/lab7_1/lab7_1_provided_fa24/hdmi_text_controller_v1_0_tb.sv Line: 287
INFO: [Common 17-41] Interrupt caught. Command should exit soon.
run: Time (s): cpu = 00:00:04 ; elapsed = 00:01:41 . Memory (MB): peak = 1740.598 ; gain = 1.898
INFO: [Common 17-344] 'run' was cancelled
INFO: [Common 17-344] 'source' was cancelled
xsim: Time (s): cpu = 00:00:04 ; elapsed = 00:01:43 . Memory (MB): peak = 1740.598 ; gain = 3.324
INFO: [Common 17-344] 'xsim' was cancelled
INFO: [Vivado 12-5357] 'simulate' step aborted
launch_simulation: Time (s): cpu = 00:00:04 ; elapsed = 00:01:51 . Memory (MB): peak = 1740.598 ; gain = 3.324
INFO: [Common 17-344] 'launch_simulation' was cancelled
close_sim
INFO: xsimkernel Simulation Memory Usage: 69736 KB (Peak: 69736 KB), Simulation CPU Usage: 94015 ms
INFO: [Simtcl 6-16] Simulation closed
launch_simulation
Command: launch_simulation 
INFO: [Vivado 12-12493] Simulation top is 'hdmi_text_controller_tb'
WARNING: [Vivado 12-13340] Unable to auto find GCC executables from simulator install path! (path not set)
WARNING: [Vivado 12-13277] Compiled library path does not exist: ''
INFO: [Vivado 12-5698] Checking validity of IPs in the design for the 'XSim' simulator...
INFO: [Vivado 12-5682] Launching behavioral simulation in 'c:/users/curti/onedrive/documents/uiuc/ece-385/vivado_projects/lab7_1/lab7_1.tmp/hdmi_text_controller_v1_0_project/hdmi_text_controller_v1_0_project.sim/sim_1/behav/xsim'
INFO: [Vivado 12-4795] Using compiled simulation libraries for IPs
INFO: [SIM-utils-51] Simulation object is 'sim_1'
INFO: [SIM-utils-72] Using boost library from 'C:/Xilinx/Vivado/2022.2/tps/boost_1_72_0'
INFO: [USF-XSim-7] Finding pre-compiled libraries...
INFO: [USF-XSim-11] File 'C:/Xilinx/Vivado/2022.2/data/xsim/xsim.ini' copied to run dir:'c:/users/curti/onedrive/documents/uiuc/ece-385/vivado_projects/lab7_1/lab7_1.tmp/hdmi_text_controller_v1_0_project/hdmi_text_controller_v1_0_project.sim/sim_1/behav/xsim'
INFO: [SIM-utils-54] Inspecting design source files for 'hdmi_text_controller_tb' in fileset 'sim_1'...
INFO: [USF-XSim-97] Finding global include files...
INFO: [USF-XSim-98] Fetching design files from 'sim_1'...
INFO: [USF-XSim-2] XSim::Compile design
INFO: [USF-XSim-61] Executing 'COMPILE and ANALYZE' step in 'c:/users/curti/onedrive/documents/uiuc/ece-385/vivado_projects/lab7_1/lab7_1.tmp/hdmi_text_controller_v1_0_project/hdmi_text_controller_v1_0_project.sim/sim_1/behav/xsim'
"xvlog --incr --relax -L uvm -prj hdmi_text_controller_tb_vlog.prj"
INFO: [VRFC 10-2263] Analyzing SystemVerilog file "c:/Users/curti/OneDrive/Documents/UIUC/ECE-385/Vivado_Projects/lab7_1/lab7_1_provided_fa24/VGA_controller.sv" into library xil_defaultlib
INFO: [VRFC 10-311] analyzing module vga_controller
INFO: [VRFC 10-2263] Analyzing SystemVerilog file "c:/Users/curti/OneDrive/Documents/UIUC/ECE-385/Vivado_Projects/lab7_1/lab7_1_provided_fa24/hdmi_text_controller_v1_0.sv" into library xil_defaultlib
INFO: [VRFC 10-311] analyzing module hdmi_text_controller_v1_0
INFO: [VRFC 10-2263] Analyzing SystemVerilog file "c:/Users/curti/OneDrive/Documents/UIUC/ECE-385/Vivado_Projects/ip_repo/hdmi_text_controller_1_0/src/hdmi_text_controller_v1_0_AXI.sv" into library xil_defaultlib
INFO: [VRFC 10-311] analyzing module hdmi_text_controller_v1_0_AXI
INFO: [VRFC 10-2263] Analyzing SystemVerilog file "c:/Users/curti/OneDrive/Documents/UIUC/ECE-385/Vivado_Projects/lab7_1/lab7_1_provided_fa24/hdmi_text_controller_v1_0_tb.sv" into library xil_defaultlib
INFO: [VRFC 10-311] analyzing module hdmi_text_controller_tb
INFO: [USF-XSim-69] 'compile' step finished in '1' seconds
INFO: [USF-XSim-3] XSim::Elaborate design
INFO: [USF-XSim-61] Executing 'ELABORATE' step in 'c:/users/curti/onedrive/documents/uiuc/ece-385/vivado_projects/lab7_1/lab7_1.tmp/hdmi_text_controller_v1_0_project/hdmi_text_controller_v1_0_project.sim/sim_1/behav/xsim'
"xelab --incr --debug typical --relax --mt 2 -L xil_defaultlib -L uvm -L unisims_ver -L unimacro_ver -L secureip -L xpm --snapshot hdmi_text_controller_tb_behav xil_defaultlib.hdmi_text_controller_tb xil_defaultlib.glbl -log elaborate.log"
Vivado Simulator v2022.2
Copyright 1986-1999, 2001-2022 Xilinx, Inc. All Rights Reserved.
Running: C:/Xilinx/Vivado/2022.2/bin/unwrapped/win64.o/xelab.exe --incr --debug typical --relax --mt 2 -L xil_defaultlib -L uvm -L unisims_ver -L unimacro_ver -L secureip -L xpm --snapshot hdmi_text_controller_tb_behav xil_defaultlib.hdmi_text_controller_tb xil_defaultlib.glbl -log elaborate.log 
Using 2 slave threads.
Starting static elaboration
Pass Through NonSizing Optimizer
WARNING: [VRFC 10-3091] actual bit length 32 differs from formal bit length 16 for port 'axi_awaddr' [c:/Users/curti/OneDrive/Documents/UIUC/ECE-385/Vivado_Projects/lab7_1/lab7_1_provided_fa24/hdmi_text_controller_v1_0_tb.sv:73]
WARNING: [VRFC 10-3091] actual bit length 32 differs from formal bit length 16 for port 'axi_araddr' [c:/Users/curti/OneDrive/Documents/UIUC/ECE-385/Vivado_Projects/lab7_1/lab7_1_provided_fa24/hdmi_text_controller_v1_0_tb.sv:87]
WARNING: [VRFC 10-3091] actual bit length 1 differs from formal bit length 3 for port 'TMDS_DATA_P' [c:/Users/curti/OneDrive/Documents/UIUC/ECE-385/Vivado_Projects/lab7_1/lab7_1_provided_fa24/hdmi_text_controller_v1_0.sv:136]
WARNING: [VRFC 10-3091] actual bit length 1 differs from formal bit length 3 for port 'TMDS_DATA_N' [c:/Users/curti/OneDrive/Documents/UIUC/ECE-385/Vivado_Projects/lab7_1/lab7_1_provided_fa24/hdmi_text_controller_v1_0.sv:137]
Completed static elaboration
Starting simulation data flow analysis
WARNING: [XSIM 43-4099] "c:/Users/curti/OneDrive/Documents/UIUC/ECE-385/Vivado_Projects/lab7_1/lab7_1_provided_fa24/VGA_controller.sv" Line 26. Module vga_controller doesn't have a timescale but at least one module in design has a timescale.
WARNING: [XSIM 43-4099] "c:/Users/curti/OneDrive/Documents/UIUC/ECE-385/Vivado_Projects/lab7_1/lab7_1_provided_fa24/VGA_controller.sv" Line 26. Module vga_controller doesn't have a timescale but at least one module in design has a timescale.
Completed simulation data flow analysis
Time Resolution for simulation is 1ps
Compiling module xil_defaultlib.hdmi_text_controller_v1_0_AXI_de...
Compiling module unisims_ver.IBUF
Compiling module unisims_ver.MMCME2_ADV(CLKFBOUT_MULT_F=10.0,...
Compiling module unisims_ver.BUFG
Compiling module xil_defaultlib.clk_wiz_0_clk_wiz
Compiling module xil_defaultlib.clk_wiz_0
Compiling module xil_defaultlib.vga_controller
Compiling module unisims_ver.SRL16E_default
Compiling module xil_defaultlib.srldelay(WIDTH=40,TAPS=4'b1010)
Compiling module xil_defaultlib.encode_default
Compiling module xil_defaultlib.encode(CHANNEL="GREEN")
Compiling module xil_defaultlib.encode(CHANNEL="RED")
Compiling module unisims_ver.OSERDESE2(DATA_RATE_TQ="SDR",DAT...
Compiling module unisims_ver.OSERDESE2(DATA_RATE_TQ="SDR",DAT...
Compiling module xil_defaultlib.serdes_10_to_1
Compiling module unisims_ver.OBUFDS(IOSTANDARD="TMDS_33")
Compiling module xil_defaultlib.hdmi_tx_v1_0(C_RED_WIDTH=4,C_GRE...
Compiling module xil_defaultlib.hdmi_tx_0
Compiling module xil_defaultlib.hdmi_text_controller_v1_0
Compiling module xil_defaultlib.hdmi_text_controller_tb
Compiling module xil_defaultlib.glbl
Built simulation snapshot hdmi_text_controller_tb_behav
run_program: Time (s): cpu = 00:00:00 ; elapsed = 00:00:06 . Memory (MB): peak = 1740.598 ; gain = 0.000
INFO: [USF-XSim-69] 'elaborate' step finished in '6' seconds
INFO: [USF-XSim-4] XSim::Simulate design
INFO: [USF-XSim-61] Executing 'SIMULATE' step in 'c:/users/curti/onedrive/documents/uiuc/ece-385/vivado_projects/lab7_1/lab7_1.tmp/hdmi_text_controller_v1_0_project/hdmi_text_controller_v1_0_project.sim/sim_1/behav/xsim'
INFO: [USF-XSim-98] *** Running xsim
   with args "hdmi_text_controller_tb_behav -key {Behavioral:sim_1:Functional:hdmi_text_controller_tb} -tclbatch {hdmi_text_controller_tb.tcl} -log {simulate.log}"
INFO: [USF-XSim-8] Loading simulator feature
Time resolution is 1 ps
source hdmi_text_controller_tb.tcl
# set curr_wave [current_wave_config]
# if { [string length $curr_wave] == 0 } {
#   if { [llength [get_objects]] > 0} {
#     add_wave /
#     set_property needs_save false [current_wave_config]
#   } else {
#      send_msg_id Add_Wave-1 WARNING "No top level signals found. Simulator will start without a wave window. If you want to open a wave window go to 'File->New Waveform Configuration' or type 'create_wave_config' in the TCL console."
#   }
# }
WARNING: [Wavedata 42-489] Can't add object "/hdmi_text_controller_tb/bitmap" to the wave window because it has 10080000 bits, which exceeds the display limit of 65536 bits.  To change the display limit, use the command "set_property display_limit <new limit> [current_wave_config]".
# run all
Info: Read back of control register: 001f6000
Time: 192360 ns  Iteration: 0  Process: /hdmi_text_controller_tb/Initial261_904  Scope: hdmi_text_controller_tb.TEST_VECTORS  File: c:/Users/curti/OneDrive/Documents/UIUC/ECE-385/Vivado_Projects/lab7_1/lab7_1_provided_fa24/hdmi_text_controller_v1_0_tb.sv Line: 287
Saving bitmap 'lab7_1_sim.bmp'.
$finish called at time : 15648350 ns : File "c:/Users/curti/OneDrive/Documents/UIUC/ECE-385/Vivado_Projects/lab7_1/lab7_1_provided_fa24/hdmi_text_controller_v1_0_tb.sv" Line 296
run: Time (s): cpu = 00:00:49 ; elapsed = 00:08:11 . Memory (MB): peak = 1753.332 ; gain = 0.000
xsim: Time (s): cpu = 00:00:49 ; elapsed = 00:08:13 . Memory (MB): peak = 1753.332 ; gain = 12.734
INFO: [USF-XSim-96] XSim completed. Design snapshot 'hdmi_text_controller_tb_behav' loaded.
INFO: [USF-XSim-97] XSim simulation ran for all
launch_simulation: Time (s): cpu = 00:00:49 ; elapsed = 00:08:21 . Memory (MB): peak = 1753.332 ; gain = 12.734
close_sim
INFO: xsimkernel Simulation Memory Usage: 80840 KB (Peak: 80840 KB), Simulation CPU Usage: 399577 ms
INFO: [Simtcl 6-16] Simulation closed
launch_simulation
Command: launch_simulation 
INFO: [Vivado 12-12493] Simulation top is 'hdmi_text_controller_tb'
WARNING: [Vivado 12-13340] Unable to auto find GCC executables from simulator install path! (path not set)
WARNING: [Vivado 12-13277] Compiled library path does not exist: ''
INFO: [Vivado 12-5698] Checking validity of IPs in the design for the 'XSim' simulator...
INFO: [Vivado 12-5682] Launching behavioral simulation in 'c:/users/curti/onedrive/documents/uiuc/ece-385/vivado_projects/lab7_1/lab7_1.tmp/hdmi_text_controller_v1_0_project/hdmi_text_controller_v1_0_project.sim/sim_1/behav/xsim'
INFO: [Vivado 12-4795] Using compiled simulation libraries for IPs
INFO: [SIM-utils-51] Simulation object is 'sim_1'
INFO: [SIM-utils-72] Using boost library from 'C:/Xilinx/Vivado/2022.2/tps/boost_1_72_0'
INFO: [USF-XSim-7] Finding pre-compiled libraries...
INFO: [USF-XSim-11] File 'C:/Xilinx/Vivado/2022.2/data/xsim/xsim.ini' copied to run dir:'c:/users/curti/onedrive/documents/uiuc/ece-385/vivado_projects/lab7_1/lab7_1.tmp/hdmi_text_controller_v1_0_project/hdmi_text_controller_v1_0_project.sim/sim_1/behav/xsim'
INFO: [SIM-utils-54] Inspecting design source files for 'hdmi_text_controller_tb' in fileset 'sim_1'...
INFO: [USF-XSim-97] Finding global include files...
INFO: [USF-XSim-98] Fetching design files from 'sim_1'...
INFO: [USF-XSim-2] XSim::Compile design
INFO: [USF-XSim-61] Executing 'COMPILE and ANALYZE' step in 'c:/users/curti/onedrive/documents/uiuc/ece-385/vivado_projects/lab7_1/lab7_1.tmp/hdmi_text_controller_v1_0_project/hdmi_text_controller_v1_0_project.sim/sim_1/behav/xsim'
"xvlog --incr --relax -L uvm -prj hdmi_text_controller_tb_vlog.prj"
INFO: [VRFC 10-2263] Analyzing SystemVerilog file "c:/Users/curti/OneDrive/Documents/UIUC/ECE-385/Vivado_Projects/lab7_1/lab7_1_provided_fa24/VGA_controller.sv" into library xil_defaultlib
INFO: [VRFC 10-311] analyzing module vga_controller
INFO: [VRFC 10-2263] Analyzing SystemVerilog file "c:/Users/curti/OneDrive/Documents/UIUC/ECE-385/Vivado_Projects/lab7_1/lab7_1_provided_fa24/hdmi_text_controller_v1_0.sv" into library xil_defaultlib
INFO: [VRFC 10-311] analyzing module hdmi_text_controller_v1_0
INFO: [VRFC 10-2263] Analyzing SystemVerilog file "c:/Users/curti/OneDrive/Documents/UIUC/ECE-385/Vivado_Projects/ip_repo/hdmi_text_controller_1_0/src/hdmi_text_controller_v1_0_AXI.sv" into library xil_defaultlib
INFO: [VRFC 10-311] analyzing module hdmi_text_controller_v1_0_AXI
INFO: [VRFC 10-2263] Analyzing SystemVerilog file "c:/Users/curti/OneDrive/Documents/UIUC/ECE-385/Vivado_Projects/lab7_1/lab7_1_provided_fa24/hdmi_text_controller_v1_0_tb.sv" into library xil_defaultlib
INFO: [VRFC 10-311] analyzing module hdmi_text_controller_tb
INFO: [USF-XSim-69] 'compile' step finished in '1' seconds
INFO: [USF-XSim-3] XSim::Elaborate design
INFO: [USF-XSim-61] Executing 'ELABORATE' step in 'c:/users/curti/onedrive/documents/uiuc/ece-385/vivado_projects/lab7_1/lab7_1.tmp/hdmi_text_controller_v1_0_project/hdmi_text_controller_v1_0_project.sim/sim_1/behav/xsim'
"xelab --incr --debug typical --relax --mt 2 -L xil_defaultlib -L uvm -L unisims_ver -L unimacro_ver -L secureip -L xpm --snapshot hdmi_text_controller_tb_behav xil_defaultlib.hdmi_text_controller_tb xil_defaultlib.glbl -log elaborate.log"
Vivado Simulator v2022.2
Copyright 1986-1999, 2001-2022 Xilinx, Inc. All Rights Reserved.
Running: C:/Xilinx/Vivado/2022.2/bin/unwrapped/win64.o/xelab.exe --incr --debug typical --relax --mt 2 -L xil_defaultlib -L uvm -L unisims_ver -L unimacro_ver -L secureip -L xpm --snapshot hdmi_text_controller_tb_behav xil_defaultlib.hdmi_text_controller_tb xil_defaultlib.glbl -log elaborate.log 
Using 2 slave threads.
Starting static elaboration
Pass Through NonSizing Optimizer
WARNING: [VRFC 10-3091] actual bit length 32 differs from formal bit length 16 for port 'axi_awaddr' [c:/Users/curti/OneDrive/Documents/UIUC/ECE-385/Vivado_Projects/lab7_1/lab7_1_provided_fa24/hdmi_text_controller_v1_0_tb.sv:73]
WARNING: [VRFC 10-3091] actual bit length 32 differs from formal bit length 16 for port 'axi_araddr' [c:/Users/curti/OneDrive/Documents/UIUC/ECE-385/Vivado_Projects/lab7_1/lab7_1_provided_fa24/hdmi_text_controller_v1_0_tb.sv:87]
WARNING: [VRFC 10-3091] actual bit length 1 differs from formal bit length 3 for port 'TMDS_DATA_P' [c:/Users/curti/OneDrive/Documents/UIUC/ECE-385/Vivado_Projects/lab7_1/lab7_1_provided_fa24/hdmi_text_controller_v1_0.sv:136]
WARNING: [VRFC 10-3091] actual bit length 1 differs from formal bit length 3 for port 'TMDS_DATA_N' [c:/Users/curti/OneDrive/Documents/UIUC/ECE-385/Vivado_Projects/lab7_1/lab7_1_provided_fa24/hdmi_text_controller_v1_0.sv:137]
Completed static elaboration
Starting simulation data flow analysis
WARNING: [XSIM 43-4099] "c:/Users/curti/OneDrive/Documents/UIUC/ECE-385/Vivado_Projects/lab7_1/lab7_1_provided_fa24/VGA_controller.sv" Line 26. Module vga_controller doesn't have a timescale but at least one module in design has a timescale.
WARNING: [XSIM 43-4099] "c:/Users/curti/OneDrive/Documents/UIUC/ECE-385/Vivado_Projects/lab7_1/lab7_1_provided_fa24/VGA_controller.sv" Line 26. Module vga_controller doesn't have a timescale but at least one module in design has a timescale.
Completed simulation data flow analysis
Time Resolution for simulation is 1ps
Compiling module xil_defaultlib.hdmi_text_controller_v1_0_AXI_de...
Compiling module unisims_ver.IBUF
Compiling module unisims_ver.MMCME2_ADV(CLKFBOUT_MULT_F=10.0,...
Compiling module unisims_ver.BUFG
Compiling module xil_defaultlib.clk_wiz_0_clk_wiz
Compiling module xil_defaultlib.clk_wiz_0
Compiling module xil_defaultlib.vga_controller
Compiling module unisims_ver.SRL16E_default
Compiling module xil_defaultlib.srldelay(WIDTH=40,TAPS=4'b1010)
Compiling module xil_defaultlib.encode_default
Compiling module xil_defaultlib.encode(CHANNEL="GREEN")
Compiling module xil_defaultlib.encode(CHANNEL="RED")
Compiling module unisims_ver.OSERDESE2(DATA_RATE_TQ="SDR",DAT...
Compiling module unisims_ver.OSERDESE2(DATA_RATE_TQ="SDR",DAT...
Compiling module xil_defaultlib.serdes_10_to_1
Compiling module unisims_ver.OBUFDS(IOSTANDARD="TMDS_33")
Compiling module xil_defaultlib.hdmi_tx_v1_0(C_RED_WIDTH=4,C_GRE...
Compiling module xil_defaultlib.hdmi_tx_0
Compiling module xil_defaultlib.hdmi_text_controller_v1_0
Compiling module xil_defaultlib.hdmi_text_controller_tb
Compiling module xil_defaultlib.glbl
Built simulation snapshot hdmi_text_controller_tb_behav
run_program: Time (s): cpu = 00:00:00 ; elapsed = 00:00:06 . Memory (MB): peak = 1754.242 ; gain = 0.000
INFO: [USF-XSim-69] 'elaborate' step finished in '7' seconds
INFO: [USF-XSim-4] XSim::Simulate design
INFO: [USF-XSim-61] Executing 'SIMULATE' step in 'c:/users/curti/onedrive/documents/uiuc/ece-385/vivado_projects/lab7_1/lab7_1.tmp/hdmi_text_controller_v1_0_project/hdmi_text_controller_v1_0_project.sim/sim_1/behav/xsim'
INFO: [USF-XSim-98] *** Running xsim
   with args "hdmi_text_controller_tb_behav -key {Behavioral:sim_1:Functional:hdmi_text_controller_tb} -tclbatch {hdmi_text_controller_tb.tcl} -log {simulate.log}"
INFO: [USF-XSim-8] Loading simulator feature
Time resolution is 1 ps
source hdmi_text_controller_tb.tcl
# set curr_wave [current_wave_config]
# if { [string length $curr_wave] == 0 } {
#   if { [llength [get_objects]] > 0} {
#     add_wave /
#     set_property needs_save false [current_wave_config]
#   } else {
#      send_msg_id Add_Wave-1 WARNING "No top level signals found. Simulator will start without a wave window. If you want to open a wave window go to 'File->New Waveform Configuration' or type 'create_wave_config' in the TCL console."
#   }
# }
WARNING: [Wavedata 42-489] Can't add object "/hdmi_text_controller_tb/bitmap" to the wave window because it has 10080000 bits, which exceeds the display limit of 65536 bits.  To change the display limit, use the command "set_property display_limit <new limit> [current_wave_config]".
# run all
Info: Read back of control register: 001f6000
Time: 192360 ns  Iteration: 0  Process: /hdmi_text_controller_tb/Initial261_904  Scope: hdmi_text_controller_tb.TEST_VECTORS  File: c:/Users/curti/OneDrive/Documents/UIUC/ECE-385/Vivado_Projects/lab7_1/lab7_1_provided_fa24/hdmi_text_controller_v1_0_tb.sv Line: 287
Saving bitmap 'lab7_1_sim.bmp'.
$finish called at time : 15648350 ns : File "c:/Users/curti/OneDrive/Documents/UIUC/ECE-385/Vivado_Projects/lab7_1/lab7_1_provided_fa24/hdmi_text_controller_v1_0_tb.sv" Line 296
run: Time (s): cpu = 00:00:31 ; elapsed = 00:06:36 . Memory (MB): peak = 1755.414 ; gain = 0.000
xsim: Time (s): cpu = 00:00:32 ; elapsed = 00:06:38 . Memory (MB): peak = 1755.414 ; gain = 1.172
INFO: [USF-XSim-96] XSim completed. Design snapshot 'hdmi_text_controller_tb_behav' loaded.
INFO: [USF-XSim-97] XSim simulation ran for all
launch_simulation: Time (s): cpu = 00:00:32 ; elapsed = 00:06:46 . Memory (MB): peak = 1755.414 ; gain = 1.172
current_project lab7_1
update_ip_catalog -rebuild -scan_changes
INFO: [IP_Flow 19-234] Refreshing IP repositories
INFO: [IP_Flow 19-1700] Loaded user IP repository 'c:/Users/curti/OneDrive/Documents/UIUC/ECE-385/Vivado_Projects/ip_repo/hdmi_text_controller_1_0'.
INFO: [IP_Flow 19-1700] Loaded user IP repository 'c:/Users/curti/OneDrive/Documents/UIUC/ECE-385/Vivado_Projects/lab7_1/lab7_1_provided_fa24/hdmi_tx_1.0'.
report_ip_status -name ip_status
set_property core_revision 6 [ipx::current_core]
ipx::update_source_project_archive -component [ipx::current_core]
ipx::create_xgui_files [ipx::current_core]
ipx::update_checksums [ipx::current_core]
ipx::check_integrity [ipx::current_core]
WARNING: [IP_Flow 19-5905] All packaged files should be located below the IP definition file (xml)
WARNING: [IP_Flow 19-5661] Bus Interface 'hdmi_clk_n' does not have any bus interfaces associated with it.
WARNING: [IP_Flow 19-4751] Bus Interface 'hdmi_clk_n': FREQ_HZ bus parameter is missing for output clock interface.
WARNING: [IP_Flow 19-5661] Bus Interface 'hdmi_clk_p' does not have any bus interfaces associated with it.
WARNING: [IP_Flow 19-4751] Bus Interface 'hdmi_clk_p': FREQ_HZ bus parameter is missing for output clock interface.
WARNING: [IP_Flow 19-1965] Bus Interface 'HDMI': A port map to the required logical port "DDC_SCL_I" of the bus abstraction "xilinx.com:interface:hdmi_rtl:2.0" is missing.
WARNING: [IP_Flow 19-1965] Bus Interface 'HDMI': A port map to the required logical port "DDC_SCL_O" of the bus abstraction "xilinx.com:interface:hdmi_rtl:2.0" is missing.
WARNING: [IP_Flow 19-1965] Bus Interface 'HDMI': A port map to the required logical port "DDC_SCL_T" of the bus abstraction "xilinx.com:interface:hdmi_rtl:2.0" is missing.
WARNING: [IP_Flow 19-1965] Bus Interface 'HDMI': A port map to the required logical port "DDC_SDA_I" of the bus abstraction "xilinx.com:interface:hdmi_rtl:2.0" is missing.
WARNING: [IP_Flow 19-1965] Bus Interface 'HDMI': A port map to the required logical port "DDC_SDA_O" of the bus abstraction "xilinx.com:interface:hdmi_rtl:2.0" is missing.
WARNING: [IP_Flow 19-1965] Bus Interface 'HDMI': A port map to the required logical port "DDC_SDA_T" of the bus abstraction "xilinx.com:interface:hdmi_rtl:2.0" is missing.
WARNING: [IP_Flow 19-1965] Bus Interface 'HDMI': A port map to the required logical port "CABLE_CONNECT" of the bus abstraction "xilinx.com:interface:hdmi_rtl:2.0" is missing.
WARNING: [IP_Flow 19-1965] Bus Interface 'HDMI': A port map to the required logical port "HPD" of the bus abstraction "xilinx.com:interface:hdmi_rtl:2.0" is missing.
INFO: [IP_Flow 19-2181] Payment Required is not set for this core.
INFO: [IP_Flow 19-2187] The Product Guide file is missing.
INFO: [Ipptcl 7-1486] check_integrity: Integrity check passed.
ipx::save_core [ipx::current_core]
current_project hdmi_text_controller_v1_0_project
ipx::move_temp_component_back -component [ipx::current_core]
close_project -delete
ERROR: [Project 1-161] Failed to remove the directory 'c:/users/curti/onedrive/documents/uiuc/ece-385/vivado_projects/lab7_1/lab7_1.tmp/hdmi_text_controller_v1_0_project/hdmi_text_controller_v1_0_project.runs'. The directory might be in use by some other process.
update_ip_catalog -rebuild -scan_changes
INFO: [IP_Flow 19-234] Refreshing IP repositories
INFO: [IP_Flow 19-1700] Loaded user IP repository 'c:/Users/curti/OneDrive/Documents/UIUC/ECE-385/Vivado_Projects/ip_repo/hdmi_text_controller_1_0'.
INFO: [IP_Flow 19-1700] Loaded user IP repository 'c:/Users/curti/OneDrive/Documents/UIUC/ECE-385/Vivado_Projects/lab7_1/lab7_1_provided_fa24/hdmi_tx_1.0'.
report_ip_status -name ip_status
upgrade_ip [get_ips  {hdmi_text_controller_0 design_1_hdmi_text_controller_0_0}] -log ip_upgrade.log
Reading block design file <C:/Users/curti/OneDrive/Documents/UIUC/ECE-385/Vivado_Projects/lab7_1/lab7_1.srcs/sources_1/bd/design_1/design_1.bd>...
Adding component instance block -- xilinx.com:ip:microblaze:11.0 - microblaze_0
Adding component instance block -- xilinx.com:ip:lmb_v10:3.0 - dlmb_v10
Adding component instance block -- xilinx.com:ip:lmb_v10:3.0 - ilmb_v10
Adding component instance block -- xilinx.com:ip:lmb_bram_if_cntlr:4.0 - dlmb_bram_if_cntlr
Adding component instance block -- xilinx.com:ip:lmb_bram_if_cntlr:4.0 - ilmb_bram_if_cntlr
Adding component instance block -- xilinx.com:ip:blk_mem_gen:8.4 - lmb_bram
Adding component instance block -- xilinx.com:ip:axi_interconnect:2.1 - microblaze_0_axi_periph
Adding component instance block -- xilinx.com:ip:axi_crossbar:2.1 - xbar
Adding component instance block -- xilinx.com:ip:axi_intc:4.1 - microblaze_0_axi_intc
Adding component instance block -- xilinx.com:ip:mdm:3.2 - mdm_1
Adding component instance block -- xilinx.com:ip:clk_wiz:6.0 - clk_wiz_1
Adding component instance block -- xilinx.com:ip:proc_sys_reset:5.0 - rst_clk_wiz_1_100M
Adding component instance block -- xilinx.com:ip:axi_uartlite:2.0 - axi_uartlite_0
Adding component instance block -- xilinx.com:user:hdmi_text_controller:1.0 - hdmi_text_controller_0
Successfully read diagram <design_1> from block design file <C:/Users/curti/OneDrive/Documents/UIUC/ECE-385/Vivado_Projects/lab7_1/lab7_1.srcs/sources_1/bd/design_1/design_1.bd>
Upgrading 'C:/Users/curti/OneDrive/Documents/UIUC/ECE-385/Vivado_Projects/lab7_1/lab7_1.srcs/sources_1/bd/design_1/design_1.bd'
WARNING: [Vivado 12-1017] Problems encountered:
1. Failed to delete one or more files in run directory C:/Users/curti/OneDrive/Documents/UIUC/ECE-385/Vivado_Projects/lab7_1/lab7_1.runs/design_1_hdmi_text_controller_0_0_synth_1

INFO: [IP_Flow 19-3422] Upgraded design_1_hdmi_text_controller_0_0 (hdmi_text_controller_v1.0 1.0) from revision 4 to revision 6
Wrote  : <C:\Users\curti\OneDrive\Documents\UIUC\ECE-385\Vivado_Projects\lab7_1\lab7_1.srcs\sources_1\bd\design_1\design_1.bd> 
Upgrading 'hdmi_text_controller_0'
INFO: [IP_Flow 19-3422] Upgraded hdmi_text_controller_0 (hdmi_text_controller_v1.0 1.0) from revision 4 to revision 6
INFO: [IP_Flow 19-1686] Generating 'Instantiation Template' target for IP 'hdmi_text_controller_0'...
INFO: [Coretcl 2-1525] Wrote upgrade log to 'C:/Users/curti/OneDrive/Documents/UIUC/ECE-385/Vivado_Projects/lab7_1/ip_upgrade.log'.
export_ip_user_files -of_objects [get_ips {hdmi_text_controller_0 design_1_hdmi_text_controller_0_0}] -no_script -sync -force -quiet
ipx::edit_ip_in_project -upgrade true -name hdmi_text_controller_v1_0_project -directory C:/Users/curti/OneDrive/Documents/UIUC/ECE-385/Vivado_Projects/lab7_1/lab7_1.tmp/hdmi_text_controller_v1_0_project c:/Users/curti/OneDrive/Documents/UIUC/ECE-385/Vivado_Projects/ip_repo/hdmi_text_controller_1_0/component.xml
ERROR: [Project 1-161] Failed to remove the directory 'c:/users/curti/onedrive/documents/uiuc/ece-385/vivado_projects/lab7_1/lab7_1.tmp/hdmi_text_controller_v1_0_project/hdmi_text_controller_v1_0_project.runs'. The directory might be in use by some other process.
ERROR: [Ipptcl 7-562] Cannot create project 'hdmi_text_controller_v1_0_project'.
ERROR: [Common 17-39] 'ipx::edit_ip_in_project' failed due to earlier errors.
exit
INFO: xsimkernel Simulation Memory Usage: 80844 KB (Peak: 80844 KB), Simulation CPU Usage: 360468 ms
INFO: [Common 17-206] Exiting Vivado at Thu Oct 31 16:46:56 2024...
