#-----------------------------------------------------------
# Vivado v2022.2 (64-bit)
# SW Build 3671981 on Fri Oct 14 05:00:03 MDT 2022
# IP Build 3669848 on Fri Oct 14 08:30:02 MDT 2022
# Start of session at: Thu Oct 31 23:27:26 2024
# Process ID: 19756
# Current directory: C:/Users/curti/OneDrive/Documents/UIUC/ECE-385/Vivado_Projects/lab7_1
# Command line: vivado.exe -gui_launcher_event rodinguilauncherevent1464 C:\Users\curti\OneDrive\Documents\UIUC\ECE-385\Vivado_Projects\lab7_1\lab7_1.xpr
# Log file: C:/Users/curti/OneDrive/Documents/UIUC/ECE-385/Vivado_Projects/lab7_1/vivado.log
# Journal file: C:/Users/curti/OneDrive/Documents/UIUC/ECE-385/Vivado_Projects/lab7_1\vivado.jou
# Running On: Curtis-Laptop, OS: Windows, CPU Frequency: 2688 MHz, CPU Physical cores: 14, Host memory: 34014 MB
#-----------------------------------------------------------
start_gui
open_project C:/Users/curti/OneDrive/Documents/UIUC/ECE-385/Vivado_Projects/lab7_1/lab7_1.xpr
WARNING: [Board 49-26] cannot add Board Part xilinx.com:ac701:part0:1.4 available at C:/Xilinx/Vivado/2022.2/data/xhub/boards/XilinxBoardStore/boards/Xilinx/ac701/1.4/board.xml as part xc7a200tfbg676-2 specified in board_part file is either invalid or not available
WARNING: [Board 49-26] cannot add Board Part xilinx.com:k26c:part0:1.2 available at C:/Xilinx/Vivado/2022.2/data/xhub/boards/XilinxBoardStore/boards/Xilinx/k26c/1.2/board.xml as part xck26-sfvc784-2lv-c specified in board_part file is either invalid or not available
WARNING: [Board 49-26] cannot add Board Part xilinx.com:k26c:part0:1.3 available at C:/Xilinx/Vivado/2022.2/data/xhub/boards/XilinxBoardStore/boards/Xilinx/k26c/1.3/board.xml as part xck26-sfvc784-2lv-c specified in board_part file is either invalid or not available
WARNING: [Board 49-26] cannot add Board Part xilinx.com:k26c:part0:1.4 available at C:/Xilinx/Vivado/2022.2/data/xhub/boards/XilinxBoardStore/boards/Xilinx/k26c/1.4/board.xml as part xck26-sfvc784-2lv-c specified in board_part file is either invalid or not available
WARNING: [Board 49-26] cannot add Board Part xilinx.com:k26i:part0:1.2 available at C:/Xilinx/Vivado/2022.2/data/xhub/boards/XilinxBoardStore/boards/Xilinx/k26i/1.2/board.xml as part xck26-sfvc784-2lvi-i specified in board_part file is either invalid or not available
WARNING: [Board 49-26] cannot add Board Part xilinx.com:k26i:part0:1.3 available at C:/Xilinx/Vivado/2022.2/data/xhub/boards/XilinxBoardStore/boards/Xilinx/k26i/1.3/board.xml as part xck26-sfvc784-2lvi-i specified in board_part file is either invalid or not available
WARNING: [Board 49-26] cannot add Board Part xilinx.com:k26i:part0:1.4 available at C:/Xilinx/Vivado/2022.2/data/xhub/boards/XilinxBoardStore/boards/Xilinx/k26i/1.4/board.xml as part xck26-sfvc784-2lvi-i specified in board_part file is either invalid or not available
WARNING: [Board 49-26] cannot add Board Part xilinx.com:kc705:part0:1.6 available at C:/Xilinx/Vivado/2022.2/data/xhub/boards/XilinxBoardStore/boards/Xilinx/kc705/1.6/board.xml as part xc7k325tffg900-2 specified in board_part file is either invalid or not available
WARNING: [Board 49-26] cannot add Board Part xilinx.com:kcu105:part0:1.6 available at C:/Xilinx/Vivado/2022.2/data/xhub/boards/XilinxBoardStore/boards/Xilinx/kcu105/1.6/board.xml as part xcku040-ffva1156-2-e specified in board_part file is either invalid or not available
WARNING: [Board 49-26] cannot add Board Part xilinx.com:kcu105:part0:1.7 available at C:/Xilinx/Vivado/2022.2/data/xhub/boards/XilinxBoardStore/boards/Xilinx/kcu105/1.7/board.xml as part xcku040-ffva1156-2-e specified in board_part file is either invalid or not available
WARNING: [Board 49-26] cannot add Board Part xilinx.com:kcu116:part0:1.4 available at C:/Xilinx/Vivado/2022.2/data/xhub/boards/XilinxBoardStore/boards/Xilinx/kcu116/1.4/board.xml as part xcku5p-ffvb676-2-e specified in board_part file is either invalid or not available
WARNING: [Board 49-26] cannot add Board Part xilinx.com:kcu116:part0:1.5 available at C:/Xilinx/Vivado/2022.2/data/xhub/boards/XilinxBoardStore/boards/Xilinx/kcu116/1.5/board.xml as part xcku5p-ffvb676-2-e specified in board_part file is either invalid or not available
WARNING: [Board 49-26] cannot add Board Part xilinx.com:kcu1500:part0:1.2 available at C:/Xilinx/Vivado/2022.2/data/xhub/boards/XilinxBoardStore/boards/Xilinx/kcu1500/1.2/board.xml as part xcku115-flvb2104-2-e specified in board_part file is either invalid or not available
WARNING: [Board 49-26] cannot add Board Part xilinx.com:kr260_som:part0:1.0 available at C:/Xilinx/Vivado/2022.2/data/xhub/boards/XilinxBoardStore/boards/Xilinx/kr260_som/1.0/board.xml as part xck26-sfvc784-2lv-c specified in board_part file is either invalid or not available
WARNING: [Board 49-26] cannot add Board Part xilinx.com:kr260_som:part0:1.1 available at C:/Xilinx/Vivado/2022.2/data/xhub/boards/XilinxBoardStore/boards/Xilinx/kr260_som/1.1/board.xml as part xck26-sfvc784-2lv-c specified in board_part file is either invalid or not available
WARNING: [Board 49-26] cannot add Board Part xilinx.com:kv260_som:part0:1.2 available at C:/Xilinx/Vivado/2022.2/data/xhub/boards/XilinxBoardStore/boards/Xilinx/kv260_som/1.2/board.xml as part xck26-sfvc784-2lv-c specified in board_part file is either invalid or not available
WARNING: [Board 49-26] cannot add Board Part xilinx.com:kv260_som:part0:1.3 available at C:/Xilinx/Vivado/2022.2/data/xhub/boards/XilinxBoardStore/boards/Xilinx/kv260_som/1.3/board.xml as part xck26-sfvc784-2lv-c specified in board_part file is either invalid or not available
WARNING: [Board 49-26] cannot add Board Part xilinx.com:kv260_som:part0:1.4 available at C:/Xilinx/Vivado/2022.2/data/xhub/boards/XilinxBoardStore/boards/Xilinx/kv260_som/1.4/board.xml as part xck26-sfvc784-2lv-c specified in board_part file is either invalid or not available
WARNING: [Board 49-26] cannot add Board Part xilinx.com:vc707:part0:1.4 available at C:/Xilinx/Vivado/2022.2/data/xhub/boards/XilinxBoardStore/boards/Xilinx/vc707/1.4/board.xml as part xc7vx485tffg1761-2 specified in board_part file is either invalid or not available
WARNING: [Board 49-26] cannot add Board Part xilinx.com:vc709:part0:1.8 available at C:/Xilinx/Vivado/2022.2/data/xhub/boards/XilinxBoardStore/boards/Xilinx/vc709/1.8/board.xml as part xc7vx690tffg1761-2 specified in board_part file is either invalid or not available
WARNING: [Board 49-26] cannot add Board Part xilinx.com:vck190:part0:2.2 available at C:/Xilinx/Vivado/2022.2/data/xhub/boards/XilinxBoardStore/boards/Xilinx/vck190/production/2.2/board.xml as part xcvc1902-vsva2197-2mp-e-s specified in board_part file is either invalid or not available
WARNING: [Board 49-26] cannot add Board Part xilinx.com:vck190:part0:3.0 available at C:/Xilinx/Vivado/2022.2/data/xhub/boards/XilinxBoardStore/boards/Xilinx/vck190/production/3.0/board.xml as part xcvc1902-vsva2197-2mp-e-s specified in board_part file is either invalid or not available
WARNING: [Board 49-26] cannot add Board Part xilinx.com:vck190:part0:3.1 available at C:/Xilinx/Vivado/2022.2/data/xhub/boards/XilinxBoardStore/boards/Xilinx/vck190/production/3.1/board.xml as part xcvc1902-vsva2197-2mp-e-s specified in board_part file is either invalid or not available
WARNING: [Board 49-26] cannot add Board Part xilinx.com:vck190_newl:part0:1.0 available at C:/Xilinx/Vivado/2022.2/data/xhub/boards/XilinxBoardStore/boards/Xilinx/vck190_newl/production/1.0/board.xml as part xcvc1902-vsva2197-2mp-e-s specified in board_part file is either invalid or not available
WARNING: [Board 49-26] cannot add Board Part xilinx.com:vcu108:part0:1.6 available at C:/Xilinx/Vivado/2022.2/data/xhub/boards/XilinxBoardStore/boards/Xilinx/vcu108/1.6/board.xml as part xcvu095-ffva2104-2-e specified in board_part file is either invalid or not available
WARNING: [Board 49-26] cannot add Board Part xilinx.com:vcu108:part0:1.7 available at C:/Xilinx/Vivado/2022.2/data/xhub/boards/XilinxBoardStore/boards/Xilinx/vcu108/1.7/board.xml as part xcvu095-ffva2104-2-e specified in board_part file is either invalid or not available
WARNING: [Board 49-26] cannot add Board Part xilinx.com:vcu110:part0:1.4 available at C:/Xilinx/Vivado/2022.2/data/xhub/boards/XilinxBoardStore/boards/Xilinx/vcu110/1.4/board.xml as part xcvu190-flgc2104-2-e specified in board_part file is either invalid or not available
WARNING: [Board 49-26] cannot add Board Part xilinx.com:vcu118:part0:2.0 available at C:/Xilinx/Vivado/2022.2/data/xhub/boards/XilinxBoardStore/boards/Xilinx/vcu118/2.0/board.xml as part xcvu9p-flga2104-2l-e specified in board_part file is either invalid or not available
WARNING: [Board 49-26] cannot add Board Part xilinx.com:vcu118:part0:2.3 available at C:/Xilinx/Vivado/2022.2/data/xhub/boards/XilinxBoardStore/boards/Xilinx/vcu118/2.3/board.xml as part xcvu9p-flga2104-2l-e specified in board_part file is either invalid or not available
WARNING: [Board 49-26] cannot add Board Part xilinx.com:vcu118:part0:2.4 available at C:/Xilinx/Vivado/2022.2/data/xhub/boards/XilinxBoardStore/boards/Xilinx/vcu118/2.4/board.xml as part xcvu9p-flga2104-2l-e specified in board_part file is either invalid or not available
WARNING: [Board 49-26] cannot add Board Part xilinx.com:vcu128:part0:1.0 available at C:/Xilinx/Vivado/2022.2/data/xhub/boards/XilinxBoardStore/boards/Xilinx/vcu128/production/1.0/board.xml as part xcvu37p-fsvh2892-2l-e specified in board_part file is either invalid or not available
WARNING: [Board 49-26] cannot add Board Part xilinx.com:vcu129:part0:1.0 available at C:/Xilinx/Vivado/2022.2/data/xhub/boards/XilinxBoardStore/boards/Xilinx/vcu129/production/1.0/board.xml as part xcvu29p-fsga2577-2l-e specified in board_part file is either invalid or not available
WARNING: [Board 49-26] cannot add Board Part xilinx.com:vcu1525:part0:1.3 available at C:/Xilinx/Vivado/2022.2/data/xhub/boards/XilinxBoardStore/boards/Xilinx/vcu1525/1.3/board.xml as part xcvu9p-fsgd2104-2l-e specified in board_part file is either invalid or not available
WARNING: [Board 49-26] cannot add Board Part xilinx.com:vek280_es:part0:1.0 available at C:/Xilinx/Vivado/2022.2/data/xhub/boards/XilinxBoardStore/boards/Xilinx/vek280/es/1.0/board.xml as part xcve2802-vsvh1760-2lp-e-s-es1 specified in board_part file is either invalid or not available
WARNING: [Board 49-26] cannot add Board Part xilinx.com:vermeo_t1_mpsoc:part0:1.0 available at C:/Xilinx/Vivado/2022.2/data/xhub/boards/XilinxBoardStore/boards/Xilinx/vermeo_t1_mpsoc/1.0/board.xml as part xczu19eg-ffvd1760-2l-e specified in board_part file is either invalid or not available
WARNING: [Board 49-26] cannot add Board Part xilinx.com:vermeo_t1_rfsoc:part0:1.0 available at C:/Xilinx/Vivado/2022.2/data/xhub/boards/XilinxBoardStore/boards/Xilinx/vermeo_t1_rfsoc/1.0/board.xml as part xczu21dr-ffvd1156-2l-e specified in board_part file is either invalid or not available
WARNING: [Board 49-26] cannot add Board Part xilinx.com:vhk158_es:part0:1.0 available at C:/Xilinx/Vivado/2022.2/data/xhub/boards/XilinxBoardStore/boards/Xilinx/vhk158/es/1.0/board.xml as part xcvh1582-vsva3697-2mp-e-s-es1 specified in board_part file is either invalid or not available
WARNING: [Board 49-26] cannot add Board Part xilinx.com:vmk180:part0:2.2 available at C:/Xilinx/Vivado/2022.2/data/xhub/boards/XilinxBoardStore/boards/Xilinx/vmk180/production/2.2/board.xml as part xcvm1802-vsva2197-2mp-e-s specified in board_part file is either invalid or not available
WARNING: [Board 49-26] cannot add Board Part xilinx.com:vmk180:part0:3.0 available at C:/Xilinx/Vivado/2022.2/data/xhub/boards/XilinxBoardStore/boards/Xilinx/vmk180/production/3.0/board.xml as part xcvm1802-vsva2197-2mp-e-s specified in board_part file is either invalid or not available
WARNING: [Board 49-26] cannot add Board Part xilinx.com:vmk180:part0:3.1 available at C:/Xilinx/Vivado/2022.2/data/xhub/boards/XilinxBoardStore/boards/Xilinx/vmk180/production/3.1/board.xml as part xcvm1802-vsva2197-2mp-e-s specified in board_part file is either invalid or not available
WARNING: [Board 49-26] cannot add Board Part xilinx.com:vmk180_newl:part0:1.0 available at C:/Xilinx/Vivado/2022.2/data/xhub/boards/XilinxBoardStore/boards/Xilinx/vmk180_newl/production/1.0/board.xml as part xcvm1802-vsva2197-2mp-e-s specified in board_part file is either invalid or not available
WARNING: [Board 49-26] cannot add Board Part xilinx.com:vpk120:part0:1.0 available at C:/Xilinx/Vivado/2022.2/data/xhub/boards/XilinxBoardStore/boards/Xilinx/vpk120/production/1.0/board.xml as part xcvp1202-vsva2785-2mp-e-s specified in board_part file is either invalid or not available
WARNING: [Board 49-26] cannot add Board Part xilinx.com:vpk120_es:part0:1.2 available at C:/Xilinx/Vivado/2022.2/data/xhub/boards/XilinxBoardStore/boards/Xilinx/vpk120/es/1.2/board.xml as part xcvp1202-vsva2785-2mp-e-s-es1 specified in board_part file is either invalid or not available
WARNING: [Board 49-26] cannot add Board Part xilinx.com:vpk120_es_revb:part0:1.0 available at C:/Xilinx/Vivado/2022.2/data/xhub/boards/XilinxBoardStore/boards/Xilinx/vpk120_revb/es/1.0/board.xml as part xcvp1202-vsva2785-2mp-e-s-es1 specified in board_part file is either invalid or not available
WARNING: [Board 49-26] cannot add Board Part xilinx.com:vpk180_es:part0:1.0 available at C:/Xilinx/Vivado/2022.2/data/xhub/boards/XilinxBoardStore/boards/Xilinx/vpk180/es/1.0/board.xml as part xcvp1802-lsvc4072-2mp-e-s-es1 specified in board_part file is either invalid or not available
WARNING: [Board 49-26] cannot add Board Part xilinx.com:zc702:part0:1.4 available at C:/Xilinx/Vivado/2022.2/data/xhub/boards/XilinxBoardStore/boards/Xilinx/zc702/1.4/board.xml as part xc7z020clg484-1 specified in board_part file is either invalid or not available
WARNING: [Board 49-26] cannot add Board Part xilinx.com:zc706:part0:1.4 available at C:/Xilinx/Vivado/2022.2/data/xhub/boards/XilinxBoardStore/boards/Xilinx/zc706/1.4/board.xml as part xc7z045ffg900-2 specified in board_part file is either invalid or not available
WARNING: [Board 49-26] cannot add Board Part xilinx.com:zcu102:part0:3.3 available at C:/Xilinx/Vivado/2022.2/data/xhub/boards/XilinxBoardStore/boards/Xilinx/zcu102/3.3/board.xml as part xczu9eg-ffvb1156-2-e specified in board_part file is either invalid or not available
WARNING: [Board 49-26] cannot add Board Part xilinx.com:zcu102:part0:3.4 available at C:/Xilinx/Vivado/2022.2/data/xhub/boards/XilinxBoardStore/boards/Xilinx/zcu102/3.4/board.xml as part xczu9eg-ffvb1156-2-e specified in board_part file is either invalid or not available
WARNING: [Board 49-26] cannot add Board Part xilinx.com:zcu104:part0:1.1 available at C:/Xilinx/Vivado/2022.2/data/xhub/boards/XilinxBoardStore/boards/Xilinx/zcu104/1.1/board.xml as part xczu7ev-ffvc1156-2-e specified in board_part file is either invalid or not available
WARNING: [Board 49-26] cannot add Board Part xilinx.com:zcu106:part0:2.4 available at C:/Xilinx/Vivado/2022.2/data/xhub/boards/XilinxBoardStore/boards/Xilinx/zcu106/2.4/board.xml as part xczu7ev-ffvc1156-2-e specified in board_part file is either invalid or not available
WARNING: [Board 49-26] cannot add Board Part xilinx.com:zcu106:part0:2.5 available at C:/Xilinx/Vivado/2022.2/data/xhub/boards/XilinxBoardStore/boards/Xilinx/zcu106/2.5/board.xml as part xczu7ev-ffvc1156-2-e specified in board_part file is either invalid or not available
WARNING: [Board 49-26] cannot add Board Part xilinx.com:zcu106:part0:2.6 available at C:/Xilinx/Vivado/2022.2/data/xhub/boards/XilinxBoardStore/boards/Xilinx/zcu106/2.6/board.xml as part xczu7ev-ffvc1156-2-e specified in board_part file is either invalid or not available
WARNING: [Board 49-26] cannot add Board Part xilinx.com:zcu111:part0:1.2 available at C:/Xilinx/Vivado/2022.2/data/xhub/boards/XilinxBoardStore/boards/Xilinx/zcu111/1.2/board.xml as part xczu28dr-ffvg1517-2-e specified in board_part file is either invalid or not available
WARNING: [Board 49-26] cannot add Board Part xilinx.com:zcu111:part0:1.3 available at C:/Xilinx/Vivado/2022.2/data/xhub/boards/XilinxBoardStore/boards/Xilinx/zcu111/1.3/board.xml as part xczu28dr-ffvg1517-2-e specified in board_part file is either invalid or not available
WARNING: [Board 49-26] cannot add Board Part xilinx.com:zcu111:part0:1.4 available at C:/Xilinx/Vivado/2022.2/data/xhub/boards/XilinxBoardStore/boards/Xilinx/zcu111/1.4/board.xml as part xczu28dr-ffvg1517-2-e specified in board_part file is either invalid or not available
WARNING: [Board 49-26] cannot add Board Part xilinx.com:zcu1275:part0:1.0 available at C:/Xilinx/Vivado/2022.2/data/xhub/boards/XilinxBoardStore/boards/Xilinx/zcu1275/1.0/board.xml as part xczu29dr-ffvf1760-2-e specified in board_part file is either invalid or not available
WARNING: [Board 49-26] cannot add Board Part xilinx.com:zcu1285:part0:1.0 available at C:/Xilinx/Vivado/2022.2/data/xhub/boards/XilinxBoardStore/boards/Xilinx/zcu1285/1.0/board.xml as part xczu39dr-ffvf1760-2-i specified in board_part file is either invalid or not available
WARNING: [Board 49-26] cannot add Board Part xilinx.com:zcu208:part0:2.0 available at C:/Xilinx/Vivado/2022.2/data/xhub/boards/XilinxBoardStore/boards/Xilinx/zcu208/production/2.0/board.xml as part xczu48dr-fsvg1517-2-e specified in board_part file is either invalid or not available
WARNING: [Board 49-26] cannot add Board Part xilinx.com:zcu208ld:part0:2.0 available at C:/Xilinx/Vivado/2022.2/data/xhub/boards/XilinxBoardStore/boards/Xilinx/zcu208ld/production/2.0/board.xml as part xczu58dr-fsvg1517-2-i specified in board_part file is either invalid or not available
WARNING: [Board 49-26] cannot add Board Part xilinx.com:zcu216:part0:2.0 available at C:/Xilinx/Vivado/2022.2/data/xhub/boards/XilinxBoardStore/boards/Xilinx/zcu216/production/2.0/board.xml as part xczu49dr-ffvf1760-2-e specified in board_part file is either invalid or not available
WARNING: [Board 49-26] cannot add Board Part xilinx.com:zcu216ld:part0:2.0 available at C:/Xilinx/Vivado/2022.2/data/xhub/boards/XilinxBoardStore/boards/Xilinx/zcu216ld/production/2.0/board.xml as part xczu59dr-ffvf1760-2-i specified in board_part file is either invalid or not available
WARNING: [Board 49-26] cannot add Board Part xilinx.com:zcu670:part0:2.0 available at C:/Xilinx/Vivado/2022.2/data/xhub/boards/XilinxBoardStore/boards/Xilinx/zcu670/2.0/board.xml as part xczu67dr-fsve1156-2-i specified in board_part file is either invalid or not available
WARNING: [Board 49-26] cannot add Board Part xilinx.com:zcu670ld:part0:1.0 available at C:/Xilinx/Vivado/2022.2/data/xhub/boards/XilinxBoardStore/boards/Xilinx/zcu670ld/1.0/board.xml as part xczu57dr-fsve1156-2-i specified in board_part file is either invalid or not available
Scanning sources...
Finished scanning sources
INFO: [IP_Flow 19-234] Refreshing IP repositories
INFO: [IP_Flow 19-1700] Loaded user IP repository 'c:/Users/curti/OneDrive/Documents/UIUC/ECE-385/Vivado_Projects/ip_repo/hdmi_text_controller_1_0'.
INFO: [IP_Flow 19-1700] Loaded user IP repository 'c:/Users/curti/OneDrive/Documents/UIUC/ECE-385/Vivado_Projects/lab7_1/lab7_1_provided_fa24/hdmi_tx_1.0'.
INFO: [IP_Flow 19-2313] Loaded Vivado IP repository 'C:/Xilinx/Vivado/2022.2/data/ip'.
WARNING: [IP_Flow 19-3664] IP 'design_1_hdmi_text_controller_0_0' generated file not found 'c:/Users/curti/OneDrive/Documents/UIUC/ECE-385/Vivado_Projects/lab7_1/lab7_1.gen/sources_1/bd/design_1/ip/design_1_hdmi_text_controller_0_0/design_1_hdmi_text_controller_0_0.dcp'. Please regenerate to continue.
WARNING: [IP_Flow 19-3664] IP 'design_1_hdmi_text_controller_0_0' generated file not found 'c:/Users/curti/OneDrive/Documents/UIUC/ECE-385/Vivado_Projects/lab7_1/lab7_1.gen/sources_1/bd/design_1/ip/design_1_hdmi_text_controller_0_0/design_1_hdmi_text_controller_0_0_stub.v'. Please regenerate to continue.
WARNING: [IP_Flow 19-3664] IP 'design_1_hdmi_text_controller_0_0' generated file not found 'c:/Users/curti/OneDrive/Documents/UIUC/ECE-385/Vivado_Projects/lab7_1/lab7_1.gen/sources_1/bd/design_1/ip/design_1_hdmi_text_controller_0_0/design_1_hdmi_text_controller_0_0_stub.vhdl'. Please regenerate to continue.
WARNING: [IP_Flow 19-3664] IP 'design_1_hdmi_text_controller_0_0' generated file not found 'c:/Users/curti/OneDrive/Documents/UIUC/ECE-385/Vivado_Projects/lab7_1/lab7_1.gen/sources_1/bd/design_1/ip/design_1_hdmi_text_controller_0_0/design_1_hdmi_text_controller_0_0_sim_netlist.v'. Please regenerate to continue.
WARNING: [IP_Flow 19-3664] IP 'design_1_hdmi_text_controller_0_0' generated file not found 'c:/Users/curti/OneDrive/Documents/UIUC/ECE-385/Vivado_Projects/lab7_1/lab7_1.gen/sources_1/bd/design_1/ip/design_1_hdmi_text_controller_0_0/design_1_hdmi_text_controller_0_0_sim_netlist.vhdl'. Please regenerate to continue.
open_project: Time (s): cpu = 00:00:08 ; elapsed = 00:00:08 . Memory (MB): peak = 1189.828 ; gain = 365.930
update_compile_order -fileset sources_1
open_bd_design {C:/Users/curti/OneDrive/Documents/UIUC/ECE-385/Vivado_Projects/lab7_1/lab7_1.srcs/sources_1/bd/design_1/design_1.bd}
Reading block design file <C:/Users/curti/OneDrive/Documents/UIUC/ECE-385/Vivado_Projects/lab7_1/lab7_1.srcs/sources_1/bd/design_1/design_1.bd>...
Adding component instance block -- xilinx.com:ip:microblaze:11.0 - microblaze_0
Adding component instance block -- xilinx.com:ip:lmb_v10:3.0 - dlmb_v10
Adding component instance block -- xilinx.com:ip:lmb_v10:3.0 - ilmb_v10
Adding component instance block -- xilinx.com:ip:lmb_bram_if_cntlr:4.0 - dlmb_bram_if_cntlr
Adding component instance block -- xilinx.com:ip:lmb_bram_if_cntlr:4.0 - ilmb_bram_if_cntlr
Adding component instance block -- xilinx.com:ip:blk_mem_gen:8.4 - lmb_bram
Adding component instance block -- xilinx.com:ip:axi_interconnect:2.1 - microblaze_0_axi_periph
Adding component instance block -- xilinx.com:ip:axi_crossbar:2.1 - xbar
Adding component instance block -- xilinx.com:ip:axi_intc:4.1 - microblaze_0_axi_intc
Adding component instance block -- xilinx.com:ip:mdm:3.2 - mdm_1
Adding component instance block -- xilinx.com:ip:clk_wiz:6.0 - clk_wiz_1
Adding component instance block -- xilinx.com:ip:proc_sys_reset:5.0 - rst_clk_wiz_1_100M
Adding component instance block -- xilinx.com:ip:axi_uartlite:2.0 - axi_uartlite_0
Adding component instance block -- xilinx.com:user:hdmi_text_controller:1.0 - hdmi_text_controller_0
Successfully read diagram <design_1> from block design file <C:/Users/curti/OneDrive/Documents/UIUC/ECE-385/Vivado_Projects/lab7_1/lab7_1.srcs/sources_1/bd/design_1/design_1.bd>
open_bd_design {C:/Users/curti/OneDrive/Documents/UIUC/ECE-385/Vivado_Projects/lab7_1/lab7_1.srcs/sources_1/bd/design_1/design_1.bd}
open_bd_design {C:/Users/curti/OneDrive/Documents/UIUC/ECE-385/Vivado_Projects/lab7_1/lab7_1.srcs/sources_1/bd/design_1/design_1.bd}
validate_bd_design
WARNING: [filemgmt 56-443] The ECC Algorithm string is empty. Setting the Memory Map to default ECC value to ECC_NONE.
INFO: [xilinx.com:ip:axi_intc:4.1-1] /microblaze_0_axi_intc: The AXI INTC core has been configured to operate with synchronous clocks.
INFO: [xilinx.com:ip:clk_wiz:6.0-1] /clk_wiz_1 clk_wiz propagate
ipx::edit_ip_in_project -upgrade true -name hdmi_text_controller_v1_0_project -directory C:/Users/curti/OneDrive/Documents/UIUC/ECE-385/Vivado_Projects/lab7_1/lab7_1.tmp/hdmi_text_controller_v1_0_project c:/Users/curti/OneDrive/Documents/UIUC/ECE-385/Vivado_Projects/ip_repo/hdmi_text_controller_1_0/component.xml
INFO: [ProjectBase 1-489] The host OS only allows 260 characters in a normal path. The project is stored in a path with more than 80 characters. If you experience issues with IP, Block Designs, or files not being found, please consider moving the project to a location with a shorter path. Alternately consider using the OS subst command to map part of the path to a drive letter.
Current project path is 'c:/users/curti/onedrive/documents/uiuc/ece-385/vivado_projects/lab7_1/lab7_1.tmp/hdmi_text_controller_v1_0_project'
INFO: [IP_Flow 19-234] Refreshing IP repositories
INFO: [IP_Flow 19-1704] No user IP repositories specified
INFO: [IP_Flow 19-2313] Loaded Vivado IP repository 'C:/Xilinx/Vivado/2022.2/data/ip'.
WARNING: [Board 49-26] cannot add Board Part xilinx.com:ac701:part0:1.4 available at C:/Xilinx/Vivado/2022.2/data/xhub/boards/XilinxBoardStore/boards/Xilinx/ac701/1.4/board.xml as part xc7a200tfbg676-2 specified in board_part file is either invalid or not available
WARNING: [Board 49-26] cannot add Board Part xilinx.com:k26c:part0:1.2 available at C:/Xilinx/Vivado/2022.2/data/xhub/boards/XilinxBoardStore/boards/Xilinx/k26c/1.2/board.xml as part xck26-sfvc784-2lv-c specified in board_part file is either invalid or not available
WARNING: [Board 49-26] cannot add Board Part xilinx.com:k26c:part0:1.3 available at C:/Xilinx/Vivado/2022.2/data/xhub/boards/XilinxBoardStore/boards/Xilinx/k26c/1.3/board.xml as part xck26-sfvc784-2lv-c specified in board_part file is either invalid or not available
WARNING: [Board 49-26] cannot add Board Part xilinx.com:k26c:part0:1.4 available at C:/Xilinx/Vivado/2022.2/data/xhub/boards/XilinxBoardStore/boards/Xilinx/k26c/1.4/board.xml as part xck26-sfvc784-2lv-c specified in board_part file is either invalid or not available
WARNING: [Board 49-26] cannot add Board Part xilinx.com:k26i:part0:1.2 available at C:/Xilinx/Vivado/2022.2/data/xhub/boards/XilinxBoardStore/boards/Xilinx/k26i/1.2/board.xml as part xck26-sfvc784-2lvi-i specified in board_part file is either invalid or not available
WARNING: [Board 49-26] cannot add Board Part xilinx.com:k26i:part0:1.3 available at C:/Xilinx/Vivado/2022.2/data/xhub/boards/XilinxBoardStore/boards/Xilinx/k26i/1.3/board.xml as part xck26-sfvc784-2lvi-i specified in board_part file is either invalid or not available
WARNING: [Board 49-26] cannot add Board Part xilinx.com:k26i:part0:1.4 available at C:/Xilinx/Vivado/2022.2/data/xhub/boards/XilinxBoardStore/boards/Xilinx/k26i/1.4/board.xml as part xck26-sfvc784-2lvi-i specified in board_part file is either invalid or not available
WARNING: [Board 49-26] cannot add Board Part xilinx.com:kc705:part0:1.6 available at C:/Xilinx/Vivado/2022.2/data/xhub/boards/XilinxBoardStore/boards/Xilinx/kc705/1.6/board.xml as part xc7k325tffg900-2 specified in board_part file is either invalid or not available
WARNING: [Board 49-26] cannot add Board Part xilinx.com:kcu105:part0:1.6 available at C:/Xilinx/Vivado/2022.2/data/xhub/boards/XilinxBoardStore/boards/Xilinx/kcu105/1.6/board.xml as part xcku040-ffva1156-2-e specified in board_part file is either invalid or not available
WARNING: [Board 49-26] cannot add Board Part xilinx.com:kcu105:part0:1.7 available at C:/Xilinx/Vivado/2022.2/data/xhub/boards/XilinxBoardStore/boards/Xilinx/kcu105/1.7/board.xml as part xcku040-ffva1156-2-e specified in board_part file is either invalid or not available
WARNING: [Board 49-26] cannot add Board Part xilinx.com:kcu116:part0:1.4 available at C:/Xilinx/Vivado/2022.2/data/xhub/boards/XilinxBoardStore/boards/Xilinx/kcu116/1.4/board.xml as part xcku5p-ffvb676-2-e specified in board_part file is either invalid or not available
WARNING: [Board 49-26] cannot add Board Part xilinx.com:kcu116:part0:1.5 available at C:/Xilinx/Vivado/2022.2/data/xhub/boards/XilinxBoardStore/boards/Xilinx/kcu116/1.5/board.xml as part xcku5p-ffvb676-2-e specified in board_part file is either invalid or not available
WARNING: [Board 49-26] cannot add Board Part xilinx.com:kcu1500:part0:1.2 available at C:/Xilinx/Vivado/2022.2/data/xhub/boards/XilinxBoardStore/boards/Xilinx/kcu1500/1.2/board.xml as part xcku115-flvb2104-2-e specified in board_part file is either invalid or not available
WARNING: [Board 49-26] cannot add Board Part xilinx.com:kr260_som:part0:1.0 available at C:/Xilinx/Vivado/2022.2/data/xhub/boards/XilinxBoardStore/boards/Xilinx/kr260_som/1.0/board.xml as part xck26-sfvc784-2lv-c specified in board_part file is either invalid or not available
WARNING: [Board 49-26] cannot add Board Part xilinx.com:kr260_som:part0:1.1 available at C:/Xilinx/Vivado/2022.2/data/xhub/boards/XilinxBoardStore/boards/Xilinx/kr260_som/1.1/board.xml as part xck26-sfvc784-2lv-c specified in board_part file is either invalid or not available
WARNING: [Board 49-26] cannot add Board Part xilinx.com:kv260_som:part0:1.2 available at C:/Xilinx/Vivado/2022.2/data/xhub/boards/XilinxBoardStore/boards/Xilinx/kv260_som/1.2/board.xml as part xck26-sfvc784-2lv-c specified in board_part file is either invalid or not available
WARNING: [Board 49-26] cannot add Board Part xilinx.com:kv260_som:part0:1.3 available at C:/Xilinx/Vivado/2022.2/data/xhub/boards/XilinxBoardStore/boards/Xilinx/kv260_som/1.3/board.xml as part xck26-sfvc784-2lv-c specified in board_part file is either invalid or not available
WARNING: [Board 49-26] cannot add Board Part xilinx.com:kv260_som:part0:1.4 available at C:/Xilinx/Vivado/2022.2/data/xhub/boards/XilinxBoardStore/boards/Xilinx/kv260_som/1.4/board.xml as part xck26-sfvc784-2lv-c specified in board_part file is either invalid or not available
WARNING: [Board 49-26] cannot add Board Part xilinx.com:vc707:part0:1.4 available at C:/Xilinx/Vivado/2022.2/data/xhub/boards/XilinxBoardStore/boards/Xilinx/vc707/1.4/board.xml as part xc7vx485tffg1761-2 specified in board_part file is either invalid or not available
WARNING: [Board 49-26] cannot add Board Part xilinx.com:vc709:part0:1.8 available at C:/Xilinx/Vivado/2022.2/data/xhub/boards/XilinxBoardStore/boards/Xilinx/vc709/1.8/board.xml as part xc7vx690tffg1761-2 specified in board_part file is either invalid or not available
WARNING: [Board 49-26] cannot add Board Part xilinx.com:vck190:part0:2.2 available at C:/Xilinx/Vivado/2022.2/data/xhub/boards/XilinxBoardStore/boards/Xilinx/vck190/production/2.2/board.xml as part xcvc1902-vsva2197-2mp-e-s specified in board_part file is either invalid or not available
WARNING: [Board 49-26] cannot add Board Part xilinx.com:vck190:part0:3.0 available at C:/Xilinx/Vivado/2022.2/data/xhub/boards/XilinxBoardStore/boards/Xilinx/vck190/production/3.0/board.xml as part xcvc1902-vsva2197-2mp-e-s specified in board_part file is either invalid or not available
WARNING: [Board 49-26] cannot add Board Part xilinx.com:vck190:part0:3.1 available at C:/Xilinx/Vivado/2022.2/data/xhub/boards/XilinxBoardStore/boards/Xilinx/vck190/production/3.1/board.xml as part xcvc1902-vsva2197-2mp-e-s specified in board_part file is either invalid or not available
WARNING: [Board 49-26] cannot add Board Part xilinx.com:vck190_newl:part0:1.0 available at C:/Xilinx/Vivado/2022.2/data/xhub/boards/XilinxBoardStore/boards/Xilinx/vck190_newl/production/1.0/board.xml as part xcvc1902-vsva2197-2mp-e-s specified in board_part file is either invalid or not available
WARNING: [Board 49-26] cannot add Board Part xilinx.com:vcu108:part0:1.6 available at C:/Xilinx/Vivado/2022.2/data/xhub/boards/XilinxBoardStore/boards/Xilinx/vcu108/1.6/board.xml as part xcvu095-ffva2104-2-e specified in board_part file is either invalid or not available
WARNING: [Board 49-26] cannot add Board Part xilinx.com:vcu108:part0:1.7 available at C:/Xilinx/Vivado/2022.2/data/xhub/boards/XilinxBoardStore/boards/Xilinx/vcu108/1.7/board.xml as part xcvu095-ffva2104-2-e specified in board_part file is either invalid or not available
WARNING: [Board 49-26] cannot add Board Part xilinx.com:vcu110:part0:1.4 available at C:/Xilinx/Vivado/2022.2/data/xhub/boards/XilinxBoardStore/boards/Xilinx/vcu110/1.4/board.xml as part xcvu190-flgc2104-2-e specified in board_part file is either invalid or not available
WARNING: [Board 49-26] cannot add Board Part xilinx.com:vcu118:part0:2.0 available at C:/Xilinx/Vivado/2022.2/data/xhub/boards/XilinxBoardStore/boards/Xilinx/vcu118/2.0/board.xml as part xcvu9p-flga2104-2l-e specified in board_part file is either invalid or not available
WARNING: [Board 49-26] cannot add Board Part xilinx.com:vcu118:part0:2.3 available at C:/Xilinx/Vivado/2022.2/data/xhub/boards/XilinxBoardStore/boards/Xilinx/vcu118/2.3/board.xml as part xcvu9p-flga2104-2l-e specified in board_part file is either invalid or not available
WARNING: [Board 49-26] cannot add Board Part xilinx.com:vcu118:part0:2.4 available at C:/Xilinx/Vivado/2022.2/data/xhub/boards/XilinxBoardStore/boards/Xilinx/vcu118/2.4/board.xml as part xcvu9p-flga2104-2l-e specified in board_part file is either invalid or not available
WARNING: [Board 49-26] cannot add Board Part xilinx.com:vcu128:part0:1.0 available at C:/Xilinx/Vivado/2022.2/data/xhub/boards/XilinxBoardStore/boards/Xilinx/vcu128/production/1.0/board.xml as part xcvu37p-fsvh2892-2l-e specified in board_part file is either invalid or not available
WARNING: [Board 49-26] cannot add Board Part xilinx.com:vcu129:part0:1.0 available at C:/Xilinx/Vivado/2022.2/data/xhub/boards/XilinxBoardStore/boards/Xilinx/vcu129/production/1.0/board.xml as part xcvu29p-fsga2577-2l-e specified in board_part file is either invalid or not available
WARNING: [Board 49-26] cannot add Board Part xilinx.com:vcu1525:part0:1.3 available at C:/Xilinx/Vivado/2022.2/data/xhub/boards/XilinxBoardStore/boards/Xilinx/vcu1525/1.3/board.xml as part xcvu9p-fsgd2104-2l-e specified in board_part file is either invalid or not available
WARNING: [Board 49-26] cannot add Board Part xilinx.com:vek280_es:part0:1.0 available at C:/Xilinx/Vivado/2022.2/data/xhub/boards/XilinxBoardStore/boards/Xilinx/vek280/es/1.0/board.xml as part xcve2802-vsvh1760-2lp-e-s-es1 specified in board_part file is either invalid or not available
WARNING: [Board 49-26] cannot add Board Part xilinx.com:vermeo_t1_mpsoc:part0:1.0 available at C:/Xilinx/Vivado/2022.2/data/xhub/boards/XilinxBoardStore/boards/Xilinx/vermeo_t1_mpsoc/1.0/board.xml as part xczu19eg-ffvd1760-2l-e specified in board_part file is either invalid or not available
WARNING: [Board 49-26] cannot add Board Part xilinx.com:vermeo_t1_rfsoc:part0:1.0 available at C:/Xilinx/Vivado/2022.2/data/xhub/boards/XilinxBoardStore/boards/Xilinx/vermeo_t1_rfsoc/1.0/board.xml as part xczu21dr-ffvd1156-2l-e specified in board_part file is either invalid or not available
WARNING: [Board 49-26] cannot add Board Part xilinx.com:vhk158_es:part0:1.0 available at C:/Xilinx/Vivado/2022.2/data/xhub/boards/XilinxBoardStore/boards/Xilinx/vhk158/es/1.0/board.xml as part xcvh1582-vsva3697-2mp-e-s-es1 specified in board_part file is either invalid or not available
WARNING: [Board 49-26] cannot add Board Part xilinx.com:vmk180:part0:2.2 available at C:/Xilinx/Vivado/2022.2/data/xhub/boards/XilinxBoardStore/boards/Xilinx/vmk180/production/2.2/board.xml as part xcvm1802-vsva2197-2mp-e-s specified in board_part file is either invalid or not available
WARNING: [Board 49-26] cannot add Board Part xilinx.com:vmk180:part0:3.0 available at C:/Xilinx/Vivado/2022.2/data/xhub/boards/XilinxBoardStore/boards/Xilinx/vmk180/production/3.0/board.xml as part xcvm1802-vsva2197-2mp-e-s specified in board_part file is either invalid or not available
WARNING: [Board 49-26] cannot add Board Part xilinx.com:vmk180:part0:3.1 available at C:/Xilinx/Vivado/2022.2/data/xhub/boards/XilinxBoardStore/boards/Xilinx/vmk180/production/3.1/board.xml as part xcvm1802-vsva2197-2mp-e-s specified in board_part file is either invalid or not available
WARNING: [Board 49-26] cannot add Board Part xilinx.com:vmk180_newl:part0:1.0 available at C:/Xilinx/Vivado/2022.2/data/xhub/boards/XilinxBoardStore/boards/Xilinx/vmk180_newl/production/1.0/board.xml as part xcvm1802-vsva2197-2mp-e-s specified in board_part file is either invalid or not available
WARNING: [Board 49-26] cannot add Board Part xilinx.com:vpk120:part0:1.0 available at C:/Xilinx/Vivado/2022.2/data/xhub/boards/XilinxBoardStore/boards/Xilinx/vpk120/production/1.0/board.xml as part xcvp1202-vsva2785-2mp-e-s specified in board_part file is either invalid or not available
WARNING: [Board 49-26] cannot add Board Part xilinx.com:vpk120_es:part0:1.2 available at C:/Xilinx/Vivado/2022.2/data/xhub/boards/XilinxBoardStore/boards/Xilinx/vpk120/es/1.2/board.xml as part xcvp1202-vsva2785-2mp-e-s-es1 specified in board_part file is either invalid or not available
WARNING: [Board 49-26] cannot add Board Part xilinx.com:vpk120_es_revb:part0:1.0 available at C:/Xilinx/Vivado/2022.2/data/xhub/boards/XilinxBoardStore/boards/Xilinx/vpk120_revb/es/1.0/board.xml as part xcvp1202-vsva2785-2mp-e-s-es1 specified in board_part file is either invalid or not available
WARNING: [Board 49-26] cannot add Board Part xilinx.com:vpk180_es:part0:1.0 available at C:/Xilinx/Vivado/2022.2/data/xhub/boards/XilinxBoardStore/boards/Xilinx/vpk180/es/1.0/board.xml as part xcvp1802-lsvc4072-2mp-e-s-es1 specified in board_part file is either invalid or not available
WARNING: [Board 49-26] cannot add Board Part xilinx.com:zc702:part0:1.4 available at C:/Xilinx/Vivado/2022.2/data/xhub/boards/XilinxBoardStore/boards/Xilinx/zc702/1.4/board.xml as part xc7z020clg484-1 specified in board_part file is either invalid or not available
WARNING: [Board 49-26] cannot add Board Part xilinx.com:zc706:part0:1.4 available at C:/Xilinx/Vivado/2022.2/data/xhub/boards/XilinxBoardStore/boards/Xilinx/zc706/1.4/board.xml as part xc7z045ffg900-2 specified in board_part file is either invalid or not available
WARNING: [Board 49-26] cannot add Board Part xilinx.com:zcu102:part0:3.3 available at C:/Xilinx/Vivado/2022.2/data/xhub/boards/XilinxBoardStore/boards/Xilinx/zcu102/3.3/board.xml as part xczu9eg-ffvb1156-2-e specified in board_part file is either invalid or not available
WARNING: [Board 49-26] cannot add Board Part xilinx.com:zcu102:part0:3.4 available at C:/Xilinx/Vivado/2022.2/data/xhub/boards/XilinxBoardStore/boards/Xilinx/zcu102/3.4/board.xml as part xczu9eg-ffvb1156-2-e specified in board_part file is either invalid or not available
WARNING: [Board 49-26] cannot add Board Part xilinx.com:zcu104:part0:1.1 available at C:/Xilinx/Vivado/2022.2/data/xhub/boards/XilinxBoardStore/boards/Xilinx/zcu104/1.1/board.xml as part xczu7ev-ffvc1156-2-e specified in board_part file is either invalid or not available
WARNING: [Board 49-26] cannot add Board Part xilinx.com:zcu106:part0:2.4 available at C:/Xilinx/Vivado/2022.2/data/xhub/boards/XilinxBoardStore/boards/Xilinx/zcu106/2.4/board.xml as part xczu7ev-ffvc1156-2-e specified in board_part file is either invalid or not available
WARNING: [Board 49-26] cannot add Board Part xilinx.com:zcu106:part0:2.5 available at C:/Xilinx/Vivado/2022.2/data/xhub/boards/XilinxBoardStore/boards/Xilinx/zcu106/2.5/board.xml as part xczu7ev-ffvc1156-2-e specified in board_part file is either invalid or not available
WARNING: [Board 49-26] cannot add Board Part xilinx.com:zcu106:part0:2.6 available at C:/Xilinx/Vivado/2022.2/data/xhub/boards/XilinxBoardStore/boards/Xilinx/zcu106/2.6/board.xml as part xczu7ev-ffvc1156-2-e specified in board_part file is either invalid or not available
WARNING: [Board 49-26] cannot add Board Part xilinx.com:zcu111:part0:1.2 available at C:/Xilinx/Vivado/2022.2/data/xhub/boards/XilinxBoardStore/boards/Xilinx/zcu111/1.2/board.xml as part xczu28dr-ffvg1517-2-e specified in board_part file is either invalid or not available
WARNING: [Board 49-26] cannot add Board Part xilinx.com:zcu111:part0:1.3 available at C:/Xilinx/Vivado/2022.2/data/xhub/boards/XilinxBoardStore/boards/Xilinx/zcu111/1.3/board.xml as part xczu28dr-ffvg1517-2-e specified in board_part file is either invalid or not available
WARNING: [Board 49-26] cannot add Board Part xilinx.com:zcu111:part0:1.4 available at C:/Xilinx/Vivado/2022.2/data/xhub/boards/XilinxBoardStore/boards/Xilinx/zcu111/1.4/board.xml as part xczu28dr-ffvg1517-2-e specified in board_part file is either invalid or not available
WARNING: [Board 49-26] cannot add Board Part xilinx.com:zcu1275:part0:1.0 available at C:/Xilinx/Vivado/2022.2/data/xhub/boards/XilinxBoardStore/boards/Xilinx/zcu1275/1.0/board.xml as part xczu29dr-ffvf1760-2-e specified in board_part file is either invalid or not available
WARNING: [Board 49-26] cannot add Board Part xilinx.com:zcu1285:part0:1.0 available at C:/Xilinx/Vivado/2022.2/data/xhub/boards/XilinxBoardStore/boards/Xilinx/zcu1285/1.0/board.xml as part xczu39dr-ffvf1760-2-i specified in board_part file is either invalid or not available
WARNING: [Board 49-26] cannot add Board Part xilinx.com:zcu208:part0:2.0 available at C:/Xilinx/Vivado/2022.2/data/xhub/boards/XilinxBoardStore/boards/Xilinx/zcu208/production/2.0/board.xml as part xczu48dr-fsvg1517-2-e specified in board_part file is either invalid or not available
WARNING: [Board 49-26] cannot add Board Part xilinx.com:zcu208ld:part0:2.0 available at C:/Xilinx/Vivado/2022.2/data/xhub/boards/XilinxBoardStore/boards/Xilinx/zcu208ld/production/2.0/board.xml as part xczu58dr-fsvg1517-2-i specified in board_part file is either invalid or not available
WARNING: [Board 49-26] cannot add Board Part xilinx.com:zcu216:part0:2.0 available at C:/Xilinx/Vivado/2022.2/data/xhub/boards/XilinxBoardStore/boards/Xilinx/zcu216/production/2.0/board.xml as part xczu49dr-ffvf1760-2-e specified in board_part file is either invalid or not available
WARNING: [Board 49-26] cannot add Board Part xilinx.com:zcu216ld:part0:2.0 available at C:/Xilinx/Vivado/2022.2/data/xhub/boards/XilinxBoardStore/boards/Xilinx/zcu216ld/production/2.0/board.xml as part xczu59dr-ffvf1760-2-i specified in board_part file is either invalid or not available
WARNING: [Board 49-26] cannot add Board Part xilinx.com:zcu670:part0:2.0 available at C:/Xilinx/Vivado/2022.2/data/xhub/boards/XilinxBoardStore/boards/Xilinx/zcu670/2.0/board.xml as part xczu67dr-fsve1156-2-i specified in board_part file is either invalid or not available
WARNING: [Board 49-26] cannot add Board Part xilinx.com:zcu670ld:part0:1.0 available at C:/Xilinx/Vivado/2022.2/data/xhub/boards/XilinxBoardStore/boards/Xilinx/zcu670ld/1.0/board.xml as part xczu57dr-fsve1156-2-i specified in board_part file is either invalid or not available
INFO: [IP_Flow 19-234] Refreshing IP repositories
INFO: [IP_Flow 19-1700] Loaded user IP repository 'c:/Users/curti/OneDrive/Documents/UIUC/ECE-385/Vivado_Projects/ip_repo/hdmi_text_controller_1_0'.
INFO: [IP_Flow 19-1700] Loaded user IP repository 'c:/Users/curti/OneDrive/Documents/UIUC/ECE-385/Vivado_Projects/lab7_1/lab7_1_provided_fa24/hdmi_tx_1.0'.
INFO: [IP_Flow 19-795] Syncing license key meta-data
ipx::edit_ip_in_project: Time (s): cpu = 00:00:04 ; elapsed = 00:00:05 . Memory (MB): peak = 1707.082 ; gain = 143.508
update_compile_order -fileset sources_1
ipx::add_bus_interface HDMI [ipx::current_core]
set_property abstraction_type_vlnv xilinx.com:interface:hdmi_rtl:2.0 [ipx::get_bus_interfaces HDMI -of_objects [ipx::current_core]]
set_property bus_type_vlnv xilinx.com:interface:hdmi:2.0 [ipx::get_bus_interfaces HDMI -of_objects [ipx::current_core]]
set_property interface_mode master [ipx::get_bus_interfaces HDMI -of_objects [ipx::current_core]]
set_property display_name HDMI [ipx::get_bus_interfaces HDMI -of_objects [ipx::current_core]]
set_property description {HDMI output port} [ipx::get_bus_interfaces HDMI -of_objects [ipx::current_core]]
ipx::remove_bus_interface HDMI [ipx::current_core]
close_project
update_ip_catalog -delete_ip xilinx.com:user:hdmi_text_controller:1.0 -repo_path c:/Users/curti/OneDrive/Documents/UIUC/ECE-385/Vivado_Projects/ip_repo/hdmi_text_controller_1_0
INFO: [IP_Flow 19-1659] Deleted IP 'xilinx.com:user:hdmi_text_controller:1.0' from repository 'c:/Users/curti/OneDrive/Documents/UIUC/ECE-385/Vivado_Projects/ip_repo/hdmi_text_controller_1_0' at c:/Users/curti/OneDrive/Documents/UIUC/ECE-385/Vivado_Projects/ip_repo/hdmi_text_controller_1_0.
INFO: [IP_Flow 19-725] Reloaded user IP repository 'c:/Users/curti/OneDrive/Documents/UIUC/ECE-385/Vivado_Projects/ip_repo/hdmi_text_controller_1_0'
delete_bd_objs [get_bd_intf_nets microblaze_0_axi_periph_M02_AXI] [get_bd_cells hdmi_text_controller_0]
open_bd_design {C:/Users/curti/OneDrive/Documents/UIUC/ECE-385/Vivado_Projects/lab7_1/lab7_1.srcs/sources_1/bd/design_1/design_1.bd}
create_peripheral xilinx.com user hdmi_text_controller 1.0 -dir C:/Users/curti/OneDrive/Documents/UIUC/ECE-385/Vivado_Projects/lab7_1/../ip_repo
add_peripheral_interface AXI -interface_mode slave -axi_type lite [ipx::find_open_core xilinx.com:user:hdmi_text_controller:1.0]
generate_peripheral -driver -bfm_example_design -debug_hw_example_design -force [ipx::find_open_core xilinx.com:user:hdmi_text_controller:1.0]
write_peripheral [ipx::find_open_core xilinx.com:user:hdmi_text_controller:1.0]
set_property  ip_repo_paths  {C:/Users/curti/OneDrive/Documents/UIUC/ECE-385/Vivado_Projects/lab7_1/../ip_repo/hdmi_text_controller_1_0 C:/Users/curti/OneDrive/Documents/UIUC/ECE-385/Vivado_Projects/ip_repo/hdmi_text_controller_1_0 C:/Users/curti/OneDrive/Documents/UIUC/ECE-385/Vivado_Projects/lab7_1/lab7_1_provided_fa24/hdmi_tx_1.0} [current_project]
update_ip_catalog -rebuild
INFO: [IP_Flow 19-234] Refreshing IP repositories
INFO: [IP_Flow 19-1700] Loaded user IP repository 'c:/Users/curti/OneDrive/Documents/UIUC/ECE-385/Vivado_Projects/ip_repo/hdmi_text_controller_1_0'.
WARNING: [IP_Flow 19-2207] Repository 'c:/Users/curti/OneDrive/Documents/UIUC/ECE-385/Vivado_Projects/ip_repo/hdmi_text_controller_1_0' already exists; ignoring attempt to add it again.
INFO: [IP_Flow 19-1700] Loaded user IP repository 'c:/Users/curti/OneDrive/Documents/UIUC/ECE-385/Vivado_Projects/ip_repo/hdmi_text_controller_1_0'.
INFO: [IP_Flow 19-1700] Loaded user IP repository 'c:/Users/curti/OneDrive/Documents/UIUC/ECE-385/Vivado_Projects/lab7_1/lab7_1_provided_fa24/hdmi_tx_1.0'.
ipx::edit_ip_in_project -upgrade true -name edit_hdmi_text_controller_v1_0 -directory C:/Users/curti/OneDrive/Documents/UIUC/ECE-385/Vivado_Projects/lab7_1/../ip_repo c:/Users/curti/OneDrive/Documents/UIUC/ECE-385/Vivado_Projects/ip_repo/hdmi_text_controller_1_0/component.xml
INFO: [IP_Flow 19-234] Refreshing IP repositories
INFO: [IP_Flow 19-1704] No user IP repositories specified
INFO: [IP_Flow 19-2313] Loaded Vivado IP repository 'C:/Xilinx/Vivado/2022.2/data/ip'.
WARNING: [Board 49-26] cannot add Board Part xilinx.com:ac701:part0:1.4 available at C:/Xilinx/Vivado/2022.2/data/xhub/boards/XilinxBoardStore/boards/Xilinx/ac701/1.4/board.xml as part xc7a200tfbg676-2 specified in board_part file is either invalid or not available
WARNING: [Board 49-26] cannot add Board Part xilinx.com:k26c:part0:1.2 available at C:/Xilinx/Vivado/2022.2/data/xhub/boards/XilinxBoardStore/boards/Xilinx/k26c/1.2/board.xml as part xck26-sfvc784-2lv-c specified in board_part file is either invalid or not available
WARNING: [Board 49-26] cannot add Board Part xilinx.com:k26c:part0:1.3 available at C:/Xilinx/Vivado/2022.2/data/xhub/boards/XilinxBoardStore/boards/Xilinx/k26c/1.3/board.xml as part xck26-sfvc784-2lv-c specified in board_part file is either invalid or not available
WARNING: [Board 49-26] cannot add Board Part xilinx.com:k26c:part0:1.4 available at C:/Xilinx/Vivado/2022.2/data/xhub/boards/XilinxBoardStore/boards/Xilinx/k26c/1.4/board.xml as part xck26-sfvc784-2lv-c specified in board_part file is either invalid or not available
WARNING: [Board 49-26] cannot add Board Part xilinx.com:k26i:part0:1.2 available at C:/Xilinx/Vivado/2022.2/data/xhub/boards/XilinxBoardStore/boards/Xilinx/k26i/1.2/board.xml as part xck26-sfvc784-2lvi-i specified in board_part file is either invalid or not available
WARNING: [Board 49-26] cannot add Board Part xilinx.com:k26i:part0:1.3 available at C:/Xilinx/Vivado/2022.2/data/xhub/boards/XilinxBoardStore/boards/Xilinx/k26i/1.3/board.xml as part xck26-sfvc784-2lvi-i specified in board_part file is either invalid or not available
WARNING: [Board 49-26] cannot add Board Part xilinx.com:k26i:part0:1.4 available at C:/Xilinx/Vivado/2022.2/data/xhub/boards/XilinxBoardStore/boards/Xilinx/k26i/1.4/board.xml as part xck26-sfvc784-2lvi-i specified in board_part file is either invalid or not available
WARNING: [Board 49-26] cannot add Board Part xilinx.com:kc705:part0:1.6 available at C:/Xilinx/Vivado/2022.2/data/xhub/boards/XilinxBoardStore/boards/Xilinx/kc705/1.6/board.xml as part xc7k325tffg900-2 specified in board_part file is either invalid or not available
WARNING: [Board 49-26] cannot add Board Part xilinx.com:kcu105:part0:1.6 available at C:/Xilinx/Vivado/2022.2/data/xhub/boards/XilinxBoardStore/boards/Xilinx/kcu105/1.6/board.xml as part xcku040-ffva1156-2-e specified in board_part file is either invalid or not available
WARNING: [Board 49-26] cannot add Board Part xilinx.com:kcu105:part0:1.7 available at C:/Xilinx/Vivado/2022.2/data/xhub/boards/XilinxBoardStore/boards/Xilinx/kcu105/1.7/board.xml as part xcku040-ffva1156-2-e specified in board_part file is either invalid or not available
WARNING: [Board 49-26] cannot add Board Part xilinx.com:kcu116:part0:1.4 available at C:/Xilinx/Vivado/2022.2/data/xhub/boards/XilinxBoardStore/boards/Xilinx/kcu116/1.4/board.xml as part xcku5p-ffvb676-2-e specified in board_part file is either invalid or not available
WARNING: [Board 49-26] cannot add Board Part xilinx.com:kcu116:part0:1.5 available at C:/Xilinx/Vivado/2022.2/data/xhub/boards/XilinxBoardStore/boards/Xilinx/kcu116/1.5/board.xml as part xcku5p-ffvb676-2-e specified in board_part file is either invalid or not available
WARNING: [Board 49-26] cannot add Board Part xilinx.com:kcu1500:part0:1.2 available at C:/Xilinx/Vivado/2022.2/data/xhub/boards/XilinxBoardStore/boards/Xilinx/kcu1500/1.2/board.xml as part xcku115-flvb2104-2-e specified in board_part file is either invalid or not available
WARNING: [Board 49-26] cannot add Board Part xilinx.com:kr260_som:part0:1.0 available at C:/Xilinx/Vivado/2022.2/data/xhub/boards/XilinxBoardStore/boards/Xilinx/kr260_som/1.0/board.xml as part xck26-sfvc784-2lv-c specified in board_part file is either invalid or not available
WARNING: [Board 49-26] cannot add Board Part xilinx.com:kr260_som:part0:1.1 available at C:/Xilinx/Vivado/2022.2/data/xhub/boards/XilinxBoardStore/boards/Xilinx/kr260_som/1.1/board.xml as part xck26-sfvc784-2lv-c specified in board_part file is either invalid or not available
WARNING: [Board 49-26] cannot add Board Part xilinx.com:kv260_som:part0:1.2 available at C:/Xilinx/Vivado/2022.2/data/xhub/boards/XilinxBoardStore/boards/Xilinx/kv260_som/1.2/board.xml as part xck26-sfvc784-2lv-c specified in board_part file is either invalid or not available
WARNING: [Board 49-26] cannot add Board Part xilinx.com:kv260_som:part0:1.3 available at C:/Xilinx/Vivado/2022.2/data/xhub/boards/XilinxBoardStore/boards/Xilinx/kv260_som/1.3/board.xml as part xck26-sfvc784-2lv-c specified in board_part file is either invalid or not available
WARNING: [Board 49-26] cannot add Board Part xilinx.com:kv260_som:part0:1.4 available at C:/Xilinx/Vivado/2022.2/data/xhub/boards/XilinxBoardStore/boards/Xilinx/kv260_som/1.4/board.xml as part xck26-sfvc784-2lv-c specified in board_part file is either invalid or not available
WARNING: [Board 49-26] cannot add Board Part xilinx.com:vc707:part0:1.4 available at C:/Xilinx/Vivado/2022.2/data/xhub/boards/XilinxBoardStore/boards/Xilinx/vc707/1.4/board.xml as part xc7vx485tffg1761-2 specified in board_part file is either invalid or not available
WARNING: [Board 49-26] cannot add Board Part xilinx.com:vc709:part0:1.8 available at C:/Xilinx/Vivado/2022.2/data/xhub/boards/XilinxBoardStore/boards/Xilinx/vc709/1.8/board.xml as part xc7vx690tffg1761-2 specified in board_part file is either invalid or not available
WARNING: [Board 49-26] cannot add Board Part xilinx.com:vck190:part0:2.2 available at C:/Xilinx/Vivado/2022.2/data/xhub/boards/XilinxBoardStore/boards/Xilinx/vck190/production/2.2/board.xml as part xcvc1902-vsva2197-2mp-e-s specified in board_part file is either invalid or not available
WARNING: [Board 49-26] cannot add Board Part xilinx.com:vck190:part0:3.0 available at C:/Xilinx/Vivado/2022.2/data/xhub/boards/XilinxBoardStore/boards/Xilinx/vck190/production/3.0/board.xml as part xcvc1902-vsva2197-2mp-e-s specified in board_part file is either invalid or not available
WARNING: [Board 49-26] cannot add Board Part xilinx.com:vck190:part0:3.1 available at C:/Xilinx/Vivado/2022.2/data/xhub/boards/XilinxBoardStore/boards/Xilinx/vck190/production/3.1/board.xml as part xcvc1902-vsva2197-2mp-e-s specified in board_part file is either invalid or not available
WARNING: [Board 49-26] cannot add Board Part xilinx.com:vck190_newl:part0:1.0 available at C:/Xilinx/Vivado/2022.2/data/xhub/boards/XilinxBoardStore/boards/Xilinx/vck190_newl/production/1.0/board.xml as part xcvc1902-vsva2197-2mp-e-s specified in board_part file is either invalid or not available
WARNING: [Board 49-26] cannot add Board Part xilinx.com:vcu108:part0:1.6 available at C:/Xilinx/Vivado/2022.2/data/xhub/boards/XilinxBoardStore/boards/Xilinx/vcu108/1.6/board.xml as part xcvu095-ffva2104-2-e specified in board_part file is either invalid or not available
WARNING: [Board 49-26] cannot add Board Part xilinx.com:vcu108:part0:1.7 available at C:/Xilinx/Vivado/2022.2/data/xhub/boards/XilinxBoardStore/boards/Xilinx/vcu108/1.7/board.xml as part xcvu095-ffva2104-2-e specified in board_part file is either invalid or not available
WARNING: [Board 49-26] cannot add Board Part xilinx.com:vcu110:part0:1.4 available at C:/Xilinx/Vivado/2022.2/data/xhub/boards/XilinxBoardStore/boards/Xilinx/vcu110/1.4/board.xml as part xcvu190-flgc2104-2-e specified in board_part file is either invalid or not available
WARNING: [Board 49-26] cannot add Board Part xilinx.com:vcu118:part0:2.0 available at C:/Xilinx/Vivado/2022.2/data/xhub/boards/XilinxBoardStore/boards/Xilinx/vcu118/2.0/board.xml as part xcvu9p-flga2104-2l-e specified in board_part file is either invalid or not available
WARNING: [Board 49-26] cannot add Board Part xilinx.com:vcu118:part0:2.3 available at C:/Xilinx/Vivado/2022.2/data/xhub/boards/XilinxBoardStore/boards/Xilinx/vcu118/2.3/board.xml as part xcvu9p-flga2104-2l-e specified in board_part file is either invalid or not available
WARNING: [Board 49-26] cannot add Board Part xilinx.com:vcu118:part0:2.4 available at C:/Xilinx/Vivado/2022.2/data/xhub/boards/XilinxBoardStore/boards/Xilinx/vcu118/2.4/board.xml as part xcvu9p-flga2104-2l-e specified in board_part file is either invalid or not available
WARNING: [Board 49-26] cannot add Board Part xilinx.com:vcu128:part0:1.0 available at C:/Xilinx/Vivado/2022.2/data/xhub/boards/XilinxBoardStore/boards/Xilinx/vcu128/production/1.0/board.xml as part xcvu37p-fsvh2892-2l-e specified in board_part file is either invalid or not available
WARNING: [Board 49-26] cannot add Board Part xilinx.com:vcu129:part0:1.0 available at C:/Xilinx/Vivado/2022.2/data/xhub/boards/XilinxBoardStore/boards/Xilinx/vcu129/production/1.0/board.xml as part xcvu29p-fsga2577-2l-e specified in board_part file is either invalid or not available
WARNING: [Board 49-26] cannot add Board Part xilinx.com:vcu1525:part0:1.3 available at C:/Xilinx/Vivado/2022.2/data/xhub/boards/XilinxBoardStore/boards/Xilinx/vcu1525/1.3/board.xml as part xcvu9p-fsgd2104-2l-e specified in board_part file is either invalid or not available
WARNING: [Board 49-26] cannot add Board Part xilinx.com:vek280_es:part0:1.0 available at C:/Xilinx/Vivado/2022.2/data/xhub/boards/XilinxBoardStore/boards/Xilinx/vek280/es/1.0/board.xml as part xcve2802-vsvh1760-2lp-e-s-es1 specified in board_part file is either invalid or not available
WARNING: [Board 49-26] cannot add Board Part xilinx.com:vermeo_t1_mpsoc:part0:1.0 available at C:/Xilinx/Vivado/2022.2/data/xhub/boards/XilinxBoardStore/boards/Xilinx/vermeo_t1_mpsoc/1.0/board.xml as part xczu19eg-ffvd1760-2l-e specified in board_part file is either invalid or not available
WARNING: [Board 49-26] cannot add Board Part xilinx.com:vermeo_t1_rfsoc:part0:1.0 available at C:/Xilinx/Vivado/2022.2/data/xhub/boards/XilinxBoardStore/boards/Xilinx/vermeo_t1_rfsoc/1.0/board.xml as part xczu21dr-ffvd1156-2l-e specified in board_part file is either invalid or not available
WARNING: [Board 49-26] cannot add Board Part xilinx.com:vhk158_es:part0:1.0 available at C:/Xilinx/Vivado/2022.2/data/xhub/boards/XilinxBoardStore/boards/Xilinx/vhk158/es/1.0/board.xml as part xcvh1582-vsva3697-2mp-e-s-es1 specified in board_part file is either invalid or not available
WARNING: [Board 49-26] cannot add Board Part xilinx.com:vmk180:part0:2.2 available at C:/Xilinx/Vivado/2022.2/data/xhub/boards/XilinxBoardStore/boards/Xilinx/vmk180/production/2.2/board.xml as part xcvm1802-vsva2197-2mp-e-s specified in board_part file is either invalid or not available
WARNING: [Board 49-26] cannot add Board Part xilinx.com:vmk180:part0:3.0 available at C:/Xilinx/Vivado/2022.2/data/xhub/boards/XilinxBoardStore/boards/Xilinx/vmk180/production/3.0/board.xml as part xcvm1802-vsva2197-2mp-e-s specified in board_part file is either invalid or not available
WARNING: [Board 49-26] cannot add Board Part xilinx.com:vmk180:part0:3.1 available at C:/Xilinx/Vivado/2022.2/data/xhub/boards/XilinxBoardStore/boards/Xilinx/vmk180/production/3.1/board.xml as part xcvm1802-vsva2197-2mp-e-s specified in board_part file is either invalid or not available
WARNING: [Board 49-26] cannot add Board Part xilinx.com:vmk180_newl:part0:1.0 available at C:/Xilinx/Vivado/2022.2/data/xhub/boards/XilinxBoardStore/boards/Xilinx/vmk180_newl/production/1.0/board.xml as part xcvm1802-vsva2197-2mp-e-s specified in board_part file is either invalid or not available
WARNING: [Board 49-26] cannot add Board Part xilinx.com:vpk120:part0:1.0 available at C:/Xilinx/Vivado/2022.2/data/xhub/boards/XilinxBoardStore/boards/Xilinx/vpk120/production/1.0/board.xml as part xcvp1202-vsva2785-2mp-e-s specified in board_part file is either invalid or not available
WARNING: [Board 49-26] cannot add Board Part xilinx.com:vpk120_es:part0:1.2 available at C:/Xilinx/Vivado/2022.2/data/xhub/boards/XilinxBoardStore/boards/Xilinx/vpk120/es/1.2/board.xml as part xcvp1202-vsva2785-2mp-e-s-es1 specified in board_part file is either invalid or not available
WARNING: [Board 49-26] cannot add Board Part xilinx.com:vpk120_es_revb:part0:1.0 available at C:/Xilinx/Vivado/2022.2/data/xhub/boards/XilinxBoardStore/boards/Xilinx/vpk120_revb/es/1.0/board.xml as part xcvp1202-vsva2785-2mp-e-s-es1 specified in board_part file is either invalid or not available
WARNING: [Board 49-26] cannot add Board Part xilinx.com:vpk180_es:part0:1.0 available at C:/Xilinx/Vivado/2022.2/data/xhub/boards/XilinxBoardStore/boards/Xilinx/vpk180/es/1.0/board.xml as part xcvp1802-lsvc4072-2mp-e-s-es1 specified in board_part file is either invalid or not available
WARNING: [Board 49-26] cannot add Board Part xilinx.com:zc702:part0:1.4 available at C:/Xilinx/Vivado/2022.2/data/xhub/boards/XilinxBoardStore/boards/Xilinx/zc702/1.4/board.xml as part xc7z020clg484-1 specified in board_part file is either invalid or not available
WARNING: [Board 49-26] cannot add Board Part xilinx.com:zc706:part0:1.4 available at C:/Xilinx/Vivado/2022.2/data/xhub/boards/XilinxBoardStore/boards/Xilinx/zc706/1.4/board.xml as part xc7z045ffg900-2 specified in board_part file is either invalid or not available
WARNING: [Board 49-26] cannot add Board Part xilinx.com:zcu102:part0:3.3 available at C:/Xilinx/Vivado/2022.2/data/xhub/boards/XilinxBoardStore/boards/Xilinx/zcu102/3.3/board.xml as part xczu9eg-ffvb1156-2-e specified in board_part file is either invalid or not available
WARNING: [Board 49-26] cannot add Board Part xilinx.com:zcu102:part0:3.4 available at C:/Xilinx/Vivado/2022.2/data/xhub/boards/XilinxBoardStore/boards/Xilinx/zcu102/3.4/board.xml as part xczu9eg-ffvb1156-2-e specified in board_part file is either invalid or not available
WARNING: [Board 49-26] cannot add Board Part xilinx.com:zcu104:part0:1.1 available at C:/Xilinx/Vivado/2022.2/data/xhub/boards/XilinxBoardStore/boards/Xilinx/zcu104/1.1/board.xml as part xczu7ev-ffvc1156-2-e specified in board_part file is either invalid or not available
WARNING: [Board 49-26] cannot add Board Part xilinx.com:zcu106:part0:2.4 available at C:/Xilinx/Vivado/2022.2/data/xhub/boards/XilinxBoardStore/boards/Xilinx/zcu106/2.4/board.xml as part xczu7ev-ffvc1156-2-e specified in board_part file is either invalid or not available
WARNING: [Board 49-26] cannot add Board Part xilinx.com:zcu106:part0:2.5 available at C:/Xilinx/Vivado/2022.2/data/xhub/boards/XilinxBoardStore/boards/Xilinx/zcu106/2.5/board.xml as part xczu7ev-ffvc1156-2-e specified in board_part file is either invalid or not available
WARNING: [Board 49-26] cannot add Board Part xilinx.com:zcu106:part0:2.6 available at C:/Xilinx/Vivado/2022.2/data/xhub/boards/XilinxBoardStore/boards/Xilinx/zcu106/2.6/board.xml as part xczu7ev-ffvc1156-2-e specified in board_part file is either invalid or not available
WARNING: [Board 49-26] cannot add Board Part xilinx.com:zcu111:part0:1.2 available at C:/Xilinx/Vivado/2022.2/data/xhub/boards/XilinxBoardStore/boards/Xilinx/zcu111/1.2/board.xml as part xczu28dr-ffvg1517-2-e specified in board_part file is either invalid or not available
WARNING: [Board 49-26] cannot add Board Part xilinx.com:zcu111:part0:1.3 available at C:/Xilinx/Vivado/2022.2/data/xhub/boards/XilinxBoardStore/boards/Xilinx/zcu111/1.3/board.xml as part xczu28dr-ffvg1517-2-e specified in board_part file is either invalid or not available
WARNING: [Board 49-26] cannot add Board Part xilinx.com:zcu111:part0:1.4 available at C:/Xilinx/Vivado/2022.2/data/xhub/boards/XilinxBoardStore/boards/Xilinx/zcu111/1.4/board.xml as part xczu28dr-ffvg1517-2-e specified in board_part file is either invalid or not available
WARNING: [Board 49-26] cannot add Board Part xilinx.com:zcu1275:part0:1.0 available at C:/Xilinx/Vivado/2022.2/data/xhub/boards/XilinxBoardStore/boards/Xilinx/zcu1275/1.0/board.xml as part xczu29dr-ffvf1760-2-e specified in board_part file is either invalid or not available
WARNING: [Board 49-26] cannot add Board Part xilinx.com:zcu1285:part0:1.0 available at C:/Xilinx/Vivado/2022.2/data/xhub/boards/XilinxBoardStore/boards/Xilinx/zcu1285/1.0/board.xml as part xczu39dr-ffvf1760-2-i specified in board_part file is either invalid or not available
WARNING: [Board 49-26] cannot add Board Part xilinx.com:zcu208:part0:2.0 available at C:/Xilinx/Vivado/2022.2/data/xhub/boards/XilinxBoardStore/boards/Xilinx/zcu208/production/2.0/board.xml as part xczu48dr-fsvg1517-2-e specified in board_part file is either invalid or not available
WARNING: [Board 49-26] cannot add Board Part xilinx.com:zcu208ld:part0:2.0 available at C:/Xilinx/Vivado/2022.2/data/xhub/boards/XilinxBoardStore/boards/Xilinx/zcu208ld/production/2.0/board.xml as part xczu58dr-fsvg1517-2-i specified in board_part file is either invalid or not available
WARNING: [Board 49-26] cannot add Board Part xilinx.com:zcu216:part0:2.0 available at C:/Xilinx/Vivado/2022.2/data/xhub/boards/XilinxBoardStore/boards/Xilinx/zcu216/production/2.0/board.xml as part xczu49dr-ffvf1760-2-e specified in board_part file is either invalid or not available
WARNING: [Board 49-26] cannot add Board Part xilinx.com:zcu216ld:part0:2.0 available at C:/Xilinx/Vivado/2022.2/data/xhub/boards/XilinxBoardStore/boards/Xilinx/zcu216ld/production/2.0/board.xml as part xczu59dr-ffvf1760-2-i specified in board_part file is either invalid or not available
WARNING: [Board 49-26] cannot add Board Part xilinx.com:zcu670:part0:2.0 available at C:/Xilinx/Vivado/2022.2/data/xhub/boards/XilinxBoardStore/boards/Xilinx/zcu670/2.0/board.xml as part xczu67dr-fsve1156-2-i specified in board_part file is either invalid or not available
WARNING: [Board 49-26] cannot add Board Part xilinx.com:zcu670ld:part0:1.0 available at C:/Xilinx/Vivado/2022.2/data/xhub/boards/XilinxBoardStore/boards/Xilinx/zcu670ld/1.0/board.xml as part xczu57dr-fsve1156-2-i specified in board_part file is either invalid or not available
INFO: [IP_Flow 19-234] Refreshing IP repositories
INFO: [IP_Flow 19-1700] Loaded user IP repository 'c:/Users/curti/OneDrive/Documents/UIUC/ECE-385/Vivado_Projects/ip_repo/hdmi_text_controller_1_0'.
WARNING: [IP_Flow 19-2207] Repository 'c:/Users/curti/OneDrive/Documents/UIUC/ECE-385/Vivado_Projects/ip_repo/hdmi_text_controller_1_0' already exists; ignoring attempt to add it again.
INFO: [IP_Flow 19-1700] Loaded user IP repository 'c:/Users/curti/OneDrive/Documents/UIUC/ECE-385/Vivado_Projects/ip_repo/hdmi_text_controller_1_0'.
INFO: [IP_Flow 19-1700] Loaded user IP repository 'c:/Users/curti/OneDrive/Documents/UIUC/ECE-385/Vivado_Projects/lab7_1/lab7_1_provided_fa24/hdmi_tx_1.0'.
INFO: [IP_Flow 19-795] Syncing license key meta-data
update_compile_order -fileset sources_1
ipx::remove_file hdl/hdmi_text_controller_v1_0_AXI.v [ipx::get_file_groups xilinx_verilogsynthesis -of_objects [ipx::current_core]]
ipx::remove_file hdl/hdmi_text_controller_v1_0.v [ipx::get_file_groups xilinx_verilogsynthesis -of_objects [ipx::current_core]]
current_project lab7_1
ipx::add_file C:/Users/curti/OneDrive/Documents/UIUC/ECE-385/Vivado_Projects/lab7_1/lab7_1_provided_fa24/hdmi_text_controller_v1_0_AXI.sv [ipx::get_file_groups xilinx_verilogsynthesis -of_objects [ipx::current_core]]
WARNING: [Ipptcl 7-1550] All additional files should be added in a directory below the IP definition file (xml)
set_property type systemVerilogSource [ipx::get_files ../../lab7_1/lab7_1_provided_fa24/hdmi_text_controller_v1_0_AXI.sv -of_objects [ipx::get_file_groups xilinx_verilogsynthesis -of_objects [ipx::current_core]]]
set_property library_name xil_defaultlib [ipx::get_files ../../lab7_1/lab7_1_provided_fa24/hdmi_text_controller_v1_0_AXI.sv -of_objects [ipx::get_file_groups xilinx_verilogsynthesis -of_objects [ipx::current_core]]]
ipx::add_file C:/Users/curti/OneDrive/Documents/UIUC/ECE-385/Vivado_Projects/lab7_1/lab7_1_provided_fa24/hdmi_text_controller_v1_0.sv [ipx::get_file_groups xilinx_verilogsynthesis -of_objects [ipx::current_core]]
WARNING: [Ipptcl 7-1550] All additional files should be added in a directory below the IP definition file (xml)
set_property type systemVerilogSource [ipx::get_files ../../lab7_1/lab7_1_provided_fa24/hdmi_text_controller_v1_0.sv -of_objects [ipx::get_file_groups xilinx_verilogsynthesis -of_objects [ipx::current_core]]]
set_property library_name xil_defaultlib [ipx::get_files ../../lab7_1/lab7_1_provided_fa24/hdmi_text_controller_v1_0.sv -of_objects [ipx::get_file_groups xilinx_verilogsynthesis -of_objects [ipx::current_core]]]
current_project edit_hdmi_text_controller_v1_0
ipx::remove_file drivers/hdmi_text_controller_v1_0/src/hdmi_text_controller_selftest.c [ipx::get_file_groups xilinx_softwaredriver -of_objects [ipx::current_core]]
ipx::remove_file drivers/hdmi_text_controller_v1_0/src/Makefile [ipx::get_file_groups xilinx_softwaredriver -of_objects [ipx::current_core]]
ipx::remove_file drivers/hdmi_text_controller_v1_0/src/hdmi_text_controller.h [ipx::get_file_groups xilinx_softwaredriver -of_objects [ipx::current_core]]
ipx::remove_file drivers/hdmi_text_controller_v1_0/src/hdmi_text_controller.c [ipx::get_file_groups xilinx_softwaredriver -of_objects [ipx::current_core]]
ipx::add_file C:/Users/curti/OneDrive/Documents/UIUC/ECE-385/Vivado_Projects/lab7_1/lab7_1_provided_fa24/drivers_src/Makefile [ipx::get_file_groups xilinx_softwaredriver -of_objects [ipx::current_core]]
WARNING: [Ipptcl 7-1550] All additional files should be added in a directory below the IP definition file (xml)
set_property type unknown [ipx::get_files ../../lab7_1/lab7_1_provided_fa24/drivers_src/Makefile -of_objects [ipx::get_file_groups xilinx_softwaredriver -of_objects [ipx::current_core]]]
ipx::add_file C:/Users/curti/OneDrive/Documents/UIUC/ECE-385/Vivado_Projects/lab7_1/lab7_1_provided_fa24/drivers_src/hdmi_text_controller.c [ipx::get_file_groups xilinx_softwaredriver -of_objects [ipx::current_core]]
WARNING: [Ipptcl 7-1550] All additional files should be added in a directory below the IP definition file (xml)
set_property type cSource [ipx::get_files ../../lab7_1/lab7_1_provided_fa24/drivers_src/hdmi_text_controller.c -of_objects [ipx::get_file_groups xilinx_softwaredriver -of_objects [ipx::current_core]]]
ipx::add_file C:/Users/curti/OneDrive/Documents/UIUC/ECE-385/Vivado_Projects/lab7_1/lab7_1_provided_fa24/drivers_src/hdmi_text_controller.h [ipx::get_file_groups xilinx_softwaredriver -of_objects [ipx::current_core]]
WARNING: [Ipptcl 7-1550] All additional files should be added in a directory below the IP definition file (xml)
set_property type cSource [ipx::get_files ../../lab7_1/lab7_1_provided_fa24/drivers_src/hdmi_text_controller.h -of_objects [ipx::get_file_groups xilinx_softwaredriver -of_objects [ipx::current_core]]]
ipx::remove_file ../../lab7_1/lab7_1_provided_fa24/drivers_src/Makefile [ipx::get_file_groups xilinx_softwaredriver -of_objects [ipx::current_core]]
ipx::remove_file ../../lab7_1/lab7_1_provided_fa24/drivers_src/hdmi_text_controller.c [ipx::get_file_groups xilinx_softwaredriver -of_objects [ipx::current_core]]
ipx::remove_file ../../lab7_1/lab7_1_provided_fa24/drivers_src/hdmi_text_controller.h [ipx::get_file_groups xilinx_softwaredriver -of_objects [ipx::current_core]]
file copy C:/Users/curti/OneDrive/Documents/UIUC/ECE-385/Vivado_Projects/lab7_1/lab7_1_provided_fa24/drivers_src/Makefile c:/Users/curti/OneDrive/Documents/UIUC/ECE-385/Vivado_Projects/ip_repo/hdmi_text_controller_1_0/src
ipx::add_file c:/Users/curti/OneDrive/Documents/UIUC/ECE-385/Vivado_Projects/ip_repo/hdmi_text_controller_1_0/src/Makefile [ipx::get_file_groups xilinx_softwaredriver -of_objects [ipx::current_core]]
set_property type unknown [ipx::get_files src/Makefile -of_objects [ipx::get_file_groups xilinx_softwaredriver -of_objects [ipx::current_core]]]
file copy C:/Users/curti/OneDrive/Documents/UIUC/ECE-385/Vivado_Projects/lab7_1/lab7_1_provided_fa24/drivers_src/hdmi_text_controller.c c:/Users/curti/OneDrive/Documents/UIUC/ECE-385/Vivado_Projects/ip_repo/hdmi_text_controller_1_0/src
ipx::add_file c:/Users/curti/OneDrive/Documents/UIUC/ECE-385/Vivado_Projects/ip_repo/hdmi_text_controller_1_0/src/hdmi_text_controller.c [ipx::get_file_groups xilinx_softwaredriver -of_objects [ipx::current_core]]
set_property type cSource [ipx::get_files src/hdmi_text_controller.c -of_objects [ipx::get_file_groups xilinx_softwaredriver -of_objects [ipx::current_core]]]
file copy C:/Users/curti/OneDrive/Documents/UIUC/ECE-385/Vivado_Projects/lab7_1/lab7_1_provided_fa24/drivers_src/hdmi_text_controller.h c:/Users/curti/OneDrive/Documents/UIUC/ECE-385/Vivado_Projects/ip_repo/hdmi_text_controller_1_0/src
ipx::add_file c:/Users/curti/OneDrive/Documents/UIUC/ECE-385/Vivado_Projects/ip_repo/hdmi_text_controller_1_0/src/hdmi_text_controller.h [ipx::get_file_groups xilinx_softwaredriver -of_objects [ipx::current_core]]
set_property type cSource [ipx::get_files src/hdmi_text_controller.h -of_objects [ipx::get_file_groups xilinx_softwaredriver -of_objects [ipx::current_core]]]
ipx::remove_file ../../lab7_1/lab7_1_provided_fa24/hdmi_text_controller_v1_0_AXI.sv [ipx::get_file_groups xilinx_verilogsynthesis -of_objects [ipx::current_core]]
ipx::remove_file ../../lab7_1/lab7_1_provided_fa24/hdmi_text_controller_v1_0.sv [ipx::get_file_groups xilinx_verilogsynthesis -of_objects [ipx::current_core]]
file copy C:/Users/curti/OneDrive/Documents/UIUC/ECE-385/Vivado_Projects/lab7_1/lab7_1_provided_fa24/hdmi_text_controller_v1_0_AXI.sv c:/Users/curti/OneDrive/Documents/UIUC/ECE-385/Vivado_Projects/ip_repo/hdmi_text_controller_1_0/src
ipx::add_file c:/Users/curti/OneDrive/Documents/UIUC/ECE-385/Vivado_Projects/ip_repo/hdmi_text_controller_1_0/src/hdmi_text_controller_v1_0_AXI.sv [ipx::get_file_groups xilinx_verilogsynthesis -of_objects [ipx::current_core]]
set_property type systemVerilogSource [ipx::get_files src/hdmi_text_controller_v1_0_AXI.sv -of_objects [ipx::get_file_groups xilinx_verilogsynthesis -of_objects [ipx::current_core]]]
set_property library_name xil_defaultlib [ipx::get_files src/hdmi_text_controller_v1_0_AXI.sv -of_objects [ipx::get_file_groups xilinx_verilogsynthesis -of_objects [ipx::current_core]]]
file copy C:/Users/curti/OneDrive/Documents/UIUC/ECE-385/Vivado_Projects/lab7_1/lab7_1_provided_fa24/hdmi_text_controller_v1_0.sv c:/Users/curti/OneDrive/Documents/UIUC/ECE-385/Vivado_Projects/ip_repo/hdmi_text_controller_1_0/src
ipx::add_file c:/Users/curti/OneDrive/Documents/UIUC/ECE-385/Vivado_Projects/ip_repo/hdmi_text_controller_1_0/src/hdmi_text_controller_v1_0.sv [ipx::get_file_groups xilinx_verilogsynthesis -of_objects [ipx::current_core]]
set_property type systemVerilogSource [ipx::get_files src/hdmi_text_controller_v1_0.sv -of_objects [ipx::get_file_groups xilinx_verilogsynthesis -of_objects [ipx::current_core]]]
set_property library_name xil_defaultlib [ipx::get_files src/hdmi_text_controller_v1_0.sv -of_objects [ipx::get_file_groups xilinx_verilogsynthesis -of_objects [ipx::current_core]]]
ipx::add_bus_interface HDMI [ipx::current_core]
set_property abstraction_type_vlnv xilinx.com:interface:hdmi_rtl:2.0 [ipx::get_bus_interfaces HDMI -of_objects [ipx::current_core]]
set_property bus_type_vlnv xilinx.com:interface:hdmi:2.0 [ipx::get_bus_interfaces HDMI -of_objects [ipx::current_core]]
set_property interface_mode master [ipx::get_bus_interfaces HDMI -of_objects [ipx::current_core]]
set_property display_name HDMI [ipx::get_bus_interfaces HDMI -of_objects [ipx::current_core]]
set_property description {HDMI output port} [ipx::get_bus_interfaces HDMI -of_objects [ipx::current_core]]
ipx::remove_bus_interface HDMI [ipx::current_core]
ipx::remove_file hdl/hdmi_text_controller_v1_0_AXI.v [ipx::get_file_groups xilinx_verilogbehavioralsimulation -of_objects [ipx::current_core]]
ipx::remove_file hdl/hdmi_text_controller_v1_0.v [ipx::get_file_groups xilinx_verilogbehavioralsimulation -of_objects [ipx::current_core]]
ipx::remove_file src/hdmi_text_controller_v1_0_AXI.sv [ipx::get_file_groups xilinx_verilogsynthesis -of_objects [ipx::current_core]]
ipx::remove_file src/hdmi_text_controller_v1_0.sv [ipx::get_file_groups xilinx_verilogsynthesis -of_objects [ipx::current_core]]
ipx::add_file C:/Users/curti/OneDrive/Documents/UIUC/ECE-385/Vivado_Projects/ip_repo/hdmi_text_controller_1_0/src/hdmi_text_controller_v1_0.sv [ipx::get_file_groups xilinx_verilogsynthesis -of_objects [ipx::current_core]]
set_property type systemVerilogSource [ipx::get_files src/hdmi_text_controller_v1_0.sv -of_objects [ipx::get_file_groups xilinx_verilogsynthesis -of_objects [ipx::current_core]]]
set_property library_name xil_defaultlib [ipx::get_files src/hdmi_text_controller_v1_0.sv -of_objects [ipx::get_file_groups xilinx_verilogsynthesis -of_objects [ipx::current_core]]]
ipx::add_file C:/Users/curti/OneDrive/Documents/UIUC/ECE-385/Vivado_Projects/ip_repo/hdmi_text_controller_1_0/src/hdmi_text_controller_v1_0_AXI.sv [ipx::get_file_groups xilinx_verilogsynthesis -of_objects [ipx::current_core]]
set_property type systemVerilogSource [ipx::get_files src/hdmi_text_controller_v1_0_AXI.sv -of_objects [ipx::get_file_groups xilinx_verilogsynthesis -of_objects [ipx::current_core]]]
set_property library_name xil_defaultlib [ipx::get_files src/hdmi_text_controller_v1_0_AXI.sv -of_objects [ipx::get_file_groups xilinx_verilogsynthesis -of_objects [ipx::current_core]]]
export_ip_user_files -of_objects  [get_files c:/Users/curti/OneDrive/Documents/UIUC/ECE-385/Vivado_Projects/ip_repo/hdmi_text_controller_1_0/hdl/hdmi_text_controller_v1_0.v] -no_script -reset -force -quiet
remove_files  c:/Users/curti/OneDrive/Documents/UIUC/ECE-385/Vivado_Projects/ip_repo/hdmi_text_controller_1_0/hdl/hdmi_text_controller_v1_0.v
update_compile_order -fileset sources_1
ipx::merge_project_changes ports [ipx::current_core]
WARNING: [IP_Flow 19-3833] Unreferenced file from the top module is not packaged: 'c:/Users/curti/OneDrive/Documents/UIUC/ECE-385/Vivado_Projects/ip_repo/hdmi_text_controller_1_0/hdl/hdmi_text_controller_v1_0_AXI.v'.
WARNING: [IP_Flow 19-5226] Project source file 'c:/Users/curti/OneDrive/Documents/UIUC/ECE-385/Vivado_Projects/ip_repo/hdmi_text_controller_1_0/component.xml' ignored by IP packager.
CRITICAL WARNING: [IP_Flow 19-377] There are no source files from the current project to package.
ipx::merge_project_changes ports [ipx::current_core]
WARNING: [IP_Flow 19-3833] Unreferenced file from the top module is not packaged: 'c:/Users/curti/OneDrive/Documents/UIUC/ECE-385/Vivado_Projects/ip_repo/hdmi_text_controller_1_0/hdl/hdmi_text_controller_v1_0_AXI.v'.
WARNING: [IP_Flow 19-5226] Project source file 'c:/Users/curti/OneDrive/Documents/UIUC/ECE-385/Vivado_Projects/ip_repo/hdmi_text_controller_1_0/component.xml' ignored by IP packager.
CRITICAL WARNING: [IP_Flow 19-377] There are no source files from the current project to package.
ipx::merge_project_changes ports [ipx::current_core]
WARNING: [IP_Flow 19-3833] Unreferenced file from the top module is not packaged: 'c:/Users/curti/OneDrive/Documents/UIUC/ECE-385/Vivado_Projects/ip_repo/hdmi_text_controller_1_0/hdl/hdmi_text_controller_v1_0_AXI.v'.
WARNING: [IP_Flow 19-5226] Project source file 'c:/Users/curti/OneDrive/Documents/UIUC/ECE-385/Vivado_Projects/ip_repo/hdmi_text_controller_1_0/component.xml' ignored by IP packager.
CRITICAL WARNING: [IP_Flow 19-377] There are no source files from the current project to package.
add_files -norecurse -scan_for_includes {C:/Users/curti/OneDrive/Documents/UIUC/ECE-385/Vivado_Projects/ip_repo/hdmi_text_controller_1_0/src/hdmi_text_controller_v1_0.sv C:/Users/curti/OneDrive/Documents/UIUC/ECE-385/Vivado_Projects/ip_repo/hdmi_text_controller_1_0/src/hdmi_text_controller_v1_0_AXI.sv}
update_compile_order -fileset sources_1
export_ip_user_files -of_objects  [get_files c:/Users/curti/OneDrive/Documents/UIUC/ECE-385/Vivado_Projects/ip_repo/hdmi_text_controller_1_0/hdl/hdmi_text_controller_v1_0_AXI.v] -no_script -reset -force -quiet
remove_files  c:/Users/curti/OneDrive/Documents/UIUC/ECE-385/Vivado_Projects/ip_repo/hdmi_text_controller_1_0/hdl/hdmi_text_controller_v1_0_AXI.v
ipx::merge_project_changes ports [ipx::current_core]
WARNING: [IP_Flow 19-5226] Project source file 'c:/Users/curti/OneDrive/Documents/UIUC/ECE-385/Vivado_Projects/ip_repo/hdmi_text_controller_1_0/component.xml' ignored by IP packager.
WARNING: [IP_Flow 19-5101] Packaging a component with a SystemVerilog top file is not fully supported. Please refer to UG1118 'Creating and Packaging Custom IP'.
WARNING: [IP_Flow 19-4300] HDL parameter 'C_AXI_ADDR_WIDTH' has its value changed from '4' to '16'.
INFO: [IP_Flow 19-3166] Bus Interface 'AXI': References existing memory map 'AXI'.
ipx::merge_project_changes files [ipx::current_core]
WARNING: [IP_Flow 19-5226] Project source file 'c:/Users/curti/OneDrive/Documents/UIUC/ECE-385/Vivado_Projects/ip_repo/hdmi_text_controller_1_0/component.xml' ignored by IP packager.
ipx::merge_project_changes ports [ipx::current_core]
WARNING: [IP_Flow 19-5226] Project source file 'c:/Users/curti/OneDrive/Documents/UIUC/ECE-385/Vivado_Projects/ip_repo/hdmi_text_controller_1_0/component.xml' ignored by IP packager.
WARNING: [IP_Flow 19-5101] Packaging a component with a SystemVerilog top file is not fully supported. Please refer to UG1118 'Creating and Packaging Custom IP'.
INFO: [IP_Flow 19-5107] Inferred bus interface 'hdmi_clk_n' of definition 'xilinx.com:signal:clock:1.0' (from Xilinx Repository).
INFO: [IP_Flow 19-5107] Inferred bus interface 'hdmi_clk_p' of definition 'xilinx.com:signal:clock:1.0' (from Xilinx Repository).
INFO: [IP_Flow 19-3166] Bus Interface 'AXI': References existing memory map 'AXI'.
ipx::add_bus_interface HDMI [ipx::current_core]
set_property abstraction_type_vlnv xilinx.com:interface:aximm_rtl:1.0 [ipx::get_bus_interfaces HDMI -of_objects [ipx::current_core]]
set_property bus_type_vlnv xilinx.com:interface:aximm:1.0 [ipx::get_bus_interfaces HDMI -of_objects [ipx::current_core]]
set_property interface_mode master [ipx::get_bus_interfaces HDMI -of_objects [ipx::current_core]]
set_property display_name HDMI [ipx::get_bus_interfaces HDMI -of_objects [ipx::current_core]]
set_property description {HDMI output port} [ipx::get_bus_interfaces HDMI -of_objects [ipx::current_core]]
ipx::add_bus_parameter NUM_READ_OUTSTANDING [ipx::get_bus_interfaces HDMI -of_objects [ipx::current_core]]
ipx::add_bus_parameter NUM_WRITE_OUTSTANDING [ipx::get_bus_interfaces HDMI -of_objects [ipx::current_core]]
set_property abstraction_type_vlnv xilinx.com:interface:hdmi_rtl:2.0 [ipx::get_bus_interfaces HDMI -of_objects [ipx::current_core]]
set_property bus_type_vlnv xilinx.com:interface:hdmi:2.0 [ipx::get_bus_interfaces HDMI -of_objects [ipx::current_core]]
ipx::add_port_map TMDS_CLK_N [ipx::get_bus_interfaces HDMI -of_objects [ipx::current_core]]
set_property physical_name hdmi_clk_n [ipx::get_port_maps TMDS_CLK_N -of_objects [ipx::get_bus_interfaces HDMI -of_objects [ipx::current_core]]]
ipx::add_port_map TMDS_DATA_N [ipx::get_bus_interfaces HDMI -of_objects [ipx::current_core]]
set_property physical_name hdmi_tx_n [ipx::get_port_maps TMDS_DATA_N -of_objects [ipx::get_bus_interfaces HDMI -of_objects [ipx::current_core]]]
ipx::add_port_map TMDS_DATA_P [ipx::get_bus_interfaces HDMI -of_objects [ipx::current_core]]
set_property physical_name hdmi_tx_p [ipx::get_port_maps TMDS_DATA_P -of_objects [ipx::get_bus_interfaces HDMI -of_objects [ipx::current_core]]]
ipx::add_port_map TMDS_CLK_P [ipx::get_bus_interfaces HDMI -of_objects [ipx::current_core]]
set_property physical_name hdmi_clk_p [ipx::get_port_maps TMDS_CLK_P -of_objects [ipx::get_bus_interfaces HDMI -of_objects [ipx::current_core]]]
launch_runs synth_1 -jobs 10
WARNING: [Vivado 12-7122] Auto Incremental Compile:: No reference checkpoint was found in run synth_1. Auto-incremental flow will not be run, the standard flow will be run instead.
[Thu Oct 31 23:57:42 2024] Launched synth_1...
Run output will be captured here: c:/users/curti/onedrive/documents/uiuc/ece-385/vivado_projects/ip_repo/edit_hdmi_text_controller_v1_0.runs/synth_1/runme.log
add_files -norecurse -scan_for_includes {C:/Users/curti/OneDrive/Documents/UIUC/ECE-385/Vivado_Projects/lab7_1/lab7_1_provided_fa24/mini_mapper.sv C:/Users/curti/OneDrive/Documents/UIUC/ECE-385/Vivado_Projects/lab7_1/lab7_1_provided_fa24/VGA_controller.sv C:/Users/curti/OneDrive/Documents/UIUC/ECE-385/Vivado_Projects/lab7_1/lab7_1_provided_fa24/font_rom.sv}
update_compile_order -fileset sources_1
create_ip -name clk_wiz -vendor xilinx.com -library ip -version 6.0 -module_name clk_wiz_0 -dir c:/Users/curti/OneDrive/Documents/UIUC/ECE-385/Vivado_Projects/ip_repo/hdmi_text_controller_1_0/src
set_property -dict [list \
  CONFIG.CLKOUT1_JITTER {175.402} \
  CONFIG.CLKOUT1_PHASE_ERROR {98.575} \
  CONFIG.CLKOUT1_REQUESTED_OUT_FREQ {25} \
  CONFIG.CLKOUT2_JITTER {125.247} \
  CONFIG.CLKOUT2_PHASE_ERROR {98.575} \
  CONFIG.CLKOUT2_REQUESTED_OUT_FREQ {125} \
  CONFIG.CLKOUT2_USED {true} \
  CONFIG.MMCM_CLKFBOUT_MULT_F {10.000} \
  CONFIG.MMCM_CLKOUT0_DIVIDE_F {40.000} \
  CONFIG.MMCM_CLKOUT1_DIVIDE {8} \
  CONFIG.NUM_OUT_CLKS {2} \
] [get_ips clk_wiz_0]
generate_target {instantiation_template} [get_files c:/Users/curti/OneDrive/Documents/UIUC/ECE-385/Vivado_Projects/ip_repo/hdmi_text_controller_1_0/src/clk_wiz_0/clk_wiz_0.xci]
INFO: [IP_Flow 19-1686] Generating 'Instantiation Template' target for IP 'clk_wiz_0'...
generate_target all [get_files  c:/Users/curti/OneDrive/Documents/UIUC/ECE-385/Vivado_Projects/ip_repo/hdmi_text_controller_1_0/src/clk_wiz_0/clk_wiz_0.xci]
INFO: [IP_Flow 19-1686] Generating 'Synthesis' target for IP 'clk_wiz_0'...
INFO: [IP_Flow 19-1686] Generating 'Simulation' target for IP 'clk_wiz_0'...
INFO: [IP_Flow 19-1686] Generating 'Implementation' target for IP 'clk_wiz_0'...
INFO: [IP_Flow 19-1686] Generating 'Change Log' target for IP 'clk_wiz_0'...
catch { config_ip_cache -export [get_ips -all clk_wiz_0] }
INFO: [IP_Flow 19-6924] IPCACHE: Running cache check for IP inst: clk_wiz_0
export_ip_user_files -of_objects [get_files c:/Users/curti/OneDrive/Documents/UIUC/ECE-385/Vivado_Projects/ip_repo/hdmi_text_controller_1_0/src/clk_wiz_0/clk_wiz_0.xci] -no_script -sync -force -quiet
create_ip_run [get_files -of_objects [get_fileset sources_1] c:/Users/curti/OneDrive/Documents/UIUC/ECE-385/Vivado_Projects/ip_repo/hdmi_text_controller_1_0/src/clk_wiz_0/clk_wiz_0.xci]
launch_runs clk_wiz_0_synth_1 -jobs 10
INFO: [IP_Flow 19-6924] IPCACHE: Running cache check for IP inst: clk_wiz_0
[Thu Oct 31 23:58:36 2024] Launched clk_wiz_0_synth_1...
Run output will be captured here: c:/users/curti/onedrive/documents/uiuc/ece-385/vivado_projects/ip_repo/edit_hdmi_text_controller_v1_0.runs/clk_wiz_0_synth_1/runme.log
export_simulation -of_objects [get_files c:/Users/curti/OneDrive/Documents/UIUC/ECE-385/Vivado_Projects/ip_repo/hdmi_text_controller_1_0/src/clk_wiz_0/clk_wiz_0.xci] -directory c:/users/curti/onedrive/documents/uiuc/ece-385/vivado_projects/ip_repo/edit_hdmi_text_controller_v1_0.ip_user_files/sim_scripts -ip_user_files_dir c:/users/curti/onedrive/documents/uiuc/ece-385/vivado_projects/ip_repo/edit_hdmi_text_controller_v1_0.ip_user_files -ipstatic_source_dir c:/users/curti/onedrive/documents/uiuc/ece-385/vivado_projects/ip_repo/edit_hdmi_text_controller_v1_0.ip_user_files/ipstatic -lib_map_path [list {modelsim=c:/users/curti/onedrive/documents/uiuc/ece-385/vivado_projects/ip_repo/edit_hdmi_text_controller_v1_0.cache/compile_simlib/modelsim} {questa=c:/users/curti/onedrive/documents/uiuc/ece-385/vivado_projects/ip_repo/edit_hdmi_text_controller_v1_0.cache/compile_simlib/questa} {riviera=c:/users/curti/onedrive/documents/uiuc/ece-385/vivado_projects/ip_repo/edit_hdmi_text_controller_v1_0.cache/compile_simlib/riviera} {activehdl=c:/users/curti/onedrive/documents/uiuc/ece-385/vivado_projects/ip_repo/edit_hdmi_text_controller_v1_0.cache/compile_simlib/activehdl}] -use_ip_compiled_libs -force -quiet
create_ip -name hdmi_tx -vendor realdigital.org -library realdigital -version 1.0 -module_name hdmi_tx_0 -dir c:/Users/curti/OneDrive/Documents/UIUC/ECE-385/Vivado_Projects/ip_repo/hdmi_text_controller_1_0/src
set_property -dict [list \
  CONFIG.C_BLUE_WIDTH {4} \
  CONFIG.C_GREEN_WIDTH {4} \
  CONFIG.C_RED_WIDTH {4} \
  CONFIG.MODE {HDMI} \
] [get_ips hdmi_tx_0]
generate_target {instantiation_template} [get_files c:/Users/curti/OneDrive/Documents/UIUC/ECE-385/Vivado_Projects/ip_repo/hdmi_text_controller_1_0/src/hdmi_tx_0/hdmi_tx_0.xci]
INFO: [IP_Flow 19-1686] Generating 'Instantiation Template' target for IP 'hdmi_tx_0'...
generate_target all [get_files  c:/Users/curti/OneDrive/Documents/UIUC/ECE-385/Vivado_Projects/ip_repo/hdmi_text_controller_1_0/src/hdmi_tx_0/hdmi_tx_0.xci]
INFO: [IP_Flow 19-1686] Generating 'Synthesis' target for IP 'hdmi_tx_0'...
INFO: [IP_Flow 19-1686] Generating 'Simulation' target for IP 'hdmi_tx_0'...
catch { config_ip_cache -export [get_ips -all hdmi_tx_0] }
INFO: [IP_Flow 19-6924] IPCACHE: Running cache check for IP inst: hdmi_tx_0
export_ip_user_files -of_objects [get_files c:/Users/curti/OneDrive/Documents/UIUC/ECE-385/Vivado_Projects/ip_repo/hdmi_text_controller_1_0/src/hdmi_tx_0/hdmi_tx_0.xci] -no_script -sync -force -quiet
create_ip_run [get_files -of_objects [get_fileset sources_1] c:/Users/curti/OneDrive/Documents/UIUC/ECE-385/Vivado_Projects/ip_repo/hdmi_text_controller_1_0/src/hdmi_tx_0/hdmi_tx_0.xci]
launch_runs hdmi_tx_0_synth_1 -jobs 10
INFO: [IP_Flow 19-6924] IPCACHE: Running cache check for IP inst: hdmi_tx_0
[Thu Oct 31 23:58:53 2024] Launched hdmi_tx_0_synth_1...
Run output will be captured here: c:/users/curti/onedrive/documents/uiuc/ece-385/vivado_projects/ip_repo/edit_hdmi_text_controller_v1_0.runs/hdmi_tx_0_synth_1/runme.log
export_simulation -of_objects [get_files c:/Users/curti/OneDrive/Documents/UIUC/ECE-385/Vivado_Projects/ip_repo/hdmi_text_controller_1_0/src/hdmi_tx_0/hdmi_tx_0.xci] -directory c:/users/curti/onedrive/documents/uiuc/ece-385/vivado_projects/ip_repo/edit_hdmi_text_controller_v1_0.ip_user_files/sim_scripts -ip_user_files_dir c:/users/curti/onedrive/documents/uiuc/ece-385/vivado_projects/ip_repo/edit_hdmi_text_controller_v1_0.ip_user_files -ipstatic_source_dir c:/users/curti/onedrive/documents/uiuc/ece-385/vivado_projects/ip_repo/edit_hdmi_text_controller_v1_0.ip_user_files/ipstatic -lib_map_path [list {modelsim=c:/users/curti/onedrive/documents/uiuc/ece-385/vivado_projects/ip_repo/edit_hdmi_text_controller_v1_0.cache/compile_simlib/modelsim} {questa=c:/users/curti/onedrive/documents/uiuc/ece-385/vivado_projects/ip_repo/edit_hdmi_text_controller_v1_0.cache/compile_simlib/questa} {riviera=c:/users/curti/onedrive/documents/uiuc/ece-385/vivado_projects/ip_repo/edit_hdmi_text_controller_v1_0.cache/compile_simlib/riviera} {activehdl=c:/users/curti/onedrive/documents/uiuc/ece-385/vivado_projects/ip_repo/edit_hdmi_text_controller_v1_0.cache/compile_simlib/activehdl}] -use_ip_compiled_libs -force -quiet
reset_run synth_1
WARNING: [Vivado 12-1017] Problems encountered:
1. Failed to delete one or more files in run directory c:/users/curti/onedrive/documents/uiuc/ece-385/vivado_projects/ip_repo/edit_hdmi_text_controller_v1_0.runs/synth_1

launch_runs synth_1 -jobs 10
WARNING: [Vivado 12-7122] Auto Incremental Compile:: No reference checkpoint was found in run synth_1. Auto-incremental flow will not be run, the standard flow will be run instead.
[Thu Oct 31 23:59:02 2024] Launched clk_wiz_0_synth_1, hdmi_tx_0_synth_1...
Run output will be captured here:
clk_wiz_0_synth_1: c:/users/curti/onedrive/documents/uiuc/ece-385/vivado_projects/ip_repo/edit_hdmi_text_controller_v1_0.runs/clk_wiz_0_synth_1/runme.log
hdmi_tx_0_synth_1: c:/users/curti/onedrive/documents/uiuc/ece-385/vivado_projects/ip_repo/edit_hdmi_text_controller_v1_0.runs/hdmi_tx_0_synth_1/runme.log
[Thu Oct 31 23:59:03 2024] Launched synth_1...
Run output will be captured here: c:/users/curti/onedrive/documents/uiuc/ece-385/vivado_projects/ip_repo/edit_hdmi_text_controller_v1_0.runs/synth_1/runme.log
reset_run synth_1
launch_runs synth_1 -jobs 10
WARNING: [Vivado 12-7122] Auto Incremental Compile:: No reference checkpoint was found in run synth_1. Auto-incremental flow will not be run, the standard flow will be run instead.
[Fri Nov  1 00:01:54 2024] Launched synth_1...
Run output will be captured here: c:/users/curti/onedrive/documents/uiuc/ece-385/vivado_projects/ip_repo/edit_hdmi_text_controller_v1_0.runs/synth_1/runme.log
ipx::merge_project_changes ports [ipx::current_core]
WARNING: [IP_Flow 19-5226] Project source file 'c:/Users/curti/OneDrive/Documents/UIUC/ECE-385/Vivado_Projects/ip_repo/hdmi_text_controller_1_0/component.xml' ignored by IP packager.
WARNING: [IP_Flow 19-5898] Updating the required XPM macros from '' to 'XPM_CDC'
WARNING: [IP_Flow 19-5101] Packaging a component with a SystemVerilog top file is not fully supported. Please refer to UG1118 'Creating and Packaging Custom IP'.
INFO: [IP_Flow 19-3166] Bus Interface 'AXI': References existing memory map 'AXI'.
set_property core_revision 2 [ipx::current_core]
ipx::update_source_project_archive -component [ipx::current_core]
ipx::create_xgui_files [ipx::current_core]
ipx::update_checksums [ipx::current_core]
ipx::check_integrity [ipx::current_core]
WARNING: [IP_Flow 19-5905] All packaged files should be located below the IP definition file (xml)
WARNING: [IP_Flow 19-5905] All packaged files should be located below the IP definition file (xml)
WARNING: [IP_Flow 19-5905] All packaged files should be located below the IP definition file (xml)
WARNING: [IP_Flow 19-5905] All packaged files should be located below the IP definition file (xml)
WARNING: [IP_Flow 19-5905] All packaged files should be located below the IP definition file (xml)
WARNING: [IP_Flow 19-5905] All packaged files should be located below the IP definition file (xml)
WARNING: [IP_Flow 19-5661] Bus Interface 'hdmi_clk_n' does not have any bus interfaces associated with it.
WARNING: [IP_Flow 19-4751] Bus Interface 'hdmi_clk_n': FREQ_HZ bus parameter is missing for output clock interface.
WARNING: [IP_Flow 19-5661] Bus Interface 'hdmi_clk_p' does not have any bus interfaces associated with it.
WARNING: [IP_Flow 19-4751] Bus Interface 'hdmi_clk_p': FREQ_HZ bus parameter is missing for output clock interface.
WARNING: [IP_Flow 19-1965] Bus Interface 'HDMI': A port map to the required logical port "DDC_SCL_I" of the bus abstraction "xilinx.com:interface:hdmi_rtl:2.0" is missing.
WARNING: [IP_Flow 19-1965] Bus Interface 'HDMI': A port map to the required logical port "DDC_SCL_O" of the bus abstraction "xilinx.com:interface:hdmi_rtl:2.0" is missing.
WARNING: [IP_Flow 19-1965] Bus Interface 'HDMI': A port map to the required logical port "DDC_SCL_T" of the bus abstraction "xilinx.com:interface:hdmi_rtl:2.0" is missing.
WARNING: [IP_Flow 19-1965] Bus Interface 'HDMI': A port map to the required logical port "DDC_SDA_I" of the bus abstraction "xilinx.com:interface:hdmi_rtl:2.0" is missing.
WARNING: [IP_Flow 19-1965] Bus Interface 'HDMI': A port map to the required logical port "DDC_SDA_O" of the bus abstraction "xilinx.com:interface:hdmi_rtl:2.0" is missing.
WARNING: [IP_Flow 19-1965] Bus Interface 'HDMI': A port map to the required logical port "DDC_SDA_T" of the bus abstraction "xilinx.com:interface:hdmi_rtl:2.0" is missing.
WARNING: [IP_Flow 19-1965] Bus Interface 'HDMI': A port map to the required logical port "CABLE_CONNECT" of the bus abstraction "xilinx.com:interface:hdmi_rtl:2.0" is missing.
WARNING: [IP_Flow 19-1965] Bus Interface 'HDMI': A port map to the required logical port "HPD" of the bus abstraction "xilinx.com:interface:hdmi_rtl:2.0" is missing.
INFO: [IP_Flow 19-2181] Payment Required is not set for this core.
INFO: [IP_Flow 19-2187] The Product Guide file is missing.
INFO: [Ipptcl 7-1486] check_integrity: Integrity check passed.
ipx::save_core [ipx::current_core]
ipx::move_temp_component_back -component [ipx::current_core]
close_project -delete
update_ip_catalog -rebuild -repo_path c:/Users/curti/OneDrive/Documents/UIUC/ECE-385/Vivado_Projects/ip_repo/hdmi_text_controller_1_0
INFO: [IP_Flow 19-725] Reloaded user IP repository 'c:/Users/curti/OneDrive/Documents/UIUC/ECE-385/Vivado_Projects/ip_repo/hdmi_text_controller_1_0'
open_bd_design {C:/Users/curti/OneDrive/Documents/UIUC/ECE-385/Vivado_Projects/lab7_1/lab7_1.srcs/sources_1/bd/design_1/design_1.bd}
startgroup
create_bd_cell -type ip -vlnv xilinx.com:user:hdmi_text_controller:1.0 hdmi_text_controller_0
endgroup
set_property location {4 1828 -23} [get_bd_cells hdmi_text_controller_0]
startgroup
make_bd_intf_pins_external  [get_bd_intf_pins hdmi_text_controller_0/HDMI]
endgroup
apply_bd_automation -rule xilinx.com:bd_rule:axi4 -config { Clk_master {/clk_wiz_1/clk_out1 (100 MHz)} Clk_slave {Auto} Clk_xbar {/clk_wiz_1/clk_out1 (100 MHz)} Master {/microblaze_0 (Periph)} Slave {/hdmi_text_controller_0/AXI} ddr_seg {Auto} intc_ip {/microblaze_0_axi_periph} master_apm {0}}  [get_bd_intf_pins hdmi_text_controller_0/AXI]
Slave segment '/hdmi_text_controller_0/AXI/AXI_reg' is being assigned into address space '/microblaze_0/Data' at <0x44A0_0000 [ 64K ]>.
save_bd_design
Wrote  : <C:\Users\curti\OneDrive\Documents\UIUC\ECE-385\Vivado_Projects\lab7_1\lab7_1.srcs\sources_1\bd\design_1\design_1.bd> 
Wrote  : <C:/Users/curti/OneDrive/Documents/UIUC/ECE-385/Vivado_Projects/lab7_1/lab7_1.srcs/sources_1/bd/design_1/ui/bd_1f5defd0.ui> 
ipx::edit_ip_in_project -upgrade true -name hdmi_text_controller_v1_0_project -directory C:/Users/curti/OneDrive/Documents/UIUC/ECE-385/Vivado_Projects/lab7_1/lab7_1.tmp/hdmi_text_controller_v1_0_project c:/Users/curti/OneDrive/Documents/UIUC/ECE-385/Vivado_Projects/ip_repo/hdmi_text_controller_1_0/component.xml
INFO: [ProjectBase 1-489] The host OS only allows 260 characters in a normal path. The project is stored in a path with more than 80 characters. If you experience issues with IP, Block Designs, or files not being found, please consider moving the project to a location with a shorter path. Alternately consider using the OS subst command to map part of the path to a drive letter.
Current project path is 'c:/users/curti/onedrive/documents/uiuc/ece-385/vivado_projects/lab7_1/lab7_1.tmp/hdmi_text_controller_v1_0_project'
INFO: [IP_Flow 19-234] Refreshing IP repositories
INFO: [IP_Flow 19-1704] No user IP repositories specified
INFO: [IP_Flow 19-2313] Loaded Vivado IP repository 'C:/Xilinx/Vivado/2022.2/data/ip'.
WARNING: [Board 49-26] cannot add Board Part xilinx.com:ac701:part0:1.4 available at C:/Xilinx/Vivado/2022.2/data/xhub/boards/XilinxBoardStore/boards/Xilinx/ac701/1.4/board.xml as part xc7a200tfbg676-2 specified in board_part file is either invalid or not available
WARNING: [Board 49-26] cannot add Board Part xilinx.com:k26c:part0:1.2 available at C:/Xilinx/Vivado/2022.2/data/xhub/boards/XilinxBoardStore/boards/Xilinx/k26c/1.2/board.xml as part xck26-sfvc784-2lv-c specified in board_part file is either invalid or not available
WARNING: [Board 49-26] cannot add Board Part xilinx.com:k26c:part0:1.3 available at C:/Xilinx/Vivado/2022.2/data/xhub/boards/XilinxBoardStore/boards/Xilinx/k26c/1.3/board.xml as part xck26-sfvc784-2lv-c specified in board_part file is either invalid or not available
WARNING: [Board 49-26] cannot add Board Part xilinx.com:k26c:part0:1.4 available at C:/Xilinx/Vivado/2022.2/data/xhub/boards/XilinxBoardStore/boards/Xilinx/k26c/1.4/board.xml as part xck26-sfvc784-2lv-c specified in board_part file is either invalid or not available
WARNING: [Board 49-26] cannot add Board Part xilinx.com:k26i:part0:1.2 available at C:/Xilinx/Vivado/2022.2/data/xhub/boards/XilinxBoardStore/boards/Xilinx/k26i/1.2/board.xml as part xck26-sfvc784-2lvi-i specified in board_part file is either invalid or not available
WARNING: [Board 49-26] cannot add Board Part xilinx.com:k26i:part0:1.3 available at C:/Xilinx/Vivado/2022.2/data/xhub/boards/XilinxBoardStore/boards/Xilinx/k26i/1.3/board.xml as part xck26-sfvc784-2lvi-i specified in board_part file is either invalid or not available
WARNING: [Board 49-26] cannot add Board Part xilinx.com:k26i:part0:1.4 available at C:/Xilinx/Vivado/2022.2/data/xhub/boards/XilinxBoardStore/boards/Xilinx/k26i/1.4/board.xml as part xck26-sfvc784-2lvi-i specified in board_part file is either invalid or not available
WARNING: [Board 49-26] cannot add Board Part xilinx.com:kc705:part0:1.6 available at C:/Xilinx/Vivado/2022.2/data/xhub/boards/XilinxBoardStore/boards/Xilinx/kc705/1.6/board.xml as part xc7k325tffg900-2 specified in board_part file is either invalid or not available
WARNING: [Board 49-26] cannot add Board Part xilinx.com:kcu105:part0:1.6 available at C:/Xilinx/Vivado/2022.2/data/xhub/boards/XilinxBoardStore/boards/Xilinx/kcu105/1.6/board.xml as part xcku040-ffva1156-2-e specified in board_part file is either invalid or not available
WARNING: [Board 49-26] cannot add Board Part xilinx.com:kcu105:part0:1.7 available at C:/Xilinx/Vivado/2022.2/data/xhub/boards/XilinxBoardStore/boards/Xilinx/kcu105/1.7/board.xml as part xcku040-ffva1156-2-e specified in board_part file is either invalid or not available
WARNING: [Board 49-26] cannot add Board Part xilinx.com:kcu116:part0:1.4 available at C:/Xilinx/Vivado/2022.2/data/xhub/boards/XilinxBoardStore/boards/Xilinx/kcu116/1.4/board.xml as part xcku5p-ffvb676-2-e specified in board_part file is either invalid or not available
WARNING: [Board 49-26] cannot add Board Part xilinx.com:kcu116:part0:1.5 available at C:/Xilinx/Vivado/2022.2/data/xhub/boards/XilinxBoardStore/boards/Xilinx/kcu116/1.5/board.xml as part xcku5p-ffvb676-2-e specified in board_part file is either invalid or not available
WARNING: [Board 49-26] cannot add Board Part xilinx.com:kcu1500:part0:1.2 available at C:/Xilinx/Vivado/2022.2/data/xhub/boards/XilinxBoardStore/boards/Xilinx/kcu1500/1.2/board.xml as part xcku115-flvb2104-2-e specified in board_part file is either invalid or not available
WARNING: [Board 49-26] cannot add Board Part xilinx.com:kr260_som:part0:1.0 available at C:/Xilinx/Vivado/2022.2/data/xhub/boards/XilinxBoardStore/boards/Xilinx/kr260_som/1.0/board.xml as part xck26-sfvc784-2lv-c specified in board_part file is either invalid or not available
WARNING: [Board 49-26] cannot add Board Part xilinx.com:kr260_som:part0:1.1 available at C:/Xilinx/Vivado/2022.2/data/xhub/boards/XilinxBoardStore/boards/Xilinx/kr260_som/1.1/board.xml as part xck26-sfvc784-2lv-c specified in board_part file is either invalid or not available
WARNING: [Board 49-26] cannot add Board Part xilinx.com:kv260_som:part0:1.2 available at C:/Xilinx/Vivado/2022.2/data/xhub/boards/XilinxBoardStore/boards/Xilinx/kv260_som/1.2/board.xml as part xck26-sfvc784-2lv-c specified in board_part file is either invalid or not available
WARNING: [Board 49-26] cannot add Board Part xilinx.com:kv260_som:part0:1.3 available at C:/Xilinx/Vivado/2022.2/data/xhub/boards/XilinxBoardStore/boards/Xilinx/kv260_som/1.3/board.xml as part xck26-sfvc784-2lv-c specified in board_part file is either invalid or not available
WARNING: [Board 49-26] cannot add Board Part xilinx.com:kv260_som:part0:1.4 available at C:/Xilinx/Vivado/2022.2/data/xhub/boards/XilinxBoardStore/boards/Xilinx/kv260_som/1.4/board.xml as part xck26-sfvc784-2lv-c specified in board_part file is either invalid or not available
WARNING: [Board 49-26] cannot add Board Part xilinx.com:vc707:part0:1.4 available at C:/Xilinx/Vivado/2022.2/data/xhub/boards/XilinxBoardStore/boards/Xilinx/vc707/1.4/board.xml as part xc7vx485tffg1761-2 specified in board_part file is either invalid or not available
WARNING: [Board 49-26] cannot add Board Part xilinx.com:vc709:part0:1.8 available at C:/Xilinx/Vivado/2022.2/data/xhub/boards/XilinxBoardStore/boards/Xilinx/vc709/1.8/board.xml as part xc7vx690tffg1761-2 specified in board_part file is either invalid or not available
WARNING: [Board 49-26] cannot add Board Part xilinx.com:vck190:part0:2.2 available at C:/Xilinx/Vivado/2022.2/data/xhub/boards/XilinxBoardStore/boards/Xilinx/vck190/production/2.2/board.xml as part xcvc1902-vsva2197-2mp-e-s specified in board_part file is either invalid or not available
WARNING: [Board 49-26] cannot add Board Part xilinx.com:vck190:part0:3.0 available at C:/Xilinx/Vivado/2022.2/data/xhub/boards/XilinxBoardStore/boards/Xilinx/vck190/production/3.0/board.xml as part xcvc1902-vsva2197-2mp-e-s specified in board_part file is either invalid or not available
WARNING: [Board 49-26] cannot add Board Part xilinx.com:vck190:part0:3.1 available at C:/Xilinx/Vivado/2022.2/data/xhub/boards/XilinxBoardStore/boards/Xilinx/vck190/production/3.1/board.xml as part xcvc1902-vsva2197-2mp-e-s specified in board_part file is either invalid or not available
WARNING: [Board 49-26] cannot add Board Part xilinx.com:vck190_newl:part0:1.0 available at C:/Xilinx/Vivado/2022.2/data/xhub/boards/XilinxBoardStore/boards/Xilinx/vck190_newl/production/1.0/board.xml as part xcvc1902-vsva2197-2mp-e-s specified in board_part file is either invalid or not available
WARNING: [Board 49-26] cannot add Board Part xilinx.com:vcu108:part0:1.6 available at C:/Xilinx/Vivado/2022.2/data/xhub/boards/XilinxBoardStore/boards/Xilinx/vcu108/1.6/board.xml as part xcvu095-ffva2104-2-e specified in board_part file is either invalid or not available
WARNING: [Board 49-26] cannot add Board Part xilinx.com:vcu108:part0:1.7 available at C:/Xilinx/Vivado/2022.2/data/xhub/boards/XilinxBoardStore/boards/Xilinx/vcu108/1.7/board.xml as part xcvu095-ffva2104-2-e specified in board_part file is either invalid or not available
WARNING: [Board 49-26] cannot add Board Part xilinx.com:vcu110:part0:1.4 available at C:/Xilinx/Vivado/2022.2/data/xhub/boards/XilinxBoardStore/boards/Xilinx/vcu110/1.4/board.xml as part xcvu190-flgc2104-2-e specified in board_part file is either invalid or not available
WARNING: [Board 49-26] cannot add Board Part xilinx.com:vcu118:part0:2.0 available at C:/Xilinx/Vivado/2022.2/data/xhub/boards/XilinxBoardStore/boards/Xilinx/vcu118/2.0/board.xml as part xcvu9p-flga2104-2l-e specified in board_part file is either invalid or not available
WARNING: [Board 49-26] cannot add Board Part xilinx.com:vcu118:part0:2.3 available at C:/Xilinx/Vivado/2022.2/data/xhub/boards/XilinxBoardStore/boards/Xilinx/vcu118/2.3/board.xml as part xcvu9p-flga2104-2l-e specified in board_part file is either invalid or not available
WARNING: [Board 49-26] cannot add Board Part xilinx.com:vcu118:part0:2.4 available at C:/Xilinx/Vivado/2022.2/data/xhub/boards/XilinxBoardStore/boards/Xilinx/vcu118/2.4/board.xml as part xcvu9p-flga2104-2l-e specified in board_part file is either invalid or not available
WARNING: [Board 49-26] cannot add Board Part xilinx.com:vcu128:part0:1.0 available at C:/Xilinx/Vivado/2022.2/data/xhub/boards/XilinxBoardStore/boards/Xilinx/vcu128/production/1.0/board.xml as part xcvu37p-fsvh2892-2l-e specified in board_part file is either invalid or not available
WARNING: [Board 49-26] cannot add Board Part xilinx.com:vcu129:part0:1.0 available at C:/Xilinx/Vivado/2022.2/data/xhub/boards/XilinxBoardStore/boards/Xilinx/vcu129/production/1.0/board.xml as part xcvu29p-fsga2577-2l-e specified in board_part file is either invalid or not available
WARNING: [Board 49-26] cannot add Board Part xilinx.com:vcu1525:part0:1.3 available at C:/Xilinx/Vivado/2022.2/data/xhub/boards/XilinxBoardStore/boards/Xilinx/vcu1525/1.3/board.xml as part xcvu9p-fsgd2104-2l-e specified in board_part file is either invalid or not available
WARNING: [Board 49-26] cannot add Board Part xilinx.com:vek280_es:part0:1.0 available at C:/Xilinx/Vivado/2022.2/data/xhub/boards/XilinxBoardStore/boards/Xilinx/vek280/es/1.0/board.xml as part xcve2802-vsvh1760-2lp-e-s-es1 specified in board_part file is either invalid or not available
WARNING: [Board 49-26] cannot add Board Part xilinx.com:vermeo_t1_mpsoc:part0:1.0 available at C:/Xilinx/Vivado/2022.2/data/xhub/boards/XilinxBoardStore/boards/Xilinx/vermeo_t1_mpsoc/1.0/board.xml as part xczu19eg-ffvd1760-2l-e specified in board_part file is either invalid or not available
WARNING: [Board 49-26] cannot add Board Part xilinx.com:vermeo_t1_rfsoc:part0:1.0 available at C:/Xilinx/Vivado/2022.2/data/xhub/boards/XilinxBoardStore/boards/Xilinx/vermeo_t1_rfsoc/1.0/board.xml as part xczu21dr-ffvd1156-2l-e specified in board_part file is either invalid or not available
WARNING: [Board 49-26] cannot add Board Part xilinx.com:vhk158_es:part0:1.0 available at C:/Xilinx/Vivado/2022.2/data/xhub/boards/XilinxBoardStore/boards/Xilinx/vhk158/es/1.0/board.xml as part xcvh1582-vsva3697-2mp-e-s-es1 specified in board_part file is either invalid or not available
WARNING: [Board 49-26] cannot add Board Part xilinx.com:vmk180:part0:2.2 available at C:/Xilinx/Vivado/2022.2/data/xhub/boards/XilinxBoardStore/boards/Xilinx/vmk180/production/2.2/board.xml as part xcvm1802-vsva2197-2mp-e-s specified in board_part file is either invalid or not available
WARNING: [Board 49-26] cannot add Board Part xilinx.com:vmk180:part0:3.0 available at C:/Xilinx/Vivado/2022.2/data/xhub/boards/XilinxBoardStore/boards/Xilinx/vmk180/production/3.0/board.xml as part xcvm1802-vsva2197-2mp-e-s specified in board_part file is either invalid or not available
WARNING: [Board 49-26] cannot add Board Part xilinx.com:vmk180:part0:3.1 available at C:/Xilinx/Vivado/2022.2/data/xhub/boards/XilinxBoardStore/boards/Xilinx/vmk180/production/3.1/board.xml as part xcvm1802-vsva2197-2mp-e-s specified in board_part file is either invalid or not available
WARNING: [Board 49-26] cannot add Board Part xilinx.com:vmk180_newl:part0:1.0 available at C:/Xilinx/Vivado/2022.2/data/xhub/boards/XilinxBoardStore/boards/Xilinx/vmk180_newl/production/1.0/board.xml as part xcvm1802-vsva2197-2mp-e-s specified in board_part file is either invalid or not available
WARNING: [Board 49-26] cannot add Board Part xilinx.com:vpk120:part0:1.0 available at C:/Xilinx/Vivado/2022.2/data/xhub/boards/XilinxBoardStore/boards/Xilinx/vpk120/production/1.0/board.xml as part xcvp1202-vsva2785-2mp-e-s specified in board_part file is either invalid or not available
WARNING: [Board 49-26] cannot add Board Part xilinx.com:vpk120_es:part0:1.2 available at C:/Xilinx/Vivado/2022.2/data/xhub/boards/XilinxBoardStore/boards/Xilinx/vpk120/es/1.2/board.xml as part xcvp1202-vsva2785-2mp-e-s-es1 specified in board_part file is either invalid or not available
WARNING: [Board 49-26] cannot add Board Part xilinx.com:vpk120_es_revb:part0:1.0 available at C:/Xilinx/Vivado/2022.2/data/xhub/boards/XilinxBoardStore/boards/Xilinx/vpk120_revb/es/1.0/board.xml as part xcvp1202-vsva2785-2mp-e-s-es1 specified in board_part file is either invalid or not available
WARNING: [Board 49-26] cannot add Board Part xilinx.com:vpk180_es:part0:1.0 available at C:/Xilinx/Vivado/2022.2/data/xhub/boards/XilinxBoardStore/boards/Xilinx/vpk180/es/1.0/board.xml as part xcvp1802-lsvc4072-2mp-e-s-es1 specified in board_part file is either invalid or not available
WARNING: [Board 49-26] cannot add Board Part xilinx.com:zc702:part0:1.4 available at C:/Xilinx/Vivado/2022.2/data/xhub/boards/XilinxBoardStore/boards/Xilinx/zc702/1.4/board.xml as part xc7z020clg484-1 specified in board_part file is either invalid or not available
WARNING: [Board 49-26] cannot add Board Part xilinx.com:zc706:part0:1.4 available at C:/Xilinx/Vivado/2022.2/data/xhub/boards/XilinxBoardStore/boards/Xilinx/zc706/1.4/board.xml as part xc7z045ffg900-2 specified in board_part file is either invalid or not available
WARNING: [Board 49-26] cannot add Board Part xilinx.com:zcu102:part0:3.3 available at C:/Xilinx/Vivado/2022.2/data/xhub/boards/XilinxBoardStore/boards/Xilinx/zcu102/3.3/board.xml as part xczu9eg-ffvb1156-2-e specified in board_part file is either invalid or not available
WARNING: [Board 49-26] cannot add Board Part xilinx.com:zcu102:part0:3.4 available at C:/Xilinx/Vivado/2022.2/data/xhub/boards/XilinxBoardStore/boards/Xilinx/zcu102/3.4/board.xml as part xczu9eg-ffvb1156-2-e specified in board_part file is either invalid or not available
WARNING: [Board 49-26] cannot add Board Part xilinx.com:zcu104:part0:1.1 available at C:/Xilinx/Vivado/2022.2/data/xhub/boards/XilinxBoardStore/boards/Xilinx/zcu104/1.1/board.xml as part xczu7ev-ffvc1156-2-e specified in board_part file is either invalid or not available
WARNING: [Board 49-26] cannot add Board Part xilinx.com:zcu106:part0:2.4 available at C:/Xilinx/Vivado/2022.2/data/xhub/boards/XilinxBoardStore/boards/Xilinx/zcu106/2.4/board.xml as part xczu7ev-ffvc1156-2-e specified in board_part file is either invalid or not available
WARNING: [Board 49-26] cannot add Board Part xilinx.com:zcu106:part0:2.5 available at C:/Xilinx/Vivado/2022.2/data/xhub/boards/XilinxBoardStore/boards/Xilinx/zcu106/2.5/board.xml as part xczu7ev-ffvc1156-2-e specified in board_part file is either invalid or not available
WARNING: [Board 49-26] cannot add Board Part xilinx.com:zcu106:part0:2.6 available at C:/Xilinx/Vivado/2022.2/data/xhub/boards/XilinxBoardStore/boards/Xilinx/zcu106/2.6/board.xml as part xczu7ev-ffvc1156-2-e specified in board_part file is either invalid or not available
WARNING: [Board 49-26] cannot add Board Part xilinx.com:zcu111:part0:1.2 available at C:/Xilinx/Vivado/2022.2/data/xhub/boards/XilinxBoardStore/boards/Xilinx/zcu111/1.2/board.xml as part xczu28dr-ffvg1517-2-e specified in board_part file is either invalid or not available
WARNING: [Board 49-26] cannot add Board Part xilinx.com:zcu111:part0:1.3 available at C:/Xilinx/Vivado/2022.2/data/xhub/boards/XilinxBoardStore/boards/Xilinx/zcu111/1.3/board.xml as part xczu28dr-ffvg1517-2-e specified in board_part file is either invalid or not available
WARNING: [Board 49-26] cannot add Board Part xilinx.com:zcu111:part0:1.4 available at C:/Xilinx/Vivado/2022.2/data/xhub/boards/XilinxBoardStore/boards/Xilinx/zcu111/1.4/board.xml as part xczu28dr-ffvg1517-2-e specified in board_part file is either invalid or not available
WARNING: [Board 49-26] cannot add Board Part xilinx.com:zcu1275:part0:1.0 available at C:/Xilinx/Vivado/2022.2/data/xhub/boards/XilinxBoardStore/boards/Xilinx/zcu1275/1.0/board.xml as part xczu29dr-ffvf1760-2-e specified in board_part file is either invalid or not available
WARNING: [Board 49-26] cannot add Board Part xilinx.com:zcu1285:part0:1.0 available at C:/Xilinx/Vivado/2022.2/data/xhub/boards/XilinxBoardStore/boards/Xilinx/zcu1285/1.0/board.xml as part xczu39dr-ffvf1760-2-i specified in board_part file is either invalid or not available
WARNING: [Board 49-26] cannot add Board Part xilinx.com:zcu208:part0:2.0 available at C:/Xilinx/Vivado/2022.2/data/xhub/boards/XilinxBoardStore/boards/Xilinx/zcu208/production/2.0/board.xml as part xczu48dr-fsvg1517-2-e specified in board_part file is either invalid or not available
WARNING: [Board 49-26] cannot add Board Part xilinx.com:zcu208ld:part0:2.0 available at C:/Xilinx/Vivado/2022.2/data/xhub/boards/XilinxBoardStore/boards/Xilinx/zcu208ld/production/2.0/board.xml as part xczu58dr-fsvg1517-2-i specified in board_part file is either invalid or not available
WARNING: [Board 49-26] cannot add Board Part xilinx.com:zcu216:part0:2.0 available at C:/Xilinx/Vivado/2022.2/data/xhub/boards/XilinxBoardStore/boards/Xilinx/zcu216/production/2.0/board.xml as part xczu49dr-ffvf1760-2-e specified in board_part file is either invalid or not available
WARNING: [Board 49-26] cannot add Board Part xilinx.com:zcu216ld:part0:2.0 available at C:/Xilinx/Vivado/2022.2/data/xhub/boards/XilinxBoardStore/boards/Xilinx/zcu216ld/production/2.0/board.xml as part xczu59dr-ffvf1760-2-i specified in board_part file is either invalid or not available
WARNING: [Board 49-26] cannot add Board Part xilinx.com:zcu670:part0:2.0 available at C:/Xilinx/Vivado/2022.2/data/xhub/boards/XilinxBoardStore/boards/Xilinx/zcu670/2.0/board.xml as part xczu67dr-fsve1156-2-i specified in board_part file is either invalid or not available
WARNING: [Board 49-26] cannot add Board Part xilinx.com:zcu670ld:part0:1.0 available at C:/Xilinx/Vivado/2022.2/data/xhub/boards/XilinxBoardStore/boards/Xilinx/zcu670ld/1.0/board.xml as part xczu57dr-fsve1156-2-i specified in board_part file is either invalid or not available
INFO: [IP_Flow 19-234] Refreshing IP repositories
INFO: [IP_Flow 19-1700] Loaded user IP repository 'c:/Users/curti/OneDrive/Documents/UIUC/ECE-385/Vivado_Projects/ip_repo/hdmi_text_controller_1_0'.
WARNING: [IP_Flow 19-2207] Repository 'c:/Users/curti/OneDrive/Documents/UIUC/ECE-385/Vivado_Projects/ip_repo/hdmi_text_controller_1_0' already exists; ignoring attempt to add it again.
INFO: [IP_Flow 19-1700] Loaded user IP repository 'c:/Users/curti/OneDrive/Documents/UIUC/ECE-385/Vivado_Projects/ip_repo/hdmi_text_controller_1_0'.
INFO: [IP_Flow 19-1700] Loaded user IP repository 'c:/Users/curti/OneDrive/Documents/UIUC/ECE-385/Vivado_Projects/lab7_1/lab7_1_provided_fa24/hdmi_tx_1.0'.
INFO: [IP_Flow 19-795] Syncing license key meta-data
update_compile_order -fileset sources_1
close_project
validate_bd_design
WARNING: [filemgmt 56-443] The ECC Algorithm string is empty. Setting the Memory Map to default ECC value to ECC_NONE.
INFO: [xilinx.com:ip:axi_intc:4.1-1] /microblaze_0_axi_intc: The AXI INTC core has been configured to operate with synchronous clocks.
INFO: [xilinx.com:ip:clk_wiz:6.0-1] /clk_wiz_1 clk_wiz propagate
open_bd_design {C:/Users/curti/OneDrive/Documents/UIUC/ECE-385/Vivado_Projects/lab7_1/lab7_1.srcs/sources_1/bd/design_1/design_1.bd}
save_bd_design
Wrote  : <C:\Users\curti\OneDrive\Documents\UIUC\ECE-385\Vivado_Projects\lab7_1\lab7_1.srcs\sources_1\bd\design_1\design_1.bd> 
Wrote  : <C:/Users/curti/OneDrive/Documents/UIUC/ECE-385/Vivado_Projects/lab7_1/lab7_1.srcs/sources_1/bd/design_1/ui/bd_1f5defd0.ui> 
reset_run synth_1
launch_runs synth_1 -jobs 10
INFO: [BD 41-1662] The design 'design_1.bd' is already validated. Therefore parameter propagation will not be re-run.
WARNING: [filemgmt 56-443] The ECC Algorithm string is empty. Setting the Memory Map to default ECC value to ECC_NONE.
WARNING: [filemgmt 56-443] The ECC Algorithm string is empty. Setting the Memory Map to default ECC value to ECC_NONE.
Verilog Output written to : c:/Users/curti/OneDrive/Documents/UIUC/ECE-385/Vivado_Projects/lab7_1/lab7_1.gen/sources_1/bd/design_1/synth/design_1.v
Verilog Output written to : c:/Users/curti/OneDrive/Documents/UIUC/ECE-385/Vivado_Projects/lab7_1/lab7_1.gen/sources_1/bd/design_1/sim/design_1.v
Verilog Output written to : c:/Users/curti/OneDrive/Documents/UIUC/ECE-385/Vivado_Projects/lab7_1/lab7_1.gen/sources_1/bd/design_1/hdl/design_1_wrapper.v
INFO: [BD 41-1029] Generation completed for the IP Integrator block hdmi_text_controller_0 .
Exporting to file c:/Users/curti/OneDrive/Documents/UIUC/ECE-385/Vivado_Projects/lab7_1/lab7_1.gen/sources_1/bd/design_1/hw_handoff/design_1.hwh
Generated Hardware Definition File c:/Users/curti/OneDrive/Documents/UIUC/ECE-385/Vivado_Projects/lab7_1/lab7_1.gen/sources_1/bd/design_1/synth/design_1.hwdef
INFO: [IP_Flow 19-6924] IPCACHE: Running cache check for IP inst: design_1_hdmi_text_controller_0_1
[Fri Nov  1 00:08:57 2024] Launched design_1_hdmi_text_controller_0_1_synth_1...
Run output will be captured here: C:/Users/curti/OneDrive/Documents/UIUC/ECE-385/Vivado_Projects/lab7_1/lab7_1.runs/design_1_hdmi_text_controller_0_1_synth_1/runme.log
[Fri Nov  1 00:08:57 2024] Launched synth_1...
Run output will be captured here: C:/Users/curti/OneDrive/Documents/UIUC/ECE-385/Vivado_Projects/lab7_1/lab7_1.runs/synth_1/runme.log
launch_runs: Time (s): cpu = 00:00:03 ; elapsed = 00:00:10 . Memory (MB): peak = 2124.711 ; gain = 194.957
create_ip -name clk_wiz -vendor xilinx.com -library ip -version 6.0 -module_name clk_wiz_0
set_property -dict [list \
  CONFIG.CLKOUT1_JITTER {175.402} \
  CONFIG.CLKOUT1_PHASE_ERROR {98.575} \
  CONFIG.CLKOUT1_REQUESTED_OUT_FREQ {25} \
  CONFIG.CLKOUT2_JITTER {125.247} \
  CONFIG.CLKOUT2_PHASE_ERROR {98.575} \
  CONFIG.CLKOUT2_REQUESTED_OUT_FREQ {125} \
  CONFIG.CLKOUT2_USED {true} \
  CONFIG.MMCM_CLKFBOUT_MULT_F {10.000} \
  CONFIG.MMCM_CLKOUT0_DIVIDE_F {40.000} \
  CONFIG.MMCM_CLKOUT1_DIVIDE {8} \
  CONFIG.NUM_OUT_CLKS {2} \
] [get_ips clk_wiz_0]
generate_target {instantiation_template} [get_files c:/Users/curti/OneDrive/Documents/UIUC/ECE-385/Vivado_Projects/lab7_1/lab7_1.srcs/sources_1/ip/clk_wiz_0_1/clk_wiz_0.xci]
INFO: [IP_Flow 19-1686] Generating 'Instantiation Template' target for IP 'clk_wiz_0'...
generate_target all [get_files  c:/Users/curti/OneDrive/Documents/UIUC/ECE-385/Vivado_Projects/lab7_1/lab7_1.srcs/sources_1/ip/clk_wiz_0_1/clk_wiz_0.xci]
INFO: [IP_Flow 19-1686] Generating 'Synthesis' target for IP 'clk_wiz_0'...
INFO: [IP_Flow 19-1686] Generating 'Simulation' target for IP 'clk_wiz_0'...
INFO: [IP_Flow 19-1686] Generating 'Implementation' target for IP 'clk_wiz_0'...
INFO: [IP_Flow 19-1686] Generating 'Change Log' target for IP 'clk_wiz_0'...
catch { config_ip_cache -export [get_ips -all clk_wiz_0] }
INFO: [IP_Flow 19-6924] IPCACHE: Running cache check for IP inst: clk_wiz_0
INFO: [IP_Flow 19-6922] IPCACHE: Exporting cached entry 9c8a526aac14b868 to dir: c:/Users/curti/OneDrive/Documents/UIUC/ECE-385/Vivado_Projects/lab7_1/lab7_1.gen/sources_1/ip/clk_wiz_0_1
INFO: [IP_Flow 19-6928] IPCACHE: copied cached file c:/Users/curti/OneDrive/Documents/UIUC/ECE-385/Vivado_Projects/lab7_1/lab7_1.cache/ip/2022.2/9/c/9c8a526aac14b868/clk_wiz_0.dcp to c:/Users/curti/OneDrive/Documents/UIUC/ECE-385/Vivado_Projects/lab7_1/lab7_1.gen/sources_1/ip/clk_wiz_0_1/clk_wiz_0.dcp.
INFO: [IP_Flow 19-6926] IPCACHE: added file to list for BOM: c:/Users/curti/OneDrive/Documents/UIUC/ECE-385/Vivado_Projects/lab7_1/lab7_1.gen/sources_1/ip/clk_wiz_0_1/clk_wiz_0.dcp
INFO: [IP_Flow 19-6928] IPCACHE: copied cached file c:/Users/curti/OneDrive/Documents/UIUC/ECE-385/Vivado_Projects/lab7_1/lab7_1.cache/ip/2022.2/9/c/9c8a526aac14b868/clk_wiz_0_sim_netlist.v to c:/Users/curti/OneDrive/Documents/UIUC/ECE-385/Vivado_Projects/lab7_1/lab7_1.gen/sources_1/ip/clk_wiz_0_1/clk_wiz_0_sim_netlist.v.
INFO: [IP_Flow 19-6926] IPCACHE: added file to list for BOM: c:/Users/curti/OneDrive/Documents/UIUC/ECE-385/Vivado_Projects/lab7_1/lab7_1.gen/sources_1/ip/clk_wiz_0_1/clk_wiz_0_sim_netlist.v
INFO: [IP_Flow 19-6928] IPCACHE: copied cached file c:/Users/curti/OneDrive/Documents/UIUC/ECE-385/Vivado_Projects/lab7_1/lab7_1.cache/ip/2022.2/9/c/9c8a526aac14b868/clk_wiz_0_sim_netlist.vhdl to c:/Users/curti/OneDrive/Documents/UIUC/ECE-385/Vivado_Projects/lab7_1/lab7_1.gen/sources_1/ip/clk_wiz_0_1/clk_wiz_0_sim_netlist.vhdl.
INFO: [IP_Flow 19-6926] IPCACHE: added file to list for BOM: c:/Users/curti/OneDrive/Documents/UIUC/ECE-385/Vivado_Projects/lab7_1/lab7_1.gen/sources_1/ip/clk_wiz_0_1/clk_wiz_0_sim_netlist.vhdl
INFO: [IP_Flow 19-6928] IPCACHE: copied cached file c:/Users/curti/OneDrive/Documents/UIUC/ECE-385/Vivado_Projects/lab7_1/lab7_1.cache/ip/2022.2/9/c/9c8a526aac14b868/clk_wiz_0_stub.v to c:/Users/curti/OneDrive/Documents/UIUC/ECE-385/Vivado_Projects/lab7_1/lab7_1.gen/sources_1/ip/clk_wiz_0_1/clk_wiz_0_stub.v.
INFO: [IP_Flow 19-6926] IPCACHE: added file to list for BOM: c:/Users/curti/OneDrive/Documents/UIUC/ECE-385/Vivado_Projects/lab7_1/lab7_1.gen/sources_1/ip/clk_wiz_0_1/clk_wiz_0_stub.v
INFO: [IP_Flow 19-6928] IPCACHE: copied cached file c:/Users/curti/OneDrive/Documents/UIUC/ECE-385/Vivado_Projects/lab7_1/lab7_1.cache/ip/2022.2/9/c/9c8a526aac14b868/clk_wiz_0_stub.vhdl to c:/Users/curti/OneDrive/Documents/UIUC/ECE-385/Vivado_Projects/lab7_1/lab7_1.gen/sources_1/ip/clk_wiz_0_1/clk_wiz_0_stub.vhdl.
INFO: [IP_Flow 19-6926] IPCACHE: added file to list for BOM: c:/Users/curti/OneDrive/Documents/UIUC/ECE-385/Vivado_Projects/lab7_1/lab7_1.gen/sources_1/ip/clk_wiz_0_1/clk_wiz_0_stub.vhdl
INFO: [IP_Flow 19-4993] Using cached IP synthesis design for IP clk_wiz_0, cache-ID = 9c8a526aac14b868; cache size = 33.801 MB.
export_ip_user_files -of_objects [get_files c:/Users/curti/OneDrive/Documents/UIUC/ECE-385/Vivado_Projects/lab7_1/lab7_1.srcs/sources_1/ip/clk_wiz_0_1/clk_wiz_0.xci] -no_script -sync -force -quiet
create_ip_run [get_files -of_objects [get_fileset sources_1] c:/Users/curti/OneDrive/Documents/UIUC/ECE-385/Vivado_Projects/lab7_1/lab7_1.srcs/sources_1/ip/clk_wiz_0_1/clk_wiz_0.xci]
INFO: [Vivado 12-3453] The given sub-design is up-to-date, no action was taken.  If a run is still desired, use the '-force' option for the file:'c:/Users/curti/OneDrive/Documents/UIUC/ECE-385/Vivado_Projects/lab7_1/lab7_1.srcs/sources_1/ip/clk_wiz_0_1/clk_wiz_0.xci'
export_simulation -of_objects [get_files c:/Users/curti/OneDrive/Documents/UIUC/ECE-385/Vivado_Projects/lab7_1/lab7_1.srcs/sources_1/ip/clk_wiz_0_1/clk_wiz_0.xci] -directory C:/Users/curti/OneDrive/Documents/UIUC/ECE-385/Vivado_Projects/lab7_1/lab7_1.ip_user_files/sim_scripts -ip_user_files_dir C:/Users/curti/OneDrive/Documents/UIUC/ECE-385/Vivado_Projects/lab7_1/lab7_1.ip_user_files -ipstatic_source_dir C:/Users/curti/OneDrive/Documents/UIUC/ECE-385/Vivado_Projects/lab7_1/lab7_1.ip_user_files/ipstatic -lib_map_path [list {modelsim=C:/Users/curti/OneDrive/Documents/UIUC/ECE-385/Vivado_Projects/lab7_1/lab7_1.cache/compile_simlib/modelsim} {questa=C:/Users/curti/OneDrive/Documents/UIUC/ECE-385/Vivado_Projects/lab7_1/lab7_1.cache/compile_simlib/questa} {riviera=C:/Users/curti/OneDrive/Documents/UIUC/ECE-385/Vivado_Projects/lab7_1/lab7_1.cache/compile_simlib/riviera} {activehdl=C:/Users/curti/OneDrive/Documents/UIUC/ECE-385/Vivado_Projects/lab7_1/lab7_1.cache/compile_simlib/activehdl}] -use_ip_compiled_libs -force -quiet
update_compile_order -fileset sources_1
create_ip -name hdmi_tx -vendor realdigital.org -library realdigital -version 1.0 -module_name hdmi_tx_0
set_property -dict [list \
  CONFIG.C_BLUE_WIDTH {4} \
  CONFIG.C_GREEN_WIDTH {4} \
  CONFIG.C_RED_WIDTH {4} \
  CONFIG.MODE {HDMI} \
] [get_ips hdmi_tx_0]
generate_target {instantiation_template} [get_files c:/Users/curti/OneDrive/Documents/UIUC/ECE-385/Vivado_Projects/lab7_1/lab7_1.srcs/sources_1/ip/hdmi_tx_0_1/hdmi_tx_0.xci]
INFO: [IP_Flow 19-1686] Generating 'Instantiation Template' target for IP 'hdmi_tx_0'...
generate_target all [get_files  c:/Users/curti/OneDrive/Documents/UIUC/ECE-385/Vivado_Projects/lab7_1/lab7_1.srcs/sources_1/ip/hdmi_tx_0_1/hdmi_tx_0.xci]
INFO: [IP_Flow 19-1686] Generating 'Synthesis' target for IP 'hdmi_tx_0'...
INFO: [IP_Flow 19-1686] Generating 'Simulation' target for IP 'hdmi_tx_0'...
catch { config_ip_cache -export [get_ips -all hdmi_tx_0] }
INFO: [IP_Flow 19-6924] IPCACHE: Running cache check for IP inst: hdmi_tx_0
INFO: [IP_Flow 19-6922] IPCACHE: Exporting cached entry 6368d7ce3798e92a to dir: c:/Users/curti/OneDrive/Documents/UIUC/ECE-385/Vivado_Projects/lab7_1/lab7_1.gen/sources_1/ip/hdmi_tx_0_1
INFO: [IP_Flow 19-6928] IPCACHE: copied cached file c:/Users/curti/OneDrive/Documents/UIUC/ECE-385/Vivado_Projects/lab7_1/lab7_1.cache/ip/2022.2/6/3/6368d7ce3798e92a/hdmi_tx_0.dcp to c:/Users/curti/OneDrive/Documents/UIUC/ECE-385/Vivado_Projects/lab7_1/lab7_1.gen/sources_1/ip/hdmi_tx_0_1/hdmi_tx_0.dcp.
INFO: [IP_Flow 19-6926] IPCACHE: added file to list for BOM: c:/Users/curti/OneDrive/Documents/UIUC/ECE-385/Vivado_Projects/lab7_1/lab7_1.gen/sources_1/ip/hdmi_tx_0_1/hdmi_tx_0.dcp
INFO: [IP_Flow 19-6928] IPCACHE: copied cached file c:/Users/curti/OneDrive/Documents/UIUC/ECE-385/Vivado_Projects/lab7_1/lab7_1.cache/ip/2022.2/6/3/6368d7ce3798e92a/hdmi_tx_0_sim_netlist.v to c:/Users/curti/OneDrive/Documents/UIUC/ECE-385/Vivado_Projects/lab7_1/lab7_1.gen/sources_1/ip/hdmi_tx_0_1/hdmi_tx_0_sim_netlist.v.
INFO: [IP_Flow 19-6926] IPCACHE: added file to list for BOM: c:/Users/curti/OneDrive/Documents/UIUC/ECE-385/Vivado_Projects/lab7_1/lab7_1.gen/sources_1/ip/hdmi_tx_0_1/hdmi_tx_0_sim_netlist.v
INFO: [IP_Flow 19-6928] IPCACHE: copied cached file c:/Users/curti/OneDrive/Documents/UIUC/ECE-385/Vivado_Projects/lab7_1/lab7_1.cache/ip/2022.2/6/3/6368d7ce3798e92a/hdmi_tx_0_sim_netlist.vhdl to c:/Users/curti/OneDrive/Documents/UIUC/ECE-385/Vivado_Projects/lab7_1/lab7_1.gen/sources_1/ip/hdmi_tx_0_1/hdmi_tx_0_sim_netlist.vhdl.
INFO: [IP_Flow 19-6926] IPCACHE: added file to list for BOM: c:/Users/curti/OneDrive/Documents/UIUC/ECE-385/Vivado_Projects/lab7_1/lab7_1.gen/sources_1/ip/hdmi_tx_0_1/hdmi_tx_0_sim_netlist.vhdl
INFO: [IP_Flow 19-6928] IPCACHE: copied cached file c:/Users/curti/OneDrive/Documents/UIUC/ECE-385/Vivado_Projects/lab7_1/lab7_1.cache/ip/2022.2/6/3/6368d7ce3798e92a/hdmi_tx_0_stub.v to c:/Users/curti/OneDrive/Documents/UIUC/ECE-385/Vivado_Projects/lab7_1/lab7_1.gen/sources_1/ip/hdmi_tx_0_1/hdmi_tx_0_stub.v.
INFO: [IP_Flow 19-6926] IPCACHE: added file to list for BOM: c:/Users/curti/OneDrive/Documents/UIUC/ECE-385/Vivado_Projects/lab7_1/lab7_1.gen/sources_1/ip/hdmi_tx_0_1/hdmi_tx_0_stub.v
INFO: [IP_Flow 19-6928] IPCACHE: copied cached file c:/Users/curti/OneDrive/Documents/UIUC/ECE-385/Vivado_Projects/lab7_1/lab7_1.cache/ip/2022.2/6/3/6368d7ce3798e92a/hdmi_tx_0_stub.vhdl to c:/Users/curti/OneDrive/Documents/UIUC/ECE-385/Vivado_Projects/lab7_1/lab7_1.gen/sources_1/ip/hdmi_tx_0_1/hdmi_tx_0_stub.vhdl.
INFO: [IP_Flow 19-6926] IPCACHE: added file to list for BOM: c:/Users/curti/OneDrive/Documents/UIUC/ECE-385/Vivado_Projects/lab7_1/lab7_1.gen/sources_1/ip/hdmi_tx_0_1/hdmi_tx_0_stub.vhdl
INFO: [IP_Flow 19-4993] Using cached IP synthesis design for IP hdmi_tx_0, cache-ID = 6368d7ce3798e92a; cache size = 33.801 MB.
export_ip_user_files -of_objects [get_files c:/Users/curti/OneDrive/Documents/UIUC/ECE-385/Vivado_Projects/lab7_1/lab7_1.srcs/sources_1/ip/hdmi_tx_0_1/hdmi_tx_0.xci] -no_script -sync -force -quiet
create_ip_run [get_files -of_objects [get_fileset sources_1] c:/Users/curti/OneDrive/Documents/UIUC/ECE-385/Vivado_Projects/lab7_1/lab7_1.srcs/sources_1/ip/hdmi_tx_0_1/hdmi_tx_0.xci]
INFO: [Vivado 12-3453] The given sub-design is up-to-date, no action was taken.  If a run is still desired, use the '-force' option for the file:'c:/Users/curti/OneDrive/Documents/UIUC/ECE-385/Vivado_Projects/lab7_1/lab7_1.srcs/sources_1/ip/hdmi_tx_0_1/hdmi_tx_0.xci'
export_simulation -of_objects [get_files c:/Users/curti/OneDrive/Documents/UIUC/ECE-385/Vivado_Projects/lab7_1/lab7_1.srcs/sources_1/ip/hdmi_tx_0_1/hdmi_tx_0.xci] -directory C:/Users/curti/OneDrive/Documents/UIUC/ECE-385/Vivado_Projects/lab7_1/lab7_1.ip_user_files/sim_scripts -ip_user_files_dir C:/Users/curti/OneDrive/Documents/UIUC/ECE-385/Vivado_Projects/lab7_1/lab7_1.ip_user_files -ipstatic_source_dir C:/Users/curti/OneDrive/Documents/UIUC/ECE-385/Vivado_Projects/lab7_1/lab7_1.ip_user_files/ipstatic -lib_map_path [list {modelsim=C:/Users/curti/OneDrive/Documents/UIUC/ECE-385/Vivado_Projects/lab7_1/lab7_1.cache/compile_simlib/modelsim} {questa=C:/Users/curti/OneDrive/Documents/UIUC/ECE-385/Vivado_Projects/lab7_1/lab7_1.cache/compile_simlib/questa} {riviera=C:/Users/curti/OneDrive/Documents/UIUC/ECE-385/Vivado_Projects/lab7_1/lab7_1.cache/compile_simlib/riviera} {activehdl=C:/Users/curti/OneDrive/Documents/UIUC/ECE-385/Vivado_Projects/lab7_1/lab7_1.cache/compile_simlib/activehdl}] -use_ip_compiled_libs -force -quiet
update_compile_order -fileset sources_1
reset_run design_1_hdmi_text_controller_0_1_synth_1
reset_run synth_1
launch_runs synth_1 -jobs 10
INFO: [IP_Flow 19-6924] IPCACHE: Running cache check for IP inst: design_1_hdmi_text_controller_0_1
[Fri Nov  1 00:10:52 2024] Launched design_1_hdmi_text_controller_0_1_synth_1...
Run output will be captured here: C:/Users/curti/OneDrive/Documents/UIUC/ECE-385/Vivado_Projects/lab7_1/lab7_1.runs/design_1_hdmi_text_controller_0_1_synth_1/runme.log
[Fri Nov  1 00:10:52 2024] Launched synth_1...
Run output will be captured here: C:/Users/curti/OneDrive/Documents/UIUC/ECE-385/Vivado_Projects/lab7_1/lab7_1.runs/synth_1/runme.log
ipx::edit_ip_in_project -upgrade true -name hdmi_text_controller_v1_0_project -directory C:/Users/curti/OneDrive/Documents/UIUC/ECE-385/Vivado_Projects/lab7_1/lab7_1.tmp/hdmi_text_controller_v1_0_project c:/Users/curti/OneDrive/Documents/UIUC/ECE-385/Vivado_Projects/ip_repo/hdmi_text_controller_1_0/component.xml
INFO: [ProjectBase 1-489] The host OS only allows 260 characters in a normal path. The project is stored in a path with more than 80 characters. If you experience issues with IP, Block Designs, or files not being found, please consider moving the project to a location with a shorter path. Alternately consider using the OS subst command to map part of the path to a drive letter.
Current project path is 'c:/users/curti/onedrive/documents/uiuc/ece-385/vivado_projects/lab7_1/lab7_1.tmp/hdmi_text_controller_v1_0_project'
INFO: [IP_Flow 19-234] Refreshing IP repositories
INFO: [IP_Flow 19-1704] No user IP repositories specified
INFO: [IP_Flow 19-2313] Loaded Vivado IP repository 'C:/Xilinx/Vivado/2022.2/data/ip'.
WARNING: [Board 49-26] cannot add Board Part xilinx.com:ac701:part0:1.4 available at C:/Xilinx/Vivado/2022.2/data/xhub/boards/XilinxBoardStore/boards/Xilinx/ac701/1.4/board.xml as part xc7a200tfbg676-2 specified in board_part file is either invalid or not available
WARNING: [Board 49-26] cannot add Board Part xilinx.com:k26c:part0:1.2 available at C:/Xilinx/Vivado/2022.2/data/xhub/boards/XilinxBoardStore/boards/Xilinx/k26c/1.2/board.xml as part xck26-sfvc784-2lv-c specified in board_part file is either invalid or not available
WARNING: [Board 49-26] cannot add Board Part xilinx.com:k26c:part0:1.3 available at C:/Xilinx/Vivado/2022.2/data/xhub/boards/XilinxBoardStore/boards/Xilinx/k26c/1.3/board.xml as part xck26-sfvc784-2lv-c specified in board_part file is either invalid or not available
WARNING: [Board 49-26] cannot add Board Part xilinx.com:k26c:part0:1.4 available at C:/Xilinx/Vivado/2022.2/data/xhub/boards/XilinxBoardStore/boards/Xilinx/k26c/1.4/board.xml as part xck26-sfvc784-2lv-c specified in board_part file is either invalid or not available
WARNING: [Board 49-26] cannot add Board Part xilinx.com:k26i:part0:1.2 available at C:/Xilinx/Vivado/2022.2/data/xhub/boards/XilinxBoardStore/boards/Xilinx/k26i/1.2/board.xml as part xck26-sfvc784-2lvi-i specified in board_part file is either invalid or not available
WARNING: [Board 49-26] cannot add Board Part xilinx.com:k26i:part0:1.3 available at C:/Xilinx/Vivado/2022.2/data/xhub/boards/XilinxBoardStore/boards/Xilinx/k26i/1.3/board.xml as part xck26-sfvc784-2lvi-i specified in board_part file is either invalid or not available
WARNING: [Board 49-26] cannot add Board Part xilinx.com:k26i:part0:1.4 available at C:/Xilinx/Vivado/2022.2/data/xhub/boards/XilinxBoardStore/boards/Xilinx/k26i/1.4/board.xml as part xck26-sfvc784-2lvi-i specified in board_part file is either invalid or not available
WARNING: [Board 49-26] cannot add Board Part xilinx.com:kc705:part0:1.6 available at C:/Xilinx/Vivado/2022.2/data/xhub/boards/XilinxBoardStore/boards/Xilinx/kc705/1.6/board.xml as part xc7k325tffg900-2 specified in board_part file is either invalid or not available
WARNING: [Board 49-26] cannot add Board Part xilinx.com:kcu105:part0:1.6 available at C:/Xilinx/Vivado/2022.2/data/xhub/boards/XilinxBoardStore/boards/Xilinx/kcu105/1.6/board.xml as part xcku040-ffva1156-2-e specified in board_part file is either invalid or not available
WARNING: [Board 49-26] cannot add Board Part xilinx.com:kcu105:part0:1.7 available at C:/Xilinx/Vivado/2022.2/data/xhub/boards/XilinxBoardStore/boards/Xilinx/kcu105/1.7/board.xml as part xcku040-ffva1156-2-e specified in board_part file is either invalid or not available
WARNING: [Board 49-26] cannot add Board Part xilinx.com:kcu116:part0:1.4 available at C:/Xilinx/Vivado/2022.2/data/xhub/boards/XilinxBoardStore/boards/Xilinx/kcu116/1.4/board.xml as part xcku5p-ffvb676-2-e specified in board_part file is either invalid or not available
WARNING: [Board 49-26] cannot add Board Part xilinx.com:kcu116:part0:1.5 available at C:/Xilinx/Vivado/2022.2/data/xhub/boards/XilinxBoardStore/boards/Xilinx/kcu116/1.5/board.xml as part xcku5p-ffvb676-2-e specified in board_part file is either invalid or not available
WARNING: [Board 49-26] cannot add Board Part xilinx.com:kcu1500:part0:1.2 available at C:/Xilinx/Vivado/2022.2/data/xhub/boards/XilinxBoardStore/boards/Xilinx/kcu1500/1.2/board.xml as part xcku115-flvb2104-2-e specified in board_part file is either invalid or not available
WARNING: [Board 49-26] cannot add Board Part xilinx.com:kr260_som:part0:1.0 available at C:/Xilinx/Vivado/2022.2/data/xhub/boards/XilinxBoardStore/boards/Xilinx/kr260_som/1.0/board.xml as part xck26-sfvc784-2lv-c specified in board_part file is either invalid or not available
WARNING: [Board 49-26] cannot add Board Part xilinx.com:kr260_som:part0:1.1 available at C:/Xilinx/Vivado/2022.2/data/xhub/boards/XilinxBoardStore/boards/Xilinx/kr260_som/1.1/board.xml as part xck26-sfvc784-2lv-c specified in board_part file is either invalid or not available
WARNING: [Board 49-26] cannot add Board Part xilinx.com:kv260_som:part0:1.2 available at C:/Xilinx/Vivado/2022.2/data/xhub/boards/XilinxBoardStore/boards/Xilinx/kv260_som/1.2/board.xml as part xck26-sfvc784-2lv-c specified in board_part file is either invalid or not available
WARNING: [Board 49-26] cannot add Board Part xilinx.com:kv260_som:part0:1.3 available at C:/Xilinx/Vivado/2022.2/data/xhub/boards/XilinxBoardStore/boards/Xilinx/kv260_som/1.3/board.xml as part xck26-sfvc784-2lv-c specified in board_part file is either invalid or not available
WARNING: [Board 49-26] cannot add Board Part xilinx.com:kv260_som:part0:1.4 available at C:/Xilinx/Vivado/2022.2/data/xhub/boards/XilinxBoardStore/boards/Xilinx/kv260_som/1.4/board.xml as part xck26-sfvc784-2lv-c specified in board_part file is either invalid or not available
WARNING: [Board 49-26] cannot add Board Part xilinx.com:vc707:part0:1.4 available at C:/Xilinx/Vivado/2022.2/data/xhub/boards/XilinxBoardStore/boards/Xilinx/vc707/1.4/board.xml as part xc7vx485tffg1761-2 specified in board_part file is either invalid or not available
WARNING: [Board 49-26] cannot add Board Part xilinx.com:vc709:part0:1.8 available at C:/Xilinx/Vivado/2022.2/data/xhub/boards/XilinxBoardStore/boards/Xilinx/vc709/1.8/board.xml as part xc7vx690tffg1761-2 specified in board_part file is either invalid or not available
WARNING: [Board 49-26] cannot add Board Part xilinx.com:vck190:part0:2.2 available at C:/Xilinx/Vivado/2022.2/data/xhub/boards/XilinxBoardStore/boards/Xilinx/vck190/production/2.2/board.xml as part xcvc1902-vsva2197-2mp-e-s specified in board_part file is either invalid or not available
WARNING: [Board 49-26] cannot add Board Part xilinx.com:vck190:part0:3.0 available at C:/Xilinx/Vivado/2022.2/data/xhub/boards/XilinxBoardStore/boards/Xilinx/vck190/production/3.0/board.xml as part xcvc1902-vsva2197-2mp-e-s specified in board_part file is either invalid or not available
WARNING: [Board 49-26] cannot add Board Part xilinx.com:vck190:part0:3.1 available at C:/Xilinx/Vivado/2022.2/data/xhub/boards/XilinxBoardStore/boards/Xilinx/vck190/production/3.1/board.xml as part xcvc1902-vsva2197-2mp-e-s specified in board_part file is either invalid or not available
WARNING: [Board 49-26] cannot add Board Part xilinx.com:vck190_newl:part0:1.0 available at C:/Xilinx/Vivado/2022.2/data/xhub/boards/XilinxBoardStore/boards/Xilinx/vck190_newl/production/1.0/board.xml as part xcvc1902-vsva2197-2mp-e-s specified in board_part file is either invalid or not available
WARNING: [Board 49-26] cannot add Board Part xilinx.com:vcu108:part0:1.6 available at C:/Xilinx/Vivado/2022.2/data/xhub/boards/XilinxBoardStore/boards/Xilinx/vcu108/1.6/board.xml as part xcvu095-ffva2104-2-e specified in board_part file is either invalid or not available
WARNING: [Board 49-26] cannot add Board Part xilinx.com:vcu108:part0:1.7 available at C:/Xilinx/Vivado/2022.2/data/xhub/boards/XilinxBoardStore/boards/Xilinx/vcu108/1.7/board.xml as part xcvu095-ffva2104-2-e specified in board_part file is either invalid or not available
WARNING: [Board 49-26] cannot add Board Part xilinx.com:vcu110:part0:1.4 available at C:/Xilinx/Vivado/2022.2/data/xhub/boards/XilinxBoardStore/boards/Xilinx/vcu110/1.4/board.xml as part xcvu190-flgc2104-2-e specified in board_part file is either invalid or not available
WARNING: [Board 49-26] cannot add Board Part xilinx.com:vcu118:part0:2.0 available at C:/Xilinx/Vivado/2022.2/data/xhub/boards/XilinxBoardStore/boards/Xilinx/vcu118/2.0/board.xml as part xcvu9p-flga2104-2l-e specified in board_part file is either invalid or not available
WARNING: [Board 49-26] cannot add Board Part xilinx.com:vcu118:part0:2.3 available at C:/Xilinx/Vivado/2022.2/data/xhub/boards/XilinxBoardStore/boards/Xilinx/vcu118/2.3/board.xml as part xcvu9p-flga2104-2l-e specified in board_part file is either invalid or not available
WARNING: [Board 49-26] cannot add Board Part xilinx.com:vcu118:part0:2.4 available at C:/Xilinx/Vivado/2022.2/data/xhub/boards/XilinxBoardStore/boards/Xilinx/vcu118/2.4/board.xml as part xcvu9p-flga2104-2l-e specified in board_part file is either invalid or not available
WARNING: [Board 49-26] cannot add Board Part xilinx.com:vcu128:part0:1.0 available at C:/Xilinx/Vivado/2022.2/data/xhub/boards/XilinxBoardStore/boards/Xilinx/vcu128/production/1.0/board.xml as part xcvu37p-fsvh2892-2l-e specified in board_part file is either invalid or not available
WARNING: [Board 49-26] cannot add Board Part xilinx.com:vcu129:part0:1.0 available at C:/Xilinx/Vivado/2022.2/data/xhub/boards/XilinxBoardStore/boards/Xilinx/vcu129/production/1.0/board.xml as part xcvu29p-fsga2577-2l-e specified in board_part file is either invalid or not available
WARNING: [Board 49-26] cannot add Board Part xilinx.com:vcu1525:part0:1.3 available at C:/Xilinx/Vivado/2022.2/data/xhub/boards/XilinxBoardStore/boards/Xilinx/vcu1525/1.3/board.xml as part xcvu9p-fsgd2104-2l-e specified in board_part file is either invalid or not available
WARNING: [Board 49-26] cannot add Board Part xilinx.com:vek280_es:part0:1.0 available at C:/Xilinx/Vivado/2022.2/data/xhub/boards/XilinxBoardStore/boards/Xilinx/vek280/es/1.0/board.xml as part xcve2802-vsvh1760-2lp-e-s-es1 specified in board_part file is either invalid or not available
WARNING: [Board 49-26] cannot add Board Part xilinx.com:vermeo_t1_mpsoc:part0:1.0 available at C:/Xilinx/Vivado/2022.2/data/xhub/boards/XilinxBoardStore/boards/Xilinx/vermeo_t1_mpsoc/1.0/board.xml as part xczu19eg-ffvd1760-2l-e specified in board_part file is either invalid or not available
WARNING: [Board 49-26] cannot add Board Part xilinx.com:vermeo_t1_rfsoc:part0:1.0 available at C:/Xilinx/Vivado/2022.2/data/xhub/boards/XilinxBoardStore/boards/Xilinx/vermeo_t1_rfsoc/1.0/board.xml as part xczu21dr-ffvd1156-2l-e specified in board_part file is either invalid or not available
WARNING: [Board 49-26] cannot add Board Part xilinx.com:vhk158_es:part0:1.0 available at C:/Xilinx/Vivado/2022.2/data/xhub/boards/XilinxBoardStore/boards/Xilinx/vhk158/es/1.0/board.xml as part xcvh1582-vsva3697-2mp-e-s-es1 specified in board_part file is either invalid or not available
WARNING: [Board 49-26] cannot add Board Part xilinx.com:vmk180:part0:2.2 available at C:/Xilinx/Vivado/2022.2/data/xhub/boards/XilinxBoardStore/boards/Xilinx/vmk180/production/2.2/board.xml as part xcvm1802-vsva2197-2mp-e-s specified in board_part file is either invalid or not available
WARNING: [Board 49-26] cannot add Board Part xilinx.com:vmk180:part0:3.0 available at C:/Xilinx/Vivado/2022.2/data/xhub/boards/XilinxBoardStore/boards/Xilinx/vmk180/production/3.0/board.xml as part xcvm1802-vsva2197-2mp-e-s specified in board_part file is either invalid or not available
WARNING: [Board 49-26] cannot add Board Part xilinx.com:vmk180:part0:3.1 available at C:/Xilinx/Vivado/2022.2/data/xhub/boards/XilinxBoardStore/boards/Xilinx/vmk180/production/3.1/board.xml as part xcvm1802-vsva2197-2mp-e-s specified in board_part file is either invalid or not available
WARNING: [Board 49-26] cannot add Board Part xilinx.com:vmk180_newl:part0:1.0 available at C:/Xilinx/Vivado/2022.2/data/xhub/boards/XilinxBoardStore/boards/Xilinx/vmk180_newl/production/1.0/board.xml as part xcvm1802-vsva2197-2mp-e-s specified in board_part file is either invalid or not available
WARNING: [Board 49-26] cannot add Board Part xilinx.com:vpk120:part0:1.0 available at C:/Xilinx/Vivado/2022.2/data/xhub/boards/XilinxBoardStore/boards/Xilinx/vpk120/production/1.0/board.xml as part xcvp1202-vsva2785-2mp-e-s specified in board_part file is either invalid or not available
WARNING: [Board 49-26] cannot add Board Part xilinx.com:vpk120_es:part0:1.2 available at C:/Xilinx/Vivado/2022.2/data/xhub/boards/XilinxBoardStore/boards/Xilinx/vpk120/es/1.2/board.xml as part xcvp1202-vsva2785-2mp-e-s-es1 specified in board_part file is either invalid or not available
WARNING: [Board 49-26] cannot add Board Part xilinx.com:vpk120_es_revb:part0:1.0 available at C:/Xilinx/Vivado/2022.2/data/xhub/boards/XilinxBoardStore/boards/Xilinx/vpk120_revb/es/1.0/board.xml as part xcvp1202-vsva2785-2mp-e-s-es1 specified in board_part file is either invalid or not available
WARNING: [Board 49-26] cannot add Board Part xilinx.com:vpk180_es:part0:1.0 available at C:/Xilinx/Vivado/2022.2/data/xhub/boards/XilinxBoardStore/boards/Xilinx/vpk180/es/1.0/board.xml as part xcvp1802-lsvc4072-2mp-e-s-es1 specified in board_part file is either invalid or not available
WARNING: [Board 49-26] cannot add Board Part xilinx.com:zc702:part0:1.4 available at C:/Xilinx/Vivado/2022.2/data/xhub/boards/XilinxBoardStore/boards/Xilinx/zc702/1.4/board.xml as part xc7z020clg484-1 specified in board_part file is either invalid or not available
WARNING: [Board 49-26] cannot add Board Part xilinx.com:zc706:part0:1.4 available at C:/Xilinx/Vivado/2022.2/data/xhub/boards/XilinxBoardStore/boards/Xilinx/zc706/1.4/board.xml as part xc7z045ffg900-2 specified in board_part file is either invalid or not available
WARNING: [Board 49-26] cannot add Board Part xilinx.com:zcu102:part0:3.3 available at C:/Xilinx/Vivado/2022.2/data/xhub/boards/XilinxBoardStore/boards/Xilinx/zcu102/3.3/board.xml as part xczu9eg-ffvb1156-2-e specified in board_part file is either invalid or not available
WARNING: [Board 49-26] cannot add Board Part xilinx.com:zcu102:part0:3.4 available at C:/Xilinx/Vivado/2022.2/data/xhub/boards/XilinxBoardStore/boards/Xilinx/zcu102/3.4/board.xml as part xczu9eg-ffvb1156-2-e specified in board_part file is either invalid or not available
WARNING: [Board 49-26] cannot add Board Part xilinx.com:zcu104:part0:1.1 available at C:/Xilinx/Vivado/2022.2/data/xhub/boards/XilinxBoardStore/boards/Xilinx/zcu104/1.1/board.xml as part xczu7ev-ffvc1156-2-e specified in board_part file is either invalid or not available
WARNING: [Board 49-26] cannot add Board Part xilinx.com:zcu106:part0:2.4 available at C:/Xilinx/Vivado/2022.2/data/xhub/boards/XilinxBoardStore/boards/Xilinx/zcu106/2.4/board.xml as part xczu7ev-ffvc1156-2-e specified in board_part file is either invalid or not available
WARNING: [Board 49-26] cannot add Board Part xilinx.com:zcu106:part0:2.5 available at C:/Xilinx/Vivado/2022.2/data/xhub/boards/XilinxBoardStore/boards/Xilinx/zcu106/2.5/board.xml as part xczu7ev-ffvc1156-2-e specified in board_part file is either invalid or not available
WARNING: [Board 49-26] cannot add Board Part xilinx.com:zcu106:part0:2.6 available at C:/Xilinx/Vivado/2022.2/data/xhub/boards/XilinxBoardStore/boards/Xilinx/zcu106/2.6/board.xml as part xczu7ev-ffvc1156-2-e specified in board_part file is either invalid or not available
WARNING: [Board 49-26] cannot add Board Part xilinx.com:zcu111:part0:1.2 available at C:/Xilinx/Vivado/2022.2/data/xhub/boards/XilinxBoardStore/boards/Xilinx/zcu111/1.2/board.xml as part xczu28dr-ffvg1517-2-e specified in board_part file is either invalid or not available
WARNING: [Board 49-26] cannot add Board Part xilinx.com:zcu111:part0:1.3 available at C:/Xilinx/Vivado/2022.2/data/xhub/boards/XilinxBoardStore/boards/Xilinx/zcu111/1.3/board.xml as part xczu28dr-ffvg1517-2-e specified in board_part file is either invalid or not available
WARNING: [Board 49-26] cannot add Board Part xilinx.com:zcu111:part0:1.4 available at C:/Xilinx/Vivado/2022.2/data/xhub/boards/XilinxBoardStore/boards/Xilinx/zcu111/1.4/board.xml as part xczu28dr-ffvg1517-2-e specified in board_part file is either invalid or not available
WARNING: [Board 49-26] cannot add Board Part xilinx.com:zcu1275:part0:1.0 available at C:/Xilinx/Vivado/2022.2/data/xhub/boards/XilinxBoardStore/boards/Xilinx/zcu1275/1.0/board.xml as part xczu29dr-ffvf1760-2-e specified in board_part file is either invalid or not available
WARNING: [Board 49-26] cannot add Board Part xilinx.com:zcu1285:part0:1.0 available at C:/Xilinx/Vivado/2022.2/data/xhub/boards/XilinxBoardStore/boards/Xilinx/zcu1285/1.0/board.xml as part xczu39dr-ffvf1760-2-i specified in board_part file is either invalid or not available
WARNING: [Board 49-26] cannot add Board Part xilinx.com:zcu208:part0:2.0 available at C:/Xilinx/Vivado/2022.2/data/xhub/boards/XilinxBoardStore/boards/Xilinx/zcu208/production/2.0/board.xml as part xczu48dr-fsvg1517-2-e specified in board_part file is either invalid or not available
WARNING: [Board 49-26] cannot add Board Part xilinx.com:zcu208ld:part0:2.0 available at C:/Xilinx/Vivado/2022.2/data/xhub/boards/XilinxBoardStore/boards/Xilinx/zcu208ld/production/2.0/board.xml as part xczu58dr-fsvg1517-2-i specified in board_part file is either invalid or not available
WARNING: [Board 49-26] cannot add Board Part xilinx.com:zcu216:part0:2.0 available at C:/Xilinx/Vivado/2022.2/data/xhub/boards/XilinxBoardStore/boards/Xilinx/zcu216/production/2.0/board.xml as part xczu49dr-ffvf1760-2-e specified in board_part file is either invalid or not available
WARNING: [Board 49-26] cannot add Board Part xilinx.com:zcu216ld:part0:2.0 available at C:/Xilinx/Vivado/2022.2/data/xhub/boards/XilinxBoardStore/boards/Xilinx/zcu216ld/production/2.0/board.xml as part xczu59dr-ffvf1760-2-i specified in board_part file is either invalid or not available
WARNING: [Board 49-26] cannot add Board Part xilinx.com:zcu670:part0:2.0 available at C:/Xilinx/Vivado/2022.2/data/xhub/boards/XilinxBoardStore/boards/Xilinx/zcu670/2.0/board.xml as part xczu67dr-fsve1156-2-i specified in board_part file is either invalid or not available
WARNING: [Board 49-26] cannot add Board Part xilinx.com:zcu670ld:part0:1.0 available at C:/Xilinx/Vivado/2022.2/data/xhub/boards/XilinxBoardStore/boards/Xilinx/zcu670ld/1.0/board.xml as part xczu57dr-fsve1156-2-i specified in board_part file is either invalid or not available
INFO: [IP_Flow 19-234] Refreshing IP repositories
INFO: [IP_Flow 19-1700] Loaded user IP repository 'c:/Users/curti/OneDrive/Documents/UIUC/ECE-385/Vivado_Projects/ip_repo/hdmi_text_controller_1_0'.
WARNING: [IP_Flow 19-2207] Repository 'c:/Users/curti/OneDrive/Documents/UIUC/ECE-385/Vivado_Projects/ip_repo/hdmi_text_controller_1_0' already exists; ignoring attempt to add it again.
INFO: [IP_Flow 19-1700] Loaded user IP repository 'c:/Users/curti/OneDrive/Documents/UIUC/ECE-385/Vivado_Projects/ip_repo/hdmi_text_controller_1_0'.
INFO: [IP_Flow 19-1700] Loaded user IP repository 'c:/Users/curti/OneDrive/Documents/UIUC/ECE-385/Vivado_Projects/lab7_1/lab7_1_provided_fa24/hdmi_tx_1.0'.
INFO: [IP_Flow 19-795] Syncing license key meta-data
update_compile_order -fileset sources_1
create_ip -name clk_wiz -vendor xilinx.com -library ip -version 6.0 -module_name clk_wiz_0 -dir c:/Users/curti/OneDrive/Documents/UIUC/ECE-385/Vivado_Projects/ip_repo/hdmi_text_controller_1_0/src
set_property -dict [list \
  CONFIG.CLKOUT1_JITTER {175.402} \
  CONFIG.CLKOUT1_PHASE_ERROR {98.575} \
  CONFIG.CLKOUT1_REQUESTED_OUT_FREQ {25} \
  CONFIG.CLKOUT2_JITTER {125.247} \
  CONFIG.CLKOUT2_PHASE_ERROR {98.575} \
  CONFIG.CLKOUT2_REQUESTED_OUT_FREQ {125} \
  CONFIG.CLKOUT2_USED {true} \
  CONFIG.MMCM_CLKFBOUT_MULT_F {10.000} \
  CONFIG.MMCM_CLKOUT0_DIVIDE_F {40.000} \
  CONFIG.MMCM_CLKOUT1_DIVIDE {8} \
  CONFIG.NUM_OUT_CLKS {2} \
] [get_ips clk_wiz_0]
generate_target {instantiation_template} [get_files c:/Users/curti/OneDrive/Documents/UIUC/ECE-385/Vivado_Projects/ip_repo/hdmi_text_controller_1_0/src/clk_wiz_0_1/clk_wiz_0.xci]
INFO: [IP_Flow 19-1686] Generating 'Instantiation Template' target for IP 'clk_wiz_0'...
generate_target all [get_files  c:/Users/curti/OneDrive/Documents/UIUC/ECE-385/Vivado_Projects/ip_repo/hdmi_text_controller_1_0/src/clk_wiz_0_1/clk_wiz_0.xci]
INFO: [IP_Flow 19-1686] Generating 'Synthesis' target for IP 'clk_wiz_0'...
INFO: [IP_Flow 19-1686] Generating 'Simulation' target for IP 'clk_wiz_0'...
INFO: [IP_Flow 19-1686] Generating 'Implementation' target for IP 'clk_wiz_0'...
INFO: [IP_Flow 19-1686] Generating 'Change Log' target for IP 'clk_wiz_0'...
catch { config_ip_cache -export [get_ips -all clk_wiz_0] }
INFO: [IP_Flow 19-6924] IPCACHE: Running cache check for IP inst: clk_wiz_0
export_ip_user_files -of_objects [get_files c:/Users/curti/OneDrive/Documents/UIUC/ECE-385/Vivado_Projects/ip_repo/hdmi_text_controller_1_0/src/clk_wiz_0_1/clk_wiz_0.xci] -no_script -sync -force -quiet
create_ip_run [get_files -of_objects [get_fileset sources_1] c:/Users/curti/OneDrive/Documents/UIUC/ECE-385/Vivado_Projects/ip_repo/hdmi_text_controller_1_0/src/clk_wiz_0_1/clk_wiz_0.xci]
launch_runs clk_wiz_0_synth_1 -jobs 10
INFO: [IP_Flow 19-6924] IPCACHE: Running cache check for IP inst: clk_wiz_0
[Fri Nov  1 00:11:46 2024] Launched clk_wiz_0_synth_1...
Run output will be captured here: c:/users/curti/onedrive/documents/uiuc/ece-385/vivado_projects/lab7_1/lab7_1.tmp/hdmi_text_controller_v1_0_project/hdmi_text_controller_v1_0_project.runs/clk_wiz_0_synth_1/runme.log
export_simulation -of_objects [get_files c:/Users/curti/OneDrive/Documents/UIUC/ECE-385/Vivado_Projects/ip_repo/hdmi_text_controller_1_0/src/clk_wiz_0_1/clk_wiz_0.xci] -directory c:/users/curti/onedrive/documents/uiuc/ece-385/vivado_projects/lab7_1/lab7_1.tmp/hdmi_text_controller_v1_0_project/hdmi_text_controller_v1_0_project.ip_user_files/sim_scripts -ip_user_files_dir c:/users/curti/onedrive/documents/uiuc/ece-385/vivado_projects/lab7_1/lab7_1.tmp/hdmi_text_controller_v1_0_project/hdmi_text_controller_v1_0_project.ip_user_files -ipstatic_source_dir c:/users/curti/onedrive/documents/uiuc/ece-385/vivado_projects/lab7_1/lab7_1.tmp/hdmi_text_controller_v1_0_project/hdmi_text_controller_v1_0_project.ip_user_files/ipstatic -lib_map_path [list {modelsim=c:/users/curti/onedrive/documents/uiuc/ece-385/vivado_projects/lab7_1/lab7_1.tmp/hdmi_text_controller_v1_0_project/hdmi_text_controller_v1_0_project.cache/compile_simlib/modelsim} {questa=c:/users/curti/onedrive/documents/uiuc/ece-385/vivado_projects/lab7_1/lab7_1.tmp/hdmi_text_controller_v1_0_project/hdmi_text_controller_v1_0_project.cache/compile_simlib/questa} {riviera=c:/users/curti/onedrive/documents/uiuc/ece-385/vivado_projects/lab7_1/lab7_1.tmp/hdmi_text_controller_v1_0_project/hdmi_text_controller_v1_0_project.cache/compile_simlib/riviera} {activehdl=c:/users/curti/onedrive/documents/uiuc/ece-385/vivado_projects/lab7_1/lab7_1.tmp/hdmi_text_controller_v1_0_project/hdmi_text_controller_v1_0_project.cache/compile_simlib/activehdl}] -use_ip_compiled_libs -force -quiet
create_ip -name hdmi_tx -vendor realdigital.org -library realdigital -version 1.0 -module_name hdmi_tx_0 -dir c:/Users/curti/OneDrive/Documents/UIUC/ECE-385/Vivado_Projects/ip_repo/hdmi_text_controller_1_0/src
set_property -dict [list \
  CONFIG.C_BLUE_WIDTH {4} \
  CONFIG.C_GREEN_WIDTH {4} \
  CONFIG.C_RED_WIDTH {4} \
  CONFIG.MODE {HDMI} \
] [get_ips hdmi_tx_0]
generate_target {instantiation_template} [get_files c:/Users/curti/OneDrive/Documents/UIUC/ECE-385/Vivado_Projects/ip_repo/hdmi_text_controller_1_0/src/hdmi_tx_0_1/hdmi_tx_0.xci]
INFO: [IP_Flow 19-1686] Generating 'Instantiation Template' target for IP 'hdmi_tx_0'...
generate_target all [get_files  c:/Users/curti/OneDrive/Documents/UIUC/ECE-385/Vivado_Projects/ip_repo/hdmi_text_controller_1_0/src/hdmi_tx_0_1/hdmi_tx_0.xci]
INFO: [IP_Flow 19-1686] Generating 'Synthesis' target for IP 'hdmi_tx_0'...
INFO: [IP_Flow 19-1686] Generating 'Simulation' target for IP 'hdmi_tx_0'...
catch { config_ip_cache -export [get_ips -all hdmi_tx_0] }
INFO: [IP_Flow 19-6924] IPCACHE: Running cache check for IP inst: hdmi_tx_0
export_ip_user_files -of_objects [get_files c:/Users/curti/OneDrive/Documents/UIUC/ECE-385/Vivado_Projects/ip_repo/hdmi_text_controller_1_0/src/hdmi_tx_0_1/hdmi_tx_0.xci] -no_script -sync -force -quiet
create_ip_run [get_files -of_objects [get_fileset sources_1] c:/Users/curti/OneDrive/Documents/UIUC/ECE-385/Vivado_Projects/ip_repo/hdmi_text_controller_1_0/src/hdmi_tx_0_1/hdmi_tx_0.xci]
launch_runs hdmi_tx_0_synth_1 -jobs 10
INFO: [IP_Flow 19-6924] IPCACHE: Running cache check for IP inst: hdmi_tx_0
[Fri Nov  1 00:12:02 2024] Launched hdmi_tx_0_synth_1...
Run output will be captured here: c:/users/curti/onedrive/documents/uiuc/ece-385/vivado_projects/lab7_1/lab7_1.tmp/hdmi_text_controller_v1_0_project/hdmi_text_controller_v1_0_project.runs/hdmi_tx_0_synth_1/runme.log
export_simulation -of_objects [get_files c:/Users/curti/OneDrive/Documents/UIUC/ECE-385/Vivado_Projects/ip_repo/hdmi_text_controller_1_0/src/hdmi_tx_0_1/hdmi_tx_0.xci] -directory c:/users/curti/onedrive/documents/uiuc/ece-385/vivado_projects/lab7_1/lab7_1.tmp/hdmi_text_controller_v1_0_project/hdmi_text_controller_v1_0_project.ip_user_files/sim_scripts -ip_user_files_dir c:/users/curti/onedrive/documents/uiuc/ece-385/vivado_projects/lab7_1/lab7_1.tmp/hdmi_text_controller_v1_0_project/hdmi_text_controller_v1_0_project.ip_user_files -ipstatic_source_dir c:/users/curti/onedrive/documents/uiuc/ece-385/vivado_projects/lab7_1/lab7_1.tmp/hdmi_text_controller_v1_0_project/hdmi_text_controller_v1_0_project.ip_user_files/ipstatic -lib_map_path [list {modelsim=c:/users/curti/onedrive/documents/uiuc/ece-385/vivado_projects/lab7_1/lab7_1.tmp/hdmi_text_controller_v1_0_project/hdmi_text_controller_v1_0_project.cache/compile_simlib/modelsim} {questa=c:/users/curti/onedrive/documents/uiuc/ece-385/vivado_projects/lab7_1/lab7_1.tmp/hdmi_text_controller_v1_0_project/hdmi_text_controller_v1_0_project.cache/compile_simlib/questa} {riviera=c:/users/curti/onedrive/documents/uiuc/ece-385/vivado_projects/lab7_1/lab7_1.tmp/hdmi_text_controller_v1_0_project/hdmi_text_controller_v1_0_project.cache/compile_simlib/riviera} {activehdl=c:/users/curti/onedrive/documents/uiuc/ece-385/vivado_projects/lab7_1/lab7_1.tmp/hdmi_text_controller_v1_0_project/hdmi_text_controller_v1_0_project.cache/compile_simlib/activehdl}] -use_ip_compiled_libs -force -quiet
set_property core_revision 3 [ipx::current_core]
ipx::update_source_project_archive -component [ipx::current_core]
ipx::create_xgui_files [ipx::current_core]
ipx::update_checksums [ipx::current_core]
ipx::check_integrity [ipx::current_core]
WARNING: [IP_Flow 19-5905] All packaged files should be located below the IP definition file (xml)
WARNING: [IP_Flow 19-5905] All packaged files should be located below the IP definition file (xml)
WARNING: [IP_Flow 19-5905] All packaged files should be located below the IP definition file (xml)
WARNING: [IP_Flow 19-5905] All packaged files should be located below the IP definition file (xml)
WARNING: [IP_Flow 19-5905] All packaged files should be located below the IP definition file (xml)
WARNING: [IP_Flow 19-5905] All packaged files should be located below the IP definition file (xml)
WARNING: [IP_Flow 19-5661] Bus Interface 'hdmi_clk_n' does not have any bus interfaces associated with it.
WARNING: [IP_Flow 19-4751] Bus Interface 'hdmi_clk_n': FREQ_HZ bus parameter is missing for output clock interface.
WARNING: [IP_Flow 19-5661] Bus Interface 'hdmi_clk_p' does not have any bus interfaces associated with it.
WARNING: [IP_Flow 19-4751] Bus Interface 'hdmi_clk_p': FREQ_HZ bus parameter is missing for output clock interface.
WARNING: [IP_Flow 19-1965] Bus Interface 'HDMI': A port map to the required logical port "DDC_SCL_I" of the bus abstraction "xilinx.com:interface:hdmi_rtl:2.0" is missing.
WARNING: [IP_Flow 19-1965] Bus Interface 'HDMI': A port map to the required logical port "DDC_SCL_O" of the bus abstraction "xilinx.com:interface:hdmi_rtl:2.0" is missing.
WARNING: [IP_Flow 19-1965] Bus Interface 'HDMI': A port map to the required logical port "DDC_SCL_T" of the bus abstraction "xilinx.com:interface:hdmi_rtl:2.0" is missing.
WARNING: [IP_Flow 19-1965] Bus Interface 'HDMI': A port map to the required logical port "DDC_SDA_I" of the bus abstraction "xilinx.com:interface:hdmi_rtl:2.0" is missing.
WARNING: [IP_Flow 19-1965] Bus Interface 'HDMI': A port map to the required logical port "DDC_SDA_O" of the bus abstraction "xilinx.com:interface:hdmi_rtl:2.0" is missing.
WARNING: [IP_Flow 19-1965] Bus Interface 'HDMI': A port map to the required logical port "DDC_SDA_T" of the bus abstraction "xilinx.com:interface:hdmi_rtl:2.0" is missing.
WARNING: [IP_Flow 19-1965] Bus Interface 'HDMI': A port map to the required logical port "CABLE_CONNECT" of the bus abstraction "xilinx.com:interface:hdmi_rtl:2.0" is missing.
WARNING: [IP_Flow 19-1965] Bus Interface 'HDMI': A port map to the required logical port "HPD" of the bus abstraction "xilinx.com:interface:hdmi_rtl:2.0" is missing.
INFO: [IP_Flow 19-2181] Payment Required is not set for this core.
INFO: [IP_Flow 19-2187] The Product Guide file is missing.
INFO: [Ipptcl 7-1486] check_integrity: Integrity check passed.
ipx::save_core [ipx::current_core]
ipx::move_temp_component_back -component [ipx::current_core]
close_project -delete
ERROR: [Project 1-161] Failed to remove the directory 'c:/users/curti/onedrive/documents/uiuc/ece-385/vivado_projects/lab7_1/lab7_1.tmp/hdmi_text_controller_v1_0_project/hdmi_text_controller_v1_0_project.runs'. The directory might be in use by some other process.
update_ip_catalog -rebuild -scan_changes
INFO: [IP_Flow 19-234] Refreshing IP repositories
INFO: [IP_Flow 19-1700] Loaded user IP repository 'c:/Users/curti/OneDrive/Documents/UIUC/ECE-385/Vivado_Projects/ip_repo/hdmi_text_controller_1_0'.
WARNING: [IP_Flow 19-2207] Repository 'c:/Users/curti/OneDrive/Documents/UIUC/ECE-385/Vivado_Projects/ip_repo/hdmi_text_controller_1_0' already exists; ignoring attempt to add it again.
INFO: [IP_Flow 19-1700] Loaded user IP repository 'c:/Users/curti/OneDrive/Documents/UIUC/ECE-385/Vivado_Projects/ip_repo/hdmi_text_controller_1_0'.
INFO: [IP_Flow 19-1700] Loaded user IP repository 'c:/Users/curti/OneDrive/Documents/UIUC/ECE-385/Vivado_Projects/lab7_1/lab7_1_provided_fa24/hdmi_tx_1.0'.
report_ip_status -name ip_status
upgrade_ip -vlnv xilinx.com:user:hdmi_text_controller:1.0 [get_ips  design_1_hdmi_text_controller_0_1] -log ip_upgrade.log
Upgrading 'C:/Users/curti/OneDrive/Documents/UIUC/ECE-385/Vivado_Projects/lab7_1/lab7_1.srcs/sources_1/bd/design_1/design_1.bd'
INFO: [IP_Flow 19-3422] Upgraded design_1_hdmi_text_controller_0_1 (hdmi_text_controller_v1.0 1.0) from revision 2 to revision 3
Wrote  : <C:\Users\curti\OneDrive\Documents\UIUC\ECE-385\Vivado_Projects\lab7_1\lab7_1.srcs\sources_1\bd\design_1\design_1.bd> 
INFO: [Coretcl 2-1525] Wrote upgrade log to 'C:/Users/curti/OneDrive/Documents/UIUC/ECE-385/Vivado_Projects/lab7_1/ip_upgrade.log'.
export_ip_user_files -of_objects [get_ips design_1_hdmi_text_controller_0_1] -no_script -sync -force -quiet
generate_target all [get_files  C:/Users/curti/OneDrive/Documents/UIUC/ECE-385/Vivado_Projects/lab7_1/lab7_1.srcs/sources_1/bd/design_1/design_1.bd]
WARNING: [filemgmt 56-443] The ECC Algorithm string is empty. Setting the Memory Map to default ECC value to ECC_NONE.
WARNING: [filemgmt 56-443] The ECC Algorithm string is empty. Setting the Memory Map to default ECC value to ECC_NONE.
INFO: [xilinx.com:ip:axi_intc:4.1-1] /microblaze_0_axi_intc: The AXI INTC core has been configured to operate with synchronous clocks.
INFO: [xilinx.com:ip:clk_wiz:6.0-1] /clk_wiz_1 clk_wiz propagate
Wrote  : <C:\Users\curti\OneDrive\Documents\UIUC\ECE-385\Vivado_Projects\lab7_1\lab7_1.srcs\sources_1\bd\design_1\design_1.bd> 
Verilog Output written to : c:/Users/curti/OneDrive/Documents/UIUC/ECE-385/Vivado_Projects/lab7_1/lab7_1.gen/sources_1/bd/design_1/synth/design_1.v
Verilog Output written to : c:/Users/curti/OneDrive/Documents/UIUC/ECE-385/Vivado_Projects/lab7_1/lab7_1.gen/sources_1/bd/design_1/sim/design_1.v
Verilog Output written to : c:/Users/curti/OneDrive/Documents/UIUC/ECE-385/Vivado_Projects/lab7_1/lab7_1.gen/sources_1/bd/design_1/hdl/design_1_wrapper.v
INFO: [BD 41-1029] Generation completed for the IP Integrator block hdmi_text_controller_0 .
Exporting to file c:/Users/curti/OneDrive/Documents/UIUC/ECE-385/Vivado_Projects/lab7_1/lab7_1.gen/sources_1/bd/design_1/hw_handoff/design_1.hwh
Generated Hardware Definition File c:/Users/curti/OneDrive/Documents/UIUC/ECE-385/Vivado_Projects/lab7_1/lab7_1.gen/sources_1/bd/design_1/synth/design_1.hwdef
generate_target: Time (s): cpu = 00:00:02 ; elapsed = 00:00:08 . Memory (MB): peak = 2302.980 ; gain = 0.000
catch { config_ip_cache -export [get_ips -all design_1_hdmi_text_controller_0_1] }
INFO: [IP_Flow 19-6924] IPCACHE: Running cache check for IP inst: design_1_hdmi_text_controller_0_1
export_ip_user_files -of_objects [get_files C:/Users/curti/OneDrive/Documents/UIUC/ECE-385/Vivado_Projects/lab7_1/lab7_1.srcs/sources_1/bd/design_1/design_1.bd] -no_script -sync -force -quiet
create_ip_run [get_files -of_objects [get_fileset sources_1] C:/Users/curti/OneDrive/Documents/UIUC/ECE-385/Vivado_Projects/lab7_1/lab7_1.srcs/sources_1/bd/design_1/design_1.bd]
launch_runs design_1_hdmi_text_controller_0_1_synth_1 -jobs 10
INFO: [IP_Flow 19-6924] IPCACHE: Running cache check for IP inst: design_1_hdmi_text_controller_0_1
[Fri Nov  1 00:12:44 2024] Launched design_1_hdmi_text_controller_0_1_synth_1...
Run output will be captured here: C:/Users/curti/OneDrive/Documents/UIUC/ECE-385/Vivado_Projects/lab7_1/lab7_1.runs/design_1_hdmi_text_controller_0_1_synth_1/runme.log
export_simulation -of_objects [get_files C:/Users/curti/OneDrive/Documents/UIUC/ECE-385/Vivado_Projects/lab7_1/lab7_1.srcs/sources_1/bd/design_1/design_1.bd] -directory C:/Users/curti/OneDrive/Documents/UIUC/ECE-385/Vivado_Projects/lab7_1/lab7_1.ip_user_files/sim_scripts -ip_user_files_dir C:/Users/curti/OneDrive/Documents/UIUC/ECE-385/Vivado_Projects/lab7_1/lab7_1.ip_user_files -ipstatic_source_dir C:/Users/curti/OneDrive/Documents/UIUC/ECE-385/Vivado_Projects/lab7_1/lab7_1.ip_user_files/ipstatic -lib_map_path [list {modelsim=C:/Users/curti/OneDrive/Documents/UIUC/ECE-385/Vivado_Projects/lab7_1/lab7_1.cache/compile_simlib/modelsim} {questa=C:/Users/curti/OneDrive/Documents/UIUC/ECE-385/Vivado_Projects/lab7_1/lab7_1.cache/compile_simlib/questa} {riviera=C:/Users/curti/OneDrive/Documents/UIUC/ECE-385/Vivado_Projects/lab7_1/lab7_1.cache/compile_simlib/riviera} {activehdl=C:/Users/curti/OneDrive/Documents/UIUC/ECE-385/Vivado_Projects/lab7_1/lab7_1.cache/compile_simlib/activehdl}] -use_ip_compiled_libs -force -quiet
export_ip_user_files -of_objects  [get_files c:/Users/curti/OneDrive/Documents/UIUC/ECE-385/Vivado_Projects/lab7_1/lab7_1.srcs/sources_1/ip/clk_wiz_0_1/clk_wiz_0.xci] -no_script -reset -force -quiet
remove_files  c:/Users/curti/OneDrive/Documents/UIUC/ECE-385/Vivado_Projects/lab7_1/lab7_1.srcs/sources_1/ip/clk_wiz_0_1/clk_wiz_0.xci
export_ip_user_files -of_objects  [get_files c:/Users/curti/OneDrive/Documents/UIUC/ECE-385/Vivado_Projects/lab7_1/lab7_1.srcs/sources_1/ip/hdmi_tx_0_1/hdmi_tx_0.xci] -no_script -reset -force -quiet
remove_files  c:/Users/curti/OneDrive/Documents/UIUC/ECE-385/Vivado_Projects/lab7_1/lab7_1.srcs/sources_1/ip/hdmi_tx_0_1/hdmi_tx_0.xci
remove_files  c:/Users/curti/OneDrive/Documents/UIUC/ECE-385/Vivado_Projects/lab7_1/lab7_1.srcs/sources_1/ip/clk_wiz_0_1/clk_wiz_0.xci
WARNING: [Vivado 12-818] No files matched 'c:/Users/curti/OneDrive/Documents/UIUC/ECE-385/Vivado_Projects/lab7_1/lab7_1.srcs/sources_1/ip/clk_wiz_0_1/clk_wiz_0.xci'
remove_files  c:/Users/curti/OneDrive/Documents/UIUC/ECE-385/Vivado_Projects/lab7_1/lab7_1.srcs/sources_1/ip/hdmi_tx_0_1/hdmi_tx_0.xci
WARNING: [Vivado 12-818] No files matched 'c:/Users/curti/OneDrive/Documents/UIUC/ECE-385/Vivado_Projects/lab7_1/lab7_1.srcs/sources_1/ip/hdmi_tx_0_1/hdmi_tx_0.xci'
report_ip_status -name ip_status 
exit
INFO: [Common 17-206] Exiting Vivado at Fri Nov  1 00:14:23 2024...
